"Date","Year","Quarter","FY","QFY","Month","I_BOU_CBR","I_BOU_RR","I_BOU_BTB","I_TBILL_DF_35","I_TBILL_AY_35","I_TBILL_DF_63","I_TBILL_AY_63","I_TBILL_DF_91","I_TBILL_AY_91","I_TBILL_DF_182","I_TBILL_AY_182","I_TBILL_DF_273","I_TBILL_AY_273","I_TBILL_DF_364","I_TBILL_AY_364","I_BA_UGX_D","I_BA_FC_D","I_BA_UGX_DD","I_BA_FC_DD","I_BA_UGX_SD","I_BA_FC_SD","I_BA_UGX_TD3","I_BA_UGX_TD7","I_BA_FC_TFD","I_BA_UGX_L","I_BA_FC_L","I_IBR_ONI","I_IBR_7DAY","I_IBR_OVA"
1983-01-01,1983,"Q1","1982/83","Q3","January",,12.5,13.5,10,10,11,11,12,12,,,,,,,,,,,11,,,,,16,,,,
1983-07-01,1983,"Q3","1983/84","Q1","July",,14.5,15.5,12,12,11,11,14,14,,,,,,,,,,,11,,,,,16,,,,
1983-12-01,1983,"Q4","1983/84","Q2","December",,14.5,15.5,12,12,13,13,14,14,,,,,,,,,,,13,,,,,18,,,,
1984-01-01,1984,"Q1","1983/84","Q3","January",,14.5,15.5,12,12,13,13,14,14,,,,,,,,,,,13,,,,,18,,,,
1984-07-01,1984,"Q3","1984/85","Q1","July",,23,24,20,20,21,21,22,22,,,,,,,,,,,18,,20,,,24,,,,
1984-12-01,1984,"Q4","1984/85","Q2","December",,23,24,20,20,21,21,22,22,,,,,,,,,,,18,,20,,,24,,,,
1985-01-01,1985,"Q1","1984/85","Q3","January",,23,24,20,20,21,21,22,22,,,,,,,,,,,18,,,,,24,,,,
1985-07-01,1985,"Q3","1985/86","Q1","July",,23,24,20,20,21,21,22,22,,,,,,,,,,,18,,20,,,24,,,,
1985-12-01,1985,"Q4","1985/86","Q2","December",,23,24,20,20,21,21,22,22,,,,,,,,,,,18,,20,,,24,,,,
1986-01-01,1986,"Q1","1985/86","Q3","January",,23,24,20,20,21,21,22,22,,,,,,,,,,,18,,20,,,24,,,,
1986-07-01,1986,"Q3","1986/87","Q1","July",,35,36,30,30,32,32,35,35,,,,,,,,,,,18,,25,,,38,,,,
1986-12-01,1986,"Q4","1986/87","Q2","December",,35,36,30,30,32,32,35,35,,,,,,,,,,,18,,25,,,38,,,,
1987-03-01,1987,"Q1","1986/87","Q3","March",,35,36,30,30,32,32,35,35,,,,,,,,,10,,28,,25,30,,38,,,,
1987-06-01,1987,"Q2","1986/87","Q4","June",,35,36,,,,,35,35,,,,,,,,,10,,28,,25,30,,38,,,,
1987-09-01,1987,"Q3","1987/88","Q1","September",,32,31,,,,,28,28,,,,,,,,,7,,18,,15,20,,,,,,
1987-12-01,1987,"Q4","1987/88","Q2","December",,32,31,,,,,28,28,,,,,,,,,7,,18,,15,20,,,,,,
1988-03-01,1988,"Q1","1987/88","Q3","March",,32,31,,,,,28,28,,,,,,,,,7,,18,,15,20,,,,,,
1988-06-01,1988,"Q2","1987/88","Q4","June",,32,31,,,,,28,28,,,,,,,,,7,,18,,15,20,,,,,,
1988-09-01,1988,"Q3","1988/89","Q1","September",,38,45,,,,,38,38,,,,,,,,,15,,28,,28,30,,,,,,
1988-12-01,1988,"Q4","1988/89","Q2","December",,38,45,,,,,38,38,,,,,,,,,15,,28,,28,30,,,,,,
1989-03-01,1989,"Q1","1988/89","Q3","March",,48,55,,,,,43,43,,,,,,,,,20,,33,,33,35,,,,,,
1989-06-01,1989,"Q2","1988/89","Q4","June",,48,55,,,,,43,43,,,,,,,,,20,,33,,33,35,,,,,,
1989-09-01,1989,"Q3","1989/90","Q1","September",,48,55,,,,,43,43,,,,,,,,,20,,33,,33,35,,,,,,
1989-12-01,1989,"Q4","1989/90","Q2","December",,48,55,,,,,43,43,,,,,,,,,20,,33,,33,35,,,,,,
1990-03-01,1990,"Q1","1989/90","Q3","March",,48,55,,,,,43,43,,,,,,,,,20,,33,,33,35,,,,,,
1990-06-01,1990,"Q2","1989/90","Q4","June",,48,55,,,,,43,43,,,,,,,,,20,,33,,33,35,,,,,,
1990-09-01,1990,"Q3","1990/91","Q1","September",,43,50,,,,,39,39,,,,,,,,,18,,30,,30,32,,36,,,,
1990-12-01,1990,"Q4","1990/91","Q2","December",,43,50,,,,,39,39,,,,,,,,,18,,30,,30,32,,36,,,,
1991-03-01,1991,"Q1","1990/91","Q3","March",,38,44,,,,,31,31,,,,,,,,,12,,28,,29,30,,32,,,,
1991-06-01,1991,"Q2","1990/91","Q4","June",,38,44,,,,,31,31,,,,,,,,,12,,28,,29,30,,32,,,,
1991-09-01,1991,"Q3","1991/92","Q1","September",,40,46,,,,,37,37,,,,,,,,,13,,32,,34,35,,37,,,,
1991-12-01,1991,"Q4","1991/92","Q2","December",,40,46,,,,,37,37,,,,,,,,,13,,32,,34,35,,37,,,,
1992-03-01,1992,"Q1","1991/92","Q3","March",,41,47,,,,,38,38,,,,,,,,,8,,33,,34,36,,38,,,,
1992-04-01,1992,"Q2","1991/92","Q4","April",,43,49,,,,,38,38,,,,,,,,,8,,35,,36,38,,40,,,,
1992-06-01,1992,"Q2","1991/92","Q4","June",,43,49,,,,,39.4,39.4,,,,,,,,,8,,35,,36,38,,40,,,,
1992-09-01,1992,"Q3","1992/93","Q1","September",,43,49,,,,,43.38,43.38,,,,,,,,,8,,34.38,,37.38,38.38,,40,,,,
1992-12-01,1992,"Q4","1992/93","Q2","December",,40,41,,,,,30.06,30.06,,,,,,,,,,,21.06,,24.06,25.06,,33.06,,,,
1993-01-01,1993,"Q1","1992/93","Q3","January",,40,41,,,,,19.13,19.13,22.6,22.6,,,,,,,,,10.13,,13,14.13,,22.13,,,,
1993-02-01,1993,"Q1","1992/93","Q3","February",,30,31,,,,,22.05,22.05,23.286,23.286,22.412,22.412,,,,,,,13.05,,16.05,17.05,,25.05,,,,
1993-03-01,1993,"Q1","1992/93","Q3","March",,25,26,,,,,22.86,22.86,29.823,29.823,29.401,29.401,,,,,,,13.86,,16.86,17.86,,25.86,,,,
1993-04-01,1993,"Q2","1992/93","Q4","April",,25,26,,,,,23.01,23.01,29.506,29.506,29,29,,,,,,,14.01,,17.01,18.01,,26.01,,,,
1993-05-01,1993,"Q2","1992/93","Q4","May",,25,26,,,,,21.8,21.8,30.8,30.8,29,29,,,,,,,12.8,,15.8,16.8,,24.8,,,,
1993-06-01,1993,"Q2","1992/93","Q4","June",,25,26,,,,,23.79,23.79,31.101,31.101,29,29,,,,,,,14.79,,17.79,18.79,,26.79,,,,
1993-07-01,1993,"Q3","1993/94","Q1","July",,25,26,,,,,23.25,23.25,30.956,30.956,29,29,,,,,,,14.25,,17.25,18.25,,26.25,,,,
1993-08-01,1993,"Q3","1993/94","Q1","August",,25,26,,,,,22.89,22.89,29.923,29.923,29,29,,,,,,,13.89,,16.89,17.89,,25.89,,,,
1993-09-01,1993,"Q3","1993/94","Q1","September",,23,24,,,,,22.803,22.803,26.63,26.63,30.751,30.751,,,,,,,13.52,,16.52,17.52,,25.52,,,,
1993-10-01,1993,"Q4","1993/94","Q2","October",,23,24,,,,,19.46,19.46,26.63,26.63,27.604,27.604,,,,,,,10.46,,13.46,14.46,,22.46,,,,
1993-11-01,1993,"Q4","1993/94","Q2","November",,23,24,,,,,17.05,17.05,21.236,21.236,22.034,22.034,,,,,,,8.06,,11.06,12.06,,20.06,,,,
1993-12-01,1993,"Q4","1993/94","Q2","December",,23,24,,,,,17.773,17.773,19.899,19.899,21.836,21.836,,,,,,,8.33,,11.33,12.33,,20.33,,,,
1994-01-01,1994,"Q1","1993/94","Q3","January",,23,24,,,,,19.244,19.244,18.603,18.603,21.153,21.153,,,,,,,10.24,,13.24,14.24,,22.24,,,,
1994-02-01,1994,"Q1","1993/94","Q3","February",,23,24,,,,,21.45,21.45,23.906,23.906,24.631,24.631,,,,,,,12.36,,15.36,16.36,,24.36,,,,
1994-03-01,1994,"Q1","1993/94","Q3","March",,23,24,,,,,21.846,21.846,24.385,24.385,24.657,24.657,,,,,,,13.03,,16.03,17.03,,25.03,,,,
1994-04-01,1994,"Q2","1993/94","Q4","April",,23,24,,,,,20.046,20.046,23.396,23.396,25.418,25.418,,,,,,,11.05,,14.05,15.05,,23.05,,,,
1994-05-01,1994,"Q2","1993/94","Q4","May",,23,24,,,,,14.18,14.18,18.2,18.2,21.2,21.2,,,,,,,5.18,,8.18,9.18,,17.2,,,,
1994-06-01,1994,"Q2","1993/94","Q4","June",,18.5,19.5,,,,,10.78,10.78,15.633,15.633,18.562,18.562,,,,,,,1.99,,4.99,5.99,,14,,,,
1994-07-01,1994,"Q3","1994/95","Q1","July",,16.5,17.5,,,,,9.27,9.27,10.465,10.465,12.811,12.811,,,,,,,4.1,,4.1,7.85,,20.49,,,,
1994-08-01,1994,"Q3","1994/95","Q1","August",,16.5,17.5,,,,,7.88,7.88,9.859,9.859,12.097,12.097,,,,,,,2.42,,2.42,7.23,,19.32,,,,
1994-09-01,1994,"Q3","1994/95","Q1","September",,16.5,17.5,,,,,6.81,6.81,10.665,10.665,14.616,14.616,,,,,,,2.97,,2.97,7.14,,19.66,,,,
1994-10-01,1994,"Q4","1994/95","Q2","October",,16.5,17.5,,,,,6.84,6.84,10.322,10.322,13.347,13.347,,,,,,,2.66,,,6.31,,19.22,,,,
1994-11-01,1994,"Q4","1994/95","Q2","November",,14,15,,,,,5.64,5.64,7.888,7.888,11.91,11.91,,,,,,,2.64,,,6.34,,22.02,,,,
1994-12-01,1994,"Q4","1994/95","Q2","December",,14,15,,,,,6.29,6.29,11.766,11.766,12.653,12.653,14.818,14.818,,,,,2.67,,,7.07,,22.25,,,,
1995-01-01,1995,"Q1","1994/95","Q3","January",,14,15,,,,,8.197,8.197,14.885,14.885,15.548,15.548,16.044,16.044,,,,,2.76,,,7.09,,22.01,,,,
1995-02-01,1995,"Q1","1994/95","Q3","February",,14,15,,,,,7.21,7.21,15.304,15.304,15.954,15.954,16.169,16.169,,,,,2.68,,,6.89,,21.78,,,,
1995-03-01,1995,"Q1","1994/95","Q3","March",,14,15,,,,,6.77,6.77,13.862,13.862,14.675,14.675,15.776,15.776,,,,,2.78,,,7.07,,21.71,,,,
1995-04-01,1995,"Q2","1994/95","Q4","April",,10.8,12,,,,,9.81,9.81,13.772,13.772,15.412,15.412,16.46,16.46,,,,,2.77,,,7.21,,21.7,,,,
1995-05-01,1995,"Q2","1994/95","Q4","May",,11.5,12,,,,,10.195,10.195,12.727,12.727,14.914,14.914,16.478,16.478,,,,,2.81,,,7.37,,20.07,,,,
1995-06-01,1995,"Q2","1994/95","Q4","June",,10.39,12,,,,,7.367,7.367,12.38,12.38,14.482,14.482,16.09,16.09,,,,,2.73,,,7.96,,19.53,,,,
1995-07-01,1995,"Q3","1995/96","Q1","July",,8.9,12,,,,,6.56,6.56,10.984,10.984,13.813,13.813,15.311,15.311,,,,,2.77,,,7.22,,19.54,,,,
1995-08-01,1995,"Q3","1995/96","Q1","August",,11.57,12,,,,,9.7,9.7,10.93,10.93,13.3,13.3,14.68,14.68,,,,,2.8,,,7.99,,19.25,,,,
1995-09-01,1995,"Q3","1995/96","Q1","September",,12.5,13,,,,,9.58,9.58,11.17,11.17,12.52,12.52,14.24,14.24,,,,,2.77,,,8.23,,19.32,,,,
1995-10-01,1995,"Q4","1995/96","Q2","October",,11.3,13,,,,,9.12,9.12,14.7,14.7,12.58,12.58,14.08,14.08,,,,,2.76,,,8.04,,19.12,,,,
1995-11-01,1995,"Q4","1995/96","Q2","November",,14,14.2,,,,,11.28,11.28,13.08,13.08,13.06,13.06,14.26,14.26,,,,,2.79,,,7.98,,19.02,,,,
1995-12-01,1995,"Q4","1995/96","Q2","December",,12,13.3,,,,,9.41,9.41,11.73,11.73,13.26,13.26,14,14,,,,,2.85,,,8.31,,18.9,,,,
1996-01-01,1996,"Q1","1995/96","Q3","January",,11.9,12.8,,,,,9.73,9.73,11.15,11.15,13.26,13.26,13.84,13.84,2.32925514924161,,0.349128438465396,,2.85914232810211,,,8.69093379034408,,19.3623397709793,,,,
1996-02-01,1996,"Q1","1995/96","Q3","February",,13,14,,,,,10.72,10.72,11.62,11.62,13.85,13.85,14.32,14.32,2.67489680492746,,0.790794915114243,,2.85914232810211,,,9.13226216087386,,19.4313675643355,,,,
1996-03-01,1996,"Q1","1995/96","Q3","March",,13.72,15.1,,,,,11.39,11.39,13.9,13.9,14.68,14.68,15.12,15.12,2.77491916793638,,0.941886527503983,,2.9235356921452,,,9.74938034188034,,19.2772744889061,,,,
1996-04-01,1996,"Q2","1995/96","Q4","April",,14.25,15.1,,,,,11.88,11.88,12.75,12.75,15.44,15.44,15.2,15.2,3.16340660961809,,0.957952183183544,,3.09235160587059,,,9.95600495007062,,19.9419677024338,,,,
1996-05-01,1996,"Q2","1995/96","Q4","May",,13.6,15.1,,,,,11.48,11.48,12.75,12.75,15.2,15.2,15.99,15.99,3.64049163972591,,0.954118019396767,,3.13775999827477,,,10.9298507857317,,20.2628862237741,,,,
1996-06-01,1996,"Q2","1995/96","Q4","June",,14.1,15.4,,,,,11.75,11.75,13.09,13.09,14.62,14.62,15.09,15.09,3.66898729669457,,1.03163231749705,,3.15670175438596,,,10.8089795137396,,20.774264198521,,,,
1996-07-01,1996,"Q3","1996/97","Q1","July",,14.4,16.2,,,,,12.239,12.239,12.877,12.877,14.567,14.567,14.929,14.929,3.95217056185216,,0.971059747348329,,3.33765064786668,,,11.4947199533256,,20.4638351847319,,,,
1996-08-01,1996,"Q3","1996/97","Q1","August",,13.79,15.15,,,,,11.454,11.454,12.667,12.667,14.502,14.502,14.367,14.367,3.91861631039227,,0.929196368654959,,3.29361004444061,,,11.3694843932322,,20.8071197652356,,,,
1996-09-01,1996,"Q3","1996/97","Q1","September",,14.02,15.53,,,,,11.667,11.667,13.262,13.262,14.024,14.024,13.64,13.64,4.07590933076064,,1.17897241859182,,3.27935918071925,,,11.4016982216735,,20.6283563125544,,,,
1996-10-01,1996,"Q4","1996/97","Q2","October",,15.43,15.55,,,,,12.835,12.835,14.183,14.183,14.565,14.565,13.537,13.537,4.18648566628256,,1.32783272414535,,3.38209339052863,,,11.4076403553484,,20.7711358262619,,,,
1996-11-01,1996,"Q4","1996/97","Q2","November",,15.9,16.13,,,,,13.435,13.435,14.261,14.261,14.103,14.103,14.398,14.398,4.19095468843915,,1.32448411221685,,3.38507892035247,,,11.2318711370003,,20.7016274992106,,,,
1996-12-01,1996,"Q4","1996/97","Q2","December",,14.84,15.85,,,,,12.12,12.12,14.279,14.279,14.62,14.62,15.342,15.342,4.13461474598248,,1.28941834512464,,3.39725552799618,,,11.2526278422272,,21.1690111519816,,,,
1997-01-01,1997,"Q1","1996/97","Q3","January",,15.3,15.58,,,,,12.875,12.875,14.113,14.113,14.962,14.962,14.939,14.939,4.08152220076163,,1.38910275560875,,3.38204254693996,,,11.184496734085,,21.1570962018343,,,,
1997-02-01,1997,"Q1","1996/97","Q3","February",,12.91,15.08,,,,,10.622,10.622,13.615,13.615,14.125,14.125,14.134,14.134,4.1726319411751,,1.20902026150245,,3.39709024390198,,,11.1183081333794,,21.2825480465597,,,,
1997-03-01,1997,"Q1","1996/97","Q3","March",,12.29,14.98,,,,,10.029,10.029,13.14,13.14,13.647,13.647,13.756,13.756,4.18824617883053,,1.17672431883148,,3.39457429444011,,,11.0588477657833,,21.3381619210638,,,,
1997-04-01,1997,"Q2","1996/97","Q4","April",,13.33,15.25,,,,,10.789,10.789,13.148,13.148,13.855,13.855,14.286,14.286,4.02436547500495,,1.04528665055268,,3.35442905889547,,,11.3038625507828,,21.4268082057798,,,,
1997-05-01,1997,"Q2","1996/97","Q4","May",,14.03,14.98,,,,,11.677,11.677,13.06,13.06,13.726,13.726,14.01,14.01,4.49356294948485,,1.11532130579208,,3.31400147151964,,,11.771151578906,,21.4417501457997,,,,
1997-06-01,1997,"Q2","1996/97","Q4","June",,12,15.1,,,,,9.756,9.756,12.829,12.829,13.704,13.704,14.383,14.383,4.52941562379975,,1.39285576712853,,3.32750126031476,,,11.9154805849318,,21.703939616709,,,,
1997-07-01,1997,"Q3","1997/98","Q1","July",,12.54,15.37,,,,,10.273,10.273,12.663,12.663,13.782,13.782,14.002,14.002,4.8200579734128,,1.30568119628918,,4.16498274202941,,,12.1723360959221,,21.9695540908061,,,,
1997-08-01,1997,"Q3","1997/98","Q1","August",,12.96,15.59,,,,,10.669,10.669,12.035,12.035,12.976,12.976,12.836,12.836,4.81336094878101,,1.18668976849678,,4.16845829309985,,,12.3201113567287,,21.9641346939721,,,,
1997-09-01,1997,"Q3","1997/98","Q1","September",,12.38,15.13,,,,,10.121,10.121,11.782,11.782,12.709,12.709,12.828,12.828,4.95599744864698,,1.2597572608476,,4.18434601452567,,,12.2383051636201,,21.0762689869592,,,,
1997-10-01,1997,"Q4","1997/98","Q2","October",,12.17,14.58,,,,,9.922,9.922,11.606,11.606,12.891,12.891,13.11,13.11,5.21006934575134,,1.39978994867526,,4.18833509781077,,,12.028883257383,,20.9765685055852,,,,
1997-11-01,1997,"Q4","1997/98","Q2","November",,12.26,15.42,,,,,10.003,10.003,11.359,11.359,12.516,12.516,12.905,12.905,5.31805378667978,,1.346050916488,,4.26348345533249,,,12.3237151544709,,20.9435329959064,,,,
1997-12-01,1997,"Q4","1997/98","Q2","December",,12.24,14.08,,,,,10.338,10.338,11.365,11.365,12.371,12.371,12.688,12.688,5.41609791027755,,1.85915264891611,,4.25907173764466,,,12.2974204651636,,21.1660325349715,,,,
1998-01-01,1998,"Q1","1997/98","Q3","January",,11.49,15.07,,,,,9.355,9.355,11.114,11.114,12.234,12.234,12.733,12.733,5.37307547428524,,1.74284144058141,,4.22635446836377,,,12.4179787135542,,21.3604318281625,,,,
1998-02-01,1998,"Q1","1997/98","Q3","February",,11.59,12,,,,,9.369,9.369,10.862,10.862,12,12,12.475,12.475,5.34594370526329,,1.77892817691994,,4.22168214902881,,,12.3274491500731,,21.3270474704553,,,,
1998-03-01,1998,"Q1","1997/98","Q3","March",,11.88,14.78,,,,,9.64,9.64,10.713,10.713,11.695,11.695,12.193,12.193,5.39989073579907,,1.73535102564799,,4.26664901694608,,,12.0987639860454,,21.2547452968576,,,,
1998-04-01,1998,"Q2","1997/98","Q4","April",,10.82,15,,,,,8.675,8.675,10.476,10.476,11.1,11.1,11.747,11.747,5.37454543916939,,1.81147050271962,,4.22083258860653,,,12.0335403374719,,21.5142558993547,,,,
1998-05-01,1998,"Q2","1997/98","Q4","May",,9.76,16.55,,,,,7.613,7.613,9.966,9.966,9.907,9.907,11.073,11.073,5.59216814277235,,1.75578021844545,,4.22313911070899,,,11.5633824738988,,21.4074607143504,,,,
1998-06-01,1998,"Q2","1997/98","Q4","June",,10.07,14.58,,,,,6.949,6.949,9.342,9.342,9.429,9.429,10.534,10.534,5.2943033,,1.6171636,,4.2247249,,,12.3081316,,21.4775597,,,,
1998-07-01,1998,"Q3","1998/99","Q1","July",,9.78,15.58,,,,,6.679,6.679,8.698,8.698,9.111,9.111,10.293,10.293,4.8596314,,1.3154491,,4.1839762,,,12.3375844,,21.3123029,,,,
1998-08-01,1998,"Q3","1998/99","Q1","August",,9.26,15.61,,,,,6.166,6.166,7.535,7.535,8.313,8.313,8.678,8.678,6.3127185,,2.7656885,,4.1488126,,,10.8580501,,20.0165576,,,,
1998-09-01,1998,"Q3","1998/99","Q1","September",,12.02,12.97,,,,,8.329,8.329,7.722,7.722,8.219,8.219,9.337,9.337,6.004,,2.422,,3.845,,,9.946,,19.333,,,,
1998-10-01,1998,"Q4","1998/99","Q2","October",,10.45,12.7,,,,,7.311,7.311,6.902,6.902,7.859,7.859,8.343,8.343,5.956,,3.216,,3.907,,,9.646,,20.36,,,,
1998-11-01,1998,"Q4","1998/99","Q2","November",,8.14,12.7,,,,,5.071,5.071,5.987,5.987,7.22,7.22,7.928,7.928,6.601,,3.695,,4.1,,,10.346,,20.74,,,,
1998-12-01,1998,"Q4","1998/99","Q2","December",,8.62,9.1,,,,,5.415,5.415,4.851,4.851,6.657,6.657,7.405,7.405,6.199,,3.166,,4.104,,,10.366,,20.24,,,,
1999-01-01,1999,"Q1","1998/99","Q3","January",,8.01,10.3,,,,,4.947,4.947,4.953,4.953,6.37,6.37,7.255,7.255,6.28,,3.58,,3.96,,,9.722,,20.72,,,,
1999-02-01,1999,"Q1","1998/99","Q3","February",,8.55,11.74,,,,,5.475,5.475,5.204,5.204,5.983,5.983,7.172,7.172,5.8,,3.41,,3.47,,,9.57,,20.75,,,,
1999-03-01,1999,"Q1","1998/99","Q3","March",,8.04,9.38,,,,,5.132,5.132,6.028,6.028,5.879,5.879,6.966,6.966,6.18,,1.7,,4.07,,,9.65,,24.11,,,,
1999-04-01,1999,"Q2","1998/99","Q4","April",,7.49,13.05,,,,,4.437,4.437,5.86,5.86,5.646,5.646,6.668,6.668,4.02,2.78111846512133,2.35,2.44127784389441,5.78,6.27695358554237,,8.07,5.32941881636172,21,12.6591577414934,,,
1999-05-01,1999,"Q2","1998/99","Q4","May",,12.77,13.84,,,,,8.563,8.563,10.591,10.591,11.417,11.417,11.801,11.801,3.89,2.73165006928109,2.37,2.35308638424798,5.1,3.98616047732322,,7.99,6.1976158900662,22.27,19.8682821351604,,,
1999-06-01,1999,"Q2","1998/99","Q4","June",,9.72,11.15,,,,,8.12,8.12,8.657,8.657,10.943,10.943,12.613,12.613,3.35,2.85485189097381,2.11,2.45274675735915,3.9,3.95,,9.28,6.62790252389311,22.96,22.2548807206967,,,
1999-07-01,1999,"Q3","1999/00","Q1","July",,9.83,10.15,,,,,7.673,7.673,7.888,7.888,8.884,8.884,10.557,10.557,3.55,2.75417168668343,2.01,2.34749040631879,3.9,3.95,,8.72,6.56720269422055,22.87,16.3673729786563,,,
1999-08-01,1999,"Q3","1999/00","Q1","August",,7.71,11.5,,,,,5.63,5.63,6.334,6.334,6.842,6.842,7.653,7.653,3.13,2.63370024063241,2.04,2.30234768859842,3.72,3.95,,7.88,6.10387314244942,21.2,16.177930675458,,,
1999-09-01,1999,"Q3","1999/00","Q1","September",,14.52,14.75,,,,,8.445,8.445,8.94,8.94,9.486,9.486,11.161,11.161,3.03,2.67857753326834,2.16,2.39877939304614,3.29,3.95,,7.42,7.25995106833125,20.18,14.5354655425363,,,
1999-10-01,1999,"Q4","1999/00","Q2","October",,16.64,17.38,,,,,11.30989,11.30989,9.76829,9.76829,11.31146,11.31146,12.21517,12.21517,3.43,2.68864166539621,2.7,0.323750839212782,3.41,3.95,,8.89,6.04193124517145,20.38,15.7185767469341,,,
1999-11-01,1999,"Q4","1999/00","Q2","November",,13.96,14,,,,,8.764783,8.764783,9.096808,9.096808,9.285097,9.285097,9.767515,9.767515,3.57,2.89760526329949,2.66,2.19873977807843,3.48,3.9584779033702,,8.02,6.37386756348924,22.68,13.5265078053001,,,
1999-12-01,1999,"Q4","1999/00","Q2","December",,16.12,15.75,,,,,10.802,10.802,9.393,9.393,8.949,8.949,9.078,9.078,3.5,2.51245278322179,2.56,2.08072829331744,3.34,3.96135239842042,,9.52,6.44917250607416,19.47,10.5888512529459,,,
2000-01-01,2000,"Q1","1999/00","Q3","January",,15.09,17.2,,,,,11.734,11.734,11.692,11.692,9.024,9.024,9.747,9.747,3.1,2.39033305678708,2.24,2.14442585542256,3.53,3.96383030706073,,9.26,7.1184180200343,21.51,13.508046453455,,,
2000-02-01,2000,"Q1","1999/00","Q3","February",,14.31,16,,,,,9.078,9.078,11.029,11.029,9.437,9.437,9.393,9.393,3.45,2.85501768766067,2.65,2.32654593755169,3.5,5.36065937820294,,8.48,6.36433019005409,21.76,13.3314711710384,,,
2000-03-01,2000,"Q1","1999/00","Q3","March",,14.88,15.73,,,,,8.83,8.83,9.695,9.695,10.064,10.064,9.76,9.76,3.71,3.14226352427506,2.75,2.68932957910602,3.6,5.36374085945699,,8.62,7.42342104627711,20.82,10.3058225029917,,,
2000-04-01,2000,"Q2","1999/00","Q4","April",,15.61,16.73,,,,,7.688,7.688,9.492,9.492,10.137,10.137,9.649,9.649,3.9,3.14852532018573,3.26,2.69875086280447,3.89,5.34201404209863,,9.3,6.85254977715208,21.2285,14.0401099917688,,,
2000-05-01,2000,"Q2","1999/00","Q4","May",,22.33,23.5,,,,,12.434,12.434,13.613,13.613,12.533,12.533,10.98,10.98,4.09,3.17865088763376,3.08,2.67595989761366,4.01,5.39347057908754,,9.67,6.96825007826091,23.3029,13.8098309208388,,,
2000-06-01,2000,"Q2","1999/00","Q4","June",,25.28,26.99,,,,,18.364,18.364,20.274,20.274,13.948,13.948,12.486,12.486,4.15,3.20830050543728,3.128,2.66729573867366,3.93898,5.36056109850269,,10.1727,5.24191572483539,21.9099,15.0548701774242,,,
2000-07-01,2000,"Q3","2000/01","Q1","July",,24.37,25.61,,,,,17.557,17.557,13.8265,13.8265,12.6375,12.6375,12.7685,12.7685,4.06266,3.41721677518271,3.1968,2.91259415071428,4.269,5.3169005231556,,8.82986,5.24124808594495,23.96719,13.5158545988748,,,
2000-08-01,2000,"Q3","2000/01","Q1","August",,22.09,24.11,,,,,15.319,15.319,18.733,18.733,19.431,19.431,18.138,18.138,4.69,3.16989185262213,3.83,2.8087238065872,4.42,6.03620322827969,,10.19,5.61393259455815,24.17,19.4382040738311,,,
2000-09-01,2000,"Q3","2000/01","Q1","September",,24.45,25.58,,,,,17.634,17.634,23.744,23.744,24.047,24.047,25.218,25.218,4.59,3.50916637747271,3.46,3.21812340043035,4.26,5.20523551338529,,11.19,5.84500553492661,24.03,14.4555297968472,,,
2000-10-01,2000,"Q4","2000/01","Q2","October",,17.9295760820692,18.9295760820692,,,,,15.301,15.301,21.458,21.458,23.023,23.023,23.871,23.871,4.69,3.16077651446635,3.83,2.76012638604697,4.45,5.19044419479902,,10.19,7.93175651416501,24.17,16.2876272849839,,,
2000-11-01,2000,"Q4","2000/01","Q2","November",,14.8020162717785,15.8020162717785,,,,,10.955,10.955,16.899,16.899,19.196,19.196,17.942,17.942,4.37,3.25026157699545,2.93,2.87500155401043,4.15,5.20940386797645,,11.01,5.37952476902091,23.02,14.6397008490531,,,
2000-12-01,2000,"Q4","2000/01","Q2","December",,17.86,18.86,,,,,13.396,13.396,14.951,14.951,22.371,22.371,22.665,22.665,4.29,3.16135969697624,2.99028412689424,2.88873946257557,4.42,4.02394477503627,,11.16,5.63711611311066,25.1491810068149,16.1773270274722,,,
2001-01-01,2001,"Q1","2000/01","Q3","January",,22.74,23.74,,,,,17.1208919135711,17.1208919135711,23.9887880732233,23.9887880732233,28.3270601928737,28.3270601928737,25.6008282524408,25.6008282524408,4.3,2.31862575248466,2.87034445622813,0.552863124084749,4.37,2.19098680692006,,13.5,8.28678941759054,25.4946861116676,14.1362986620179,,,
2001-02-01,2001,"Q1","2000/01","Q3","February",,23.32,24.32,,,,,20.2979520329691,20.2979520329691,25.1792762021837,25.1792762021837,26.4024223592796,26.4024223592796,21.5022950039377,21.5022950039377,4.9,2.40709671225274,2.57,2.02065769588696,4.94,3.97975213813252,,10.4,8.80848285496949,26.28,15.8354121353456,,,
2001-03-01,2001,"Q1","2000/01","Q3","March",,19.73,20.73,,,,,17.413,17.413,25.458,25.458,24.756,24.756,22.494,22.494,4.45,2.2311447008249,2.38,1.98084684009493,5.07,2.45899488493511,,13.37,6.13378799906767,25.55,14.2237523676026,,,
2001-04-01,2001,"Q2","2000/01","Q4","April",,12.23,13.23,,,,,9.96,9.96,13.04,13.04,14.402,14.402,14.985,14.985,3.5,2.24392286357632,2.12,1.88630389116156,4.06,1.02569556349213,,8.88,5.03998126320044,23.22,17.3709661609373,,,
2001-05-01,2001,"Q2","2000/01","Q4","May",,8.06,9.06,,,,,6.063,6.063,8.09,8.09,10.765,10.765,11.689,11.689,3.37,2.00227711124044,1.9,1.7828112743408,3.55,2.15578613670715,,8.31,5.55594623698474,23.59,13.9007658085198,,,
2001-06-01,2001,"Q2","2000/01","Q4","June",,8.07,9.07,,,,,5.97497248042291,5.97497248042291,9.1789285600269,9.1789285600269,10.2879947774489,10.2879947774489,10.5294873452572,10.5294873452572,3.17,1.91547644283977,1.77,1.73555245574499,3.49,2.17750691673763,,6.63,5.3911231949862,21.74,14.688503008581,,,
2001-07-01,2001,"Q3","2001/02","Q1","July",,10.06,11.06,,,,,7.89627864010991,7.89627864010989,11.7192362047848,11.7192362047848,13.7456245787546,13.7456245787546,14.7315212751177,14.7315212751177,3.09,1.79762006783441,1.3329099246281,1.51311160768924,3.14371248440777,2.18160417373018,,5.76,4.04899579215908,19.1354815251574,13.1276823795849,,,
2001-08-01,2001,"Q3","2001/02","Q1","August",,16.18,17.18,,,,,13.6453078985348,13.645,15.9871568096154,15.987,19.7744457834097,19.774,20.1404726503146,20.14,2.2,1.58301962819395,1.31594407703554,1.42573506916909,3.45376151649438,2.17316892612669,,7.13521701002096,3.01387807469286,21.0514004652557,14.9203157270607,,,
2001-09-01,2001,"Q3","2001/02","Q1","September",,14.42,15.42,,,,,12.0501144761233,12.0501144761233,14.094385711172,14.094385711172,15.6861783460452,15.6861783460452,15.5808838100931,15.5808838100931,2.27,1.54603528029686,1.30952368972075,1.36452297180164,3.53876670232621,2.18485872847634,,7.9,4.72509646895728,22.9709208487243,14.2124207390565,,,
2001-10-01,2001,"Q4","2001/02","Q2","October",,10.65,11.65,,,,,8.985,8.985,10.679,10.679,12.134,12.134,13.106,13.106,2.26,1.56809808576572,1.3,1.34261160468699,3.36,2.35383826505131,,7.58,4.62932743428234,21.39,14.8194503041566,,,
2001-11-01,2001,"Q4","2001/02","Q2","November",,8.99,9.99,,,,,6.867,6.867,8.577,8.577,10.11,10.11,11.302,11.302,2.26,1.53976540090433,1.28,1.34182483902164,3.57570198218876,2.27631154464568,,6.2,3.71687421213961,19.91,13.3718902498421,,,
2001-12-01,2001,"Q4","2001/02","Q2","December",,7.8,8.8,,,,,5.71436338684305,5.71436338684305,7.284,7.284,9.419,9.419,10.548,10.548,1.90993008505748,1.68590799860771,1.27,0.369412204887266,2.02839743925359,2.9972017572583,,6.07,3.71687421213961,21.5277323344924,11.1999265230864,,,
2002-01-01,2002,"Q1","2001/02","Q3","January",,6.85,7.85,,,,,4.898,4.898,6.389,6.389,8.756,8.756,9.597,9.597,1.77361696148904,1.79912141785476,1.35280423570584,0.36906002098569,1.13081524026595,2.96024355398087,,6.54887698543008,3.50893139914877,19.3538401217623,12.6319598883788,,,
2002-02-01,2002,"Q1","2001/02","Q3","February",,5.43,6.43,,,,,3.401,3.401,5.104,5.104,6.543,6.543,6.872,6.872,2.4736536292074,1.48915402340079,1.14906240812058,1.19696792593539,1.00005139363169,3.87257082144927,,6.96000122623626,4.60527264194786,21.4332444871875,11.4017899689839,,,
2002-03-01,2002,"Q1","2001/02","Q3","March",,4.99,5.99,,,,,2.96851817651099,2.96851817651099,4.293,4.293,5.566,5.566,5.619,5.619,2.73196814699996,1.13668872397322,1.12,1.112472315882,1.04333236032439,3.81615957988823,,5.77,3.24616117073516,20.2673826298313,11.6686822220195,,,
2002-04-01,2002,"Q2","2001/02","Q4","April",,6.75,7.74747710067351,,,,,4.69164094045106,4.69164094045106,6.105,6.105,7.925,7.925,8.246,8.246,2.75,2.16545346956572,1.11,1.50843404297303,1.97,3.8249529006238,,3.54,4.15902966825962,19.81,10.9451699693658,,,
2002-05-01,2002,"Q2","2001/02","Q4","May",,6.14,7.14,,,,,4.025,4.025,5.361,5.361,7.205,7.205,7.54,7.54,3.22,1.96247235899933,1.12,1.3540579711366,2.03,3.84096179665568,,3.95,4.40046017554448,18.02,10.8318334460864,,,
2002-06-01,2002,"Q2","2001/02","Q4","June",,7.33,8.33,,,,,5.26,5.26,6.733,6.733,8.647,8.647,10.01,10.01,2.16,1.93844368429415,1.12,1.25585894899794,2.02,3.85594438210602,,3.64,4.58763538223227,17.57,12.4214022048012,,,
2002-07-01,2002,"Q3","2002/03","Q1","July",,8,9,,,,,5.86,5.86,9.449,9.449,11.146,11.146,10.59,10.59,3.57141869477479,2.034,1.137,1.513,2.022,3.846,,4.96009143012405,1.673,20.889,12.162,,,
2002-08-01,2002,"Q3","2002/03","Q1","August",,7.08,8.08,,,,,6.241,6.241,10.05,10.05,12.276,12.276,13.043,13.043,4.323,1.831,1.412,0.95,1.83,1.95,,4.646,2.108,18.29971629773,11.458,,,
2002-09-01,2002,"Q3","2002/03","Q1","September",,7.08,8.08,,,,,6.445,6.445,10.354,10.354,13.015,13.015,13.429,13.429,4.25568456572412,1.972,1.49946769612781,0.950119968098923,1.97925456806961,1.95,,4.32293330587547,2.68,20.1568617248848,11.403,,,
2002-10-01,2002,"Q4","2002/03","Q2","October",,8.58,9.58,,,,,6.99497082362637,6.99497082362637,11.7186783740011,11.7186783740011,13.6942063794505,13.6942063794505,13.9670948700929,13.9670948700929,4.712,1.878,1.308,0.95,2.338,1.95,,6.527,1.761,17.144,10.484,,,
2002-11-01,2002,"Q4","2002/03","Q2","November",,9.83,10.83,,,,,8.806,8.806,14.103,14.103,15.143,15.143,15.353,15.353,4.57,1.915,1.308,0.95,2.342,1.95,,6.942,1.473,17.756,13.282,,,
2002-12-01,2002,"Q4","2002/03","Q2","December",,12.08,13.08,,,,,10.657383157099,10.657383157099,15.3982704545034,15.3982704545034,15.8241765326287,15.8241765326287,16.0623186127541,16.0623186127541,3.913,0.4321,1.3374,0.98894,2.003,1.94988,,8.96669,2.59764,18.467,11.0824,,,
2003-01-01,2003,"Q1","2002/03","Q3","January",,12.83,13.83,,,,,13.11032015155,13.556,16.4603257665574,17.937,16.5361521913134,18.878,16.4436412967114,19.677,2.429,0.976,1.317,0.963,2.021,0.95,,9.476,1.469,17.909,8.942,,,
2003-02-01,2003,"Q1","2002/03","Q3","February",,13.83,14.83,,,,,14.6611992190934,15.2174938640871,14.6186315152472,15.768107592403,14.6428545907902,16.443810260545,13.9908176602239,16.2596798862786,2.30912721128845,1.07971166068099,1.29738943425482,0.958473409314899,2.10058876950539,1.92384164235221,,8.37502468298971,1.71529410923002,17.6667110632616,7.25596063717533,,,
2003-03-01,2003,"Q1","2002/03","Q3","March",,15.83,16.83,,,,,13.0793299974817,13.5205940485627,13.7435073895182,14.7550162895713,13.7012337763103,15.266347646193,13.5473316230466,15.6644113628119,2.42190771411016,1.08687745499654,1.27504797917708,0.952232479534923,2.04513416818762,1.90190614044069,,10.1055187327103,1.89550666960999,17.6047834158409,9.82254397341193,,,
2003-04-01,2003,"Q2","2002/03","Q4","April",,15.83,16.83,,,,,13.9286449893921,14.4328373613257,14.5439378781099,15.6884107063596,14.3493696925228,16.082614871993,13.8689552728499,16.101598700204,2.1001,1.055,1.2894,0.96,2.0439,1.897,,8.025,1.6697,17.93,12.435,,,
2003-05-01,2003,"Q2","2002/03","Q4","May",,16.58,17.58,,,,,16.2921511304945,16.9823232863029,17.1898072163289,18.8030478546529,16.5907468710165,18.9423755738459,16.3288632905358,19.506767133518,2.19607971546019,1.01410953699921,1.30213908216543,0.95814734487105,2.02350266036322,1.83626661846006,,9.52008920799316,3.29057782362352,19.5535838670665,7.59337844091073,,,
2003-06-01,2003,"Q2","2002/03","Q4","June",,18.58,19.58,,,,,17.694627481456,18.5117286324596,18.4366882033613,20.3037503445092,17.7423648743895,20.4579012881143,17.0496177511556,20.5426792359413,3.11238124606326,0.984483530081549,1.32876589179568,0.959076911133263,2.89352471086829,1.00368602027293,,13.2672813076621,1.72781189894483,18.34,11.0669905990941,,,
2003-07-01,2003,"Q3","2003/04","Q1","July",,20.58,21.58,,,,,19.4025463755887,20.3897757938912,19.9251953866639,22.12335893376,19.4307793898046,22.7372510060606,17.8487156933631,21.7172829807788,1.699,0.966333192000018,1.09,0.956488474893304,2.462,1.50175346101796,,10.429,1.47391483505684,19.518,8.92485235097842,,,
2003-08-01,2003,"Q3","2003/04","Q1","August",,20.58,21.58,,,,,15.8196439012916,16.472,17.7518743054029,19.477,17.6194612321159,20.294,16.3955030909484,19.602,2.5023080043702,0.96822101422197,1.39750400205386,0.958899283126004,2.66388397723366,1.56670583552868,,8.32744130784659,1.46571718327547,22.4331660769865,8.97668033008949,,,
2003-09-01,2003,"Q3","2003/04","Q1","September",,20.58,21.58,,,,,14.3189853818707,14.8491628350579,16.0919843976204,17.4959301640753,15.8930038257384,18.0404716512191,15.0359686621114,17.6883061686651,2.67725651120783,0.9834407941042,1.33361673310716,0.961656611673425,2.64767522643157,1.55367060635875,,9.23162509110982,1.847959832335,18.4186973155597,8.29459104960283,,,
2003-10-01,2003,"Q4","2003/04","Q2","October",,22.95,23.95,,,,,16.8498485385989,17.5884515656916,17.4583548883858,19.123839358472,16.5514466368389,18.8984246922173,15.8156972842788,18.7854891436075,2.44076944616562,0.972349840672005,1.41732034919176,0.956724359682293,2.63332155030769,1.70549182468894,,8.20763681303614,1.46667949049034,16.8947186920869,8.0600210756759,,,
2003-11-01,2003,"Q4","2003/04","Q2","November",,24.619,25.619,,,,,18.527,19.427,19.4255,21.5085,19.714,23.1355,17.9055,21.8155,2.75922708723077,0.986941316824128,1.3898675194453,0.958,2.59384748866128,1.64230866282784,,11.1120445069579,3.07824216961454,20.5479626822489,10.492,,,
2003-12-01,2003,"Q4","2003/04","Q2","December",,24.622,25.622,,,,,20.3515,21.444,21.1575,23.652,19.8295,23.283,18.259,22.327,2.68867394363986,1.00820030209842,1.3190248230455,0.888886738635455,2.48627746746623,1.70923864324155,,12.1136114412016,1.75167159771861,21.4327821686555,10.1577566348227,,,
2004-01-01,2004,"Q1","2003/04","Q3","January",,24.62175,25.622,,,,,19.0815,20.0345,19.917,22.1225,18.62,21.6395,17.6565,21.4415,2.81585211499072,0.989554991066167,1.41740380344334,0.956912088680933,2.39593773112056,1.68199945093724,,11.4571571399305,1.51427234362928,23.241358051211,9.82008054008568,,,
2004-02-01,2004,"Q1","2003/04","Q3","February",,22.91,23.91,,,,,13.887,14.391,15.2575,16.525,14.9605,16.862,14.553,17.035,2.3064569054418,0.989227388720841,1.31376368066696,0.959740695553986,2.39436939399733,1.65576731437554,,10.2274852423134,1.7303846695551,23.2637265449913,9.22383080041854,,,
2004-03-01,2004,"Q1","2003/04","Q3","March",,14.81,15.81,,,,,7.67632208882785,7.83432405331677,9.07194052335165,8.24792908629932,9.1434618068783,9.14289033920618,9.34911619218282,9.74283694819068,2.0954831853601,0.99496093445689,1.31664653067181,0.957522354233145,2.11893750357838,1.66197371090697,,6.93889007201856,1.50671710405601,22.123200869894,9.11423332503191,,,
2004-04-01,2004,"Q2","2003/04","Q4","April",,11.6925,12.6925,,,,,5.27192462912089,5.34215415177434,6.38758010279304,6.59798821464017,8.13124581078297,8.65951489884849,8.4007494015093,9.17118025764138,1.91840399962914,1.01041694551119,1.24263456405354,0.957851318830524,1.86560847980092,1.64661671033953,,5.71407096418178,2.75864789252305,19.7662150735204,9.85146342549441,,,
2004-05-01,2004,"Q2","2003/04","Q4","May",,11.35,12.35,,,,,5.87557837500002,5.96294389845815,7.31063115645605,7.58724234096658,9.0464672292239,9.70315856060439,10.236660073742,11.4009113329362,1.55764469150954,1.06091427808233,1.16978299832053,1.00572360080709,2.12196115266675,1.45,,6.15033528899246,2.49004413289262,20.7954418867469,9.44950051561403,,,
2004-06-01,2004,"Q2","2003/04","Q4","June",,11.8715,12.8715,,,,,6.28550798649269,6.38561264361086,7.62905102967033,7.93077631351373,9.74048341064178,10.5059694019903,9.77926583740444,10.8362209936689,1.53687671293355,1.03789533991235,1.13687036505588,0.995944336624683,2.1397766558027,1.45,,5.2903846036963,2.72917658968784,20.8848629654527,6.73724381536268,,,
2004-07-01,2004,"Q3","2004/05","Q1","July",,12.342,13.342,,,,,6.78577987774724,6.90261362515439,7.97716004967949,8.30770039381494,11.0804162470085,12.0862268528652,11.217719885933,12.645571083965,1.63903468293864,1.08140855267468,1.16957398924407,1.00365475894207,2.20234078830063,1.45,,7.0687596854894,3.36797988609535,19.9202434312787,9.1289078474152,,,
2004-08-01,2004,"Q3","2004/05","Q1","August",,12.86225,13.86225,,,,,7.29145328434065,7.42649920647085,8.03106412493459,8.36626825070167,12.2325527253053,13.4645411147028,12.0264031956845,13.6653590197635,1.55710319819403,1.00153501052116,1.17807627935432,0.975987257077852,2.10866514071422,1.45,,6.80390685694202,3.25805928911972,20.2005608075147,12.380212588876,,,
2004-09-01,2004,"Q3","2004/05","Q1","September",,13.27,14.27,,,,,7.52388384706959,7.66772824954905,8.6331573525641,9.02160150666134,12.159954948026,13.376761583127,11.8765750119175,13.4730226034104,1.47705934624687,1.01234255297537,1.11180471895149,0.975428197887563,1.75606163521035,1.45,,8.63548283453397,3.87527300248049,19.55155692147,9.24638306973669,,,
2004-10-01,2004,"Q4","2004/05","Q2","October",,13.3855,14.3855,,,,,7.58313536332419,7.72932108368813,9.74520184981685,10.2490641848248,11.889100954884,13.0495205067436,11.273536348956,12.7016730255051,1.46674458300462,1.01699361734352,1.10352434684603,0.980007934914076,1.78689644950434,1.45,,7.59716402092098,2.59939328303513,19.7295374284388,8.44626690044097,,,
2004-11-01,2004,"Q4","2004/05","Q2","November",,14.2553333333333,15.2553333333333,,,,,8.70454075686814,8.89771864776726,11.3549980637363,12.0366363434524,11.9314719650634,13.100691822181,11.6441484018719,13.174667444934,1.57678015315201,1.02295979110687,1.111295223583,0.977897339074993,1.73493928889097,1.45000824373853,,7.84,4.43613212119368,21.3364769262504,9.29943834316691,,,
2004-12-01,2004,"Q4","2004/05","Q2","December",,15.1506666666667,16.1506666666667,,,,,9.4147205667043,9.6410646524788,12.021748417033,12.7883330279897,12.8593409148886,14.227988510902,12.1443257750061,13.8178253570744,1.9681667037856,0.983384129953357,1.23374591921995,0.974058034246824,1.75505517761637,1.450007819979,,8.49,3.97888704980597,18.7966048631899,9.06902657428025,,,7.34
2005-01-01,2005,"Q1","2004/05","Q3","January",,15.0173333333333,16.0173333333333,,,,,9.02335298168495,9.23104712935104,11.6599694417582,12.3799232762002,12.1810362937087,13.4025313550349,11.9741366215207,13.5979482235089,1.58682966341779,1.0196236103731,1.19,0.974960548473816,1.76,1.45012808714519,,7.82,2.02806973473455,19.36,9.46031639738767,,7.7,5.5925
2005-02-01,2005,"Q1","2004/05","Q3","February",,14.732,15.732,,,,,8.79394445190243,8.99110015696097,10.9330496346638,11.5636794179647,11.2218772218668,12.2504968044654,11.4329025712307,12.9044538786072,1.43452396786799,1.06095566195008,1.16,1.00572360080709,1.72,1.45000004426752,,6.16,2.49303937484433,20.36,10.5951700170175,,6.09,6.042
2005-03-01,2005,"Q1","2004/05","Q3","March",,14.022,15.022,,,,,8.15604718573691,8.32533855627381,10.2266904410867,10.7763297400236,,,10.806654947282,12.1120125512629,1.4510710513471,1.04289508381765,1.12,0.982012923019512,1.94,1.45015123604142,,8.21,2.69486689970957,20.63,9.17081387587918,,6.6,8.61
2005-04-01,2005,"Q2","2004/05","Q4","April",,14.4726666666667,15.4726666666667,,,,,8.79711022184067,8.99445722444207,10.1759643393544,10.7199858882371,,,11.6058391509968,13.1258944757566,1.69721386206817,1.04732642748023,1.14,0.981668218982019,1.77,1.45000001718861,,8.59,3.38555084108085,20.78,7.7654524110196,,9.56,7.5
2005-05-01,2005,"Q2","2004/05","Q4","May",,14.8123333333333,15.8123333333333,,,,,8.88576632527474,9.0870784923476,10.0716989585914,10.6043575714095,,,12.0688578465959,13.7202038150129,2.33187968086806,1.05444137548863,1.13,0.986615968494993,1.78,1.45,,8.67,3.044,19.42,9.059,,8.37,7.9825
2005-06-01,2005,"Q2","2004/05","Q4","June",,14.7703333333333,15.7703333333333,,,,,8.87470498205184,9.07553412197079,10.1564962994811,10.6982942777358,,,11.913459235929,13.5209674580479,2.39600442030511,1.02681211203016,1.076,0.98,1.767,1.45,,10.17,3,18.07,8.46,,9.07,6.77
2005-07-01,2005,"Q3","2005/06","Q1","July",,14.4193333333333,15.4193333333333,,,,,8.41470149670329,8.59504412978642,9.96569016907051,10.4867996582685,,,10.9460626499958,12.2881377607118,2.21141946528108,1.16307743709573,1.058,1.002,1.785,1.478,,9.19,5.359,19.557,7.399,,7.8,7.2
2005-08-01,2005,"Q3","2005/06","Q1","August",,14.192,15.192,,,,,8.31781402000797,8.44553557413656,9.71809572564293,10.1365569495969,,,10.3000679256056,11.4203093682735,2.4042529968398,1.20833768195402,1.062,1.002,1.768,1.45,,9.791,5.813,20.611,8.459,,7.47,6.06
2005-09-01,2005,"Q3","2005/06","Q1","September",,13.929,14.929,,,,,7.93322793725705,8.093,9.32027293720565,9.77458249467964,,,10.1014406013965,11.233,2.54684619981871,1.28211922783488,1.211,1.026,1.973,1.45,,10.028,5.337,19.176,7.799,,6.39,6.85
2005-10-01,2005,"Q4","2005/06","Q2","October",,13.6086666666667,14.6086666666667,,,,,7.70774383432968,7.85876672039407,9.07666831939149,9.5069628340782,,,9.87665696468626,10.9558203988368,2.49963109212043,1.1348676897295,1.14,1.02,1.94,1.45,,9.84,3.86,19.59,8.87,,7.22,6.75
2005-11-01,2005,"Q4","2005/06","Q2","November",,13.395,14.395,,,,,7.49333338049452,7.6355,8.78589352291769,9.18844014770337,,,9.4755482383545,10.4647398944516,2.51968247659827,1.127077481631,1.17,1.03,1.88,1.45,,9.18,3.7,18.79,8.13,,7.26,6.64
2005-12-01,2005,"Q4","2005/06","Q2","December",,13.3656666666667,14.3656666666667,,,,,7.55511908974361,7.6995,8.55196191319444,8.93290045625751,,,9.65527257632898,10.6850977998428,2.66049985914662,1.18356793755534,1.18,1.03,1.92,1.45,,7.85,3.51,19.37,7.15,,6.94,6.23
2006-01-01,2006,"Q1","2005/06","Q3","January",,13.467,14.467,,,,,7.62246777205364,7.7705,8.53903611313886,8.91878993510009,,,9.33419784334772,10.2922971271381,2.6359796959563,1.39338084185931,1.13,1.2,1.94,1.45,,9.59,4.07,19.74,8.73,,7.07,6.97
2006-02-01,2006,"Q1","2005/06","Q3","February",,13.349,14.349,,,,,7.45219640502357,7.59327533638496,8.46518250791111,8.83824609669328,,,9.06942213162938,9.97133865909918,2.50017464074952,1.29125200501729,1.11,1.1,1.95,1.45,,8.29,4.64,19.18,8.91,,7.14,6.62
2006-03-01,2006,"Q1","2005/06","Q3","March",,13.274,14.274,,,,,7.43304596280695,7.57339907724508,8.3906840612245,8.75706720356336,,,9.25021223234975,10.1905554584629,2.58495013215644,1.29714671521318,1.08,1.16,2,1.45,,8.43,4.35,18.86,9.98,,7.75,6.45
2006-04-01,2006,"Q2","2005/06","Q4","April",,13.3543333333333,14.3543333333333,,,,,7.51817163717949,7.66178370675645,7.80159191092141,8.11888868347121,,,9.10563774091997,10.0152367289464,2.46740319069142,1.28643030851409,1.1,1.15,1.99,1.45,,8.98,3.62,18.733,10.41,,6.99,5.63
2006-05-01,2006,"Q2","2005/06","Q4","May",,13.1063333333333,14.1063333333333,,,,,7.15049035119048,7.28041140345984,7.86496011092034,8.18604796208556,,,8.78750717932263,9.63167518538801,2.50992806079236,1.41013226624875,1.09,1.22,1.99,1.45,,8.05,4.44,18.23,9.26,,5.97,8.18
2006-06-01,2006,"Q2","2005/06","Q4","June",,12.7626666666667,13.7626666666667,,,,,6.94624071075448,7.06867586791656,7.44607406124085,7.73322362112213,,,8.78198828779784,9.6259472783414,2.55119007427494,1.24612013746373,1.11103278070146,1.16687850111278,2.02113079380583,1.4499999918034,,7.57117640784074,2.85607548924716,18.5987214813787,9.91988027198097,,8.2,10.66
2006-07-01,2006,"Q3","2006/07","Q1","July",,13.3496666666667,14.3496666666667,,,,,7.74268095014121,7.89515634035115,8.78537258630555,9.18865729693299,,,10.020968912835,11.133684187769,2.94969316952061,1.3780210498731,1.19319282784918,1.24299911186834,2.09383377934297,1.47237487664867,,10.0226303238888,4.28903270099309,18.2100893713232,8.70582270089878,,12.4,9.54
2006-08-01,2006,"Q3","2006/07","Q1","August",,13.709,14.709,,,,,7.98895874487179,8.15136595123267,9.42810126442308,9.89327698818741,,,10.3050481016467,11.4855463619464,2.61342912819439,1.31998785428855,1.088,1.18,2.069,1.53,,9.043,4.66,18.174,9.16,,9.4,8.24
2006-09-01,2006,"Q3","2006/07","Q1","September",,14.4516666666667,15.4516666666667,,,,,8.7846254077332,8.98144268910825,10.3541574670744,10.9183306421255,,,11.237055475741,12.6553251982149,2.79274405355518,1.41768659589883,1.142,1.27,2.119,1.53,,9.984,4.71,19.176,9.47,,9.06,6.47
2006-10-01,2006,"Q4","2006/07","Q2","October",,14.76,15.76,,,,,8.51567608608057,8.70041625863375,10.0781279316239,10.6113966058102,,,11.2031062359732,12.6128863099868,2.54499602199006,1.31654895586218,1.108,1.24,2.081,1.54,,8.927,4.69,18.671,10.65,,7,6.62
2006-11-01,2006,"Q4","2006/07","Q2","November",,14.532,15.532,,,,,8.37828304456656,8.8359325353475,10.3772178589612,11.2437688098299,,,10.7897916001683,12.0928303842947,2.55875374341109,1.38760902493352,1.10836236965191,1.1923782124589,2.02154837284644,1.53839437992012,,17.8907142275962,4.7647671145901,17.8907142275962,11.2675443759886,,7.1,7.88
2006-12-01,2006,"Q4","2006/07","Q2","December",,15.302,16.302,,,,,9.34307112179487,9.91497448318133,10.3386653534144,11.1987668963804,,,10.9195934770857,12.2560011041018,2.73738820939745,1.45947782092469,1.14381140224916,1.15884806555431,2.01711801220019,1.53204517805746,,9.1204374756119,5.25292269319936,18.9087892923582,9.22853221669905,,7.71,9.93
2007-01-01,2007,"Q1","2006/07","Q3","January",,16.186,17.186,,,,,10.0522641079534,10.7167057468735,11.5981078256286,12.6909489427497,,,11.0707651581112,12.4467568450648,2.66482612917012,1.86717146913323,1.26234258305894,1.21351065694346,2.17302627222251,1.54163157715908,,8.80252086769853,5.04294152187787,18.9253279104779,10.4451592251598,9.03,10.72,9.85
2007-02-01,2007,"Q1","2006/07","Q3","February",,16.3463333333333,17.3463333333333,,,,,9.54020409212455,10.1372846177088,11.0890009796016,12.0835416824792,,,10.9943988697016,12.3503112983966,2.65757847206929,1.43081353680233,1.15881244891527,1.18838701260464,2.23258183916949,1.44999999088708,,10.4407500779362,4.95479664560193,18.826363578196,9.88396406569252,8.4,8.47,8.05
2007-03-01,2007,"Q1","2006/07","Q3","March",,15.454,16.454,,,,,9.27262418315017,9.83563986541001,10.9184971006868,11.8814878449112,,,10.8734071542882,12.1979136774337,2.54358867861421,1.47329477781453,1.16773681186934,1.20740349653327,2.08433872086215,1.4946154831521,,9.25700162780649,4.96903650993829,19.1662175684321,9.71610135044345,9.48,12.26,10.35
2007-04-01,2007,"Q2","2006/07","Q4","April",,15.385,16.385,,,,,9.07177667791733,9.61020033892954,10.8889769971005,11.8467805687256,,,10.6220748614833,11.8822225330349,2.74117853903309,1.5290247253642,1.14488871914788,1.22000237529015,2.11557238460086,1.47161734404593,,8.10294205276938,5.06471446895949,18.8505278736593,9.7177299352413,6.25,8.02,7.16
2007-05-01,2007,"Q2","2006/07","Q4","May",,15.25,16.25,,,,,9.05156062205652,9.5874878061867,11.2021818618503,12.218380210441,,,10.7724394311996,12.0715394398839,2.62994013507267,1.58263078130433,1.13833857288093,1.20877194329465,2.15449787168755,1.47569895781348,,9.56800913812079,5.25343537043112,19.6988652551042,10.0721952127088,4.36,7.12,6.43
2007-06-01,2007,"Q2","2006/07","Q4","June",,15.602,16.602,,,,,9.42982469765566,10.0138731843651,12.4063724963993,13.6649189482302,,,11.9900678457087,13.6232913600487,2.78628437384716,1.61167631129146,1.2,1.207721699508,2.789,1.47811916610702,,9.802,6.21672500556643,19.384,9.19192029393591,10.21,8.83,9.56
2007-07-01,2007,"Q3","2007/08","Q1","July",,15.602,16.602,,,,,9.42982469765566,10.0138731843651,12.4063724963993,13.6649189482302,,,11.9900678457087,13.6232913600487,2.70391272510104,1.47450046135419,1.15984509065272,1.17114565259256,1.61199814117475,0.979547729794028,,8.30829194052989,4.26979176972313,19.411564896307,10.6302411510759,4,6.52,6.57
2007-08-01,2007,"Q3","2007/08","Q1","August",,13.3876666666667,14.3876666666667,,,,,7.20496093904305,7.54241567368584,9.60376096899997,10.3419665281701,,,10.4702304048188,11.6937151384354,1.25719058950888,1.57323614866498,1.08468602110207,1.08657776390096,2.03268922108999,0.953644147616334,,8.96176617313128,4.12349848389034,19.6753840478646,10.8147729602356,5.19,7.15,6.29
2007-09-01,2007,"Q3","2007/08","Q1","September",,13.7583333333333,14.7583333333333,,,,,7.6348493956044,8.01336744908947,9.59733288623142,10.3344218287849,,,10.4707010009463,11.6937024591495,1.53321286076203,1.85493203335986,1.28706792670769,1.4238369855624,2.59902088933934,0.979642231895529,,8.998,3.9846852155105,18.9787380609737,10.876895005191,4.07,7.35,6.09
2007-10-01,2007,"Q4","2007/08","Q2","October",,13.4803333333333,14.4803333333333,,,,,7.35640899519229,7.70729275532064,10.1250867755333,10.9490130600217,,,10.3568645256063,11.5520863939064,1.55138236940234,2.31482443881779,1.2433283297733,1.40402357455013,2.66724279376799,1.0974838627356,,9.03,3.8918669004348,19.8593656569218,9.81219777685144,4.65,7,5.76
2007-11-01,2007,"Q4","2007/08","Q2","November",,13.35,14.35,,,,,7.30639635388686,7.65245880686235,10.2798330942595,11.1295806765476,,,10.3413900552002,11.5326180878429,1.73255549121768,1.79300792450377,1.31048921847019,1.33413928747541,2.70108979083146,1.17137542421437,,9.79,3.46416806826508,18.2882546652236,9.96459409723479,4.42,6.88,5.8
2007-12-01,2007,"Q4","2007/08","Q2","December",,13.681,14.681,,,,,7.75819610413862,8.14975447514107,10.9344966040275,11.9004824734773,,,11.4230532634872,12.8943537152183,1.76625671857353,1.82877055055817,1.26960926133103,1.30804061713649,2.66039559491695,0.987259757519099,,10.0838545726953,3.73613073815359,18.204864102881,14.8722775144756,7.15,9.87,7.91
2008-01-01,2008,"Q1","2007/08","Q3","January",,14.0943333333333,15.0943333333333,,,,,8.42616859340656,8.88905704019614,11.7712300252747,12.8972895221104,,,12.1298525457657,13.8015707893795,2.76059285276298,1.63429259748566,1.26,1.24,2.61,1.53,,11,4.68,19.4,8.99,9.99,11.25,10.45
2008-02-01,2008,"Q1","2007/08","Q3","February",,13.866,14.866,,,,,7.93648451824961,8.34669048944342,11.2131065936057,12.2310096981366,,,11.3266566775845,12.7711436230146,1.94944636929075,1.70520727263926,1.204,1.34,2.6,1.52,,11.08,4.63,19.48,10.32,6.95,8.59,7.8
2008-03-01,2008,"Q1","2007/08","Q3","March",,13.9886666666667,14.9886666666667,,,,,7.91512039211026,8.32253358206562,11.3921144268071,12.4439991264243,,,11.7219248626374,13.2764727011818,2.41528964640649,1.63123630357086,1.398,1.136,2.594,1.494,,9.981,3.923,20.084,9.68,9.48,12.26,10.35
2008-04-01,2008,"Q2","2007/08","Q4","April",,13.9146666666667,14.9146666666667,,,,,7.812396125,8.20905340744982,12.6362812727717,13.9428378540879,,,12.4720431140199,14.247264893196,2.25331365812384,1.17398227654966,1.16,1.049,2.58,1.491,,11.03,4.247,21.219,9.8,9.6,11.19,10.34
2008-05-01,2008,"Q2","2007/08","Q4","May",,15.0063333333333,16.0063333333333,,,,,7.86312472046938,8.26507529996792,12.8054424349095,14.1479798783471,,,12.2424794462454,13.9475727465768,2.43839817063344,1.27941220602579,1.33,1.002,2.51,1.505,,11.541,3.322,19.92,9.58,5.98,11.6,7.67
2008-06-01,2008,"Q2","2007/08","Q4","June",,15.1736666666667,16.1736666666667,,,,,8.1719201086239,8.60694239988176,13.0343032403144,14.4277098804747,,,12.7480693206502,14.6083091162049,2.72254756274579,1.35816048877502,1.287,0.995,2.1,1.492,,10.852,4.311,20.1796276413635,9.559,10.74,13.62,11.82
2008-07-01,2008,"Q3","2008/09","Q1","July",,15.4536666666667,16.4536666666667,,,,,8.56711638861838,9.04596823607014,12.7976120575092,14.1384324842704,,,12.7096721598335,14.5571948285818,1.77244137829248,1.35816048877502,1.28720242215711,0.994717406101995,2.10032267052118,1.49229984458166,,10.8522963482257,4.31093084641087,22.0077140097903,10.7759049600793,12.71,10.05,11.46
2008-08-01,2008,"Q3","2008/09","Q1","August",,15.4016666666667,16.4016666666667,,,,,8.25788621245422,8.70244662397427,12.183714954304,13.3937185789036,,,12.5500856175762,14.3494907168083,1.83420247482597,1.36668964638341,1.29584572745076,1.09197210207296,2.08016470815588,1.49229984458166,,10.8522963482257,4.31093084641087,23.3385473503078,9.330493961448,4.6,7.65,6.36
2008-09-01,2008,"Q3","2008/09","Q1","September",,15.1866666666667,16.1866666666667,,,,,8.06728487032968,8.49084529302582,12.338432243956,13.5806587082613,,,12.7702992840535,14.6368080953377,1.91914693612606,1.23230472626572,1.26216795969602,1.19293177802394,2.06102545762189,1.5123162379778,,9.07547490820644,3.84249930123151,21.2282707375152,9.38303967717676,5.63,7.37,6.38
2008-10-01,2008,"Q4","2008/09","Q2","October",,16.04,17.04,,,,,9.1709630719485,9.72372808984988,12.8003570022288,14.1449034301315,,,13.7516819095723,15.9457627875193,1.84572459436612,1.49107679022054,1.56923915103507,1.0725490285861,2.10371807798804,1.45637231811731,,8.66236717544472,4.05506175281901,20.1636334230794,9.14620284923868,8.94,12.39,10.46
2008-11-01,2008,"Q4","2008/09","Q2","November",,16.754,17.754,,,,,9.46382760466707,10.05,13.3500706687472,14.82,,,14.1209053694712,16.44,2.1142062716521,1.30808959792746,1.2,1.308,2.14,1.49,,11.5,6.38,19.38,9.39,4.68,8.62,6.85
2008-12-01,2008,"Q4","2008/09","Q2","December",,18.4163333333333,19.4163333333333,,,,,11.3937770458238,12.25,14.204159742812,15.87,,,15.0752628351639,17.75,2.47373470778578,1.32097756933938,1.45,1.05,2.19,1.38,,11.62,3.72,19,8.49,6.17,8.8,7.85
2009-01-01,2009,"Q1","2008/09","Q3","January",,18.4163333333333,19.4163333333333,,,,,11.3937770458238,12.25,14.204159742812,15.87,,,15.0752628351639,17.75,2.40486332311154,1.22322042216802,1.37,1.0124250872237,2.23,1.44780543819466,,11.23,3.54702245228652,18.9237758794523,10.628,14.54,13.94,13.78
2009-02-01,2009,"Q1","2008/09","Q3","February",,18.2666666666667,19.2666666666667,,,,,9.59082150329671,10.19,14.5242365622711,16.27,,,14.5388742856227,17.01,2.2340549926761,1.33924928651686,1.28777826658196,0.976061858042443,2.424901291594,1.51401823830596,,10.6609155463933,4.16749767144862,20.6979807807587,9.37082775728112,9.06,9.16,8.89
2009-03-01,2009,"Q1","2008/09","Q3","March",,11.714,12.714,,,,,7.04931318681319,7.37,10.2995267548535,11.16,,,10.9176549156221,12.26,2.12618073631432,1.44091514116212,1.29791387294913,1.04567608642976,2.38801879721892,1.59412581898706,,8.97049023015998,2.09890790938928,20.9702774066981,10.6911896933039,1.34,3.71,3.42
2009-04-01,2009,"Q2","2008/09","Q4","April",,9.725,10.725,,,,,5.9301956255887,6.15666495485176,8.75379824890109,9.36338376407999,,,10.5412972915522,11.7818003269136,2.02843336952288,1.34210065697976,1.14553182232257,1.23219205104401,2.20719977849735,1.49133469605928,,9.81491398708476,2.77492746118911,21.4354955734237,10.7953992987128,2.85,3.83,3.77421790722761
2009-05-01,2009,"Q2","2008/09","Q4","May",,9.65580093992244,10.6558009399224,,,,,6.02231991718794,6.25591499237041,9.4626577193807,10.1794326703308,,,11.5145386320169,13.0120160878571,2.03824302533558,1.19377358426703,1.23985068504424,1.0141858020256,2.17864847083218,1.49953591306247,,8.7071279022366,3.92386927091128,22.1968248034371,11.2496094191253,6.15,8.14,8.08
2009-06-01,2009,"Q2","2008/09","Q4","June",,9.59333333333333,10.5933333333333,,,,,5.9917702345163,6.22312041486366,10.0051910046336,10.808919363283,,,12.2665218257784,13.9788065580881,2.39356739872789,1.17268662521386,1.25918429970374,1.00976181924243,2.35883193081169,1.50516831427959,,10.7191770442902,3.92646381604428,21.7956698708985,10.3663255767637,6.15,8.12,6.85
2009-07-01,2009,"Q3","2009/10","Q1","July",,9.81133333333333,10.8113333333333,,,,,6.16948053551584,6.41478158263175,10.7483500161835,11.68040656509,,,12.0308280921886,13.6737376312036,2.20217471906573,1.16690587622195,1.31097924264024,1.00573665727992,2.24574742257595,1.49572242811221,,10.7618637441573,4.41546722182107,21,10.547,9.67,10.73,9.99988522698126
2009-08-01,2009,"Q3","2009/10","Q1","August",,10.1413333333333,11.1413333333333,,,,,6.59923641158997,6.88203535834436,10.5609594488095,11.4596280068286,,,11.6412894029029,13.1730505579587,2.00400372193772,1.20322793705603,1.26277064475146,1.00130275523428,2.37009384163559,1.49376678627915,,10.1301817213957,4.5600554522976,21.7539071468318,10.8899275219011,9.06,9.87,9.7104425770308
2009-09-01,2009,"Q3","2009/10","Q1","September",,10.922,11.922,,,,,7.78390991125267,8.18391573600272,10.2666481798993,11.1141914113362,,,10.8628813015622,12.1851371315453,2.03324059808959,1.195,1.23423080481105,0.996548376350259,2.35784110475833,1.49541634904882,,8.49287921176297,4.79054343099385,20.69,10.4074216679086,2.4,4.4,4.25965712651745
2009-10-01,2009,"Q4","2009/10","Q2","October",,9.89533333333333,10.8953333333333,,,,,6.49955331538463,6.77225435435179,9.38128899162087,10.0846826919768,,,10.0611189073352,11.1851854140177,2.12866975556766,1.25248410368393,1.24914424376643,1.01775144153836,2.2362016845083,1.48479159954823,,9.50011549204748,4.1347351035835,20.4177052611617,10.7192810285622,2.99,4.15,4.12
2009-11-01,2009,"Q4","2009/10","Q2","November",,9.36194786305235,10.3619478630524,,,,,6.11970063644687,6.36146041899851,9.00598423273809,9.6526045548048,,,9.4308025110989,10.4117136519869,1.93917056842194,1.21932300118871,1.25582611192881,1.06864150750504,2.21531723512651,1.48854558803109,,8.80790720593159,4.79296218154127,21.5742090591037,10.2528248528572,2.56,3.83,3.66
2009-12-01,2009,"Q4","2009/10","Q2","December",,8.65366666666667,9.65366666666667,,,,,5.46193929725274,5.65397214450931,7.8232663575702,8.30940577870899,,,8.03918570290191,8.74908441035123,1.99995526695442,1.24283540587672,1.28127533012262,1.04309387496718,2.25059354561763,1.48258132000059,,9.23454058473047,5.08582131614939,20.0061435953712,10.0735212646278,2.56,3.46,3.46
2010-01-01,2010,"Q1","2009/10","Q3","January",,8.10666666666667,9.10666666666667,,,,,4.77916423390279,4.92548091445045,5.93585295249542,6.21141020630864,,,7.16058639491759,7.71409233161278,1.96395297839487,1.07982976220593,1.27939203127904,0.980715042305001,2.15436721920324,1.51515572994079,,9.28229090270157,3.51975965081416,19.5712138971581,11.3682187773926,2.94,3.8,3.65022270374383
2010-02-01,2010,"Q1","2009/10","Q3","February",,7.382,8.382,,,,,4.26441696080586,4.3812157386518,4.90146361744505,5.0881298360454,,,5.99016357371795,6.37225575348501,1.79861464309203,1.04779852082959,1.27713561070744,0.986355387273817,2.27144753903688,1.59272674461812,,8.42200701098914,4.40581726796702,20.1934950746309,11.222998002553,3.21,4.3,3.59903121636168
2010-03-01,2010,"Q1","2009/10","Q3","March",,6.82766666666667,7.82766666666667,,,,,3.69629714816853,3.7835263423069,4.36770279402473,4.51498286594548,,,5.55860678396782,5.88655728330915,2.04532981707863,1.1165995172201,1.26258608546493,0.97669549934694,2.31467525524209,1.68706434095814,,7.69874263150859,3.21000664415101,21.1287540314364,9.87986209548847,2.45,4.33,3.39306076642037
2010-04-01,2010,"Q2","2009/10","Q4","April",,7.097,8.097,,,,,4.04136440457874,4.14549883275912,5.29446435780219,5.51246139908476,,,7.21718206571658,7.77789908604961,2.08992386045263,1.02290446628382,1.30847703355347,0.964201517469505,2.35589917166173,1.56914367925981,,7.76462002460397,3.34,21.95318720375,10.0354331133805,2.18,3.39,3.27375139620233
2010-05-01,2010,"Q2","2009/10","Q4","May",,7.2,8.2,,,,,4.09941721336997,4.20658282815329,5.49231964708791,5.72691280661748,,,7.23516487061966,7.79928882148566,1.89999993070499,1.30763810576486,1.28169141429568,0.964214338676585,2.4415933825503,1.50397351455371,,7.49556116882789,1.79403855664704,20.6124452305987,9.00845623951629,1.33,2.66,2.74499680102367
2010-06-01,2010,"Q2","2009/10","Q4","June",,7.39933333333333,8.39933333333333,,,,,4.28232349981684,4.39939208713052,5.48535252307691,5.71941898431209,,,6.87512197472257,7.38507349595691,1.86532284369333,1.00621466823689,1.23898695625513,0.95852347114529,2.43225620707329,1.65168611101706,,7.25201507394467,3.17233404668004,20.0651767003077,10.795680179407,2.54,3.17,2.65101986520043
2010-07-01,2010,"Q3","2010/11","Q1","July",,7.33,8.33,,,,,4.16224648168497,4.27275629251947,4.68830050291209,4.85834698928618,,,5.33979137541208,5.64068480785684,1.95356331560341,1.06053467823784,1.278901402153,0.958045352843874,2.49062337642765,1.5222127827198,,7.10561392438306,3.67769679141093,19.5666395661505,10.6164526830219,2.54,3.17,2.83
2010-08-01,2010,"Q3","2010/11","Q1","August",,7.62,8.62,,,,,4.66055732019232,4.79966278746876,5.14494161712454,5.35037317571055,,,5.76966818777015,6.12253693182689,2.09847557342727,1.39734323553132,1.25099703946518,0.957564075118377,2.55800915340945,1.69545377572445,,6.79534363498549,4.04036893965145,20.3203259741641,10.2475963105868,2.55,3.41,3.04
2010-09-01,2010,"Q3","2010/11","Q1","September",,8.09,9.09,,,,,4.97724718699634,5.13598892471872,5.46549728182235,5.69786399316773,,,6.16550838479396,6.57012832246276,2.09012223519529,1.09419523594955,1.35563921258282,0.958953902064161,2.39300462516833,1.50569470423585,,5.42714226841938,3.52069603745309,18.8191232190694,10.0012297416166,2.45,3.51,3.02
2010-10-01,2010,"Q4","2010/11","Q2","October",,8.57633333333333,9.57633333333333,,,,,5.54825951098903,5.74613821823624,6.64941887261905,6.99770523508335,,,6.93606205184219,7.45347806533133,1.96982459257509,1.15333338938818,1.33833976878447,0.957916929368632,2.3249325915538,1.49556127354073,,7.61682390256623,3.70134176520574,20.0070897163189,9.30881580327178,2.44,3.87,3.89
2010-11-01,2010,"Q4","2010/11","Q2","November",,9.23166666666667,10.2316666666667,,,,,6.15611787637361,6.40104899509565,7.58682012522894,8.04181722451528,,,8.64209167711004,9.45926391315908,1.90818278519621,1.28124984727233,1.35479268008784,0.95572346202545,2.41492306509509,1.50360816693422,,7.61,3.08,20.1436272046866,9.76758950249944,2.83,5.32,4.79
2010-12-01,2010,"Q4","2010/11","Q2","December",,10.967,11.967,,,,,7.59115757643466,7.96652083154766,8.54156592269535,9.12128141807748,,,9.09599809913948,10.0048116026556,2.01763704477417,1.25344546117614,1.28204888866631,0.955495874959512,2.37191365478001,2.64906593672325,,9.77715147292953,3.86798214839395,19.714483692957,8.56597975234771,3.97,6.28,5.36
2011-01-01,2011,"Q1","2010/11","Q3","January",,12.06,13.06,,,,,8.83374231748384,9.34401582948719,9.14782276409971,9.81594618130985,,,9.55860339052992,10.5681253537427,2.24046870305328,1.16832026603377,1.23735678267213,0.954671049385396,2.34841402773154,1.50487141293445,,7.9636670355782,4.13268474543363,20.09,10.81,8.42,9.1,9.25
2011-02-01,2011,"Q1","2010/11","Q3","February",,12.87,13.8686666666667,,,,,9.40923578818682,9.98952298334217,9.62147400274725,10.3627386451086,,,9.73878708670673,10.7900616497955,2.01924418325904,1.67468147032365,1.1701342204465,1.09021648976432,2.40636602509367,1.49442658889075,,9.99331120860113,3.01491800127969,19.5774004426404,9.4853336264966,5.9,11,7.95589978640085
2011-03-01,2011,"Q1","2010/11","Q3","March",,12.32,13.32,,,,,8.58394632115383,9.06558496081503,9.24837823456044,9.93122586895271,,,9.10129663928571,10.0112176115675,2.09542465211935,1.29941788367108,1.18145863602456,1.0819190221853,2.37575869475455,1.4935979915071,,9.67733278691721,3.21727961839993,19.9651823853528,10.1359458357157,6.82,9.81,7.93763473975978
2011-04-01,2011,"Q2","2010/11","Q4","April",,12.107,13.107,,,,,8.81487912710621,9.32350400344598,10.0072286193812,10.8126069732076,,,9.72325888744506,10.7714639272216,2.24453592612137,1.30459346912973,1.20272310979727,1.07808613889032,2.36402613519489,1.49324068560143,,10.7784883764464,3.46825147228907,19.9719371180576,9.92813036807249,7.47084,10.73571,9.41528516352031
2011-05-01,2011,"Q2","2010/11","Q4","May",,13.659,14.659,,,,,10.4021238575563,11.1151333939962,11.0297307925275,12.0133552698332,,,10.9955389232642,12.3526100188219,1.98222366150185,1.25031163951966,1.22697456163717,1.07870736075358,2.34532424268738,1.48926815195522,,10.4222312469111,3.30331415530239,19.8672408086994,9.70247002606112,6.39,10.02,7.79596999689316
2011-06-01,2011,"Q2","2010/11","Q4","June",,15.6823333333333,16.6823333333333,,,,,12.0997769155976,12.682873111175,12.4056764962529,13.2577732722904,,,12.5500077474151,13.8048507715696,2.56537173941325,1.3257323807783,1.12697635110031,1.09127129574015,2.3007180305408,1.49378731540258,,11.0146427941256,2.39796053998582,19.9368396336293,9.4301452926155,8.94,14,9.79867754067532
2011-07-01,2011,"Q3","2011/12","Q1","July",13,16,17,,,,,13.0916032337237,14.2369590358021,13.4681837459401,14.9606931658451,,,13.2980213875305,15.3375502515326,2.81710979365993,1.26238613377896,1.19708066760933,1.08190863201204,2.33051360796059,1.49377686174362,,12.9856780337107,2.1187526227345,21.7245804579027,9.66198496279132,12.8,15.32,13.2
2011-08-01,2011,"Q3","2011/12","Q1","August",14,17,18,,,,,14.5304095132624,15.9514731731936,14.3882530894557,16.103592533311,,,14.4645938004745,16.915979773698,4.31415505691282,1.16258102679286,1.1968726639206,0.950004425634782,2.2908950709349,1.49382727264617,,14.2018933728352,3.90575460317673,21.3075444993191,9.78868744654531,18.1,16.51,18.54
2011-09-01,2011,"Q3","2011/12","Q1","September",16,21,22,,,,,15.5885640249397,17.2334608871641,16.0007732126775,18.1470409969162,,,16.77068183025,20.1448054358679,2.52754089882668,1.10572238353113,1.19597782518827,0.950067340988094,2.36872393133873,1.62831499175076,,13.7422077582029,2.42022667904208,23.3359523961013,9.69554853374948,19.67,20.11,19.68
2011-10-01,2011,"Q4","2011/12","Q2","October",20,25,26,,,,,18.7988713531618,21.2322778718163,18.872742974645,21.9237624666573,,,19.1690744151037,23.7083161316729,2.35251573295616,1.13569884413967,1.20060249701911,0.950065392193452,2.37347097164345,1.65624958457067,,15.8038721518102,3.82043772921848,23.5495918160434,9.52287132297573,23.42,20.11,23.39
2011-11-01,2011,"Q4","2011/12","Q2","November",23,28,29,,,,,19.583077817941,22.2389746983952,20.1707285009768,23.6887405930959,,,19.3164931900397,23.9335572691077,3.07476333495546,1.58921640103412,1.25640323919892,0.950076106710645,2.3750608605252,1.6754086270515,,19.6839636722534,4.48052769653115,25.9679818584324,10.2536702599853,22.53,25.29,23.83
2011-12-01,2011,"Q4","2011/12","Q2","December",23,28,29,,,,,20.0908360263736,22.8895589799463,20.0628854561355,23.5392349480749,,,18.3082798481502,22.4111775624457,3.27558345635542,1.29156335996324,1.19132762892396,0.950100570815273,2.31211378713952,1.73700251697372,,19.953809165286,4.06311290172456,26.7055197010198,10.0793450087054,25.37,27.42,26.68
2012-01-01,2012,"Q1","2011/12","Q3","January",23,27,28,,,,,20.2820388051269,23.137471164249,20.981012089002,24.8109623873446,,,19.6915351399821,24.5114042970346,3.38555133335488,1.33484717604217,1.31405506064812,0.950143369843983,3.23019899780672,1.8752229477651,,21.2304488473304,5.85621199398273,27.237894705117,10.3439634564558,26.27,28.55,26.21
2012-02-01,2012,"Q1","2011/12","Q3","February",22,26,27,,,,,17.5825061296703,19.6974216871193,16.8192505785714,19.2058208021992,,,15.9557441942527,18.9799566077551,3.31111573220612,1.26111761445836,1.32372159259614,0.950051137867136,3.17551122955491,1.76012263617165,,19.7833313623416,5.08763556762831,26.9199039757476,10.413778310195,16.61,23.52,19.23
2012-03-01,2012,"Q1","2011/12","Q3","March",21,25,26,,,,,15.6550947104396,17.3145270580441,16.7685139248851,19.1408318102394,,,16.2492479128253,19.4028522534712,3.37134859492552,1.25889745818329,1.37953486280407,0.950041776989614,3.25415643437723,1.75490878108585,,19.9581508551541,4.47067123200087,27.5655091843762,9.99124746403589,22.7392197125257,25.0328882294758,21.8468134198055
2012-04-01,2012,"Q2","2011/12","Q4","April",21,25,26,,,,,16.2930044483516,18.09647270257,17.3578102578755,19.9079303441096,,,16.8528372323008,20.2628240618072,3.7373755962995,1.2435917344866,1.64890588597223,0.950819297765384,3.30189017390565,1.78550945440484,,20.6203905410806,4.60140857428768,26.1429960237743,8.23244402279239,21.12,22.68,21.29
2012-05-01,2012,"Q2","2011/12","Q4","May",21,25,26,,,,,16.4012112337764,18.2303404351867,17.5421699294128,20.150375276851,,,16.791371381543,20.17435534507,3.46999117393807,1.34835636366789,1.41557433838563,1.00680595653515,3.28439162650154,1.6312542095291,,18.9657215914041,3.43820731388179,26.6569806498912,9.31571255463944,16.221642,20.686568,18.6974759941078
2012-06-01,2012,"Q2","2011/12","Q4","June",20,24,25,,,,,16.6757862456044,18.5688433885271,17.1091564008082,19.5824713337509,,,16.1383836311744,19.2387253150755,3.50480859711294,1.25361183720183,1.31817544772213,0.952407842634166,3.26571849049792,1.65802637409961,,19.9041150860505,5.22025741438606,27.0207042515861,8.44487210770858,18.82,20.0513996749142,20.3677964561563
2012-07-01,2012,"Q3","2012/13","Q1","July",19,23,24,,,,,16.742454994217,18.6528989473077,16.377499805898,18.6333673939155,,,14.9275596500624,17.5449781297831,3.61131362437419,1.25515330623765,1.39449709306691,0.952340666871764,3.25849317371661,1.64832053378785,,17.7688712314371,4.74051155437666,26.8794773447707,9.05381647622716,13.99,18.52,15.9934020828386
2012-08-01,2012,"Q3","2012/13","Q1","August",17,21,22,,,,,12.6842313186813,13.7590412954327,13.5247242924908,15.0419140280324,,,12.4905533550325,14.280550017782,3.56511065993265,1.28299557209978,1.56417346154903,0.959169684017775,3.15200138709843,1.66901750841025,,15.2118876067439,4.97309004386429,26.4277726723914,9.1362760824146,12.36,16.58,13.26
2012-09-01,2012,"Q3","2012/13","Q1","September",15,19,20,,,,,10.7090699576923,11.4776222539773,10.8103474462637,11.7566511066331,,,10.1998581510188,11.3603873070666,3.14094998018804,1.15753134031533,1.72346287921748,0.961035056397202,3.07240319121459,1.64876556383814,,11.8659609020472,2.6708377988882,25.6579667887168,8.72843011535028,10.66,14.98,10.96
2012-10-01,2012,"Q4","2012/13","Q2","October",13,17,18,,,,,9.13540273430748,9.68149074724974,11.3837765121232,12.452466630441,,,10.8877360673428,12.2314658848024,2.95420917787214,1.1748806418404,1.5874493814923,0.981904525513978,3.0834260283479,1.67579665215973,,12.7451881648918,4.51457084995309,23.5388274362171,11.0433520855993,11.79507,13.63309,12.30701
2012-11-01,2012,"Q4","2012/13","Q2","November",12.5,16.5,17.5,,,,,9.28010602802199,9.84405227752809,13.4786962217894,14.9735109092442,,,13.0605761627894,15.0200609031194,2.85175581613933,1.2204524990923,1.73406305412626,0.965888191377681,3.16573677297135,1.8509956870743,,10.8095753186024,2.63198620223805,23.7792622406711,10.4413928465876,8.38,12.6,10.1534231237857
2012-12-01,2012,"Q4","2012/13","Q2","December",12,16,17,,,,,9.35579936703299,9.92920781316602,13.1831362414835,14.6099159906865,,,13.1717169022894,15.1666196334386,2.61932757459077,1.27100102137554,1.5608002057522,0.958621084547528,3.17887792098824,1.74713443927395,,12.7160134404399,5.00087532735961,24.9205447416324,8.74825521247046,7.7726897,12.32,9.856384
2013-01-01,2013,"Q1","2012/13","Q3","January",12,16,17,,,,,9.19318681318682,9.74637707194756,13.5541346153846,15.0664060555247,,,13.368125,15.4275509229311,2.80398498236006,1.37719157049907,1.5837689609565,0.959660391914513,3.29046438850585,1.80174532758626,,13.5426949234097,7.04261235660479,24.0960643515367,9.82465584088057,7.15804412333893,12.0420391858474,9.15827121451699
2013-02-01,2013,"Q1","2012/13","Q3","February",12,15,16,,,,,9.09236263736264,9.63367800283023,13.2818406593407,14.7322759920278,,,12.6031662087912,14.4194089910096,2.61875545148578,1.23571108953283,1.49124214074808,0.959227531119031,2.28468461665397,1.70412203528852,,13.472833666051,4.79098420357107,24.3229985437882,9.32385038292792,5.19458187522626,10.946309148265,7.12418262720063
2013-03-01,2013,"Q1","2012/13","Q3","March",12,15,16,,,,,8.83821428571431,9.34882424928269,11.2337774725275,12.2578530945745,,,10.8773008241758,12.2044634640389,2.8204934276554,1.36301401525623,1.58364554222547,0.959329016659899,3.23665620931276,1.68538368460603,,12.1049302317145,4.70286849286908,24.0305179153044,9.90946494702553,7.99926571372626,11.4175651392633,8.64615619512941
2013-04-01,2013,"Q2","2012/13","Q4","April",12,15,16,,,,,9.48598901098902,10.0792571954069,10.2701373626374,11.1183197269188,,,10.3719162087912,11.5704010285713,2.7826178238208,1.50257572269721,1.57772048438341,0.987848984968254,3.22931818501101,1.690053591555,,10.8232615149071,4.94725564790063,24.6947160963886,10.2763812048227,8.143,11.361,8.741
2013-05-01,2013,"Q2","2012/13","Q4","May",12,15,16,,,,,9.38705128205127,9.96890448964169,10.2761538461538,11.1253947410423,,,10.7979166666667,12.1033551802554,2.92114881993297,1.45302435993046,1.59483421031511,0.984291802545028,3.06245740824256,1.68074105243806,,12.1710208597603,4.97267311267782,23.4519863280217,9.7301355830597,9.04,11.82,9.04
2013-06-01,2013,"Q2","2012/13","Q4","June",11,14,15,,,,,9.52208791208792,10.1170932085842,11.0131730769231,11.9936486878697,,,11.6469093406593,13.1803358463848,2.59813712591055,1.37187540343635,1.51316446424174,1.0076309946295,3.12370968383874,1.65582128246589,,12.2589720648212,4.52291582383959,22.7175118633896,10.1136160675637,7.73,11.18,9.1287
2013-07-01,2013,"Q3","2013/14","Q1","July",11,14,15,,,,,9.36766483516485,9.94260756413657,10.6822664835165,11.6025466828701,,,11.696043956044,13.2427251386003,2.89618327722495,1.31103368333714,1.69613202409925,1.01911004786391,3.27594721909216,1.67010629321646,,11.7238756694585,4.45848490866255,23.145730723566,9.18137678296765,8.26,11.02,9.51
2013-08-01,2013,"Q3","2013/14","Q1","August",11,14,15,,,,,9.23321428571427,9.79126971620142,10.6421098901099,11.5551812767309,,,11.4653406593407,12.9481389862505,2.9208605116557,1.29193972418513,1.68805423852689,1.01933319078598,3.30473430550824,1.67723133819557,,10.9134522326716,4.078692224512,23.0957847812148,9.56978676736185,7.16,10.9916989485335,7.97
2013-09-01,2013,"Q3","2013/14","Q1","September",12,15,16,,,,,9.39173076923078,9.96984918131906,10.8898351648352,11.8475431307116,,,11.0232005494506,12.3866838041689,3.02894299714316,1.32507514241529,1.74477898171077,1.05910571955347,3.29011444091869,1.65136056862479,,11.9951937759909,4.01365340510298,22.5152112149347,9.65278026699117,7.70166595472021,11.7649908352972,8.75165235653838
2013-10-01,2013,"Q4","2013/14","Q2","October",12,15,16,,,,,9.67034980238095,10.2846226623117,11.4359235212143,12.4986121065924,,,11.6889537917206,13.2361311009867,2.61273599715363,1.36928265065181,1.64726617235796,1.01125239212346,2.30120315250601,1.67385473038283,,11.2933504176176,4.24759701443775,22.2232990091955,9.59273294337426,8.141,11.808,8.778
2013-11-01,2013,"Q4","2013/14","Q2","November",12,15,16,,,,,10.236722835989,10.9264312897166,12.6131585922161,13.9139906557937,,,12.2713812663977,13.9850953849689,2.94069282399171,1.30061462296534,1.70787844194502,0.964150921482331,2.39261998653136,1.70415323978332,,12.4690193183909,4.64995710058423,22.6980714028555,10.1753171112703,8.31,11.96,8.89
2013-12-01,2013,"Q4","2013/14","Q2","December",11.5,14.5,15.5,,,,,8.78206043956045,9.28730563896474,11.6509203296703,12.7557509975177,,,11.5466346153846,13.0527560748163,3.42900468295244,1.54209930408425,2.27889668147668,1.15468767010814,2.46716564339683,1.74464482985807,,12.6194675036399,4.69667232332874,22.4350450453722,9.87628903125392,7.336,11.419,8.16
2014-01-01,2014,"Q1","2013/14","Q3","January",11.5,14.5,15.5,,,,,8.36580973917555,8.821971610681,10.6604054051391,11.576691101904,,,10.7408529276557,12.0312776290469,3.94573212521058,1.51057346992619,2.16741509108926,1.11777905588141,3.06946916425994,1.7355189169826,,11.3656580612401,3.79394463910947,21.924662920088,9.42901179321144,8.66,11.164,8.94
2014-02-01,2014,"Q1","2013/14","Q3","February",11.5,14.5,15.5,,,,,8.89451349260163,9.41165870435211,10.9937782145997,11.9705806741608,,,11.1249757405907,12.5155316296938,4.59253649624539,1.42088835917214,1.97773629792779,1.05614310643441,3.44927772001982,1.73248816166903,,12.5180132966428,3.49151151131363,20.8134222612181,9.80356832011935,9.23,11.25,9.42
2014-03-01,2014,"Q1","2013/14","Q3","March",11.5,14.5,15.5,,,,,9.35389028085035,9.92722618104725,11.3287793470913,12.3689516031033,,,11.4999410765677,12.9919926803676,3.09632756869753,1.34033479869216,1.87508280804033,0.959999004313731,2.51263300411132,1.71754019517744,,12.3995586426174,4.20901126735735,21.8703234542479,9.39077681548041,9.58,11.36,9.76
2014-04-01,2014,"Q2","2013/14","Q4","April",11.5,14.5,15.5,,,,,9.86610499798535,10.5081184835764,11.330268299529,12.371150773513,,,11.5327532904686,13.0345379708724,3.83432712110725,1.41179421331137,1.89730205008565,0.961446149292958,2.52425374144847,1.70670090835937,,12.0874248631854,3.99496309132588,21.7776609899996,9.01624326908326,9.19,11.35,9.3
2014-05-01,2014,"Q2","2013/14","Q4","May",11.5,14.5,15.5,,,,,9.52121869623253,10.1157088613113,10.7917504596154,11.7316353106598,,,10.8935042530794,12.2231920198641,3.03143479288578,1.51831596579368,1.68017739725611,1.106993723077,2.31078155769534,1.6542544059469,,11.3633542718679,4.26673007636068,21.8921819047354,9.71614653741837,8.77,11.18,8.9
2014-06-01,2014,"Q2","2013/14","Q4","June",11,14,15,,,,,8.93824718846155,9.46050400352201,10.4187552950549,11.2925960822659,,,10.642696274353,11.9083058979413,2.41576166667227,1.49485033340967,1.78708271872805,0.957149342797127,2.31423699916613,1.51796722552432,,9.81753435481969,4.31215145787407,21.5481028162378,9.03107404803968,7.17,10.83,7.5
2014-07-01,2014,"Q3","2014/15","Q1","July",11,14,15,,,,,9.07326863021977,9.61203941874994,10.3324162577472,11.1912881451555,,,10.6779548041248,11.9524760630508,2.81649662230777,1.33633914380328,1.65030599774268,0.956555840871417,2.34407070049745,1.50361449442391,,10.3975584980437,3.89240968242332,21.5597927318759,8.17640826284863,9.56,11.01,9.87
2014-08-01,2014,"Q3","2014/15","Q1","August",11,14,15,,,,,10.1415761982637,10.8182290602007,10.5270876560439,11.4197700987971,,,11.0913892979396,12.4729081551205,2.47285186979302,1.19668137825296,1.61308896693255,0.956612205039738,2.28986076589301,1.5000260009789,,9.70193509701944,3.60387734581487,21.7207206683614,8.86248832384891,9.59,11,9.97
2014-09-01,2014,"Q3","2014/15","Q1","September",11,14,15,,,,,9.96313050796701,10.6157062683932,11.287599247553,12.3195927102752,,,11.4238629145312,12.8949869803043,2.5420566830111,1.33228879837031,1.7727249124393,0.957544516204445,2.41461926387719,1.5295695875666,,10.029414823018,3.7960454437623,21.1779232882472,9.83870144784189,8.33,11,8.89
2014-10-01,2014,"Q4","2014/15","Q2","October",11,14,15,,,,,10.3472031345942,11.0529865156687,11.7284161645774,12.8466109170051,,,11.7945564770171,13.3693124951566,2.49687713602023,1.38647771368254,1.65765885320292,1.01740160577206,2.54025049762773,1.50857856127734,,9.72179840201512,4.25145678928869,21.9062402148964,10.8039662644165,9.27,11.07,9.71
2014-11-01,2014,"Q4","2014/15","Q2","November",11,14,15,,,,,10.3647301649559,11.073925500346,12.2387056696905,13.4600602604369,,,12.0220952529875,13.6622366761064,2.80607313556516,1.31975176681651,1.65678754626286,0.956178813902508,3.58004830050008,1.47866254113503,,9.818932899331,4.00318322508755,22.1417565781373,9.28345329446171,8.24,11.03,8.58
2014-12-01,2014,"Q4","2014/15","Q2","December",11,14,15,,,,,10.5592294477493,11.2957619101993,12.3106776412368,13.5471013279335,,,12.0918765804486,13.7525303547046,3.01277736792182,1.43649269249236,1.64957673832807,0.956530989638293,3.23040129992441,1.52038585193372,,10.4928958574402,4.18372275878155,20.6779344561068,10.7905222411822,8.38,11.04,9.3
2015-01-01,2015,"Q1","2014/15","Q3","January",11,14,15,,,,,10.7438190309485,11.5063243297329,12.6293904857888,13.9338361596178,,,12.7256625164229,14.579404311529,2.8885682391606,1.33475146170519,1.67604713545549,0.957013586066795,3.31063314746122,1.52718113675481,,10.8142991107509,4.1048444104863,21.6867684590963,9.66859790161699,10.71,12.5,11.17
2015-02-01,2015,"Q1","2014/15","Q3","February",11,14,15,,,,,11.3920265717033,12.2515742883944,13.2682995355769,14.7144865898372,,,13.5956043127179,15.7314855123156,3.3754267997516,1.37368770175936,1.59002986403877,0.957429562788516,2.93994228831857,1.51845741811372,,11.3833792948068,3.78058969949632,20.82,8.35,8.8,11.75,9.31
2015-03-01,2015,"Q1","2014/15","Q3","March",11,14,15,,,,,12.2732989628345,13.2794694203047,13.5317052939716,15.0387280555191,,,13.7907865596717,15.9932139550953,2.66032237148355,1.4663685995486,1.42507061888947,0.959779604917743,3.2908690691933,1.52455920913041,,9.75850161924812,4.24937409282342,20.0801326974771,10.4411057101015,12.1,14.08,12.61
2015-04-01,2015,"Q2","2014/15","Q4","April",12,15,16,,,,,13.057395740293,14.1960625555825,13.8870529573007,15.4785895914921,,,14.2965897418496,16.6782246772905,3.50826831350693,1.33820553673237,1.54859219868289,0.959852197450459,3.27785231809512,1.500907456177,,11.5092484276813,4.02107480073233,22.1,10.25,10.96,12.27,11.12
2015-05-01,2015,"Q2","2014/15","Q4","May",12,15,16,,,,,12.8464467645605,13.9475776191611,13.8494445401324,15.4320816401268,,,14.2572708802922,16.624542493393,3.07567202520004,1.19747377826321,1.58843183991701,0.958795868825457,3.13261020781333,1.5131370667043,,11.9183778148557,3.60262363278032,22.7391753057081,9.08730414868841,8.82,12.14,10.46
2015-06-01,2015,"Q2","2014/15","Q4","June",13,16,17,,,,,12.7623468103938,13.8487250122064,13.5481126799721,15.0591924869986,,,14.0186771576926,16.3006708142882,2.69368414214661,1.31936993433532,1.50073983737036,0.955612892322349,3.26165743771049,1.51255794661997,,10.3857843699818,3.96727668041214,22.34,9.87,11.09,13.32,11.78
2015-07-01,2015,"Q3","2015/16","Q1","July",14.5,17.5,18.5,,,,,13.39,14.6,14.48,16.22,,,14.75,17.29,3.15,1.27,1.42,0.95,3.64,1.5,,11.27,3.92,21.76,8.04,16.39,17.06,16.52
2015-08-01,2015,"Q3","2015/16","Q1","August",16,20,21,,,,,14.7216526536672,16.1826475565765,15.7208261090474,17.7882477905231,,,15.6016181386262,18.4825230800566,3.3,1.33,1.12,0.95,3.2,1.54,,13.06,3.87,23.5,8.69,11.36,17.24,13.32
2015-09-01,2015,"Q3","2015/16","Q1","September",16,20,21,,,,,16.6823180055656,18.5780408010397,17.6859497632631,20.3445759599468,,,17.6600966675768,21.4453354016389,3.31,1.29014867513459,1.59391651073442,0.951195461340974,3.49289105498892,1.49953625322965,,14.5281261409222,4.0791586430938,23.25,8.51,12.04,18.07,13.65
2015-10-01,2015,"Q4","2015/16","Q2","October",17,21,22,,,,,18.7539775736213,21.1750541719682,19.6372171362923,22.9569342418924,,,19.1138987764396,23.6229084690823,3.2896318392575,1.25055246190815,1.53563390900039,0.951478075659609,3.56911124518022,1.49556634643961,,14.7578954774028,3.94723291625502,23.9,9.1,11.58,17.36,12.61
2015-11-01,2015,"Q4","2015/16","Q2","November",17,21,22,,,,,18.329436754945,20.64,19.4979325693407,22.77,,,18.3293409201203,22.44,3.48,1.25,1.55,0.95,3.52,1.5,,16.85,3.95,24.45,8.96,11.13,17.33,12.63
2015-12-01,2015,"Q4","2015/16","Q2","December",17,21,22,,,,,17.6020360436628,19.7220478483935,19.5472681563047,22.8344508706363,,,18.5376157980951,22.7501179601226,4.18414879629812,1.29041370532526,1.49792816717238,0.95584119954345,3.52455103227723,1.7977490780168,,16.9758805964262,4.07805066991848,24.59,9.42,12.52,18.17,14.17
2016-01-01,2016,"Q1","2015/16","Q3","January",17,21,22,,,,,18.2208036110281,20.4996561346066,19.7857437812088,23.1596327860525,,,19.7380761360039,24.5846368765625,4.1428303762656,1.42387725158365,1.45551957891295,1.01729543969217,3.16440055859663,1.95839453871755,,17.2813852165318,4.41675647421475,24.29,9.43,11.35,18.43,12.95
2016-02-01,2016,"Q1","2015/16","Q3","February",17,21,22,,,,,18.7014426090659,21.1083312077784,20.0471971478022,23.5182144204135,,,19.1480331919953,23.6870400272748,3.3418666344231,1.36085106000433,1.43854184680647,1.09720083033063,3.18813295506959,1.95524194055697,,16.1493007851883,4.37912291341197,25.22,10.09,10.8,17.51,12.35
2016-03-01,2016,"Q1","2015/16","Q3","March",17,21,22,,,,,15.0702507582418,16.6119745200061,15.6531952954518,17.7251351161878,,,14.4440597128625,16.8837001763097,3.43702192491739,1.32559221085019,1.51239992273098,1.11885759535689,3.19859767492669,1.76089828012004,,13.7351725742514,3.51310442756371,24.37,10.45,9.86,17.03,11.33
2016-04-01,2016,"Q2","2015/16","Q4","April",16,20,21,,,,,13.6893077226648,14.9450607714445,14.1326853527959,15.783694473152,,,13.6426571404367,15.7943299280038,4.18917855365918,1.35946230693032,1.94392757439823,0.957135956199697,3.67852092441128,1.64307261946366,,12.422400461811,4.13066928674865,24.23,9.16,11.35,16.38,12
2016-05-01,2016,"Q2","2015/16","Q4","May",16,20,21,,,,,13.5414137813989,14.7691773089097,14.2971217548728,15.9888419502604,,,13.9109012773905,16.1553432535544,4.53,1.33,1.98,0.95,3.62,1.65,,13.61,4.18,24.48,9.56,11.26,16.18,12.11
2016-06-01,2016,"Q2","2015/16","Q4","June",15,19,20,,,,,13.8802779366486,15.1726273366274,14.7667592980481,16.5784071372059,,,14.9153680663387,17.5273603337774,4.10919939032717,1.25583244372752,1.90063122961023,0.959132615326358,3.71170995207421,1.49489045219101,,12.2382101977425,3.27719521392466,23.54,9.47,13.52,15.74,14.11
2016-07-01,2016,"Q3","2016/17","Q1","July",15,19,20,,,,,14.332138171978,15.7132421718881,14.3827698128022,16.0958849461121,,,14.8147480121998,17.3868767906686,4.89667140874568,1.35748992642766,2.69442492639161,0.95236198249104,3.47492867899579,1.49185205991223,,13.0141731764906,3.7014759245894,23.9,9.5,13.46,15.4,13.92
2016-08-01,2016,"Q3","2016/17","Q1","August",14,18,19,,,,,13.8908318301011,15.1858259732926,14.2260248957035,15.9005145545405,,,14.4015009576245,16.822270786665,4.48,1.31,2.26,0.95,3.52,1.49,,12.92,3.7,24.29,9.36,12.64,14.7,13.09
2016-09-01,2016,"Q3","2016/17","Q1","September",14,18,19,,,,,13.0640000810951,14.2038892141924,13.9544213463321,15.5620337334196,,,13.818021952345,16.0302729648396,4.41329004754734,1.25605443012972,2.32009464866918,0.953845876377992,3.63090012796146,1.49413035439454,,11.853729357757,3.36499930144196,23.7135914959542,8.73414465499275,11.91,14.2,12.49
2016-10-01,2016,"Q4","2016/17","Q2","October",13,17,18,,,,,12.9879767398402,14.1142135810827,13.4505974238462,14.9388901120833,,,13.3030854239962,15.3415427819198,4.10602740057323,1.22841878883562,2.12926121897138,0.955631690399385,3.32122523862197,1.51329115783233,,11.540349842569,3.25265118970228,22.81,10.38,12.12,13.79,12.46
2016-11-01,2016,"Q4","2016/17","Q2","November",13,17,18,,,,,12.9861038868132,14.1119452532819,13.2598002157692,14.7040162332551,,,13.1389768044167,15.1235801676322,4.6,1.3,2.34,0.98,3.73,1.53,,12.01,5.16,23.07,10.09,11.33,13.37,11.77
2016-12-01,2016,"Q4","2016/17","Q2","December",12,16,17,,,,,13.0078179975275,14.1376587065913,13.6144054208791,15.1408020457925,,,13.7295437190406,15.9109002085275,3.94602303469505,1.19938775177858,1.90235736599226,0.980916372219325,3.69436182126273,1.50764718189799,,12.0798776186315,3.83204964387697,22.72,9.15,10.36,12.59,10.77
2017-01-01,2017,"Q1","2016/17","Q3","January",12,16,17,,,,,12.9229121387362,14.0374737276295,13.4549145957143,14.9443552834592,,,13.1820393675032,15.1815062919624,3.10821766664089,1.22568957942502,1.90083621122193,0.981510721550148,2.77742472062526,1.72997826364072,,11.7603907870204,4.01229688041927,22.37,8.59,10.7449830890643,12.2869333333333,11.1132091447925
2017-02-01,2017,"Q1","2016/17","Q3","February",11.5,15.5,16.5,,,,,12.4205234313187,13.4478752708813,12.3606957518681,13.6081250190927,,,12.2475362388049,13.9542200118535,2.6105117331816,1.25361173198806,1.65746707577381,1.03324910098156,2.62115579585583,1.77564733875682,,11.4322114005928,2.96986027557628,23.1273568441806,8.19,9.73762340036563,11.9185828343313,10.1036888217523
2017-03-01,2017,"Q1","2016/17","Q3","March",11.5,15.5,16.5,,,,,10.8172829516484,11.592020197575,11.4436817260073,12.506144430391,,,12.1703724919203,13.8540562475016,2.99969338959552,1.3293210888442,1.78316692060117,0.997916476639738,3.01753307918962,1.66770628298766,,10.2998941789782,2.97020969585722,22.45,8.14,9.77207455988954,11.7034026465028,10.0823085846868
2017-04-01,2017,"Q2","2016/17","Q4","April",11,15,16,,,,,9.84852197197803,10.4855428968933,10.9633911520879,11.9346136741034,,,12.1480241946059,13.8251028170368,2.87407794033419,1.4008927988148,1.72308935904449,0.984613077866077,2.87623799225266,1.64250819939311,,10.9107407406141,2.67518609288494,20.52,8.44,9.91165204067419,11.5190064794816,10.1445639897759
2017-05-01,2017,"Q2","2016/17","Q4","May",11,15,16,,,,,10.0645390796703,10.7305962646691,10.8793858883471,11.8351869753448,,,11.9964526341634,13.6298023424789,2.72321215487751,1.57231601382437,1.69255890267082,0.982891584320565,2.95299744793488,1.64036801936048,,9.89409825319171,3.0496599452605,21.04,8.22,9.64157580021104,11.2441520467836,9.85612588520774
2017-06-01,2017,"Q2","2016/17","Q4","June",10,14,15,,,,,10.0645390796703,10.7305962646691,10.8793858883471,11.8351869753448,,,11.9964526341634,13.6298023424789,2.47908418295096,1.6340954993915,1.60068973232785,0.985114228841232,2.33732940855031,1.6791402834144,,8.85860323042166,3.54,21.11,8.15,8.52229285206259,10.8998402555911,9.05574114891858
2017-07-01,2017,"Q3","2017/18","Q1","July",10,14,15,,,,,9.50686125521978,10.1,9.77374064763735,10.54,,,10.4337121530802,11.65,2.88588217794164,1.37620474098767,1.71754993897382,0.982841460830722,3.44137638139361,1.67328353984834,,9.30967099978342,3.2781966973161,20.88,7.51,7.47398645556877,10.5350157728707,7.8978774685119
2017-08-01,2017,"Q3","2017/18","Q1","August",10,14,15,,,,,9.28762595054945,9.85251750459932,9.46502169629121,10.1812701294545,,,9.95230729945031,11.0505812660344,3.01343283306848,1.34799519683168,1.66519060269963,0.986173451880085,3.50791803379676,1.65452942064127,,9.27793681812204,2.03020134918403,22.29,8.21,7.81499521369447,10.4235509660227,8.36671906828448
2017-09-01,2017,"Q3","2017/18","Q1","September",10,14,15,,,,,9.2493723260989,9.80950281920678,9.10456015041209,9.76602303591844,,,9.54663009895605,10.5532156321273,3.0139743398618,1.2861974833216,1.54300642105071,0.980424355765743,3.55258848823051,1.62722857260576,,9.04395120394496,3.18179108853112,20.89,7.56,8.25195711865397,10.3889931740614,8.55262899985299
2017-10-01,2017,"Q4","2017/18","Q2","October",9.5,13.5,14.5,,,,,8.68644901043959,9.17920818195293,8.73553973891941,9.34259213735352,,,8.61848586098246,9.43018583327301,2.70940318731666,1.21914938379831,1.51405236872336,0.980874684301071,3.47852935061207,1.62815438035,,8.77011125576746,2.28631092248215,18.97,7.16,8.39837575351641,9.86467696629214,8.71261390262952
2017-11-01,2017,"Q4","2017/18","Q2","November",9.5,13.5,14.5,,,,,8.3440918456044,8.8,8.31312622161171,8.86,,,8.48723218479075,9.27,2.63898275622169,1.39584108729607,1.52660105120717,0.977589621955178,3.60916550128625,1.65331338925245,,8.58654651900059,2.22056148555247,21.42,7.87,7.97228186190312,9.63304668304668,8.23471008737093
2017-12-01,2017,"Q4","2017/18","Q2","December",9.5,13.5,14.5,,,,,7.99927612500001,8.41558202475147,8.02100178736265,8.53029104366958,,,8.28264709643454,9.02953096008547,2.73741832414331,1.31031664076387,1.47951664884654,0.976979101187047,3.54262970883213,1.7123477086986,,8.22265499717312,2.98710023735919,20.276701023335,7.57251915664076,7.7938654693062,9.30096153846154,8.00833015997138
2018-01-01,2018,"Q1","2017/18","Q3","January",9.5,13.5,14.5,,,,,8.16135402238094,8.59502396874611,8.03257929768009,8.54356317735006,,,8.33905481915512,9.0966969132817,2.932378981142,1.22046890142162,1.61544840215703,0.977322918134139,3.59207141545493,1.71383836551458,,8.98805805248042,2.41244451801806,20.2573268024728,7.87597602735323,7.78248466081771,9.6539886039886,8.09104988588197
2018-02-01,2018,"Q1","2017/18","Q3","February",9,13,14,,,,,8.23911963049451,8.68125878870568,8.36000230791209,8.91444493578916,,,8.57744511162087,9.38098280947713,2.99255980135533,1.22683911587751,1.50706843618065,0.977700288327935,3.56261809037524,1.70088796050679,,8.23588307197938,3.00095410975398,21.1035262097449,7.1708415817447,8.12754509997725,9.58806978052898,8.22144077561098
2018-03-01,2018,"Q1","2017/18","Q3","March",9,13,14,,,,,8.25059587225275,8.69,8.44548992857143,9.01,,,8.72319100985164,9.56,2.88813542648216,1.22995044547176,1.49869528717167,1.0047300312119,3.54576120913462,1.66758584427178,,8.81657967141181,3.41321287660405,20.1018827701149,7.31511676384331,7.7046685653655,9.18818681318681,7.88215169602562
2018-04-01,2018,"Q2","2017/18","Q4","April",9,13,14,,,,,8.29094756483517,8.73878881957578,8.67016374928571,9.26781579019564,,,8.86793338647959,9.72954012761637,3.17918755897965,1.20672655741449,1.45412229978591,1.00415095621424,3.53261934888613,1.66709753066914,,9.07006060339966,2.79836796156293,20.034877234095,7.75848225588137,7.70831396913142,9.24151277013753,7.90566234097232
2018-05-01,2018,"Q2","2017/18","Q4","May",9,13,14,,,,,8.31891625137363,8.77,8.82696424836082,9.45,,,9.15321655287539,10.07,2.73740163567435,1.25714534128539,1.33670346690249,1.00564480713912,3.51668918347012,1.73207656877633,,8.76418417320859,2.48073145108336,20.1999073716358,7.79937604401321,7.6704228520018,9.18936,7.87295564594228
2018-06-01,2018,"Q2","2017/18","Q4","June",9,13,14,,,,,9.22378729377483,9.78379366598676,10.1643886639812,11.0015859269199,,,11.1920070626907,12.6312343601895,2.42093931951589,1.55338646296337,1.2626067921979,0.999881265427627,3.50671329408476,1.82880762510136,,9.28292028320076,2.53332236338756,17.683715187874,8.35608951810349,8.3717363840539,9.38752417794971,8.66040925712568
2018-07-01,2018,"Q3","2018/19","Q1","July",9,13,14,,,,,9.87505494505496,10.5155994951122,11.0422527472527,12.0280237553854,,,12.6682074175824,14.5028252345288,2.71196703209412,1.28843832350901,1.34988125495916,1.03963020392505,3.47192514678361,1.83701908268458,,9.17297083112945,2.77786526618784,19.17,7.62,8.53843274355398,9.83565965583174,8.81222291839275
2018-08-01,2018,"Q3","2018/19","Q1","August",9,13,14,,,,,9.94858974358973,10.599099573666,10.9901098901099,11.9662457799743,,,12.3855998168498,14.134944250879,2.42093382137363,1.35093301100779,1.33845720767026,1.10254086756551,3.55240713177745,1.85659669125375,,9.31907270058171,2.56800014365862,19.03,7.78,7.69906594961789,9.3700495049505,8.05707190671561
2018-09-01,2018,"Q3","2018/19","Q1","September",9,13,14,,,,,9.37568681318684,9.95174045476979,10.933956043956,11.8998085620487,,,10.9494986263736,12.2959590714535,2.48820928784489,1.33936841574511,1.38917698401611,1.07799565768097,3.53263664315464,1.8446986290574,,9.67733083386126,2.78916680428569,19.56,7.99,8.33703703703704,9.3479268292683,8.57988271290158
2018-10-01,2018,"Q4","2018/19","Q2","October",10,14,15,,,,,10.7053296703297,11.4613672631239,11.8324175824176,12.9707117897024,,,12.0725755494505,13.7279113023469,2.73490031883035,1.49260909120279,1.31131731031517,1.07634934767598,3.5085420064514,1.82732783450805,,9.72414825546075,3.06915819781168,20.3713441887711,8.69983922572032,8.72377925455071,10.5882938388626,9.16416216216216
2018-11-01,2018,"Q4","2018/19","Q2","November",10,14,15,,,,,10.4085164835165,11.1221954926124,11.4744368131868,12.5425570720488,,,11.6052953296703,13.1277338520317,2.53944665492787,1.48036858979113,1.40197437021251,1.08508429511487,3.48726564946661,1.81617864598713,,10.3603192666161,2.82941912596795,20.5096932845887,7.99289736989489,8.72111111111111,10.4361885104919,9.27508673254836
2018-12-01,2018,"Q4","2018/19","Q2","December",10,14,15,,,,,10.1237362637363,10.7978176149959,11.0181868131868,11.9994976625944,,,11.5070260989011,13.0014651247559,2.64174283506039,1.44591016806254,1.3228602049718,1.08411278603965,3.53249784219948,1.79364605670718,,11.2079048235248,2.59198830692681,20.1477551090464,7.83393776120685,9.16369801743611,10.6175775480059,9.45314738593854
2019-01-01,2019,"Q1","2018/19","Q3","January",10,14,15,,,,,10.228021978022,10.9166285060883,11.1879853479854,12.2009750487525,,,11.571369047619,13.0847233796132,2.92258653534505,1.40568741035619,1.37255198624401,1.0798701744939,3.59523081368111,1.85116236585006,,10.9131652348625,3.21859862140257,21.3984700795888,6.83,9.35028058183462,10.5440599497803,9.658381477087
2019-02-01,2019,"Q1","2018/19","Q3","February",10,14,15,,,,,9.2814285714286,9.84553943240296,10.236043956044,11.0786358610759,,,10.3227815934066,11.5091610487705,2.54136088374693,1.4862371666792,1.35135157904121,1.08429071645329,3.55215656896323,1.83340017369508,,9.91168610583016,3.51270175969796,21.1052143002769,6.56,8.07991573033708,10.2549679841025,8.55123866545187
2019-03-01,2019,"Q1","2018/19","Q3","March",10,14,15,,,,,9.40175824175825,9.98,10.1437912087912,10.97,,,11.0938942307692,12.48,3.43468018649926,1.4493782799157,2.49325782688338,1.04115320204287,3.87954263214982,1.7959631645996,,10.2565077304434,3.81801001909091,19.6053445259492,7.57,8.6133455460163,10.3172566371681,8.96961427277042
2019-04-01,2019,"Q2","2018/19","Q4","April",10,14,15,,,,,9.17313186813186,9.72393089080426,10.0375,10.8462561535658,,,10.3162637362637,11.5010792275141,3.45466742229721,1.42256429911244,2.39175787601992,1.02724316217455,3.87741508450018,1.81490352020675,,10.7133329472708,2.98875594830715,19.7906989423451,6.73,8.4722230979726,10.2763014445353,8.83104387870283
2019-05-01,2019,"Q2","2018/19","Q4","May",10,14,15,,,,,8.41505494505494,8.87678618666064,10.0816208791209,10.8977767110519,,,10.3037293956044,11.4854844974372,2.53997488765038,1.38477656557246,1.32455842292148,1.02538199225189,3.50038503968438,1.82844308829074,,10.4766488553958,3.14983538655191,19.6312875341174,7.76,8.89076324171287,10.2722894482091,9.21202340760747
2019-06-01,2019,"Q2","2018/19","Q4","June",10,14,15,,,,,8.99263735814254,9.52139951910697,10.0635714285714,10.8767221166742,,,10.2555975274725,11.4257140872811,2.54230748649388,1.35906434571276,1.30784322380316,1.02302670135827,3.43094558250613,1.81857784500473,,9.97795408481139,3.00431225384701,19.0216093138992,6.43336766330967,8.46488659486823,10.2111111111111,8.90186466387954
2019-07-01,2019,"Q3","2019/20","Q1","July",10,14,15,,,,,9.19318681318682,9.74642605788387,10.0261355311355,10.8330470184192,,,10.3249542124542,11.5119053290087,2.76272239140537,1.3589744614462,1.37844678473229,1.00994398030907,3.27562463466619,1.80721420918994,,10.3374518656882,2.31952841560757,21.4359983055731,6.92,8.879121691557,10.3067603748327,9.11796972358986
2019-08-01,2019,"Q3","2019/20","Q1","August",10,14,15,,,,,8.49928571428571,8.9704201046152,10.0766071428571,10.89204304952,,,10.3814423076923,11.5821492675496,2.36691873263967,1.24195358996257,1.37537522629144,0.998915618530273,2.47689690743603,1.79212503485585,,10.0578389115337,2.11830277382926,20.227302712304,6.85,8.82750954975265,10.2565185103952,9.06219277727032
2019-09-01,2019,"Q3","2019/20","Q1","September",10,14,15,,,,,8.27667582417584,8.72309297413473,9.96931318681319,10.7667652337732,,,10.3483516483516,11.5410289580452,2.35905896536084,1.22544693689849,1.35474709131244,0.996635542780288,2.48738666829519,1.80793503244426,,9.83637187834386,2.99212628869253,19.823623988352,7.24965131490629,8.30205559254328,10.0946700507614,8.4550618190721
2019-10-01,2019,"Q4","2019/20","Q2","October",9,13,14,,,,,8.02598901098903,8.445102621549,9.62637362637363,10.3680934480746,,,10.0730975274725,11.2000090090655,2.49581585385829,1.34860371559943,1.47323722091524,0.998765671951211,2.46772148233995,1.80097609600377,,9.6993317630552,3.39985393154321,19.8048609403963,6.38,7.78014673606321,9.27810799497698,8.05843006523408
2019-11-01,2019,"Q4","2019/20","Q2","November",9,13,14,,,,,8.13162941635205,8.56232687495644,9.82090659340658,10.5941763836226,,,10.3573763736264,11.5521805221764,2.33236628053774,1.37645619056524,1.489568678042,0.993914393176613,2.41210203000279,1.80877594274549,,9.47969543863797,2.51778438961853,18.3397265329228,6.74,7.71319459818464,9.11930545182972,7.85403204536463
2019-12-01,2019,"Q4","2019/20","Q2","December",9,13,14,,,,,8.91041208791208,9.42935594582167,10.4496291208791,11.3287670997679,,,11.0928914835165,12.476732520842,2.40033804293474,1.39107585500695,1.48683782533027,1.03178313750009,2.40079024140389,1.78213905157335,,9.6717992726699,2.80005983423051,18.8344591980902,6.29,7.65809899478305,9.07781828379136,7.86801339343878
2020-01-01,2020,"Q1","2019/20","Q3","January",9,12,13,,,,,9.15307692307695,9.70133318926657,10.5301831501832,11.4233947303508,,,12.0012133699634,13.6358969399804,2.52450953596841,1.27212061283057,1.48181352468809,1.0160215019258,2.41767574702419,1.8067074405904,,10.4263385034601,2.60973880509366,19.8834273260785,6.71189253931801,7.99090293113833,9.28500873277702,8.27765418085509
2020-02-01,2020,"Q1","2019/20","Q3","February",9,12,13,,,,,9.03876373626375,9.5730916325823,10.1277472527472,10.9516374080995,,,11.2127197802198,12.6266153930838,2.46479726402819,1.25292268948337,1.43165628889289,1.0078263716728,2.43522762670159,1.83701628202221,,10.1352049936904,1.95407499260304,19.12,6.73,8.04896049243138,9.16038667795653,8.27396091044038
2020-03-01,2020,"Q1","2019/20","Q3","March",9,12,13,,,,,9.04076923076925,9.57533977684517,10.1658516483517,10.9961902156323,,,11.7983241758242,13.3774173706227,2.31509272906599,1.23599254998729,1.47755389861263,1.00399933644584,2.42544057205669,1.79987912784186,,10.1158824770139,2.57426967502781,17.78,6.57,9.29475687835265,10.2594527363184,9.4103721471144
2020-04-01,2020,"Q2","2019/20","Q4","April",8,11,12,,,,,9.04076923076925,9.57533977684517,10.8537362637363,11.8049784841825,,,11.3967239010989,12.8604565313566,2.28533132018659,1.24056771495525,1.56054434672737,1.00447018556293,2.48313406417002,1.79734645166265,,9.83522332858892,2.97128970258597,17.73,6.2,7.06138009912314,8.60053191489362,7.32587788204323
2020-05-01,2020,"Q2","2019/20","Q4","May",8,11,12,,,,,8.50329670329672,8.97493124222733,10.2982142857143,11.1512582954259,,,11.0221978021978,12.3855187397217,2.44917974636908,1.27955205491759,1.54506625397107,1.00392880822254,2.40743932067645,1.80849271471383,,10.1731845792269,2.64504685514233,18.84,4.24,7.39147998531032,8.37361164304864,7.5702909003486
2020-06-01,2020,"Q2","2019/20","Q4","June",7,10,11,,,,,8.24659340659339,8.68976254144545,9.57523351648352,10.311823744105,,,10.8151304945055,12.1258123337913,2.31515943354167,1.55311823516675,1.48506156146046,0.999724207097616,2.41715121020728,1.83937804148405,,9.56880918835928,2.73260359413006,19.2971441954946,5.46518215393365,6.29551349598768,7.47948263642806,6.81371032745592
2020-07-01,2020,"Q3","2020/21","Q1","July",7,10,11,,,,,8.46987179487177,8.93768893360627,9.71862637362638,10.4759615932915,,,10.9292765567766,12.2685699435645,2.44290887324311,1.46028658336967,1.47970301604139,1.00556685219364,2.45724222899297,1.78245484610783,,10.0875020013955,3.62082768472883,20.9292024479297,5.32600848911141,6.90740180437892,7.30076407007082,7.03478720135208
2020-08-01,2020,"Q3","2020/21","Q1","August",7,10,11,,,,,8.11423076923078,8.54281082778802,9.40376373626374,10.1105078160384,,,10.8552403846154,12.1750314063903,2.40485960918933,1.23652600436295,1.49089524828261,1.00684584560413,2.45494596587559,1.79900533461506,,10.1111395772697,2.9131326334302,19.8382721634667,5.94489822069611,6.80441458733205,7.33165168729862,7.01042870348972
2020-09-01,2020,"Q3","2020/21","Q1","September",7,10,11,,,,,7.71112637362637,8.09744740293538,9.17714285714284,9.84926205363783,,,10.7775274725275,12.0773180806169,2.63172062903616,1.25619750873504,1.61598124977775,1.0156773111946,2.4817406281202,1.79868491639415,,9.16009408432976,2.00191859662326,19.9062974975883,5.89883220738203,6.69922054103622,7.28138613861386,6.89605055952244
2020-10-01,2020,"Q4","2020/21","Q2","October",7,10,11,,,,,6.96,7.26807421699853,8.78,9.39136287477217,,,10.88,12.2018359541537,2.54817996061318,1.24987268056558,1.63177990013154,1.01915617883195,2.45169050288727,1.78710459048265,,9.99049593204215,3.72293351430075,19.2995093421278,6.29289674790944,6.65067817509248,7.32953628023353,6.89264614614615
2020-11-01,2020,"Q4","2020/21","Q2","November",7,10,11,,,,,7.26189560439559,7.60366236432994,8.99063186813187,9.63471820600875,,,11.3701510989011,12.8273982662934,2.44569433851244,1.38478174503795,1.56182732617117,1.01743323349223,2.51047635306878,1.79946044570788,,10.2677502126202,2.86752678341097,19.6383111146535,5.31502680642699,6.69609211444522,7.35563211023874,6.99940767066489
2020-12-01,2020,"Q4","2020/21","Q2","December",7,10,11,,,,,7.92571428571428,8.33482225037535,9.76608974358975,10.5318481519669,,,11.9092948717949,13.5180691121659,2.33263822598613,1.2285957633797,1.46835830947408,1.0176902356674,2.48413701680036,1.78085534218259,,9.48323456154053,3.00508058483346,17.1101860472377,6.33409569508763,6.90093457943925,7.34395413481584,7.11098310471183
2021-01-01,2021,"Q1","2020/21","Q3","January",7,10,11,,,,,8.18642857142856,8.62363392685008,10.2972115384615,11.1500762313594,,,12.1182005494505,13.7892723348351,2.34952247556393,1.17953415089558,1.5901466035044,1.00682728030526,2.49655010935822,1.78419628099761,,9.88920704075811,4.05387327528809,17.3963201483861,4.65452849061064,6.95037079292641,7.37832068311195,7.08851226089155
2021-02-01,2021,"Q1","2020/21","Q3","February",7,10,11,,,,,7.41832417582417,7.77553398383073,10.0725961538461,10.8873034850323,,,10.9715590659341,12.321784552078,2.3337837602063,1.15752494518253,1.57769722464903,1.0073395285735,2.51367499927768,1.75574496868113,,9.79462176851021,2.96662072921498,19.8615200132269,5.25003170331873,6.90137391979804,7.3411356466877,7.07208816705336
2021-03-01,2021,"Q1","2020/21","Q3","March",7,10,11,,,,,6.87884615384617,7.18489572430431,9.69355769230768,10.4461058583847,,,10.4762019230769,11.7003937000623,2.2521699955187,1.23662622970463,1.57102109831279,1.01156805860306,2.46322558405421,1.80336008497873,,9.20936962052874,3.77523385960838,18.76,5.9,6.81009464168334,7.35019287044427,7.01803839991225
2021-04-01,2021,"Q2","2020/21","Q4","April",7,10,11,,,,,6.89087912087914,7.2,9.50203296703298,10.22,,,10.5489010989011,11.79,2.27656235211367,1.18661523048419,1.63864181029372,1.01613539214824,2.45131082068371,1.77387509607461,,8.58643554608103,3.45748293365542,18.1,6.45,7.03183023474716,7.3191139332592,7.17911368562505
2021-05-01,2021,"Q2","2020/21","Q4","May",7,10,11,,,,,6.84274725274724,7.15,9.18416208791208,9.86,,,9.95226648351648,11.05,2.13746201635209,1.161158531839,1.54491677158648,1.00241817877569,2.25904063699243,1.76628444364923,,8.2814068756585,3.52717993552708,19.55,6.82,6.92023582910322,7.33004807692307,7.10328228109918
2021-06-01,2021,"Q2","2020/21","Q4","June",6.5,9.5,10.5,,,,,6.7170695970696,7.01,8.70451465201465,9.31,,,9.1447206959707,10.06,2.07845990522819,1.21085846279441,1.46249639982806,1.02936058874818,2.29493925169681,1.77090706381523,,8.00715920248347,3.10042145465465,17,6.03,6.57143336464904,7.13822115384615,6.85314271561451
2021-07-01,2021,"Q3","2021/22","Q1","July",6.5,9.5,10.5,,,,,7.07337912087912,7.39756965166232,8.6135989010989,9.20323390575808,,,9.29747252747253,10.2490251476591,1.97959318416637,1.25184171231005,1.45325773120965,1.04005306969204,2.24737381057017,1.78704228251555,,8.38476858438889,4.08315385893145,16.276291253495,5.44273336848553,6.39789008832188,6.78504741064916,6.56474845752254
2021-08-01,2021,"Q3","2021/22","Q1","August",6.5,9.5,10.5,,,,,6.93901098901101,7.25,8.43912087912087,9,,,9.03074175824175,9.93,2.06642030938603,1.21226345990479,1.47878384772425,1.03826502113273,2.27130043666257,1.79295705732884,,8.65096215848421,3.6571525538052,18.29,5.74513824313905,6.37276361819091,6.71513944223108,6.51900429618398
2021-09-01,2021,"Q3","2021/22","Q1","September",6.5,9.5,10.5,,,,,6.73177655677655,7.02466742257867,7.9544597069597,8.45582363019506,,,8.73292582417582,9.56734359966934,2.08504196086685,1.24056641243169,1.52295517643793,1.04063286488944,2.29340384813656,1.80108743779138,,8.12411989799298,3.48441103560636,19.0474008665586,6.99286868431894,6.41974921630094,6.73065194532071,6.51706181202371
2021-10-01,2021,"Q4","2021/22","Q2","October",6.5,9.5,10.5,,,,,6.5258791208791,6.80088748612337,8.04002747252749,8.55170751913339,,,9.15508241758241,10.0763205554231,2.07243788886018,1.19340556101795,1.50525363378992,1.03046417076576,2.28155410627133,1.7808781875597,,8.15711612956618,3.58380562728885,19.6552944030961,5.56100028834045,6.81537384268264,7.16023778071334,6.94657066642554
2021-11-01,2021,"Q4","2021/22","Q2","November",6.5,9.5,10.5,,,,,6.42560439560441,6.69,8.24659340659341,8.79,,,9.56871565934066,10.58,2.0504227040761,1.17653196196254,1.5349733120293,1.04351960559517,2.29588990480105,1.77260905247521,,7.29049505142863,2.93358955278773,19.8703336625883,5.16218572505239,6.50343192445297,7.06785370548605,6.75494930163035
2021-12-01,2021,"Q4","2021/22","Q2","December",6.5,9.5,10.5,,,,,6.39752747252747,6.66,8.1382967032967,8.663,,,9.44487637362638,10.428,2.13470531362099,1.26780483984609,1.54809488833502,1.04994992884855,2.46101584784252,1.77808405684558,,8.68407962254059,3.69099544531226,18.6034951497352,6.25641961776705,6.47373064105077,6.81505954868366,6.64538807649044
2022-01-01,2022,"Q1","2021/22","Q3","January",6.5,9.5,10.5,,,,,6.39752747252747,6.66,8.0620879120879,8.58,,,9.25786401098901,10.2,2.08221846249113,1.23896291441021,1.4833644668236,1.02806662670473,2.513712302062,1.77461557835586,,8.07685016450811,4.08876539459233,19.3983031503427,6.10637182840257,6.46721238146359,6.80026031237485,6.64961371224474
2022-02-01,2022,"Q1","2021/22","Q3","February",6.5,9.5,10.5,,,,,6.39752747252747,6.66179724952311,8.0620879120879,8.57682236219683,,,8.88584478021978,9.75111150512894,2.12491909957036,1.19369392817503,1.56684282093114,1.02001948734673,2.40367540230422,1.78620494987672,,8.49247320445848,3.27801867212445,18.8365783640463,6.24977274951568,6.47390691114245,6.79412387506617,6.57998543070479
2022-03-01,2022,"Q1","2021/22","Q3","March",6.5,9.5,10.5,,,,,6.39752747252747,6.66159449904622,7.92571428571428,8.42,,,8.84155677655678,9.7,2.19897286062424,1.26304523785026,1.59367247048503,1.03444223259948,2.48735540226483,1.79889864639153,,8.55564116933882,3.72414335015814,19.3501256323033,5.96751420537287,6.47455489614243,6.7331230090664,6.5813136158852
2022-04-01,2022,"Q2","2021/22","Q4","April",6.5,9.5,10.5,,,,,6.44565934065934,6.71399947943555,7.71112637362637,8.18070168553567,,,8.29171703296703,9.04039114847251,2.13064457881491,1.23782994845913,1.6341828479679,1.02123413952165,2.4747412460358,1.80426886830859,,8.30319149640804,3.70386330409546,18.8408377284236,6.1137196344098,6.6673426838514,6.8527983816588,6.73505602782071
2022-05-01,2022,"Q2","2021/22","Q4","May",6.5,9.5,10.5,,,,,6.44565934065934,6.71379672895866,7.68806318681317,8.15476461469488,,,8.25862637362638,9.00093223805372,2.2695855221799,1.2135495122352,1.60741697604981,1.01858993174389,2.48171458161452,1.81932006598249,,8.12174167533137,3.598705274428,18.3201709512936,5.90076855475251,6.57085684062059,6.81652049582337,6.67212515331984
2022-06-01,2022,"Q2","2021/22","Q4","June",7.5,10.5,11.5,,,,,7.82,8.21902249127485,8.52,9.101544484219,,,9.5,10.5010311958213,2.08406771273389,1.27657721123645,1.55843374613704,1.01634067514135,2.44189666914599,1.82585055751247,,8.01025117248051,4.17170979166726,16.3293799369815,6.33712054419739,8.0517341882833,8.30282112845138,8.16281263398599
2022-07-01,2022,"Q3","2022/23","Q1","July",8.5,11.5,12.5,,,,,8.32280219780221,8.77416287908611,9.04478021978021,9.70138739212835,,,10.9159065934066,12.2519065416559,2.27057637563402,1.32754377420757,1.71813061588427,1.10501776584084,2.45210131330507,1.84895728784014,,9.08462530005138,4.03566833538705,15.5313039825407,6.50846752349366,9.18492131234996,9.53153456998314,9.30304439449284
2022-08-01,2022,"Q3","2022/23","Q1","August",9,12,13,,,,,8.69983516483517,9.194516586882,10.2761538461539,11.1281778126953,,,12.0272847985348,13.6694250962292,2.27523361210422,1.25788417273986,1.759327672645,1.05965386464961,2.48064932274443,1.79990265546999,,10.0469464365598,3.72633985622341,17.2864483883482,6.42251031379605,9.78004073319756,10.7118966689327,10.1228463237614
2022-09-01,2022,"Q3","2022/23","Q1","September",9,12,13,,,,,9.75472527472528,10.3859099674903,11.2107142857143,12.2290699264474,,,12.4761813186813,14.2522522934693,2.26696834611471,1.33026317551061,1.77106444738566,1.06424613108076,2.53760466321459,1.72163703857654,,10.3873248051471,4.32971619886046,18.2353549472688,7.19168980614259,10.1826753812636,10.5775820656525,10.3243660505077
2022-10-01,2022,"Q4","2022/23","Q2","October",10,13,14,,,,,10.7213736263736,11.4797442407478,12.4280494505495,13.6891969929161,,,13.2362637362637,15.2527302819284,2.5786178382202,1.36965498171201,1.92044969987914,1.08347299842835,2.55769931655001,1.71029320508122,,10.8783568482995,4.4597343252626,18.4165387517413,7.71070937311147,10.5989574105622,11.8490538990826,10.9475899843505
2022-11-01,2022,"Q4","2022/23","Q2","November",10,13,14,,,,,10.6511813186813,11.3995606091858,12.0851098901099,13.2753879353583,,,13.3495741758242,15.4030208969636,2.60034811406428,1.37442739691876,1.986285586325,1.09741244336045,2.51296994319959,1.70472357569961,,10.7031412693901,4.40049917639432,18.9784083347439,8.12550942218609,10.0066785927251,11.710240867762,10.7272550735737
2022-12-01,2022,"Q4","2022/23","Q2","December",10,13,14,,,,,10.5468956043956,11.2803003501395,11.144532967033,12.1495316049984,,,12.1467788461539,13.827481721294,2.58378435029739,1.40345162019388,1.9846255618952,1.11687754754653,2.49256091940601,1.74130205955814,,10.7225041030078,4.36515393653221,18.9064470461976,8.01270725637546,10.839843962377,11.4738814921435,11.1428598551972
2023-01-01,2023,"Q1","2022/23","Q3","January",10,13,14,,,,,9.7346703296703,10.3566835617093,10.1267445054945,10.9504828244158,,,11.0151785714286,12.376675661152,2.58092105071894,1.47871542892548,1.84572807183891,1.19150891600249,2.72326830896805,2.02743720759839,,11.4662354605431,4.90309419822439,18.5400974430027,7.72599761853962,11.6800192193968,11.9754253926702,11.8097089137612
2023-02-01,2023,"Q1","2022/23","Q3","February",10,13,14,,,,,9.76,10.3839025323243,9.72865384615384,10.4611386043068,,,11.0352335164835,12.4019489849842,2.57272296060317,1.43993612746281,2.04431846410706,1.17647670838745,2.71774008512238,2.03111993606061,,10.8039382608918,4.51903233529171,20.2362343638096,7.49840005610333,11.9788686235395,12.040730564086,11.9956585736967
2023-03-01,2023,"Q1","2022/23","Q3","March",10,13,14,,,,,9.75873626373624,10.3839675107748,9.75071428571428,10.5121238820618,,,11.3236904761905,12.7683334117696,2.69149452399151,1.48598759335942,2.11895030458927,1.1895486443953,2.69667858249645,1.99693110038313,,11.0920908043378,5.17869404839357,18.7584902721643,7.91167607768269,11.6433409461688,11.9847726042231,11.7560638895879
2023-04-01,2023,"Q2","2022/23","Q4","April",10,13,14,,,,,9.75873626373624,10.3839025323243,9.75071428571428,10.5123716461854,,,11.1144505494506,12.5020012225867,2.90893121679802,1.46821692285201,2.22094524215192,1.20523908232083,2.74813114398307,2.01105144697116,,11.3835794717642,4.06625769339911,19.2651590800361,8.10633184101843,10.7865034338609,11.6593111381784,11.1472273872361
2023-05-01,2023,"Q2","2022/23","Q4","May",10,13,14,,,,,9.75873626373624,10.3839025323243,9.74269230769229,10.5030538992574,,,10.638646978022,11.9035474496845,2.68252387585303,1.47024876537196,2.15427211873594,1.18265135436359,2.75365542225182,1.99555581610736,,10.1467656204877,4.64131395128115,20.1394089070404,8.50017317651228,10.2678393462228,10.9143867723515,10.4799503901478
2023-06-01,2023,"Q2","2022/23","Q4","June",10,13,14,,,,,9.28142857142857,9.84717760209048,10.7464423076923,11.6812504970304,,,10.9159065934066,12.2519065416559,2.65804009829904,1.47283281790518,2.03828534843339,1.18589057183125,2.79730482764585,1.98722453853751,,10.956381211406,4.64266983046183,18.4082123018226,8.83414684442795,9.94031264803411,10.683908045977,10.2422730281583
2023-07-01,2023,"Q3","2023/24","Q1","July",10,13,14,,,,,9.19920329670333,9.75424865534932,10.2089697802198,11.0466231215565,,,10.7173626373626,12.001811860725,2.81525418127777,1.47117747514861,2.13555308608554,1.1848385424901,2.70001169925816,2.00105578565664,,10.9756119507163,4.83544225959671,17.9498651177107,9.18025125402622,10.1981920716537,10.5387316561845,10.3045908903545
2023-08-01,2023,"Q3","2023/24","Q1","August",9.5,12.5,13.5,,,,,9.70391941391941,10.3219499011636,10.4900732600733,11.3795287423364,,,11.1134478021978,12.5022149472282,2.65001134784964,1.57768518581008,2.18250566602501,1.22399804581805,2.66956185020649,1.99693637083641,,10.4199246562852,5.00991387915936,18.3985911813771,8.57385857731733,10.3720099431818,10.4698499317872,10.4034585973345
2023-09-01,2023,"Q3","2023/24","Q1","September",9.5,12.5,13.5,,,,,9.39975274725274,9.97966988842258,11.323021978022,12.3618171305823,,,11.3510989010989,12.8025762528693,2.66996062827499,1.45000238712144,2.24504676245602,1.208342225472,2.6468002834009,1.99660689789956,,10.2853676918848,4.0488165447047,18.9544282388269,8.99589862633231,10.017212249208,10.3075268817204,10.0903906544404
2023-10-01,2023,"Q4","2023/24","Q2","October",9.5,12.5,13.5,,,,,8.8001098901099,9.30597007319631,11.323021978022,12.3616342611646,,,11.4493681318681,12.9274098741839,2.58906089490501,1.44248235012771,1.97305518293346,1.19577475992109,2.64803593592134,1.93403974644842,,10.1344271976714,4.86222647759553,18.9024268363324,8.69777636049374,10.5814921477748,10.7998053008416,10.6191749321217
2023-11-01,2023,"Q4","2023/24","Q2","November",9.5,12.5,13.5,,,,,9.11096153846155,9.65473738132651,11.323021978022,12.3616342611646,,,11.3706524725275,12.8271046107123,2.65204244529354,1.45302837129383,2.02617519401114,1.19916501090441,2.63334394006468,1.92408857004637,,10.5206188089298,4.82242592882113,16.7856863531231,8.95780869806344,10.2256059296257,10.7657487091222,10.3822694489643
2023-12-01,2023,"Q4","2023/24","Q2","December",9.5,12.5,13.5,,,,,9.28142857142857,9.84722633592831,11.323021978022,12.3618171305823,,,11.3510989010989,12.8022212314297,2.66595429713983,1.51060870831229,2.00029101163509,1.20037522446335,2.60384926650685,1.96408546493457,,11.8807872454146,4.96253814421451,16.7016240400385,8.79108914936232,10.1321799805776,10.6022727272727,10.3101871402218
2024-01-01,2024,"Q1","2023/24","Q3","January",9.5,12.5,13.5,,,,,9.2025457875458,9.75886538433864,11.323021978022,12.4503996824535,,,11.5733745421245,13.0859021114349,2.70038749766407,1.47506537621832,2.03096627795814,1.19382575257172,2.63102864670877,1.92695088810965,,10.1744640977599,4.76685906877866,17.3248768728134,8.5879696909633,10.2887311827957,10.8222301644031,10.3962799616491
2024-02-01,2024,"Q1","2023/24","Q3","February",9.5,12.5,13.5,,,,,9.04277472527475,9.57799605212979,11.323021978022,12.3616342611646,,,11.6057967032967,13.1272690463388,2.73959487047906,1.50837890667927,2.06756548105549,1.17148586887523,2.61677043205009,1.90704692172938,,10.9000101843939,5.3238795722559,18.0870873137629,8.83080123695823,10.6800937389459,11.1006592643997,10.7593957345972
2024-03-01,2024,"Q1","2023/24","Q3","March",10,13,14,,,,,9.24131868131866,9.80067222000098,11.323021978022,12.3616342611646,,,11.7025618131868,13.2510635015433,2.51995750410593,1.52295380194954,2.03569252995285,1.16764719522236,2.5783564490992,1.99083937135433,,10.7687011078497,5.97093691667479,17.3360655545441,9.20031483455836,11.5096015419109,11.6927368421053,11.5570437068521
2024-04-01,2024,"Q2","2023/24","Q4","April",10.25,13.25,14.25,,,,,9.28142857142857,9.84717760209048,11.5185576923077,12.5954329704455,,,11.8003296703297,13.3766950429752,2.73805975596694,1.51613002014486,2.10133705806082,1.16674005777687,2.62480963347082,1.97833570919324,,10.2099864227749,4.96832671028756,17.7356961711199,9.31579647204859,11.9679838709677,12.0765758547009,12.0084064969271
2024-05-01,2024,"Q2","2023/24","Q4","May",10.25,13.25,14.25,,,,,9.04277472527475,9.57799605212979,11.8985989010989,13.0502239097893,,,11.995364010989,13.6278617926758,2.63737172339126,1.460499600109,1.99123791134232,1.1621440553617,2.60070871267744,1.98998047094075,,11.5646623640685,4.94249358337049,18.854354306528,8.86831176672417,11.8405973888962,12.1524086818422,11.8722800733089
2024-06-01,2024,"Q2","2023/24","Q4","June",10.25,13.25,14.25,,,,,9.99538461538461,10.6524514927666,11.8985989010989,13.0502239097893,,,11.995364010989,13.6278617926758,2.60389303714745,1.4445258161138,1.98059084551999,1.15959201424642,2.80690317159706,2.00303203411778,,11.541684927868,4.88427517450311,17.6381432245516,9.23340740593567,9.87407137762986,10.7271314818411,10.1466890631543
2024-07-01,2024,"Q3","2024/25","Q1","July",10.25,13.25,14.25,,,,,9.41646520146523,9.99777902099267,11.8564835164835,12.9996094177592,,,11.963108974359,13.58623100084,2.91812221405999,1.48882261487539,1.77298231473326,1.18514689124649,3.0331987757581,1.94572314480631,,11.0650895458251,4.78203614735548,17.7584983012056,9.62237609992864,9.66098498202073,10.494788047255,9.93011896260958
2024-08-01,2024,"Q3","2024/25","Q1","August",10,13,14,,,,,9.00823565323568,9.53956145490197,11.9741391941392,13.141311992547,,,12.0487881562882,13.697178957453,2.70596583454595,1.51791527617305,1.91533172380692,1.22632047517232,2.93920971458387,1.96984628295214,,10.7738008869563,5.03500687318158,19.0645263774834,8.65936370729293,10.2187201359148,10.617517810773,10.3614781047663
2024-09-01,2024,"Q3","2024/25","Q1","September",10,13,14,,,,,9.9430932030932,11.1244866514694,12.1310134310134,13.4247171421224,,,12.3978927553928,14.3775914883048,2.76263928187244,1.47832967725563,2.28204677843487,1.20701059779206,2.878207158867,1.97500032493776,,11.3723739122993,4.20436320307664,18.8391962000317,8.78999016072089,11.0867277200656,11.5459366754617,11.2291767416721
2024-10-01,2024,"Q4","2024/25","Q2","October",9.75,12.75,13.75,,,,,10.0367819834487,10.7522377160639,12.1833048433049,13.4247171421224,,,12.5777682811016,14.502168132588,2.84890285471933,1.47261220208246,2.32960820532584,1.23663811327184,2.7322842747205,1.94191237961368,,11.0529311298053,3.48772204540174,19.4349578166566,8.62729744722799,10.9540050062578,11.2409576904157,10.9868354959581
2024-11-01,2024,"Q4","2024/25","Q2","November",9.75,12.75,13.75,,,,,10.5613632252521,11.5979003074549,12.2796180979514,13.567791811396,,,12.8526489508434,14.926505891509,3.05749034957709,1.54300862871742,2.47493381769158,1.28494120537267,2.70771086092595,1.98431588961771,,11.9904393556438,5.03723500558098,18.0796980535332,8.93883876644287,11.5149488926746,11.5705237084218,11.5326843158381
2024-12-01,2024,"Q4","2024/25","Q2","December",9.75,12.75,13.75,,,,,9.75873626373624,10.3839025323243,12.1994230769231,13.4126081330072,,,13.0657967032967,15.026290925268,2.90616473773637,1.62938247050771,2.40369126331627,1.37090608992181,2.58768750760503,1.98666728793388,,12.4112429495858,4.12776207051752,17.3709694111586,7.85991158331429,11.6138098711403,11.6162052117264,11.6122514910537
2025-01-01,2025,"Q1","2024/25","Q3","January",9.75,12.75,13.75,,,,,9.75873626373625,10.3839025323244,12.9742124542125,14.3542895102855,,,13.2987683150183,15.3353617361659,3.2283109697371,1.56580743787401,2.45745668107548,1.29775206186502,2.57853034783427,1.99769822051061,,11.862914788343,4.77403661465182,16.4988057873297,8.39060891399336,11.6880301437084,11.7572289156627,11.7021394822653
2025-02-01,2025,"Q1","2024/25","Q3","February",9.75,12.75,13.75,,,,,10.0294780219781,10.69,12.6426373626374,13.95,,,13.0477472527473,15.0024187699296,3.01025608040434,1.50446256583373,2.33308108636481,1.27196562674866,3.01248224406633,1.98657895321682,,11.9500869934288,4.81702560976507,18.7574811601536,8.29794921353365,10.8725168923818,11.1990810810811,10.9786837542104
2025-03-01,2025,"Q1","2024/25","Q3","March",9.75,12.75,13.75,,,,,10.585,11.3262250188287,11.9968681318681,13.1691241024888,,,12.858228021978,14.7524089624292,3.0065811651076,1.49064032936457,2.43252167328866,1.23198530890806,2.84639928295171,1.99029024629011,,11.5125494558465,4.09468048562436,17.7392016887777,8.51250685660987,10.6146611986897,11.1983433324243,10.7723781532878
2025-04-01,2025,"Q2","2024/25","Q4","April",9.75,12.75,13.75,,,,,9.00065934065934,9.53038726219904,11.6900274725274,12.7999605521815,,,13.1425068681319,15.1279688055521,2.85817975679283,1.50513200730376,2.16197001318171,1.30924426344253,2.57207617269204,1.75873136330588,,11.7270746339552,4.59043848463282,16.63648067205,8.19645205239729,10.5137134520368,11.3316444174757,10.6562530333152
2025-05-01,2025,"Q2","2024/25","Q4","May",9.75,12.75,13.75,,,,,11.2829120879121,12.1253483157924,11.6057967032967,12.6991347850779,,,13.3310233516484,15.3782803175508,2.69117898932634,1.52895350271267,2.08031720441442,1.37887566811621,2.4625114349249,1.74796911157436,,11.3556176088386,4.80312311676273,18.6391328290903,8.36483597895445,10.2365451767787,11.02569291685,10.5046214950245
2025-06-01,2025,"Q2","2024/25","Q4","June",9.75,12.75,13.75,,,,,11.1786263736263,12.0050268565181,11.7010576923077,12.8134042325599,,,13.4799313186813,15.5766832219146,2.714190473298,1.5242122334371,1.95122759361608,1.34635024338615,2.63150786901364,1.7441191496391,,11.0690437428667,4.05861482333251,19.0740826628708,8.78428529426453,9.12817968609057,10.2581503659348,9.43017785130803
2025-07-01,2025,"Q3","2025/26","Q1","July",9.75,12.75,13.75,,,,,10.8617582417583,11.6421443267524,12.0222710622711,13.2006107930372,,,13.2372664835165,15.2535188411745,2.92225029457198,1.52314141022471,2.15525297755157,1.35195300041361,2.44870343900584,1.77306212317729,,11.8697603859743,4.31229306867178,19.6460468113828,8.34515833323875,9.5195072007811,10.2858296195828,9.81947505343916
2025-08-01,2025,"Q3","2025/26","Q1","August",9.75,12.75,13.75,,,,,10.7374175824176,11.4995267363655,12.2575824175824,13.4828943676186,,,13.2357623626374,15.2515217072853,2.84897221282048,1.61637653227239,2.39933097167949,1.41518403732091,2.61689129426436,2.00367802338246,,11.0984078063448,4.706018034141,18.4642031057101,8.33950247766851,9.75653354488345,10.3203168316832,9.93913344759437
2025-09-01,2025,"Q3","2025/26","Q1","September",9.75,12.75,13.75,,,,,10.4666758241758,11.1921541014271,12.0329670329671,13.2121632799408,,,13.2372664835165,15.2535188411745,2.93272374450761,1.69430741624469,2.38652837986662,1.42114000267069,2.45019184427809,2.00421412453473,,9.65066857330042,5.66635536837925,18.4496128874087,8.1533861890362,9.75364766626422,10.0776814175467,9.87157915446913
2025-10-01,2025,"Q4","2025/26","Q2","October",9.75,12.75,13.75,,,,,10.9038736263736,11.6895659297993,11.9086263736264,13.0635206617223,,,13.0276923076923,14.9759173481657,3.02517295514791,1.67767184732259,2.40471327419212,1.45035089835258,2.4304789241987,2.01370409044496,,10.1690638400233,5.29442215150161,19.7050513710754,8.24109755257525,9.75246844319776,10.0552521148338,9.87676027609614
2025-11-01,2025,"Q4","2025/26","Q2","November",9.75,12.75,13.75,,,,,10.7053296703297,11.4613672631239,12.4781868131868,13.7499878015904,,,12.9725412087912,14.903078444833,2.88078008367466,1.67336971237429,2.27414803427419,1.50561577364085,2.59207379486131,2.01586538559494,,10.7906748403686,4.26029404150341,18.43,8.33,9.64964477330346,10.0201826917705,9.80443036897039
2025-12-01,2025,"Q4","2025/26","Q2","December",9.75,12.75,13.75,,,,,10.7213736263736,11.4797442407478,12.4160164835165,13.6748162557406,,,12.9725412087912,14.903078444833,2.91935252761893,1.73483263774792,2.14198856100201,1.53816373799328,2.26045653963611,1.7554732375275,,11.8242161496958,4.33013294954861,18.0015639290607,7.31934345577149,9.86964203410662,10.195971016522,9.98099604262745
2026-01-01,2026,"Q1","2025/26","Q3","January",9.75,12.75,13.75,,,,,10.4686813186813,11.1907737583917,11.6057967032967,12.6991347850779,,,12.2766346153846,13.9919153583358,2.82630936395014,1.70284043001409,1.96148314764842,1.53621596239368,2.59640195643341,1.99491061710913,,10.7885476103572,4.25649178199495,18.3328222154981,7.20581994800503,10.2274665230106,10.4368008948546,10.3044725913621
2026-02-01,2026,"Q1","2025/26","Q3","February",9.75,12.75,13.75,,,,,10.3002197802198,11.0000438949931,10.8918406593407,11.8500637144707,,,10.9159065934066,12.2519065416559,3.26538577278098,2.68765597931015,2.66768571341857,2.52498610056994,3.16136499405045,3.30328002180695,,11.1328331156165,3.70794549888637,18.7258984321092,7.08717150369971,10.2039691289967,10.5210785925682,10.2548981374598
2026-03-01,2026,"Q1","2025/26","Q3","March",9.75,12.75,13.75,,,,,9.87706043956049,10.5179734497259,10.8236538461539,11.7696649773098,,,10.9159065934066,12.2519065416559,2.95804572360747,1.67083223557435,2.22760862699156,1.40993302210235,2.33838430719972,1.7557460784878,,11.0176171143366,5.2601275487975,18.8926671383762,6.65108987991782,10.0102900419834,10.371809548037,10.1245253638877
2026-04-01,2026,"Q2","2025/26","Q4","April",9.75,12.75,13.75,,,,,9.75873626373624,10.3839025323243,10.3162637362637,11.1723689384503,,,10.8166346153846,12.1265809802212,2.82939545035121,1.67503595686471,2.3296128107046,1.44896506344803,2.46757400763823,2.0277987907473,,11.0101550304974,4.79934184961441,18.2593161371183,7.33586063236046,10.0453071672355,10.4900735294118,10.2390185345242
2026-05-01,2026,"Q2","2025/26","Q4","May",9.75,12.75,13.75,,,,,10.232032967033,10.9210004532088,10.4285714285714,11.3039948537355,,,10.813125,12.1221604842354,2.76598961784772,1.74106594696885,2.32163626475814,1.53386091515235,2.48487687013049,2.07592818499169,,11.2284715968188,4.84153092730438,18.0040780216752,7.28093609040278,9.87829854273336,10.3970948012232,10.0785876993166
2026-06-01,2026,"Q2","2025/26","Q4","June",9.75,12.75,13.75,,,,,10.232032967033,10.9210004532088,10.3533653846154,11.2160604431193,,,10.7173626373626,12.001811860725,,,,,,,,,,,,9.72567967449602,10.3142808798646,9.90846519805564
