"Date","Year","Quarter","FY","QFY","Month","CAB","CA_C","CA_D","CA_GS","CA_GS_C","CA_GS_D","CA_G","CA_G_X","CA_G_M","CA_G_GM","CA_G_XC","CA_G_X_COF","CA_G_X_NCOF","CA_G_X_NCOF_COT","CA_G_X_NCOF_TEA","CA_G_X_NCOF_TOB","CA_G_X_NCOF_FSH","CA_G_X_NCOF_FLO","CA_G_X_NCOF_CEM","CA_G_X_NCOF_BMP","CA_G_X_NCOF_OTH","CA_G_MD","CA_G_M_GOV","CA_G_M_GOV_PRO","CA_G_M_GOV_NPRO","CA_G_M_PRV","CA_G_M_PRV_OIL","CA_G_M_PRV_NOIL","CA_G_M_OTH","CA_G_NX_UM","CA_G_NX_UM_ACD","CA_G_NX_UM_SLD","CA_G_X_NMG","CA_G_X_NMG_C","CA_G_X_NMG_D","CA_S","CA_S_C","CA_S_D","CA_S_MAN","CA_S_MAN_C","CA_S_MAN_D","CA_S_MRS","CA_S_MRS_C","CA_S_MRS_D","CA_S_TRA","CA_S_TRA_C","CA_S_TRA_D","CA_S_TRV","CA_S_TRV_C","CA_S_TRV_D","CA_S_CON","CA_S_CON_C","CA_S_CON_D","CA_S_IPS","CA_S_IPS_C","CA_S_IPS_D","CA_S_FIN","CA_S_FIN_C","CA_S_FIN_D","CA_S_CIP","CA_S_CIP_C","CA_S_CIP_D","CA_S_ICT","CA_S_ICT_C","CA_S_ICT_D","CA_S_OBA","CA_S_OBA_C","CA_S_OBA_D","CA_S_PCR","CA_S_PCR_C","CA_S_PCR_D","CA_S_GOV","CA_S_GOV_C","CA_S_GOV_D","CA_S_ESO","CA_PI","CA_PI_C","CA_PI_D","CA_PI_COE","CA_PI_COE_C","CA_PI_COE_D","CA_PI_II","CA_PI_II_C","CA_PI_II_D","CA_PI_II_DI","CA_PI_II_DI_C","CA_PI_II_DI_D","CA_PI_II_PI","CA_PI_II_PI_C","CA_PI_II_PI_D","CA_PI_II_OI","CA_PI_II_OI_C","CA_PI_II_OI_D","CA_PI_II_OI_D_IPD","CA_PI_II_RA","CA_PI_II_RA_C","CA_PI_II_RA_D","CA_PI_OTH","CA_PI_OTH_C","CA_PI_OTH_D","CA_SI","CA_SI_C","CA_SI_D","CA_SI_GOV","CA_SI_GOV_C","CA_SI_GOV_C_BS","CA_SI_GOV_C_PA","CA_SI_GOV_C_HIPC","CA_SI_GOV_C_OT","CA_SI_GOV_D","CA_SI_OTH","CA_SI_OTH_C","CA_SI_OTH_C_PT","CA_SI_OTH_C_NGO","CA_SI_OTH_D","KAB","KA_C","KA_D","KA_GAD","KA_GAD_C","KA_GAD_D","KA_KT","KA_KT_C","KA_KT_D","NLB_CAB_KAB","FAB","FA_DI","FA_DI_NA","FA_DI_NA_EIF","FA_DI_NA_EIF_NRE","FA_DI_NA_EIF_NRE_DIDIE","FA_DI_NA_EIF_NRE_DIEDI","FA_DI_NA_EIF_NRE_BFE","FA_DI_NA_EIF_RE","FA_DI_NA_DBI","FA_DI_NA_DBI_DIDIE","FA_DI_NA_DBI_DIEDI","FA_DI_NA_DBI_BFE","FA_DI_NL","FA_DI_NL_EIF","FA_DI_NL_EIF_NRE","FA_DI_NL_EIF_NRE_DIDIE","FA_DI_NL_EIF_NRE_DIEDI","FA_DI_NL_EIF_NRE_BFE","FA_DI_NL_EIF_RE","FA_DI_NL_DBI","FA_DI_NL_DBI_DIDIE","FA_DI_NL_DBI_DIEDI","FA_DI_NL_DBI_BFE","FA_PI","FA_PI_NA","FA_PI_NA_EIF","FA_PI_NA_EIF_CBK","FA_PI_NA_EIF_GOV","FA_PI_NA_EIF_ODC","FA_PI_NA_EIF_OSE","FA_PI_NA_EIF_OSE_OFC","FA_PI_NA_EIF_OSE_OTH","FA_PI_NA_DBS","FA_PI_NA_DBS_CBK","FA_PI_NA_DBS_CBK_ST","FA_PI_NA_DBS_CBK_LT","FA_PI_NA_DBS_ODC","FA_PI_NA_DBS_ODC_ST","FA_PI_NA_DBS_ODC_LT","FA_PI_NA_DBS_GOV","FA_PI_NA_DBS_GOV_ST","FA_PI_NA_DBS_GOV_LT","FA_PI_NA_DBS_OSE","FA_PI_NA_DBS_OSE_ST","FA_PI_NA_DBS_OSE_LT","FA_PI_NA_DBS_OSE_OFC","FA_PI_NA_DBS_OSE_OFC_ST","FA_PI_NA_DBS_OSE_OFC_LT","FA_PI_NA_DBS_OSE_OTH","FA_PI_NA_DBS_OSE_OTH_ST","FA_PI_NA_DBS_OSE_OTH_LT","FA_PI_NL","FA_PI_NL_EIF","FA_PI_NL_EIF_CBK","FA_PI_NL_EIF_GOV","FA_PI_NL_EIF_ODC","FA_PI_NL_EIF_OSE","FA_PI_NL_EIF_OSE_OFC","FA_PI_NL_EIF_OSE_OTH","FA_PI_NL_DBS","FA_PI_NL_DBS_CBK","FA_PI_NL_DBS_CBK_ST","FA_PI_NL_DBS_CBK_LT","FA_PI_NL_DBS_ODC","FA_PI_NL_DBS_ODC_ST","FA_PI_NL_DBS_ODC_LT","FA_PI_NL_DBS_GOV","FA_PI_NL_DBS_GOV_ST","FA_PI_NL_DBS_GOV_ST_NI","FA_PI_NL_DBS_GOV_ST_NM","FA_PI_NL_DBS_GOV_LT","FA_PI_NL_DBS_GOV_LT_NI","FA_PI_NL_DBS_GOV_LT_NM","FA_PI_NL_DBS_OSE","FA_PI_NL_DBS_OSE_ST","FA_PI_NL_DBS_OSE_LT","FA_PI_NL_DBS_OSE_OFC","FA_PI_NL_DBS_OSE_OFC_ST","FA_PI_NL_DBS_OSE_OFC_LT","FA_PI_NL_DBS_OSE_OTH","FA_PI_NL_DBS_OSE_OTH_ST","FA_PI_NL_DBS_OSE_OTH_LT","FA_FDES","FA_FDES_CBK","FA_FDES_ODC","FA_FDES_GOV","FA_FDES_OSE","FA_FDES_OSE_OFC","FA_FDES_OSE_OTH","FA_FDES_NA","FA_FDES_NA_CBK","FA_FDES_NA_ODC","FA_FDES_NA_GOV","FA_FDES_NA_OSE","FA_FDES_NA_OSE_OFC","FA_FDES_NA_OSE_OTH","FA_FDES_NL","FA_FDES_NL_CBK","FA_FDES_NL_ODC","FA_FDES_NL_GOV","FA_FDES_NL_OSE","FA_FDES_NL_OSE_OFC","FA_FDES_NL_OSE_OTH","FA_OI","FA_OI_NA","FA_OI_NL","FA_OI_OE","FA_OI_OE_NA","FA_OI_OE_NL","FA_OI_CAD","FA_OI_CAD_NA","FA_OI_CAD_NA_CBK","FA_OI_CAD_NA_CBK_ST","FA_OI_CAD_NA_CBK_LT","FA_OI_CAD_NA_ODC","FA_OI_CAD_NA_ODC_ST","FA_OI_CAD_NA_ODC_LT","FA_OI_CAD_NA_GOV","FA_OI_CAD_NA_GOV_ST","FA_OI_CAD_NA_GOV_LT","FA_OI_CAD_NA_OSE","FA_OI_CAD_NA_OSE_ST","FA_OI_CAD_NA_OSE_LT","FA_OI_CAD_NA_OSE_OFC","FA_OI_CAD_NA_OSE_OFC_ST","FA_OI_CAD_NA_OSE_OFC_LT","FA_OI_CAD_NA_OSE_OTH","FA_OI_CAD_NA_OSE_OTH_ST","FA_OI_CAD_NA_OSE_OTH_LT","FA_OI_CAD_NL","FA_OI_CAD_NL_CBK","FA_OI_CAD_NL_CBK_ST","FA_OI_CAD_NL_CBK_LT","FA_OI_CAD_NL_ODC","FA_OI_CAD_NL_ODC_ST","FA_OI_CAD_NL_ODC_LT","FA_OI_CAD_NL_ODC_LT_IP","FA_OI_CAD_NL_GOV","FA_OI_CAD_NL_GOV_ST","FA_OI_CAD_NL_GOV_LT","FA_OI_CAD_NL_OSE","FA_OI_CAD_NL_OSE_ST","FA_OI_CAD_NL_OSE_LT","FA_OI_CAD_NL_OSE_OFC","FA_OI_CAD_NL_OSE_OFC_ST","FA_OI_CAD_NL_OSE_OFC_LT","FA_OI_CAD_NL_OSE_OTH","FA_OI_CAD_NL_OSE_OTH_ST","FA_OI_CAD_NL_OSE_OTH_LT","FA_OI_LN","FA_OI_LN_NA","FA_OI_LN_NA_CBK","FA_OI_LN_NA_CBK_IMF","FA_OI_LN_NA_CBK_OST","FA_OI_LN_NA_CBK_OLT","FA_OI_LN_NA_ODC","FA_OI_LN_NA_ODC_ST","FA_OI_LN_NA_ODC_LT","FA_OI_LN_NA_GOV","FA_OI_LN_NA_GOV_IMF","FA_OI_LN_NA_GOV_OST","FA_OI_LN_NA_GOV_OLT","FA_OI_LN_NA_OSE","FA_OI_LN_NA_OSE_ST","FA_OI_LN_NA_OSE_LT","FA_OI_LN_NA_OSE_OFC","FA_OI_LN_NA_OSE_OFC_ST","FA_OI_LN_NA_OSE_OFC_LT","FA_OI_LN_NA_OSE_OTH","FA_OI_LN_NA_OSE_OTH_ST","FA_OI_LN_NA_OSE_OTH_LT","FA_OI_LN_NL","FA_OI_LN_NL_CBK","FA_OI_LN_NL_CBK_IMF","FA_OI_LN_NL_CBK_OST","FA_OI_LN_NL_CBK_OLT","FA_OI_LN_NL_ODC","FA_OI_LN_NL_ODC_ST","FA_OI_LN_NL_ODC_LT","FA_OI_LN_NL_GOV","FA_OI_LN_NL_GOV_IMF","FA_OI_LN_NL_GOV_OST","FA_OI_LN_NL_GOV_OLT","FA_OI_LN_NL_GOV_OLT_DIS","FA_OI_LN_NL_GOV_OLT_DIS_BUD","FA_OI_LN_NL_GOV_OLT_DIS_PRO","FA_OI_LN_NL_GOV_OLT_PAY","FA_OI_LN_NL_OSE","FA_OI_LN_NL_OSE_ST","FA_OI_LN_NL_OSE_LT","FA_OI_LN_NL_OSE_OFC","FA_OI_LN_NL_OSE_OFC_ST","FA_OI_LN_NL_OSE_OFC_LT","FA_OI_LN_NL_OSE_OTH","FA_OI_LN_NL_OSE_OTH_ST","FA_OI_LN_NL_OSE_OTH_LT","FA_OI_IP","FA_OI_IP_NA","FA_OI_IP_NA_CBK","FA_OI_IP_NA_ODC","FA_OI_IP_NA_GOV","FA_OI_IP_NA_OSE","FA_OI_IP_NA_OSE_OFC","FA_OI_IP_NA_OSE_OTH","FA_OI_IP_NL","FA_OI_IP_NL_CBK","FA_OI_IP_NL_ODC","FA_OI_IP_NL_GOV","FA_OI_IP_NL_OSE","FA_OI_IP_NL_OSE_OFC","FA_OI_IP_NL_OSE_OTH","FA_OI_TCA","FA_OI_TCA_NA","FA_OI_TCA_NA_CBK","FA_OI_TCA_NA_CBK_ST","FA_OI_TCA_NA_CBK_LT","FA_OI_TCA_NA_ODC","FA_OI_TCA_NA_ODC_ST","FA_OI_TCA_NA_ODC_LT","FA_OI_TCA_NA_GOV","FA_OI_TCA_NA_GOV_ST","FA_OI_TCA_NA_GOV_LT","FA_OI_TCA_NA_OSE","FA_OI_TCA_NA_OSE_ST","FA_OI_TCA_NA_OSE_LT","FA_OI_TCA_NA_OSE_OFC","FA_OI_TCA_NA_OSE_OFC_ST","FA_OI_TCA_NA_OSE_OFC_LT","FA_OI_TCA_NA_OSE_OTH","FA_OI_TCA_NA_OSE_OTH_ST","FA_OI_TCA_NA_OSE_OTH_LT","FA_OI_TCA_NL","FA_OI_TCA_NL_CBK","FA_OI_TCA_NL_CBK_ST","FA_OI_TCA_NL_CBK_LT","FA_OI_TCA_NL_ODC","FA_OI_TCA_NL_ODC_ST","FA_OI_TCA_NL_ODC_LT","FA_OI_TCA_NL_GOV","FA_OI_TCA_NL_GOV_ST","FA_OI_TCA_NL_GOV_LT","FA_OI_TCA_NL_OSE","FA_OI_TCA_NL_OSE_ST","FA_OI_TCA_NL_OSE_LT","FA_OI_TCA_NL_OSE_OFC","FA_OI_TCA_NL_OSE_OFC_ST","FA_OI_TCA_NL_OSE_OFC_LT","FA_OI_TCA_NL_OSE_OTH","FA_OI_TCA_NL_OSE_OTH_ST","FA_OI_TCA_NL_OSE_OTH_LT","FA_OI_OAR","FA_OI_OAR_NA","FA_OI_OAR_NA_CBK","FA_OI_OAR_NA_CBK_ST","FA_OI_OAR_NA_CBK_LT","FA_OI_OAR_NA_ODC","FA_OI_OAR_NA_ODC_ST","FA_OI_OAR_NA_ODC_LT","FA_OI_OAR_NA_GOV","FA_OI_OAR_NA_GOV_ST","FA_OI_OAR_NA_GOV_LT","FA_OI_OAR_NA_OSE","FA_OI_OAR_NA_OSE_ST","FA_OI_OAR_NA_OSE_LT","FA_OI_OAR_NA_OSE_OFC","FA_OI_OAR_NA_OSE_OFC_ST","FA_OI_OAR_NA_OSE_OFC_LT","FA_OI_OAR_NA_OSE_OTH","FA_OI_OAR_NA_OSE_OTH_ST","FA_OI_OAR_NA_OSE_OTH_LT","FA_OI_OAR_NL","FA_OI_OAR_NL_CBK","FA_OI_OAR_NL_CBK_ST","FA_OI_OAR_NL_CBK_LT","FA_OI_OAR_NL_ODC","FA_OI_OAR_NL_ODC_ST","FA_OI_OAR_NL_ODC_LT","FA_OI_OAR_NL_GOV","FA_OI_OAR_NL_GOV_ST","FA_OI_OAR_NL_GOV_LT","FA_OI_OAR_NL_OSE","FA_OI_OAR_NL_OSE_ST","FA_OI_OAR_NL_OSE_LT","FA_OI_OAR_NL_OSE_OFC","FA_OI_OAR_NL_OSE_OFC_ST","FA_OI_OAR_NL_OSE_OFC_LT","FA_OI_OAR_NL_OSE_OTH","FA_OI_OAR_NL_OSE_OTH_ST","FA_OI_OAR_NL_OSE_OTH_LT","FA_OI_SDR","NEO","OB","R","R_RA","R_RA_MG","R_RA_MG_GB","R_RA_MG_UGA","R_RA_SDR","R_RA_IMF","R_RA_ORA","R_RA_ORA_CAD","R_RA_ORA_CAD_CMA","R_RA_ORA_CAD_COE","R_RA_ORA_SEC","R_RA_ORA_SEC_DBT","R_RA_ORA_SEC_DBT_ST","R_RA_ORA_SEC_DBT_LT","R_RA_ORA_SEC_EIF","R_RA_ORA_FDR","R_RA_ORA_OCL","R_UFC","R_UFC_DRW","R_UFC_PAY","R_EXF","MI_E_EP","MI_E_PA","MI_EX","MI_GDP_UGX","MI_GDP","MI_EX_PGDP","MI_IM_PGDP","MI_CAB_NGRA","MI_CAB_PGDP","MI_CAB_NGRA_PGDP","MI_OB_PGDP","MI_DBT_EXT","MI_DBT_EXT_ARR","MI_DBT_EXT_PGDP","MI_EDS_NIMF_PEX","MI_EDS_NIMF_PEX_GS","MI_EDS_NIMF_PGDP","MI_EDS_PEX","MI_EDS_PEX_GS","MI_EDS_PGDP","MI_DBT_PEX","MI_AID_PGDP","MI_R_EXT_MIM_GS","MI_R_EXT_GFER","MI_R_EXT_MIM_NOIL"
2000-07-01,2000,"Q3","2000/01","Q1","July",-251.927813414333,1517.41213324997,1769.3399466643,-704.323606899348,662.012971564782,1366.33657846413,-493.078550871887,448.223823,941.302373871887,-551.565550871887,389.736823,109.643536,268.977287,0,0,0,0,0,0,0,0,941.302373871887,121.926729429992,89.60218,32.3245494299925,737.701625,136.13005,601.571575,81.6740194418946,0,0,0,58.487,58.487,0,-211.245056027461,213.789148564781,425.034204592243,0,0,0,0,0,0,-117.12438289188,29.5771866690018,146.701569560882,165.799034995556,165.799034995556,0,0,0,0,-18.2708400776965,0.927589475224209,19.1984295529207,0,0,0,0,0,0,5.13,9.04,3.91,-73.08995820595,0,73.08995820595,0,0,0,8.445337425,8.445337425,0,182.13424727249,-180.716371879071,46.1475935172961,226.863965396367,-54.6598125,0,54.6598125,-126.056559379071,46.1475935172961,172.204152896367,-41.3913236707221,0,41.3913236707221,-0.0111053019809228,0,0.0111053019809228,-119.535505376368,11.2662185472961,130.801723923664,31.8709061393192,34.88137497,34.88137497,0,0,0,0,633.112165364086,809.251568167892,176.139402803806,537.425584880542,537.425584880542,151.92154,331.075,54.4290448805423,0,0,95.6865804835441,271.82598328735,201.151227632639,70.674755654711,176.139402803806,0,0,0,0,0,0,0,0,0,-251.927813414333,-276.143634027413,-133.394414871203,0,0,0,0,0,0,0,0,0,0,0,133.394414871203,109.723567455963,80.1322437852414,80.1322437852414,0,0,29.5913236707221,23.67084741524,23.67084741524,0,0,0,0,0,0,0,0,0,0,0,0,0,0,0,0,0,0,0,0,0,0,0,0,0,0,0,0,0,0,0,0,0,0,0,0,0,0,0,0,0,0,0,0,0,0,0,0,0,0,0,0,0,0,0,0,0,0,0,0,0,0,0,0,0,0,0,0,0,0,0,0,0,0,0,0,0,0,0,0,0,0,-142.74921915621,13.1859069195548,155.935126075764,0,0,0,13.4913392142926,13.1859069195548,0,0,0,57.0818527615594,57.0818527615594,0,0,0,0,-43.8959458420045,-43.8959458420045,0,0,0,0,-43.8959458420045,-43.8959458420045,0,-0.305432294737805,0,0,0,-0.305432294737805,-0.305432294737805,0,0,0,0,0,0,0,0,0,0,0,0,0,0,-161.931358370502,0,0,0,0,0,0,0,0,0,0,0,0,0,0,0,0,0,0,0,0,0,161.931358370502,0,0,0,0,0,0,0,134.256065159252,0,0,134.256065159252,203.0658926,84.2658926,118.8,-71.1507890775854,27.67529321125,3.457,24.21829321125,0,0,0,27.67529321125,3.457,24.21829321125,0,0,0,0,0,0,0,0,0,0,0,0,0,0,0,5.69079999999996,0,0,0,0,0,0,0,0,0,0,0,0,0,0,0,0,0,0,0,-5.69079999999996,0,0,0,0,0,0,0,0,0,-5.69079999999996,-5.69079999999996,0,0,0,0,-5.69079999999996,-5.69079999999996,0,0,0,0,0,0,0,0,0,0,0,0,0,0,0,0,0,0,0,0,0,0,0,0,0,0,0,0,0,0,0,0,0,0,0,0,0,0,0,0,0,-7.74591948282239,-16.469901130258,16.469901130258,33.2970884995955,0,0,0,0,0,33.2970884995955,33.2970884995955,0,33.2970884995955,0,0,0,0,0,0,0,-20.8617293575,23.661567,-44.5232963575,37.6889167268375,0,1762.91741339934,662.012971564782,10296.3655584497,5840.52632312239,7.67437381842629,-16.1167388313158,-789.353398294875,-4.3134436774467,-13.5151072801412,0.414617095675278,3395.19979508,199.21302825,58.1317437375216,15.1953871819157,10.2882191545955,1.16615081549745,25.4780348486597,17.2502090939407,1.95527963587506,757.478657059243,11.1215565718078,5.82620192585001,738.7,5.82620192585001
2001-07-01,2001,"Q3","2001/02","Q1","July",-269.361153145454,1796.2326477758,2065.59380092125,-832.624115314999,688.847353202072,1521.47146851707,-534.22397501081,470.04178842,1004.26576343081,-590.89197501081,413.37378842,85.254139,328.11964942,0,0,0,0,0,0,0,0,1004.26576343081,135.452537109417,110.835951666667,24.61658544275,753.56709932175,123.2293,630.33779932175,115.246126999643,0,0,0,56.668,56.668,0,-298.400140304189,218.805564782072,517.205705086261,0,0,0,0,0,0,-125.844738439265,30.8927180305916,156.737456469857,168.958930923636,168.958930923636,0,0,0,0,-20.5242724741527,1.75857840284406,22.2828508769967,0,0,0,0,0,0,3.95,8.75,4.8,-76.384863964,0,76.384863964,0,0,0,8.445337425,8.445337425,0,257.000533775407,-120.513205958288,29.4658239737817,149.97902993207,-46.3411935,0,46.3411935,-74.1720124582881,29.4658239737817,103.63783643207,-64.1055346707221,0,64.1055346707221,-0.0463819102700768,0,0.0463819102700768,-34.1292319672959,5.35668788378173,39.4859198510776,15.3347798755407,24.10913609,24.10913609,0,0,0,0,683.776168127833,1077.91947059994,394.143302472111,485.673391950943,485.673391950943,147.63026595,278.309,59.7341260009435,0,0,198.102776176889,592.246078649001,438.262098200261,153.98398044874,394.143302472111,0,0,0,0,0,0,0,0,0,-269.361153145454,-417.823002530805,-190.127010274713,0,0,0,0,0,0,0,0,0,0,0,190.127010274713,143.007199574713,100.901664903991,100.901664903991,0,0,42.1055346707221,47.1198107,47.1198107,0,0,-0.75,-0.75,-0.75,0,0,0,-0.75,0,-0.75,0,0,0,0,0,0,0,0,0,0,0,0,0,0,0,0,0,0,0,0,0,0,0,0,0,0,0,0,0,0,0,0,0,0,0,0,0,0,0,0,0,0,0,0,0,0,0,0,0,0,0,0,0,0,0,0,0,0,0,0,0,0,0,0,0,0,0,0,0,0,0,-226.945992256092,10.1445483857042,237.090540641796,0,0,0,6.86039086819459,10.1445483857042,0,0,0,17.5354540611584,17.5354540611584,0,0,0,0,-7.39090567545418,-7.39090567545418,0,0,0,0,-7.39090567545418,-7.39090567545418,0,3.28415751750959,0,0,0,3.28415751750959,3.28415751750959,0,0,0,0,0,0,0,0,0,0,0,0,0,0,-247.714384539612,0,0,0,0,0,0,0,0,0,0,0,0,0,0,0,0,0,0,0,0,0,247.714384539612,0,0,0,0,0,0,0,231.106933589042,0,0,231.106933589042,304.559919464967,198.707188,105.852731464967,-73.4529858759254,16.6074509505703,5.17791254752852,11.4295384030418,0,0,0,16.6074509505703,5.17791254752852,11.4295384030418,0,0,0,0,0,0,0,0,0,0,0,0,0,0,0,13.9080014153262,0,0,0,0,0,0,0,0,0,0,0,0,0,0,0,0,0,0,0,-13.9080014153262,0,0,0,0,0,0,0,0,0,-13.9080014153262,-13.9080014153262,0,0,0,0,-13.9080014153262,-13.9080014153262,0,0,0,0,0,0,0,0,0,0,0,0,0,0,0,0,0,0,0,0,0,0,0,0,0,0,0,0,0,0,0,0,0,0,0,0,0,0,0,0,0,-42.1965841984879,-106.265265186863,106.265265186863,98.1068401250507,0,0,0,0,0,98.1068401250507,98.1068401250507,0,98.1068401250507,0,0,0,0,0,0,0,-32.9431706845,0,-32.9431706845,24.7847456226879,1797.15,1754.56055582137,688.847353202072,10906.8058776784,6216.26072778806,7.561487669248,-16.1554639904585,-755.034545096398,-4.33317013138382,-12.1461209263831,2.17126213534153,3825.2114277412,333.86190674,61.535569295568,17.2774470604718,11.789436480935,1.30643202903843,24.6343517456359,16.8094929845645,1.86272346964544,813.802415440397,11.45100475329,6.80489885602023,872.9,6.80489885602023
2002-07-01,2002,"Q3","2002/03","Q1","July",-83.291361614237,1765.43669781201,1848.72805942625,-800.044584595694,746.563554480412,1546.60813907611,-589.381034958946,506.339312941435,1095.72034790038,-637.565034958947,458.155312941435,105.473097,346.318103485856,16.88,29.45548706,39.891,111.43139,17.04,0,7.389,6.36411245557846,1095.72034790038,139.98526234295,105.362805,34.62245734295,906.9106115882,134.40661,772.5040015882,48.8244739692312,0,0,0,48.184,48.184,0,-210.663549636748,240.224241538977,450.887791175725,0,0,0,0,0,0,-167.009676115535,22.5759479834181,189.585624098953,171.982052925841,171.982052925841,0,0,0,0,-23.4382411664648,2.15479675283382,25.5930379192986,-3.31460699,2.987921,6.30252799,-12.09309195,0.002963,12.09605495,1.441952688134,11.687721852134,10.245769164,-54.27947014908,19.79632698,74.07579712908,0,0,0,-15.07318418633,9.03651104475,24.10969523108,108.879284693313,-125.777766339769,20.2590735300635,146.036839869833,-46.4537025,0,46.4537025,-79.3240638397692,20.2590735300635,99.5831373698327,-72.546875,0,72.546875,-0.0760257586859234,0,0.0760257586859234,-22.7780436808777,4.18219293026903,26.9602366111468,17.7698739998582,16.0768805997945,16.0768805997945,0,0,0,0,842.530989321226,998.614069801535,156.083080480309,509.418653028959,511.269612870959,180.85275964,267.045,63.3718532309586,0,1.850959842,333.112336292268,487.344456930576,328.957508428139,158.386948502437,154.232120638309,0,0,0,0,0,0,0,0,0,-83.291361614237,-267.520283837694,-185.600326408,0,0,0,0,0,0,0,0,0,0,0,185.600326408,140.050326408,93.050326408,93.050326408,0,0,47,45.55,45.55,0,0,0.22198217176099,1.4,1.4,0,0,0,1.4,0,1.4,0,0,0,0,0,0,0,0,0,0,0,0,0,0,0,0,0,0,0,1.17801782823901,0.41551795606547,0,0,0.41551795606547,0,0,0,0.762499872173538,0,0,0,0,0,0,0.762499872173538,0.762499872173538,0,0,0,0,0,0,0,0,0,0,0,0,0,0,0,0,0,0,0,0,0,0,0,0,0,0,0,0,0,0,0,0,0,0,0,-82.1419396014551,188.404696735739,270.546636337194,0,0,0,179.129454666758,187.901858212274,-14.21779916,-14.21779916,0,73.8953280122711,73.8953280122711,0,0,0,0,128.224329360003,128.224329360003,0,0,0,0,128.224329360003,128.224329360003,0,8.77240354551614,0,0,0,8.77240354551614,8.77240354551614,0,0,0,0,0,0,0,0,0,0,0,0,0,0,-262.729885867662,0.50283852346496,0,0,0,0,0.50283852346496,0,0.50283852346496,0,0,0,0,0,0,0,0,0,0,0,0,0,263.232724391127,0,0,0,0,-5.42326833409166,0,-5.42326833409166,232.605992725219,0,0,232.605992725219,309.868641599572,191.25553058,118.613111019572,-77.2626488743534,36.05,7.1,28.95,0,0,0,36.05,7.1,28.95,0,0,0,0,0,0,0,0,0,0,0,0,0,0,0,1.45849159944919,0,0,0,0,0,0,0,0,0,0,0,0,0,0,0,0,0,0,0,-1.45849159944919,0,0,0,0,0,0,0,0,0,-1.45849159944919,-1.45849159944919,0,0,0,0,-1.45849159944919,-1.45849159944919,0,0,0,0,0,0,0,0,0,0,0,0,0,0,0,0,0,0,0,0,0,0,0,0,0,0,0,0,0,0,0,0,0,0,0,0,0,0,0,0,0,-131.902217683484,-52.3267045399728,52.3267045399728,30.9196164515306,0,0,0,0,0,30.9196164515306,30.9196164515306,0,30.9196164515306,0,0,0,0,0,0,0,-41.762210768,1.977,-43.739210768,20.3551226795578,2002.805,1882.86270199275,746.563554480412,12438.1807943233,6605.98857912837,7.66485298720035,-16.5867732705792,-594.560974485196,-1.26084628540528,-9.00033306693433,0.792110127245741,4215.52276014487,321.755353568721,63.8136549836587,17.7792509704114,12.0583621674873,0,26.6778674172074,18.0936411611637,0,832.548975045209,11.2913191649652,6.93763069677999,954.845520140203,6.93763069677999
2003-07-01,2003,"Q3","2003/04","Q1","July",117.606928867944,2174.9993079915,2057.39237912356,-675.095348728873,1008.45333377978,1683.54868250865,-598.842008398167,670.92342761504,1269.76543601321,-657.329008398167,612.43642761504,114.128982,460.7518766617,42.836,39.25041727,36.16,118.12395,27.157,0,16.519,37.5555689533395,1269.76543601321,160.821734816909,121.902485860259,38.91924895665,1088.1693926398,139.161935,949.007457639803,20.7743085564959,0,0,0,58.487,58.487,0,-76.2533403307061,337.529906164738,413.783246495444,0,0,0,0,0,0,-234.414557411164,11.166944132531,245.581501543695,191.048923023668,252.012096521468,60.9631734978,0,0,0,-30.0287684863799,3.70484355665869,33.7336120430386,5.46,8.04,2.58,-3.302794,0.589212,3.892006,1.76013089967034,16.12382495353,14.3636940538596,6.77081957036253,29.62726512,22.8564455496375,0,0,0,-13.5470939268631,16.26571988055,29.8128138074131,0,-200.108388827786,40.0442384132117,240.152627240998,-48.252,0,48.252,-151.856388827786,40.0442384132117,191.900627240998,-150.71050030947,0,150.71050030947,-2.85897237507982,0,2.85897237507982,-34.1343900032365,4.19676455321174,38.3311545564482,22.4300586,35.84747386,35.84747386,0,0,0,0,992.810666424603,1126.50173579851,133.691069373911,691.326813128704,694.809533511606,358.966200571005,274.22552155,61.6178113906008,0,3.482720382902,301.4838532959,431.692202286909,289.351886646686,142.340315640222,130.208348991009,0,0,0,0,0,0,0,0,0,117.606928867944,-362.146594178932,-248.804536709596,0,0,0,0,0,0,0,0,0,0,0,248.804536709596,229.92206083425,134.47206083425,134.47206083425,0,0,95.45,18.8824758753459,18.8824758753459,0,0,-7.76216836091243,2.15,2.15,0,0,0,2.15,0,2.15,0,0,0,0,0,0,0,0,0,0,0,0,0,0,0,0,0,0,0,9.91216836091243,0,0,0,0,0,0,0,9.91216836091243,0,0,0,0,0,0,9.91216836091243,9.55111275637016,0,0,0.361055604542267,0,0,0,0,0,0,0,0,0,0,0,0,0,0,0,0,0,0,0,0,0,0,0,0,0,0,0,0,0,0,0,0,-105.579889108424,93.091592508949,198.671481617373,0,0,0,86.4175252538186,92.6808301103186,46.6410087202851,46.6410087202851,0,45.0398213900335,45.0398213900335,0,0,0,0,1,1,0,0,0,0,1,1,0,6.26330485650003,0,0,0,6.26330485650003,6.26330485650003,0,0,0,0,0,0,0,0,0,0,0,0,0,0,-178.892323277014,0.410762398630431,0,0,0,0,0.410762398630431,0,0.410762398630431,0,0,0,0,0,0,0,0,0,0,0,0,0,179.303085675645,0,0,0,0,0.3487135985445,0,0.3487135985445,151.38049493,0,0,151.38049493,225.47468399,30.67478606,194.79989793,-74.09418906,27.5738771471005,9.33380227260882,18.2400748744917,0,0,0,27.5738771471005,9.33380227260882,18.2400748744917,0,0,0,0,0,0,0,0,0,0,0,0,0,0,0,-13.1050910852283,0,0,0,0,0,0,0,0,0,0,0,0,0,0,0,0,0,0,0,13.1050910852283,0,0,0,0,0,0,0,0,0,13.1050910852283,13.1050910852283,0,0,0,0,13.1050910852283,13.1050910852283,0,0,0,0,0,0,0,0,0,0,0,0,0,0,0,0,0,0,0,0,0,0,0,0,0,0,0,0,0,0,0,0,0,0,0,0,0,0,0,0,0,-296.766203295149,-182.987319751728,182.987319751728,143.371984476668,0,0,0,0,0,143.371984476668,143.371984476668,0,143.371984476668,0,0,0,0,0,0,0,-48.8536602179,5.774910436,-54.6285706539,9.23832494284,1927.88666666667,1934.87888915945,1008.45333377978,13972.3488492422,7221.3876152149,9.29078264960402,-17.5833995302774,-577.202604643662,1.62859183213147,-7.99295973847936,2.53396340844781,4464.91749444,342.81582102,61.8290795668241,15.7515295766057,10.4794836406618,0,24.1414561524471,16.0612970048994,0,665.488386701838,11.4075800035433,6.40557295246621,1121.84360379145,6.40557295246621
2004-07-01,2004,"Q3","2004/05","Q1","July",67.1255638571962,2632.54702533278,2565.42146147559,-808.009173688554,1310.9265480319,2118.93572172046,-706.403304987766,878.220207300904,1584.62351228867,-777.729369987766,806.894142300904,144.52740454,529.030460329163,41.615548596793,32.5769129437366,34.271614155271,166.395782271031,30.5280115451368,0,26.170875,133.336277431741,1584.62351228867,157.844303058606,116.333266464806,41.5110365938,1385.96931605934,157.588715,1228.38060105934,40.8098931707199,0,0,0,71.326065,71.326065,0,-101.605868700788,432.706340730999,534.312209431787,0,0,0,0,0,0,-285.630318958421,11.4808455095409,297.111164467962,206.767264674161,320.525614951375,113.758350277213,0,0,0,-37.3158422602467,5.34377397389444,42.6596162341411,6,9.12,3.12,3.850767,4.217075,0.366308,7.6142601299233,35.541243971199,27.9269838412757,-15.8973720000177,17.19949154,33.0968635400177,0,0,0,13.0053727138122,29.27829578499,16.2729230711778,0,-261.257244820553,42.0099215940183,303.267166414571,-60.455482786458,0,60.455482786458,-200.801762034095,42.0099215940183,242.811683628113,-209.848581206649,0,209.848581206649,-1.39711799972393,0,1.39711799972393,-23.6879170277217,7.87806739401828,31.56598442174,25.5693889383979,34.1318542,34.1318542,0,0,0,0,1136.3919823663,1279.61055570686,143.218573340561,785.565255144965,786.383698993301,402.314792365301,319.396919748,64.67198688,0,0.818443848336,350.826727221337,493.226856713562,316.444732204944,176.782124508618,142.400129492225,0,0,0,0,0,0,0,0,0,67.1255638571962,-489.610234654246,-337.612410233877,0,0,0,0,0,0,0,0,0,0,0,337.612410233877,343.54087682425,210.04087682425,210.04087682425,0,0,133.5,-5.9284665903735,-5.9284665903735,0,0,-11.4641928147093,0,0,0,0,0,0,0,0,0,0,0,0,0,0,0,0,0,0,0,0,0,0,0,0,0,0,0,11.4641928147093,23.9791426142838,0,0,23.9708830476235,0.0082595666603397,0,0.0082595666603397,-12.5149497995745,0,0,0,0,0,0,-12.5149497995745,-14.548869024588,0,0,2.03391922501357,0,0,0,0,0,0,0,0,0,0,0,0,0,0,0,0,0,0,0,0,0,0,0,0,0,0,0,0,0,0,0,0,-140.53363160566,-4.09915431623919,136.434477289421,0,0,0,-16.1150919123716,-8.56670219662199,-4.51502604999989,-4.51502604999989,0,-39.3850094799554,-39.3850094799554,0,0,0,0,35.3333333333333,35.3333333333333,0,0,0,0,35.3333333333333,35.3333333333333,0,7.54838971574963,0,0,0,7.54838971574963,7.54838971574963,0,0,0,0,0,0,0,0,0,0,0,0,0,0,-108.913238302639,3.3987379343828,0,0,0,0,3.3987379343828,0,3.3987379343828,0,0,0,0,0,0,0,0,0,0,0,0,0,112.311976237021,0,0,0,0,1.35204637352629,0,1.35204637352629,73.45876416,0,0,73.45876416,166.794593282,6.44432373,160.350269552,-93.335829122,37.5011657034952,11.4011657034952,26.1,0,0,0,37.5011657034952,11.4011657034952,26.1,0,0,0,0,0,0,0,0,0,0,0,0,0,0,0,-16.5741113366499,0,0,0,0,0,0,0,0,0,0,0,0,0,0,0,0,0,0,0,16.5741113366499,0,0,0,0,0,0,0,0,0,16.5741113366499,16.5741113366499,0,0,0,0,16.5741113366499,16.5741113366499,0,1.068809946,1.068809946,0.667339946,0,0.667339946,0,0,0,0.40147,0,0.40147,0,0,0,0,0,0,0,0,0,0,0,0,0,0,0,0,0,0,0,0,0,0,0,0,0,0,0,0,0,-327.319523187083,-229.416275324359,229.416275324359,182.179473902974,0,0,0,0,0,182.179473902974,182.179473902974,0,182.179473902974,0,0,0,0,0,0,0,-51.68164727,2.9155454,-54.59719267,4.44484584861472,1740.25,1737.69467411616,1310.9265480319,16025.5084990191,9214.23818946724,9.53112117619007,17.1975531748251,-719.258135136105,0.72849824887235,-7.80594250274848,-2.48980187625933,4416.3,206.670435733025,47.9290844146861,14.5956654182823,9.77797598849648,0,20.9709896825777,14.0489541034837,0,502.869321758483,9.67740382481754,5.96280264255195,1306.62689829048,5.96280264255195
2005-07-01,2005,"Q3","2005/06","Q1","July",-298.59901784729,2860.83366790648,3159.43268575376,-1096.67880399978,1571.02360315213,2667.70240715191,-930.15813386477,1038.80816630332,1968.96630016809,-1031.71213386477,937.254166303316,173.373018,562.133795893316,12.584451403207,26.1580870562634,32.564976844729,185.378677619968,33.8449884548632,0,28.066,201.74735241,1968.96630016809,119.526526322572,67.3143793718862,52.2121469506862,1772.89663870811,290.43137,1482.46526870811,76.5431351374,0,0,0,101.554,101.554,0,-166.520670135011,532.215436848817,698.736106983828,0,0,0,0,0,0,-410.61326240029,3.39677430696947,414.01003670726,226.92432125258,350.259646405215,123.335325152635,0,0,0,-45.7772470324746,7.04918283670419,52.8264298691788,8.28,11.55,3.27,-1.24901108,4.52979992,5.778811,25.1230003872181,58.4374547893157,33.3144544020976,-16.987400139977,34.3510149263059,51.3384150662829,0,0,0,47.778928877933,62.641563664307,14.862634786374,0,-239.211391352953,53.4848173822328,292.696208735186,-30.9642875222582,0,30.9642875222582,-208.247103830695,53.4848173822328,261.731921212928,-225.706843208635,0,225.706843208635,-3.00079314787153,0,3.00079314787153,-25.706531593177,7.31775326324447,33.0242848564215,25.5500370150423,46.1670641189884,46.1670641189884,0,0,0,0,1037.29117750544,1236.32524737211,199.034069866665,459.908984622169,460.455664773259,219.06588182,182.988339643259,58.40144331,0,0.54668015109,577.382192883274,775.869582598849,441.083088256833,334.786494342016,198.487389715575,126.81,126.81,0,0,0,0,126.81,126.81,0,-171.78901784729,-727.961052914343,-512.035420306786,0,0,0,0,0,0,0,0,0,0,0,512.035420306786,510.496310047987,367.948666180647,367.948666180647,0,0,142.54764386734,1.53911025879835,1.53911025879835,0,0,5.57976194705129,0,0,0,0,0,0,0,0,0,0,0,0,0,0,0,0,0,0,0,0,0,0,0,0,0,0,0,-5.57976194705129,0,0,0,0,0,0,0,-5.57976194705129,0,0,0,0,0,0,-5.57976194705129,-7.60310606600173,0,0,2.02334411895044,0,0,0,0,0,0,0,0,0,0,0,0,0,0,0,0,0,0,0,0,0,0,0,0,0,0,0,0,0,0,0,0,-221.505394554609,-91.0443995645686,130.46099499004,0,0,0,-114.408031439576,-93.4969295311761,23.7116412797149,23.7116412797149,0,-53.2085708108911,-53.2085708108911,0,0,0,0,-64,-64,0,0,0,0,-64,-64,0,20.9111019083996,0,0,0,20.9111019083996,20.9111019083996,0,0,0,0,0,0,0,0,0,0,0,0,0,0,-89.0363317616314,2.45252996660746,0,0,0,0,2.45252996660746,0,2.45252996660746,0,0,0,0,0,0,0,0,0,0,0,0,0,91.4888617282389,0,0,0,0,5.70977973276021,0,5.70977973276021,51.6760311283492,0,0,51.6760311283492,141.537884425001,34.089397,107.448487425001,-89.8618532966515,34.1030508671295,10.6030508671295,23.5,0,0,0,34.1030508671295,10.6030508671295,23.5,0,0,0,0,0,0,0,0,0,0,0,0,0,0,0,-18.0610313534017,0,0,0,0,0,0,0,0,0,0,0,0,0,0,0,0,0,0,0,18.0610313534017,0,0,0,0,0,0,0,0,0,18.0610313534017,18.0610313534017,0,0,0,0,18.0610313534017,18.0610313534017,0,0,0,0,0,0,0,0,0,0,0,0,0,0,0,0,0,0,0,0,0,0,0,0,0,0,0,0,0,0,0,0,0,0,0,0,0,0,0,0,0,-357.941631036361,-198.230404030693,198.230404030693,24.1365245402313,0,0,0,0,0,24.1365245402313,24.1365245402313,0,24.1365245402313,0,0,0,0,0,0,0,-138.798645056281,5.81881319,-144.617458246281,-35.295234434181,1862.295,1825.14506340979,1571.02360315213,18172.3455407359,9957.99418549676,10.4319017158725,19.7727199222085,-759.054682620549,-2.99858598313084,-7.62256603569892,-1.99066599495915,4464.3795298,99.59621761,44.832116253915,12.3225046013862,8.14801151526087,0,26.3297682356404,17.4100364916085,0,429.759764566239,5.53145948619353,5.08045704897206,1397.02681278154,5.08045704897206
2006-07-01,2006,"Q3","2006/07","Q1","July",-283.670116637436,3491.18989678193,3774.86001341937,-1243.71718905015,2078.47340853121,3322.19059758136,-1028.81734472256,1466.34231131676,2495.15965603932,-1144.95934472256,1350.20031131676,228.517825,852.457,19.673,45.944,46.737,175.38458511976,32.609,0,60.308,269.22548631676,2495.15965603932,93.8838637472802,42.278656059046,51.6052076882342,2339.23480125359,403.043645,1936.19115625359,62.04099103845,0,0,0,116.142,116.142,0,-214.899844327594,612.131097214451,827.030941542045,0,0,0,0,0,0,-527.59387238658,5.31749330844678,532.911365695027,246.742127697261,360.94881154493,114.20668384767,0,0,0,-51.6939685871583,12.1581367985482,63.8521053857065,9.93,13.74,3.81,-9.630726,1.20658,10.837306,16.774417526858,45.2083713134536,28.4339537865956,-19.8248800810177,36.83993532,56.6648154010177,0,0,0,120.397057503044,136.711768929072,16.3147114260279,0,-218.443792870621,87.9256775834596,306.369470454081,-21.8821590123419,0,21.8821590123419,-196.561633858279,87.9256775834596,284.487311441739,-255.162244658343,0,255.162244658343,-7.69642529000454,0,7.69642529000454,-6.97340845489347,14.6552330384976,21.628641493391,11.4107051936327,73.270444544962,73.270444544962,0,0,0,0,1178.49086528334,1324.79081066726,146.299945383923,539.625392654067,539.625392654067,359.0249702,103.354407162834,77.2460152912321,0,0,638.86547262927,785.165418013193,325.110989742051,460.054428271142,146.299945383923,3428.10438616129,3428.10438616129,0,0,0,0,3428.10438616129,3428.10438616129,0,3144.43426952385,2424.07246044391,-718.284140418877,0,0,0,0,0,0,0,0,0,0,0,718.284140418877,690.950324769648,529.931326227044,529.931326227044,0,0,161.018998542603,27.3338156492296,27.3338156492296,0,0,-77.5837307302754,0,0,0,0,0,0,0,0,0,0,0,0,0,0,0,0,0,0,0,0,0,0,0,0,0,0,0,77.5837307302754,14.6497999046804,0,0,14.6594076513357,-0.00960774665528388,0,-0.00960774665528388,62.9339308255949,0,0,0,0,0,0,62.9339308255949,50.965907980861,0,0,11.9680228447339,0,0,0,0,0,0,0,0,0,0,0,-0.510923930536557,0,-0.510923930536557,0,0,0,0,3.48880624445272,0,3.48880624445272,0,0,0,0,3.99973017498928,0,3.99973017498928,0,0,0,0,3220.4512555236,210.523948714861,-3009.92730680874,0,0,0,166.87792579823,153.55161411056,126.77,126.77,0,26.7816141105602,26.7816141105602,0,0,0,0,0,0,0,0,0,0,0,0,0,-13.3263116876704,0,0,0,-13.3263116876704,-13.3263116876704,0,0,0,0,0,0,0,0,0,0,0,0,0,0,3091.42774621659,72.3776571943008,0,0,0,0,-2.62234280569925,0,-2.62234280569925,75,0,0,75,0,0,0,0,0,0,0,0,0,-3019.05008902229,0,0,0,0,30.9051466313663,0,30.9051466313663,-3104.11617204934,0,0,-3104.11617204934,393.509014075448,264.01373558,129.495278495448,-3497.62518612479,54.1609363956837,14.001916644718,40.1590197509657,0,0,0,54.1609363956837,14.001916644718,40.1590197509657,0,0,0,0,0,0,0,0,0,0,0,0,0,0,0,-22.4490939012181,0,0,0,0,0,0,0,0,0,0,0,0,0,0,0,0,0,0,0,22.4490939012181,0,0,0,0,0,0,0,0,0,22.4490939012181,22.4490939012181,0,0,0,0,22.4490939012181,22.4490939012181,0,-15.40532259,-15.40532259,-15.40532259,0,-15.40532259,0,0,0,0,0,0,0,0,0,0,0,0,0,0,0,0,0,0,0,0,0,0,0,0,0,0,0,0,0,0,0,0,0,0,0,-16.5165996559035,-703.845209424036,703.845209424036,682.476436398456,0,0,0,0,0,682.476436398456,682.476436398456,0,682.476436398456,0,0,0,0,0,0,0,0,0,0,-21.36877302558,1590.13,1779.9998857381,2078.47340853121,21187,11902.8097528301,12.3192955425345,20.9627786031449,-823.295509291502,-2.38321978195096,-6.91681650289124,-5.91326942158916,1466.82519171005,101.772632297129,12.3233524030852,6.23744104822453,4.40045260421154,0,6.25685028806325,4.4141456298183,0,100.032930945903,7.83111782199628,5.59432611580641,2101.29606525064,5.59432611580641
2007-07-01,2007,"Q3","2007/08","Q1","July",-858.363399415757,4386.77468794065,5245.1380873564,-1882.17183699573,2750.88551536662,4633.05735236235,-1442.26239154081,2068.10420349167,3510.36659503248,-1487.11439154081,2023.25220349167,348.629099,1089.42740987126,19.904,46.757,64.488,168.526381132432,38.983,40.186,94.436,585.195694620412,3510.36659503248,176.563914442404,95.1958069505694,81.3681074918343,3280.40048315262,543.081495,2737.31898815262,53.40219743745,0,0,0,44.852,44.852,0,-439.90944545492,682.781311874953,1122.69075732987,0,0,0,0,0,0,-722.636754046651,20.5540171217279,743.190771168379,260.737397709773,407.100228457491,146.362830747718,0,0,0,-78.7124117864099,8.41080399129762,87.1232157777075,12.51,17.07,4.56,0.09999676,0.8736291,0.77363234,13.5477060651826,40.6929990518126,27.1452929866301,-40.5346349379832,50.6016859872456,91.1363209252288,0,0,0,115.079254781169,137.477948165378,22.398693384209,0,-250.517071730339,115.701667775792,366.218739506131,-47.5461901601001,0,47.5461901601001,-202.970881570239,115.701667775792,318.67254934603,-255.772752191184,0,255.772752191184,-39.0464523524607,0,39.0464523524607,-9.76400037084728,14.0893444315388,23.8533448023861,10.7427243050859,101.612323344253,101.612323344253,0,0,0,0,1274.32550931031,1520.18750479823,245.861995487926,426.59915142631,426.59915142631,232.19289129442,146.81360061189,47.59265952,0,0,847.726357883998,1093.58835337192,546.35998997317,547.228363398755,245.861995487926,0,0,0,0,0,0,0,0,0,-858.363399415757,-1147.3790770323,-760.583340771826,0,0,0,0,0,0,0,0,0,0,0,760.583340771826,659.887962766834,495.052912000674,495.052912000674,0,0,164.83505076616,100.695378004992,100.695378004992,0,0,-89.0484462423882,12.0639494227989,12.0639494227989,0,0,0,12.0639494227989,0,12.0639494227989,0,0,0,0,0,0,0,0,0,0,0,0,0,0,0,0,0,0,0,101.112395665187,-10.0526154182139,0,0,-15.5441609546658,5.49154553645192,0,5.49154553645192,111.165011083401,0,0,0,0,0,0,111.165011083401,30.1874732518407,0,0,80.9775378315603,0,0,0,0,0,0,0,0,0,0,0,0.117311804683835,0,0.117311804683835,0,0,0,0,9.80753170614576,0,9.80753170614576,0,0,0,0,9.69021990146193,0,9.69021990146193,0,0,0,0,-297.864601822769,-18.8690570241324,278.995544798637,0,0,0,54.4679765408914,57.4980113768223,-125.673739886125,-125.673739886125,0,172.171751262947,172.171751262947,0,0,0,0,11,11,0,0,0,0,11,11,0,3.0300348359309,0,0,0,3.0300348359309,3.0300348359309,0,0,0,0,0,0,0,0,0,0,0,0,0,0,-320.539048087324,-76.3670684009547,0,0,0,0,-1.36706840095466,0,-1.36706840095466,-75,0,0,-75,0,0,0,0,0,0,0,0,0,244.171979686369,0,0,0,0,15.831982028511,0,15.831982028511,172.257508798,0,0,172.257508798,246.0423619,2.414071,243.6282909,-73.784853102,56.0824888598584,14.2730257002381,41.8094631596203,0,0,0,56.0824888598584,14.2730257002381,41.8094631596203,0,0,0,0,0,0,0,0,0,0,0,0,0,0,0,-25.224330228381,0,0,0,0,0,0,0,0,0,0,0,0,0,0,0,0,0,0,0,25.224330228381,0,0,0,0,0,0,0,0,0,25.224330228381,25.224330228381,0,0,0,0,25.224330228381,25.224330228381,0,-6.5692000479557,0,0,0,0,0,0,0,0,0,0,0,0,0,0,0,0,0,0,0,6.5692000479557,0,0,0,0,0,0,0,0,0,6.5692000479557,6.5692000479557,0,0,0,0,6.5692000479557,6.5692000479557,0,0,273.350183635268,-562.365861251811,562.365861251811,538.300805712971,0,0,0,0,0,538.300805712971,538.300805712971,0,538.300805712971,0,0,0,0,0,0,0,0,0,0,-24.0650555388393,1619.48,1696.45158648061,2750.88551536662,24497,14440.1264215964,14.3219258828554,24.3098051398111,-1284.96255084207,-5.94429282926499,-8.89855471708541,-3.89446632829159,1686.99210885,88.7029576527913,11.6826685556365,5.06740111373027,3.80965092350898,0,5.08006662640404,3.81917280286517,0,81.571910448312,3.47791939225686,5.97149808792571,2703.97492561995,5.97149808792571
2008-07-01,2008,"Q3","2008/09","Q1","July",-1210.4854134569,4993.98504147946,6204.47045493636,-2248.88006781971,3145.65944050697,5394.53950832667,-1845.8189783906,2216.39660030751,4062.21557869811,-1873.6549783906,2188.56060030751,336.652907,1201.19452703221,20.11,50.165,62.635,148.751616254251,48.537,86.125,111.89,650.713166275303,4062.21557869811,308.587590892689,189.543275734906,119.044315157783,3688.71120403729,537.430215,3151.28098903729,64.9167837681322,0,0,0,27.836,27.836,0,-403.061089429104,929.262840199456,1332.32392962856,0,0,0,0,0,0,-869.1753096858,43.1153153562915,912.290625042092,409.458555807677,586.412050497673,176.953494689996,0,0,0,-76.153663573626,12.7489511270271,88.9026147006531,14.7924899347303,20.1777949082786,5.38530497354821,0.280565775082,2.83901039186,2.558444616778,19.5388219610168,49.864855189419,30.3260332284022,-47.8364267835559,52.1306721145,99.9670988980559,0,0,0,146.033877135372,161.974190614407,15.9403134790356,0,-296.449658126777,94.3289084478897,390.778566574667,-75.134464734154,1.38235671945709,76.5168214536111,-221.315193392623,92.9465517284326,314.261745121056,-248.534703080884,0,248.534703080884,-32.6262380086199,0,32.6262380086199,-23.2587513617775,9.84205266977465,33.1008040315522,14.8669978607102,83.104499058658,83.104499058658,0,0,0,0,1334.84431248959,1753.99669252461,419.152380035019,401.350305281822,403.058138901822,224.38766112916,134.713094577813,43.9573831948487,0,1.70783362,933.494007207765,1350.93855362278,897.296662603698,453.641891019087,417.444546415019,0,0,0,0,0,0,0,0,0,-1210.4854134569,-1153.75004157668,-770.790611175992,14.4252405240313,12.85416680006,12.85416680006,12.85416680006,0,0,0,1.57107372397134,1.57107372397134,0,0,785.215851700023,674.104236619743,522.954826243131,522.954826243131,0,0,151.149410376612,111.11161508028,111.11161508028,0,0,34.6794623244148,-0.0123455881880986,-0.0123455881880986,0,0,-0.0123455881880986,0,0,0,0,0,0,0,0,0,0,0,0,0,0,0,0,0,0,0,0,0,0,-34.6918079126029,130.789044019377,0,0,123.890251475602,6.89879254377471,0,6.89879254377471,-165.48085193198,0,0,0,0,0,0,-165.48085193198,-83.2502957880353,0,0,-82.2305561439447,0,0,0,0,0,0,0,0,0,0,0,-6.34928850335816,0,-6.34928850335816,0,0,0,0,33.6136838453959,0,33.6136838453959,0,0,0,0,39.9629723487541,0,39.9629723487541,0,0,0,0,-411.289604221744,175.642612311729,586.932216533473,0,0,0,193.578007485575,177.83657858604,37.9301976687471,37.9301976687471,0,79.9063809172932,79.9063809172932,0,0,0,0,60,60,0,0,0,0,60,60,0,-15.741428899535,0,0,0,-15.741428899535,-15.741428899535,0,0,0,0,0,0,0,0,0,0,0,0,0,0,-550.371989179,-2.19396627431156,0,0,0,0,-2.19396627431156,0,-2.19396627431156,0,0,0,0,0,0,0,0,0,0,0,0,0,548.178022904689,0,0,0,0,208.50744336231,0,208.50744336231,278.801425914824,0,0,278.801425914824,344.534502961474,118.040552,226.493950961474,-65.7330770466497,60.8691536275536,15.50789575242,45.3612578751337,0,0,0,60.8691536275536,15.50789575242,45.3612578751337,0,0,0,0,0,0,0,0,0,0,0,0,0,0,0,-27.2276131502393,0,0,0,0,0,0,0,0,0,0,0,0,0,0,0,0,0,0,0,27.2276131502393,0,0,0,0,0,0,0,0,0,27.2276131502393,27.2276131502393,0,0,0,0,27.2276131502393,27.2276131502393,0,-27.2680093780799,0,0,0,0,0,0,0,0,0,0,0,0,0,0,0,0,0,0,0,27.2680093780799,0,0,0,0,0,0,0,0,0,27.2680093780799,11.7588680858407,15.5091412922391,0,0,0,27.2680093780799,11.7588680858407,15.5091412922391,0,-26.8982905448535,83.6336624250703,-83.6336624250703,-99.1970607169062,0,0,0,0,0,-99.1970607169062,-99.1970607169062,0,-99.1970607169062,0,0,0,0,0,0,0,0,0,0,-15.5633982918358,2064.075,1930.03099556904,3145.65944050697,34504,17877.4330978177,12.3977339933554,22.7225886203652,-1613.54355235872,-6.77102471497803,-9.02558853684474,0.467816950942916,2046.36878939296,87.99491866,13.1210099062938,4.06781350330918,2.8661360805054,0,4.06990728401944,2.86761133506991,0,92.3286378037684,3.64829800572506,5.08941391115764,2442.4408329057,5.08941391115764
2009-07-01,2009,"Q3","2009/10","Q1","July",-1497.18019052183,4993.52745064298,6490.70764116481,-2286.88104658826,3470.35611507967,5757.23716166793,-1799.54384430793,2317.29769554967,4116.84153985759,-1838.01984430793,2278.82169554967,262.13089,1311.55778027355,17.034,70.932,76.615,175.59480066178,49.18,78.636,91.602,705.13302527612,4116.84153985759,433.18887782885,175.92652402941,257.26235379944,3602.35017959874,501.19616329514,3101.1540163036,81.3024824300001,0,0,0,38.476,38.476,0,-487.337202280331,1153.05841953,1640.39562181034,0.216805826200532,0.218280089652318,0.00147426345178558,0,0,0,-944.018109549429,40.8813737780092,984.899483327438,494.979727911744,752.458804487388,257.479076575643,0,0,0,-40.594070384721,15.8718964618581,56.4659668465791,11.8924042003346,17.6453495384319,5.75294533809725,2.08453286822,5.51320733877,3.42867447055,22.4976937570628,64.0404765454399,41.5427827883771,-190.395337194746,74.9731872029,265.368524397646,0,0,0,155.999150285002,181.455844087556,25.4566938025532,0,-327.873897510959,45.0537529786854,372.927650489644,-80.6822436572278,2.77692273060472,83.4591663878325,-247.191653853731,42.2768302480807,289.468484101812,-196.578235835822,18.4037474181676,214.98198325399,-32.5680300229481,0,32.5680300229481,-36.3564291985196,5.56204162635416,41.9184708248738,19.2775986,18.311041203559,18.311041203559,0,0,0,0,1117.57475357738,1478.11758258462,360.542829007238,430.991473975449,431.006105225449,187.972758999486,197.163286545963,45.87005968,0,0.01463125,686.583279601934,1047.11147735917,777.470260407214,269.641216951959,360.528197757238,0,0,0,0,0,0,0,0,0,-1497.18019052183,-1510.53624396213,-659.689372579608,33.032392430575,31.2579142182276,12.85416680006,12.85416680006,0,0,18.4037474181676,1.7744782123475,1.7744782123475,0,0,692.721765010183,509.271765010183,384.849687088104,384.849687088104,0,0,124.422077922078,183.45,183.45,0,0,31.2604556082671,0,0,0,0,0,0,0,0,0,0,0,0,0,0,0,0,0,0,0,0,0,0,0,0,0,0,0,-31.2604556082671,9.2764568553339,0,0,5.28273938915652,3.99371746617738,0,3.99371746617738,-40.536912463601,0,0,0,0,0,0,-40.536912463601,-8.79720098076946,0,0,-31.7397114828315,0,0,0,0,0,0,0,0,0,0,0,5.3428469002564,0,5.3428469002564,0,0,0,0,14.8465199657406,0,14.8465199657406,0,0,0,0,9.50367306548425,0,9.50367306548425,0,0,0,0,-887.450173891041,85.838362987361,973.288536878402,0,0,0,-389.379509251016,-312.356873058387,-18.698154046887,-18.698154046887,0,-308.6587190115,-308.6587190115,0,0,0,0,15,15,0,0,0,0,15,15,0,77.0226361926294,0,0,0,77.0226361926294,77.0226361926294,0,0,0,0,0,0,0,0,0,0,0,0,0,0,-228.361518334071,398.195236045748,0,0,0,0,398.195236045748,0,398.195236045748,0,0,0,0,0,0,0,0,0,0,0,0,0,626.556754379819,0,0,0,0,24.3685764855043,0,24.3685764855043,303.472181104918,0,0,303.472181104918,370.684906304918,119.94401042,250.740895884918,-67.2127252,298.715996789397,18.8111662649825,279.904830524414,0,0,0,298.715996789397,18.8111662649825,279.904830524414,0,0,0,0,0,0,0,0,0,0,0,0,0,0,0,14.9896630241706,0,0,0,0,0,0,0,0,0,0,0,0,0,0,0,0,0,0,0,-14.9896630241706,0,0,0,0,0,0,0,0,0,-14.9896630241706,1.08852340342977,-16.0781864276004,0,0,0,-14.9896630241706,1.08852340342977,-16.0781864276004,-60.6988093301242,0,0,0,0,0,0,0,0,0,0,0,0,0,0,0,0,0,0,0,60.6988093301242,0,0,0,0,0,0,0,0,0,60.6988093301242,5.189668037885,55.5091412922391,0,0,0,60.6988093301242,5.189668037885,55.5091412922391,224,216.228353295607,-229.5844067359,229.5844067359,216.9697154159,0,0,0,223.885129336,0,-6.91541392010022,-6.91541392010022,0,-6.91541392010022,0,0,0,0,0,0,0,0,0,0,-12.61469132,2283.335,2028.88111786156,3470.35611507967,40946,20181.5668939524,11.4822486664505,20.3990183789508,-1928.18629574728,-7.41855277337498,-9.55419520138984,-1.13759455815444,2343.36548245,82.0743287010442,15.3277891865933,4.13371482671234,2.76024924369472,0,4.1436290925592,2.76686940158,0,101.124921797937,4.23721128422816,4.37404898678044,2384.19670955223,4.37404898678044
2010-07-01,2010,"Q3","2010/11","Q1","July",-1732.57515864234,5711.96779164232,7444.54295028466,-3011.33839981149,3828.57701064793,6839.91541045943,-2373.34909663583,2297.77041897234,4671.11951560817,-2380.19722863583,2290.92228697234,371.043847999999,1501.52021139203,82.95103203,63.6029523,58.119898,177.565898809999,47.8375389999999,77.27594506,110.01571606,418.358227580308,4671.11951560817,559.9455480011,173.007431872643,386.938116128457,4052.17140332783,678.678757856023,3373.49264547181,59.002564279236,0,0,0,6.848132,6.848132,0,-637.989303175668,1530.80659167559,2168.79589485126,-10.3212518966955,0.626840932296075,10.9480928289916,-9.73823617209006,0.0833430012612687,9.82157917335133,-1038.43770492196,93.6993890053675,1132.13709392732,480.164502173223,824.474486166525,344.309983993301,27.391345066685,130.963382398608,103.572037331923,-55.8445391732357,12.0470158177309,67.8915549909667,16.1658143640321,22.882044697292,6.7162303332599,-1.37763193775193,3.77054293027766,5.1481748680296,-4.88951634874993,56.3257723146219,61.2152886633719,-269.86303072351,126.072820991516,395.935851715027,-6.11792702386204,0.00623587249389642,6.12416289635594,234.878873418248,259.854717547605,24.975844129357,0,-311.552064541378,35.1046832757944,346.656747817173,-83.6622392215721,3.03866490853615,86.7009041301083,-227.889825319806,32.0660183672582,259.955843687064,-199.200893296729,13.1381386426219,212.339031939351,-5.82375549023818,0,5.82375549023818,-38.1441202408124,3.64893601666234,41.7930562574747,21.34586837266,15.278943707974,15.278943707974,0,0,0,0,1590.31530571053,1848.28609771859,257.970792008057,834.804546414927,834.804546414927,172.047158430851,160.175863284375,53.1565246997,449.425,0,755.510759295605,1013.48155130366,751.389627332359,262.091923971303,257.970792008057,0,0,0,0,0,0,0,0,0,-1732.57515864234,-801.040531798316,-706.399425523458,12.6838671129056,13.1381386426219,0,0,0,0,13.1381386426219,-0.454271529716213,-0.454271529716213,0,0,719.083292636363,410.510058136363,266.750420999999,266.750420999999,0,0,143.759637136363,308.5732345,308.5732345,0,0,-2.09486513909777,0.0592882954634756,0.0592882954634756,0,0,0.0290868412666533,0.0302014541968224,0,0.0302014541968224,0,0,0,0,0,0,0,0,0,0,0,0,0,0,0,0,0,0,0,2.15415343456124,-45.8481471372851,0,0,-46.5809336679949,0.732786530709809,0,0.732786530709809,48.0023005718463,0,0,0,0,0,0,48.0023005718463,21.8441755608929,0,0,26.1581250109534,0,0,0,0,0,0,0,0,0,0,0,2.73877445389937,0,2.73877445389937,0,0,0,0,9.32158034542962,0,9.32158034542962,0,0,0,0,6.58280589153024,0,6.58280589153024,0,0,0,0,-95.2850155896601,345.31670775291,440.60172334257,0,0,0,567.245085849558,582.073764244074,474.164081759599,474.164081759599,0,166.909682484475,166.909682484475,0,0,0,0,-59,-59,0,0,0,0,-59,-59,0,14.8286783945165,0,0,0,14.8286783945165,14.8286783945165,0,0,0,0,0,0,0,0,0,0,0,0,0,0,-629.868576427139,-236.741770425598,0,0,0,0,-236.741770425598,0,-236.741770425598,0,0,0,0,0,0,0,0,0,0,0,0,0,393.12680600154,0,0,0,0,-46.2456210523911,0,-46.2456210523911,238.371640866032,0,0,238.371640866032,304.308042365192,101.98688273,202.321159635192,-65.9364014991599,201.000786187899,11.3835995584577,189.617186629441,0,0,0,201.000786187899,11.3835995584577,189.617186629441,0,0,0,0,0,0,0,0,0,0,0,0,0,0,0,10.5407300834866,0,0,0,0,0,0,0,0,0,0,0,0,0,0,0,0,0,0,0,-10.5407300834866,0,0,0,0,0,0,0,0,0,-10.5407300834866,7.69055065972126,-18.2312807432078,0,0,0,-10.5407300834866,7.69055065972126,-18.2312807432078,-43.2022550955655,-0.0152860655655731,0,0,0,0,0,0,-0.0152860655655731,-0.0152860655655731,0,0,0,0,0,0,0,0,0,0,43.18696903,0,0,0,0,0,0,0,0,0,43.18696903,3.09745833,40.0895107,0,0,0,43.18696903,3.09745833,40.0895107,0,325.576861773283,605.957765070744,-605.957765070744,-609.557560489744,0,0,0,-0.186514055274638,0,-609.371046434469,-609.371046434469,0,-609.371046434469,0,0,0,0,0,0,0,0,0,0,-3.599795419,2623.165,2323.43098142125,3828.57701064794,47078,20262.2760806961,11.3401397247836,23.0532813638758,-2117.95470505727,-8.5507430248321,-10.4526988805322,2.99057106248809,2904.92186269096,82.675,19.4958416846674,4.44201863182523,2.66593540742299,0,4.45013580722859,2.67080703609223,0,126.423503353749,3.94929104616207,3.20517922638989,2043.49094031133,3.20517922638989
2011-07-01,2011,"Q3","2011/12","Q1","July",-2030.92644636945,6371.81763320645,8402.74407957591,-2984.33921384335,4698.26055367444,7682.59976751779,-2574.04408287539,2667.43134083813,5241.47542371353,-2585.51753538539,2655.95788832813,444.21055099,1828.41328283813,77.59078092,71.58552017,57.23432284,168.356824849999,55.54949091,103.59600806,123.75669402,383.3340545,5241.47542371353,483.426264056611,303.927051000854,179.499213055757,4701.98340612349,946.95728049744,3755.02612562605,56.0657535334286,0,0,0,11.47345251,11.47345251,0,-410.295130967952,2030.82921283631,2441.12434380426,-7.24356954016611,4.13889788730512,11.3824674274712,-23.6622442115532,2.87565644131574,26.5379006528689,-1023.50865515969,212.066558294553,1235.57521345424,602.522188245746,1057.0786568987,454.556468652953,45.6409859319928,240.507593599031,194.866607667038,-56.5891807331976,37.5205902001965,94.1097709333941,10.3900803750859,28.3760008964627,17.9859205213767,4.71380730151706,15.04823892172,10.3344316202029,6.4204754753455,81.6910018214553,75.2705263461098,-94.8727240205644,184.465096577938,279.337820598503,-8.62149495328073,8.80808099469703,17.4295759479777,134.515200320815,158.252840302934,23.737639982119,0,-461.040933608827,51.1386980202639,512.179631629091,-130.489477278388,3.11777277338626,133.607250051774,-330.551456330439,48.0209252468776,378.572381577316,-273.383240253407,18.2377668340542,291.621007087461,-42.1127500651221,0,42.1127500651221,-33.6980770609709,11.1405473637619,44.8386244247329,26.0627470190161,18.6426110490614,18.6426110490614,0,0,0,0,1414.45370108272,1622.41838151174,207.964680429022,576.280025786384,576.280025786384,174.744008359872,176.281115377676,49.7203000463405,175.534602002494,0,838.17367529634,1046.13835572536,791.971323929436,254.167031795926,207.964680429022,17.5970473408855,17.5970473408855,0,0,0,0,17.5970473408855,17.5970473408855,0,-2013.32939902856,-2098.35846865292,-1243.86677814911,17.2452292429695,18.2377668340542,0,0,0,0,18.2377668340542,-0.992537591084679,-0.992537591084679,0,0,1261.11200739208,926.279253632492,742.706625001719,742.706625001719,0,0,183.572628630772,334.83275375959,334.83275375959,0,0,-264.668478222346,-1.09932881366346,-1.09932881366346,0,0,-0.00149223526042559,-1.09783657840304,0,-1.09783657840304,0,0,0,0,0,0,0,0,0,0,0,0,0,0,0,0,0,0,0,263.569149408682,77.3656192085869,0,0,74.365800467395,2.9998187411919,0,2.9998187411919,186.203530200095,0,0,0,0,0,0,186.203530200095,154.222227890895,180.344522871239,-26.1222949803439,31.9813023092001,37.1744919182696,-5.19318960906948,0,0,0,0,0,0,0,0,0,-12.3234183811413,0,-12.3234183811413,0,0,0,0,18.2216668320731,0,18.2216668320731,0,0,0,0,30.5450852132145,0,30.5450852132145,0,0,0,0,-577.499793900324,145.490397829211,722.990191729535,-19.8589719439214,0,19.8589719439214,150.109223399895,105.227579324925,-208.290589332228,-208.290589332228,0,316.518168657153,316.518168657153,0,0,0,0,-2.99999999999999,-2.99999999999999,0,0,0,0,-2.99999999999999,-2.99999999999999,0,-44.8816440749708,0,0,0,-44.8816440749708,-44.8816440749708,0,0,0,0,0,0,0,0,0,0,0,0,0,0,-710.353830119713,40.2628185042863,0,0,0,0,40.2628185042863,0,40.2628185042863,0,0,0,0,0,0,0,0,0,0,0,0,0,750.616648623999,0,0,0,0,157.413960349443,0,157.413960349443,470.916236318533,0,0,470.916236318533,545.829343756203,48.661011,497.168332756203,-74.9131074376698,122.286451956023,6.79060622690523,115.495845729117,0,0,0,122.286451956023,6.79060622690523,115.495845729117,0,0,0,0,0,0,0,0,0,0,0,0,0,0,0,5.35899559048739,0,0,0,0,0,0,0,0,0,0,0,0,0,0,0,0,0,0,0,-5.35899559048739,0,0,0,0,0,0,0,0,0,-5.35899559048739,-2.03102097447819,-3.32797461600919,0,0,0,-5.35899559048739,-2.03102097447819,-3.32797461600919,-2.75521082707283,0,0,0,0,0,0,0,0,0,0,0,0,0,0,0,0,0,0,0,2.75521082707283,0,0,0,0,0,0,0,0,0,2.75521082707283,3.09745833,-0.342247502927165,0,0,0,2.75521082707283,3.09745833,-0.342247502927165,0,661.523138678478,-746.552208302834,746.552208302834,741.088700045188,0,0,0,-1.89145807808054,0,742.980158123268,742.980158123268,0,742.980158123268,0,0,0,0,0,0,0,-1.8910428218829,0,-1.8910428218829,-3.5724654357638,2472.36,2559.12054405173,4698.26055367445,59420,23218.9140672222,11.4881830094014,22.5741626354217,-2431.67187015334,-8.74686232305966,-10.4728061920265,-3.21527615865866,3254.08372464192,80.8908073351144,16.6927533085251,4.09103993376334,2.32268262078529,0,4.16194927823727,2.36294130921842,0,121.99315779275,3.29391546647947,4.26380534982535,2643.16321704157,4.26380534982535
2012-07-01,2012,"Q3","2012/13","Q1","July",-1464.69233894979,6661.73078809077,8126.42312704056,-2465.57954114052,4950.44191085106,7416.02145199159,-2122.95951523563,2912.1057869055,5035.06530214114,-2127.90183657563,2907.1634655655,422.68894209,2015.92582829,36.45522933,86.1953576599999,72.72264152,148.506238829999,52.9918133799999,107.780290009999,136.94839083,468.548695185502,5035.06530214114,438.110213559081,358.615089660582,79.4951238984993,4545.68706305205,1028.06891920222,3517.61814384983,51.26802553,0,0,0,4.94232134,4.94232134,0,-342.620025904892,2038.33612394556,2380.95614985045,3.03751019840552,3.7355562856232,0.698046087217677,-5.12816644336025,2.90074132151813,8.02890776487838,-1049.25426297813,156.206195498126,1205.46045847626,705.038584839314,1054.10172515852,349.063140319214,56.2524428429536,238.195464231115,181.943021388161,-54.6031623354727,17.9115040578484,72.5146663933211,16.7915547018378,29.0317476015767,12.2401928997389,7.74994497178,19.18670833,11.43676335822,-2.51521708721349,80.3579186626294,82.8731357498429,-191.562996195817,220.903279895292,412.466276091109,-5.55056628116026,10.0492233685814,15.5997896497416,177.124307861978,205.756059534725,28.6317516727469,0,-472.047872332989,79.0718504269326,551.119722759922,-163.869627817515,6.02069866596734,169.890326483483,-308.178244515473,73.0511517609653,381.229396276439,-226.641621829154,46.3994839743808,273.041105803535,-52.9261867645724,0,52.9261867645724,-41.0520605814834,14.2100431268481,55.2621037083315,32.4847930810948,12.4416246597363,12.4416246597363,0,0,0,0,1472.93507452372,1632.21702681276,159.28195228904,343.043781706407,343.043781706407,25.742512094246,264.488459002021,45.5322454757941,7.28056513434596,0,1129.89129281731,1289.17324510636,975.985815781101,313.187429325257,159.28195228904,32.7447978642535,32.7447978642535,0,0,0,0,32.7447978642535,32.7447978642535,0,-1431.94754108553,-1440.29554769962,-894.066356611772,45.3570527898862,46.3994839743808,0,0,0,0,46.3994839743808,-1.04243118449461,-1.04243118449461,0,0,939.423409401658,706.092264982751,596.792123806816,596.792123806816,0,0,109.300141175934,233.331144418907,233.331144418907,0,0,46.5156231131325,75.676233435396,9.25769980514214,0,0,0,9.25769980514214,0,9.25769980514214,66.4185336302539,0,0,0,0,0,0,0,0,0,66.4185336302539,0,66.4185336302539,66.4185336302539,0,66.4185336302539,0,0,0,29.1606103222635,103.51493442951,0,0,63.5651492750832,39.9497851544273,0,39.9497851544273,-74.354324107247,0,0,0,0,0,0,-74.354324107247,-151.636093615857,-63.7561081900724,-87.8799854257854,77.2817695086108,86.5472183325758,-9.26544882396504,0,0,0,0,0,0,0,0,0,-0.761240951649433,0,-0.761240951649433,0,0,0,0,7.63313512342798,0,7.63313512342798,0,0,0,0,8.39437607507741,0,8.39437607507741,0,0,0,0,-591.983573249331,129.188970647113,721.172543896445,-11.5648447847858,0,11.5648447847858,225.478857201806,222.712902739562,170.604595483584,170.604595483584,0,-108.891692744022,-108.891692744022,0,0,0,0,160.999999999999,160.999999999999,0,0,0,0,160.999999999999,160.999999999999,0,-2.76595446224362,0,0,0,-2.76595446224362,-2.76595446224362,0,0,0,0,0,0,0,0,0,0,0,0,0,0,-821.552703997796,-93.5239320924495,0,0,0,0,-93.5239320924495,0,-93.5239320924495,0,0,0,0,0,0,0,0,0,0,0,0,0,728.028771905346,0,0,0,0,164.172346250946,0,164.172346250946,541.495558939956,0,0,541.495558939956,617.058500552354,119.991160999999,497.067339552354,-75.5629416123982,22.3608667144439,3.9473244526541,18.4135422617898,0,0,0,22.3608667144439,3.9473244526541,18.4135422617898,0,0,0,0,0,0,0,0,0,0,0,0,0,0,0,15.4474923873914,0,0,0,0,0,0,0,0,0,0,0,0,0,0,0,0,0,0,0,-15.4474923873914,0,0,0,0,0,0,0,0,0,-15.4474923873914,-17.8412603445124,2.39376795712104,0,0,0,-15.4474923873914,-17.8412603445124,2.39376795712104,0.207625944052452,0,0,0,0,0,0,0,0,0,0,0,0,0,0,0,0,0,0,0,-0.207625944052452,0,0,0,0,0,0,0,0,0,-0.207625944052452,0,-0.207625944052452,0,0,0,-0.207625944052452,0,-0.207625944052452,0,329.699340198655,-338.047346812739,338.047346812739,332.292641864577,0,0,0,-1.84034599988411,0,334.132987864461,334.132987864461,0,334.132987864461,0,0,0,0,0,0,0,-1.84034599988411,0,-1.84034599988411,-3.91435894827745,2593.33125024803,2591.11608752696,4950.44191085107,63905,24663.1172982268,11.807533296348,20.4153645350547,-1800.45555552185,-5.93879646777293,-7.30019459320861,-1.37065944553993,3827.39895819675,81.6153398176946,15.5187153023512,3.92150905854538,2.30683430458213,0,3.98470545780255,2.34400969282071,0.611947475991279,131.430629182735,2.29906208257641,4.6308221612787,2911.71632787672,4.6308221612787
2013-07-01,2013,"Q3","2013/14","Q1","July",-1993.1995112006,6359.37401024961,8352.57352145022,-2636.62293507152,4908.60223610467,7545.22517117619,-2367.1845309238,2706.32906954387,5073.51360046768,-2367.4387179838,2706.07488248387,404.004984129999,1942.26234004357,21.7508212617628,83.2199054298453,94.0403944077302,110.177083711686,59.04557282036,92.2693639764117,135.297637070468,359.807558310295,5073.51360046768,360.981086547759,300.549725662945,60.4313608848148,4656.002743401,1089.83775754291,3566.16498585808,56.52977051892,0,0,0,0.25418706,0.25418706,0,-269.43840414772,2202.27316656079,2471.71157070851,-0.644037984324474,0.0437392409618345,0.687777225286308,-4.84136928483839,0.108427881463655,4.94979716630204,-975.689753381475,202.74984424503,1178.4395976265,745.776274966088,951.759649966088,205.983374999999,64.0615073347234,241.131070902983,177.06956356826,-53.1036235731442,20.2184283348538,73.322051907998,22.7615638876624,31.5470755004651,8.78551161280262,-7.23643051918873,9.7463642284,16.9827947475887,-34.8784467794646,82.459566834002,117.338013613466,-201.015278921072,432.642271816931,633.657550738004,-10.4846467762144,9.2435204426093,19.7281672188237,185.855836883529,220.623207167007,34.7673702834779,0,-560.934692523839,52.2742607795671,613.208953303406,-145.175946944346,6.02069866596734,151.196645610314,-415.758745579492,46.2535621135997,462.012307693092,-322.679058118891,23.1857485027353,345.864806621626,-34.9504651681755,0,34.9504651681755,-76.4628710736379,4.73416482965235,81.1970359032902,42.1261554734369,18.3336487812121,18.3336487812121,0,0,0,0,1204.35811639476,1398.49751336538,194.139396970615,205.431662587559,205.431662587559,30.26504373,115.312581810474,52.8639440134494,6.99009303363511,0,998.926453807205,1193.06585077782,889.675467527516,303.390383250304,194.139396970615,91.0481186135603,91.0481186135603,0,0,0,0,91.0481186135603,91.0481186135603,0,-1902.15139258704,-1679.20514126782,-1041.58458274417,35.6976874292466,23.1857485027353,0,0,0,0,23.1857485027353,12.5119389265113,4.08955244023657,0,8.4223864862748,1077.28227017342,794.814325320775,653.277786839454,653.266769162963,0,0.0110176764906384,141.53653848132,282.46794485265,282.46794485265,0,0,-25.080211189625,209.725060575421,18.4197644311254,0,0,0,18.4197644311254,0,18.4197644311254,191.305296144295,0,0,0,0,0,0,0,0,0,191.305296144295,0,191.305296144295,191.305296144295,0,191.305296144295,0,0,0,234.805271765046,5.27038966874184,0,0,-2.24150260684474,7.51189227558659,0,7.51189227558659,229.534882096304,0,0,0,0,0,0,229.534882096304,66.7726926089365,103.061877410498,-36.2891848015622,162.762189487368,205.80061809101,-43.0384286036421,0,0,0,0,0,0,0,0,0,-1.24125098458349,0,-1.24125098458349,0,0,0,0,8.93510860405619,0,8.93510860405619,0,0,0,0,10.1763595886396,0,10.1763595886396,0,0,0,0,-611.299096349435,-145.450297100636,465.848799248798,-2.32493955371558,0,2.32493955371558,-216.28051015453,-148.925718575683,-61.0496138237594,-61.0496138237594,0,-116.876104751923,-116.876104751923,0,0,0,0,29,29,0,0,0,0,29,29,0,67.3547915788474,0,0,0,67.3547915788474,67.3547915788474,0,0,0,0,0,0,0,0,0,0,0,0,0,0,-410.824055704237,3.47542147504684,0,0,0,0,3.47542147504684,0,3.47542147504684,0,0,0,0,0,0,0,0,0,0,0,0,0,414.299477179284,0,0,0,0,123.304662536949,0,123.304662536949,310.364155186162,0,0,310.364155186162,403.018766611781,0,403.018766611781,-92.654611425619,-19.3693405438282,0.0880797719768764,-19.457420315805,0,0,0,-19.3693405438282,0.0880797719768764,-19.457420315805,0,0,0,0,0,0,0,0,0,0,0,0,0,0,0,18.1304090630485,0,0,0,0,0,0,0,0,0,0,0,0,0,0,0,0,0,0,0,-18.1304090630485,0,0,0,0,0,0,0,0,0,-18.1304090630485,-21.0887727183614,2.95836365531286,0,0,0,-18.1304090630485,-21.0887727183614,2.95836365531286,0,0,0,0,0,0,0,0,0,0,0,0,0,0,0,0,0,0,0,0,0,0,0,0,0,0,0,0,0,0,0,0,0,0,0,0,0,0,0,0,601.434558448504,-378.488307129284,378.488307129284,372.043074694442,0,0,0,-1.83038000006856,0,373.87345469451,373.87345469451,0,373.87345469451,0,0,0,0,0,0,0,-1.83038000006856,0,-1.83038000006856,-4.61485243477355,2599.68,2538.33895281606,4908.60223610467,70457.7593494808,27757.4274591319,9.74992755913164,18.2780396632129,-2191.64108075453,-7.18077896136178,-7.89569236551674,-1.36355686306501,4300.74496091816,75.950428030939,15.4940329655919,4.86125379681529,2.82230303727773,0,4.92072012884281,2.85682746585354,0.611947475991279,158.914339328403,1.93674229264891,5.33764162202865,3392.88819928671,5.33764162202865
2014-07-01,2014,"Q3","2014/15","Q1","July",-1860.61317580958,6467.81304739963,8328.42622320921,-2715.77296277301,4912.06368767004,7627.83665044305,-2249.64374884299,2738.3690804245,4988.01282926749,-2249.87740343899,2738.1354258285,400.492564159999,1940.97090958558,18.182296809,73.3728887921283,63.2216531440611,136.816376218736,55.2804040331976,92.20618575214,128.003522156693,396.67195208292,4988.01282926749,223.825888425752,194.120913493493,29.7049749322593,4692.67026697739,933.027372278548,3759.64289469884,71.51667386435,0,0,0,0.233654596,0.233654596,0,-466.129213930021,2173.69460724553,2639.82382117555,-8.71242,0.03852,8.75094,-2.40517203109948,0,2.40517203109948,-995.485028832391,145.740101715489,1141.22513054788,843.521569460017,1027.18248446001,183.660915,50.1481534572098,186.686335085013,136.538181627804,-39.0573967310733,33.2192422141163,72.2766389451897,21.8215792568537,31.4426763174425,9.62109706058879,4.35995508202016,9.38843845,5.02848336797984,-16.9961700688015,64.3882366722436,81.3844067410452,-510.157639110247,456.443510280452,966.6011493907,-10.5316973906436,7.59054958157767,18.1222469722213,197.365052978134,211.574512469179,14.2094594910453,0,-489.693903852989,24.6408311933343,514.334735046323,-98.9802006598834,0.378662739590802,99.3588633994742,-390.713703193105,24.2621684537435,414.975871646849,-288.596849235862,0.287169403544516,288.884018639407,-41.9962680434262,0,41.9962680434262,-81.1502334658812,2.94535149813482,84.0955849640161,41.7799228076599,21.0296475520642,21.0296475520642,0,0,0,0,1344.85369081641,1531.10852853625,186.254837719837,234.089787382763,234.089787382763,39.4158861199999,90.7329195207057,59.4832071333724,44.4577746086852,0,1110.76390343365,1297.01874115349,916.479946718608,380.538794434883,186.254837719837,99.0777490315213,99.0777490315213,0,0,0,0,99.0777490315213,99.0777490315213,0,-1761.53542677806,-946.831901237148,-884.60166230758,13.5066779415581,0.287169403544516,0,0,0,0,0.287169403544516,13.2195085380136,4.79712205173888,0,8.4223864862748,898.108340249138,646.672364165923,547.27799253265,547.266974856159,0,0.0110176764906384,99.3943716332733,251.435976083214,251.435976083214,0,0,195.932075409194,203.672910709536,136.767600012619,0,0,0,136.767600012619,0,136.767600012619,66.9053106969166,0,0,0,0,0,0,0,0,0,66.9053106969166,0,66.9053106969166,66.9053106969166,0,66.9053106969166,0,0,0,7.74083530034171,9.04540576576958,0,0,0.293959984865026,8.75144578090455,0,8.75144578090455,-1.30457046542787,0,0,0,0,0,0,-1.30457046542787,31.9729008665721,122.979678943157,-91.0067780765858,-33.277471332,80.603092166,-113.880563498,0,0,0,0,0,0,0,0,0,-5.23964324799009,0,-5.23964324799009,0,0,0,0,12.1050278311123,0,12.1050278311123,0,0,0,0,17.3446710791024,0,17.3446710791024,0,0,0,0,-252.922671090772,277.071116250588,529.993787341361,1.24716340324794,0,-1.24716340324794,174.308368864588,282.38481345586,-96.9805013572955,-96.9805013572955,0,327.365314813156,327.365314813156,0,0,0,0,51.9999999999999,51.9999999999999,0,0,0,0,51.9999999999999,51.9999999999999,0,108.076444591271,0,0,0,108.076444591271,108.076444591271,0,0,0,0,0,0,0,0,0,0,0,0,0,0,-433.132806507607,-5.31369720527246,0,0,0,0,-5.31369720527246,0,-5.31369720527246,0,0,0,0,0,0,0,0,0,0,0,0,0,427.819109302335,0,0,0,0,154.349058339864,0,154.349058339864,274.618663338312,0,0,274.618663338312,384.920631663252,0,384.920631663252,-110.301968324939,-1.14861237584218,-2.21124225329872,1.06262987745653,0,0,0,-1.14861237584218,-2.21124225329872,1.06262987745653,0,0,0,0,0,0,0,0,0,0,0,0,0,0,0,4.65460314899805,0,0,0,0,0,0,0,0,0,0,0,0,0,0,0,0,0,0,0,-4.65460314899805,0,0,0,0,0,0,0,0,0,-4.65460314899805,-4.09743392155656,-0.557169227441489,0,0,0,-4.65460314899805,-4.09743392155656,-0.557169227441489,0,0,0,0,0,0,0,0,0,0,0,0,0,0,0,0,0,0,0,0,0,0,0,0,0,0,0,0,0,0,0,0,0,0,0,0,0,0,0,0,465.07713014842,349.626395392492,-349.626395392492,-354.636819818694,0,0,0,-1.76296600214356,0,-352.87385381655,-352.87385381655,0,-352.87385381655,0,0,0,0,0,0,0,-1.76296600214356,0,-1.76296600214356,-3.24745842405798,3301.77,2823.21959114997,4912.06368767004,77845.2054225607,27573.202476557,9.93126961858233,18.0900743521118,-2050.24518858366,-6.74790379315384,-7.43564404724767,1.26799342836491,4380.09667146546,75.7373790393706,15.8853389452656,5.75370890094274,3.20756805162239,0.571416344020995,5.81808904658294,3.24345858794765,0.57781010986536,159.952750809852,2.01116718077702,5.0347489100329,2883.40977361276,5.0347489100329
2015-07-01,2015,"Q3","2015/16","Q1","July",-1356.81046301858,6275.95991170415,7632.77037472274,-2259.17620914701,4672.5424542688,6931.71866341581,-2004.06488999061,2687.82848064485,4691.89337063547,-2051.04580618912,2483.56362760785,352.033907907999,1782.20768807023,24.2921042921577,74.4965601180035,73.2343025225029,115.145295516275,49.1015958000367,68.4761450950118,99.559942675491,349.322031629624,4534.60943379698,611.600154236835,566.510824845999,45.0893293908359,3862.65402809544,645.924810165,3216.72921793044,60.3552514647057,0,0,0,46.98091619851,204.264853037,157.28393683849,-255.111319156394,1984.71397362394,2239.82529278034,-8.32536,0,8.32536,-1.60719517600193,0,1.60719517600193,-909.331630719353,149.806571196111,1059.13820191546,880.642525677225,1075.47293567722,194.830409999999,36.1605704535908,135.718777013267,99.5582065596766,-27.3472990003181,44.0692563449848,71.4165553453029,20.8048592533131,30.3884449807079,9.58358572739481,-19.0610898901732,2.83755370337349,21.8986435935467,-21.3635878422235,50.9267450617399,72.2903329039634,-466.220206616287,205.771828692193,671.99203530848,-11.8572767365802,13.7004895139291,25.5577662505093,272.394371440414,276.021371440414,3.62699999999999,0,-512.080512241359,41.4489330813197,553.529445322679,-161.427581295739,0.354046590776696,161.781627886516,-350.652930945619,41.094886490543,391.747817436163,-280.561305553548,0.282657914130647,280.843963467679,-31.5545142631692,0,31.5545142631692,-76.1025642131857,3.24677549212893,79.3493397053147,46.6767703520758,37.5654530842835,37.5654530842835,0,0,0,0,1414.44625836978,1561.96852435403,147.522265984246,238.32016429436,238.32016429436,43.1084762529751,100.815455409334,52.0263297794168,42.3699028526338,0,1176.12609407542,1323.64836005967,953.583222973695,370.065137085976,147.522265984246,119.814906713765,119.814906713765,0,0,0,0,119.814906713765,119.814906713765,0,-1236.99555630482,-1242.88627546305,-681.395593095117,0.282657914130647,0.282657914130647,0,0,0,0,0.282657914130647,0,0,0,0,681.678251009248,473.823258379417,396.034271966108,396.034271966108,0,0,77.7889864133093,207.85499262983,207.85499262983,0,0,146.16923826682,126.376210337546,44.5071802843741,0,0,0,44.5071802843741,0,44.5071802843741,81.8690300531727,0,0,0,0,0,0,0,0,0,81.8690300531727,0,81.8690300531727,81.8690300531727,0,81.8690300531727,0,0,0,-19.7930279292738,13.0940900834656,0,0,0.468254359465694,12.625835724,0,12.625835724,-32.8871180127394,0,0,0,0,0,0,-32.8871180127394,-89.0350561109624,-17.0299389973517,-72.0051171136107,56.1479380982229,150.73397246064,-94.5860343624175,0,0,0,0,0,0,0,0,0,-2.7084616367811,0,-2.7084616367811,0,0,0,0,12.7244371451692,0,12.7244371451692,0,0,0,0,15.4328987819503,0,15.4328987819503,0,0,0,0,-704.951458997979,96.3142651756437,801.265724173623,0.930271276984458,0,-0.930271276984458,109.533153566102,118.563528188109,7.76557681020477,7.76557681020477,0,10.797961367905,10.797961367905,0,0,0,0,99.99999001,99.99999001,0,0,0,0,99.99999001,99.99999001,0,9.03037462200736,0,0,0,9.03037462200736,9.03037462200736,0,0,0,0,0,0,0,0,0,0,0,0,0,0,-806.568458142365,-22.249263012466,0,0,0,0,-22.249263012466,0,-22.249263012466,0,0,0,0,0,0,0,0,0,0,0,0,0,784.319195129899,0,0,0,0,-90.4282852595591,0,-90.4282852595591,901.506319768957,0,0,901.506319768957,991.687613290027,0,991.687613290027,-90.1812935210702,-26.7588393794983,-3.01208300404213,-23.7467563754562,0,0,0,-26.7588393794983,-3.01208300404213,-23.7467563754562,0,0,0,0,0,0,0,0,0,0,0,0,0,0,0,-8.8464256987008,0,0,0,0,0,0,0,0,0,0,0,0,0,0,0,0,0,0,0,8.8464256987008,0,0,0,0,0,0,0,0,0,8.8464256987008,5.95923827571819,2.88718742298261,0,0,0,8.8464256987008,5.95923827571819,2.88718742298261,0,0,0,0,0,0,0,0,0,0,0,0,0,0,0,0,0,0,0,0,0,0,0,0,0,0,0,0,0,0,0,0,0,0,0,0,0,0,0,0,95.5626034207036,-101.453322578941,101.453322578941,98.7613584232071,0,0,0,-0.834216,0,99.5955744232071,99.5955744232071,0,99.5955744232071,0,0,0,0,0,0,0,-0.834216,0,-0.834216,-1.85774815573443,3404.86111111111,3442.95702702967,4672.5424542688,84907,24661.0687654303,10.899075405899,19.0255070259264,-1552.76072446031,-5.50183155452107,-6.29640482831369,-0.411390615483617,5309.23175231976,76.10253105,21.5287982966992,5.30501186459399,3.05164952900272,0.578197243413989,5.33604866645867,3.06950310675326,0.581579967852799,197.52866637703,2.29089147663968,5.21381619261126,2924.50043143128,5.21381619261126
2016-07-01,2016,"Q3","2016/17","Q1","July",-1028.57111816516,6639.81089411848,7668.38201228365,-1765.35690142712,4965.60634712557,6730.96324855269,-1493.88398448473,3274.09029351229,4767.97427799702,-1593.62681466919,2840.42581444942,490.51340414,1903.21284697555,48.3100398927619,67.8625998781333,46.9460330757256,131.598681662695,53.5777730293381,50.1626023424644,106.089294662763,446.69956333387,4434.05262911861,417.871057644979,391.64921823755,26.2218394074292,3944.73446015734,693.804716197364,3250.92974395997,71.4471113162899,0,0,0,99.7428301844598,433.664479062869,333.921648878409,-271.472916942391,1691.51605361328,1962.98897055567,0,0,0,-1.32667238648316,0,1.32667238648316,-924.777009113466,159.018032729148,1083.79504184261,823.792995452378,1030.57012045237,206.777124999999,8.99220267961884,34.6215020975342,25.6292994179154,-43.8049524411392,18.7168055938855,62.5217580350247,19.3270144945719,28.9894831345719,9.66246864,-16.7258385253709,1.56272143,18.2885599553709,-3.22620049108224,34.1802728380153,37.4064733290975,-289.597456478405,187.122201817086,476.719658295491,-4.82108315510544,10.0618304985704,14.8829136536759,160.694083022091,186.673083022091,25.979,0,-723.710598706886,22.4632816704697,746.173880377356,-135.898633569178,0.498166517020816,136.396800086198,-587.811965137708,21.9651151534489,609.777080291157,-448.395329389783,0.295659247246631,448.690988637029,-47.1941490111957,0,47.1941490111957,-110.863022255504,3.02892038742803,113.891942642932,77.086686784016,18.6405355187743,18.6405355187743,0,0,0,0,1460.49638196884,1651.74126532244,191.244883353598,183.764775373161,183.764775373161,6.649471,82.7482284611743,48.8682461097484,45.4988298022391,0,1276.73160659568,1467.97648994928,1163.88,304.096489949282,191.244883353598,150.528211966506,150.528211966506,0,0,0,0,150.528211966506,150.528211966506,0,-878.042906198656,-1133.61594081345,-713.908592190572,0.295659247246631,0.295659247246631,0,0,0,0,0.295659247246631,0,0,0,0,714.204251437819,552.057290038553,322.606136777197,322.606136777197,0,0,229.451153261356,162.146961399265,162.146961399265,0,0,176.597173450515,120.357170814222,16.1697164558445,0,0,0,16.1697164558445,0,16.1697164558445,104.187454358377,0,0,0,0,0,0,0,0,0,104.187454358377,0,104.187454358377,104.187454358377,0,104.187454358377,0,0,0,-56.240002636293,16.9323489784159,0,0,0.713430912415944,16.218918066,0,16.218918066,-73.1723516147089,0,0,0,0,0,0,-73.1723516147089,11.4693661710709,26.3490746732437,-14.8797085021728,-84.6417177857798,41.2043249245999,-125.846042710379,0,0,0,0,0,0,0,0,0,-0.943567235137829,0,-0.943567235137829,0,0,0,0,5.29486826291201,0,5.29486826291201,0,0,0,0,6.23843549804983,0,6.23843549804983,0,0,0,0,-595.36095483826,208.527920447432,803.888875285692,-2.3315801180964,0,2.3315801180964,237.830647149651,186.167899668811,27.765271029,27.765271029,0,-2.59737116018788,-2.59737116018788,0,0,0,0,160.999999799999,160.999999799999,0,0,0,0,160.999999799999,160.999999799999,0,-51.6627474808398,0,0,0,-51.6627474808398,-51.6627474808398,0,0,0,0,0,0,0,0,0,0,0,0,0,0,-824.529639948281,22.3600207786205,0,0,0,0,22.3600207786205,0,22.3600207786205,0,0,0,0,0,0,0,0,0,0,0,0,0,846.889660726902,0,0,0,0,-25.5141712624001,0,-25.5141712624001,900.655870276957,0,0,900.655870276957,992.103283218673,143.51213192,848.591151298673,-91.4474129417154,-28.2520382876559,16.2879488678658,-44.5399871555217,0,0,0,-28.2520382876559,16.2879488678658,-44.5399871555217,0,0,0,0,0,0,0,0,0,0,0,0,0,0,0,-6.31441869786396,0,0,0,0,0,0,0,0,0,0,0,0,0,0,0,0,0,0,0,6.31441869786396,0,0,0,0,0,0,0,0,0,6.31441869786396,2.27175614803626,4.04266254982769,0,0,0,6.31441869786396,2.27175614803626,4.04266254982769,-0.0159632236698644,0,0,0,0,0,0,0,0,0,0,0,0,0,0,0,0,0,0,0,0.0159632236698644,0,0,0,0.0159632236698644,0.0159632236698644,0,0,0,0,0,0,0,0,0,0,0,0,0,0,165.675489735359,-421.248524350157,421.248524350157,419.029926770265,0,0,0,-0.000103833250000443,0,419.030030603515,419.030030603515,0,419.030030603515,0,0,0,0,0,0,0,0,0,0,-2.21859757989235,3590.9,3528.29744887118,4965.60634712557,108518.040921473,30756.4665480467,10.6452094826875,15.5023473536814,-1166.83706373608,-3.34424345058741,-3.79379426408846,-1.36962587588564,6226.64516576861,76.46753621937,20.2449951656234,5.41557517001624,3.57077884520594,0.576499321540642,5.41557834137808,3.5707809362547,0.576499659138752,190.179396643608,2.2868512665612,5.03193510601857,3326.94222030623,5.03193510601857
2017-07-01,2017,"Q3","2017/18","Q1","July",-1797.67317570032,7305.67387065801,9103.34704635834,-2446.96240020303,5487.02438669403,7933.98678689706,-2077.82592552998,3531.26342683175,5609.08935236174,-2178.73960085629,3187.9578570493,492.473823839999,2154.69234366039,41.1583659126577,91.6095092475526,54.2143211704333,146.310620163877,61.8599182347024,45.3663902764125,111.084227841883,540.791689548905,5366.6974579056,594.821318833307,587.878892053364,6.94242677994292,4696.53691242377,910.686869682067,3785.8500427417,75.339226648515,0,0,0,100.913675326309,343.305569782455,242.391894456145,-369.136474673049,1955.76095986227,2324.89743453532,0,0,0,-0.0354,0,0.0354,-1152.08656774388,174.863453122181,1326.95002086606,898.5987,1177.85569999999,279.257,-14.784912435,33.6434999999999,48.428412435,-55.4048587713199,6.8115,62.2163587713199,20.4606181219098,30.5196181219098,10.059,-8.53995284274893,1.37271153664749,9.91266437939642,18.2304572072816,56.2775796865824,38.0471224793007,-323.479525753121,195.911591015074,519.391116768196,-4.4181350694631,6.12536729372287,10.5435023631859,252.323102613292,272.379939086152,20.0568364728601,0,-925.549370615612,48.2089198276127,973.758290443225,-195.661772687515,0.451026245068838,196.112798932584,-729.887597928097,47.7578935825439,777.64549151064,-582.148513311884,0.312605258891842,582.461118570776,-63.4906081095911,0,63.4906081095911,-126.403173557183,5.29059127309014,131.693764830273,93.1160138208458,42.1546970505619,42.1546970505619,0,0,0,0,1574.83859511832,1770.44056413637,195.60196901805,131.464714136377,131.464714136377,0,54.5355625613179,53.4130299531411,23.5161216219182,0,1443.37388098195,1638.97584999999,1252.4,386.575849999999,195.60196901805,105.382822497744,105.382822497744,0,0,0,0,105.382822497744,105.382822497744,0,-1692.29035320257,-1123.88395703082,-928.716141560559,0.312605258891842,0.312605258891842,0,0,0,0,0.312605258891842,0,0,0,0,929.028746819451,708.943576699605,397.019919246484,397.019919246484,0,0,311.923657453121,220.085170119845,220.085170119845,0,0,330.12899726189,253.686456282956,61.6273657624081,0,0,0,61.6273657624081,0,61.6273657624081,192.059090520548,0,0,0,0,0,0,0,0,0,192.059090520548,0,192.059090520548,192.059090520548,0,192.059090520548,0,0,0,-76.4425409789338,14.699153412,0,0,-2.394,17.093153412,0,17.093153412,-91.1416943909338,0,0,0,0,0,0,-91.1416943909338,-28.4374401119079,-1.84788490529088,-26.589555206617,-62.7042542790258,69.6992510490193,-132.403505328045,0,0,0,0,0,0,0,0,0,0.242019352435453,0,0.242019352435453,0,0,0,0,4.45336911907337,0,4.45336911907337,0,0,0,0,4.21134976663792,0,4.21134976663792,0,0,0,0,-525.538832084587,553.373526926604,1078.91235901119,-3.0814405852243,0,3.0814405852243,443.250656330217,458.291771787687,43.1392198312,43.1392198312,0,293.152551946487,293.152551946487,0,0,0,0,122.000000009999,122.000000009999,0,0,0,0,122.000000009999,122.000000009999,0,15.0411154574698,0,0,0,15.0411154574698,15.0411154574698,0,0,0,0,0,0,0,0,0,0,0,0,0,0,-964.192775213106,95.0817551389166,0,0,0,0,95.0817551389166,0,95.0817551389166,0,0,0,0,0,0,0,0,0,0,0,0,0,1059.27453035202,0,0,0,0,-75.8503104413569,0,-75.8503104413569,1051.64790732825,0,0,1051.64790732825,1280.52296351137,56.48786807,1224.03509544137,-228.875056183118,83.4769334651276,142.318176704785,-58.841243239658,0,0,0,83.4769334651276,142.318176704785,-58.841243239658,0,0,0,0,0,0,0,0,0,0,0,0,0,0,0,-1.37737956660586,0,0,0,0,0,0,0,0,0,0,0,0,0,0,0,0,0,0,0,1.37737956660586,0,0,0,0,0,0,0,0,0,1.37737956660586,0.781169034064307,0.596210532541554,0,0,0,1.37737956660586,0.781169034064307,0.596210532541554,-0.13789304986892,0,0,0,0,0,0,0,0,0,0,0,0,0,0,0,0,0,0,0,0.13789304986892,0,0,0,0.13789304986892,0.13789304986892,0,0,0,0,0,0,0,0,0,0,0,0,0,0,407.729662784929,160.676733386826,-160.676733386826,-163.865239001385,0,0,0,0,0,-163.865239001385,-163.865239001385,0,-163.865239001385,0,0,0,0,0,0,0,0,0,0,-3.18850561455857,3879.54,3658.72205846774,5487.02438669403,120484.777455384,32930.8363809537,10.7232728193753,17.0329392411238,-1905.62176821478,-5.45893567628925,-5.78673965692819,0.487921811423405,7350.2291117084,76.83385595,22.3202017303137,9.26595665124764,5.96325649955305,0.993613811038337,9.26595665124764,5.96325649955305,0.993613811038337,208.147289603455,1.88197915796132,3.80112944132838,3084.12864451918,3.80112944132838
2018-07-01,2018,"Q3","2018/19","Q1","July",-2653.83774327884,8273.28333748961,10927.1210807684,-3463.63702708004,6271.95115077414,9735.58817785419,-2865.29204084059,3962.40851728526,6827.70055812586,-2829.26199066294,2893.30080533291,416.18912398,2025.0133062767,54.2607911944515,88.7256953346938,85.6750297922796,186.054658358001,58.1867551895698,61.548360694263,121.761263351321,452.09837507621,5722.56279599586,706.631632773927,634.622004199662,72.0096285742644,4961.52358230647,979.751875936599,3981.77170636987,54.4075809154599,0,0,0,-36.0300501776502,1069.10771195234,1105.13776213,-598.344986239449,2309.54263348888,2907.88761972833,0,0,0,-0.0218999999999999,0,0.0218999999999999,-1398.91947313467,185.19338,1584.11285313467,1116.78994,1499.90494,383.115,-1.88384999999999,120.3183,122.20215,-74.1230061347782,2.9961273,77.1191334347782,22.0107164113879,33.8787164113879,11.868,-5.57611,15.5902,21.16631,9.3208531635048,33.9386842915716,24.6178311280668,-448.423309023108,207.24,655.663309023108,-6.40533300770615,3.699,10.1043330077061,188.886485485924,206.783285485924,17.8968,0,-938.864728068932,45.6507400650328,984.515468133965,-217.144475747977,0.063362303643919,217.207838051621,-721.720252320955,45.5873777613889,767.307630082343,-536.814492558832,0.324329510720462,537.138822069553,-74.2020371506837,0,74.2020371506837,-146.006854881495,9.95991598061201,155.966770862107,114.311745786863,35.3031322700564,35.3031322700564,0,0,0,0,1748.66401187013,1955.68144665043,207.0174347803,150.427200658972,150.427200658972,24.16402052,63.3604101316388,48.0623625771969,14.8404074301367,0,1598.23681121115,1805.25424599145,1369.05124599145,436.203,207.0174347803,99.7277403701612,99.7277403701612,0,0,0,0,99.7277403701612,99.7277403701612,0,-2554.11000290868,-2422.43692102478,-1178.8548494741,0.324329510720462,0.324329510720462,0,0,0,0,0.324329510720462,0,0,0,0,1179.17917898482,822.60380275532,523.783711742199,523.783711742199,0,0,298.820091013121,356.575376229505,356.575376229505,0,0,155.866021036788,152.514286219489,-20.355914308521,0,0,0,-20.355914308521,0,-20.355914308521,172.87020052801,0,0,0,0,0,0,0,0,0,172.87020052801,0,172.87020052801,172.87020052801,0,172.87020052801,0,0,0,-3.35173481729906,57.4757096448882,0,0,48.9585251485546,8.51718449633362,0,8.51718449633362,-60.8274444621873,0,0,0,0,0,0,-60.8274444621873,7.39579922198855,7.50104356284137,-0.105244340852829,-68.2232436841758,68.4992886416039,-136.722532325779,0,0,0,0,0,0,0,0,0,-4.93192341607821,0,-4.93192341607821,0,0,0,0,3.99468012766953,0,3.99468012766953,0,0,0,0,8.92660354374775,0,8.92660354374775,0,0,0,0,-1394.51616917139,-65.5244832467778,1328.99168592461,-6.04769836572129,0,6.04769836572129,-92.3311292287473,-23.6625324975731,81.7970247177999,81.7970247177999,0,-108.459557206373,-108.459557206373,0,0,0,0,2.99999999099999,2.99999999099999,0,0,0,0,2.99999999099999,2.99999999099999,0,68.6685967311742,0,0,0,68.6685967311742,68.6685967311742,0,0,0,0,0,0,0,0,0,0,0,0,0,0,-1303.82469200079,-41.8619507492046,0,0,0,0,-41.8619507492046,0,-41.8619507492046,0,0,0,0,0,0,0,0,0,0,0,0,0,1261.96274125158,0,0,0,0,42.469820763417,0,42.469820763417,1154.58037145104,0,0,1154.58037145104,1398.79606464299,50.49270707,1348.30335757299,-244.215693191946,64.9125490371214,-19.7560355268439,84.6685845639654,0,0,0,64.9125490371214,-19.7560355268439,84.6685845639654,0,0,0,0,0,0,0,0,0,0,0,0,0,0,0,7.7520870305767,0,0,0,0,0,0,0,0,0,0,0,0,0,0,0,0,0,0,0,-7.7520870305767,0,0,0,0,0,0,0,0,0,-7.7520870305767,-7.74712360747836,-0.00496342309834218,0,0,0,-7.7520870305767,-7.74712360747836,-0.00496342309834218,-0.0647366067083488,0,0,0,0,0,0,0,0,0,0,0,0,0,0,0,0,0,0,0,0.0647366067083488,0,0,0,0.0647366067083488,0.0647366067083488,0,0,0,0,0,0,0,0,0,0,0,0,0,0,200.414848592746,-68.7417667088451,68.7417667088451,65.4857517171918,0,0,0,0,0,65.4857517171918,65.4857517171918,0,65.4857517171918,0,0,0,0,0,0,0,0,0,0,-3.25601499165328,3694.76,3736.82231630824,6271.95115077414,132105.427913827,35352.3439788113,11.2083332286543,19.3132895578808,-2789.42453650768,-7.50682258825452,-7.8903524422017,-0.194447549927796,8400.22946625774,77.19837434,23.7614497960658,9.15394091326379,5.78315305229465,1.02600420111272,9.15394091326379,5.78315305229465,1.02600420111272,211.998067074945,2.03528502991357,4.23074269140683,3209.34661595482,4.23074269140683
2019-07-01,2019,"Q3","2019/20","Q1","July",-2619.4142063027,7439.64850716728,10059.0627134699,-3715.45128478195,5387.49267463717,9102.94395941913,-2402.08935881785,3807.09379256662,6209.18315138447,-2384.38222816538,2688.71527563026,497.410136,1804.68857836314,41.6890844417008,71.0363623497144,60.6724075269078,146.601994237016,50.9346516360785,59.9349457653094,102.355885796495,386.616561267116,5073.09750379564,397.221263831655,380.395709528101,16.8255543035542,4627.33763519732,850.510732068571,3776.82690312874,48.5386047666712,0,0,0,-17.707130652467,1118.37851693636,1136.08564758883,-1313.3619259641,1580.39888207054,2893.76080803465,0,0,0,-0.020794074840464,0,0.020794074840464,-1209.4354499128,162.808073333333,1372.24352324614,699.190335031239,979.604122300491,280.413787269252,-11.9961308456032,74.5306980541901,86.5268288997934,-56.3383380051942,11.761661471635,68.0999994768292,27.4030655203843,43.1350655203843,15.732,-8.39410099999999,3.796,12.1901009999999,-0.411355733747435,18.673401515215,19.0847572489624,-833.256974500329,150.014666666666,983.271641166995,-5.91426990842877,3.67980574340741,9.59407565183619,85.8120874652232,132.395387465223,46.5833,0,-769.693566686613,48.1131543432637,817.806721029877,-131.893141743397,0.066200818757749,131.959342562154,-637.800424943216,48.046953524506,685.847378467722,-449.877051341427,0.322646552123729,450.199697893551,-76.0904194335315,0,76.0904194335315,-146.006807020074,13.5504541205654,159.557261140639,116.450441168878,34.1738528518168,34.1738528518168,0,0,0,0,1865.73064516586,2004.04267818684,138.312033020984,148.598763493925,148.598763493925,20.7463489199999,66.28891007412,46.3454206130993,15.2180838867063,0,1717.13188167193,1855.44391469292,1291.64752816056,563.796386532352,138.312033020984,70.213770729755,70.213770729755,0,0,0,0,70.213770729755,70.213770729755,0,-2549.20043557295,-1768.61797559585,-1246.92256797741,0.322646552123729,0.322646552123729,0,0,0,0,0.322646552123729,0,0,0,0,1247.24521452953,983.071372284692,666.434413215888,666.434413215888,0,0,316.636959068804,264.173842244842,264.173842244842,0,0,294.570661643405,265.5572453019,47.3977231568999,0,0,0,47.3977231568999,0,47.3977231568999,218.159522145,0,0,0,0,0,0,0,0,0,218.159522145,0,218.159522145,218.159522145,0,218.159522145,0,0,0,-29.0134163415054,14.6752106019818,0,0,12.5134564001279,2.16175420185385,0,2.16175420185385,-43.6886269434873,0,0,0,0,0,0,-43.6886269434873,-7.6314417633081,-2.19782963627618,-5.43361212703192,-36.0571851801792,92.5041452393503,-128.561330419529,0,0,0,0,0,0,0,0,0,-3.42068060522222,0,-3.42068060522222,0,0,0,0,8.96949306868824,0,8.96949306868824,0,0,0,0,12.3901736739104,0,12.3901736739104,0,0,0,0,-812.845388656625,448.024809512542,1260.87019816916,-7.59113671029203,0,7.59113671029203,419.332893873376,391.772086687941,51.770585843718,51.770585843718,0,259.001480844223,259.001480844223,0,0,0,0,81.00002,81.00002,0,0,0,0,81.00002,81.00002,0,-27.5608071854354,0,0,0,-27.5608071854354,-27.5608071854354,0,0,0,0,0,0,0,0,0,0,0,0,0,0,-1289.81989354601,2.57430156460146,0,0,0,0,2.57430156460146,0,2.57430156460146,0,0,0,0,0,0,0,0,0,0,0,0,0,1292.39419511061,0,0,0,0,-8.18923340167843,0,-8.18923340167843,1314.15450657024,0,0,1314.15450657024,1504.07084514603,667.283013692046,836.787831453993,-189.916338575798,-13.5710780579423,-146.620141629754,133.049063571811,0,0,0,-13.5710780579423,-146.620141629754,133.049063571811,0,0,0,0,0,0,0,0,0,0,0,0,0,0,0,65.1778863546851,53.67842126,53.67842126,53.67842126,0,0,0,0,0,0,0,0,0,0,0,0,0,0,0,0,-11.4994650946851,0,0,0,0,0,0,0,0,0,-11.4994650946851,-11.4994650946851,0,0,0,0,-11.4994650946851,-11.4994650946851,0,0.0548613716230982,0,0,0,0,0,0,0,0,0,0,0,0,0,0,0,0,0,0,0,-0.0548613716230982,0,0,0,-0.0548613716230982,-0.0548613716230982,0,0,0,0,0,0,0,0,0,0,0,0,0,0,957.10394388278,-176.521483905681,176.521483905681,672.149156136211,0,0,0,0,0,672.149156136211,672.149156136211,0,672.149156136211,0,0,0,0,0,0,0,498.72348891,498.72348891,0,-3.09581667947004,3730.14,3714.61748353096,5387.49267463717,139717.934299877,37613.0072394607,10.1217479589681,16.5080742197882,-2752.79488590992,-6.96411799680461,-7.31873117292759,-0.469309679978177,10026.4211906653,77.5643786017066,26.6567922283713,8.14499426588862,5.78714347841444,0.824415790865649,8.14499426588862,5.78714347841444,0.824415790865649,263.361549175435,3.35000151581446,3.97480192330093,3864.52203926109,3.97480192330093
2020-07-01,2020,"Q3","2020/21","Q1","July",-4113.71112407732,8541.64219602214,12655.3533200994,-4884.59384378784,6760.86971902466,11645.4635628125,-3045.44336980549,5278.73102725401,8324.1743970595,-2965.05045501104,3029.00039978273,554.886774,2073.36358720199,29.01359547731,85.4946206392728,61.2587233139971,118.655307812,62.4131582322311,78.0355646670683,119.148866232093,400.750038580732,5994.05085479378,490.663451354791,479.500326462007,11.1631248927848,5455.85885241805,830.370009690721,4625.48884272733,47.5285510209313,0,0,0,-80.392914794444,2249.73062747128,2330.12354226572,-1839.15047398235,1482.13869177064,3321.289165753,0,0,0,-0.0280267861386758,0,0.0280267861386758,-1552.72192554489,166.971382633105,1719.69330817799,605.996900019999,822.254500019999,216.2576,-38.7708946641866,77.852179333473,116.623073997659,-75.7315301587367,12.2858231850124,88.0173533437492,25.9296217208144,41.6406197565103,15.7109980356958,8.91799889999999,8.918,1.1e-06,2.31085739233,27.3009934394461,24.9901360471161,-937.985015619866,156.700111992684,1094.68512761255,-9.08734334270193,3.84379730939595,12.9311406520978,132.018884101019,164.371284101019,32.3524,0,-886.368802038933,36.2336993883785,922.602501427311,-107.298804733637,0.0738471670361344,107.372651900673,-779.069997305295,36.1598522213424,815.229849526638,-487.533621023863,0.337025385419037,487.870646409282,-112.907163448841,0,112.907163448841,-206.7840970139,7.66794265461261,214.452039668513,171.172586074325,28.1548841813107,28.1548841813107,0,0,0,0,1657.25152174945,1744.5387776091,87.2872558596507,192.107051894451,192.107051894451,10.8317960437678,109.949817836461,48.7440053244537,22.5814326897683,0,1465.144469855,1552.43172571465,1014.39282571465,538.0389,87.2872558596507,179.800946641822,179.800946641822,0,0,0,0,179.800946641822,179.800946641822,0,-3933.9101774355,-3453.72516299685,-1419.52581779976,0.337025385419037,0.337025385419037,0,0,0,0,0.337025385419037,0,0,0,0,1419.86284318517,1295.3217435574,922.228048574606,922.228048574606,0,0,373.093694982794,124.541099627777,124.541099627777,0,0,-145.884533861982,222.820198780079,50.7743208171,0,0,0,50.7743208171,0,50.7743208171,172.04587796298,0,0,0,0,0,0,0,0,0,172.04587796298,0,172.04587796298,172.04587796298,0,172.04587796298,0,0,0,368.704732642062,4.4174211029872,0,0,3.78496904824801,0.632452054739199,0,0.632452054739199,364.287311539074,0,0,0,0,0,0,364.287311539074,128.823328671609,128.823328671609,0,235.463982867465,432.186674245818,-196.722691378353,0,0,0,0,0,0,0,0,0,-14.5416977677068,0,-14.5416977677068,0,0,0,0,8.3716675725708,0,8.3716675725708,0,0,0,0,22.9133653402776,0,22.9133653402776,0,0,0,0,-1873.7731135674,-122.158244189934,1751.61486937746,-7.02278509657358,0,7.02278509657358,-129.675586595074,-107.928627743178,95.914688969282,95.914688969282,0,-140.84331671246,-140.84331671246,0,0,0,0,-62.9999999999999,-62.9999999999999,0,0,0,0,-62.9999999999999,-62.9999999999999,0,21.7469588518955,0,0,0,21.7469588518955,21.7469588518955,0,0,0,0,0,0,0,0,0,0,0,0,0,0,-1737.79838064151,-14.2296164467558,0,0,0,0,-14.2296164467558,0,-14.2296164467558,0,0,0,0,0,0,0,0,0,0,0,0,0,1723.56876419476,0,0,0,0,-2.25819441043326,0,-2.25819441043326,1720.6904071309,0,0,1720.6904071309,2006.87888217314,933.114027694591,1073.76485447855,-286.188475042237,5.13655147428843,-1.97187911313626,7.10843058742468,0,0,0,5.13655147428843,-1.97187911313626,7.10843058742468,0,0,0,0,0,0,0,0,0,0,0,0,0,0,0,0.742682583625119,0,0,0,0,0,0,0,0,0,0,0,0,0,0,0,0,0,0,0,-0.742682583625119,0,0,0,0,0,0,0,0,0,-0.742682583625119,-0.742682583625119,0,0,0,0,-0.742682583625119,-0.742682583625119,0,-0.0190438178630695,0,0,0,0,0,0,0,0,0,0,0,0,0,0,0,0,0,0,0,0.0190438178630695,0,0,0,0.0190438178630695,0.0190438178630695,0,0,0,0,0,0,0,0,0,0,0,0,0,0,979.887671254765,-499.702656816118,499.702656816118,497.086171592808,0,0,0,0,0,497.086171592808,497.086171592808,0,497.086171592808,0,0,0,0,0,0,0,0,0,0,-2.61648522331032,3556.71,3661.05564356699,6760.86971902466,148328.402656403,40515.2003252272,13.0290137649083,20.5458058462971,-4283.236743282,-10.1535006394029,-10.5719253734382,-1.23337081590332,12588.3040739307,77.929,31.0705709780052,8.75518204849038,6.89490828462505,1.14071387424059,8.75518204849038,6.89490828462505,1.14071387424059,238.472163270632,4.16865053688863,4.92193055936622,4154.23333561765,4.92193055936622
2021-07-01,2021,"Q3","2021/22","Q1","July",-3458.97809211114,7674.60921769826,11133.5873098094,-4409.3652413451,5628.82804993167,10038.1932912767,-3300.12135991886,3836.57897329918,7136.70033321805,-3300.12135991886,3836.57897329918,862.221108979321,2475.71110625425,30.1909009037739,85.5023488990459,41.909652613113,135.262736110748,67.6560161156584,89.5503862875932,182.170023443976,498.64675806561,7136.70033321805,367.882428236139,349.895883007913,17.9865452282258,6676.49382026363,1237.26577711575,5439.22804314788,92.3240847182812,0,0,0,0,0,0,-1109.24388142623,1792.24907663248,2901.49295805871,0,0,0,-0.0256955155615553,0,0.0256955155615553,-1483.38671674472,177.102271142818,1660.48898788754,802.676717380877,1035.289279998,232.612562617122,-24.3089684253256,82.6133878489805,106.922356274306,-70.4224571034459,13.0371877128818,83.4596448163277,29.7830808137994,44.1872366280365,14.4041558142371,15.0419999999999,15.0419999999999,0,14.0810701303203,47.6438925958461,33.5628224655257,-558.750596106266,166.283426345449,725.034022451716,-7.77665465747508,4.07887255890168,11.8555272163767,173.84433880157,206.97152180157,33.127183,0,-969.745709189793,15.8398020813807,985.585511271174,-127.977963700875,0.0766179721084132,128.054581672984,-841.767745488918,15.7631841092723,857.53092959819,-480.996755217418,0.357636858967207,481.354392076386,-150.013621758038,0,150.013621758038,-223.117231539689,3.04568422407713,226.162915763766,179.390540318851,12.3598630262279,12.3598630262279,0,0,0,0,1920.13285842374,2029.94136568521,109.808507261463,240.965865685211,240.965865685211,69.5652131267,117.216815975515,24.1811122313885,30.0027243516076,0,1679.16699273853,1788.97549999999,1254.5,534.4755,109.808507261463,157.949232232844,157.949232232844,0,0,0,0,157.949232232844,157.949232232844,0,-3301.0288598783,-3504.17106247943,-2300.23333838347,0.357636858967207,0.357636858967207,0,0,0,0,0.357636858967207,0,0,0,0,2300.59097524244,2174.04703790069,1789.23435655401,1789.23435655401,0,0,384.812681346684,126.543937341743,126.543937341743,0,0,187.513149457331,308.28127124697,16.6019325129,0,0,0,16.6019325129,0,16.6019325129,291.67933873407,0,0,0,0,0,0,0,0,0,291.67933873407,0,291.67933873407,291.67933873407,0,291.67933873407,0,0,0,120.768121789638,4.58389363754877,0,0,3.9276073378765,0.656286299672267,0,0.656286299672267,116.184228152089,0,0,0,0,0,0,116.184228152089,-13.4326452825933,107.087157764355,-120.519803046949,129.616873434682,308.103814740647,-178.486941305964,0,0,0,0,0,0,0,0,0,-4.04793726405898,0,-4.04793726405898,0,0,0,0,13.4971917914103,0,13.4971917914103,0,0,0,0,17.5451290554693,0,17.5451290554693,0,0,0,0,-1387.40293628922,240.963554207249,1628.36649049647,-9.88802171275697,0,9.88802171275697,211.773817697638,235.099937290952,-8.924778742032,-8.924778742032,0,146.024715032984,146.024715032984,0,0,0,0,98.000001,98.000001,0,0,0,0,98.000001,98.000001,0,23.3261195933147,0,0,0,23.3261195933147,23.3261195933147,0,0,0,0,0,0,0,0,0,0,0,0,0,0,-1095.88043882516,5.86361691629675,0,0,0,0,5.86361691629675,0,5.86361691629675,0,0,0,0,0,0,0,0,0,0,0,0,0,1101.74405574146,0,0,0,0,-7.60686557504244,0,-7.60686557504244,1148.09965863507,0,0,1148.09965863507,1560.41774244883,654.016082443895,906.40166000494,-412.318083813764,-38.7487373185662,-6.14443534649254,-32.6043019720736,0,0,0,-38.7487373185662,-6.14443534649254,-32.6043019720736,0,0,0,0,0,0,0,0,0,0,0,0,0,0,0,-2.68868711029941,0,0,0,0,0,0,0,0,0,0,0,0,0,0,0,0,0,0,0,2.68868711029941,0,0,0,0,0,0,0,0,0,2.68868711029941,2.68868711029941,0,0,0,0,2.68868711029941,2.68868711029941,0,0.0511082718441873,0,0,0,0,0,0,0,0,0,0,0,0,0,0,0,0,0,0,0,-0.0511082718441873,0,0,0,-0.0511082718441873,-0.0511082718441873,0,0,0,0,0,0,0,0,0,0,0,0,0,490.77071461049,-13.3160425801438,-189.826160020984,189.826160020984,188.492966704946,0,0,0,490.77071461049,0,-302.277747905543,-302.277747905543,0,-302.277747905543,0,0,0,0,0,0,0,0,0,0,-1.33319331603846,3756.65,3571.63867131474,5628.82804993167,162883.318888302,45604.646460036,8.41269315981043,15.649064047612,-3669.94123344475,-7.58470542062482,-8.04729675223065,-0.416243025120986,12835.4126760234,78.9206069613032,28.1449669547844,15.4651890437262,10.6487021951481,1.30103890083331,15.4651890437262,10.6487021951481,1.30103890083331,334.553589678511,3.16683894557674,4.81642032996454,4117.1717001225,4.81642032996454
2022-07-01,2022,"Q3","2022/23","Q1","July",-3734.59999559173,9511.18458868962,13245.7845842813,-4528.30729425697,7330.80644584782,11859.1137401047,-3109.20728396589,5396.23458880427,8505.44187277017,-3480.844786857,4329.42659651499,845.407198,2972.52845466766,23.6185017448481,89.1297819328585,57.8764440282461,143.873050089358,62.402359354973,89.5468584516975,201.114468514499,511.490943847332,7810.27138337199,227.836660181852,215.357375316904,12.4792848649486,7465.44453546256,1610.1280018717,5855.31653359086,116.990187727576,0,0,0,371.637502891105,1066.80799228928,695.170489398175,-1419.10001029107,1934.57185704355,3353.67186733462,0,0,0,-0.0242985513249164,0,0.0242985513249164,-1760.46380081423,183.012622351681,1943.47642316591,890.248669492467,1140.45307519799,250.204405705532,-31.58833520874,85.3910725977858,116.979407806525,-82.48720461188,13.4755330999949,95.9627377118749,28.1318721622881,45.6729306114126,17.5410584491245,10.11957385,10.11957385,0,8.41926652223403,41.9439720826401,33.5247055604061,-662.212615541153,171.874323285581,834.086938826735,-6.99497352867937,4.2160152472017,11.210988775881,187.751835937952,238.412738719252,50.6609027812999,0,-1230.84961453014,55.6475847050227,1286.49719923517,-139.607589721499,0.0769854488497991,139.684575170349,-1091.24202480864,55.5705992561729,1146.81262406482,-762.8004426795,0.369661574024043,763.170104253524,-99.6911749713281,0,99.6911749713281,-274.17083751749,9.78050732247866,283.951344839968,233.068380111345,45.4204303596702,45.4204303596702,0,0,0,0,2024.55691319538,2124.73055813677,100.17364494139,208.925058136773,208.925058136773,2.11,186.876823142507,0,19.9382349942656,0,1815.6318550586,1915.8055,1416.07,499.7355,100.17364494139,111.022855489961,176.022855489961,65,0,0,0,111.022855489961,176.022855489961,65,-3623.57714010177,-3406.24963366084,-2972.86067684311,0.369661574024043,0.369661574024043,0,0,0,0,0.369661574024043,0,0,0,0,2973.23033841713,2784.08386456799,2420.89036159529,2420.89036159529,0,0,363.193502972693,189.146473849147,189.146473849147,0,0,502.462078009342,147.862686216573,16.0055288315072,0,0,0,16.0055288315072,0,16.0055288315072,131.857157385066,0,0,0,0,0,0,0,0,0,131.857157385066,0,131.857157385066,131.857157385066,0,131.857157385066,0,0,0,-354.599391792769,4.72809738879215,0,0,4.05116511567775,0.676932273114397,0,0.676932273114397,-359.327489181561,0,0,0,0,0,0,-359.327489181561,-130.721462297421,-66.7656171368481,-63.9558451605729,-228.60602688414,-96.7084269478573,-131.897599936283,0,0,0,0,0,0,0,0,0,-2.40757338746245,0,-2.40757338746245,0,0,0,0,9.74221628597502,0,9.74221628597502,0,0,0,0,12.1497896734374,0,12.1497896734374,0,0,0,0,-933.443461439612,50.3550913875452,983.798552827157,32.9728298614877,49.787741,16.8149111385122,-21.4024705304099,-27.6920778106691,-75.230795414258,-75.230795414258,0,-7.46128240641114,-7.46128240641114,0,0,0,0,55.00000001,55.00000001,0,0,0,0,55.00000001,55.00000001,0,-6.28960728025912,0,0,0,-6.28960728025912,-6.28960728025912,0,0,0,0,0,0,0,0,0,0,0,0,0,0,-946.976466446744,28.2594281982142,0,0,0,0,28.2594281982142,0,28.2594281982142,0,0,0,0,0,0,0,0,0,0,0,0,0,975.235894644958,0,0,0,0,-69.3901710986054,0,-69.3901710986054,1160.49048676855,0,0,1160.49048676855,1784.10732498814,1103.781479474,680.32584551414,-623.616838219583,-115.864421024993,-0.387407321325606,-115.477013703667,0,0,0,-115.864421024993,-0.387407321325606,-115.477013703667,0,0,0,0,0,0,0,0,0,0,0,0,0,0,0,1.96269112400102,0,0,0,0,0,0,0,0,0,0,0,0,0,0,0,0,0,0,0,-1.96269112400102,0,0,0,0,0,0,0,0,0,-1.96269112400102,-1.96269112400102,0,0,0,0,-1.96269112400102,-1.96269112400102,0,-4.54479470976978e-05,0,0,0,0,0,0,0,0,0,0,0,0,0,0,0,0,0,0,0,4.54479470976978e-05,0,0,0,4.54479470976978e-05,4.54479470976978e-05,0,0,0,0,0,0,0,0,0,0,0,0,0,0,166.881810710084,50.4456957308411,-50.4456957308411,-50.4456957308411,0,0,0,-53.389214,0,2.94351826915863,2.94351826915863,0,2.94351826915863,0,0,0,0,0,0,0,0,0,0,0,3667.39,3754.12842629482,7330.80644584782,184288.157902167,49089.4655098553,10.9926529709738,17.3264096164637,-3923.58681873424,-7.60774222494227,-7.9927267041572,0.102762772433759,,,,,,,,,,,,,4074.626308724,3.84620915024197
2023-07-01,2023,"Q3","2023/24","Q1","July",-4323.13639085274,12281.294137977,16604.4305288297,-4756.32605692923,10138.5370399376,14894.8630968668,-3003.53869490168,7818.85753546754,10822.3962303692,-3153.26111189268,4834.19449561014,1143.930169,3128.20970120643,21.1266345497679,66.7734135358384,65.2215807743845,134.19859566542,62.98237924158,86.4797896783884,288.295028583885,562.054625403703,7987.45560750282,190.193793404937,167.800895791568,22.3928976133694,7681.25983245343,1748.20323054819,5933.05660190524,116.001981644444,0,0,0,149.722416990993,2984.6630398574,2834.9406228664,-1752.78736202754,2319.67950447011,4072.46686649766,0,0,0,-0.029714762301027,0,0.029714762301027,-2088.12380154708,193.961318367417,2282.08511991449,1180.61213234557,1497.90842901076,317.296296665185,-62.5177996784592,90.5366256905712,153.05442536903,-98.4473704580078,14.2875509012727,112.73492135928,26.9741145046353,48.4251210010462,21.4510064964109,-8.92076963,2.10554066,11.02631029,10.5425198457756,60.708779220227,50.1662593744514,-864.0220373949,182.231242678294,1046.25328007319,-9.23988090026062,4.47006674971241,13.709947649973,160.385245647475,225.044830190815,64.65958454334,0,-1488.70987631972,118.253576002724,1606.96345232245,-105.286154139119,0.0802857376348275,105.366439876753,-1383.4237221806,118.173290265089,1501.59701244569,-976.489097710021,0.39193689154421,976.881034601565,-99.0098306827291,0,99.0098306827291,-422.297598216554,3.40854894484893,425.706147161403,375.19664279972,114.372804428696,114.372804428696,0,0,0,0,1921.89954239621,2024.50352203665,102.603979640444,138.670934242595,138.670934242595,4.52044169,114.34852641605,0,19.8019661365458,0,1783.22860815361,1885.83258779406,1403.11333141275,482.71925638131,102.603979640444,120.782496535851,185.782496535851,65,0,0,0,120.782496535851,185.782496535851,65,-4202.35389431689,-2529.30306723654,-3005.88803321749,0.39193689154421,0.39193689154421,0,0,0,0,0.39193689154421,0,0,0,0,3006.27997010903,2908.02674290782,2513.01323631239,2513.01323631239,0,0,395.013506595434,98.2532272012093,98.2532272012093,0,0,341.92150376389,272.16060994239,0,0,0,0,0,0,0,272.16060994239,0,0,0,0,0,0,0,0,0,272.16060994239,0,272.16060994239,272.16060994239,0,272.16060994239,0,0,0,-69.7608938215001,4.90496157494989,0,0,4.2027072609122,0.702254314037685,0,0.702254314037685,-74.66585539645,0,0,0,0,0,0,-74.66585539645,-2.1838684921,0.65615064108,-2.84001913318,-72.48198690435,59.1107418245299,-131.59272872888,0,0,0,0,0,0,0,0,0,-3.00379356092999,0,-3.00379356092999,0,0,0,0,10.27604488376,0,10.27604488376,0,0,0,0,13.27983844469,0,13.27983844469,0,0,0,0,137.667255777987,373.55131043583,235.884054657842,-19.7196485466285,0,19.7196485466285,409.027524286341,410.38663493063,41.47223515629,41.47223515629,0,242.25139977434,242.25139977434,0,0,0,0,126.662999999999,126.662999999999,0,0,0,0,126.662999999999,126.662999999999,0,1.35911064428869,0,0,0,1.35911064428869,1.35911064428869,0,0,0,0,0,0,0,0,0,0,0,0,0,0,-255.955992148529,-36.8353244947995,0,0,0,0,-36.8353244947995,0,-36.8353244947995,0,0,0,0,0,0,0,0,0,0,0,0,0,219.12066765373,100,0,0,100,103.911420018899,0,103.911420018899,197.825236582942,0,0,197.825236582942,869.712607839999,152.59710948,717.11549836,-671.887371257058,-182.615988948111,1.54957645413002,-184.165565402241,0,0,0,-182.615988948111,1.54957645413002,-184.165565402241,0,0,0,0,0,0,0,0,0,0,0,0,0,0,0,4.3153721868045,0,0,0,0,0,0,0,0,0,0,0,0,0,0,0,0,0,0,0,-4.3153721868045,0,0,0,0,0,0,0,0,0,-4.3153721868045,-4.3153721868045,0,0,0,0,-4.3153721868045,-4.3153721868045,0,0,0,0,0,0,0,0,0,0,0,0,0,0,0,0,0,0,0,0,0,0,0,0,0,0,0,0,0,0,0,0,0,0,0,0,0,0,0,0,0,677.782068996084,995.268758084265,-995.268758084265,-995.268758084266,0,0,0,-249.49,0,-745.778758084266,-745.778758084266,0,-745.778758084266,0,0,0,0,0,0,0,0,0,0,-3.71258579434652e-13,3706.72222222222,3776.62833558254,10138.5370399376,203150.764406864,53791.5691869445,14.5354702486821,20.1191309232077,-4442.00535895879,-8.03682892355924,-8.25780959005168,1.85023187300106,,,,,,,,,,,,,3234.03,2.99157735750263
2024-07-01,2024,"Q3","2024/25","Q1","July",-3375.39137902465,16348.8855650357,19724.2769440603,-4546.08427108202,13404.479298174,17950.563569256,-2464.3688238524,10761.6251682527,13225.9939921051,-2336.8991176128,6550.6948744923,2210.84882889062,3711.24685771363,10.1267883503363,54.8371745809127,65.3236289402678,150.358575749156,66.208176418253,88.0959374955917,228.734641442171,628.599187888037,8887.5939921051,275.96195112387,235.981158174257,39.980792949613,8491.42167044028,1630.58225900973,6860.83941143055,120.21037054095,0,0,0,-127.469706239599,4210.9302937604,4338.4,-2081.71544722962,2642.85412992133,4724.56957715095,0,0,0,-0.0381672428240879,0,0.0381672428240879,-2557.42872871812,201.684656964782,2759.11338568291,1259.08411857533,1652.15308848518,393.068969909856,-102.42499694815,94.1663591994006,196.591356147551,-122.343049462614,14.8603577832378,137.203407245852,30.9987550750509,57.9465495426237,26.9477944675728,-0.75779237,2.27183935,3.02963172,-2.06395066167425,39.2515994039546,41.3155500656288,-881.614576422486,189.537135104257,1071.15171152674,-12.960518298417,4.64927765959974,17.6097959580167,307.833459244292,386.333266428292,78.499807184,0,-1415.44227890827,102.20710451282,1517.64938342109,-112.968790559774,0.0866256935042241,113.055416253278,-1302.47348834849,102.120478819316,1404.59396716781,-866.632476497936,0.407650161811722,867.040126659748,-101.4408661922,0,101.4408661922,-433.160145658362,2.95282865750436,436.112974315867,383.513099999999,98.76,98.76,0,0,0,0,2586.13517096564,2842.19916234885,256.063991383215,164.122753164326,164.122753164326,0,143.834579925886,0,20.28817323844,0,2422.01241780131,2678.07640918453,2221.39840918453,456.678,256.063991383215,184.126434238503,249.126434238503,65,0,0,0,184.126434238503,249.126434238503,65,-3191.26494478615,-4292.09748985731,-3467.67518043181,0.407650161811722,0.407650161811722,0,0,0,0,0.407650161811722,0,0,0,0,3468.08283059362,3424.59014856061,3015.73686968692,3015.73686968692,0,0,408.85327887369,43.4926820330145,43.4926820330145,0,0,-613.447221293353,231.284374287,2.002958276,0,0,0,2.002958276,0,2.002958276,229.281416010999,0,0,0,0,0,0,0,0,0,229.281416010999,0,229.281416010999,229.281416010999,0,229.281416010999,0,0,0,844.731595580353,5.17781737035348,0,0,4.43649768210146,0.74131968825202,0,0.74131968825202,839.55377821,0,0,0,0,0,0,839.55377821,32.347833199,32.893672554,-0.545839355,807.205945011,825.715342908999,-18.5093978979999,0,0,0,0,0,0,0,0,0,-18.987432202,0,-18.987432202,0,0,0,0,11.206864285,0,11.206864285,0,0,0,0,30.194296487,0,30.194296487,0,0,0,0,-191.987655930152,320.135281656454,512.122937586606,-20.907928485981,0,20.907928485981,257.891229236351,294.980619670684,282.669999999999,282.669999999999,0,-93.2023803303151,-93.2023803303151,0,0,0,0,105.513000000999,105.513000000999,0,0,0,0,105.513000000999,105.513000000999,0,37.089390434333,0,0,0,37.089390434333,37.089390434333,0,0,0,0,0,0,0,0,0,0,0,0,0,0,-431.090789180989,25.1546619857697,0,0,0,0,25.1546619857697,0,25.1546619857697,0,0,0,0,0,0,0,0,0,0,0,0,0,456.245451166759,357.27,0,0,357.27,113.713606113205,0,113.713606113205,200.87640045137,0,0,200.87640045137,1010.35640045137,121.4189399304,888.93746052097,-809.479999999999,-215.614555397815,1.16303555089505,-216.777590948711,0,0,0,-215.614555397815,1.16303555089505,-216.777590948711,0,0,0,0,0,0,0,0,0,0,0,0,0,0,0,2.11983250046659,0,0,0,0,0,0,0,0,0,0,0,0,0,0,0,0,0,0,0,-2.11983250046659,0,0,0,0,0,0,0,0,0,-2.11983250046659,-2.11983250046659,0,0,0,0,-2.11983250046659,-2.11983250046659,0,0,0,0,0,0,0,0,0,0,0,0,0,0,0,0,0,0,0,0,0,0,0,0,0,0,0,0,0,0,0,0,0,0,0,0,0,0,0,0,0,-71.3575908011677,-1029.47495426999,1029.47495426999,1029.47495426999,0,0,0,0,0,1029.47495426999,1029.47495426999,0,1029.47495426999,0,0,0,0,0,0,0,0,0,0,0,3594.59045454545,3677.59066139483,13404.479298174,225334.879092648,61272.4338034328,17.5635673340101,21.5855535207484,-3519.22595895054,-5.50882537137857,-5.74357135908868,-1.68016004974218,,,,,,,,,,,,,4297.82,3.00697394224094
