"Date","Year","Quarter","FY","QFY","Month","NFA_CB","CNR_CB","CNR_FX_CB","CNR_DP_CB","CNR_LN_CB","LNR_CB","LNR_DP_CB","LNR_LN_CB","NDA_CB","DCL_CB","DCL_NCCG_CB","DCL_CCG_CB","DCL_LCG_CB","DCL_COS_CB","DCL_COS_OFC_CB","DCL_COS_SLG_CB","DCL_COS_PNFC_CB","DCL_COS_PRV_CB","DCL_COS_PRV_LN_CB","CCB_CB","CCB_CUR_CB","CCB_RD_CB","CCB_OTH_CB","LCB_CB","OIN_CB","OIN_SOE_CB","OIN_OIN_CB","DLP_CB","DLP_M3_CB","DLP_M3_FXD_CB","DLP_M3_FXD_TRF_CB","DLP_M3_FXD_OTH_CB","DLP_M3_LCD_CB","DLP_M3_LCD_TRF_CB","DLP_M3_LCD_OTH_CB","DLP_NM3_CB","NFA_CI","CNR_CI","CNR_FX_CI","CNR_DP_CI","CNR_LN_CI","LNR_CI","LNR_DP_CI","LNR_LN_CI","NDA_CI","DCL_CI","DCL_NCCG_CI","DCL_CCG_CI","DCL_LCG_CI","DCL_COS_CI","DCL_COS_OFC_CI","DCL_COS_SLG_CI","DCL_COS_PNFC_CI","DCL_COS_PRV_CI","DCL_COS_PRV_LN_CI","CCB_CI","CCB_CUR_CI","CCB_RD_CI","CCB_OTH_CI","LCB_CI","OIN_CI","OIN_SOE_CI","OIN_OIN_CI","DLP_CI","DLP_M3_CI","DLP_M3_FXD_CI","DLP_M3_FXD_TRF_CI","DLP_M3_FXD_OTH_CI","DLP_M3_LCD_CI","DLP_M3_LCD_TRF_CI","DLP_M3_LCD_OTH_CI","DLP_NM3_CI","NFA_MDI","CNR_MDI","CNR_FX_MDI","CNR_DP_MDI","CNR_LN_MDI","LNR_MDI","LNR_DP_MDI","LNR_LN_MDI","NDA_MDI","DCL_MDI","DCL_NCCG_MDI","DCL_CCG_MDI","DCL_LCG_MDI","DCL_COS_MDI","DCL_COS_OFC_MDI","DCL_COS_SLG_MDI","DCL_COS_PNFC_MDI","DCL_COS_PRV_MDI","DCL_COS_PRV_LN_MDI","CCB_MDI","CCB_CUR_MDI","CCB_RD_MDI","CCB_OTH_MDI","LCB_MDI","OIN_MDI","OIN_SOE_MDI","OIN_OIN_MDI","DLP_MDI","DLP_M3_MDI","DLP_M3_FXD_MDI","DLP_M3_FXD_TRF_MDI","DLP_M3_FXD_OTH_MDI","DLP_M3_LCD_MDI","DLP_M3_LCD_TRF_MDI","DLP_M3_LCD_OTH_MDI","DLP_NM3_MDI","NFA_SACCO","CNR_SACCO","CNR_FX_SACCO","CNR_DP_SACCO","CNR_LN_SACCO","LNR_SACCO","LNR_DP_SACCO","LNR_LN_SACCO","NDA_SACCO","DCL_SACCO","DCL_NCCG_SACCO","DCL_CCG_SACCO","DCL_LCG_SACCO","DCL_COS_SACCO","DCL_COS_OFC_SACCO","DCL_COS_SLG_SACCO","DCL_COS_PNFC_SACCO","DCL_COS_PRV_SACCO","DCL_COS_PRV_LN_SACCO","CCB_SACCO","CCB_CUR_SACCO","CCB_RD_SACCO","CCB_OTH_SACCO","LCB_SACCO","OIN_SACCO","OIN_SOE_SACCO","OIN_OIN_SACCO","DLP_SACCO","DLP_M3_SACCO","DLP_M3_FXD_SACCO","DLP_M3_FXD_TRF_SACCO","DLP_M3_FXD_OTH_SACCO","DLP_M3_LCD_SACCO","DLP_M3_LCD_TRF_SACCO","DLP_M3_LCD_OTH_SACCO","DLP_NM3_SACCO"
2001-12-01,2001,"Q4","2001/02","Q2","December",345.4400214,429.433586,10.955248,418.478338,0,83.9935646,26.419828,57.5737366,917.9598716,1062.661334,360.149939,588.531834,228.381895,702.511395,13.942204,2.482588,4.228946,681.857657,681.857657,254.342436,51.081528,182.704628,20.55628,155.704557335,-243.339341065,228.024772,-15.314569065,1263.399893,1263.399893,336.186833,228.748792,107.438041,927.21306,519.132459,408.080601,0,0,0,0,0,0,0,0,0,0,0,0,0,0,0,0,0,0,0,0,0,0,0,0,0,0,0,0,0,0,0,0,0,0,0,0,0,0,0,0,0,0,0,0,0,0,0,0,0,0,0,0,0,0,0,0,0,0,0,0,0,0,0,0,0,0,0,0,0,0,0,0,0,0,0,0,0,0,0,0,0,0,0,0,0,0,0,0,0,0,0,0,0,0,0,0,0,0,0,0,0,0,0,0,0,0,0,0,0
2002-01-01,2002,"Q1","2001/02","Q3","January",375.5298304,451.761032,13.610081,438.150951,0,76.2312016,19.826067,56.4051346,918.4388296,1077.516044,370.137259,604.171263,234.034004,707.378785,20.266198,2.627234,3.009004,681.476349,678.476349,240.816969,39.639758,200.620931,0.55628,155.206933335,-244.687250065,248.657794,3.970543935,1293.96866,1293.96866,350.299734,246.513783,103.785951,943.668926,548.527525,395.141401,0,0,0,0,0,0,0,0,0,0,0,0,0,0,0,0,0,0,0,0,0,0,0,0,0,0,0,0,0,0,0,0,0,0,0,0,0,0,0,0,0,0,0,0,0,0,0,0,0,0,0,0,0,0,0,0,0,0,0,0,0,0,0,0,0,0,0,0,0,0,0,0,0,0,0,0,0,0,0,0,0,0,0,0,0,0,0,0,0,0,0,0,0,0,0,0,0,0,0,0,0,0,0,0,0,0,0,0,0
2002-02-01,2002,"Q1","2001/02","Q3","February",378.5802244,460.040082,22.031985,438.008097,0,81.4598576,21.761211,59.6986466,977.747835599999,1069.338439,372.001225,607.729501,235.728276,697.337214,18.232118,2.450963,2.376263,674.27787,671.27787,295.046708,33.352929,238.933499,22.76028,155.437594335,-231.199717065001,265.313304,34.113586934999,1356.32806,1356.32806,362.538844,260.149958,102.388886,993.789216,592.042009,401.747207,0,0,0,0,0,0,0,0,0,0,0,0,0,0,0,0,0,0,0,0,0,0,0,0,0,0,0,0,0,0,0,0,0,0,0,0,0,0,0,0,0,0,0,0,0,0,0,0,0,0,0,0,0,0,0,0,0,0,0,0,0,0,0,0,0,0,0,0,0,0,0,0,0,0,0,0,0,0,0,0,0,0,0,0,0,0,0,0,0,0,0,0,0,0,0,0,0,0,0,0,0,0,0,0,0,0,0,0,0
2002-03-01,2002,"Q1","2001/02","Q3","March",378.6008914,463.877655,10.739751,453.137904,0,85.2767636,20.057851,65.2189126,989.195635765,1077.555692,408.098325,632.880592,224.782267,669.457367,18.065322,2.205312,2.877053,646.30968,643.42968,256.868783,30.7851,218.927403,7.15628,127.379544335,-217.8492949,267.037863,49.1885681,1367.796532,1367.796532,367.136597,258.986638,108.149959,1000.659935,588.439883,412.220052,0,0,0,0,0,0,0,0,0,0,0,0,0,0,0,0,0,0,0,0,0,0,0,0,0,0,0,0,0,0,0,0,0,0,0,0,0,0,0,0,0,0,0,0,0,0,0,0,0,0,0,0,0,0,0,0,0,0,0,0,0,0,0,0,0,0,0,0,0,0,0,0,0,0,0,0,0,0,0,0,0,0,0,0,0,0,0,0,0,0,0,0,0,0,0,0,0,0,0,0,0,0,0,0,0,0,0,0,0
2002-04-01,2002,"Q2","2001/02","Q4","April",437.8896434,507.017304,9.646501,497.370803,0,69.1276606,17.964699,51.1629616,978.070059765,1052.489024,394.867296,629.304048,234.436752,657.621728,17.87406,0.958946,2.799604,635.989118,633.109118,296.51847,36.774816,216.987374,42.75628,128.908616335,-242.0288179,275.372143,33.3433251,1415.95971,1415.95971,399.220196,285.932521,113.287675,1016.739514,591.303433,425.436081,0,0,0,0,0,0,0,0,0,0,0,0,0,0,0,0,0,0,0,0,0,0,0,0,0,0,0,0,0,0,0,0,0,0,0,0,0,0,0,0,0,0,0,0,0,0,0,0,0,0,0,0,0,0,0,0,0,0,0,0,0,0,0,0,0,0,0,0,0,0,0,0,0,0,0,0,0,0,0,0,0,0,0,0,0,0,0,0,0,0,0,0,0,0,0,0,0,0,0,0,0,0,0,0,0,0,0,0,0
2002-05-01,2002,"Q2","2001/02","Q4","May",417.4351244,504.250247,12.438982,491.811265,0,86.8151226,24.882049,61.9330736,1052.5101266,1124.335903,391.810322,655.811166,264.000844,732.525581,18.007237,1.185732,1.917917,711.414695,708.534695,315.639793,37.741494,239.842019,38.05628,166.439006335,-221.026563065,278.625277,57.598713935,1469.945251,1469.945251,405.784535,290.249671,115.534864,1064.160716,628.490569,435.670147,0,0,0,0,0,0,0,0,0,0,0,0,0,0,0,0,0,0,0,0,0,0,0,0,0,0,0,0,0,0,0,0,0,0,0,0,0,0,0,0,0,0,0,0,0,0,0,0,0,0,0,0,0,0,0,0,0,0,0,0,0,0,0,0,0,0,0,0,0,0,0,0,0,0,0,0,0,0,0,0,0,0,0,0,0,0,0,0,0,0,0,0,0,0,0,0,0,0,0,0,0,0,0,0,0,0,0,0,0
2002-06-01,2002,"Q2","2001/02","Q4","June",472.4203294,551.103847,13.364771,537.739076,0,78.6835176,24.326383,54.3571346,1055.8476866,1204.068801,454.269765,723.859088,269.589323,749.799036,27.05446,1.18798,2.861624,718.694972,716.069972,260.855531,40.716567,188.482684,31.65628,155.008140335,-254.068505065001,266.366963,12.298457934999,1528.267918,1528.267918,444.895408,326.529847,118.365561,1083.37251,617.493614,465.878896,0,0,0,0,0,0,0,0,0,0,0,0,0,0,0,0,0,0,0,0,0,0,0,0,0,0,0,0,0,0,0,0,0,0,0,0,0,0,0,0,0,0,0,0,0,0,0,0,0,0,0,0,0,0,0,0,0,0,0,0,0,0,0,0,0,0,0,0,0,0,0,0,0,0,0,0,0,0,0,0,0,0,0,0,0,0,0,0,0,0,0,0,0,0,0,0,0,0,0,0,0,0,0,0,0,0,0,0,0
2002-07-01,2002,"Q3","2002/03","Q1","July",468.47016,534.701972,11.805431,522.896541,0,66.231812,27.038457,39.193355,1087.290072,1286.172709,505.835236,748.323502,242.488266,780.337473,54.448753,0.84544,2.509373,722.533907,719.908907,242.869536,43.363028,165.550228,33.95628,155.065637335,-286.686535664999,271.193224,-15.493311664999,1555.760232,1555.760232,440.042139,328.005026,112.037113,1115.718093,645.082035,470.636058,0,0,0,0,0,0,0,0,0,0,0,0,0,0,0,0,0,0,0,0,0,0,0,0,0,0,0,0,0,0,0,0,0,0,0,0,0,0,0,0,0,0,0,0,0,0,0,0,0,0,0,0,0,0,0,0,0,0,0,0,0,0,0,0,0,0,0,0,0,0,0,0,0,0,0,0,0,0,0,0,0,0,0,0,0,0,0,0,0,0,0,0,0,0,0,0,0,0,0,0,0,0,0,0,0,0,0,0,0
2002-08-01,2002,"Q3","2002/03","Q1","August",452.260894,512.85063,13.994666,498.855964,0,60.589736,24.416382,36.173354,1073.467374,1297.662721,503.90306,750.33003,246.42697,793.759661,57.471195,1.010638,2.446372,732.831456,730.206456,252.277292,39.348807,201.872205,11.05628,160.207178335,-316.265460665,277.50464,-38.7608206650001,1525.728268,1525.728268,430.788387,315.727544,115.060843,1094.939881,616.545153,478.394728,0,0,0,0,0,0,0,0,0,0,0,0,0,0,0,0,0,0,0,0,0,0,0,0,0,0,0,0,0,0,0,0,0,0,0,0,0,0,0,0,0,0,0,0,0,0,0,0,0,0,0,0,0,0,0,0,0,0,0,0,0,0,0,0,0,0,0,0,0,0,0,0,0,0,0,0,0,0,0,0,0,0,0,0,0,0,0,0,0,0,0,0,0,0,0,0,0,0,0,0,0,0,0,0,0,0,0,0,0
2002-09-01,2002,"Q3","2002/03","Q1","September",440.3176844,500.257697,15.025922,485.231775,0,59.9400126,22.821173,37.1188396,1101.2179096,1296.042258,536.611142,780.642774,244.031632,759.431116,19.524281,0.911653,2.850263,736.144919,733.639919,229.666033,49.62613,153.183623,26.85628,161.793732335,-262.696649065,260.940341,-1.75630806499998,1541.535594,1541.535594,431.497264,318.035,113.462264,1110.03833,629.968642,480.069688,0,0,0,0,0,0,0,0,0,0,0,0,0,0,0,0,0,0,0,0,0,0,0,0,0,0,0,0,0,0,0,0,0,0,0,0,0,0,0,0,0,0,0,0,0,0,0,0,0,0,0,0,0,0,0,0,0,0,0,0,0,0,0,0,0,0,0,0,0,0,0,0,0,0,0,0,0,0,0,0,0,0,0,0,0,0,0,0,0,0,0,0,0,0,0,0,0,0,0,0,0,0,0,0,0,0,0,0,0
2002-10-01,2002,"Q4","2002/03","Q2","October",393.2782334,469.678724,17.030599,452.648125,0,76.4004906,35.316305,41.0841856,1118.6097406,1333.582267,540.986074,795.204038,254.217964,792.596193,20.141986,0.717809,1.985972,769.750426,767.245426,229.770058,42.211706,187.502072,0.05628,161.467253335,-283.275331065,268.461276,-14.814055065,1511.887974,1511.887974,426.85714,311.898664,114.958476,1085.030834,605.129866,479.900968,0,0,0,0,0,0,0,0,0,0,0,0,0,0,0,0,0,0,0,0,0,0,0,0,0,0,0,0,0,0,0,0,0,0,0,0,0,0,0,0,0,0,0,0,0,0,0,0,0,0,0,0,0,0,0,0,0,0,0,0,0,0,0,0,0,0,0,0,0,0,0,0,0,0,0,0,0,0,0,0,0,0,0,0,0,0,0,0,0,0,0,0,0,0,0,0,0,0,0,0,0,0,0,0,0,0,0,0,0
2002-11-01,2002,"Q4","2002/03","Q2","November",409.0558524,479.390924,13.956248,465.434676,0,70.3350716,26.664706,43.6703656,1160.5899596,1404.33216,575.065031,822.797603,247.732572,829.267129,23.039131,0.771294,1.790037,803.666667,801.161667,232.231585,46.845081,182.330224,3.05628,165.632731335,-310.341054065,279.104233,-31.236821065,1569.645812,1569.645812,460.060165,344.363508,115.696657,1109.585647,614.201397,495.38425,0,0,0,0,0,0,0,0,0,0,0,0,0,0,0,0,0,0,0,0,0,0,0,0,0,0,0,0,0,0,0,0,0,0,0,0,0,0,0,0,0,0,0,0,0,0,0,0,0,0,0,0,0,0,0,0,0,0,0,0,0,0,0,0,0,0,0,0,0,0,0,0,0,0,0,0,0,0,0,0,0,0,0,0,0,0,0,0,0,0,0,0,0,0,0,0,0,0,0,0,0,0,0,0,0,0,0,0,0
2002-12-01,2002,"Q4","2002/03","Q2","December",340.8296694,444.765191,20.582984,424.182207,0,103.9355216,30.134898,73.8006236,1255.7657146,1495.225126,636.0716,871.580332,235.508732,859.153526,21.067572,1.184422,1.919571,834.981961,832.700086,243.35184,61.325457,143.270103,38.75628,169.227780335,-313.583471064999,262.016347,-51.5671240649991,1596.595384,1596.595384,433.040297,310.131478,122.908819,1163.555087,640.038807,523.51628,0,0,0,0,0,0,0,0,0,0,0,0,0,0,0,0,0,0,0,0,0,0,0,0,0,0,0,0,0,0,0,0,0,0,0,0,0,0,0,0,0,0,0,0,0,0,0,0,0,0,0,0,0,0,0,0,0,0,0,0,0,0,0,0,0,0,0,0,0,0,0,0,0,0,0,0,0,0,0,0,0,0,0,0,0,0,0,0,0,0,0,0,0,0,0,0,0,0,0,0,0,0,0,0,0,0,0,0,0
2003-01-01,2003,"Q1","2002/03","Q3","January",426.426993,502.253588,17.256903,484.996685,0,75.826595,30.589917,45.236678,1162.874328,1547.47525,613.745223,860.501672,246.756449,933.730027,67.929843,0.896351,3.010954,861.892879,859.642879,227.017124,50.029976,166.230868,10.75628,184.041803335,-427.576242665,275.85606,-151.720182665,1589.301321,1589.301321,463.332216,340.06884,123.263376,1125.969105,608.15203,517.817075,0,0,0,0,0,0,0,0,0,0,0,0,0,0,0,0,0,0,0,0,0,0,0,0,0,0,0,0,0,0,0,0,0,0,0,0,0,0,0,0,0,0,0,0,0,0,0,0,0,0,0,0,0,0,0,0,0,0,0,0,0,0,0,0,0,0,0,0,0,0,0,0,0,0,0,0,0,0,0,0,0,0,0,0,0,0,0,0,0,0,0,0,0,0,0,0,0,0,0,0,0,0,0,0,0,0,0,0,0
2003-02-01,2003,"Q1","2002/03","Q3","February",442.888365,508.182649,18.089916,490.092733,0,65.294284,23.914376,41.379908,1310.386151,1521.055875,617.920052,822.423858,204.503806,903.135823,19.342298,0.625502,2.516716,880.651307,878.401307,263.480461,47.960269,195.663912,19.85628,184.545275335,-289.604909665,248.110505,-41.494404665,1753.274516,1753.274516,518.712538,390.91168,127.800858,1234.561978,707.359633,527.202345,0,0,0,0,0,0,0,0,0,0,0,0,0,0,0,0,0,0,0,0,0,0,0,0,0,0,0,0,0,0,0,0,0,0,0,0,0,0,0,0,0,0,0,0,0,0,0,0,0,0,0,0,0,0,0,0,0,0,0,0,0,0,0,0,0,0,0,0,0,0,0,0,0,0,0,0,0,0,0,0,0,0,0,0,0,0,0,0,0,0,0,0,0,0,0,0,0,0,0,0,0,0,0,0,0,0,0,0,0
2003-03-01,2003,"Q1","2002/03","Q3","March",483.3366794,551.590599,21.436619,530.15398,0,68.2539196,23.390406,44.8635136,1285.3601786,1573.045381,647.101436,811.919084,164.817648,925.943945,18.362976,6.927319,5.101649,895.552001,894.022001,229.482227,51.30107,165.124877,13.05628,185.713115335,-331.454314065,281.955843,-49.498471065,1768.696858,1768.696858,530.139584,404.209092,125.930492,1238.557274,724.756798,513.800476,0,0,0,0,0,0,0,0,0,0,0,0,0,0,0,0,0,0,0,0,0,0,0,0,0,0,0,0,0,0,0,0,0,0,0,0,0,0,0,0,0,0,0,0,0,0,0,0,0,0,0,0,0,0,0,0,0,0,0,0,0,0,0,0,0,0,0,0,0,0,0,0,0,0,0,0,0,0,0,0,0,0,0,0,0,0,0,0,0,0,0,0,0,0,0,0,0,0,0,0,0,0,0,0,0,0,0,0,0
2003-04-01,2003,"Q2","2002/03","Q4","April",430.0570374,602.682346,17.947819,584.734527,0,172.6253086,37.339212,135.2860966,1345.2212666,1522.452303,610.678668,805.250934,194.572266,911.773635,17.682934,6.485059,3.501699,884.103943,882.093943,200.819453,51.217177,145.345996,4.25628,189.647639335,-188.402850065001,284.364859,95.9620089349989,1775.278304,1775.278304,551.667078,421.894762,129.772316,1223.611226,701.08836,522.522866,0,0,0,0,0,0,0,0,0,0,0,0,0,0,0,0,0,0,0,0,0,0,0,0,0,0,0,0,0,0,0,0,0,0,0,0,0,0,0,0,0,0,0,0,0,0,0,0,0,0,0,0,0,0,0,0,0,0,0,0,0,0,0,0,0,0,0,0,0,0,0,0,0,0,0,0,0,0,0,0,0,0,0,0,0,0,0,0,0,0,0,0,0,0,0,0,0,0,0,0,0,0,0,0,0,0,0,0,0
2003-05-01,2003,"Q2","2002/03","Q4","May",590.424738,669.685429,23.350291,646.335138,0,79.260691,37.197798,42.062893,1330.303073,1541.524004,604.433473,794.643,190.209527,937.090531,23.80735,0.866862,3.205161,909.211158,907.081158,297.847916,54.511853,242.779783,0.55628,189.774828335,-319.294018665,292.979587,-26.314431665,1920.727811,1920.727811,615.335335,472.404592,142.930743,1305.392476,778.274579,527.117897,0,0,0,0,0,0,0,0,0,0,0,0,0,0,0,0,0,0,0,0,0,0,0,0,0,0,0,0,0,0,0,0,0,0,0,0,0,0,0,0,0,0,0,0,0,0,0,0,0,0,0,0,0,0,0,0,0,0,0,0,0,0,0,0,0,0,0,0,0,0,0,0,0,0,0,0,0,0,0,0,0,0,0,0,0,0,0,0,0,0,0,0,0,0,0,0,0,0,0,0,0,0,0,0,0,0,0,0,0
2003-06-01,2003,"Q2","2002/03","Q4","June",616.796399,702.196801,21.179219,680.017582,1,85.400402,41.472603,43.927799,1310.270279,1516.982826,566.611347,762.422971,195.811624,950.371479,32.479899,0.787307,2.550554,914.553719,912.678719,306.370881,58.875648,181.939053,65.55618,192.105744335,-320.977683665,286.948282,-34.029401665,1927.066678,1927.066678,639.259025,489.927896,149.331129,1287.807653,725.144796,562.662857,0,0,0,0,0,0,0,0,0,0,0,0,0,0,0,0,0,0,0,0,0,0,0,0,0,0,0,0,0,0,0,0,0,0,0,0,0,0,0,0,0,0,0,0,0,0,0,0,0,0,0,0,0,0,0,0,0,0,0,0,0,0,0,0,0,0,0,0,0,0,0,0,0,0,0,0,0,0,0,0,0,0,0,0,0,0,0,0,0,0,0,0,0,0,0,0,0,0,0,0,0,0,0,0,0,0,0,0,0
2003-07-01,2003,"Q3","2003/04","Q1","July",576.1795054,674.599518,26.305819,647.295199,0.9985,98.4200126,49.563256,48.8567566,1282.8119236,1510.325942,559.555956,817.003382,257.447426,950.769986,16.226791,0.915936,2.951293,930.675966,927.800966,304.619704,54.981786,229.581738,20.05618,195.637729335,-336.495993065001,295.895937,-40.600056065001,1858.991429,1858.991429,606.587954,451.808226,154.779728,1252.403475,708.926706,543.476769,0,0,0,0,0,0,0,0,0,0,0,0,0,0,0,0,0,0,0,0,0,0,0,0,0,0,0,0,0,0,0,0,0,0,0,0,0,0,0,0,0,0,0,0,0,0,0,0,0,0,0,0,0,0,0,0,0,0,0,0,0,0,0,0,0,0,0,0,0,0,0,0,0,0,0,0,0,0,0,0,0,0,0,0,0,0,0,0,0,0,0,0,0,0,0,0,0,0,0,0,0,0,0,0,0,0,0,0,0
2003-08-01,2003,"Q3","2003/04","Q1","August",585.5335254,696.081039,28.99522,666.086319,0.9995,110.5475136,40.443869,70.1036446,1265.6541756,1529.054747,566.213312,844.278771,278.065459,962.841435,16.113278,0.899395,3.01452,942.814242,939.839242,293.397616,52.609381,190.731955,50.05628,198.953201335,-357.844986064999,310.32473,-47.5202560649991,1851.187701,1851.187701,578.688261,429.541114,149.147147,1272.49944,711.556101,560.943339,0,0,0,0,0,0,0,0,0,0,0,0,0,0,0,0,0,0,0,0,0,0,0,0,0,0,0,0,0,0,0,0,0,0,0,0,0,0,0,0,0,0,0,0,0,0,0,0,0,0,0,0,0,0,0,0,0,0,0,0,0,0,0,0,0,0,0,0,0,0,0,0,0,0,0,0,0,0,0,0,0,0,0,0,0,0,0,0,0,0,0,0,0,0,0,0,0,0,0,0,0,0,0,0,0,0,0,0,0
2003-09-01,2003,"Q3","2003/04","Q1","September",584.7761454,693.180003,26.376505,665.810998,0.9925,108.4038576,41.460342,66.9435156,1324.5439266,1567.476552,594.419315,862.218865,267.79955,973.057237,15.983881,0.882965,3.875361,952.31503,949.51003,291.325691,66.19058,165.078831,60.05628,199.421048335,-334.837268065,306.166379,-28.670889065,1909.320072,1909.320072,597.598171,456.897868,140.700303,1311.721901,741.325125,570.396776,0,0,0,0,0,0,0,0,0,0,0,0,0,0,0,0,0,0,0,0,0,0,0,0,0,0,0,0,0,0,0,0,0,0,0,0,0,0,0,0,0,0,0,0,0,0,0,0,0,0,0,0,0,0,0,0,0,0,0,0,0,0,0,0,0,0,0,0,0,0,0,0,0,0,0,0,0,0,0,0,0,0,0,0,0,0,0,0,0,0,0,0,0,0,0,0,0,0,0,0,0,0,0,0,0,0,0,0,0
2003-10-01,2003,"Q4","2003/04","Q2","October",604.8015354,700.6661,24.279408,675.393692,0.993,95.8645646,41.935783,53.9287816,1260.4365896,1578.68096,580.604939,866.234063,285.629124,998.076021,10.459602,0.887611,2.604386,984.124422,981.319422,230.843604,60.024909,163.762415,7.05628,199.191126335,-349.896848065,312.266252,-37.630596065,1865.238125,1865.238125,627.783308,503.097804,124.685504,1237.454817,672.768886,564.685931,0,0,0,0,0,0,0,0,0,0,0,0,0,0,0,0,0,0,0,0,0,0,0,0,0,0,0,0,0,0,0,0,0,0,0,0,0,0,0,0,0,0,0,0,0,0,0,0,0,0,0,0,0,0,0,0,0,0,0,0,0,0,0,0,0,0,0,0,0,0,0,0,0,0,0,0,0,0,0,0,0,0,0,0,0,0,0,0,0,0,0,0,0,0,0,0,0,0,0,0,0,0,0,0,0,0,0,0,0
2003-11-01,2003,"Q4","2003/04","Q2","November",641.8615874,733.897266,24.445537,708.472729,0.979,92.0356786,38.809364,53.2263146,1300.3869956,1652.387348,631.197648,920.648904,289.451256,1021.1897,12.546415,0.815655,3.718114,1004.109516,1001.304516,223.706529,65.505181,158.145068,0.05628,199.872642335,-375.834239065,308.901593,-66.9326460649999,1942.248583,1942.248583,641.558495,516.234438,125.324057,1300.690088,739.551206,561.138882,0,0,0,0,0,0,0,0,0,0,0,0,0,0,0,0,0,0,0,0,0,0,0,0,0,0,0,0,0,0,0,0,0,0,0,0,0,0,0,0,0,0,0,0,0,0,0,0,0,0,0,0,0,0,0,0,0,0,0,0,0,0,0,0,0,0,0,0,0,0,0,0,0,0,0,0,0,0,0,0,0,0,0,0,0,0,0,0,0,0,0,0,0,0,0,0,0,0,0,0,0,0,0,0,0,0,0,0,0
2003-12-01,2003,"Q4","2003/04","Q2","December",602.7366244,701.04146,29.91329,670.15917,0.969,98.3048356,41.583581,56.7212546,1284.2278076,1562.49157,516.353562,892.691269,376.337707,1046.138008,11.931278,0.96577,4.08335,1029.15761,1026.60761,245.514036,77.538791,129.718965,38.25628,195.817675335,-327.960123065,296.84137,-31.118753065,1886.964432,1886.964432,613.498021,475.695846,137.802175,1273.466411,692.207466,581.258945,0,0,0,0,0,0,0,0,0,0,0,0,0,0,0,0,0,0,0,0,0,0,0,0,0,0,0,0,0,0,0,0,0,0,0,0,0,0,0,0,0,0,0,0,0,0,0,0,0,0,0,0,0,0,0,0,0,0,0,0,0,0,0,0,0,0,0,0,0,0,0,0,0,0,0,0,0,0,0,0,0,0,0,0,0,0,0,0,0,0,0,0,0,0,0,0,0,0,0,0,0,0,0,0,0,0,0,0,0
2004-01-01,2004,"Q1","2003/04","Q3","January",630.9041424,737.230077,23.206788,713.070289,0.953,106.3259346,43.905547,62.4203876,1305.230807603,1560.306904,492.613852,840.239831,347.625979,1067.693052,11.981596,0.953087,4.418994,1050.339375,1047.789375,299.630549003,64.654779,225.119478,9.856292003,196.387635335,-358.319010065001,289.270049,-69.048961065001,1936.134938,1936.134938,616.649899,479.892422,136.757477,1319.485039,732.808092,586.676947,0,0,0,0,0,0,0,0,0,0,0,0,0,0,0,0,0,0,0,0,0,0,0,0,0,0,0,0,0,0,0,0,0,0,0,0,0,0,0,0,0,0,0,0,0,0,0,0,0,0,0,0,0,0,0,0,0,0,0,0,0,0,0,0,0,0,0,0,0,0,0,0,0,0,0,0,0,0,0,0,0,0,0,0,0,0,0,0,0,0,0,0,0,0,0,0,0,0,0,0,0,0,0,0,0,0,0,0,0
2004-02-01,2004,"Q1","2003/04","Q3","February",659.5469064,767.57977,29.237059,737.397211,0.9455,108.0328636,53.965838,54.0670256,1352.6643746,1558.53301,494.553417,825.794405,331.240988,1063.979593,12.019149,0.509724,10.139836,1041.310884,1038.760884,378.939283,60.353545,250.029458,68.55628,198.470877335,-386.337041065,302.493832,-83.843209065,2012.211281,2012.211281,645.509173,522.173751,123.335422,1366.702108,771.502261,595.199847,0,0,0,0,0,0,0,0,0,0,0,0,0,0,0,0,0,0,0,0,0,0,0,0,0,0,0,0,0,0,0,0,0,0,0,0,0,0,0,0,0,0,0,0,0,0,0,0,0,0,0,0,0,0,0,0,0,0,0,0,0,0,0,0,0,0,0,0,0,0,0,0,0,0,0,0,0,0,0,0,0,0,0,0,0,0,0,0,0,0,0,0,0,0,0,0,0,0,0,0,0,0,0,0,0,0,0,0,0
2004-03-01,2004,"Q1","2003/04","Q3","March",648.9921574,756.235803,29.229209,726.046094,0.9605,107.2436456,57.30963,49.9340156,1352.5705966,1575.502367,482.150011,806.511501,324.36149,1093.352356,14.191936,0.565537,10.036467,1068.558416,1066.178416,352.741427,71.10176,210.883387,70.75628,199.599239335,-376.073958065,308.862572,-67.211386065,2001.562754,2001.562754,639.296129,500.334225,138.961904,1362.266625,756.52796,605.738665,0,0,0,0,0,0,0,0,0,0,0,0,0,0,0,0,0,0,0,0,0,0,0,0,0,0,0,0,0,0,0,0,0,0,0,0,0,0,0,0,0,0,0,0,0,0,0,0,0,0,0,0,0,0,0,0,0,0,0,0,0,0,0,0,0,0,0,0,0,0,0,0,0,0,0,0,0,0,0,0,0,0,0,0,0,0,0,0,0,0,0,0,0,0,0,0,0,0,0,0,0,0,0,0,0,0,0,0,0
2004-04-01,2004,"Q2","2003/04","Q4","April",665.5402504,778.547591,18.445174,759.145417,0.957,113.0073406,57.677487,55.3298536,1276.2158986,1523.626592,426.927421,816.337551,389.41013,1096.699171,11.766417,0.309066,10.835374,1073.788314,1071.408314,335.654901,63.724968,210.673753,61.25618,199.351224335,-383.714370065001,308.455568,-75.258802065001,1941.756149,1941.756149,659.543276,529.330799,130.212477,1282.212873,682.335963,599.87691,0,0,0,0,0,0,0,0,0,0,0,0,0,0,0,0,0,0,0,0,0,0,0,0,0,0,0,0,0,0,0,0,0,0,0,0,0,0,0,0,0,0,0,0,0,0,0,0,0,0,0,0,0,0,0,0,0,0,0,0,0,0,0,0,0,0,0,0,0,0,0,0,0,0,0,0,0,0,0,0,0,0,0,0,0,0,0,0,0,0,0,0,0,0,0,0,0,0,0,0,0,0,0,0,0,0,0,0,0
2004-05-01,2004,"Q2","2003/04","Q4","May",672.4710864,786.456715,23.670948,760.946767,1.839,113.9856286,65.496808,48.4888206,1268.9069956,1531.046534,426.013876,812.571735,386.557859,1105.032658,12.314369,0.113516,11.245569,1081.359204,1078.979204,385.680615,80.444341,206.979994,98.25628,199.605960335,-448.214193065,319.559393,-128.654800065,1941.378082,1941.378082,652.229614,522.14072,130.088894,1289.148468,703.965355,585.183113,0,0,0,0,0,0,0,0,0,0,0,0,0,0,0,0,0,0,0,0,0,0,0,0,0,0,0,0,0,0,0,0,0,0,0,0,0,0,0,0,0,0,0,0,0,0,0,0,0,0,0,0,0,0,0,0,0,0,0,0,0,0,0,0,0,0,0,0,0,0,0,0,0,0,0,0,0,0,0,0,0,0,0,0,0,0,0,0,0,0,0,0,0,0,0,0,0,0,0,0,0,0,0,0,0,0,0,0,0
2004-06-01,2004,"Q2","2003/04","Q4","June",690.401403381,789.76316787,24.931102,763.04606587,1.786,99.361764489,53.948951,45.412813489,1367.569037619,1590.289205868,498.915373,843.595636,344.680263,1091.373832868,12.234647868,0.361195,11.694723,1067.083267,1062.959278,402.810912973,76.004577,269.654735973,57.1516,233.263527995,-392.267553227,314.322147289315,-77.945405937685,2057.970441,2057.970441,662.382821,522.198347,140.184474,1395.58762,803.979452,591.608168,0,0,0,0,0,0,0,0,0,0,0,0,0,0,0,0,0,0,0,0,0,0,0,0,0,0,0,0,0,0,0,0,0,0,0,0,0,0,0,0,0,0,0,0,0,0,0,0,0,0,0,0,0,0,0,0,0,0,0,0,0,0,0,0,0,0,0,0,0,0,0,0,0,0,0,0,0,0,0,0,0,0,0,0,0,0,0,0,0,0,0,0,0,0,0,0,0,0,0,0,0,0,0,0,0,0,0,0,0
2004-07-01,2004,"Q3","2004/05","Q1","July",654.598168381,752.14860487,31.417144,718.96146087,1.77,97.550436489,66.832942,30.717494489,1393.226700619,1622.900132868,532.055209,856.432798,324.377589,1090.844923868,13.266696868,0.056682,9.719969,1067.801576,1063.676576,410.574688973,83.515434,274.259254973,52.8,233.154123995,-407.093997227,331.043935289315,-76.0500619376849,2047.824869,2047.824869,669.150788,522.955529,146.195259,1378.674081,761.866463,616.807618,0,0,0,0,0,0,0,0,0,0,0,0,0,0,0,0,0,0,0,0,0,0,0,0,0,0,0,0,0,0,0,0,0,0,0,0,0,0,0,0,0,0,0,0,0,0,0,0,0,0,0,0,0,0,0,0,0,0,0,0,0,0,0,0,0,0,0,0,0,0,0,0,0,0,0,0,0,0,0,0,0,0,0,0,0,0,0,0,0,0,0,0,0,0,0,0,0,0,0,0,0,0,0,0,0,0,0,0,0
2004-08-01,2004,"Q3","2004/05","Q1","August",639.017019381,725.43258387,19.815326,703.91903487,1.698223,86.415564489,47.647147,38.768417489,1415.274697619,1639.852733868,560.194408,882.298574,322.104166,1079.658325868,12.332479868,0.455936,10.228292,1056.641618,1052.516618,441.570874973,78.755067,291.315807973,71.5,232.980815995,-433.168095227,343.408526289315,-89.759568937685,2054.291717,2054.291717,655.817601,529.64127,126.176331,1398.474116,793.095404,605.378712,0,0,0,0,0,0,0,0,0,0,0,0,0,0,0,0,0,0,0,0,0,0,0,0,0,0,0,0,0,0,0,0,0,0,0,0,0,0,0,0,0,0,0,0,0,0,0,0,0,0,0,0,0,0,0,0,0,0,0,0,0,0,0,0,0,0,0,0,0,0,0,0,0,0,0,0,0,0,0,0,0,0,0,0,0,0,0,0,0,0,0,0,0,0,0,0,0,0,0,0,0,0,0,0,0,0,0,0,0
2004-09-01,2004,"Q3","2004/05","Q1","September",663.505444381,747.95356087,19.432746,726.78691987,1.733895,84.448116489,47.158219,37.289897489,1376.787957619,1658.052750868,556.085471,892.125843,336.040372,1101.967279868,12.201302868,0.254873,9.514419,1079.996685,1075.616685,424.594665973,78.591725,290.602940973,55.4,237.143228995,-468.716230226999,356.710381289315,-112.005848937684,2040.293402,2040.293402,653.974402,510.907021,143.067381,1386.319,765.142886,621.176114,0,0,0,0,0,0,0,0,0,0,0,0,0,0,0,0,0,0,0,0,0,0,0,0,0,0,0,0,0,0,0,0,0,0,0,0,0,0,0,0,0,0,0,0,0,0,0,0,0,0,0,0,0,0,0,0,0,0,0,0,0,0,0,0,0,0,0,0,0,0,0,0,0,0,0,0,0,0,0,0,0,0,0,0,0,0,0,0,0,0,0,0,0,0,0,0,0,0,0,0,0,0,0,0,0,0,0,0,0
2004-10-01,2004,"Q4","2004/05","Q2","October",617.799514381,687.04834887,18.660461,666.67672887,1.711159,69.248834489,36.855217,32.393617489,1447.300940619,1739.203176868,596.401211,911.745123,315.343912,1142.801965868,12.116735868,0.609634,8.117233,1121.958363,1117.578363,419.435578973,83.260761,263.674817973,72.5,236.586484995,-474.751330226999,378.883028289315,-95.868301937684,2065.100455,2065.100455,634.092153,514.009474,120.082679,1431.008302,807.448224,623.560078,0,0,0,0,0,0,0,0,0,0,0,0,0,0,0,0,0,0,0,0,0,0,0,0,0,0,0,0,0,0,0,0,0,0,0,0,0,0,0,0,0,0,0,0,0,0,0,0,0,0,0,0,0,0,0,0,0,0,0,0,0,0,0,0,0,0,0,0,0,0,0,0,0,0,0,0,0,0,0,0,0,0,0,0,0,0,0,0,0,0,0,0,0,0,0,0,0,0,0,0,0,0,0,0,0,0,0,0,0
2004-11-01,2004,"Q4","2004/05","Q2","November",601.028659381,671.95212387,35.775959,634.44787287,1.728292,70.923464489,36.605175,34.318289489,1505.666553619,1846.195369868,683.409232,974.110865,290.701633,1162.786137868,18.247959868,0.322613,4.707881,1139.507684,1135.127684,410.547953973,84.439692,249.908261973,76.2,235.844661995,-515.232108227,374.256527289315,-140.975580937685,2106.695213,2106.695213,649.773065,521.517076,128.255989,1456.922148,810.798896,646.123252,0,0,0,0,0,0,0,0,0,0,0,0,0,0,0,0,0,0,0,0,0,0,0,0,0,0,0,0,0,0,0,0,0,0,0,0,0,0,0,0,0,0,0,0,0,0,0,0,0,0,0,0,0,0,0,0,0,0,0,0,0,0,0,0,0,0,0,0,0,0,0,0,0,0,0,0,0,0,0,0,0,0,0,0,0,0,0,0,0,0,0,0,0,0,0,0,0,0,0,0,0,0,0,0,0,0,0,0,0
2004-12-01,2004,"Q4","2004/05","Q2","December",599.187002527,714.906141315,26.792289003,686.401422312,1.71243,115.719138788,64.13710921,51.582029578,1458.883210216,1786.212941468,595.401353695,952.530693453,357.129339758,1190.811587773,11.658746868,0.583674,9.04768,1169.521486905,1165.521486905,391.565865224,107.900959316,267.664905908,16,248.774112995,-470.121483481,387.202355168315,-82.919128312685,2058.070212743,2058.070212743,646.146880542,521.502671542,124.644209,1411.923332201,739.411188201,672.512144,0,0,0,0,0,0,0,0,0,0,0,0,0,0,0,0,0,0,0,0,0,0,0,0,0,0,0,0,0,0,0,0,0,0,0,0,0,0,0,0,0,0,0,0,0,0,0,0,0,0,0,0,0,0,0,0,0,0,0,0,0,0,0,0,0,0,0,0,0,0,0,0,0,0,0,0,0,0,0,0,0,0,0,0,0,0,0,0,0,0,0,0,0,0,0,0,0,0,0,0,0,0,0,0,0,0,0,0,0
2005-01-01,2005,"Q1","2004/05","Q3","January",607.712838381,678.46921987,36.6554,636.17974887,5.634071,70.756381489,46.017555,24.738826489,1489.737318619,1862.593008868,657.121259,960.850707,303.729448,1205.471749868,11.708131868,0.205133,9.04768,1184.510805,1180.635805,340.729461973,94.068027,246.661434973,0,227.998803995,-485.586348226999,341.061948289315,-144.524399937684,2097.450157,2097.450157,621.394419,501.632074,119.762345,1476.055738,830.776626,645.279112,0,0,0,0,0,0,0,0,0,0,0,0,0,0,0,0,0,0,0,0,0,0,0,0,0,0,0,0,0,0,0,0,0,0,0,0,0,0,0,0,0,0,0,0,0,0,0,0,0,0,0,0,0,0,0,0,0,0,0,0,0,0,0,0,0,0,0,0,0,0,0,0,0,0,0,0,0,0,0,0,0,0,0,0,0,0,0,0,0,0,0,0,0,0,0,0,0,0,0,0,0,0,0,0,0,0,0,0,0
2005-02-01,2005,"Q1","2004/05","Q3","February",578.340476381,681.95936687,24.943709,651.77816087,5.237497,103.618890489,73.739921,29.878969489,1565.246307619,1851.511004868,647.605104,985.396472,337.791368,1203.905900868,11.413626868,0.352221,6.876309,1185.263744,1182.138744,425.469786973,91.42063,263.050156973,70.999,230.037450995,-481.697033227,388.704788289315,-92.9922449376849,2143.586784,2143.586784,628.600368,509.76555,118.834818,1514.986416,874.528891,640.457525,0,0,0,0,0,0,0,0,0,0,0,0,0,0,0,0,0,0,0,0,0,0,0,0,0,0,0,0,0,0,0,0,0,0,0,0,0,0,0,0,0,0,0,0,0,0,0,0,0,0,0,0,0,0,0,0,0,0,0,0,0,0,0,0,0,0,0,0,0,0,0,0,0,0,0,0,0,0,0,0,0,0,0,0,0,0,0,0,0,0,0,0,0,0,0,0,0,0,0,0,0,0,0,0,0,0,0,0,0
2005-03-01,2005,"Q1","2004/05","Q3","March",577.250062381,660.95728387,27.359998,626.70792387,6.889362,83.707221489,47.888489,35.818732489,1634.446558619,1968.852529388,741.49490052,1048.669302,307.17440148,1227.357628868,11.397791868,0.041012,7.202252,1208.716573,1204.961573,385.545402973,106.038179,279.507223973,0,230.129320995,-489.822052747,362.138397289315,-127.683655457685,2211.696621,2211.696621,633.401964,512.552571,120.849393,1578.294657,940.607031,637.687626,0,0,0,0,0,0,0,0,0,0,0,0,0,0,0,0,0,0,0,0,0,0,0,0,0,0,0,0,0,0,0,0,0,0,0,0,0,0,0,0,0,0,0,0,0,0,0,0,0,0,0,0,0,0,0,0,0,0,0,0,0,0,0,0,0,0,0,0,0,0,0,0,0,0,0,0,0,0,0,0,0,0,0,0,0,0,0,0,0,0,0,0,0,0,0,0,0,0,0,0,0,0,0,0,0,0,0,0,0
2005-04-01,2005,"Q2","2004/05","Q4","April",613.368471381,701.09167387,28.133802,665.60509387,7.352778,87.723202489,58.444975,29.278227489,1600.06713661075,1953.534168341,705.005639473,1019.274614,314.268974527,1248.528528868,11.128084868,0.11783,6.706721,1230.575893,1226.820893,430.542671973,88.97784,341.564831973,0,299.464886995,-484.544816708249,375.711275289315,-108.833541418934,2213.43560799175,2213.43560799175,663.35685099175,542.43922899175,120.917622,1550.078757,875.449258,674.629499,0,0,0,0,0,0,0,0,0,0,0,0,0,0,0,0,0,0,0,0,0,0,0,0,0,0,0,0,0,0,0,0,0,0,0,0,0,0,0,0,0,0,0,0,0,0,0,0,0,0,0,0,0,0,0,0,0,0,0,0,0,0,0,0,0,0,0,0,0,0,0,0,0,0,0,0,0,0,0,0,0,0,0,0,0,0,0,0,0,0,0,0,0,0,0,0,0,0,0,0,0,0,0,0,0,0,0,0,0
2005-05-01,2005,"Q2","2004/05","Q4","May",545.105377381,642.38727487,25.902214,608.46776587,8.017295,97.281897489,72.556496,24.725401489,1657.017147619,2002.896422868,742.199896,1005.071762,262.871866,1260.696526868,11.169967868,0.018028,6.770812,1242.737719,1238.982719,371.563841973,101.911786,267.452055973,2.2,229.126599995,-488.316517227,349.783186519315,-138.533330707685,2202.122525,2202.122525,631.869592,511.243382,120.62621,1570.252933,885.439004,684.813929,0,0,0,0,0,0,0,0,0,0,0,0,0,0,0,0,0,0,0,0,0,0,0,0,0,0,0,0,0,0,0,0,0,0,0,0,0,0,0,0,0,0,0,0,0,0,0,0,0,0,0,0,0,0,0,0,0,0,0,0,0,0,0,0,0,0,0,0,0,0,0,0,0,0,0,0,0,0,0,0,0,0,0,0,0,0,0,0,0,0,0,0,0,0,0,0,0,0,0,0,0,0,0,0,0,0,0,0,0
2005-06-01,2005,"Q2","2004/05","Q4","June",610.45157258005,725.554715,30.556436,687.326408,7.671871,115.10314241995,67.568795,47.53434741995,1595.60205130495,1865.853146,636.195214,982.500707,346.305493,1229.657932,8.22474,0.029429,6.768249,1214.635514,1213.260514,387.574844,93.520657,294.054187,0,220.666556356,-437.15938233905,280.386878755,-156.77250358405,2206.053623885,2206.053623885,653.251958089,526.286092,126.965866089,1552.801665796,860.147222,692.654443796,0,0,0,0,0,0,0,0,0,0,0,0,0,0,0,0,0,0,0,0,0,0,0,0,0,0,0,0,0,0,0,0,0,0,0,0,0,0,0,0,0,0,0,0,0,0,0,0,0,0,0,0,0,0,0,0,0,0,0,0,0,0,0,0,0,0,0,0,0,0,0,0,0,0,0,0,0,0,0,0,0,0,0,0,0,0,0,0,0,0,0,0,0,0,0,0,0,0,0,0,0,0,0,0,0,0,0,0,0
2005-07-01,2005,"Q3","2005/06","Q1","July",573.79910158005,690.605876,40.499136,648.623576,1.483164,116.80677441995,69.581891,47.22488341995,1686.71999741995,1949.987022,662.009,967.617107,305.608107,1287.978022,8.718296,0.362845,18.632982,1260.263899,1259.013899,396.337248,95.901554,290.382437,10.053257,220.229133356,-439.37513922405,291.054736925,-148.32040229905,2260.519099,2260.519099,661.52722,516.076677,145.450543,1598.991879,891.434709,707.55717,0,0,0,0,0,0,0,0,0,0,0,0,0,0,0,0,0,0,0,0,0,0,0,0,0,0,0,0,0,0,0,0,0,0,0,0,0,0,0,0,0,0,0,0,0,0,0,0,0,0,0,0,0,0,0,0,0,0,0,0,0,0,0,0,0,0,0,0,0,0,0,0,0,0,0,0,0,0,0,0,0,0,0,0,0,0,0,0,0,0,0,0,0,0,0,0,0,0,0,0,0,0,0,0,0,0,0,0,0
2005-08-01,2005,"Q3","2005/06","Q1","August",630.87982058005,762.654981,39.587566,721.53554,1.531875,131.77516041995,59.544762,72.23039841995,1726.06689141995,2015.920426471,726.914329471,982.697154,255.782824529,1289.006097,8.618365,0.359222,14.632792,1265.395718,1264.145718,404.66851,106.233876,298.380928,0.053706,219.616137356,-474.90590769505,303.474917925,-171.43098977005,2356.946712,2356.946712,714.364275,540.271794,174.092481,1642.582437,900.795285,741.787152,0,0,0,0,0,0,0,0,0,0,0,0,0,0,0,0,0,0,0,0,0,0,0,0,0,0,0,0,0,0,0,0,0,0,0,0,0,0,0,0,0,0,0,0,0,0,0,0,0,0,0,0,0,0,0,0,0,0,0,0,0,0,0,0,0,0,0,0,0,0,0,0,0,0,0,0,0,0,0,0,0,0,0,0,0,0,0,0,0,0,0,0,0,0,0,0,0,0,0,0,0,0,0,0,0,0,0,0,0
2005-09-01,2005,"Q3","2005/06","Q1","September",584.76926950205,737.714671465,37.034929184,699.121832281,1.55791,152.94540196295,58.668921796,94.27648016695,1702.21685314695,2008.21590836,667.10751991,966.102131776,298.994611866,1341.10838845,4.591675,0,0.67172,1335.84499345,1334.71499345,429.551302975,101.426683932,298.071742043,30.052877,207.223586356,-528.32677183205,311.006804163,-217.31996766905,2286.986122649,2286.986122649,679.316837523,510.992815147,168.324022376,1607.669285126,863.911351403,743.757933723,0,0,0,0,0,0,0,0,0,0,0,0,0,0,0,0,0,0,0,0,0,0,0,0,0,0,0,0,0,0,0,0,0,0,0,0,0,0,0,0,0,0,0,0,0,0,0,0,0,0,0,0,0,0,0,0,0,0,0,0,0,0,0,0,0,0,0,0,0,0,0,0,0,0,0,0,0,0,0,0,0,0,0,0,0,0,0,0,0,0,0,0,0,0,0,0,0,0,0,0,0,0,0,0,0,0,0,0,0
2005-10-01,2005,"Q4","2005/06","Q2","October",527.89392028605,682.548393406,32.357048962,630.103647444,20.087697,154.65447311995,80.132543313,74.52192980695,1779.06035544795,2103.825330103,735.324287482,953.037803553,217.713516071,1368.501042621,5.210527,0.459438,16.565772,1346.265305621,1345.135305621,383.672307348,105.533106406,278.088214942,0.050986,218.418901356,-490.01838064705,323.164730462,-166.85365018505,2306.954275734,2306.954275734,684.180881367,528.044861603,156.136019764,1622.773394367,876.030485324,746.742909043,0,0,0,0,0,0,0,0,0,0,0,0,0,0,0,0,0,0,0,0,0,0,0,0,0,0,0,0,0,0,0,0,0,0,0,0,0,0,0,0,0,0,0,0,0,0,0,0,0,0,0,0,0,0,0,0,0,0,0,0,0,0,0,0,0,0,0,0,0,0,0,0,0,0,0,0,0,0,0,0,0,0,0,0,0,0,0,0,0,0,0,0,0,0,0,0,0,0,0,0,0,0,0,0,0,0,0,0,0
2005-11-01,2005,"Q4","2005/06","Q2","November",466.762961348301,601.562270299,41.643506352,539.845905947,20.072858,134.799308950699,68.3970446257489,66.40226432495,1903.02418664893,2115.923128114,707.547335612,943.516436113,235.969100501,1408.375792502,4.602108,0.396313,24.114399,1379.262972502,1375.705772502,485.268488993,103.878665756,301.341123237,80.0487,218.910325356,-479.257105102066,335.0372043606,-144.219900741466,2369.78714799724,2369.78714799724,679.191569849235,536.68715637,142.504413479235,1690.595578148,910.555780406,780.039797742,0,0,0,0,0,0,0,0,0,0,0,0,0,0,0,0,0,0,0,0,0,0,0,0,0,0,0,0,0,0,0,0,0,0,0,0,0,0,0,0,0,0,0,0,0,0,0,0,0,0,0,0,0,0,0,0,0,0,0,0,0,0,0,0,0,0,0,0,0,0,0,0,0,0,0,0,0,0,0,0,0,0,0,0,0,0,0,0,0,0,0,0,0,0,0,0,0,0,0,0,0,0,0,0,0,0,0,0,0
2005-12-01,2005,"Q4","2005/06","Q2","December",517.22212677605,635.042217773,42.637594,574.297656773,18.106967,117.82009099695,70.068674066,47.75141693095,1874.00796683295,2149.018246031,766.669886889,976.421191612,209.751304723,1382.348359142,8.098933,0.394245,14.064655,1359.790526142,1359.040526142,454.422208748,122.512340319,301.220857429,30.689011,209.697891845,-519.73459610105,381.056661555,-138.67793454605,2391.230093609,2391.230093609,665.801322834,505.02098807,160.780334764,1725.428770775,896.330794626,829.097976149,0,0,0,0,0,0,0,0,0,0,0,0,0,0,0,0,0,0,0,0,0,0,0,0,0,0,0,0,0,0,0,0,0,0,0,0,0,0,0,0,0,0,0,0,0,0,0,0,0,0,0,0,0,0,0,0,0,0,0,0,0,0,0,0,0,0,0,0,0,0,0,0,0,0,0,0,0,0,0,0,0,0,0,0,0,0,0,0,0,0,0,0,0,0,0,0,0,0,0,0,0,0,0,0,0,0,0,0,0
2006-01-01,2006,"Q1","2005/06","Q3","January",503.19930558405,622.587203101,48.554980013,556.563469088,17.468754,119.38789751695,66.888615413,52.49928210395,1893.76761509375,2195.274947311,788.162964397,950.544980902,162.382016505,1407.111982914,10.93757,0.01064,13.428872,1382.734900914,1382.109900914,443.511535903,101.018643655,307.404279248,35.088613,208.827055845,-536.19181227525,392.5963576492,-143.59545462605,2396.9669206778,2396.9669206778,682.8761688538,517.6485964878,165.227572366,1714.090751824,939.677485789,774.413266035,0,0,0,0,0,0,0,0,0,0,0,0,0,0,0,0,0,0,0,0,0,0,0,0,0,0,0,0,0,0,0,0,0,0,0,0,0,0,0,0,0,0,0,0,0,0,0,0,0,0,0,0,0,0,0,0,0,0,0,0,0,0,0,0,0,0,0,0,0,0,0,0,0,0,0,0,0,0,0,0,0,0,0,0,0,0,0,0,0,0,0,0,0,0,0,0,0,0,0,0,0,0,0,0,0,0,0,0,0
2006-02-01,2006,"Q1","2005/06","Q3","February",473.37170209203,587.10846027698,39.286708555,530.23107972198,17.590672,113.73675818495,63.198592777,50.53816540795,1935.58939048712,2228.59071298352,818.410999225,986.627664404,168.216665179,1410.17971375852,11.917656,0.306986,13.123636,1384.83143575852,1384.20643575852,456.26090426466,104.26710107766,262.906556187,89.087247,209.743501845,-539.51872491606,406.27513437471,-133.24359054135,2408.96109257915,2408.96109257915,683.45510043348,510.59512220748,172.859978226,1725.50599214567,930.60684978435,794.89914236132,0,0,0,0,0,0,0,0,0,0,0,0,0,0,0,0,0,0,0,0,0,0,0,0,0,0,0,0,0,0,0,0,0,0,0,0,0,0,0,0,0,0,0,0,0,0,0,0,0,0,0,0,0,0,0,0,0,0,0,0,0,0,0,0,0,0,0,0,0,0,0,0,0,0,0,0,0,0,0,0,0,0,0,0,0,0,0,0,0,0,0,0,0,0,0,0,0,0,0,0,0,0,0,0,0,0,0,0,0
2006-03-01,2006,"Q1","2005/06","Q3","March",452.95219337905,594.428986826,41.984451579,536.828472247,15.616063,141.47679344695,73.005208516,68.47158493095,1933.91063416395,2242.239299745,820.689590527,1002.107013107,181.41742258,1421.549709218,12.251192,0.752493,13.097175,1395.448849218,1394.823849218,489.842400027,103.596750229,310.156935798,76.088714,208.961813845,-589.209251763051,392.136391876,-197.072859887051,2386.862827543,2386.862827543,679.069731034,509.283479036,169.786251998,1707.793096509,918.725911554,789.067184955,0,0,0,0,0,0,0,0,0,0,0,0,0,0,0,0,0,0,0,0,0,0,0,0,0,0,0,0,0,0,0,0,0,0,0,0,0,0,0,0,0,0,0,0,0,0,0,0,0,0,0,0,0,0,0,0,0,0,0,0,0,0,0,0,0,0,0,0,0,0,0,0,0,0,0,0,0,0,0,0,0,0,0,0,0,0,0,0,0,0,0,0,0,0,0,0,0,0,0,0,0,0,0,0,0,0,0,0,0
2006-04-01,2006,"Q2","2005/06","Q4","April",476.973890577935,597.12801124,50.829631356,532.095519884,14.20286,120.154120662065,70.6083536261148,49.54576703595,1973.14102864506,2308.28973599,848.608774839,1050.271013028,201.662238189,1459.680961151,8.693351,0.778651,14.092769,1436.116190151,1435.491190151,436.359708164,101.041931521,271.225645643,64.092131,208.518278845,-562.990136663936,370.95270282556,-192.037433838376,2450.114919223,2450.114919223,713.56983086,540.198149471,173.371681389,1736.545088363,945.677532942,790.867555421,0,0,0,0,0,0,0,0,0,0,0,0,0,0,0,0,0,0,0,0,0,0,0,0,0,0,0,0,0,0,0,0,0,0,0,0,0,0,0,0,0,0,0,0,0,0,0,0,0,0,0,0,0,0,0,0,0,0,0,0,0,0,0,0,0,0,0,0,0,0,0,0,0,0,0,0,0,0,0,0,0,0,0,0,0,0,0,0,0,0,0,0,0,0,0,0,0,0,0,0,0,0,0,0,0,0,0,0,0
2006-05-01,2006,"Q2","2005/06","Q4","May",451.465874922198,553.842646474648,50.16899050853,490.254783966118,13.418872,102.37677155245,58.3849103815,43.99186117095,2115.47428086493,2438.37124176313,917.324509962,1074.95384112,157.629331158,1521.04673180113,9.088426,0.911885,13.003259,1498.04316180113,1497.41816180113,441.075690470499,97.8785393684188,303.10172510208,40.095426,212.031172845,-551.941478523699,386.091786403245,-165.849692120454,2566.94015578713,2566.94015578713,705.069422504052,531.084748294552,173.9846742095,1861.87073328307,1025.78881129039,836.081921992681,0,0,0,0,0,0,0,0,0,0,0,0,0,0,0,0,0,0,0,0,0,0,0,0,0,0,0,0,0,0,0,0,0,0,0,0,0,0,0,0,0,0,0,0,0,0,0,0,0,0,0,0,0,0,0,0,0,0,0,0,0,0,0,0,0,0,0,0,0,0,0,0,0,0,0,0,0,0,0,0,0,0,0,0,0,0,0,0,0,0,0,0,0,0,0,0,0,0,0,0,0,0,0,0,0,0,0,0,0
2006-06-01,2006,"Q2","2005/06","Q4","June",468.45449018407,632.312335694,41.190258746,578.311578948,12.810498,163.85784550993,106.96866257898,56.88918293095,2058.25629160371,2443.28059081136,852.57951694836,1026.702822838,174.12330588964,1590.701073863,9.20499,0.600368,18.5553,1562.340415863,1561.715415863,405.785172952,92.837776731,297.852152221,15.095244,217.452843845,-573.35662831465,391.893054206,-181.46357410865,2526.71078178778,2526.71078178778,706.64051746178,541.78085759478,164.859659867,1820.070264326,961.534268422,858.535995904,0,0,0,0,0,0,0,0,0,0,0,0,0,0,0,0,0,0,0,0,0,0,0,0,0,0,0,0,0,0,0,0,0,0,0,0,0,0,0,0,0,0,0,0,0,0,0,0,0,0,0,0,0,0,0,0,0,0,0,0,0,0,0,0,0,0,0,0,0,0,0,0,0,0,0,0,0,0,0,0,0,0,0,0,0,0,0,0,0,0,0,0,0,0,0,0,0,0,0,0,0,0,0,0,0,0,0,0,0
2006-07-01,2006,"Q3","2006/07","Q1","July",559.33921670239,688.173701616,48.598041687,627.360003929,12.215656,128.83448491361,83.91212098266,44.92236393095,1973.15949349369,2469.76260126301,870.40423068601,1025.356176482,154.95194579599,1599.358370577,9.344177,1.999342,20.450263,1567.564588577,1567.064588577,413.856707065,107.931478101,305.804639964,0.120589,312.221844845,-598.23796998932,395.539359828,-202.69861016132,2532.49871019608,2532.49871019608,776.77759313708,618.41111827008,158.366474867,1755.721117059,906.387099842,849.334017217,0,0,0,0,0,0,0,0,0,0,0,0,0,0,0,0,0,0,0,0,0,0,0,0,0,0,0,0,0,0,0,0,0,0,0,0,0,0,0,0,0,0,0,0,0,0,0,0,0,0,0,0,0,0,0,0,0,0,0,0,0,0,0,0,0,0,0,0,0,0,0,0,0,0,0,0,0,0,0,0,0,0,0,0,0,0,0,0,0,0,0,0,0,0,0,0,0,0,0,0,0,0,0,0,0,0,0,0,0
2006-08-01,2006,"Q3","2006/07","Q1","August",555.17195154305,729.010134921,54.416827896,661.55755646,13.035750565,173.83818337795,96.711455,77.12672837795,2117.75366277075,2497.36503972055,845.435833419,1006.474721066,161.038887647,1651.92920630155,5.3837848,2.0627,7.745136,1636.73758550155,1636.23758550155,449.057167529,109.714360671,304.142806858,35.2,225.380890845,-603.287653633801,437.61287553065,-165.674778103151,2672.9256143138,2672.9256143138,795.932251083,633.129794476,162.802456607,1876.9933632308,986.137373563,890.8559896678,0,0,0,0,0,0,0,0,0,0,0,0,0,0,0,0,0,0,0,0,0,0,0,0,0,0,0,0,0,0,0,0,0,0,0,0,0,0,0,0,0,0,0,0,0,0,0,0,0,0,0,0,0,0,0,0,0,0,0,0,0,0,0,0,0,0,0,0,0,0,0,0,0,0,0,0,0,0,0,0,0,0,0,0,0,0,0,0,0,0,0,0,0,0,0,0,0,0,0,0,0,0,0,0,0,0,0,0,0
2006-09-01,2006,"Q3","2006/07","Q1","September",497.94448211904,675.209294545,49.689029236,612.707675309,12.81259,177.26481242596,88.51844907596,88.74636335,2155.6816175583,2551.5492941629,855.6325767679,999.623804733,143.9912279651,1695.916717395,7.157267,2.092493,20.814815,1665.852142395,1665.352142395,467.230324916,113.873944876,353.35638004,0,226.947078845,-636.150922675599,446.037093878,-190.113828797599,2653.62609967734,2653.62609967734,791.75611041134,614.71450652734,177.041603884,1861.869989266,996.64514988,865.224839386,0,0,0,0,0,0,0,0,0,0,0,0,0,0,0,0,0,0,0,0,0,0,0,0,0,0,0,0,0,0,0,0,0,0,0,0,0,0,0,0,0,0,0,0,0,0,0,0,0,0,0,0,0,0,0,0,0,0,0,0,0,0,0,0,0,0,0,0,0,0,0,0,0,0,0,0,0,0,0,0,0,0,0,0,0,0,0,0,0,0,0,0,0,0,0,0,0,0,0,0,0,0,0,0,0,0,0,0,0
2006-10-01,2006,"Q4","2006/07","Q2","October",484.399141075,693.681462121,52.741731236,628.552521294,12.387209591,209.282321046,81.471397,127.810924046,2418.2087009581,2584.5348121188,833.118256397,978.695584392,145.577327995,1751.4165557218,7.3318828,1.834735,27.602362,1714.6475759218,1714.1475759218,489.915525947,131.648120638,327.762946309,30.504459,226.970451845,-429.271185262701,457.030485721,27.759300458299,2902.6078420331,2902.6078420331,786.134786894,620.46852341,165.666263484,2116.4730551391,1210.152171144,906.3208839951,0,0,0,0,0,0,0,0,0,0,0,0,0,0,0,0,0,0,0,0,0,0,0,0,0,0,0,0,0,0,0,0,0,0,0,0,0,0,0,0,0,0,0,0,0,0,0,0,0,0,0,0,0,0,0,0,0,0,0,0,0,0,0,0,0,0,0,0,0,0,0,0,0,0,0,0,0,0,0,0,0,0,0,0,0,0,0,0,0,0,0,0,0,0,0,0,0,0,0,0,0,0,0,0,0,0,0,0,0
2006-11-01,2006,"Q4","2006/07","Q2","November",584.78376758835,793.02178263834,62.15473550168,714.21284662016,16.6542005165,208.23801504999,88.52838356874,119.70963148125,2230.33397139893,2526.92919015863,755.96522611008,979.813883036,223.84865692592,1770.96396404855,7.811482181,1.681516,31.490253,1729.98071286755,1729.48071286755,584.39373620798,114.964767375,363.62916883298,105.7998,227.720458845,-653.26849612268,472.07886719893,-181.18962892375,2815.11773898728,2815.11773898728,826.276704613487,665.076385422747,161.20031919074,1988.84103437379,1063.16875008311,925.67228429068,0,0,0,0,0,0,0,0,0,0,0,0,0,0,0,0,0,0,0,0,0,0,0,0,0,0,0,0,0,0,0,0,0,0,0,0,0,0,0,0,0,0,0,0,0,0,0,0,0,0,0,0,0,0,0,0,0,0,0,0,0,0,0,0,0,0,0,0,0,0,0,0,0,0,0,0,0,0,0,0,0,0,0,0,0,0,0,0,0,0,0,0,0,0,0,0,0,0,0,0,0,0,0,0,0,0,0,0,0
2006-12-01,2006,"Q4","2006/07","Q2","December",637.57542142792,829.004907491,78.788484932,739.784859559,10.431563,191.42948606308,78.22127751513,113.20820854795,2102.80155124637,2563.17461339381,825.02536575968,1007.558289588,182.53292382832,1738.14924763413,9.087616,1.729366,29.202839,1698.12942663413,1697.62942663413,476.991388696,140.469482446,273.77190625,62.75,198.369687845,-738.994762998444,456.94917349,-282.045589508444,2740.37697199463,2740.37697199463,794.824037903627,627.303947323627,167.52009058,1945.552934091,1004.396446236,941.156487855,0,0,0,0,0,0,0,0,0,0,0,0,0,0,0,0,0,0,0,0,0,0,0,0,0,0,0,0,0,0,0,0,0,0,0,0,0,0,0,0,0,0,0,0,0,0,0,0,0,0,0,0,0,0,0,0,0,0,0,0,0,0,0,0,0,0,0,0,0,0,0,0,0,0,0,0,0,0,0,0,0,0,0,0,0,0,0,0,0,0,0,0,0,0,0,0,0,0,0,0,0,0,0,0,0,0,0,0,0
2007-01-01,2007,"Q1","2006/07","Q3","January",662.76349089045,840.777381556,105.037295111,725.921138445,9.818948,178.01389066555,74.7597475776,103.25414308795,2121.29330256373,2684.6528904597,816.71164394552,1008.747955063,192.03631111748,1867.94124651418,8.531051057,1.511125,18.888056,1839.01101445718,1838.63601445718,435.418256576,109.213189262,261.205167314,64.9999,215.530252845,-783.247591626971,500.978836139,-282.268755487971,2784.05679345418,2784.05679345418,847.00526335718,625.64910308276,221.35616027442,1937.051530097,1044.189241098,892.862288999,0,0,0,0,0,0,0,0,0,0,0,0,0,0,0,0,0,0,0,0,0,0,0,0,0,0,0,0,0,0,0,0,0,0,0,0,0,0,0,0,0,0,0,0,0,0,0,0,0,0,0,0,0,0,0,0,0,0,0,0,0,0,0,0,0,0,0,0,0,0,0,0,0,0,0,0,0,0,0,0,0,0,0,0,0,0,0,0,0,0,0,0,0,0,0,0,0,0,0,0,0,0,0,0,0,0,0,0,0
2007-02-01,2007,"Q1","2006/07","Q3","February",693.06201288965,828.859804525,77.681442749,741.941251776,9.23711,135.79779163535,75.8103036264,59.98748800895,2191.40176085383,2748.81765191536,862.99817841036,1003.507522808,140.50934439764,1885.819473505,8.159245,1.371713,18.887937,1857.400578505,1857.025578505,585.402201853,121.63252125,298.469679671636,165.300000931364,216.265476845,-926.552616069531,545.201445418,-381.351170651531,2884.46377374348,2884.46377374348,880.50874369448,653.58586832048,226.922875374,2003.955030049,1093.790264577,910.164765472,0,0,0,0,0,0,0,0,0,0,0,0,0,0,0,0,0,0,0,0,0,0,0,0,0,0,0,0,0,0,0,0,0,0,0,0,0,0,0,0,0,0,0,0,0,0,0,0,0,0,0,0,0,0,0,0,0,0,0,0,0,0,0,0,0,0,0,0,0,0,0,0,0,0,0,0,0,0,0,0,0,0,0,0,0,0,0,0,0,0,0,0,0,0,0,0,0,0,0,0,0,0,0,0,0,0,0,0,0
2007-03-01,2007,"Q1","2006/07","Q3","March",668.41467369355,836.002127913,64.694827364,761.275882549,10.031418,167.58745421945,67.9272750905,99.66017912895,2349.52761929107,2788.38693737905,859.42090203905,1019.419171488,159.99826944895,1928.96603534,49.814238,1.246194,33.84979,1844.05581334,1843.68081334,563.308982033,109.874907,333.431893033,120.002182,215.144706845,-787.02359327598,556.357092727,-230.66650054898,3017.94229298462,3017.94229298462,913.88251900962,695.39156695062,218.490952059,2104.059773975,1114.072185553,989.987588422,0,0,0,0,0,0,0,0,0,0,0,0,0,0,0,0,0,0,0,0,0,0,0,0,0,0,0,0,0,0,0,0,0,0,0,0,0,0,0,0,0,0,0,0,0,0,0,0,0,0,0,0,0,0,0,0,0,0,0,0,0,0,0,0,0,0,0,0,0,0,0,0,0,0,0,0,0,0,0,0,0,0,0,0,0,0,0,0,0,0,0,0,0,0,0,0,0,0,0,0,0,0,0,0,0,0,0,0,0
2007-04-01,2007,"Q2","2006/07","Q4","April",679.93667611969,818.03316740025,54.601944526,753.87438087425,9.556842,138.09649128056,67.20222667461,70.89426460595,2373.71667965317,2830.31737962067,869.29508798146,1054.46599628,185.17090829854,1961.02229163921,50.1812728,1.143372,25.265863,1884.43178383921,1884.05678383921,616.646541895,119.013194426,372.63334782,124.999999649,214.451562845,-858.7956790175,555.382781802,-303.4128972155,3053.65335577286,3053.65335577286,909.66475574836,699.26527309301,210.39948265535,2143.9886000245,1138.8988294055,1005.089770619,0,0,0,0,0,0,0,0,0,0,0,0,0,0,0,0,0,0,0,0,0,0,0,0,0,0,0,0,0,0,0,0,0,0,0,0,0,0,0,0,0,0,0,0,0,0,0,0,0,0,0,0,0,0,0,0,0,0,0,0,0,0,0,0,0,0,0,0,0,0,0,0,0,0,0,0,0,0,0,0,0,0,0,0,0,0,0,0,0,0,0,0,0,0,0,0,0,0,0,0,0,0,0,0,0,0,0,0,0
2007-05-01,2007,"Q2","2006/07","Q4","May",671.82865656885,879.819015869,45.115223042,825.741482827,8.96231,207.99035930015,75.3062241952,132.68413510495,2436.34925214911,2898.5340358496,946.9141147796,1098.793219873,151.8791050934,1951.61992107,50.78009,1.1092,29.448989,1870.28164207,1869.90664207,701.700638155,114.185661528,395.515076627,191.9999,215.173409845,-948.71201201049,540.061994202,-408.65001780849,3108.17790871796,3108.17790871796,892.54329734596,716.49292640896,176.050370937,2215.634611372,1225.184709111,990.449902261,0,0,0,0,0,0,0,0,0,0,0,0,0,0,0,0,0,0,0,0,0,0,0,0,0,0,0,0,0,0,0,0,0,0,0,0,0,0,0,0,0,0,0,0,0,0,0,0,0,0,0,0,0,0,0,0,0,0,0,0,0,0,0,0,0,0,0,0,0,0,0,0,0,0,0,0,0,0,0,0,0,0,0,0,0,0,0,0,0,0,0,0,0,0,0,0,0,0,0,0,0,0,0,0,0,0,0,0,0
2007-06-01,2007,"Q2","2006/07","Q4","June",493.16647114205,688.843703809,40.553000036,640.111318773,8.179385,195.67723266695,81.801669088,113.87556357895,2485.23841300895,2983.17531718095,983.133937771,1098.995329329,115.861391558,2000.04137940995,50.792186136,0.846355,30.429131,1917.97370727395,1917.59870727395,583.968777837,117.488957263,348.879820574,117.6,214.970635845,-866.935046164,593.464687445,-273.470358719,2978.404884151,2978.404884151,848.073564169,651.585615717,196.487948452,2130.331319982,1127.955382997,1002.375936985,0,0,0,0,0,0,0,0,0,0,0,0,0,0,0,0,0,0,0,0,0,0,0,0,0,0,0,0,0,0,0,0,0,0,0,0,0,0,0,0,0,0,0,0,0,0,0,0,0,0,0,0,0,0,0,0,0,0,0,0,0,0,0,0,0,0,0,0,0,0,0,0,0,0,0,0,0,0,0,0,0,0,0,0,0,0,0,0,0,0,0,0,0,0,0,0,0,0,0,0,0,0,0,0,0,0,0,0,0
2007-07-01,2007,"Q3","2007/08","Q1","July",475.50113388303,733.29730663698,65.12792157484,659.97321606214,8.196169,257.79617275395,100.156728475,157.63944427895,2511.06090604663,2816.07947838368,898.708875318,1004.251307327,105.542432009,1917.37060306568,50.608315,0.887742,30.024581,1835.84996506568,1835.59996506568,709.08747395974,120.8801395909,588.20733436884,0,195.256864845,-818.84918145179,535.77799116375,-283.07119028804,2986.56203975361,2986.56203975361,867.348082321,668.376671878,198.971410443,2119.21395743261,1131.52600915942,987.68794827319,0,0,0,0,0,0,0,0,0,0,0,0,0,0,0,0,0,0,0,0,0,0,0,0,0,0,0,0,0,0,0,0,0,0,0,0,0,0,0,0,0,0,0,0,0,0,0,0,0,0,0,0,0,0,0,0,0,0,0,0,0,0,0,0,0,0,0,0,0,0,0,0,0,0,0,0,0,0,0,0,0,0,0,0,0,0,0,0,0,0,0,0,0,0,0,0,0,0,0,0,0,0,0,0,0,0,0,0,0
2007-08-01,2007,"Q3","2007/08","Q1","August",559.63972454005,784.760123896,64.778246,710.963125896,9.018752,225.12039935595,97.910881306,127.20951804995,2555.08130852276,3048.03498591814,1021.747251912,1140.795823463,119.048571551,2026.28773400614,21.009996,0.565035,32.642368,1972.07033500614,1972.07033400614,683.288798674,130.498291543,385.090607131,167.6999,195.569130845,-980.673345224385,559.976663265,-420.696681959385,3114.72103290776,3114.72103290776,939.883022000115,736.341748393865,203.54127360625,2174.83801090764,1163.9165612335,1010.92144967414,0,0,0,0,0,0,0,0,0,0,0,0,0,0,0,0,0,0,0,0,0,0,0,0,0,0,0,0,0,0,0,0,0,0,0,0,0,0,0,0,0,0,0,0,0,0,0,0,0,0,0,0,0,0,0,0,0,0,0,0,0,0,0,0,0,0,0,0,0,0,0,0,0,0,0,0,0,0,0,0,0,0,0,0,0,0,0,0,0,0,0,0,0,0,0,0,0,0,0,0,0,0,0,0,0,0,0,0,0
2007-09-01,2007,"Q3","2007/08","Q1","September",466.10175292905,683.389891706,57.55922176,617.029248946,8.801421,217.28813877695,109.155298285,108.13284049195,2804.89096782835,3173.72285061025,1093.816511903,1200.192726972,106.376215069,2079.90633870725,25.131170164,0.650949,37.195342,2016.92887754325,2016.92887654325,668.897813861,136.742839473,455.855073388,76.299901,201.563373845,-836.1663227979,573.591547778,-262.5747750199,3270.99272019735,3270.99272019735,977.61737759085,776.135663841,201.48171374985,2293.3753426065,1228.3893832455,1064.985959361,0,0,0,0,0,0,0,0,0,0,0,0,0,0,0,0,0,0,0,0,0,0,0,0,0,0,0,0,0,0,0,0,0,0,0,0,0,0,0,0,0,0,0,0,0,0,0,0,0,0,0,0,0,0,0,0,0,0,0,0,0,0,0,0,0,0,0,0,0,0,0,0,0,0,0,0,0,0,0,0,0,0,0,0,0,0,0,0,0,0,0,0,0,0,0,0,0,0,0,0,0,0,0,0,0,0,0,0,0
2007-10-01,2007,"Q4","2007/08","Q2","October",615.13753249105,886.422241719,58.594175321,819.371305398,8.456761,271.28470922795,113.829336,157.45537322795,2775.174214618,3387.983318671,1246.433442855,1346.782682841,100.349239986,2141.549875816,32.893722,0.269592,16.307624,2092.078937816,2092.078936816,634.908712128,140.851382385,351.070236743,142.987093,193.885555845,-1053.832260336,597.358637917,-456.473622419,3390.311744998,3390.311744998,1025.6332242,773.250376914,252.382847286,2364.678520798,1261.899492794,1102.779028004,0,0,0,0,0,0,0,0,0,0,0,0,0,0,0,0,0,0,0,0,0,0,0,0,0,0,0,0,0,0,0,0,0,0,0,0,0,0,0,0,0,0,0,0,0,0,0,0,0,0,0,0,0,0,0,0,0,0,0,0,0,0,0,0,0,0,0,0,0,0,0,0,0,0,0,0,0,0,0,0,0,0,0,0,0,0,0,0,0,0,0,0,0,0,0,0,0,0,0,0,0,0,0,0,0,0,0,0,0
2007-11-01,2007,"Q4","2007/08","Q2","November",562.6780659009,878.630046038,66.020399386,804.374755652,8.234891,315.9519801371,113.8454588689,202.1065212682,2951.66854452972,3460.82436604585,1275.78844557585,1365.094211074,89.30576549815,2185.03592047,34.986976,0.007492,25.652653,2124.38879947,2124.38879847,674.699837831,136.631766957,437.844661094,100.22340978,195.201413845,-988.65424550213,615.036387995,-373.61785750713,3514.34668164057,3514.34668164057,1111.72627010482,839.68150732782,272.044762777,2402.62041153575,1292.40089573575,1110.2195158,0,0,0,0,0,0,0,0,0,0,0,0,0,0,0,0,0,0,0,0,0,0,0,0,0,0,0,0,0,0,0,0,0,0,0,0,0,0,0,0,0,0,0,0,0,0,0,0,0,0,0,0,0,0,0,0,0,0,0,0,0,0,0,0,0,0,0,0,0,0,0,0,0,0,0,0,0,0,0,0,0,0,0,0,0,0,0,0,0,0,0,0,0,0,0,0,0,0,0,0,0,0,0,0,0,0,0,0,0
2007-12-01,2007,"Q4","2007/08","Q2","December",607.21141146985,931.22788061985,54.74238615,864.98311146985,11.502383,324.01646915,112.51011317,211.50635598,2793.24879326835,3428.93847602302,1231.71099778217,1400.05694297617,168.345945194,2197.22747824085,34.749730183,0.130415,22.857843,2139.48949005785,2139.48948905785,474.408776223,177.645527531,296.763248692,0,46.363182433,-1063.73527654467,696.741963363,-366.993313181667,3400.4602057482,3400.4602057482,1034.4778294632,798.512156263,235.9656732002,2365.982376285,1264.688458132,1101.293918153,0,0,0,0,0,0,0,0,0,0,0,0,0,0,0,0,0,0,0,0,0,0,0,0,0,0,0,0,0,0,0,0,0,0,0,0,0,0,0,0,0,0,0,0,0,0,0,0,0,0,0,0,0,0,0,0,0,0,0,0,0,0,0,0,0,0,0,0,0,0,0,0,0,0,0,0,0,0,0,0,0,0,0,0,0,0,0,0,0,0,0,0,0,0,0,0,0,0,0,0,0,0,0,0,0,0,0,0,0
2008-01-01,2008,"Q1","2007/08","Q3","January",652.332470905973,953.217061698,68.799867982,872.890702508,11.526491208,300.884590792027,116.54873788671,184.335852905317,2974.79841549048,3706.82581961506,1301.30257973206,1381.526156248,80.22357651594,2405.523239883,36.975867183,0.082607,26.150757,2342.3140087,2342.3140077,552.197501338,163.706602168,388.49089917,0,115.694360895,-1168.53054456758,792.971923984,-375.55862058358,3627.13088639145,3627.13088639145,1091.77306563777,801.80497633377,289.968089304,2535.35782075368,1350.01219894768,1185.345621806,0,0,0,0,0,0,0,0,0,0,0,0,0,0,0,0,0,0,0,0,0,0,0,0,0,0,0,0,0,0,0,0,0,0,0,0,0,0,0,0,0,0,0,0,0,0,0,0,0,0,0,0,0,0,0,0,0,0,0,0,0,0,0,0,0,0,0,0,0,0,0,0,0,0,0,0,0,0,0,0,0,0,0,0,0,0,0,0,0,0,0,0,0,0,0,0,0,0,0,0,0,0,0,0,0,0,0,0,0
2008-02-01,2008,"Q1","2007/08","Q3","February",738.835881380761,1051.45174375771,52.11331725,990.306117417715,9.03230909,312.615862376953,114.28625321572,198.329609161233,3110.03423942018,3890.86632470693,1361.54520831988,1445.799585375,84.25437705512,2529.32111638705,29.052443183,0.00329,24.755443,2475.50994020405,2475.50994020405,507.616362155,179.640195866,327.976166289,0,167.208451709,-1121.23999573275,812.56907234615,-308.670923386602,3848.87012079994,3848.87012079994,1164.90133164864,872.34922472964,292.552106919,2683.9687891513,1469.8692845163,1214.099504635,0,0,0,0,0,0,0,0,0,0,0,0,0,0,0,0,0,0,0,0,0,0,0,0,0,0,0,0,0,0,0,0,0,0,0,0,0,0,0,0,0,0,0,0,0,0,0,0,0,0,0,0,0,0,0,0,0,0,0,0,0,0,0,0,0,0,0,0,0,0,0,0,0,0,0,0,0,0,0,0,0,0,0,0,0,0,0,0,0,0,0,0,0,0,0,0,0,0,0,0,0,0,0,0,0,0,0,0,0
2008-03-01,2008,"Q1","2007/08","Q3","March",676.55191928258,938.825123379,67.534850566,863.85064355,7.439629263,262.27320409642,135.81657533481,126.45662876161,3118.37696048799,3943.77981621022,1379.99282044722,1487.363321424,107.37050097678,2563.786995763,29.618625183,0.216565,24.391199,2509.56060658,2509.56060658,594.892077634,201.250718753,393.641358881,0,233.088703527,-1187.20622982923,857.575281639487,-329.630948189743,3794.92887970857,3794.92887970857,1114.24164098618,771.51862148218,342.723019504,2680.68723872239,1405.53514509239,1275.15209363,0,0,0,0,0,0,0,0,0,0,0,0,0,0,0,0,0,0,0,0,0,0,0,0,0,0,0,0,0,0,0,0,0,0,0,0,0,0,0,0,0,0,0,0,0,0,0,0,0,0,0,0,0,0,0,0,0,0,0,0,0,0,0,0,0,0,0,0,0,0,0,0,0,0,0,0,0,0,0,0,0,0,0,0,0,0,0,0,0,0,0,0,0,0,0,0,0,0,0,0,0,0,0,0,0,0,0,0,0
2008-04-01,2008,"Q2","2007/08","Q4","April",579.65256973649,846.200189827,56.364913805,782.524788772,7.31048725,266.54762009051,130.50056791426,136.04705217625,3313.74407794052,3991.42380382885,1307.0174161876,1415.624836723,108.6074205354,2684.40638764125,30.210770692,0.002556,24.319541,2629.87351994925,2629.87351994925,597.006470596,156.563694005,440.442776591,0,203.382061961,-1071.30413452333,842.31540804209,-228.98872648124,3893.39664758483,3893.39664758483,1076.36655988508,767.66138325608,308.705176629,2817.03008769975,1483.22136183975,1333.80872586,0,0,0,0,0,0,0,0,0,0,0,0,0,0,0,0,0,0,0,0,0,0,0,0,0,0,0,0,0,0,0,0,0,0,0,0,0,0,0,0,0,0,0,0,0,0,0,0,0,0,0,0,0,0,0,0,0,0,0,0,0,0,0,0,0,0,0,0,0,0,0,0,0,0,0,0,0,0,0,0,0,0,0,0,0,0,0,0,0,0,0,0,0,0,0,0,0,0,0,0,0,0,0,0,0,0,0,0,0
2008-05-01,2008,"Q2","2007/08","Q4","May",696.646799240068,1050.94155215249,65.242477693,980.504869459488,5.194205,354.29475291242,72.41589243252,281.8788604799,3343.11691928995,4001.36430573799,1339.97629152756,1460.57261506,120.59632353244,2661.38801421043,32.534696405,0.002933,26.076548,2602.77383680543,2602.77383680543,584.427034268,169.293694931,412.633339337,2.5,159.713994941,-1082.96042577504,821.55536319602,-261.405062579018,4039.76371752502,4039.76371752502,1274.79602025152,916.48836525101,358.30765500051,2764.9676972735,1442.7065909245,1322.261106349,0,0,0,0,0,0,0,0,0,0,0,0,0,0,0,0,0,0,0,0,0,0,0,0,0,0,0,0,0,0,0,0,0,0,0,0,0,0,0,0,0,0,0,0,0,0,0,0,0,0,0,0,0,0,0,0,0,0,0,0,0,0,0,0,0,0,0,0,0,0,0,0,0,0,0,0,0,0,0,0,0,0,0,0,0,0,0,0,0,0,0,0,0,0,0,0,0,0,0,0,0,0,0,0,0,0,0,0,0
2008-06-01,2008,"Q2","2007/08","Q4","June",748.941120985464,980.368697192,64.118881785,910.402875407,5.84694,231.427576206536,86.28039745396,145.147178752576,3214.4211269064,4136.26675708084,1366.90347305084,1485.316573746,118.41310069516,2769.36328403,28.903518993,0.094296,25.522441,2714.843028037,2714.843028037,567.581581105,155.531436633,412.050144472,0,158.329583628,-1331.09762765144,855.398007944,-475.69961970744,3963.36224788562,3963.36224788562,1142.49333981362,874.238165580114,268.255174233505,2820.868908072,1426.255376571,1394.613531501,0,0,0,0,0,0,0,0,0,0,0,0,0,0,0,0,0,0,0,0,0,0,0,0,0,0,0,0,0,0,0,0,0,0,0,0,0,0,0,0,0,0,0,0,0,0,0,0,0,0,0,0,0,0,0,0,0,0,0,0,0,0,0,0,0,0,0,0,0,0,0,0,0,0,0,0,0,0,0,0,0,0,0,0,0,0,0,0,0,0,0,0,0,0,0,0,0,0,0,0,0,0,0,0,0,0,0,0,0
2008-07-01,2008,"Q3","2008/09","Q1","July",510.008332944639,824.646576046199,72.806608967,745.900482079199,5.939485,314.63824310156,74.42468670179,240.21355639977,3386.88800780113,4279.10342434365,1360.56455234525,1449.868666228,89.30411388275,2918.5388719984,30.070842993,0.002563,20.80647,2867.6589960054,2867.6589960054,538.849282452,168.650547712,370.19873474,0,140.954907262,-1290.10979173252,854.01186875215,-436.097922980369,3896.89634074454,3896.89634074454,1073.81700711043,825.198328206038,248.618678904395,2823.07933363411,1428.71325639878,1394.36607723533,0,0,0,0,0,0,0,0,0,0,0,0,0,0,0,0,0,0,0,0,0,0,0,0,0,0,0,0,0,0,0,0,0,0,0,0,0,0,0,0,0,0,0,0,0,0,0,0,0,0,0,0,0,0,0,0,0,0,0,0,0,0,0,0,0,0,0,0,0,0,0,0,0,0,0,0,0,0,0,0,0,0,0,0,0,0,0,0,0,0,0,0,0,0,0,0,0,0,0,0,0,0,0,0,0,0,0,0,0
2008-08-01,2008,"Q3","2008/09","Q1","August",416.09795191745,808.527559804,61.623533804,696.281673,50.622353,392.42960788655,114.40737120183,278.02223668472,3470.08632863527,4359.26257078771,1399.06881826371,1515.12519355,116.05637528629,2960.193752524,33.521629993,0.278749,21.141744,2905.251629531,2905.251629531,614.719870681,164.056716799,326.163553882,124.4996,131.040781639,-1372.85533119444,918.377030157,-454.47830103744,3886.18428023272,3886.18428023272,991.865051722306,778.131511210578,213.733540511728,2894.31922851041,1462.22622468714,1432.09300382327,0,0,0,0,0,0,0,0,0,0,0,0,0,0,0,0,0,0,0,0,0,0,0,0,0,0,0,0,0,0,0,0,0,0,0,0,0,0,0,0,0,0,0,0,0,0,0,0,0,0,0,0,0,0,0,0,0,0,0,0,0,0,0,0,0,0,0,0,0,0,0,0,0,0,0,0,0,0,0,0,0,0,0,0,0,0,0,0,0,0,0,0,0,0,0,0,0,0,0,0,0,0,0,0,0,0,0,0,0
2008-09-01,2008,"Q3","2008/09","Q1","September",293.281619914655,790.005419933765,63.906847597,724.467642336765,1.63093,496.72380001911,87.20486594354,409.51893407557,3595.58091658729,4488.03807224368,1393.41124407814,1499.519603589,106.10835951086,3094.62682816554,39.071587993,0.194441,21.822113,3033.53868617254,3033.53868617254,542.917578523,171.437044476,371.480534047,0,142.210774849,-1293.16395933039,941.91379178915,-351.250167541245,3888.86253459451,3888.86253459451,1023.49929082829,753.25721384974,270.24207697855,2865.36324376622,1474.54387493822,1390.819368828,0,0,0,0,0,0,0,0,0,0,0,0,0,0,0,0,0,0,0,0,0,0,0,0,0,0,0,0,0,0,0,0,0,0,0,0,0,0,0,0,0,0,0,0,0,0,0,0,0,0,0,0,0,0,0,0,0,0,0,0,0,0,0,0,0,0,0,0,0,0,0,0,0,0,0,0,0,0,0,0,0,0,0,0,0,0,0,0,0,0,0,0,0,0,0,0,0,0,0,0,0,0,0,0,0,0,0,0,0
2008-10-01,2008,"Q4","2008/09","Q2","October",385.23870533101,1083.411476141,94.45678279,985.2863607,3.668332651,698.17277080999,108.68487227913,589.48789853086,3922.11845990401,4631.01207972169,1411.40291606869,1513.622446942,102.21953087331,3219.609163653,35.280420993,0.3143,19.760997,3164.25344566,3164.25344566,580.990046588,174.954906259,406.035140329,0,116.078262181,-1173.80540422468,1012.114925657,-161.69047856768,4307.35716423702,4307.35716423702,1275.50159165255,932.18550621353,343.31608543902,3031.85557258447,1514.08473328849,1517.77083929598,0,0,0,0,0,0,0,0,0,0,0,0,0,0,0,0,0,0,0,0,0,0,0,0,0,0,0,0,0,0,0,0,0,0,0,0,0,0,0,0,0,0,0,0,0,0,0,0,0,0,0,0,0,0,0,0,0,0,0,0,0,0,0,0,0,0,0,0,0,0,0,0,0,0,0,0,0,0,0,0,0,0,0,0,0,0,0,0,0,0,0,0,0,0,0,0,0,0,0,0,0,0,0,0,0,0,0,0,0
2008-11-01,2008,"Q4","2008/09","Q2","November",443.00149044202,989.0606498935,94.4360784125,892.849777481,1.774794,546.05915945148,134.41446025424,411.64469919724,3920.49199571494,4810.77659587596,1473.80608523996,1580.793815444,106.98773020404,3336.970510636,69.029582923,0.246961,19.419403,3248.274563713,3248.274563713,620.6944511865,167.0975633945,443.596887792,10,114.163557201,-1396.81549414652,1039.776196761,-357.03929738552,4363.49348615396,4363.49348615396,1179.36219814187,857.13175172185,322.23044642002,3184.13128801209,1622.24867033611,1561.88261767598,0,0,0,0,0,0,0,0,0,0,0,0,0,0,0,0,0,0,0,0,0,0,0,0,0,0,0,0,0,0,0,0,0,0,0,0,0,0,0,0,0,0,0,0,0,0,0,0,0,0,0,0,0,0,0,0,0,0,0,0,0,0,0,0,0,0,0,0,0,0,0,0,0,0,0,0,0,0,0,0,0,0,0,0,0,0,0,0,0,0,0,0,0,0,0,0,0,0,0,0,0,0,0,0,0,0,0,0,0
2008-12-01,2008,"Q4","2008/09","Q2","December",519.07413363462,983.630042154,104.195587513,876.942703641,2.491751,464.55590851938,66.08652284746,398.46938567192,4012.1297108347,4832.85357768758,1378.49749076458,1532.560709244,154.06321847942,3454.356086923,57.069425338,0.449536,19.642564,3377.194561585,3377.194561585,695.856258602,233.186468595,462.669790007,0,52.138012289,-1464.44211316588,1155.6039621171,-308.838151048779,4531.20384347491,4531.20384347491,1263.2151524278,888.5703972179,374.644755209901,3267.98869104711,1637.03154117188,1630.95714987523,0,0,0,0,0,0,0,0,0,0,0,0,0,0,0,0,0,0,0,0,0,0,0,0,0,0,0,0,0,0,0,0,0,0,0,0,0,0,0,0,0,0,0,0,0,0,0,0,0,0,0,0,0,0,0,0,0,0,0,0,0,0,0,0,0,0,0,0,0,0,0,0,0,0,0,0,0,0,0,0,0,0,0,0,0,0,0,0,0,0,0,0,0,0,0,0,0,0,0,0,0,0,0,0,0,0,0,0,0
2009-01-01,2009,"Q1","2008/09","Q3","January",427.11209888758,988.207854335,106.153369722,879.864016613,2.190468,561.09575544742,61.36259036079,499.73316508663,4172.29877154404,4902.71412339922,1444.05565633231,1539.038074755,94.98241842269,3458.6584670669,36.912063338,0.450779,18.967368,3402.3282567289,3402.3282567289,761.181217658,199.144332547,562.036885111,0,36.42135411513,-1455.17521539804,1182.03303101095,-273.142184387094,4599.41086390687,4599.41086390687,1285.56270754593,933.80218266293,351.760524883,3313.84815636094,1633.98600978637,1679.86214657457,0,0,0,0,0,0,0,0,0,0,0,0,0,0,0,0,0,0,0,0,0,0,0,0,0,0,0,0,0,0,0,0,0,0,0,0,0,0,0,0,0,0,0,0,0,0,0,0,0,0,0,0,0,0,0,0,0,0,0,0,0,0,0,0,0,0,0,0,0,0,0,0,0,0,0,0,0,0,0,0,0,0,0,0,0,0,0,0,0,0,0,0,0,0,0,0,0,0,0,0,0,0,0,0,0,0,0,0,0
2009-02-01,2009,"Q1","2008/09","Q3","February",311.14416565304,830.224883704,87.191564081,740.450977189,2.582342434,519.08071805096,56.54068865616,462.5400293948,4264.50884282776,4879.27643621268,1332.92442432551,1499.25989044,166.33546611449,3546.35201188717,73.039566932,0,53.98092661,3419.33151834517,3419.33151834517,741.830770185,210.5122362,531.107551379,0.210982606,35.16138667113,-1321.43697689879,1236.89298173684,-84.543995161951,4575.6530066458,4575.6530066458,1179.13328832394,877.65566650705,301.47762181689,3396.51971832186,1753.15884159,1643.36087673186,0,0,0,0,0,0,0,0,0,0,0,0,0,0,0,0,0,0,0,0,0,0,0,0,0,0,0,0,0,0,0,0,0,0,0,0,0,0,0,0,0,0,0,0,0,0,0,0,0,0,0,0,0,0,0,0,0,0,0,0,0,0,0,0,0,0,0,0,0,0,0,0,0,0,0,0,0,0,0,0,0,0,0,0,0,0,0,0,0,0,0,0,0,0,0,0,0,0,0,0,0,0,0,0,0,0,0,0,0
2009-03-01,2009,"Q1","2008/09","Q3","March",577.00787104344,1038.06432412,103.962309622,931.798669126,2.3033453719998,461.05645307656,58.94098016016,402.1154729164,4211.65238340361,4886.89454634007,1267.89197317251,1435.217788971,167.32581579849,3619.00257316756,33.749426228,0.269876,56.146207,3528.83706393956,3528.83706393956,811.972297907,219.660856847,423.81144106,168.5,52.211911953129,-1435.00254889033,1255.14936745935,-179.853181430983,4788.66025444505,4788.66025444505,1366.20202226016,949.28860271916,416.913419541,3422.45823218489,1677.19979835591,1745.25843382898,0,0,0,0,0,0,0,0,0,0,0,0,0,0,0,0,0,0,0,0,0,0,0,0,0,0,0,0,0,0,0,0,0,0,0,0,0,0,0,0,0,0,0,0,0,0,0,0,0,0,0,0,0,0,0,0,0,0,0,0,0,0,0,0,0,0,0,0,0,0,0,0,0,0,0,0,0,0,0,0,0,0,0,0,0,0,0,0,0,0,0,0,0,0,0,0,0,0,0,0,0,0,0,0,0,0,0,0,0
2009-04-01,2009,"Q2","2008/09","Q4","April",492.74746756602,961.31285205284,127.34391813399,831.54705090785,2.42188301100001,468.56538448682,40.95479990821,427.61058457861,4410.56162092692,5237.81879196283,1562.50769364775,1692.95394439058,130.44625074283,3675.31109831508,33.150152824,0.111522,44.992303536,3597.05711995508,3597.05711995508,631.8372710255,220.1538923545,404.683378671,7,45.483832185413,-1413.610609876,1240.90626091035,-172.704348965654,4903.30908776653,4903.30908776653,1336.29832109366,1042.79860608965,293.49971500401,3567.01076667287,1734.01280721121,1832.99795946166,0,0,0,0,0,0,0,0,0,0,0,0,0,0,0,0,0,0,0,0,0,0,0,0,0,0,0,0,0,0,0,0,0,0,0,0,0,0,0,0,0,0,0,0,0,0,0,0,0,0,0,0,0,0,0,0,0,0,0,0,0,0,0,0,0,0,0,0,0,0,0,0,0,0,0,0,0,0,0,0,0,0,0,0,0,0,0,0,0,0,0,0,0,0,0,0,0,0,0,0,0,0,0,0,0,0,0,0,0
2009-05-01,2009,"Q2","2008/09","Q4","May",602.916430559375,1139.72163511515,138.696323680215,998.55884095594,2.46647047899997,536.80520455578,53.50794737372,483.29725718206,4433.08196544032,5225.65125108114,1509.59588244151,1650.8300709632,141.23418852169,3716.05536863963,34.907042858,0.190252,35.474987873,3645.48308590863,3645.48308590863,717.28559782825,200.77706433025,516.508533498,0,52.776693737413,-1457.07818973166,1233.73122990417,-223.346959827482,5035.9983957194,5035.9983957194,1427.65805604396,1115.12376754103,312.534288502925,3608.34033967544,1785.85091674943,1822.48942292601,0,0,0,0,0,0,0,0,0,0,0,0,0,0,0,0,0,0,0,0,0,0,0,0,0,0,0,0,0,0,0,0,0,0,0,0,0,0,0,0,0,0,0,0,0,0,0,0,0,0,0,0,0,0,0,0,0,0,0,0,0,0,0,0,0,0,0,0,0,0,0,0,0,0,0,0,0,0,0,0,0,0,0,0,0,0,0,0,0,0,0,0,0,0,0,0,0,0,0,0,0,0,0,0,0,0,0,0,0
2009-06-01,2009,"Q2","2008/09","Q4","June",607.210491975027,1141.63988995697,133.57817224712,1006.17306351385,1.88865419600001,534.429397981943,49.76288896658,484.666509015363,4444.94553323815,5223.43993617706,1565.12571762022,1704.50386563671,139.37814801649,3658.31421855684,35.570859257,0.041069,35.050835706,3587.65145459384,3587.65145459384,708.6686040378,223.2820667618,485.386537276,0,46.873849257,-1440.28915771971,1242.12012680797,-198.169030911738,5052.15602451947,5052.15602451947,1376.91069603054,1076.82202226424,300.088673766301,3675.24532848893,1732.7362510868,1942.50907740213,0,0,0,0,0,0,0,0,0,0,0,0,0,0,0,0,0,0,0,0,0,0,0,0,0,0,0,0,0,0,0,0,0,0,0,0,0,0,0,0,0,0,0,0,0,0,0,0,0,0,0,0,0,0,0,0,0,0,0,0,0,0,0,0,0,0,0,0,0,0,0,0,0,0,0,0,0,0,0,0,0,0,0,0,0,0,0,0,0,0,0,0,0,0,0,0,0,0,0,0,0,0,0,0,0,0,0,0,0
2009-07-01,2009,"Q3","2009/10","Q1","July",614.235299569136,1163.7911528403,139.72542127993,1022.41120156037,1.65453,549.555853271164,71.72187339501,477.833979876154,4280.78354143096,5417.90783957901,1675.04909159489,1810.96327733531,135.91418574042,3742.85874798412,34.812958861,0.029114,59.932481,3648.08419412312,3648.08419412312,612.31111955441,220.77681805941,391.534301495,0,86.189996443,-1663.24542125946,1270.62399002946,-392.621431229997,4895.0188410001,4895.0188410001,1363.53979424471,1071.23119341207,292.308600832639,3531.47904675538,1636.64160722168,1894.8374395337,0,0,0,0,0,0,0,0,0,0,0,0,0,0,0,0,0,0,0,0,0,0,0,0,0,0,0,0,0,0,0,0,0,0,0,0,0,0,0,0,0,0,0,0,0,0,0,0,0,0,0,0,0,0,0,0,0,0,0,0,0,0,0,0,0,0,0,0,0,0,0,0,0,0,0,0,0,0,0,0,0,0,0,0,0,0,0,0,0,0,0,0,0,0,0,0,0,0,0,0,0,0,0,0,0,0,0,0,0
2009-08-01,2009,"Q3","2009/10","Q1","August",595.877547321645,1112.683041708,114.88256300453,996.145948703468,1.65453,516.805494386353,69.99507680282,446.810417583533,4450.55226558402,5436.70520203766,1674.43239733104,1812.30949545369,137.87709812265,3762.27280470662,54.253736593,0.147219,59.047018593,3648.82483052062,3648.82483052062,726.31063759066,236.10780708199,490.20283050867,0,84.118317365,-1628.3452566793,1331.58408090177,-296.761175777525,5046.42981245205,5046.42981245205,1384.20828005307,1076.83451696709,307.37376308598,3662.22153239898,1754.35823645858,1907.8632959404,0,0,0,0,0,0,0,0,0,0,0,0,0,0,0,0,0,0,0,0,0,0,0,0,0,0,0,0,0,0,0,0,0,0,0,0,0,0,0,0,0,0,0,0,0,0,0,0,0,0,0,0,0,0,0,0,0,0,0,0,0,0,0,0,0,0,0,0,0,0,0,0,0,0,0,0,0,0,0,0,0,0,0,0,0,0,0,0,0,0,0,0,0,0,0,0,0,0,0,0,0,0,0,0,0,0,0,0,0
2009-09-01,2009,"Q3","2009/10","Q1","September",557.340540094727,1065.43612384282,96.57609551585,966.28989601697,2.57013231000011,508.095583748093,53.4615448632,454.634038884893,4534.83580189346,5426.16562844455,1651.44749927059,1823.06626390389,171.6187646333,3774.71812917396,40.46737202,0.218569,57.349733298,3676.68245485596,3676.68245485596,751.55124694155,233.80386658664,517.74738035491,0,70.516587635,-1572.36448585764,1324.86004333718,-247.504442520454,5092.17634218465,5092.17634218465,1360.24344533974,1056.26475093197,303.978694407775,3731.93289684491,1816.93295762905,1914.99993921585,0,0,0,0,0,0,0,0,0,0,0,0,0,0,0,0,0,0,0,0,0,0,0,0,0,0,0,0,0,0,0,0,0,0,0,0,0,0,0,0,0,0,0,0,0,0,0,0,0,0,0,0,0,0,0,0,0,0,0,0,0,0,0,0,0,0,0,0,0,0,0,0,0,0,0,0,0,0,0,0,0,0,0,0,0,0,0,0,0,0,0,0,0,0,0,0,0,0,0,0,0,0,0,0,0,0,0,0,0
2009-10-01,2009,"Q4","2009/10","Q2","October",475.038676419496,987.293820228569,100.92315038058,885.114322847989,1.256347,512.255143809073,48.77440272241,463.480741086663,4685.36455691364,5595.41695993702,1714.48446285295,1860.77965914876,146.29519629581,3880.93249708407,40.844953859,0.212267,55.382197144,3784.49307908107,3784.49307908107,846.15338629955,224.63851798118,621.51486831837,0,81.122259203,-1675.08353011992,1347.61897241388,-327.464557706039,5160.40323332328,5160.40323332328,1343.47877465722,1058.9372423365,284.541532320725,3816.92445866605,1795.57804365808,2021.34641500798,0,0,0,0,0,0,0,0,0,0,0,0,0,0,0,0,0,0,0,0,0,0,0,0,0,0,0,0,0,0,0,0,0,0,0,0,0,0,0,0,0,0,0,0,0,0,0,0,0,0,0,0,0,0,0,0,0,0,0,0,0,0,0,0,0,0,0,0,0,0,0,0,0,0,0,0,0,0,0,0,0,0,0,0,0,0,0,0,0,0,0,0,0,0,0,0,0,0,0,0,0,0,0,0,0,0,0,0,0
2009-11-01,2009,"Q4","2009/10","Q2","November",290.84374948958,827.648760507363,117.41859061172,708.973813615643,1.25635628000002,536.805011017783,54.45574171816,482.349269299623,4886.78848266244,5652.93345884016,1680.6327647184,1872.99812251254,192.36535779414,3972.30069412176,55.341367861,0.015394,38.797216144,3878.14671611676,3878.14671611676,919.70415780333,231.72408798348,574.97575481985,113.004315,45.24730225,-1640.60183173106,1370.49119542365,-270.110636307402,5177.6322323482,5177.6322323482,1283.04335078109,1016.18446799076,266.858882790332,3894.58888156711,1888.59155774479,2005.99732382232,0,0,0,0,0,0,0,0,0,0,0,0,0,0,0,0,0,0,0,0,0,0,0,0,0,0,0,0,0,0,0,0,0,0,0,0,0,0,0,0,0,0,0,0,0,0,0,0,0,0,0,0,0,0,0,0,0,0,0,0,0,0,0,0,0,0,0,0,0,0,0,0,0,0,0,0,0,0,0,0,0,0,0,0,0,0,0,0,0,0,0,0,0,0,0,0,0,0,0,0,0,0,0,0,0,0,0,0,0
2009-12-01,2009,"Q4","2009/10","Q2","December",383.200622850515,944.222645293295,135.85532078536,807.368407507935,0.998917,561.02202244278,48.96307084478,512.058951598,5032.11117112076,5701.8074761657,1625.44672089315,1839.37893650415,213.932215611,4076.36075527255,45.599104858,0.013519,52.920029144,3977.82810227055,3977.82810227055,879.20535939195,265.50011836716,593.70171202479,20.003529,35.655320864,-1513.24634357289,1381.00209598797,-132.244247584917,5415.31179384092,5415.31179384092,1412.62122298383,1092.96196929294,319.659253690892,4002.69057085709,1925.60557439077,2077.08499646632,0,0,0,0,0,0,0,0,0,0,0,0,0,0,0,0,0,0,0,0,0,0,0,0,0,0,0,0,0,0,0,0,0,0,0,0,0,0,0,0,0,0,0,0,0,0,0,0,0,0,0,0,0,0,0,0,0,0,0,0,0,0,0,0,0,0,0,0,0,0,0,0,0,0,0,0,0,0,0,0,0,0,0,0,0,0,0,0,0,0,0,0,0,0,0,0,0,0,0,0,0,0,0,0,0,0,0,0,0
2010-01-01,2010,"Q1","2009/10","Q3","January",516.560443947587,1000.22972018289,161.884098027857,807.395402155031,30.95022,483.6692762353,47.7811673188001,435.8881089165,4916.14391222135,5854.23270335132,1766.17014898609,1917.45428075911,151.284131773023,4088.06255436523,48.247480216,0.011733,52.887495,3986.91584614923,3986.91584614923,752.749658477341,220.048699756541,532.7009587208,0,48.875095866,-1641.96335374132,1418.64985076947,-223.313502971845,5432.70435655646,5432.70435655646,1437.13112670937,1116.69375510214,320.437371607231,3995.57322984709,1908.18783190982,2087.38539793727,0,0,0,0,0,0,0,0,0,0,0,0,0,0,0,0,0,0,0,0,0,0,0,0,0,0,0,0,0,0,0,0,0,0,0,0,0,0,0,0,0,0,0,0,0,0,0,0,0,0,0,0,0,0,0,0,0,0,0,0,0,0,0,0,0,0,0,0,0,0,0,0,0,0,0,0,0,0,0,0,0,0,0,0,0,0,0,0,0,0,0,0,0,0,0,0,0,0,0,0,0,0,0,0,0,0,0,0,0
2010-02-01,2010,"Q1","2009/10","Q3","February",449.405673612824,940.058827739514,198.300878754122,335.651339984972,404.578095000419,490.65315412669,95.22070712005,395.43244700664,5357.31346626053,5984.21654422747,1776.70310807699,1978.75061224279,202.0475041658,4207.51343615048,13.743817216,0.089266873,44.699585,4148.98076706148,4140.03232486448,833.944795366751,227.26936532002,476.673488046731,130.001942,84.716241721,-1376.13163161269,1340.78824270863,-35.3433889040664,5806.71913987294,5806.71913987294,1482.62681285745,1111.90605610248,370.720756754969,4324.09232701549,2089.18937858104,2234.90294843445,0,-3.21930580776,0.32883814224,0.15162335,0.17721479224,0,3.54814395,0,3.54814395,79.680455514835,74.59019803576,7.63297645,7.63297645,0,66.95722158576,0.15,0,0,66.80722158576,66.80722158576,7.31761808905,4.31761808905,0,3,0.837789,-1.389571609975,28.6943623451703,27.3047907351953,76.45991371179,72.63409623179,4.491654,0,4.491654,68.14244223179,0,68.14244223179,3.82581748,-20.243897055,0,0,0,0,20.243897055,0,7.47,69.6371134250539,104.526121230066,10.57558463,10.57558463,0,93.9505366000655,0.1,0,0,93.8505366000655,93.8505366000655,4.1598321262515,4.1598321262515,0,0,0,-39.0488399312631,29.2038802553374,-9.84495967592572,49.3932163727012,34.8933569595565,0,0,0,34.8933569595565,0,34.8933569595565,14.4998594131447,0,0,0,0,0,0,0,0,0,0,0,0,0,0,0,0,0,0,0,0,0,0,0,0,0,0,0,0,0,0,0,0,0,0,0,0
2010-03-01,2010,"Q1","2009/10","Q3","March",453.184106515596,1222.46901761717,145.358175673268,435.159396063334,640.504825880564,769.28491110157,129.49429299,639.79061811157,5495.00797368399,6128.33033967247,1839.79051473856,2031.86177481411,192.07126007555,4288.53982493391,14.453870216,0.15108934225,44.9008175,4229.03404787566,4214.74099450966,837.375918788181,249.73901087384,547.633004294341,40.00390362,48.556401355,-1422.14188342166,1369.57015854601,-52.5717248756517,5948.19208161906,5948.19208161906,1492.54751543593,1107.60541248539,384.94210295054,4455.64456618313,2050.42633379004,2405.21823239309,0,-2.73189737584,0.30956662416,0.103662,0.20590462416,0,3.041464,0,3.041464,85.27875620387,72.90598349947,7.710614084,7.710614084,0,65.19536941547,0,0,0,65.19536941547,65.19536941547,4.28815283005,4.28815283005,0,0,0.837789,8.92240887435001,22.4298352260076,31.3522441003576,82.54702982803,78.76913082803,5.388297,0,5.388297,73.38083382803,0,73.38083382803,3.777899,-21.375717055,0,0,0,0,21.375717055,0,8.47,72.5025385116314,104.134045671897,11.13690218688,11.13690218688,0,92.9971434850172,0.1,0,0,92.8971434850172,92.8971434850172,4.0996709912516,4.0996709912516,0,0,0,-35.7311781515174,30.0400665184742,-5.69111163304317,51.126820223811,36.8279182059026,0,0,0,36.8279182059026,0,36.8279182059026,14.2989020179084,0,0,0,0,0,0,0,0,0,0,0,0,0,0,0,0,0,0,0,0,0,0,0,0,0,0,0,0,0,0,0,0,0,0,0,0
2010-04-01,2010,"Q2","2009/10","Q4","April",614.627504425318,1161.42807534966,139.926304078406,387.369391215303,630.685598055948,546.80057092434,144.77271725422,399.90648767012,5635.55351119127,6086.86381698261,1744.76213139978,1966.30208710022,221.53995570044,4342.10168558283,16.108337716,0.946914042,47.583747,4277.46268682483,4256.91281410983,988.110002714905,235.6785781556,561.431424559305,191,49.655824872,-1389.76448363425,1357.77643647649,-31.9880471577546,6250.18101599107,6250.18101599107,1754.95872630111,1346.05797997815,408.90074632296,4495.22228968996,2027.16017525857,2468.06211443139,0,-2.88162062885,0.19437647115,0.01983641,0.17454006115,0,3.0759971,0,3.0759971,85.743800711365,72.5219717824,6.527421731,6.527421731,0,65.9945500514,0,0,0,65.9945500514,65.9945500514,4.85518208105,4.85518208105,0,0,0.837789,9.20443584791501,22.4927470651834,31.6971829130984,82.81680220007,79.10472243007,7.423185,0,7.423185,71.68153743007,0,71.68153743007,3.71207977,-21.481307055,0,0,0,0,21.481307055,0,8.47,73.4962247652137,103.828433938689,11.05199312793,11.05199312793,0,92.7764408107589,0.1,0,0,92.6764408107589,92.6764408107589,3.7990941036516,3.7990941036516,0,0,0,-34.1313032771268,30.3755922533858,-3.75571102374101,52.0149180756313,37.402602005378,0,0,0,37.402602005378,0,37.402602005378,14.6123160702533,0,0,0,0,0,0,0,0,0,0,0,0,0,0,0,0,0,0,0,0,0,0,0,0,0,0,0,0,0,0,0,0,0,0,0,0
2010-05-01,2010,"Q2","2009/10","Q4","May",578.092628607717,1317.92589165089,144.992577248556,361.232956439081,806.71110396325,739.83326304317,239.69571895545,494.05429408772,6020.82695099469,6248.73052579675,1753.02547092534,2029.23633707492,276.21086614958,4495.70505487141,15.130035716,0.937523791,41.266391,4438.37110436441,4415.72183682241,1117.58498930323,273.6630761244,643.921913178828,200,46.243028335,-1299.24553577029,1329.9421566508,30.6966208805119,6598.91957856251,6598.91957856251,1822.45342044747,1399.58213998478,422.87128046269,4776.46615811504,2258.25542233807,2518.21073577697,0,-2.8621059238,0.2495550762,0.066658,0.1828970762,0,3.111661,0,3.111661,85.21885973596,72.3951159253647,4.379603514,4.379603514,0,68.0155124113647,0,0,0,68.0155124113647,68.0155124113647,5.07875751346,5.07875751346,0,0,0.849578183,8.59456448013527,24.1786368706542,32.7732013507895,82.35675369051,78.63868769051,6.690367,0,6.690367,71.94832069051,0,71.94832069051,3.718066,-21.589677055,0,0,0,0,21.589677055,0,8.47,74.9271109405505,106.011706440561,9.65530191881,9.65530191881,0,96.3564045217513,0.1,0,0,96.2564045217513,96.2564045217513,4.2766557859416,4.2766557859416,0,0,0,-35.3612512859524,30.2492383909312,-5.11201289502118,53.3374338856832,43.4070477303332,0,0,0,43.4070477303332,0,43.4070477303332,9.93038615535,0,0,0,0,0,0,0,0,0,0,0,0,0,0,0,0,0,0,0,0,0,0,0,0,0,0,0,0,0,0,0,0,0,0,0,0
2010-06-01,2010,"Q2","2009/10","Q4","June",601.220211809025,1339.89937435139,157.54275800339,376.553586737995,801.62145861,738.67916254236,206.77332630675,528.18963623561,6220.26988136814,6483.97594505692,1902.67843406672,2196.24582566322,293.5673915965,4581.2975109902,15.81699703,0.870248401,52.210713,4512.3995525592,4484.5790437792,1213.39645991097,295.77565777422,767.620802136746,150,55.433869736,-1421.66865386374,1383.08139460144,-38.5872592623039,6821.49009551524,6821.49009551524,1879.73463442674,1455.19989271374,424.534741713,4941.7554610885,2331.03535438678,2610.72010670172,0,-2.3513088399765,0.2678821600235,0.031584,0.2362981600235,0,2.619191,0,2.619191,93.1919573101018,69.2241283739667,1.25459656,1.25459656,0,67.9695318139668,0,0,0,67.9695318139668,67.9695318139668,4.84736815205,4.84736815205,0,0,0.837789,19.958249784085,24.1663003670589,44.1245501511439,90.8406484701253,87.1332294701253,6.142526,0,6.142526,80.9907034701253,0,80.9907034701253,3.707419,-19.680727056,0,0,0,0,19.680727056,0,6.47,75.6774364536417,109.149259458112,9.72414285966,9.72414285966,0,99.4251165984516,0.1,0,0,99.3251165984516,99.3251165984516,4.44245502494689,4.44245502494689,0,0,0,-37.9142780294167,30.5373955746062,-7.37688245481053,55.9967093963145,45.8532827250545,0,0,0,45.8532827250545,0,45.8532827250545,10.14342667126,0,0,0,0,0,0,0,0,0,0,0,0,0,0,0,0,0,0,0,0,0,0,0,0,0,0,0,0,0,0,0,0,0,0,0,0
2010-07-01,2010,"Q3","2010/11","Q1","July",412.982594092964,1234.10174528336,125.02912531429,266.482519159074,838.99610881,821.1191511904,217.1585698582,600.1435923322,6114.63127014227,6595.06186072046,1902.35238143954,2184.13682845944,281.7844470199,4692.70947928092,15.45676803,1.404775921,51.230115,4624.61782032992,4598.42413671992,946.000682913935,289.38106278923,656.619620124705,0,54.994937238,-1371.43633625412,1404.48140760986,33.0450713557365,6527.61386270999,6527.61386270999,1843.72125856079,1430.70295831573,413.01830024506,4683.8926041492,2106.11518350604,2577.77742064316,0,-2.26990753156,0.38049146844,0.065081,0.31541046844,0,2.650399,0,2.650399,88.2975293211666,71.4676617059013,1.741454098,1.741454098,0,69.7262076079013,0,0,0,69.7262076079013,69.7262076079013,4.28932375246,4.28932375246,0,0,0.843780224366028,13.3843240871713,24.0888790962375,37.4732031834088,85.9920915865266,82.3187085865266,7.508918,0,7.508918,74.8097905865266,0,74.8097905865266,3.673383,-20.786102056,0,0,0,0,20.786102056,0,7.47,78.4430112045979,111.079988552646,9.30600288054,9.30600288054,0,101.773985672106,0.1,0,0,101.673985672106,101.673985672106,3.87804754352951,3.87804754352951,0,0,0,-36.5150248915774,30.9443914260766,-5.57063346550079,57.6569091270149,47.3153229797649,0,0,0,47.3153229797649,0,47.3153229797649,10.34158614725,0,0,0,0,0,0,0,0,0,0,0,0,0,0,0,0,0,0,0,0,0,0,0,0,0,0,0,0,0,0,0,0,0,0,0,0
2010-08-01,2010,"Q3","2010/11","Q1","August",517.902458034682,1267.16343237028,131.91118826999,337.803669231293,793.727537869,749.2609743356,156.6351675546,589.222908781,6462.07464369774,6857.30246667077,2108.25559352826,2341.02868757857,232.773094050311,4749.04687314251,17.96344403,0.864768887,45.12789,4685.09077022551,4674.52684786551,1006.70168216365,333.77181051374,648.17844577991,24.75142587,56.43858592,-1345.49091921668,1421.98917686598,76.4982576493018,6979.97710173704,6979.97710173704,1979.16483030194,1471.50657540367,507.65825489827,5000.8122714351,2374.93391424123,2625.87835719387,0,-2.17841020133,0.50319779867,0.062129,0.44106879867,0,2.681608,0,2.681608,89.1363449028466,73.0736392253907,1.749235244,1.749235244,0,71.3244039813907,0,0,0,71.3244039813907,71.3244039813907,5.28600810846,5.28600810846,0,0,0.849771448,11.6264690169959,24.0781006083282,35.7045696253241,86.9579354526866,83.2741874526866,5.948215,0,5.948215,77.3259724526866,0,77.3259724526866,3.683748,-20.873752055,0,0,0,0,20.873752055,0,7.47,80.0829375370075,111.693925761977,6.6103547926,6.6103547926,0,105.083570969377,0.1,0,0,104.983570969377,104.983570969377,4.31780920239101,4.31780920239101,0,0,0,-35.928797427361,31.4445359398802,-4.48426148748076,59.2091854821889,48.7652078858595,0,0,0,48.7652078858595,0,48.7652078858595,10.4439775963293,0,0,0,0,0,0,0,0,0,0,0,0,0,0,0,0,0,0,0,0,0,0,0,0,0,0,0,0,0,0,0,0,0,0,0,0
2010-09-01,2010,"Q3","2010/11","Q1","September",490.71072832597,1229.50734633202,115.71498922125,422.879174041771,687.718917069,738.79661800605,172.04541880945,565.6074821966,6650.66563437716,7076.94159721937,2219.00438971174,2422.02208858326,203.01769887152,4857.93720750763,17.90775703,1.020060947,31.515253,4807.49413653063,4793.02988194063,1061.53419486216,323.834161966,737.700032896157,0,62.623280222,-1425.18687748237,1434.65803583882,9.47115835645118,7141.37636492309,7141.37636492309,2024.97889906128,1516.82869984401,508.15019921727,5116.39746586181,2373.95151574443,2742.44595011738,0,-1.31474755434,0.88468444566,0.125765,0.75891944566,0,2.199432,0,2.199432,93.73894841005,75.35358774243,1.756765386,1.756765386,0,73.59682235643,0,0,0,73.59682235643,73.59682235643,5.17917120405,5.17917120405,0,0,0.855568672,14.06175813557,25.2747918234009,39.3365499589709,92.42420185571,88.77486685571,5.974818,0,5.974818,82.80004885571,0,82.80004885571,3.649335,-12.2426692,0,0,0,0,12.2426692,0,7.47,74.4433935789825,109.611893798152,1.436344055,1.436344055,0,108.175549743152,0.1,0,0,108.075549743152,108.075549743152,4.394741556275,4.394741556275,0,0,0,-39.5632417754442,40.4590763485681,0.895834573123861,62.2007243759257,51.5737677002117,0,0,0,51.5737677002117,0,51.5737677002117,10.626956675714,0,0,0,0,0,0,0,0,0,0,0,0,0,0,0,0,0,0,0,0,0,0,0,0,0,0,0,0,0,0,0,0,0,0,0,0
2010-10-01,2010,"Q4","2010/11","Q2","October",442.66239473671,1080.92091257381,130.0081780983,441.93789119751,505.475160278,638.2585178371,106.2578331653,531.1255136718,6807.818535534,7418.58056042293,2294.0787457689,2527.70276635852,233.62402058962,5124.50181465403,18.89832515,1.070053947,31.451018,5073.08241755703,5057.98690452703,1045.02055332573,276.279737438,768.740815887732,0,192.446220741,-1463.33635747366,1450.95000133906,-12.3863561345954,7250.48092875822,7250.48092875822,2070.80218315441,1518.06516547635,552.73701767806,5179.67874560381,2405.80237487843,2773.87637072538,0,-3.11013425365527,0.824530746344728,0.070796,0.753734746344728,0,3.934665,0,3.934665,102.176786846275,77.11241271861,1.764546532,1.764546532,0,75.34786618661,0,0,0,75.34786618661,75.34786618661,4.54037769805,4.54037769805,0,0,0.843780224,21.3677766536153,26.1904095294966,47.5581861831119,99.06932559262,95.48400059262,7.217158,0,7.217158,88.26684259262,0,88.26684259262,3.585325,-7.9329692,0,0,0,0,7.9329692,0,3,71.5496246461811,114.16141611513,1.436344055,1.436344055,0,112.72507206013,0.1,0,0,112.62507206013,112.62507206013,4.05398235838158,4.05398235838158,0,0,0,-46.6657738273308,40.7429927538912,-5.92278107343967,63.6166554098062,52.9929317551062,0,0,0,52.9929317551062,0,52.9929317551062,10.6237236547,0,0,0,0,0,0,0,0,0,0,0,0,0,0,0,0,0,0,0,0,0,0,0,0,0,0,0,0,0,0,0,0,0,0,0,0
2010-11-01,2010,"Q4","2010/11","Q2","November",601.318044495123,1223.41943605856,130.49848895285,440.514461355713,648.99640075,622.10139156344,105.42644301709,515.73660154635,7080.17224413159,7499.11400534164,2207.49205302952,2461.10304557608,253.61099254656,5291.62195231212,20.79999246,0.961161,43.4062549,5226.45454395212,5218.23015795212,1152.52662293877,298.133720382,794.387542556766,60.00536,63.961780353,-1507.50660379582,1473.51241180464,-33.9941919911814,7681.49028873789,7681.49028873789,2153.33269067808,1588.88502707808,564.4476636,5528.15759805981,2724.48462506843,2803.67297299138,0,-3.06568995182847,0.913137048171529,0.076415,0.836722048171529,0,3.978827,0,3.978827,108.26184160068,82.40418225896,3.705262772,3.705262772,0,78.69891948696,0,0,0,78.69891948696,78.69891948696,6.32265669005,6.32265669005,0,0,0.849578183,20.38458083467,26.6993265294185,47.0839073640885,105.196152648852,101.678945648852,10.074234,0,10.074234,91.6047116488515,0,91.6047116488515,3.517207,-7.1513692,0,0,0,0,7.1513692,0,2,74.6827416903697,119.4925016146,1.436344055,1.436344055,0,118.0561575596,0.1,0,0,117.9561575596,117.9561575596,4.58349621138242,4.58349621138242,0,0,0,-49.3932561356127,41.0731750332255,-8.32008110238723,67.5313724925573,56.1375596923073,0,0,0,56.1375596923073,0,56.1375596923073,11.39381280025,0,0,0,0,0,0,0,0,0,0,0,0,0,0,0,0,0,0,0,0,0,0,0,0,0,0,0,0,0,0,0,0,0,0,0,0
2010-12-01,2010,"Q4","2010/11","Q2","December",398.693445840819,1191.2718098059,150.81649644615,430.583193599748,607.65275076,792.57836396508,172.77939760258,619.0242233625,7206.12036917417,7779.06335545708,2291.02984504595,2532.46789074198,241.43804569603,5488.03351041113,20.1203776,1.185575,28.900464,5437.82709381113,5430.15124387113,1109.76542869684,322.088886773,787.676541923836,0,161.464619887,-1521.24379509275,1513.64751100756,-7.59628408518911,7604.81381567113,7604.81381567113,2137.05138581982,1537.07378969103,599.977596128797,5467.76242985131,2611.45805307343,2856.30437677788,0,-2.77889768301315,0.848636316986848,0.059222,0.789414316986848,0,3.627534,0,3.627534,112.113571066895,87.03396490413,5.745784223,5.745784223,0,81.28818068113,0,0,0,81.28818068113,81.28818068113,6.01922174305,6.01922174305,0,0,0.837789,19.898173419715,28.2579595354178,48.1561329551328,109.334677383882,105.914594383882,9.722327,0,9.722327,96.1922673838819,0,96.1922673838819,3.420083,-19.4044392,0,0,0,0,19.4044392,0,5.3,94.455555748053,122.817885936684,2.4,2.4,0,120.417885936684,0.1,0,0,120.317885936684,120.317885936684,4.93004202451242,4.93004202451242,0,0,0,-33.2923722131435,32.0059203217526,-1.2864518913909,75.0511165433025,62.9466682503325,0,0,0,62.9466682503325,0,62.9466682503325,12.10444829297,0,0,0,0,0,0,0,0,0,0,0,0,0,0,0,0,0,0,0,0,0,0,0,0,0,0,0,0,0,0,0,0,0,0,0,0
2011-01-01,2011,"Q1","2010/11","Q3","January",681.14277484164,1378.43844131379,165.007622,487.80553924879,723.425044065,697.29566647215,103.1006580963,592.58897137585,6867.58819973105,7773.87486586811,2187.95944671096,2397.20211821961,209.24267150865,5585.91541915715,22.4259666,1.167231,39.87602183,5522.44619972715,5513.67006725415,1125.44451882678,305.500492693,819.944026133783,0,422.214369034,-1609.51681592984,1547.05481827581,-62.4619976540329,7548.73097763102,7548.73097763102,2233.74333186021,1620.22308818829,613.520243671911,5314.98764577081,2479.38448720343,2835.60315856738,0,-2.67055432989,0.99795067011,0.140825,0.85712567011,0,3.668505,0,3.668505,109.872378561481,89.06846116218,5.78473675,5.78473675,0,83.28372441218,0,0,0,83.28372441218,83.28372441218,4.87117240805,4.87117240805,0,0,0.843780224,16.7765252152507,28.7982170813906,45.5747422966414,107.201825231591,103.769429231591,6.913404,0,6.913404,96.8560252315907,0,96.8560252315907,3.432396,-21.868655867,0,0,0,0,21.868655867,0,7.466666667,94.9755108422407,120.365102622468,1.44288,1.44288,0,118.922222622468,0.1,0,0,118.822222622468,118.822222622468,4.6027436669588,4.6027436669588,0,0,0,-29.9923354471857,32.6960518713309,2.70371642414519,73.1068549800651,61.0136131842551,0,0,0,61.0136131842551,0,61.0136131842551,12.09324179581,0,0,0,0,0,0,0,0,0,0,0,0,0,0,0,0,0,0,0,0,0,0,0,0,0,0,0,0,0,0,0,0,0,0,0,0
2011-02-01,2011,"Q1","2010/11","Q3","February",716.265071905041,1316.67115361069,174.10000741,523.723570920691,616.70782528,600.40608170565,105.59534153815,493.3188331675,7075.53559530334,8060.16404668562,2313.63870650834,2550.06370717051,236.42500066217,5746.52534017728,24.4764096,1.153525,28.67746115,5692.21794442728,5683.25435787728,1027.67219707217,350.510324554,677.161872518172,0,339.565225463,-1672.73542299146,1634.59431404978,-38.1411089416768,7791.80066688024,7791.80066688024,2225.76399740543,1608.960690474,616.803306931424,5566.03666947481,2739.47069287943,2826.56597659538,0,-2.55282565508421,1.15518734491579,0.097423,1.05776434491579,0,3.708013,0,3.708013,107.30609275528,89.95086400442,5.019519174,5.019519174,0,84.93134483042,0,0,0,84.93134483042,84.93134483042,5.33644606505,5.33644606505,0,0,0.849191653,12.8679743388102,28.7755803796826,41.6435547184928,104.753266100196,101.328935100196,10.605998,0,10.605998,90.722937100196,0,90.722937100196,3.424331,-21.868655863,0,0,0,0,21.868655863,0,7.466666663,94.7958278592638,120.899621968999,2.397514658,2.397514658,0,118.502107310999,0.1,0,0,118.402107310999,118.402107310999,5.70657204296092,5.70657204296092,0,0,0,-31.8103661526958,33.3624206566106,1.55205450391479,72.9271719938723,60.6649990015823,0,0,0,60.6649990015823,0,60.6649990015823,12.26217299229,0,0,0,0,0,0,0,0,0,0,0,0,0,0,0,0,0,0,0,0,0,0,0,0,0,0,0,0,0,0,0,0,0,0,0,0
2011-03-01,2011,"Q1","2010/11","Q3","March",610.982737831834,1256.22941204983,154.8075216442,867.172886955634,231.72142245,645.246674218,132.931240363,511.003831855,7318.72869120977,8236.82296923238,2369.94541121965,2574.96096613137,205.01555491172,5866.87755801273,24.85001219,1.043935,40.244833,5800.73877782273,5792.62701439273,1023.28214604989,302.485349081,720.796796968892,0,222.360646402,-1719.0157776705,1679.81642979944,-39.1993478710639,7929.71142860932,7929.71142860932,2328.96153461351,1684.99653907191,643.9649955416,5600.74989399581,2650.17230069843,2950.57759329738,0,-1.976115515358,1.375377484642,0.18127,1.194107484642,0,3.351493,0,3.351493,115.34469627645,92.10804073635,5.055368907,5.055368907,0,87.05267182935,0,0,0,87.05267182935,87.05267182935,5.96581472305,5.96581472305,0,0,0.837789,18.10862981705,31.0151127471064,49.1237425641563,113.368580761092,109.965124761092,11.45732,0,11.45732,98.507804761092,0,98.507804761092,3.403456,-22.029873166,0,0,0,0,22.029873166,0,7.186363966,98.230389983797,122.8702600518,2.397514658,2.397514658,0,120.4727453938,0.1,0,0,120.3727453938,120.3727453938,5.18786707151092,5.18786707151092,0,0,0,-29.8277371395142,34.0849773582571,4.25724021874294,76.2005168273732,63.6249441351929,0,0,0,63.6249441351929,0,63.6249441351929,12.5755726921804,0,0,0,0,0,0,0,0,0,0,0,0,0,0,0,0,0,0,0,0,0,0,0,0,0,0,0,0,0,0,0,0,0,0,0,0
2011-04-01,2011,"Q2","2010/11","Q4","April",624.799055207825,1268.54977443963,160.07162444665,889.132402644975,216.829579348,643.7507192318,241.2623321042,401.1312041276,7220.7438672794,8263.79684841565,2312.6605329021,2543.0429719327,230.3824390306,5951.13631551355,25.61458762,1.024984,38.222486,5886.27425789355,5877.97568951355,1056.91557218822,292.288809729,764.62676245922,0,211.949101504,-1888.01945182047,1688.83203063079,-199.187421189683,7845.54292159733,7845.54292159733,2272.49565592452,1628.53455934324,643.961096581286,5573.04726567281,2603.20658303443,2969.84068263838,0,-1.85952940782,1.52906459218,0.240229,1.28883559218,0,3.388594,0,3.388594,113.38279254142,93.69895952151,5.0935891515,5.0935891515,0,88.60537037001,0,0,0,88.60537037001,88.60537037001,4.71730089805,4.71730089805,0,0,0.843586958942466,15.8101190808025,31.3962637902932,47.2063828710957,111.5232641336,108.1307501336,9.385856,0,9.385856,98.7448941336,0,98.7448941336,3.392514,-22.312203166,0,0,0,0,22.312203166,0,7.186363966,99.2171800322737,126.049635107037,2.397514658,2.397514658,0,123.652120449037,0.1,0,0,123.552120449037,123.552120449037,5.50491135501093,5.50491135501093,0,0,0,-32.337366429774,34.7515944005813,2.41422797080735,76.9049768720261,64.1572957541851,0,0,0,64.1572957541851,0,64.1572957541851,12.747681117841,0,0,0,0,0,0,0,0,0,0,0,0,0,0,0,0,0,0,0,0,0,0,0,0,0,0,0,0,0,0,0,0,0,0,0,0
2011-05-01,2011,"Q2","2010/11","Q4","May",416.558414080267,1033.45236336197,148.43593842265,628.010684185317,254.697034754,616.8939492817,213.3702755666,402.1840797151,7660.14064171805,8407.43193805928,2229.31381552773,2477.59005388825,248.27623836052,6178.11812253155,28.19334363,1.005481,38.085772,6110.83352590155,6102.50646871155,1026.98113625351,336.213249401,690.76788685251,0,53.265380845,-1721.00705174974,1723.67022422354,2.66317247380563,8076.69905724421,8076.69905724421,2304.64579245714,1632.03594040391,672.609852053232,5772.05326478707,2785.05951144442,2986.99375334265,0,-2.66349126368,0.76283073632,0.28219,0.48064073632,0,3.426322,0,3.426322,113.28465916815,95.89551185537,5.133215651,5.133215651,0,90.76229620437,0,0,0,90.76229620437,90.76229620437,6.55240444405,6.55240444405,0,0,0.849578183,11.68632105173,31.5488490867883,43.2351701385183,110.62116890447,107.27740690447,8.817587,0,8.817587,98.45981990447,0,98.45981990447,3.343762,-20.089271197,0,0,0,0,20.089271197,0,7.18636397,99.2079996007383,133.746586886084,4.18658059207,4.18658059207,0,129.560006294014,0.1,0,0,129.460006294014,129.460006294014,5.12311854901093,5.12311854901093,0,0,0,-39.6617058343569,34.8319685032039,-4.82973733115295,79.1187284050094,66.2363655878478,0,0,0,66.2363655878478,0,66.2363655878478,12.8823628171616,0,0,0,0,0,0,0,0,0,0,0,0,0,0,0,0,0,0,0,0,0,0,0,0,0,0,0,0,0,0,0,0,0,0,0,0
2011-06-01,2011,"Q2","2010/11","Q4","June",513.455556627688,1187.17137080069,186.4802569851,734.233092535588,254.16299028,673.715814173,249.83128594,415.021811233,7955.00296042548,8803.92565127026,2241.77200045851,2498.20086036802,256.42885990951,6562.15365081175,29.934626243,0.905061,38.448224,6492.86573956875,6476.22717004875,1121.78526770322,290.178051554,759.084847149224,72.522369,152.579558565,-1818.128399983,1676.31781741357,-141.810582569433,8468.45851799106,8468.45851799106,2476.53536094492,1726.475070969,750.060289975919,5991.92315704614,2802.91611827043,3189.00703877571,0,-6.29542544794,0.89253055206,0.149364,0.74316655206,0,7.187956,0,7.187956,126.27092289661,100.64122785197,7.176759009,7.176759009,0,93.46446884297,0,0,0,93.46446884297,93.46446884297,6.21111344805,6.21111344805,0,0,0.785427187,20.2040087835899,32.2513209760921,52.455329759682,119.97549941819,116.67664441819,9.431702,0,9.431702,107.24494241819,0,107.24494241819,3.298855,-16.008992375,0,0,0,0,16.008992375,0,6.906060939,98.376067197867,137.835849876459,4.2047124602,4.2047124602,0,133.631137416259,0.1,0,0,133.531137416259,133.531137416259,5.34574700901093,5.34574700901093,0,0,0,-44.8055296876027,44.3647109058342,-0.4408187817685,82.3670748154436,69.1679662754371,0,0,0,69.1679662754371,0,69.1679662754371,13.1991085400065,0,0,0,0,0,0,0,0,0,0,0,0,0,0,0,0,0,0,0,0,0,0,0,0,0,0,0,0,0,0,0,0,0,0,0,0
2011-07-01,2011,"Q3","2011/12","Q1","July",560.932261025312,1179.93776235231,193.3526223818,657.416948290513,321.41503568,619.005501327,176.300526428,438.322061899,7844.41473947286,8866.20182349664,2268.94663474655,2454.64540451706,185.69876977051,6597.25518875009,30.16184164,0.882493,36.930954019,6529.27990009109,6515.88338592109,1143.26619281765,295.229425195,798.033053622645,50.003714,412.172654018,-1752.88062282343,1703.92855949649,-48.9520633269403,8405.34700151277,8405.34700151277,2498.33392816296,1749.01366551964,749.32026264332,5907.01307334981,2541.60181963443,3365.41125371538,0,-6.21693218845,1.06216181155,0.160192,0.90196981155,0,7.279094,0,7.279094,119.48821101281,104.16793506696,7.242344501,7.242344501,0,96.92559056596,0,0,0,96.92559056596,96.92559056596,5.15308664405,5.15308664405,0,0,0.79104396,10.9582332618,32.2480062009777,43.2062394627777,113.27128082436,110.02138082436,8.680626,0,8.680626,101.34075482436,0,101.34075482436,3.2499,-22.116812375,0,0,0,0,22.116812375,0,6.906060939,105.343542408431,141.627494480958,4.18806086494,4.18806086494,0,137.439433616018,0.1,0,0,137.339433616018,137.339433616018,5.32441855901093,5.32441855901093,0,0,0,-41.6083706315382,45.4967425173856,3.88837188584747,83.2267301713696,69.8551166557056,0,0,0,69.8551166557056,0,69.8551166557056,13.371613515664,0,0,0,0,0,0,0,0,0,0,0,0,0,0,0,0,0,0,0,0,0,0,0,0,0,0,0,0,0,0,0,0,0,0,0,0
2011-08-01,2011,"Q3","2011/12","Q1","August",851.071316238478,1638.24225469124,232.53636394105,1070.63931522019,323.15601553,787.170938452766,290.4730273006,487.251930152166,7849.39928816554,8897.44265094175,2025.53563040526,2230.41541796886,204.8797875636,6871.90702053649,27.26806464,1.31349,38.07017509,6805.25529080649,6785.86131348649,1143.24333533903,319.58804811,823.655287229032,0,323.578968747,-1867.70772936824,1744.05339273845,-123.654336629789,8700.47120423371,8700.47120423371,2874.97661639798,2021.90480800742,853.071808390558,5825.49458783573,2672.92670909123,3152.5678787445,0,-6.57713254402,0.79310045598,0.458297,0.33480345598,0,7.370233,0,7.370233,123.95656595663,106.90559847532,7.307929625,7.307929625,0,99.59766885032,0,0,0,99.59766885032,99.59766885032,5.33561525105,5.33561525105,0,0,0.796660733,12.51201296326,33.1604001002175,45.6724130634775,117.37943341261,114.11992341261,8.23485,0,8.23485,105.88507341261,0,105.88507341261,3.25951,-22.078015945,0,0,0,0,22.078015945,0,18.806484509,107.626663166522,153.118948519313,9.68891747068,9.68891747068,0,143.430031048633,0.1,0,0,143.330031048633,143.330031048633,5.71587819701093,5.71587819701093,0,0,0,-51.2081635498022,48.3500483993877,-2.85811515041446,85.5486472101333,71.7740176947168,0,0,0,71.7740176947168,0,71.7740176947168,13.7746295154165,0,0,0,0,0,0,0,0,0,0,0,0,0,0,0,0,0,0,0,0,0,0,0,0,0,0,0,0,0,0,0,0,0,0,0,0
2011-09-01,2011,"Q3","2011/12","Q1","September",689.62569750969,1506.10866806769,196.9735145037,885.54792385399,410.90603771,816.482970558,209.5574290892,601.5476694688,7937.79872348952,9027.14033736961,1924.91876876226,2158.56655615966,233.6477873974,7102.22156860735,26.13064903,0.80778555,37.99324224,7037.28989178735,7022.60654989735,1115.43802190028,322.918684418,792.518087482283,0.00125,327.066193069,-1877.71344271137,1793.04862328977,-84.6648194216022,8627.42442250543,8627.42442250543,2934.17741146042,2085.59132077444,848.586090685978,5693.24701104501,2569.88982862543,3123.35718241958,0,-6.4621207977,0.4185612023,0.077955,0.3406062023,0,6.880682,0,6.880682,123.00020756213,110.105145722154,7.37139910087396,7.37139910087396,0,102.73374662128,0,0,0,102.73374662128,102.73374662128,5.66870779605,5.66870779605,0,0,0.785427187,8.01178123092608,33.7256905388897,41.7374717698158,116.53808676443,113.11261876443,8.787854,0,8.787854,104.32476476443,0,104.32476476443,3.425468,-24.305512914,0,0,0,0,24.305512914,0,18.526181478,111.33139636047,156.963306969984,7.82886933881,7.82886933881,0,149.134437631174,0.385824647,0,0,148.748612984174,148.748612984174,6.61482302052594,6.61482302052594,0,0,0,-52.2467336300402,49.2559783450427,-2.99075528499743,87.0258834379306,73.1434843304288,0,0,0,73.1434843304288,0,73.1434843304288,13.8823991075018,-5.00982123698529,0,0,0,0,5.00982123698529,0,0,57.2624126377271,77.2839638728571,0,0,0,77.2839638728571,0.298315858571429,0,0,76.9856480142857,76.9827908714286,4.28465707,4.28465707,0,0,0,-24.30620830513,33.8093077930286,9.50309948789857,52.2525914007419,45.5933303478847,0,0,0,45.5933303478847,0,45.5933303478847,6.65926105285714
2011-10-01,2011,"Q4","2011/12","Q2","October",500.950220061624,1462.85996448612,155.1653237068,833.375069719324,469.50899906,961.9097444245,286.3606208415,660.947679583,7931.6816543782,8806.61312530261,1800.50090898932,2028.86285774257,228.36194875325,7006.11221631329,25.2143406,3.44367267,40.76110373,6936.69309931329,6916.54081931329,1258.50397490945,314.938907161,843.532655748449,100.032412,186.845987438,-1946.58945839587,1821.69408209413,-124.895376301734,8432.63187145788,8432.63187145788,2737.20963436207,1940.09877451242,797.110859849649,5695.42223709581,2648.15218150643,3047.27005558938,0,-6.37864455734,0.58726844266,0.085687,0.50158144266,0,6.965913,0,6.965913,129.3630060652,113.01878544984,7.436984225,7.436984225,0,105.58180122484,0,0,0,105.58180122484,105.58180122484,5.36816191205,5.36816191205,0,0,0.79104396,11.76710266331,33.6085155628799,45.3756182261899,122.98436250786,119.47430850786,8.028179,0,8.028179,111.44612950786,0,111.44612950786,3.510054,-27.33043282,0,0,0,0,27.33043282,0,21.035791384,114.729629277518,169.345005855214,7.84700120694,7.84700120694,0,161.498004648274,0.517640136,0,0,160.980364512274,160.980364512274,7.19716647852591,7.19716647852591,0,0,0,-61.8125430562218,54.2456215482092,-7.5669215080126,87.3991964272351,73.2891975673497,0,0,0,73.2891975673497,0,73.2891975673497,14.1099988598854,-5.00982123698529,0,0,0,0,5.00982123698529,0,0,57.2624126377271,77.2839638728571,0,0,0,77.2839638728571,0.298315858571429,0,0,76.9856480142857,76.9827908714286,4.28465707,4.28465707,0,0,0,-24.30620830513,33.8093077930286,9.50309948789857,52.2525914007419,45.5933303478847,0,0,0,45.5933303478847,0,45.5933303478847,6.65926105285714
2011-11-01,2011,"Q4","2011/12","Q2","November",560.393897698439,1455.52426422277,168.3301397685,776.625002694271,506.64535176,895.130366524331,243.068304181731,640.7257643426,7847.35215329881,8906.90371595602,1831.71329166827,2029.47077120464,197.757479536373,7075.19042428775,26.7372624,3.2487766,43.155875334,7002.04850995375,6985.53556595375,1187.42579942277,345.32294244847,842.090056974299,0.0128,180.498684267,-2066.47867781298,1888.55665576407,-177.922022048913,8407.74605032699,8407.74605032699,2782.8705401754,1824.32933605433,958.54120412107,5624.87551015159,2556.8934012682,3067.98210888339,0,-6.44678809892,0.61776590108,0.075258,0.54250790108,0,7.064554,0,7.064554,124.47067283425,117.653530328517,9.71818582221703,9.71818582221703,0,107.9353445063,0,0,0,107.9353445063,107.9353445063,6.09649013205,6.09649013205,0,0,0.796479547,1.51713192068298,35.4171985595291,36.9343304802121,118.02388773533,114.36163373533,7.30016,0,7.30016,107.06147373533,0,107.06147373533,3.662254,-27.944982822,0,0,0,0,27.944982822,0,21.035791386,117.331872755973,176.825462648611,7.39596902807,7.39596902807,0,169.429493620541,0.466788536,0,0,168.962705084541,168.962705084541,7.15848538100575,7.15848538100575,0,0,0,-66.6520752736437,55.019280130879,-11.6327951427646,89.3868899419521,75.4273262608781,0,0,0,75.4273262608781,0,75.4273262608781,13.959563681074,-5.00982123698529,0,0,0,0,5.00982123698529,0,0,57.2624126377271,77.2839638728571,0,0,0,77.2839638728571,0.298315858571429,0,0,76.9856480142857,76.9827908714286,4.28465707,4.28465707,0,0,0,-24.30620830513,33.8093077930286,9.50309948789857,52.2525914007419,45.5933303478847,0,0,0,45.5933303478847,0,45.5933303478847,6.65926105285714
2011-12-01,2011,"Q4","2011/12","Q2","December",631.701410300258,1413.67640465926,187.675763168,781.826300461258,439.93828603,781.974994359,176.6480751734,604.2728751856,7643.59932863017,8816.67965391658,1811.22862874385,2073.50306229265,262.2744335488,7005.45102517273,26.17954094,0.68310067,42.862038098,6935.72634546473,6927.88179246473,1231.14022407614,395.331768107,835.793455969136,0.015,318.937743723,-2085.28280563954,1930.0715117994,-155.21129384014,8275.30073852492,8275.30073852492,2776.44419232531,1800.26850363087,976.175688694439,5498.85654619961,2468.29953251043,3030.55701368918,0,-5.93477186877,0.32488213123,0.111903,0.21297913123,0,6.259654,0,6.259654,129.55268721806,118.81575662075,10.407953049,10.407953049,0,108.40780357175,0,0,0,108.40780357175,108.40780357175,6.66642384005,6.61429884005,0,0.052125,0.7319541,4.80246085725996,37.8599160518925,42.6623769091525,123.61791634929,119.97465234929,11.490715,0,11.490715,108.48393734929,0,108.48393734929,3.643264,-32.193539789,0,0,0,0,32.193539789,0,25.284348353,122.421789273949,179.325844388763,7.41470529181,7.41470529181,0,171.911139096953,0.52533015,0,0,171.385808946953,171.385808946953,6.88808839457403,6.88808839457403,0,0,0,-63.7921435093878,54.7703368162937,-9.02180669309414,90.2282494534518,76.7535083749368,0,0,0,76.7535083749368,0,76.7535083749368,13.474741078515,-9.31127439,0,0,0,0,9.31127439,0,0,102.279890018571,140.819307635714,0,0,0,140.819307635714,0.665558357142857,0,0,140.153749278571,140.148148135714,4.36501283,4.36501283,0,0,0,-42.9044304471429,57.0154040042857,14.1109735571429,92.9686156285714,69.8483427385714,0,0,0,69.8483427385714,0,69.8483427385714,23.12027289
2012-01-01,2012,"Q1","2011/12","Q3","January",236.232364181817,1116.29385482542,159.030003720129,669.064465445293,282.84983266,880.061490643605,228.083184767405,646.1785568762,7663.77601599555,8808.69599505925,1921.12093060967,2117.41590507397,196.2949744643,6887.57506444958,24.74360594,0.667458126,38.68366508923,6823.48033529435,6811.80811729435,1323.52555407211,357.8149078348,965.694141237306,0.016505,269.136570969005,-2199.3089621668,2008.65950087543,-190.64946129137,7900.00838171636,7900.00838171636,2569.04521491988,1669.53116221713,899.514052702757,5330.96316679648,2456.40277479012,2874.56039200636,0,-6.13968022106,0.20229277894,0.063984,0.13830877894,0,6.341973,0,6.341973,125.97921718501,118.47641396543,10.579330528,10.579330528,0,107.89708343743,0,0,0,107.89708343743,107.89708343743,3.91758073805,3.86545673805,0,0.052124,0.738307696,4.32353017753,38.3928525255411,42.7163827030711,119.83953796395,116.14710096395,8.794237,0,8.794237,107.35286396395,0,107.35286396395,3.692437,-32.718412084,0,0,0,0,32.718412084,0,25.284348353,122.988228876122,187.445618403868,6.49511346255,6.49511346255,0,180.950504941318,11.68119609093,0,0,169.269308850388,169.269308850388,7.7227434549775,7.7227434549775,0,0,0,-72.1801329827235,55.4681595634396,-16.711973419284,90.2698168600644,77.2603232910651,0,0,0,77.2603232910651,0,77.2603232910651,13.0094935689993,-9.31127439,0,0,0,0,9.31127439,0,0,102.279890018571,140.819307635714,0,0,0,140.819307635714,0.665558357142857,0,0,140.153749278571,140.148148135714,4.36501283,4.36501283,0,0,0,-42.9044304471429,57.0154040042857,14.1109735571429,92.9686156285714,69.8483427385714,0,0,0,69.8483427385714,0,69.8483427385714,23.12027289
2012-02-01,2012,"Q1","2011/12","Q3","February",384.437306245637,1195.49534868569,138.150846938166,798.007151707521,253.62360704,811.05804244005,231.0250813873,578.05963405275,7869.00733619226,9010.05444777793,2092.64393998692,2307.00963798627,214.36569799935,6917.41050779101,29.04055264,0.489614002,38.391292636,6849.48904851301,6842.12376751301,1225.084539648,289.19124236827,785.766417085729,150.126880194,101.136446006,-2264.99520522767,2080.10426692674,-184.890938300929,8253.4446425669,8253.4446425669,2555.8606977445,1603.91447369735,951.946224047152,5697.5839448224,2714.08653810864,2983.49740671376,0,-5.70627722538,0.63569577462,0.300008,0.33568777462,0,6.341973,0,6.341973,122.64093732688,117.94025701209,10.7396512,10.7396512,0,107.20060581209,0,0,0,107.20060581209,107.20060581209,6.04542781955,5.99330381955,0,0.052124,0.743211803,-0.601535701760007,38.7385489305942,38.1370132288342,116.9346611015,113.2422241015,9.271751,0,9.271751,103.9704731015,0,103.9704731015,3.692437,-32.913621365,0,0,0,0,32.913621365,0,25.162565634,122.791829612692,186.591737326704,3.83868593508,3.83868593508,0,182.753051391624,13.10906060733,0,0,169.643990784294,169.643990784294,7.845949921084,7.845949921084,0,0,0,-71.6458576350961,56.6373407700661,-15.00851686503,89.8782083151346,77.2381111219493,0,0,0,77.2381111219493,0,77.2381111219493,12.6400971931853,-9.31127439,0,0,0,0,9.31127439,0,0,102.279890018571,140.819307635714,0,0,0,140.819307635714,0.665558357142857,0,0,140.153749278571,140.148148135714,4.36501283,4.36501283,0,0,0,-42.9044304471429,57.0154040042857,14.1109735571429,92.9686156285714,69.8483427385714,0,0,0,69.8483427385714,0,69.8483427385714,23.12027289
2012-03-01,2012,"Q1","2011/12","Q3","March",639.424946953977,1650.6899171577,152.328913119291,973.098378298408,518.65902274,1011.26497020372,190.3921056599,818.772661543822,7948.40344773237,9226.73676987186,2100.66877999085,2327.04953755219,226.38075756134,7126.06798988101,28.222093,0.360317003,41.190345355,7056.29523452301,7047.28728794301,1172.94357658112,259.10133192099,913.840869660125,0.001375,154.907983132,-2296.3689155886,2114.96097115843,-181.407944430167,8587.83055152841,8587.83055152841,2876.34496064148,1843.62530189698,1032.71965874451,5711.48559088693,2682.4496936867,3029.03589720023,0,-4.66973445147,0.72553254853,0.09629,0.62924254853,0,5.395267,0,5.395267,121.95040260746,120.04788995704,10.91102847,10.91102847,0,109.13686148704,0,0,0,109.13686148704,109.13686148704,5.72679158307,5.67303758307,0,0.053754,0.733065375,-3.09121355765001,38.7146116834288,35.6233981257788,117.28067015599,113.51999415599,9.418752,0,9.418752,104.10124215599,0,104.10124215599,3.760676,-34.923228808,0,0,0,0,34.923228808,0,26.882262604,125.161086938938,175.24187220985,3.85742219882,3.85742219882,0,171.38445001103,0.05,0,0,171.33445001103,171.33445001103,6.8164982560806,6.8164982560806,0,0,0,-56.8972835269924,56.864497607994,-0.0327859189984592,90.2378581412422,77.5979620887174,0,0,0,77.5979620887174,0,77.5979620887174,12.6398960525248,-6.47189940129443,0,0,0,0,6.47189940129443,0,0,61.7035973368456,87.6909957357143,0,0,0,87.6909957357143,0.338088905714286,0,0,87.35290683,87.3473056871428,4.14228565142857,4.14228565142857,0,0,0,-30.1296840502973,38.2778245385156,8.14814048821829,55.2316979355511,47.4200226402654,0,0,0,47.4200226402654,0,47.4200226402654,7.81167529528571
2012-04-01,2012,"Q2","2011/12","Q4","April",609.210905316058,1608.5321305734,131.689976362903,1154.6103103685,315.404241842,999.321225257344,128.879326004344,868.572282253,7874.82279520061,9258.4775279221,2107.48599916625,2333.88227037213,226.39627120588,7150.99152875585,29.30887,0.339749612,38.546436936,7082.79647220785,7074.98768345785,1112.33955834555,280.81978347916,831.519774866394,0,135.109214709,-2360.88507635804,2146.6201681144,-214.264908243643,8484.03404844947,8484.03404844947,2886.94040476382,1805.82912461847,1081.11128014535,5597.09364368565,2630.35255452243,2966.74108916322,0,-4.536781943,0.922590057,0.185872,0.736718057,0,5.459372,0,5.459372,122.14497258697,120.20265218072,11.232572839,11.232572839,0,108.97007934172,0,0,0,108.97007934172,108.97007934172,5.62791369405,5.57415969405,0,0.053754,0.738138589,-2.94745469880002,40.6466452506802,37.6991905518801,117.60819264397,113.83527664397,9.189806,0,9.189806,104.64547064397,0,104.64547064397,3.772916,-34.923228808,0,0,0,0,34.923228808,0,26.882262604,125.045221911715,176.441642400343,3.85742219882,3.85742219882,0,172.584220201523,0.05,0,0,172.534220201523,172.534220201523,7.61845569265409,7.61845569265409,0,0,0,-59.0148761812822,57.8525087753426,-1.16236740593961,90.1219930964827,77.4782828592729,0,0,0,77.4782828592729,0,77.4782828592729,12.6437102372098,-6.47189940129443,0,0,0,0,6.47189940129443,0,0,61.7035973368456,87.6909957357143,0,0,0,87.6909957357143,0.338088905714286,0,0,87.35290683,87.3473056871428,4.14228565142857,4.14228565142857,0,0,0,-30.1296840502973,38.2778245385156,8.14814048821829,55.2316979355511,47.4200226402654,0,0,0,47.4200226402654,0,47.4200226402654,7.81167529528571
2012-05-01,2012,"Q2","2011/12","Q4","May",513.042492764432,1382.89242647197,152.036101047153,789.418049576553,434.82900684826,869.849933707534,71.798998136334,795.5003505712,8177.6732279648,9342.27461712198,2173.83133449838,2431.3035307215,257.472196223122,7168.4432826236,29.287861,0.325977435,37.613903734,7101.2155404546,7093.2134517646,1228.8177272309,273.51458080326,855.208535607641,100.09461082,54.701461976,-2338.71765441208,2158.252253745,-180.465400667074,8690.71648116618,8690.71648116618,2967.92917082693,1848.16007548864,1119.76909533829,5722.78731033925,2643.08473802081,3079.70257231844,0,-4.44012759762,1.08506440238,0.134502,0.95056240238,0,5.525192,0,5.525192,130.72599758042,122.44156346317,11.417212403,11.417212403,0,111.02435106017,0,0,0,111.02435106017,111.02435106017,7.35568844205,7.30031644205,0,0.055372,0.74338091,1.67212658519997,40.9509556834995,42.6230822686994,126.2858709828,122.4469859828,8.981873,0,8.981873,113.4651129828,0,113.4651129828,3.838885,-37.84115961,0,0,0,0,37.84115961,0,30.343063906,129.358442126722,175.117544639472,1.884620001,1.884620001,0,173.232924638472,0.05,0,0,173.182924638472,173.182924638472,8.07385719265409,8.07385719265409,0,0,0,-53.8329597054041,57.684942219489,3.85198251408484,91.5172824969601,78.9463569132724,0,0,0,78.9463569132724,0,78.9463569132724,12.5709255836877,-6.47189940129443,0,0,0,0,6.47189940129443,0,0,61.7035973368456,87.6909957357143,0,0,0,87.6909957357143,0.338088905714286,0,0,87.35290683,87.3473056871428,4.14228565142857,4.14228565142857,0,0,0,-30.1296840502973,38.2778245385156,8.14814048821829,55.2316979355511,47.4200226402654,0,0,0,47.4200226402654,0,47.4200226402654,7.81167529528571
2012-06-01,2012,"Q2","2011/12","Q4","June",1095.90954877009,2037.97097228489,132.795245909056,1536.48341233383,362.399212042,942.0614235148,136.725951768,803.4215957468,8054.55652324536,9421.76527192345,2169.2677350266,2579.33011457096,410.06237954436,7252.49753689685,28.862149,0.314648393,38.269048582,7185.05169092185,7177.29135892185,1126.79076909123,252.099283264,845.767321217234,28.92416461,54.15458915,-2439.84492861932,2169.45973465781,-270.385193961505,9150.46174553576,9150.46174553576,3565.24455699375,2431.08113184282,1134.16342515093,5585.21718854201,2486.40857984113,3098.80860870088,0,-3.06021442378,1.16780257622,0.20984,0.95796257622,0,4.228017,0,4.228017,130.11746858269,122.08698454577,11.482479344,11.482479344,0,110.60450520177,0,0,0,110.60450520177,110.60450520177,6.39916520305,6.34379320305,0,0.055372,0.680703561,2.31202239487006,43.7543160018715,46.0663383967416,127.05917978391,123.10298078391,10.145437,0,10.145437,112.95754378391,0,112.95754378391,3.956199,-37.1711716298,0,0,0,0,37.1711716298,0,29.6730759258,132.849400600651,175.235637593663,1e-19,1e-19,0,175.235637593663,0.05,0,0,175.185637593663,175.185637593663,6.69082725562409,6.69082725562409,0,0,0,-49.077064248636,58.5742295553733,9.49716530673732,95.6782289335801,83.2730641513599,0,0,0,83.2730641513599,0,83.2730641513599,12.4051647822202,-6.60480928485514,0,0,0,0,6.60480928485514,0,0,67.4125610741009,91.3454932042857,0,0,0,91.3454932042857,0.634968952857143,0,0,90.7105242514286,90.7034945371429,5.18997173857143,5.18997173857143,0,0,0,-29.1229038687563,40.773943279462,11.6510394107057,60.8077517892457,52.7678234663886,0,0,0,52.7678234663886,0,52.7678234663886,8.03992832285714
2012-07-01,2012,"Q3","2012/13","Q1","July",360.283653633535,1322.75709359994,166.6797099932,994.161132631744,155.105570975,962.47343996641,104.24950534871,857.3699856177,8303.90288795417,9583.19345987984,2350.82564110598,2642.71046928286,291.88482817688,7232.36781877386,30.529005785,0.320041092,36.166372665,7165.35239923186,7158.29091874186,1196.07137446693,279.080815977,812.192915849931,104.79764264,52.284357758,-2423.07758863459,2196.90143558564,-226.176153048953,8664.18654346688,8664.18654346688,3134.92074188273,1934.67447081875,1200.24627106399,5529.26580158415,2342.69881703115,3186.566984553,0,-3.5000300583,0.7810639417,0.14344,0.6376239417,0,4.281094,0,4.281094,124.46772772246,122.41994694587,11.675066877,11.675066877,0,110.74488006887,0,0,0,110.74488006887,110.74488006887,6.12269945175,6.06345845175,0,0.059241,0.685571431,-3.38934724415998,44.0298723681815,40.6405251240216,120.97237863516,116.96870763516,7.989949,0,7.989949,108.97875863516,0,108.97875863516,4.003671,-36.73172040224,0,0,0,0,36.73172040224,0,29.23362469824,133.1191543435,176.355276748293,0.917705,0.917705,0,175.437571748293,0.05,0,0,175.387571748293,175.387571748293,8.48410475601059,8.48410475601059,0,0,0,-51.7202271608028,59.4449819096618,7.72475474885904,96.3874339291502,83.8368944435955,0,0,0,83.8368944435955,0,83.8368944435955,12.5505394855547,-6.60480928485514,0,0,0,0,6.60480928485514,0,0,67.4125610741009,91.3454932042857,0,0,0,91.3454932042857,0.634968952857143,0,0,90.7105242514286,90.7034945371429,5.18997173857143,5.18997173857143,0,0,0,-29.1229038687563,40.773943279462,11.6510394107057,60.8077517892457,52.7678234663886,0,0,0,52.7678234663886,0,52.7678234663886,8.03992832285714
2012-08-01,2012,"Q3","2012/13","Q1","August",448.168926136615,1463.63714044214,183.574059040779,1118.53886408144,156.311470319929,1015.46821430553,79.9943613103557,933.715214995173,8744.32058359202,9820.10684078792,2545.09194015629,2858.06756205058,312.975621894293,7275.01490063163,30.75948025,0.298098,34.22137585923,7209.7359465224,7203.5554719144,1493.45157315884,265.9139466317,1033.76232821414,193.775298313,54.93876181,-2514.29906854474,2307.99641921763,-206.302649327111,9192.48211574498,9192.48211574498,3209.77322718305,2003.80832672718,1205.96490045588,5982.70888856193,2661.71220573492,3320.99668282701,0,-3.54844366819,0.78572833181,0.230852,0.55487633181,0,4.334172,0,4.334172,136.47944426457,123.47096717526,11.870539025,11.870539025,0,111.60042815026,0,0,0,111.60042815026,111.60042815026,6.61228420875,6.55304420875,0,0.05924,0.690439301,7.08663218156006,45.0065576769314,52.0931898584915,132.93100259638,128.85387759638,8.64677,0,8.64677,120.20710759638,0,120.20710759638,4.077125,-36.67001740307,0,0,0,0,36.67001740307,0,29.17192169907,131.145877099507,178.448925110795,0.917705,0.917705,0,177.531220110795,0.106070471,0,0,177.425149639795,177.425149639795,7.07101968308409,7.07101968308409,0,0,0,-54.3740676943724,60.4935279866219,6.11946029224952,94.4758602389648,81.8177857562094,0,0,0,81.8177857562094,0,81.8177857562094,12.6580744827554,-6.60480928485514,0,0,0,0,6.60480928485514,0,0,67.4125610741009,91.3454932042857,0,0,0,91.3454932042857,0.634968952857143,0,0,90.7105242514286,90.7034945371429,5.18997173857143,5.18997173857143,0,0,0,-29.1229038687563,40.773943279462,11.6510394107057,60.8077517892457,52.7678234663886,0,0,0,52.7678234663886,0,52.7678234663886,8.03992832285714
2012-09-01,2012,"Q3","2012/13","Q1","September",671.154348166306,1743.82303022256,185.931078581289,1347.06743172474,207.034328916532,1072.66868205625,105.177953141117,965.384956915137,8754.10564848767,9938.5369466702,2568.99507671606,2932.676724955,363.681648238948,7369.54186995414,30.150933801,0.304976378,34.799593411723,7304.28636636342,7297.81311993242,1362.36116878987,274.43451406081,931.231603103065,156.695051626,56.474028973,-2490.3184379994,2358.83322446356,-131.485213535847,9425.26000253502,9425.26000253502,3366.64625141665,2150.90388252827,1215.74236888838,6058.61375111838,2808.47330312778,3250.1404479906,0,-3.16867008842,0.99747891158,0.42513,0.57234891158,0,4.166149,0,4.166149,128.51862314962,125.80809711933,12.059705622,12.059705622,0,113.74839149733,0,0,0,113.74839149733,113.74839149733,6.60333058805,6.54408958805,0,0.059241,0.680703562,-3.21210099576003,46.9722054653529,43.7601044695929,125.3499540612,121.1996250612,9.146476,0,9.146476,112.0531490612,0,112.0531490612,4.150329,-32.62950603307,0,0,0,0,32.62950603307,0,25.13141032907,130.113419566292,181.224959157443,0.917705,0.917705,0,180.307254157443,0.106070471,0,0,180.201183686443,180.201183686443,7.67688460605061,7.67688460605061,0,0,0,-58.7884241972014,61.5833132541487,2.79488905694739,97.4839135303949,84.4727631182385,0,0,0,84.4727631182385,0,84.4727631182385,13.0111504121564,-0.249292852857143,0,0,0,0,0.249292852857143,0,0.13429571,132.571697024286,192.742548704286,2.59267428571429,2.59267428571429,0,190.149874418571,0.379959757142857,0,0,189.769914661429,189.724343232857,5.92571044571429,5.92571044571429,0,0,0,-66.0965621257143,75.8541791557143,9.75761703000002,132.322404171429,124.060034461429,0,0,0,124.060034461429,0,124.060034461429,8.26236971
2012-10-01,2012,"Q4","2012/13","Q2","October",484.475541913566,1537.67705495133,212.877972706287,1177.67061817204,143.348026073,1053.20151303776,104.84480889776,945.73709014,8608.09331274898,10161.607441347,2663.41143498246,3030.82872224403,367.41728726157,7498.19600636454,30.596217168,1.093833698,35.16465489323,7431.34130060531,7423.53823636331,1369.49847608836,321.8347406597,1047.66373542866,0,153.755855776,-2769.25674891038,2417.16266907902,-352.094079831353,9092.57160978037,9092.57160978037,3232.11589743364,2007.42241734163,1224.69348009201,5860.45571234673,2791.38260209653,3069.0731102502,0,-7.94179775088,1.27532024912,0.524286,0.75103424912,0,9.217118,0,9.217118,131.08067484916,126.98920113807,12.25517777,12.25517777,0,114.73402336807,0,0,0,114.73402336807,114.73402336807,6.57793632305,6.51869532305,0,0.059241,0.685571432,-1.80089117995998,47.0617745745973,45.2608833946373,123.13747909828,118.92890909828,8.932138,0,8.932138,109.99677109828,0,109.99677109828,4.20857,-33.6900548342,0,0,0,0,33.6900548342,0,26.1919591302,136.064670422736,184.595434045567,0.917705,0.917705,0,183.677729045567,0.106070471,0,0,183.571658574567,183.571658574567,8.70299495605061,8.70299495605061,0,0,0,-57.2337585788811,62.6435474370683,5.40978885818717,102.374615575258,89.147646798955,0,0,0,89.147646798955,0,89.147646798955,13.2269687763028,-0.249292852857143,0,0,0,0,0.249292852857143,0,0.13429571,132.571697024286,192.742548704286,2.59267428571429,2.59267428571429,0,190.149874418571,0.379959757142857,0,0,189.769914661429,189.724343232857,5.92571044571429,5.92571044571429,0,0,0,-66.0965621257143,75.8541791557143,9.75761703000002,132.322404171429,124.060034461429,0,0,0,124.060034461429,0,124.060034461429,8.26236971
2012-11-01,2012,"Q4","2012/13","Q2","November",626.281667325536,1764.04861789845,199.732818508342,1373.0942014705,185.7282649196,1137.76695057291,115.07150736321,1020.1171682097,9067.57437213155,10364.1844435393,2666.92196336018,3049.7235640633,382.80160070312,7697.26248017915,29.29699774,1.055607042,46.917644973,7619.99223042415,7604.94502307415,1515.89134817525,293.0513732907,1094.69207647455,128.14789841,56.966234662,-2755.53518492103,2450.23745747559,-305.297727445437,9693.85645319254,9693.85645319254,3318.72969240995,2029.544401903,1289.18529050695,6375.12676078259,3221.1764293672,3153.95033141539,0,-7.8223648992512,1.4443501007488,0.367054,1.0772961007488,0,9.266715,0,9.266715,143.007213492375,130.12701666935,12.26813090382,12.26813090382,0,117.85888576553,0,0,0,117.85888576553,117.85888576553,7.17438302275,7.11514202275,0,0.059241,0.690282274,6.3960960742752,47.1545589487125,53.5506550229877,135.184850593124,130.889526593124,10.688115,0,10.688115,120.201411593124,0,120.201411593124,4.295324,-36.66052811053,0,0,0,0,36.66052811053,0,29.16243240653,145.28456081092,189.149956097127,0.917705,0.917705,0,188.232251097127,0.106070471,0,0,188.126180626127,188.126180626127,8.74943890605061,8.74943890605061,0,0,0,-52.6148341922574,63.1689085791378,10.5540743868803,108.624032672295,95.0665694963153,0,0,0,95.0665694963153,0,95.0665694963153,13.5574631759802,-0.249292852857143,0,0,0,0,0.249292852857143,0,0.13429571,132.571697024286,192.742548704286,2.59267428571429,2.59267428571429,0,190.149874418571,0.379959757142857,0,0,189.769914661429,189.724343232857,5.92571044571429,5.92571044571429,0,0,0,-66.0965621257143,75.8541791557143,9.75761703000002,132.322404171429,124.060034461429,0,0,0,124.060034461429,0,124.060034461429,8.26236971
2012-12-01,2012,"Q4","2012/13","Q2","December",258.221186755942,1461.80643842985,245.998598633074,1128.99447228038,82.5986515163992,1203.58525167391,118.431858161595,1082.39833851232,9387.61361729386,10449.751623686,2628.90186523242,3053.26138487061,424.35951963819,7820.84975845359,25.36283151,1.056309557,39.1536294796038,7755.27698790699,7746.19124296899,1763.04978339139,421.42652753561,1341.62325585578,0,52.123556336,-2773.06423344754,2497.56125058666,-275.502982860882,9645.83497875798,9645.83497875798,3268.35129344956,1934.12061299434,1334.23068045522,6377.48368530842,3167.66238698333,3209.82129832509,0,-2.06529309388,0.96971590612,0.244828,0.72488790612,0,3.035009,0,3.035009,137.63117940499,131.79024037019,12.4338549752,12.4338549752,0,119.35638539499,0,0,0,119.35638539499,119.35638539499,7.48032563975,7.42108463975,0,0.059241,0.62834175,-1.01104485495,49.5040178217471,48.4929729667971,135.56588731111,131.26516531111,10.362667,0,10.362667,120.90249831111,0,120.90249831111,4.300722,-37.97861694266,0,0,0,0,37.97861694266,0,30.48052123866,152.190294024611,191.369290883312,0.917705,0.917705,0,190.451585883312,0.106070471,0,0,190.345515412312,190.345515412312,9.04933855605064,9.04933855605064,0,0,0,-48.2283354147517,65.0106579446809,16.7823225299291,114.211677160728,100.154442142804,0,0,0,100.154442142804,0,100.154442142804,14.0572350179244,-1.08642042571429,0,0,0,0,1.08642042571429,0,0.212068781428571,154.47178264,226.483539771429,1.77071428571429,1.77071428571429,0,224.712825485714,0.4119797,0,0,224.300845785714,220.557746207143,6.21824566285714,6.21824566285714,0,0,0,-78.2300027942858,92.7615085942857,14.5315058,153.385362214286,145.127842545714,0,0,0,145.127842545714,0,145.127842545714,8.25751966857143
2013-01-01,2013,"Q1","2012/13","Q3","January",292.21999910036,1472.84197030058,224.902264090992,1047.49096469963,196.921595509966,1180.62197120022,128.737679346929,1049.49554985329,9132.27551384182,10491.5085984477,2657.75015379697,3003.19234739154,345.442193594569,7833.75844465072,31.81396347111,1.015267215,57.8517012858967,7743.07751267872,7735.76762613372,1414.01896590364,361.3688885904,1052.65007731324,0,50.476040713,-2722.77600979653,2542.01631865145,-180.759691145073,9424.49551787654,9424.49551787654,3219.55491409058,1892.76256959141,1326.79234449917,6204.94060378596,3097.7705956442,3107.17000814176,0,-9.65272752032,1.42050747968,0.35773,1.06277747968,0,11.073235,0,11.073235,142.83882550639,133.25116948915,12.5995790462,12.5995790462,0,120.65159044295,0,0,0,120.65159044295,120.65159044295,6.00349161405,5.94425061405,0,0.059241,0.632835168,4.21699957119,49.714628192937,53.931627764127,133.18610098607,128.87951298607,11.504149,0,11.504149,117.37536398607,0,117.37536398607,4.306588,-37.60027127131,0,0,0,0,37.60027127131,0,30.10217556731,146.673278674266,186.658911798,1e-19,1e-19,0,186.658911798,0.106070471,0,0,186.552841327,186.552841327,8.5026521560506,8.5026521560506,0,0,0,-48.4882852797844,65.9205440817805,17.4322588019961,109.073007393728,95.0359890132231,0,0,0,95.0359890132231,0,95.0359890132231,14.0370183805051,-1.08642042571429,0,0,0,0,1.08642042571429,0,0.212068781428571,154.47178264,226.483539771429,1.77071428571429,1.77071428571429,0,224.712825485714,0.4119797,0,0,224.300845785714,220.557746207143,6.21824566285714,6.21824566285714,0,0,0,-78.2300027942858,92.7615085942857,14.5315058,153.385362214286,145.127842545714,0,0,0,145.127842545714,0,145.127842545714,8.25751966857143
2013-02-01,2013,"Q1","2012/13","Q3","February",299.920503391118,1484.86899450477,199.250768416466,1133.9009187843,147.949405304,1184.94849111365,85.9661724506854,1095.91540166296,9432.7665221155,10378.6205863233,2551.1817082477,2951.98884727491,400.807139027213,7827.43887807562,31.4799985599,0.956488298,57.2733043905245,7737.72908682719,7730.04292727919,1981.27676196394,339.0159138587,974.402314449235,667.858533656,49.618888934,-2877.51193723775,2659.0203294088,-218.491607828956,9732.68702779241,9732.68702779241,3252.34392966127,2013.3263434531,1239.01758620817,6480.34309813113,3243.26458052157,3237.07851760956,0,-9.8901503948,1.2192536052,0.529632,0.6896216052,0,11.109404,0,11.109404,147.972040147992,135.03164502045,12.7492653052,12.7492653052,0,122.28237971525,0,0,0,122.28237971525,122.28237971525,6.51223625141,6.45299525141,0,0.059241,0.636893739,7.06505261513214,49.5417928084342,56.6068454235663,138.081895753192,133.794797753192,10.386519,0,10.386519,123.408278753192,0,123.408278753192,4.287098,-37.93303107353,0,0,0,0,37.93303107353,0,30.43493536953,148.953980465041,187.328582089424,1.43061147460937e-15,1.43061147460937e-15,0,187.328582089424,0.107846783,0,0,187.220735306424,187.220735306424,9.90920204604926,9.90920204604926,0,0,0,-48.2838036704321,67.6933058811112,19.4095022106791,111.020948906414,96.6385715074641,0,0,0,96.6385715074641,0,96.6385715074641,14.3823773989501,-1.08642042571429,0,0,0,0,1.08642042571429,0,0.212068781428571,154.47178264,226.483539771429,1.77071428571429,1.77071428571429,0,224.712825485714,0.4119797,0,0,224.300845785714,220.557746207143,6.21824566285714,6.21824566285714,0,0,0,-78.2300027942858,92.7615085942857,14.5315058,153.385362214286,145.127842545714,0,0,0,145.127842545714,0,145.127842545714,8.25751966857143
2013-03-01,2013,"Q1","2012/13","Q3","March",265.531108391992,1538.05656096399,204.768034113001,1109.00511985696,219.426093980034,1272.525452572,101.734892882541,1164.36832645425,9254.70539758968,10259.5646701534,2543.4540163195,2970.15328098557,426.699264666073,7716.1106538339,31.69630599305,0.742015598,68.2473506805444,7615.42498156231,7593.53648410969,2011.82479322852,318.30687910389,1245.83442990163,447.683484223,50.091451934,-2966.59261385824,2724.24945449019,-242.343159368046,9520.23650400139,9520.23650400139,3106.28909332117,1873.35984061773,1232.92925270344,6413.94741068022,3168.52379659058,3245.42361408964,0,-1.6921618655,1.2490941345,0.266657,0.9824371345,0,2.941256,0,2.941256,146.079740854291,136.15454502033,12.9149893762,12.9149893762,0,123.23955564413,0,0,0,123.23955564413,123.23955564413,4.69144227714,4.63220127714,0,0.059241,0.628341749,5.86209530582095,49.1783671599545,55.0404624657754,144.387579988791,140.006556988791,11.52829,0,11.52829,128.478266988791,0,128.478266988791,4.381023,-38.9884567751067,0,0,0,0,38.9884567751067,0,31.4903610711067,151.286587435426,188.050478303199,1.43061147460937e-15,1.43061147460937e-15,0,188.050478303199,0.107846783,0,0,187.942631520199,187.942631520199,8.42560506761175,8.42560506761175,0,0,0,-45.1894959353849,68.1147263462203,22.9252304108355,112.298130654871,97.4704317020552,0,0,0,97.4704317020552,0,97.4704317020552,14.8276989528156,-0.252538142857143,0,0,0,0,0.252538142857143,0,0.206711638571429,163.255568072857,218.734284825714,1.69214285714286,1.69214285714286,0,217.042141968571,0.411399934285714,0,0,216.630742034286,216.584742034286,5.94831767285714,5.94831767285714,0,0,0,-61.4270344257143,91.9911513671429,30.5641169414285,163.00302993,155.999864004286,0,0,0,155.999864004286,0,155.999864004286,7.00316592571429
2013-04-01,2013,"Q2","2012/13","Q4","April",93.6755843264514,1516.04327103921,233.803189657356,1069.1809003164,208.513846051455,1422.36768671276,188.4125291132,1226.73146936435,9352.09133656771,10284.6274355734,2557.49818707215,2947.60610499896,390.107917926819,7727.1292485013,29.46955212133,0.732842084,64.7735218275957,7632.15333246837,7606.34057867475,1972.46944106627,317.55225632535,954.353832129492,700.56335261143,54.018730948,-2850.98680912401,2758.70586106686,-92.2809480571496,9445.76692150447,9445.76692150447,3089.1761045104,1825.90292696553,1263.27317754487,6356.59081699407,3029.02354417273,3327.56727282134,0,-9.7546550301212,1.2216899698788,0.247541,0.9741489698788,0,10.976345,0,10.976345,151.32596728453,134.05271074654,11.5571532242,11.5571532242,0,122.49555752234,0,0,0,122.49555752234,122.49555752234,7.45579839614,7.37713439614,0,0.078664,0.632690218,10.45014835985,48.9735918979703,59.4237402578203,141.571313254409,137.132482254409,11.713964,0,11.713964,125.418518254409,0,125.418518254409,4.438831,-42.6037162011067,0,0,0,0,42.6037162011067,0,31.7622551721067,161.872867788054,190.605080031228,1.43061147460937e-15,1.43061147460937e-15,0,190.605080031228,0.107846783,0,0,190.497233248228,190.497233248228,8.94121114325405,8.94121114325405,0,0,0,-37.6734233864284,69.5908349610396,31.9174115746112,119.262223702892,104.154733672478,0,0,0,104.154733672478,0,104.154733672478,15.1074900304145,-0.252538142857143,0,0,0,0,0.252538142857143,0,0.206711638571429,163.255568072857,218.734284825714,1.69214285714286,1.69214285714286,0,217.042141968571,0.411399934285714,0,0,216.630742034286,216.584742034286,5.94831767285714,5.94831767285714,0,0,0,-61.4270344257143,91.9911513671429,30.5641169414285,163.00302993,155.999864004286,0,0,0,155.999864004286,0,155.999864004286,7.00316592571429
2013-05-01,2013,"Q2","2012/13","Q4","May",258.585150914005,1569.74744448186,230.953242905734,1083.36034721753,250.457210136354,1311.16229356786,109.817872369689,1199.08392441168,9425.99142710375,10385.1416331687,2722.47676281454,3095.60522215517,373.128459340637,7662.6648703542,27.57123288135,0.690710148,58.8488908929975,7575.55403643185,7554.35794750512,1971.46131653987,345.56059567693,1126.17293621653,499.727784646411,53.698467948,-2876.91305465686,2648.10926445027,-228.803790206589,9684.57656874525,9684.57656874525,3165.0116817315,1858.01974661954,1306.99193511197,6519.56488701375,3086.69392633056,3432.87096068319,0,-9.45990921638,1.55255478362,0.422936,1.12961878362,0,11.012464,0,11.012464,158.89168495017,139.05100109349,11.7011602622,11.7011602622,0,127.34984083129,0,0,0,127.34984083129,127.34984083129,9.10418886614,9.02764986614,0,0.076539,0.637183636,11.37367862654,48.7091468667675,60.0828254933075,149.43177773379,144.89081373379,11.515926,0,11.515926,133.37488773379,0,133.37488773379,4.540964,-42.5379290920567,0,0,0,0,42.5379290920567,0,31.6964680630567,167.130507461906,194.401820781421,1.43061147460937e-15,1.43061147460937e-15,0,194.401820781421,0.107846783,0,0,194.293973998421,194.293973998421,9.49750822071098,9.49750822071098,0,0,0,-36.7688215402266,70.6261814835668,33.8573599433402,124.592578362108,108.922359597005,0,0,0,108.922359597005,0,108.922359597005,15.6702187651033,-0.252538142857143,0,0,0,0,0.252538142857143,0,0.206711638571429,163.255568072857,218.734284825714,1.69214285714286,1.69214285714286,0,217.042141968571,0.411399934285714,0,0,216.630742034286,216.584742034286,5.94831767285714,5.94831767285714,0,0,0,-61.4270344257143,91.9911513671429,30.5641169414285,163.00302993,155.999864004286,0,0,0,155.999864004286,0,155.999864004286,7.00316592571429
2013-06-01,2013,"Q2","2012/13","Q4","June",166.18483063106,1551.31500919705,224.988490599281,1165.65886223542,129.648381140104,1385.13017856599,130.944425453159,1224.78349732634,9480.21121418341,10462.0223244904,2742.03664446606,3116.24211396064,374.205469494579,7719.98568002434,26.13540839156,0.699427674,55.9451807470272,7637.20566321175,7616.46152156602,1974.98035738731,294.45368221482,1137.67059260649,542.856082566,54.14163733,-2902.64983036429,2660.61863609066,-242.031194273624,9646.39604068074,9646.39604068074,3104.0682656667,1785.31800578274,1318.75025988396,6542.32777501404,3103.71622921962,3438.61154579442,0,-0.95230308498,0.86437191502,0.454352,0.41001991502,0,1.816675,0,1.816675,152.23826094712,139.70951181971,11.6755074892,11.6755074892,0,128.03400433051,0,0,0,128.03400433051,128.03400433051,8.55538138814,8.47884238814,0,0.076539,0.575979935,4.54934767427,48.8637748118044,53.4131224860744,151.28558186214,146.66629086214,10.911006,0,10.911006,135.75528486214,0,135.75528486214,4.619291,-43.3548028464901,0,0,0,0,43.3548028464901,0,32.5133418174901,172.521435684582,199.238935023217,1.43061147460937e-15,1.43061147460937e-15,0,199.238935023217,0.107846783,0,0,199.131088240217,199.131088240217,8.76859682924814,8.76859682924814,0,0,0,-35.4860961678824,71.372404785054,35.8863086171716,129.166632830744,113.105032433991,0,0,0,113.105032433991,0,113.105032433991,16.0616003967535,-1.31933820112518,0,0,0,0,1.31933820112518,0,0.492264416315049,181.082780790436,225.419721203938,0,0,0,225.419721203938,0.405496559774965,0,0,225.014224644163,224.982157133615,7.52848304219409,7.52848304219409,0,0,0,-51.8654234556961,102.188831097046,50.3234076413503,179.763442589311,170.889557398031,0,0,0,170.889557398031,0,170.889557398031,8.87388519127989
2013-07-01,2013,"Q3","2013/14","Q1","July",229.175929819165,1520.97311134017,200.919314811575,1040.12612021759,248.591215409312,1291.79718152101,92.5975280551498,1170.49439545687,9433.21980320046,10640.4535847227,2783.44695307866,3146.91879650638,363.471843427721,7857.00663164404,28.4271355767,0.68584293,49.0656270507825,7778.82802608656,7757.98212636258,1593.36603906077,330.33311976465,1002.37813782212,260.654781474,57.141818516,-2743.45800206701,2600.46270010289,-142.99530196412,9662.3957277394,9662.3957277394,3293.19262307199,1917.38636180222,1375.80626126976,6369.20310466741,2933.79276910567,3435.41033556174,0,-9.18439926885,0.75503573115,0.230825,0.52421073115,0,9.939435,0,9.939435,160.67840668227,143.59717209596,11.8116154892,11.8116154892,0,131.78555660676,0,0,0,131.78555660676,131.78555660676,7.85263835314,7.77418635314,0,0.078452,0.580098902,9.80869513517001,48.730186416354,58.538881551524,151.49400941342,146.87045341342,11.015224,0,11.015224,135.85522941342,0,135.85522941342,4.623556,-45.839352167013,0,0,0,0,45.839352167013,0,34.997891138013,182.35668343622,204.423468292968,1.43061147460937e-15,1.43061147460937e-15,0,204.423468292968,0.107846783,0,0,204.315621509968,204.315621509968,10.0062926752916,10.0062926752916,0,0,0,-32.0730775320398,72.0045843679355,39.9315068358957,136.51733125985,120.05957346957,0,0,0,120.05957346957,0,120.05957346957,16.4577577902791,-1.34007065857143,0,0,0,0,1.34007065857143,0,0.5,183.928367345714,228.962031108571,0,0,0,228.962031108571,0.411868648571429,0,0,228.55016246,228.517591031429,7.64678777571429,7.64678777571429,0,0,0,-52.6804515385714,103.794655585714,51.1142040471429,182.588296687143,173.574964728571,0,0,0,173.574964728571,0,173.574964728571,9.01333195857143
2013-08-01,2013,"Q3","2013/14","Q1","August",228.77942860723,1684.15104573037,200.945239784851,1178.57816449887,273.449487446654,1455.37161712314,143.974450384787,1283.98015673836,9837.90440289032,10846.2828876049,2903.97209251011,3260.63475393381,356.662661423695,7942.31079509481,26.90354636574,0.693108891,62.2125574439442,7852.50158239413,7831.94637741713,1827.01405762047,313.89285857,1081.70706207647,431.414136974,57.413689795,-2777.97885254008,2662.3737475152,-115.605105024886,10066.6838297686,10066.6838297686,3413.74741808944,2012.16467860071,1401.58273948873,6652.93641167919,3142.90114302989,3510.0352686493,0,-8.8272014748526,1.1420405251474,0.309336,0.8327045251474,0,9.969242,0,9.969242,161.645023597934,148.97220544618,11.9477234892,11.9477234892,0,137.02448195698,0,0,0,137.02448195698,137.02448195698,7.23119946314,7.15274746314,0,0.078452,0.584217869,6.02583655761438,48.2393459560524,54.2651825136668,152.817820123082,148.160091123082,12.463884,0,12.463884,135.696207123082,0,135.696207123082,4.657729,-48.612167333703,0,0,0,0,48.612167333703,0,37.770706304703,183.649979933457,211.88622733844,1.43061147460937e-15,1.43061147460937e-15,0,211.88622733844,0.107846783,0,0,211.77838055544,211.77838055544,9.27161851168168,9.27161851168168,0,0,0,-37.5078659166651,90.9493063281766,53.4414404115115,135.037812588637,118.714737630768,0,0,0,118.714737630768,0,118.714737630768,16.3230749578697,-1.34007065857143,0,0,0,0,1.34007065857143,0,0.5,183.928367345714,228.962031108571,0,0,0,228.962031108571,0.411868648571429,0,0,228.55016246,228.517591031429,7.64678777571429,7.64678777571429,0,0,0,-52.6804515385714,103.794655585714,51.1142040471429,182.588296687143,173.574964728571,0,0,0,173.574964728571,0,173.574964728571,9.01333195857143
2013-09-01,2013,"Q3","2013/14","Q1","September",63.6307096310888,1579.79777655428,190.210577074756,1215.0785012415,119.396704882048,1516.16706692319,144.824742431345,1342.48600274201,9993.43434917526,10933.9319503633,2957.07535954361,3371.00639696304,413.93103741943,7976.85659081967,11.59976681613,0.667625858,61.1760902984358,7903.4131078471,7888.67982129865,1864.7178994405,345.26844526966,1192.02870749784,327.420746673,57.188068254,-2748.02743237452,2671.59180520643,-76.4356271680904,10057.0645600941,10057.0645600941,3476.16835550257,2067.78691816445,1408.38143733812,6580.89620459149,3128.48595635981,3452.41024823168,0,-7.32260253794,1.03101646206,0.462061,0.56895546206,0,8.353619,0,8.353619,169.24306476653,155.72175371207,12.0044409082,12.0044409082,0,143.71731280387,0,0,0,143.71731280387,143.71731280387,7.23082317292,7.15006717292,0,0.080756,0.575979936,6.86646781754,48.7517451598686,55.6182129774086,161.92045922859,157.15112022859,12.82017,0,12.82017,144.33095022859,0,144.33095022859,4.769339,-48.824055643953,0,0,0,0,48.824055643953,0,37.982594614953,186.101618369365,220.871318607559,1.967755579,1.967755579,0,218.903563028559,0.107846783,0,0,218.795716245559,218.795716245559,9.65145986368165,9.65145986368165,0,0,0,-44.4211601018753,92.3262589108148,47.9050988089396,137.277562718108,120.583216230935,0,0,0,120.583216230935,0,120.583216230935,16.6943464871737,-0.411416168571429,0,0,0,0,0.411416168571429,0,0,209.493142396586,265.167794691029,1.54750670142857,1.54750670142857,0,263.6202879896,0.439250915714286,0,0,263.181037073886,262.7780527196,7.14308887428571,7.14308887428571,0,0,0,-62.8177411687286,115.099711199186,52.2819700304571,209.081726228014,200.233675965157,0,0,0,200.233675965157,0,200.233675965157,8.84805026285714
2013-10-01,2013,"Q4","2013/14","Q2","October",64.5623779568998,1554.7315406777,187.661994373097,1124.20835887156,185.081670518192,1490.1691627208,146.497092159939,1315.16786386076,9973.84208791702,11114.8798261945,2995.26751985273,3378.42349501059,383.155975157861,8119.61230634172,11.18410639734,0.687200867,56.697564654042,8051.04343442334,8039.91881205472,1838.91438001363,331.63876005223,1045.7062276854,461.569392276,57.138057266,-2922.81406102506,2701.0022482906,-221.81181273446,10038.4044586806,10038.4044586806,3405.44261420519,1970.51758823006,1434.92502597513,6632.96184447539,3215.29273171801,3417.66911275738,0,-8.471892541634,0.656679458366,0.299596,0.357083458366,0,9.128572,0,9.128572,167.81435296318,154.15298009753,9.2905489082,9.2905489082,0,144.86243118933,0,0,0,144.86243118933,144.86243118933,7.74694904644,7.66619304644,0,0.080756,0.580098903,6.49452272220991,48.3702841636886,54.8648068858985,159.342462421546,154.504646421546,12.397534,0,12.397534,142.107112421546,0,142.107112421546,4.837816,-51.844840372213,0,0,0,0,51.844840372213,0,41.003379343213,192.693779478691,227.377406546504,1.984014998,1.984014998,0,225.393391548504,0.107846783,0,0,225.285544765504,225.285544765504,9.73007276368168,9.73007276368168,0,0,0,-44.4136998314946,93.2422209616061,48.8285211301115,140.848939100552,123.816963688236,0,0,0,123.816963688236,0,123.816963688236,17.0319754123162,-0.411416168571429,0,0,0,0,0.411416168571429,0,0,209.493142396586,265.167794691029,1.54750670142857,1.54750670142857,0,263.6202879896,0.439250915714286,0,0,263.181037073886,262.7780527196,7.14308887428571,7.14308887428571,0,0,0,-62.8177411687286,115.099711199186,52.2819700304571,209.081726228014,200.233675965157,0,0,0,200.233675965157,0,200.233675965157,8.84805026285714
2013-11-01,2013,"Q4","2013/14","Q2","November",85.397369261914,1597.63228712698,230.478824491632,1090.86213135065,219.176066211262,1512.23491786507,146.703477468778,1337.61289060829,10206.5516706501,11343.0421555729,3128.11660283215,3498.39976721608,370.283164383935,8214.92555274073,11.331386195975,0.844275705,49.7780016036968,8152.97188923605,8141.1411561045,1903.05736761788,317.05386801535,1089.16216715253,496.84133245,57.60015429,-2981.94769825061,2566.94288730802,-415.004810942591,10291.9490407031,10291.9490407031,3467.49245123177,2044.97054270934,1422.52190852243,6824.45658947133,3301.63313488136,3522.82345458997,0,-8.100930133044,1.060959866956,0.321847,0.739112866956,0,9.16189,0,9.16189,168.11026357798,157.83397175374,9.3338812182,9.3338812182,0,148.50009053554,0,0,0,148.50009053554,148.50009053554,8.05339830444,7.97264230444,0,0.080756,0.584085,2.80697851980001,48.2896426526612,51.0966211724612,160.009332444936,155.076119444936,13.225531,0,13.225531,141.850588444936,0,141.850588444936,4.933213,-49.539794447783,0,0,0,0,49.539794447783,0,38.698333418783,177.784404280364,221.848039943936,1.999040724,1.999040724,0,219.848999219936,0.106070471,0,0,219.742928748936,219.742928748936,8.40246654668401,8.40246654668401,0,0,0,-52.466102210256,83.8556436140614,31.3895414038054,128.244609806203,112.715524817556,0,0,0,112.715524817556,0,112.715524817556,15.5290849886479,-0.411416168571429,0,0,0,0,0.411416168571429,0,0,209.493142396586,265.167794691029,1.54750670142857,1.54750670142857,0,263.6202879896,0.439250915714286,0,0,263.181037073886,262.7780527196,7.14308887428571,7.14308887428571,0,0,0,-62.8177411687286,115.099711199186,52.2819700304571,209.081726228014,200.233675965157,0,0,0,200.233675965157,0,200.233675965157,8.84805026285714
2013-12-01,2013,"Q4","2013/14","Q2","December",-90.9447389163836,1707.91480914497,248.629750627801,1259.06355716369,141.82034149548,1798.85954806136,270.950352562899,1498.59656037446,10736.5833399018,11526.8997745519,3196.62255096548,3648.69956267555,452.077011710072,8330.27722358645,29.67098777961,0.805712737,46.4472434835159,8253.35327958633,8243.63250158633,2173.48318552744,443.38986455856,1185.95357508388,544.139745885,49.707473452,-2914.09214672561,2682.36719634153,-231.724950384082,10645.6386007371,10645.6386007371,3674.49448089197,2228.72218208135,1445.77229881062,6971.14411984517,3364.89316559022,3606.25095425495,0,-6.820321763813,0.664690236187,0.144568,0.520122236187,0,7.485012,0,7.485012,172.25328170261,159.17789588169,7.8532797,7.8532797,0,151.32461618169,0,0,0,151.32461618169,151.32461618169,11.45801462544,11.37468262544,0,0.083332,0.588203967,2.20557516248,54.3934160988593,56.5989912613393,165.432958938797,160.613241938797,13.04208,0,13.04208,147.571161938797,0,147.571161938797,4.819717,-44.21441944659,0,0,0,0,44.21441944659,0,35.37295841759,153.799613837166,175.898634107383,1.43051147460937e-15,1.43051147460937e-15,0,175.898634107383,0.062825812,0,0,175.835808295383,175.835808295383,5.70309830306179,5.70309830306179,0,0,0,-27.8021185732784,68.2172473310778,40.4151287577993,109.585194360744,92.6733636430153,0,0,0,92.6733636430153,0,92.6733636430153,16.9118307177282,-0.699008054285714,0,0,0,0,0.699008054285714,0,0.370132155714286,223.398967709757,307.797748719043,0.952726428571429,0.952726428571429,0,306.845022290471,0.49151342,0,0,306.353508870471,305.9858459819,7.60517197857143,7.60517197857143,0,0,0,-92.0039529878572,143.206114030943,51.2021610430857,222.699959655471,213.437540792614,0,0,0,213.437540792614,0,213.437540792614,9.26241886285714
2014-01-01,2014,"Q1","2013/14","Q3","January",-370.272181179378,1428.36103378516,208.98077016671,978.685459655698,177.47371431875,1798.63321496454,274.40679205798,1491.23592275356,11028.8169554685,11680.4101899438,3394.08258260039,3737.23507522667,343.152492626273,8286.32760734343,34.81034643212,0.7403582562,47.6362264861173,8203.14067616899,8190.84044016899,2309.15914279524,375.517540724836,1367.2041869134,566.437415157,50.200342951,-2910.55203431959,2712.53902879032,-198.013005529278,10658.5447691386,10658.5447691386,3626.83936431268,2221.28754412513,1405.55182018755,7031.70540482591,3422.67785394672,3609.02755087919,0,-6.665303324806,0.880678675194,0.4800422,0.400636475194,0,7.545982,0,7.545982,174.70966400525,162.34373344334,7.941339288,7.941339288,0,154.40239415534,0,0,0,154.40239415534,154.40239415534,9.35283773344,9.25078973344,0,0.102048,0.523618124,3.53671095247001,56.349724120103,59.886435072573,168.044359680444,163.204161680444,14.0087303808,0,14.0087303808,149.195431299644,0,149.195431299644,4.840198,-43.96763816772,0,0,0,0,43.96763816772,0,35.12617713872,153.791878070444,174.384545268309,1.43051147460937e-15,1.43051147460937e-15,0,174.384545268309,0.062825812,0,0,174.321719456309,174.321719456309,5.42036695106179,5.42036695106179,0,0,0,-26.0130341489276,71.5229842790571,45.5099501301295,109.824239863478,93.0757959207305,0,0,0,93.0757959207305,0,93.0757959207305,16.7484439427474,-0.699008054285714,0,0,0,0,0.699008054285714,0,0.370132155714286,223.398967709757,307.797748719043,0.952726428571429,0.952726428571429,0,306.845022290471,0.49151342,0,0,306.353508870471,305.9858459819,7.60517197857143,7.60517197857143,0,0,0,-92.0039529878572,143.206114030943,51.2021610430857,222.699959655471,213.437540792614,0,0,0,213.437540792614,0,213.437540792614,9.26241886285714
2014-02-01,2014,"Q1","2013/14","Q3","February",-262.799515494837,1632.09494572267,185.374481044192,1135.21678726888,267.16995027859,1894.8944612175,420.931523761736,1467.92654973277,11356.1348471639,11780.3828128666,3416.83305568795,3783.37008607,366.537030382054,8363.54975717867,34.30792990008,0.7423113702,47.7256830348872,8280.77383287351,8271.07523026651,2483.90604674706,382.9515646652,1434.49314752886,666.461334553,51.107108963,-2857.04690348681,2701.22384563441,-155.823057852395,11093.3353290548,11093.3353290548,3828.41973377613,2369.73652913654,1458.68320463959,7264.91559527866,3643.41305247018,3621.50254280848,0,-5.8538592834063,1.7020707165937,0.7307318844,0.9713388321937,0,7.55593,0,7.55593,173.89279865068,164.58028703502,8.02087698,8.02087698,0,156.55941005502,0,0,0,156.55941005502,156.55941005502,10.24417703644,10.14212903644,0,0.102048,0.530768968,-0.400896452779897,57.1422076147259,56.741311161946,168.038937367274,163.161846367274,12.23867406604,0,12.23867406604,150.923172301234,0,150.923172301234,4.877091,-43.67292525614,0,0,0,0,43.67292525614,0,34.83146422714,157.259755308234,174.738249610159,1.43051147460937e-15,1.43051147460937e-15,0,174.738249610159,0.062825812,0,0,174.675423798159,174.675423798159,5.84524908406176,5.84524908406176,0,0,0,-23.3237433859865,72.3419906048145,49.018247218828,113.586830009837,96.704055179867,0,0,0,96.704055179867,0,96.704055179867,16.8827748299699,-0.699008054285714,0,0,0,0,0.699008054285714,0,0.370132155714286,223.398967709757,307.797748719043,0.952726428571429,0.952726428571429,0,306.845022290471,0.49151342,0,0,306.353508870471,305.9858459819,7.60517197857143,7.60517197857143,0,0,0,-92.0039529878572,143.206114030943,51.2021610430857,222.699959655471,213.437540792614,0,0,0,213.437540792614,0,213.437540792614,9.26241886285714
2014-03-01,2014,"Q1","2013/14","Q3","March",-236.789865565227,1608.03593231786,220.475591861397,1125.83079997759,218.793256719,1844.82579788309,326.722359112174,1514.76548793142,11669.5040558746,12026.9640136597,3526.8276665458,3911.63539689411,384.807730348313,8500.13634711391,36.07157417493,0.762726369,46.995599203,8416.30644736698,8406.40357543098,2396.40563424183,388.903398921204,1547.78620897963,459.716026341,50.913033696,-2702.95255833094,2842.34916837161,139.396610040671,11432.7141899536,11432.7141899536,3980.83836010274,2498.75172241771,1482.08663768502,7451.87582985091,3752.90201677237,3698.97381307853,0,-4.738038701835,1.412228298165,0.65188327805,0.760345020115,0,6.150267,0,6.150267,177.57924141684,166.0265462335,8.108936568,8.108936568,0,157.9176096655,0,0,0,157.9176096655,157.9176096655,10.54479784044,10.44274984044,0,0.102048,0.5344893,1.54238664290003,57.9580005660376,59.5003872089376,172.841197715005,167.906734715005,13.648147398,0,13.648147398,154.258587317005,0,154.258587317005,4.934463,-43.71013616275,0,0,0,0,43.71013616275,0,34.86867513375,159.439313312488,175.435150682399,1.43051147460937e-15,1.43051147460937e-15,0,175.435150682399,0.062825812,0,0,175.372324870399,175.372324870399,5.81374874406176,5.81374874406176,0,0,0,-21.8095861139729,76.1532420157189,54.343655901746,115.729177108756,98.8453792105655,0,0,0,98.8453792105655,0,98.8453792105655,16.883797898191,-0.592131057142857,0,0,0,0,0.592131057142857,0,0.285714285714286,170.130499284786,300.954142513757,2.38503094,2.38503094,0,298.569111573757,0.518482227142857,0,0,298.050629346614,297.719129119471,7.00888633,7.00888633,0,0,0,-137.832529558971,185.583114501543,47.7505849425714,169.538368227643,163.440489426929,0,0,0,163.440489426929,0,163.440489426929,6.09787880071429
2014-04-01,2014,"Q2","2013/14","Q4","April",-321.769859425516,1483.70844339154,199.877982981062,1070.63299337055,171.24692284292,1805.47830281705,252.578529761549,1547.14641899174,11823.796751025,12222.647435648,3700.5386446173,4060.86529112421,360.326646506909,8522.10879103072,34.20109710783,0.632927055,49.893856206,8437.38091066189,8429.18193955689,2488.8221659293,413.242305141141,1559.58158140516,515.998279383,52.110933506,-2835.56191704634,2876.45951739238,40.8976003460442,11502.0268933838,11502.0268933838,3984.95716099931,2507.48166258907,1477.47549841025,7517.06973238447,3706.79483173218,3810.27490065229,0,-4.2643922457,1.8961657543,0.834603545,1.0615622093,0,6.160558,0,6.160558,176.13868666722,171.51372569239,11.302655524,11.302655524,0,160.21107016839,0,0,0,160.21107016839,160.21107016839,10.93404727644,10.82943427644,0,0.104613,0.527241851,-5.78184445061,59.2146010090927,53.4327565584827,171.87429442152,166.94852342152,12.1849474384,0,12.1849474384,154.76357598312,0,154.76357598312,4.925771,-44.03710912875,0,0,0,0,44.03710912875,0,35.19564809975,162.883705025578,175.245565053581,0,0,0,175.245565053581,0.062825812,0,0,175.182739241581,175.182739241581,6.04930395156176,6.04930395156176,0,0,0,-18.411163979564,77.6178996728974,59.2067356933334,118.846595858977,102.393524577104,0,0,0,102.393524577104,0,102.393524577104,16.4530712818727,-0.592131057142857,0,0,0,0,0.592131057142857,0,0.285714285714286,170.130499284786,300.954142513757,2.38503094,2.38503094,0,298.569111573757,0.518482227142857,0,0,298.050629346614,297.719129119471,7.00888633,7.00888633,0,0,0,-137.832529558971,185.583114501543,47.7505849425714,169.538368227643,163.440489426929,0,0,0,163.440489426929,0,163.440489426929,6.09787880071429
2014-05-01,2014,"Q2","2013/14","Q4","May",-440.014273503215,1311.50002920709,195.95843099697,933.952453855738,138.82793815,1751.5143027103,204.942956801624,1544.63416740068,12047.7499869524,12217.7718937121,3538.87393974151,3955.04527847706,416.171338735552,8678.89795397058,34.98487465061,0.617724983,51.872904207,8591.42245012997,8582.78690221235,2679.62849207666,385.041273334803,1604.98860378686,689.598614955,60.102147228,-2789.54825160838,2843.81496480949,54.2667132011059,11607.7357120639,11607.7357120639,3947.85891915526,2497.60640521568,1450.25251393959,7659.87679290866,3668.80875968971,3991.06803321894,0,-4.2871162966456,1.8840757033544,1.0461132162,0.8379624871544,0,6.171192,0,6.171192,180.71599704264,177.09268622471,11.425292035,11.425292035,0,165.66739418971,0,0,0,165.66739418971,165.66739418971,9.77830587844,9.67369287844,0,0.104613,0.530986366,-5.62400869451032,59.3119252721807,53.6879165776704,176.428874745994,171.450578745994,12.67296530073,0,12.67296530073,158.777613445264,0,158.777613445264,4.978296,-44.04251435856,0,0,0,0,44.04251435856,0,35.20105332956,163.434566090877,177.516507643562,0,0,0,177.516507643562,0.06793445,0,0,177.448573193562,177.448573193562,5.29926910156176,5.29926910156176,0,0,0,-19.3812106542463,79.4300088041169,60.0487981498706,119.392051686972,102.931709099077,0,0,0,102.931709099077,0,102.931709099077,16.4603425878951,-0.592131057142857,0,0,0,0,0.592131057142857,0,0.285714285714286,170.130499284786,300.954142513757,2.38503094,2.38503094,0,298.569111573757,0.518482227142857,0,0,298.050629346614,297.719129119471,7.00888633,7.00888633,0,0,0,-137.832529558971,185.583114501543,47.7505849425714,169.538368227643,163.440489426929,0,0,0,163.440489426929,0,163.440489426929,6.09787880071429
2014-06-01,2014,"Q2","2013/14","Q4","June",-567.52076113437,1270.2801465257,195.977465894888,892.90039297057,136.726387563,1837.80090766007,298.32061551717,1537.4747980529,12076.9253922609,12387.6729923473,3589.26947139688,4037.92783129738,448.658359900506,8798.40352095038,28.761085634,0.666497852,46.816196199,8722.15974126538,8712.83305470562,2656.64097588924,393.16641023909,1353.01769989615,910.456865754,52.862964707,-2914.52561126855,2849.98428287439,-64.5413283941599,11509.4046245634,11509.4046245634,3933.62188088553,2343.24846031748,1590.37342056805,7575.78274367784,3718.29258365208,3857.49016002576,0,-4.5078213085,2.0604186915,1.1332921,0.9271265915,0,6.56824,0,6.56824,196.28241123828,175.161808006964,8.59024450549451,8.59024450549451,0,166.57156350147,0,0,0,166.57156350147,166.57156350147,11.81346547544,11.70885247544,0,0.104613,0.534625088,9.84176284387549,60.6033172592972,70.4450801031727,191.77458992978,186.71120192978,13.166181578,0,13.166181578,173.54502035178,0,173.54502035178,5.063388,-39.11761008175,0,0,0,0,39.11761008175,0,30.27614905275,165.682666124671,180.234843620034,0,0,0,180.234843620034,0.06793445,0,0,180.166909170034,180.166909170034,6.09396223256176,6.09396223256176,0,0,0,-20.6461397279244,81.1326030342911,60.4864633063667,126.565056049721,110.795474086077,0,0,0,110.795474086077,0,110.795474086077,15.7695819636442,-1.23181577074543,0,0,0,0,1.23181577074543,0,0.060626582278481,194.375124888889,345.172514078762,1.68192293530239,1.68192293530239,0,343.49059114346,0.859193218002813,0,0,342.631397925457,342.559738291139,9.92704082981716,9.92704082981716,0,0,0,-160.724430019691,217.722179246132,56.9977492264416,193.143309118143,175.248666772152,0,0,0,175.248666772152,0,175.248666772152,17.8946423459916
2014-07-01,2014,"Q3","2014/15","Q1","July",-569.233566641503,1202.38286431012,200.1728205286,859.75118154645,105.53842878775,1771.61643095162,261.614095241725,1507.5571211999,12057.2328507477,12774.350493158,3894.03799022046,4292.43831480201,398.40032458155,8880.31250293756,28.39063559945,0.672691852,39.504117199,8811.74505828711,8789.66403267343,2190.74757258664,420.807623845707,1419.43976859693,350.500180144,61.761268349,-2846.10394664797,2899.49260708803,53.3886604400604,11487.9992899826,11448.1402942288,3973.62890422254,2389.1693074342,1584.45959678834,7474.51139000626,3628.67046445296,3845.84092555329,39.8589957537592,-4.48804359971,2.08741040029,0.98882288,1.09858752029,0,6.575454,0,6.575454,178.40175824747,181.06610213936,8.683988846,8.683988846,0,172.38211329336,0,0,0,172.38211329336,172.38211329336,10.58520314551,10.47809414551,0,0.107109,0.474626374,-12.7749206634,60.7808147620307,48.0058940986306,173.91370864776,168.89178164776,12.54646640784,0,12.54646640784,156.34531523992,0,156.34531523992,5.021927,-36.13475695675,0,0,0,0,36.13475695675,0,27.29329592775,167.653251097875,183.210918861659,0,0,0,183.210918861659,0.06793445,0,0,183.142984411659,183.142984411659,6.33949562156176,6.33949562156176,0,0,0,-21.8971633853459,82.1999439071102,60.3027805217642,131.518494126273,116.384627253066,0,0,0,116.384627253066,0,116.384627253066,15.1338668732078,-1.23181577074543,0,0,0,0,1.23181577074543,0,0.060626582278481,194.375124888889,345.172514078762,1.68192293530239,1.68192293530239,0,343.49059114346,0.859193218002813,0,0,342.631397925457,342.559738291139,9.92704082981716,9.92704082981716,0,0,0,-160.724430019691,217.722179246132,56.9977492264416,193.143309118143,175.248666772152,0,0,0,175.248666772152,0,175.248666772152,17.8946423459916
2014-08-01,2014,"Q3","2014/15","Q1","August",-809.964074080784,1070.03836286697,227.59410042924,687.258114662835,118.5649997268,1880.00243694776,317.420300990752,1559.32865941401,12587.0268469589,12980.3755363184,4009.33861162151,4407.11396102966,397.775349408145,8971.03692469685,28.76699446492,0.782730852,39.304603199,8902.18259618093,8881.04462996293,2617.16158669233,393.069471884245,1557.26932572508,666.822789083,49.768406235,-2960.74186981683,2967.01151653892,6.2696467220901,11777.0627696685,11743.2366188508,3995.66723135431,2418.89104877356,1576.77618258075,7747.56938749644,3718.26979715668,4029.29959033977,33.8261508177892,-4.5679195502,2.0216174498,1.11948104,0.9021364098,0,6.589537,0,6.589537,195.9132647513,186.16376120256,8.777733187,8.777733187,0,177.38602801556,0,0,0,177.38602801556,177.38602801556,11.03960462505,10.93249562505,0,0.107109,0.477996438,-0.812104638309975,62.0678357555994,61.2557311172894,191.3453392011,186.3526802011,13.9960985066,0,13.9960985066,172.3565816945,0,172.3565816945,4.992659,-34.79454529895,0,0,0,0,34.79454529895,0,25.95308426995,170.582727630203,187.8760528322,0,0,0,187.8760528322,0.06793445,0,0,187.8081183822,187.8081183822,5.51026587056176,5.51026587056176,0,0,0,-22.8035910725585,83.7069218464436,60.9033307738851,135.788182314596,121.219006587139,0,0,0,121.219006587139,0,121.219006587139,14.5691757274566,-1.23181577074543,0,0,0,0,1.23181577074543,0,0.060626582278481,194.375124888889,345.172514078762,1.68192293530239,1.68192293530239,0,343.49059114346,0.859193218002813,0,0,342.631397925457,342.559738291139,9.92704082981716,9.92704082981716,0,0,0,-160.724430019691,217.722179246132,56.9977492264416,193.143309118143,175.248666772152,0,0,0,175.248666772152,0,175.248666772152,17.8946423459916
2014-09-01,2014,"Q3","2014/15","Q1","September",-692.074734933306,1193.82628652209,172.23360655857,900.71134588685,83.637183588,1885.9010214554,345.839405006882,1533.23950192851,12341.2074508076,13038.9454290968,4045.08824920415,4428.51859634821,383.430347144061,8993.85717989263,29.27881940223,0.805159852,38.343170199,8925.4300304394,8914.6668792984,2384.81455128171,426.545508101925,1307.02503601879,651.244007161,49.801065235,-3032.75146433592,2972.36030970422,-60.3911546317019,11649.1327145723,11615.3065637545,3892.88256537602,2288.7032062963,1604.17935907973,7722.42399837851,3701.93788405981,4020.4861143187,33.8261508177892,-4.71208257835,1.90501142165,1.090361225,0.81465019665,0,6.617094,0,6.617094,199.52298176265,190.70536838816,8.868453517,8.868453517,0,181.83691487116,0,0,0,181.83691487116,181.83691487116,12.06946813423,11.96235913423,0,0.107109,0.48125779,-2.77059696974003,62.0994098419362,59.3288128721962,194.8108911843,189.7832081843,10.8452752034,0,10.8452752034,178.9379329809,0,178.9379329809,5.027683,-27.52430243161,0,0,0,0,27.52430243161,0,25.78054492161,170.145185291205,193.46301255162,0,0,0,193.46301255162,0.06793445,0,0,193.39507810162,193.39507810162,6.40087163656176,6.40087163656176,0,0,0,-29.718698896977,91.8831395855989,62.1644406886219,142.620882810574,128.530009833986,0,0,0,128.530009833986,0,128.530009833986,14.0908729765878,-1.20403918565401,0,0,0,0,1.20403918565401,0,0.060626582278481,213.296948376934,382.282172326301,2.14713044303797,2.14713044303797,0,380.135041883263,0.984129926863573,0,0,379.1509119564,379.043668637131,9.09602413080169,9.09602413080169,0,0,0,-178.081248080169,230.772554506329,52.6913064261603,212.09290919128,187.905563185654,0,0,0,187.905563185654,0,187.905563185654,24.1873460056259
2014-10-01,2014,"Q4","2014/15","Q2","October",-695.742356409273,1116.26572023966,213.4133910354,778.487539542389,82.864617105,1812.00807664893,382.966150893651,1425.47619209501,12485.7540801178,13169.8277593999,4012.51993057958,4369.51549438989,356.995563810309,9157.30782882033,28.62445493182,0.682863852,43.194609199,9084.80590083751,9061.65746705965,2518.32961926016,390.974269586065,1385.1865598681,742.168789806,51.677964985,-3150.72533355724,3015.98101313731,-134.744320419932,11790.0117292228,11756.185578405,3883.86518207043,2330.98764217724,1552.87753989319,7872.32039633453,3799.48121193142,4072.83918440311,33.8261508177892,-5.2551021306,1.8275728694,1.278464625,0.5491082444,0,7.082675,0,7.082675,199.31872942936,190.802448684,8.962197858,8.962197858,0,181.840250826,0,0,4,177.840250826,177.840250826,11.38334909623,11.27291209623,0,0.110437,0.474626375,-2.39244197587008,62.6894178228132,60.2969758469431,194.06362629876,189.09718529876,11.0069545066,0,11.0069545066,178.09023079216,0,178.09023079216,4.966441,-26.86375712461,0,0,0,0,26.86375712461,0,25.11999961461,172.252610496417,197.737976886995,0,0,0,197.737976886995,0.06793445,0,0,197.670042436995,197.670042436995,6.53809343456176,6.53809343456176,0,0,0,-32.0234598251398,93.2424913443614,61.2190315192216,145.38885336755,131.675083070724,0,0,0,131.675083070724,0,131.675083070724,13.713770296826,-1.20403918565401,0,0,0,0,1.20403918565401,0,0.060626582278481,213.296948376934,382.282172326301,2.14713044303797,2.14713044303797,0,380.135041883263,0.984129926863573,0,0,379.1509119564,379.043668637131,9.09602413080169,9.09602413080169,0,0,0,-178.081248080169,230.772554506329,52.6913064261603,212.09290919128,187.905563185654,0,0,0,187.905563185654,0,187.905563185654,24.1873460056259
2014-11-01,2014,"Q4","2014/15","Q2","November",-699.955359809187,1180.87543078902,238.72535025542,797.684058179704,98.712584118,1880.83079059821,367.61016003523,1511.34073154218,12798.3285447051,13391.162459719,3998.64784979737,4367.95093452141,369.303084724039,9392.51460992163,30.18467707285,0.606259852,40.690992199,9321.03268079779,9296.37288388679,2606.84995563134,429.935607484404,1405.99573905994,770.918609087,57.742422985,-3141.94144766028,3037.89379444381,-104.047653216469,12098.3731838568,12064.547033039,4061.6781671341,2424.96731273464,1636.71085439946,8002.86886590487,3859.83337340583,4143.03549249905,33.8261508177892,-5.6452323148,1.5201236852,1.0090712,0.5110524852,0,7.165356,0,7.165356,185.93390544664,198.47896267468,11.190176374,11.190176374,0,187.28878630068,0,0,4,183.28878630068,183.28878630068,11.83965688505,11.72921988505,0,0.110437,0.477887727,-23.90682638609,63.4000450666094,39.4932186805193,180.28867313184,175.28269613184,9.9004005066,0,9.9004005066,165.38229562524,0,165.38229562524,5.005977,-27.22728576861,0,0,0,0,27.22728576861,0,25.48352825861,175.367525051818,203.596246218225,0,0,0,203.596246218225,0.06793445,0,0,203.528311768225,203.528311768225,6.24110117256173,6.24110117256173,0,0,0,-34.4698223389688,94.7214055188575,60.2515831798887,148.140239276678,134.726428777819,0,0,0,134.726428777819,0,134.726428777819,13.4138104988593,-1.20403918565401,0,0,0,0,1.20403918565401,0,0.060626582278481,213.296948376934,382.282172326301,2.14713044303797,2.14713044303797,0,380.135041883263,0.984129926863573,0,0,379.1509119564,379.043668637131,9.09602413080169,9.09602413080169,0,0,0,-178.081248080169,230.772554506329,52.6913064261603,212.09290919128,187.905563185654,0,0,0,187.905563185654,0,187.905563185654,24.1873460056259
2014-12-01,2014,"Q4","2014/15","Q2","December",-686.974783323538,1234.77426664708,244.03609812311,837.66853666703,110.9641964538,1921.74904997062,384.118869204365,1535.66882070414,12921.4355913522,13357.4771583003,3898.53134957059,4475.03132415922,576.49997458863,9458.94580872966,21.513603,0.619462852,46.66828198144,9390.14446089622,9366.53855529158,2685.62739228994,542.555154677674,1914.85751751827,228.214720094,48.604709047,-3073.06425019098,3117.54597877925,44.4817285882685,12234.4608079884,12200.6346571706,4193.09315451128,2521.79813663899,1671.29501787228,8007.54150265931,3876.58223363458,4130.95926902472,33.8261508177892,-6.76909263145,1.09239136855,0.820671734,0.27171963455,0,7.861484,0,7.861484,200.78089722413,203.2188948503,11.315521978,11.315521978,0,191.9033728723,0,0,4,187.9033728723,187.9033728723,13.89241015431,13.77816915431,0,0.114241,0.418894498,-15.91151328248,64.9476567387914,49.0361434563114,194.01180359268,189.06343459268,12.35032431426,0,12.35032431426,176.71311027842,0,176.71311027842,4.948369,-22.41962165061,0,0,0,0,22.41962165061,0,20.67586414061,173.805277015395,206.100554962754,0,0,0,206.100554962754,0.071110002,0,0,206.029444960754,206.029444960754,6.24472612256173,6.24472612256173,0,0,0,-38.5400040699211,97.4025558071973,58.8625517372762,151.385655323928,139.245546035743,0,0,0,139.245546035743,0,139.245546035743,12.1401092881846,-1.2641750323488,0,0,0,0,1.2641750323488,0,1.2641750323488,200.36443350211,395.457904945148,0.411943890295359,0.411943890295359,0,395.045961054852,0.690467492264416,0,0,394.355493562588,394.107313427567,9.86314641209564,9.86314641209564,0,0,0,-204.956617855134,232.171904466948,27.2152866118143,199.100258469761,168.438639637131,0,0,0,168.438639637131,0,168.438639637131,30.6616188326301
2015-01-01,2015,"Q1","2014/15","Q3","January",-301.660358750973,1848.87283974919,272.65744268688,1455.06937633126,75.86451319086,2150.53319850016,547.767701468255,1596.6372562541,12558.0204715607,13710.8869812822,4073.89047184294,4465.6581245697,391.767652726761,9636.99650943925,27.737586,1.441852852,50.81990090576,9556.99716968149,9545.59746719749,2407.6475431481,445.274399538733,1962.37314360937,0,386.726590047,-3173.78746282256,3140.06615370685,-33.7213091157077,12256.3601132977,12222.5339624799,4390.01957042129,2732.74978303833,1657.26978738295,7832.51439205866,3858.23780258766,3974.276589471,33.8261508177892,-1.1597786933,2.1735543067,1.13043959,1.0431147167,0,3.333333,0,3.333333,191.99835667127,203.37161647865,11.440867582,11.440867582,0,191.93074889665,0,0,4,187.93074889665,187.93074889665,10.04270120405,9.92846020405,0,0.114241,0.42189011,-20.99407090143,67.798608580348,46.804537678918,190.83857897797,185.97067997797,12.8118377414,0,12.8118377414,173.15884223657,0,173.15884223657,4.867899,-25.49968929078,0,0,0,0,25.49968929078,0,23.75593178078,176.077784976228,212.023966345742,0,0,0,212.023966345742,0.071110002,0,0,211.952856343742,211.952856343742,6.03399705156173,6.03399705156173,0,0,0,-41.9801784210753,110.678114409052,68.6979359879764,150.578095635415,138.641209720796,0,0,0,138.641209720796,0,138.641209720796,11.936885914619,-1.2641750323488,0,0,0,0,1.2641750323488,0,1.2641750323488,200.36443350211,395.457904945148,0.411943890295359,0.411943890295359,0,395.045961054852,0.690467492264416,0,0,394.355493562588,394.107313427567,9.86314641209564,9.86314641209564,0,0,0,-204.956617855134,232.171904466948,27.2152866118143,199.100258469761,168.438639637131,0,0,0,168.438639637131,0,168.438639637131,30.6616188326301
2015-02-01,2015,"Q1","2014/15","Q3","February",-527.442362700318,1818.9811712191,263.51914864814,1290.29123580506,220.0808208565,2346.42353391942,475.979385325363,1869.07406622602,12918.2338505403,13889.9196239103,4195.8004845288,4562.96874450621,367.168259977411,9694.1191393815,38.67243,1.078726852,44.20326790576,9610.16471462374,9585.38962254822,2334.26317981226,428.54682034348,1726.05596382078,179.660395648,50.25201286,-3255.6969403223,3193.48694876792,-62.2099915543858,12390.7914931511,12356.9653423333,4361.96724839147,2743.6677443032,1618.29950408827,7994.99809394181,3899.68940884498,4095.30868509682,33.8261508177892,-1.23202536835,2.10130763165,1.06901362,1.03229401165,0,3.333333,0,3.333333,189.28009122465,210.02659035565,16.791470192,16.791470192,0,193.23512016365,0,0,3.516480495,189.71863966865,189.71863966865,12.37170520405,12.25746420405,0,0.114241,0.424615173,-32.69358916205,67.8164175073836,35.1228283453336,188.0480648563,183.1901958563,12.1445158912,0,12.1445158912,171.0456799651,0,171.0456799651,4.857869,-25.62726625582,0,0,0,0,25.62726625582,0,23.88350874582,174.355833953548,213.42696516694,0,0,0,213.42696516694,0.071110002,0,0,213.35585516494,213.35585516494,5.79355268205173,5.74355268205173,0,0.05,0,-44.8646838954438,113.378063852956,68.5133799575121,148.728567648615,136.871721294064,0,0,0,136.871721294064,0,136.871721294064,11.8568463545509,-1.2641750323488,0,0,0,0,1.2641750323488,0,1.2641750323488,200.36443350211,395.457904945148,0.411943890295359,0.411943890295359,0,395.045961054852,0.690467492264416,0,0,394.355493562588,394.107313427567,9.86314641209564,9.86314641209564,0,0,0,-204.956617855134,232.171904466948,27.2152866118143,199.100258469761,168.438639637131,0,0,0,168.438639637131,0,168.438639637131,30.6616188326301
2015-03-01,2015,"Q1","2014/15","Q3","March",-131.289425248797,2241.25408756937,267.16664722079,1701.95843025083,225.01012733956,2372.54351281816,489.090901884045,1882.8447053088,12488.6175307085,13786.7688274186,3871.89207770211,4242.35625610118,370.464178399065,9914.87674971646,38.472404,1.311087852,46.0656212215,9829.02763664296,9821.70286186971,2246.22953546752,447.19871478858,1799.03082067894,0,194.482319487016,-3349.89851269056,3246.94670768828,-102.951805002289,12357.3281057861,12323.5019549683,4553.64983434797,2830.8514029062,1722.79843144177,7769.85212062034,3690.81251181267,4079.03960880767,33.8261508177892,-0.96039639185,2.37293660815,1.180943905,1.19199270315,0,3.333333,0,3.333333,200.52595786018,219.352080425888,21.8768972405877,21.8768972405877,0,197.4751831853,0,0,3.516480495,193.9587026903,193.9587026903,12.23627176883,12.09443476883,0,0.141837,0.418894498,-30.6434998365377,68.1757745388116,37.5322747022739,199.56556146833,194.73745446833,10.34068831426,0,10.34068831426,184.39676615407,0,184.39676615407,4.828107,-31.666619349,0,0,0,0,31.666619349,0,24.870999349,191.182641759297,227.173762653562,11.00696700957,11.00696700957,0,216.166795643992,0.071110002,0,0,216.095685641992,216.095685641992,6.3873628753917,6.3373628753917,0,0.05,0,-42.378483769657,106.413221496598,64.0347377269405,159.516022377065,147.740546147331,0,0,0,147.740546147331,0,147.740546147331,11.7754762297347,-3.02365130098453,0,0,0,0,3.02365130098453,0,3.02365130098453,184.675350815752,381.719736376934,0.764264565400844,0.764264565400844,0,380.955471811533,0.653062675105485,0,0,380.302409136428,380.047477946554,9.30731603656821,9.30731603656821,0,0,0,-206.35170159775,235.653613524613,29.3019119268636,181.651699514768,142.920152624473,0,0,0,142.920152624473,0,142.920152624473,38.7315468902954
2015-04-01,2015,"Q2","2014/15","Q4","April",-332.434570496863,2048.30859035845,231.93973259705,1562.6955285747,207.650324753337,2380.74316085531,575.706418719653,1804.38244475863,12568.8507858678,13875.9346681041,3942.46113962332,4346.12115916963,403.66001954631,9933.47352848079,39.447362,1.247464596,44.6546723265708,9848.12402955822,9839.73850614982,2306.66086481669,445.400706281361,1861.25305811033,0.007100425,439.521024434156,-3174.22372261887,3272.43294012243,98.2092175035576,12236.4162170786,12202.5900662608,4433.07361095861,2682.97764834194,1750.09596261667,7769.51645530221,3665.62822051188,4103.88823479033,33.8261508177892,0.3453447631,3.0120117631,1.30650983,1.7055019331,0,2.666667,0,2.666667,195.79740289695,220.22089821203,18.608273076,18.608273076,0,201.61262513603,0,0,3.516480495,198.09614464103,198.09614464103,11.55912985241,11.49029985241,0,0.06883,0.4188944985,-35.56373066899,67.1473386022644,31.5836079332744,196.14274266005,191.37133066005,12.41612655095,0,12.41612655095,178.9552041091,0,178.9552041091,4.771412,-26.608666108,0,0,0,0,26.608666108,0,23.15876096,179.723024740578,233.97690404537,14.96826633967,14.96826633967,0,219.0086377057,0.071110002,0,0,218.9375277037,218.9375277037,6.71181229639171,6.66181229639171,0,0.05,0,-60.9656916011831,114.923910646927,53.9582190457441,153.114358624196,141.601830169104,0,0,0,141.601830169104,0,141.601830169104,11.5125284550928,-3.02365130098453,0,0,0,0,3.02365130098453,0,3.02365130098453,184.675350815752,381.719736376934,0.764264565400844,0.764264565400844,0,380.955471811533,0.653062675105485,0,0,380.302409136428,380.047477946554,9.30731603656821,9.30731603656821,0,0,0,-206.35170159775,235.653613524613,29.3019119268636,181.651699514768,142.920152624473,0,0,0,142.920152624473,0,142.920152624473,38.7315468902954
2015-05-01,2015,"Q2","2014/15","Q4","May",-286.852839642101,2088.90792272372,253.46100485384,1623.75475961292,166.643552464672,2375.76076236582,530.307750934461,1843.63600948504,13069.7141398909,13983.6488824852,3871.23047515057,4247.81982474273,376.589349592156,10112.4184073346,37.59977,1.26779339371,33.4429273140791,10040.1079166268,10030.4851176259,2412.24443979626,401.940958261081,1835.04579677735,175.25768475783,50.883713242,-3275.29546914858,3330.54772255129,55.2522534027145,12782.860713492,12749.0345626742,4764.27608257126,2998.46136598948,1765.81471658178,7984.75848010297,4030.54240380573,3954.21607629724,33.8261508177892,0.0160208942,2.6826878942,1.6410616,1.0416262942,0,2.666667,0,2.666667,212.13401214185,223.6574613545,18.833857691,18.833857691,0,204.8236036635,0,0,5.066746863,199.7568568005,199.7568568005,12.15009291341,12.08126291341,0,0.06883,0.42478909,-23.24875303606,65.795300122913,42.546547086853,212.15005003605,207.39592803605,9.8080879168,0,9.8080879168,197.58784011925,0,197.58784011925,4.754122,-25.969759302,0,0,0,0,25.969759302,0,22.519854154,180.982639819883,237.765344432632,15.00644758666,15.00644758666,0,222.758896845972,0.071110002,0,0,222.687786843972,222.687786843972,6.93460021455182,6.88409202455182,0,0.05050819,0,-63.7173048273005,115.976018596242,52.2587137689417,155.012880527951,143.561633915445,0,0,0,143.561633915445,0,143.561633915445,11.4512466125061,-3.02365130098453,0,0,0,0,3.02365130098453,0,3.02365130098453,184.675350815752,381.719736376934,0.764264565400844,0.764264565400844,0,380.955471811533,0.653062675105485,0,0,380.302409136428,380.047477946554,9.30731603656821,9.30731603656821,0,0,0,-206.35170159775,235.653613524613,29.3019119268636,181.651699514768,142.920152624473,0,0,0,142.920152624473,0,142.920152624473,38.7315468902954
2015-06-01,2015,"Q2","2014/15","Q4","June",-418.518999888977,2192.71357739342,290.24071944412,1728.09059441827,121.79464802243,2611.23257728239,601.616999485599,1998.90423140579,13702.0754490121,14353.767098807,3791.01519187005,4283.64461056195,492.629418691898,10562.751906937,36.878017,1.209768852,32.6259836283376,10492.0381374566,10479.6123998436,2511.96402392683,448.305275240341,1876.23183682163,187.42691186486,48.804398196,-3114.85127552576,3236.06742156329,121.216146037527,13283.556448833,13249.7302980152,5264.50353482758,3324.78295605531,1939.72057877227,7985.22676318765,3962.9534376565,4022.27332553115,33.8261508177892,0.9079968043,2.9079968043,1.02012845,1.8878683543,0,2,0,2,226.201592096372,225.65265811426,19.052165383,19.052165383,0,206.60049273126,0,0,5.066746863,201.53374586826,201.53374586826,13.14302128084,13.07419128084,0,0.06883,0.366532685,-12.227554613728,67.8531889109576,55.6256342972296,227.109588900672,222.368707900672,16.8397921871,0,16.8397921871,205.528915713572,0,205.528915713572,4.740881,-28.470563937,0,0,0,0,28.470563937,0,25.020658789,182.254798406507,240.113310869436,12.04333952314,12.04333952314,0,228.069971346296,0.071110002,0,0,227.998861344296,227.998861344296,8.12353787566182,8.07302968566182,0,0.05050819,0,-65.9820503385909,116.598889668143,50.6168393295519,153.784234442778,142.486060281702,0,0,0,142.486060281702,0,142.486060281702,11.2981741610764,-2.22797541490858,0,0,0,0,2.22797541490858,0,1.62623066104079,193.200979040788,395.262072410689,3.92781354711674,3.92781354711674,0,391.334258863572,0.815897127988748,0,0,390.518361735584,390.275971261603,13.8145439634318,13.8145439634318,0,0,0,-215.875637333333,246.274032868467,30.3983955351336,190.973003625879,157.639394206751,0,0,0,157.639394206751,0,157.639394206751,33.333609419128
2015-07-01,2015,"Q3","2015/16","Q1","July",-38.9924280668192,2549.21662759996,309.56368640482,2072.90040868692,108.91276880022,2588.20905566678,616.225769793876,1968.68305043991,13570.6354847025,14546.6402124366,3629.93209131894,3935.37292505798,305.440833739035,10916.7081211177,41.021672,3.868852622,32.455140795566,10839.3624557001,10827.2011639831,2720.86715470665,434.532307832611,2286.33484687404,0,547.454845556601,-3149.41703688422,3298.70845306318,149.291416178959,13531.6413332646,13497.8151824468,5652.66466500355,3649.33052697491,2003.33413802865,7845.15051744324,3767.40501042096,4077.74550702227,33.8261508177892,1.4832784286,3.4832784286,1.2671355,2.2161429286,0,2,0,2,221.60416014519,233.87261271162,22.387984388,22.387984388,0,211.48462832362,0,0,5.066746863,206.41788146062,206.41788146062,14.47175999432,14.40292999432,0,0.06883,0.369153846,-26.37105871475,73.7611862383222,47.3901275235722,223.08743857379,218.31717957379,18.314755524,0,18.314755524,200.00242404979,0,200.00242404979,4.770259,-28.569486513,0,0,0,0,28.569486513,0,25.119581365,192.058827141604,247.318945364781,12.08152068913,12.08152068913,0,235.237424675651,0.071110002,0,0,235.166314673651,235.166314673651,7.46325781402182,7.41274962402182,0,0.05050819,0,-62.7233760371984,117.579033125365,54.8556570881664,163.489340799595,151.990433861005,0,0,0,151.990433861005,0,151.990433861005,11.4989069385906,-2.22797541490858,0,0,0,0,2.22797541490858,0,1.62623066104079,193.200979040788,395.262072410689,3.92781354711674,3.92781354711674,0,391.334258863572,0.815897127988748,0,0,390.518361735584,390.275971261603,13.8145439634318,13.8145439634318,0,0,0,-215.875637333333,246.274032868467,30.3983955351336,190.973003625879,157.639394206751,0,0,0,157.639394206751,0,157.639394206751,33.333609419128
2015-08-01,2015,"Q3","2015/16","Q1","August",-270.806773537198,2393.52361401728,334.569136864,1775.65650377302,218.614517779559,2664.33038755448,647.400332061307,2012.49286287317,14105.2672662887,14735.6464274123,3561.63493194962,3918.81336224105,357.178430291425,11174.0114954627,44.402232,7.161524951,34.5101869957659,11087.9375515159,11076.0941629359,2536.40950514299,472.731003293121,2030.58644738387,33.092054466,67.395197431,-3099.39346883555,3336.61284356839,237.219374732842,13834.4604951659,13800.6343443481,5901.85573221591,3755.2980392496,2146.55769296631,7898.77861213217,3768.3202469163,4130.45836521587,33.8261508177892,2.0305364547,4.0305364547,1.56720486,2.4633315947,0,2,0,2,226.71770016675,240.37595048272,22.657962962,22.657962962,0,217.71798752072,0,0,4.600966794,213.11702072672,213.11702072672,13.51794347192,13.44911347192,0,0.06883,0.371775007,-26.8044187808901,74.9429613330605,48.1385425521704,228.74822062145,223.92399362145,20.702513485,0,20.702513485,203.22148013645,0,203.22148013645,4.824227,-24.00793724741,0,0,0,0,24.00793724741,0,20.55803209941,186.959928490963,250.774344916371,9.04544112512,9.04544112512,0,241.728903791251,0.071110002,0,0,241.657793789251,241.657793789251,7.05083939382182,7.00033120382182,0,0.05050819,0,-70.8652558192304,118.939946944932,48.0746911257018,162.95199123677,151.694379443821,0,0,0,151.694379443821,0,151.694379443821,11.2576117929497,-2.22797541490858,0,0,0,0,2.22797541490858,0,1.62623066104079,193.200979040788,395.262072410689,3.92781354711674,3.92781354711674,0,391.334258863572,0.815897127988748,0,0,390.518361735584,390.275971261603,13.8145439634318,13.8145439634318,0,0,0,-215.875637333333,246.274032868467,30.3983955351336,190.973003625879,157.639394206751,0,0,0,157.639394206751,0,157.639394206751,33.333609419128
2015-09-01,2015,"Q3","2015/16","Q1","September",-245.681920419158,2486.04279746965,279.20677670996,1973.39251191422,167.668946139516,2731.7247178888,675.891185054643,2055.49042543866,14253.047453451,14793.285960446,3528.37260848167,3912.73046881072,384.357860329043,11264.9133519643,46.003543,1.8156267903,34.7818970791941,11182.3122850948,11170.7531708068,2800.4150945935,520.203728035396,2280.2113665581,0,59.94713544,-3280.70646614851,3371.11409457096,90.407628422442,14007.36553594,13973.5393851222,5864.42400026639,3652.13046703354,2212.29353323284,8109.11538485584,3832.32566934111,4276.78971551474,33.8261508177892,2.05414910145,3.38748210145,1.4011467,1.98633540145,0,1.333333,0,1.333333,223.554887825177,247.59692480805,22.91923255,22.91923255,0,224.67769225805,0,0,4.600966794,220.07672546405,220.07672546405,15.73711712174,14.66483712174,0,1.07228,0.366532686,-39.4126214186127,78.0029795720629,38.5903581534502,225.60901692469,220.69037392469,20.6220495408,0,20.6220495408,200.06832438389,0,200.06832438389,4.918643,-23.51328753272,0,0,0,0,23.51328753272,0,20.06338238472,184.920691555681,251.375444851273,3.1655506406,3.1655506406,0,248.209894210673,0.076665556,0,0,248.133228654673,248.133228654673,8.17473049182179,8.12422230182179,0,0.05050819,0,-74.6294837874142,117.02996319217,42.4004794047555,161.405404001272,150.033681064922,0,0,0,150.033681064922,0,150.033681064922,11.3717229363501,-2.46160658087201,0,0,0,0,2.46160658087201,0,1.62623066104079,212.880683805907,417.042805867792,4.34183852461322,4.34183852461322,0,412.700967343179,1.94725125175809,0,0,410.753716091421,410.559026742616,13.4854518045007,13.4854518045007,0,0,0,-217.647573866385,258.677403847497,41.0298299811111,210.419077225035,170.296338922644,0,0,0,170.296338922644,0,170.296338922644,40.122738302391
2015-10-01,2015,"Q4","2015/16","Q2","October",-161.790867503707,2380.07250887592,286.68747537657,1802.51810132675,229.6641769628,2541.86337637962,598.102559767602,1934.95163803122,13899.1732870356,14624.1447241031,3548.36496642922,3942.04147872516,393.676512295938,11075.7797576739,38.07561980614,1.85143939,31.2900046631441,11004.5626938146,10995.3953194188,2696.53718681974,455.407706819866,2086.57654534184,154.552934658038,73.550623014,-3347.95800087324,3415.38822086687,67.4302199936309,13737.3824232963,13703.5562724785,5690.70993689739,3552.15239238815,2138.55754450924,8012.84633558114,3724.41503398964,4288.4313015915,33.8261508177892,2.3165963833,3.6499293833,1.32917705,2.3207523333,0,1.333333,0,1.333333,230.98988259852,251.93305012168,28.488973487,28.488973487,0,223.44407663468,0,0,4.57485872345,218.86921791123,218.86921791123,15.63926290069,14.56698290069,0,1.07228,0.369153847,-36.2132765768498,80.4373411335366,44.2240645566868,233.30647898182,228.43420098182,19.33660755025,0,19.33660755025,209.09759343157,0,209.09759343157,4.872278,-23.23407298243,0,0,0,0,23.23407298243,0,19.78416783443,187.482767675539,256.167892139354,2.19717570935,2.19717570935,0,253.970716430004,0.078895124,0,0,253.891821306004,253.891821306004,7.24007979182182,7.18957160182182,0,0.05050819,0,-75.9252042556368,117.916367346817,41.9911630911804,164.248694694997,152.635306567288,0,0,0,152.635306567288,0,152.635306567288,11.6133881277093,-2.46160658087201,0,0,0,0,2.46160658087201,0,1.62623066104079,212.880683805907,417.042805867792,4.34183852461322,4.34183852461322,0,412.700967343179,1.94725125175809,0,0,410.753716091421,410.559026742616,13.4854518045007,13.4854518045007,0,0,0,-217.647573866385,258.677403847497,41.0298299811111,210.419077225035,170.296338922644,0,0,0,170.296338922644,0,170.296338922644,40.122738302391
2015-11-01,2015,"Q4","2015/16","Q2","November",-249.296960692792,2218.68605498323,264.57609426738,1689.22733044704,201.87675766431,2467.98301567602,624.073808049143,1836.34005482888,13670.3303816569,14286.0315705829,3438.49005568395,3853.33751814632,414.847462462376,10847.5415148989,37.650688,1.868955033,29.3595655752552,10778.6623062907,10773.4787935462,2913.73754429946,463.160881304086,2042.91538512648,407.66127786889,75.21894328,-3454.21978994537,3503.92569358661,49.7059036412379,13421.0334226165,13387.2072717987,5349.63390015903,3340.37232435241,2009.26157580662,8037.57337163967,3747.77229769378,4289.8010739459,33.8261508177892,3.27578967425,4.60912267425,1.37655777,3.23256490425,0,1.333333,0,1.333333,228.17701831233,258.10516624522,28.736675602,28.736675602,0,229.36849064322,0,0,4.14066874145,225.22782190177,225.22782190177,12.57627220999,11.50399220999,0,1.07228,0.371690453,-42.13272968988,82.5115113911609,40.3787817012809,231.45283898658,226.49845598658,17.78992770275,0,17.78992770275,208.70852828383,0,208.70852828383,4.954383,-28.15825902489,0,0,0,0,28.15825902489,0,24.70835387689,194.008210332146,266.277112945537,2.222654495,2.222654495,0,264.054458450537,0.078895124,0,0,263.975563326537,263.975563326537,7.42888910334182,7.37770185834182,0,0.051187245,0,-79.6977917167331,122.188340954829,42.4905492380954,165.849951408461,153.877428782608,0,0,0,153.877428782608,0,153.877428782608,11.9725226258524,-2.46160658087201,0,0,0,0,2.46160658087201,0,1.62623066104079,212.880683805907,417.042805867792,4.34183852461322,4.34183852461322,0,412.700967343179,1.94725125175809,0,0,410.753716091421,410.559026742616,13.4854518045007,13.4854518045007,0,0,0,-217.647573866385,258.677403847497,41.0298299811111,210.419077225035,170.296338922644,0,0,0,170.296338922644,0,170.296338922644,40.122738302391
2015-12-01,2015,"Q4","2015/16","Q2","December",63.2279511550851,2393.54560883858,286.25165222193,1917.49602676116,136.53752407923,2330.3176576835,702.576033698333,1621.14399301893,13468.5831399158,14365.758638769,3512.78165861054,4073.06204336477,560.28038475423,10852.9769801584,38.227779,1.808079442,27.0161927480882,10785.9249289683,10782.2933529953,2545.89303403239,525.049589866256,2020.84277532214,0.000668844,71.546025631,-3371.52250725458,3501.35102665389,129.828519399312,13531.8110921998,13497.984941382,5373.68533925091,3340.68529323722,2033.00004601369,8124.29960213111,3683.75108148415,4440.54852064696,33.8261508177892,-5.3962983375,2.5903686625,1.5408045,1.0495641625,0,7.986667,0,7.986667,242.80224491313,261.58012179125,29.860718978,29.860718978,0,231.71940281325,0,0,4.131359861,227.58804295225,227.58804295225,15.95908176669,14.88280176669,0,1.07628,0.314170873,-34.4227877718099,82.8966087719248,48.4738210001149,237.40594657493,232.51710957493,17.6667396556,0,17.6667396556,214.85036991933,0,214.85036991933,4.888837,-31.99638371007,0,0,0,0,31.99638371007,0,28.54647856207,213.608498086063,271.642733855609,1.13189088236,1.13189088236,0,270.510842973249,0.078895124,0,0,270.431947849249,270.431947849249,8.69190019686176,8.64071295186176,0,0.051187245,0,-66.726135966408,120.972218974411,54.2460830080032,181.612114331223,171.125473092651,0,0,0,171.125473092651,0,171.125473092651,10.4866412385714,-0.49318600281294,0,0,0,0,0.49318600281294,0,0.320362500703235,235.576259220014,453.943724272883,0.00815752461322082,0.00815752461322082,0,453.93556674827,1.00337604078762,0,0,452.932190707483,451.56954917865,10.6877885738397,10.6877885738397,0,0,0,-229.055253626709,274.287563761547,45.2323101348383,235.083073216681,198.797682784895,0,0,0,198.797682784895,0,198.797682784895,36.2853904317862
2016-01-01,2016,"Q1","2015/16","Q3","January",112.910570701738,2475.6141970384,272.56115368412,2001.77066820248,146.36545403055,2362.70362633666,698.739513529925,1661.02706067248,13523.543831251,14737.7349490295,3794.0759604778,4218.47236936693,424.396408889125,10943.6589885517,41.645202,1.566650429,24.7454369507783,10875.7016991719,10873.1934150359,2627.08934415115,446.627822631806,2180.45545855535,0.006062964,365.985149050556,-3475.29531287903,3549.14198151313,73.8466686341006,13636.4543975423,13602.6282467246,5511.31765915725,3475.47108439711,2035.84657476014,8091.3105875673,3739.435865321,4351.8747222463,33.8261508177892,-6.1061068136,1.9965601864,1.400846455,0.5957137314,0,8.102667,0,8.102667,240.029316328301,262.52053123014,30.2919593542,30.2919593542,0,232.22857187594,0,0,3.131359861,229.09721201494,229.09721201494,11.06683170895,9.99055170895,0,1.07628,0.316417582,-33.2416290287888,86.9618578640515,53.7202288352627,233.923209514721,229.036351514721,18.3982413382,0,18.3982413382,210.638110176521,0,210.638110176521,4.886858,-34.15880034035,0,0,0,0,34.15880034035,0,30.70889519235,213.786588287426,271.240169296677,1.95881563843,1.95881563843,0,269.281353658247,0.078895124,0,0,269.202458534248,269.202458534248,8.01158654692176,7.96039930192176,0,0.051187245,0,-65.4651675561732,122.420544157423,56.9553766012501,179.627787912538,168.811520352929,0,0,0,168.811520352929,0,168.811520352929,10.816267559609,-0.49318600281294,0,0,0,0,0.49318600281294,0,0.320362500703235,235.576259220014,453.943724272883,0.00815752461322082,0.00815752461322082,0,453.93556674827,1.00337604078762,0,0,452.932190707483,451.56954917865,10.6877885738397,10.6877885738397,0,0,0,-229.055253626709,274.287563761547,45.2323101348383,235.083073216681,198.797682784895,0,0,0,198.797682784895,0,198.797682784895,36.2853904317862
2016-02-01,2016,"Q1","2015/16","Q3","February",0.8382348260252,2322.08825324089,265.60744286061,1770.13647006193,222.3987162969,2321.25001841487,740.855207987649,1571.80488827649,13696.518817674,14484.6586927163,3765.85781169345,4208.52725204446,442.669440351011,10718.8008810228,38.399483,1.52450945089,25.7675464775765,10653.1093420944,10649.5548970276,2908.54462222869,525.717029432816,2169.92907084395,212.89852195193,60.99913561,-3635.68536166097,3602.06997347545,-33.6153881855224,13697.3570564665,13663.5309056487,5368.97101838541,3394.40039804094,1974.57062034446,8294.55988726328,4078.29910141505,4216.26078584823,33.8261508177892,-4.3320695917,3.5345974083,1.0660926915,2.4685047168,0,7.866667,0,7.866667,231.96592057582,255.71321681507,25.237484323,25.237484323,0,230.47573249207,0,0,2.638704342,227.83702815007,227.83702815007,14.28660967403,13.21032967403,0,1.07628,0.318519342,-37.7153865712801,86.9455974866562,49.2302109153761,227.63384998754,222.75517598754,21.8453810715,0,21.8453810715,200.90979491604,0,200.90979491604,4.878674,-41.6287664336,0,0,0,0,41.6287664336,0,38.1788612856,220.008085133397,275.564880019021,6.98871011633,6.98871011633,0,268.576169902691,0.081344699,0,0,268.494825203691,268.494825203691,9.72676086986176,9.67040434786176,0,0.056356522,0,-65.2835557554857,122.946404980331,57.6628492248454,178.379318712853,167.245998954171,0,0,0,167.245998954171,0,167.245998954171,11.1333197586815,-0.49318600281294,0,0,0,0,0.49318600281294,0,0.320362500703235,235.576259220014,453.943724272883,0.00815752461322082,0.00815752461322082,0,453.93556674827,1.00337604078762,0,0,452.932190707483,451.56954917865,10.6877885738397,10.6877885738397,0,0,0,-229.055253626709,274.287563761547,45.2323101348383,235.083073216681,198.797682784895,0,0,0,198.797682784895,0,198.797682784895,36.2853904317862
2016-03-01,2016,"Q1","2015/16","Q3","March",94.0025772276681,2327.12050854324,256.83338400118,1641.41917782851,368.751892718047,2233.11793131557,577.722029903006,1648.46931807607,13583.7116824896,14757.612893191,4048.59961286962,4549.96445543773,501.364842568101,10709.0132803214,39.369403,1.55918707,25.4983250481765,10642.5863652032,10640.745572064,2687.84233664035,491.946627014256,2003.34610584555,192.549603780548,46.734040339,-3815.00950700281,3671.40018015306,-143.60932684975,13677.7142618776,13643.8881110598,5418.83725117962,3415.11716727393,2003.72008390569,8225.05085988015,3871.4728478921,4353.57801198805,33.8261508177892,-2.4999546297,5.2036563703,1.136540695,4.0671156753,0,7.703611,0,7.703611,230.90459469953,249.0483207201,19.976386265,19.976386265,0,229.0719344551,0,0,2.638704342,226.4332301131,226.4332301131,14.95567581395,13.87939581395,0,1.07628,0.314170873,-32.78523096152,88.7165218862616,55.9312909247417,228.4046400673,223.5239770673,20.6322050072,0,20.6322050072,202.8917720601,0,202.8917720601,4.880663,-42.23893840099,0,0,0,0,42.23893840099,0,38.78903325299,227.294051941923,278.319354550127,5.90730193507,5.90730193507,0,272.412052615057,0.137701221,0,0,272.274351394057,272.274351394057,9.7897652718617,9.7897652718617,0,0,0,-60.8150678800657,128.622981362642,67.8079134825761,185.05511356608,173.182449871053,0,0,0,173.182449871053,0,173.182449871053,11.8726636950275,-0.819790168776371,0,0,0,0,0.819790168776371,0,0.646966666666667,203.535711121955,460.218269611814,0,0,0,460.218269611814,0.972415492264416,0,0,459.24585411955,458.962619379747,11.6843729855415,11.6843729855415,0,0,0,-268.366931475401,282.910145699944,14.5432142245429,202.715920952335,163.732183649944,0,0,0,163.732183649944,0,163.732183649944,38.983737302391
2016-04-01,2016,"Q2","2015/16","Q4","April",-179.729896751412,2098.05716813745,243.36058301258,1745.24528197846,65.3152215290675,2277.78706488887,555.348165923468,1710.64263846662,13648.7406377694,14852.4239254394,4092.6020964816,4550.65933536344,458.057238881836,10759.8218289578,38.687678,1.50524083892,32.4339901000274,10687.1949200189,10685.4052242803,2685.17552048012,416.551727936176,1906.6999336104,361.92385893355,46.722086329,-3842.1367218211,3680.69807509517,-161.43864672593,13469.0107364468,13435.1845856291,5311.57885573961,3344.49624952791,1967.0826062117,8123.60572988944,3811.96623663383,4311.63949325561,33.8261508177892,-2.48448996455,5.21405303545,1.466701425,3.74735161045,0,7.698543,0,7.698543,227.96510836024,254.29205020757,20.331648919,20.331648919,0,233.96040128857,0,0,2.751800233,231.20860105557,231.20860105557,14.35520371395,13.27892371395,0,1.07628,0.316345108,-40.3658004532801,88.6303839596683,48.2645835063883,225.48061939555,220.59677639555,24.9015009925,0,24.9015009925,195.69527540305,0,195.69527540305,4.883843,-42.38160888873,0,0,0,0,42.38160888873,0,38.93170374073,233.326988386745,283.137710586054,5.93063713009,5.93063713009,0,277.207073455964,0.081344699,0,0,277.125728756964,277.125728756964,8.88565638386182,8.82929986186182,0,0.056356522,0,-58.6963785831703,131.357257370408,72.6608787872381,190.945379495721,179.165881579333,0,0,0,179.165881579333,0,179.165881579333,11.7794979163888,-0.819790168776371,0,0,0,0,0.819790168776371,0,0.646966666666667,203.535711121955,460.218269611814,0,0,0,460.218269611814,0.972415492264416,0,0,459.24585411955,458.962619379747,11.6843729855415,11.6843729855415,0,0,0,-268.366931475401,282.910145699944,14.5432142245429,202.715920952335,163.732183649944,0,0,0,163.732183649944,0,163.732183649944,38.983737302391
2016-05-01,2016,"Q2","2015/16","Q4","May",-366.0951586073,1978.45045355862,258.35404740169,1628.93233700888,48.40188025042,2344.54561216592,585.836705361508,1749.36041758439,14335.9429617171,15110.5376057703,4310.50762042816,4734.64979626213,424.142175833976,10800.0299853422,41.475765521,1.34570740477,30.1871949986361,10727.0213174178,10725.858819443,3165.7614368746,444.458048629686,2081.99774411087,639.305644134047,50.654223329,-3889.70185759886,3742.03759231661,-147.664265282248,13969.8478034034,13936.0216525856,5417.53821551894,3406.01698515551,2011.52123036343,8518.48343706669,4067.7708516903,4450.71258537639,33.8261508177892,-4.0095546766,3.7302803234,1.56300633,2.1672739934,0,7.739835,0,7.739835,260.436099761021,261.67434884184,20.428975361,20.428975361,0,241.24537348084,0,0,2.23200754,239.01336594084,239.01336594084,18.15164249695,17.07536249695,0,1.07628,0.31859143,-19.0713001477693,91.0412680059363,71.969967858167,256.42654408493,251.56031808493,28.6688943136,0,28.6688943136,222.89142377133,0,222.89142377133,4.866226,-42.27730193467,0,0,0,0,42.27730193467,0,38.82739678667,233.561318059519,290.371709086942,5.97072665234,5.97072665234,0,284.400982434602,3.09028865,0,0,281.310693784602,281.310693784602,9.4836349198617,9.4272783978617,0,0.056356522,0,-66.2940259472848,132.631438088153,66.3374121408681,191.284016197854,179.464940069432,0,0,0,179.464940069432,0,179.464940069432,11.8190761284213,-0.819790168776371,0,0,0,0,0.819790168776371,0,0.646966666666667,203.535711121955,460.218269611814,0,0,0,460.218269611814,0.972415492264416,0,0,459.24585411955,458.962619379747,11.6843729855415,11.6843729855415,0,0,0,-268.366931475401,282.910145699944,14.5432142245429,202.715920952335,163.732183649944,0,0,0,163.732183649944,0,163.732183649944,38.983737302391
2016-06-01,2016,"Q2","2015/16","Q4","June",-270.456005309871,2119.6684925026,269.23947887535,1755.60269865741,50.37962399061,2390.12449781247,630.594839464524,1663.19301569887,14467.5071710625,15342.1339434287,4409.33160330392,5066.48647253608,657.154869232165,10932.8023401248,42.412745746,1.970513238,29.6342224515458,10858.7848586893,10858.0007232704,3195.01166774825,429.038971334402,2313.05234358743,452.920352826425,45.952516011,-4023.68592410352,3763.98899921271,-259.696924890815,14197.0511678026,14163.2250169848,5435.40537375256,3410.38608721653,2025.01928653603,8727.81964323228,4240.88818762178,4486.9314556105,33.8261508177892,-3.2601441286,4.3173338714,1.54144149,2.7758923814,0,7.577478,0,7.577478,280.059753056414,265.770640675978,20.751452015,20.751452015,0,245.019188660978,1.37278541928833,0,2.23200754,241.41439570169,241.41439570169,18.43382162595,17.35424362595,0,1.079578,0.261808674,-3.88290057151463,90.187089021903,86.3041884503884,276.799606927814,271.928965927814,36.3287864635,0,36.3287864635,235.600179464314,0,235.600179464314,4.870641,-39.27356885232,0,0,0,0,39.27356885232,0,35.82366370432,237.530961768628,293.709466002603,6.01488121891,6.01488121891,0,287.694584783693,1.99372477267,0,0,285.700860011023,285.700860011023,10.0339976312117,9.8922661072117,0,0.141731524,0,-66.2125018651871,134.131474577818,67.9189727126308,198.257392913753,186.31408868323,0,0,0,186.31408868323,0,186.31408868323,11.9433042305228,-4.14011145337553,0,0,0,0,4.14011145337553,0,2.6415703943038,292.203324665513,562.716698343882,4.49433912798875,4.49433912798875,0,558.222359215893,1.53043920393812,0,0,556.691920011955,556.531600329817,14.9822093755274,14.9822093755274,0,0,0,-285.495583053896,323.832019357947,38.3364363040507,288.063213211814,244.166679922082,0,0,0,244.166679922082,0,244.166679922082,43.8965332897328
2016-07-01,2016,"Q3","2016/17","Q1","July",-366.726966488012,1788.5490495002,264.36972984695,1432.1139088761,50.27195216341,2155.27601598822,588.835246305712,1463.62769448571,14362.8009008787,15584.9334145602,4599.84129324743,5027.43766518838,427.596371940952,10985.0921213127,45.284103318,1.269822856,28.0322739943449,10910.5059211444,10909.5071386379,2827.58157803948,425.992773513142,1983.24248590744,418.3463186189,46.928861011,-4002.7852307099,3842.8979737257,-159.887256984195,13996.0739356062,13962.2477847884,5280.96199079428,3296.13825707458,1984.82373371969,8681.2857939941,4142.02341928999,4539.26237470411,33.8261508177892,-1.79361525273,5.82601774727,2.447911594,3.37810615327,0,7.619633,0,7.619633,265.653628803989,263.44145672516,17.446352941,17.446352941,0,245.99510378416,0,0,2.130999358,243.86410442616,243.86410442616,16.10721962595,15.02239162595,0,1.084828,0.263681319,-13.6313662281212,90.2215455312188,76.5901793030977,263.860014551039,259.056105551039,36.45314799201,0,36.45314799201,222.602957559029,0,222.602957559029,4.803909,-40.68160260355,0,0,0,0,40.68160260355,0,37.23169745555,239.085553443248,294.914462708088,6.05496903487,6.05496903487,0,288.859493673218,2.28750638467,0,0,286.571987288548,286.571987288548,8.5354747272117,8.3937432032117,0,0.141731524,0,-64.3643839920513,135.858182921142,71.4937989290908,198.403950831292,186.215796269219,0,0,0,186.215796269219,0,186.215796269219,12.1881545620737,-4.14011145337553,0,0,0,0,4.14011145337553,0,2.6415703943038,292.203324665513,562.716698343882,4.49433912798875,4.49433912798875,0,558.222359215893,1.53043920393812,0,0,556.691920011955,556.531600329817,14.9822093755274,14.9822093755274,0,0,0,-285.495583053896,323.832019357947,38.3364363040507,288.063213211814,244.166679922082,0,0,0,244.166679922082,0,244.166679922082,43.8965332897328
2016-08-01,2016,"Q3","2016/17","Q1","August",-223.145532999386,1861.24973490856,259.11996619482,1508.84353398401,52.58311595053,2084.39526790794,527.210066575145,1458.20580013023,14652.9186098927,15753.2163069061,4778.79575562294,5198.05928816148,419.263532538545,10974.4205512831,45.415531153,1.84171133782,27.2529424886289,10899.9103663037,10897.5004453533,3123.81173528539,452.897108478062,1877.5852573168,793.329369490532,46.557476957,-4177.55195534174,3827.41474985575,-350.137205485985,14429.7730753762,14395.9469245584,5438.79596300681,3411.60162772903,2027.19433527778,8957.15096155162,4301.9856142198,4655.16534733181,33.8261508177892,-4.34910639885,3.32388760115,1.61376816,1.71011944115,0,7.672994,0,7.672994,271.927597718581,269.71797161874,17.353947425,17.353947425,0,252.36402419374,0,0,1.587299704,250.77672448974,250.77672448974,16.90953031795,15.82470231795,0,1.084828,0.265553577,-14.4343506411092,93.1872718008095,78.7529211597003,267.578491319731,262.932493319731,27.3399529621,0,27.3399529621,235.592540357631,0,235.592540357631,4.645998,-38.32753514724,0,0,0,0,38.32753514724,0,34.87762999924,238.342550002306,296.36081846382,6.09505685083,6.09505685083,0,290.26576161299,2.64905035167,0,0,287.61671126132,287.61671126132,9.43178571921182,9.29005419521182,0,0.141731524,0,-67.4500541807251,132.451354442685,65.0013002619598,200.015014828111,187.586143336099,0,0,0,187.586143336099,0,187.586143336099,12.4288714920125,-4.14011145337553,0,0,0,0,4.14011145337553,0,2.6415703943038,292.203324665513,562.716698343882,4.49433912798875,4.49433912798875,0,558.222359215893,1.53043920393812,0,0,556.691920011955,556.531600329817,14.9822093755274,14.9822093755274,0,0,0,-285.495583053896,323.832019357947,38.3364363040507,288.063213211814,244.166679922082,0,0,0,244.166679922082,0,244.166679922082,43.8965332897328
2016-09-01,2016,"Q3","2016/17","Q1","September",-320.66873590489,1949.01128272831,276.88094991931,1584.50390419709,46.4046987646705,2269.6800186332,606.166007146459,1561.06956946307,14823.3620647836,15998.4552864635,4943.22121734883,5365.68668972303,422.465472374199,11055.2340691147,47.606819045,1.7303524308,26.8173620630787,10979.0795355758,10976.7531396921,3063.84815235205,431.788228097722,1972.64527680046,659.41464745387,48.035681393,-4190.90569263895,3871.0385647173,-319.867127921646,14502.6933334695,14468.8671826517,5451.8641050533,3455.92538445171,1995.93872060158,9017.00307759842,4323.57129748371,4693.43178011471,33.8261508177892,-3.42051460485,3.64218739515,1.320025155,2.32216224015,0,7.062702,0,7.062702,264.062186502564,277.50551702934,17.614459183,17.614459183,0,259.89105784634,0,0,1.587299704,258.30375814234,258.30375814234,18.41424941495,17.32942141495,0,1.084828,0.261809061,-31.5957708807265,92.8873357932254,61.2915649124989,260.641672897714,256.083523897714,21.1473670622,0,21.1473670622,234.936156835514,0,234.936156835514,4.558149,-38.02564909276,0,0,0,0,38.02564909276,0,34.57574394476,235.070525060939,297.97045580564,6.13385151144,6.13385151144,0,291.8366042942,2.89852630867003,0,0,288.93807798553,288.93807798553,10.1683856692117,10.0266541452117,0,0.141731524,0,-73.0683164139127,136.581627368852,63.513310954939,197.044875968197,184.637393445391,0,0,0,184.637393445391,0,184.637393445391,12.4074825228069,-4.26383852742616,0,0,0,0,4.26383852742616,0,2.86492061040788,278.092111314093,600.735598603741,4.85298891701828,4.85298891701828,0,595.882609686723,1.822958395218,0,0,594.059651291505,594.008805778143,14.1893734823488,14.1893734823488,0,0,0,-336.832860771997,384.502468927398,47.6696081554009,273.828272786442,230.72495053609,0,0,0,230.72495053609,0,230.72495053609,43.1033222503516
2016-10-01,2016,"Q4","2016/17","Q2","October",-223.601654216915,2080.51460084753,248.96216182309,1733.17063449468,58.2918158324433,2304.11625506444,693.021018045716,1536.61859143278,14659.3893327339,16035.0655175586,4812.70707744634,5273.08266915208,460.375591705738,11222.3584401123,47.7119396792,1.71932648894,26.8090539840516,11146.1181199601,11143.5700400174,3283.24991053419,437.558505003312,2126.46344022159,719.22796530928,266.663559521,-4392.26253583792,3946.60855566993,-445.653980167994,14435.78767788,14401.9615270622,5311.66905444637,3354.23298139055,1957.43607305582,9090.29247261583,4379.02473988212,4711.26773273371,33.8261508177892,-2.13867970685,5.11824629315,1.43770147,3.68054482315,0,7.256926,0,7.256926,269.51238013576,275.54021585075,13.954941755,13.954941755,0,261.58527409575,0,0,1.065972675,260.51930142075,260.51930142075,19.58524450695,18.49517250695,0,1.090072,0.263681319,-25.3493989029403,95.1404729896768,69.7910740867365,267.37376742891,262.88541742891,21.4537997252,0,21.4537997252,241.43161770371,0,241.43161770371,4.48835,-37.45358552272,0,0,0,0,37.45358552272,0,34.00368037472,235.919499667987,298.578505041773,6.1739393274,6.1739393274,0,292.404565714373,0,0,0,292.404565714373,292.404565714373,10.0747437582118,9.92566415321182,0,0.149079605,0,-72.7337491319986,139.151883759851,66.4181346278526,198.465914145282,185.66960090093,0,0,0,185.66960090093,0,185.66960090093,12.7963132443521,-4.26383852742616,0,0,0,0,4.26383852742616,0,2.86492061040788,278.092111314093,600.735598603741,4.85298891701828,4.85298891701828,0,595.882609686723,1.822958395218,0,0,594.059651291505,594.008805778143,14.1893734823488,14.1893734823488,0,0,0,-336.832860771997,384.502468927398,47.6696081554009,273.828272786442,230.72495053609,0,0,0,230.72495053609,0,230.72495053609,43.1033222503516
2016-11-01,2016,"Q4","2016/17","Q2","November",370.452739809887,2666.80473275378,263.62402132793,2300.45629785428,55.20167737566,2296.35199294389,695.589716531631,1568.72081968509,14641.67640846,16445.1762945689,4816.79010295277,5316.82804619358,500.037943240807,11628.3861916162,43.718171427,1.080592814,26.9232658936179,11556.6641614815,11552.9607102666,3087.28834055954,443.532263733082,1868.31798628254,775.43809054392,399.788875945,-4490.99935072343,4017.45906976081,-473.54028096263,15012.1291452183,14978.3029944005,5582.27787853795,3614.84589473673,1967.43198380122,9396.02511586254,4569.44639278284,4826.5787230797,33.8261508177892,-4.0002495353,3.6069094647,1.84472023,1.7621892347,0,7.607159,0,7.607159,281.852156967102,280.47121004262,13.227587975,13.227587975,0,267.24362206762,0,0,0.92252050735,266.32110156027,266.32110156027,18.16750929495,17.07743729495,0,1.090072,0.265493181,-16.5210691894677,94.7513512519597,78.230282062492,277.851907431802,272.879073632802,19.811874025,0,19.811874025,253.067199607802,0,253.067199607802,4.972833799,-39.671330279,0,0,0,0,39.671330279,0,36.221425131,240.784797713435,304.044133260088,6.21273398801,6.21273398801,0,297.831399272078,0,0,0,297.831399272078,297.831399272078,9.9280208582117,9.7789412532117,0,0.149079605,0,-73.1873564048647,139.931185611633,66.7438292067687,201.113467434923,188.173764450137,0,0,0,188.173764450137,0,188.173764450137,12.9397029847863,-4.26383852742616,0,0,0,0,4.26383852742616,0,2.86492061040788,278.092111314093,600.735598603741,4.85298891701828,4.85298891701828,0,595.882609686723,1.822958395218,0,0,594.059651291505,594.008805778143,14.1893734823488,14.1893734823488,0,0,0,-336.832860771997,384.502468927398,47.6696081554009,273.828272786442,230.72495053609,0,0,0,230.72495053609,0,230.72495053609,43.1033222503516
2016-12-01,2016,"Q4","2016/17","Q2","December",346.653200501602,2516.67093852142,264.36443523289,2163.26954949434,44.71907644314,2170.01773801982,614.027359664944,1544.06029526093,14722.4235974673,15990.6718156105,4464.13975003903,5124.78517418543,660.645424146406,11526.5320655715,47.118717802,1.0419723878,23.5913105561522,11454.7800648256,11452.9484362094,3514.07942295998,546.399793299131,2129.54811304675,838.131516614096,462.050757761,-4320.27688334218,3559.93786560732,-760.339017734865,15069.0767930465,15035.2506422288,5685.76709258646,3700.73108049572,1985.03601209074,9349.48354964229,4349.89237495547,4999.59117468682,33.8261508177892,-3.5259312467,3.3905887533,1.92066629,1.4699224633,0,6.91652,0,6.91652,282.142088111883,279.77914087672,20.246346013,20.246346013,0,259.53279486372,0,0,1,258.53279486372,258.53279486372,17.79729809095,16.61458109095,0,1.182717,0.209447248,-15.2249036077875,95.9116821218334,80.6867785140459,278.616155154511,273.781619191991,21.0391950229,0,21.0391950229,252.742424169091,0,252.742424169091,4.83453596252,-43.073874327,0,0,0,0,43.073874327,0,39.623969179,238.010545676245,300.255570419036,2.84596598997,2.84596598997,0,297.409604429066,0,0,0,297.409604429066,297.409604429066,10.3214769429217,10.1723973379217,0,0.149079605,0,-72.5665016857124,139.706057583132,67.1395558974194,194.936671359405,187.592105984173,0,0,0,187.592105984173,0,187.592105984173,7.34456537523245,-3.39486667651195,0,0,0,0,3.39486667651195,0,2.54865150351617,265.697791753207,567.745847610999,5.14620396905767,5.14620396905767,0,562.599643641941,1.21329715611814,0,0,561.386346485823,561.370875318453,10.7242730661041,10.7242730661041,0,0,0,-312.772328923896,364.485746456006,51.7134175321097,262.302925076835,218.327902557848,0,0,0,218.327902557848,0,218.327902557848,43.9750225189873
2017-01-01,2017,"Q1","2016/17","Q3","January",550.256543599133,2592.44024645145,304.0536606492,2197.16908582124,49.73628776258,2042.18370285232,512.301916074607,1516.67552303542,14470.2030237522,16324.0906122116,4901.26091716136,5328.23612917957,426.975212018212,11422.8296950502,48.624387682,2.423315961,46.0519839567458,11325.7300074505,11324.0158794603,2920.71950144539,524.375512290022,2107.0251322899,289.318856865476,461.067945664,-4313.53914424078,3631.05522894715,-682.483915293624,15020.4595676831,14986.6334168653,5685.52213937751,3725.34781015174,1960.17432922577,9301.11127748776,4482.95138498593,4818.15989250183,33.8261508177892,-2.53408332295,4.38790667705,1.88828439,2.49962228705,0,6.92199,0,6.92199,271.29452860835,282.88275250818,20.705677942,20.705677942,0,262.17707456618,0,0,0.6,261.57707456618,261.57707456618,20.123920832,18.941203832,0,1.182717,0.210945054,-31.5011996778305,96.0078445335251,64.5066448556945,268.7604452854,263.95002616936,20.12608193254,0,20.12608193254,243.82394423682,0,243.82394423682,4.81041911604,-42.473047401,0,0,0,0,42.473047401,0,39.023142253,234.407561466967,292.784511015171,1.91905070534,1.91905070534,0,290.865460309831,0,0,0,290.865460309831,290.865460309831,10.8395242955418,10.6904446905418,0,0.149079605,0,-69.2164738437462,140.536626198676,71.3201523549302,191.934514074497,184.641508196782,0,0,0,184.641508196782,0,184.641508196782,7.2930058777149,-3.39486667651195,0,0,0,0,3.39486667651195,0,2.54865150351617,265.697791753207,567.745847610999,5.14620396905767,5.14620396905767,0,562.599643641941,1.21329715611814,0,0,561.386346485823,561.370875318453,10.7242730661041,10.7242730661041,0,0,0,-312.772328923896,364.485746456006,51.7134175321097,262.302925076835,218.327902557848,0,0,0,218.327902557848,0,218.327902557848,43.9750225189873
2017-02-01,2017,"Q1","2016/17","Q3","February",338.508484094879,2313.91076463791,306.79692841818,1928.47439601502,41.74115054596,1975.40228054303,413.935022034024,1545.30653252206,14927.4723344613,16544.2322195994,5084.42478816237,5512.85199277949,428.427204617116,11459.807431437,43.972365084,1.45484297746,40.9063306370939,11373.4738927385,11371.879050009,3550.64120992145,512.856694195332,1983.12651782669,1054.65799789943,509.043482014,-4658.35761304556,3827.62825488967,-830.729358155897,15265.980818491,15217.6428293119,5736.01584724751,3640.61563733959,2095.40020990792,9481.62698206439,4662.6420001255,4818.98498193889,48.3379891791176,-2.6231556653,4.3433453347,1.898432715,2.4449126197,0,6.966501,0,6.966501,280.682647078685,282.11674152619,20.938627942,20.938627942,0,261.17811358419,0,0,1,260.17811358419,260.17811358419,19.97136306731,18.78864606731,0,1.182717,0.212297911,-21.193159603815,96.3894329997423,75.1962733959273,278.059491413388,273.207803011488,18.13080856584,0,18.13080856584,255.076994445648,0,255.076994445648,4.8516884019,-42.732659627,0,0,0,0,42.732659627,0,39.282754479,231.358125178558,286.103373805018,0,0,0,286.103373805018,0,0,0,286.103373805018,286.103373805018,11.4517856155413,11.3027060105413,0,0.149079605,0,-66.1970342420021,141.106196781484,74.9091625394815,188.625465543192,181.25702098354,0,0,0,181.25702098354,0,181.25702098354,7.3684445596528,-3.39486667651195,0,0,0,0,3.39486667651195,0,2.54865150351617,265.697791753207,567.745847610999,5.14620396905767,5.14620396905767,0,562.599643641941,1.21329715611814,0,0,561.386346485823,561.370875318453,10.7242730661041,10.7242730661041,0,0,0,-312.772328923896,364.485746456006,51.7134175321097,262.302925076835,218.327902557848,0,0,0,218.327902557848,0,218.327902557848,43.9750225189873
2017-03-01,2017,"Q1","2016/17","Q3","March",356.877860903108,2422.51268223403,267.37596787671,2072.42979662497,45.4385191529282,2065.63482133093,517.096336655612,1540.54013283548,15122.6313071168,16283.8521965546,4913.82659561849,5371.99209990693,458.165504288436,11370.0256009361,41.789845634,1.11498888274,39.4180021219465,11287.7027642974,11286.1223694145,3920.40213544284,476.150477254972,2218.19134650206,1226.06031168581,514.024572956,-4567.59845192462,3788.68378256957,-778.914669355054,15479.5091722615,15431.1711830824,5792.58096208802,3685.44578772869,2107.13517435933,9638.59022099439,4603.48221458691,5035.10800640747,48.3379891791176,-1.50874871607,4.84135728393,2.015894965,2.82546231893,0,6.350106,0,6.350106,284.393071676347,276.92267374497,21.195113871,21.195113871,0,255.72755987397,0,0,1,254.72755987397,254.72755987397,19.74665248196,18.51168848196,0,1.234964,0.209447248,-12.0668073025833,101.902780747036,89.8359734444529,282.88432117028,278.1147064076,18.12475981842,0,18.12475981842,259.98994658918,0,259.98994658918,4.76961476268,-46.37096282175,0,0,0,0,46.37096282175,0,42.92105767375,240.678909639978,281.572022106146,0,0,0,281.572022106146,0,0,0,281.572022106146,281.572022106146,10.4466690775413,10.2969240875413,0,0.14974499,0,-51.3397815437089,143.121824223756,91.7820426800467,194.30794681504,186.898633785889,0,0,0,186.898633785889,0,186.898633785889,7.4093130291511,-2.81900701969058,0,0,0,0,2.81900701969058,0,2.6469275302391,276.674025608242,585.768543712391,4.83622345850914,4.83622345850914,0,580.932320253882,0.800058518987342,0,0,580.132261734895,580.022078743333,11.5703364207032,11.5703364207032,0,0,0,-320.664854524852,391.058432699297,70.3935781744444,273.855018588495,220.037174892293,0,0,0,220.037174892293,0,220.037174892293,53.8178436962025
2017-04-01,2017,"Q2","2016/17","Q4","April",207.973778606625,2275.35876493957,270.55141709857,1898.25449909583,68.57965022642,2067.38498633294,514.752113688068,1531.75401781597,15059.1369227553,16548.5476643419,5095.78313378306,5540.89146177503,445.108327991966,11452.7645305588,48.910774174,1.43870542025,38.2535239773346,11364.1615269873,11362.3816466124,3496.38475695682,485.763474372082,2165.13306202499,845.48822055974,516.6584527442,-4469.13704579928,3818.10294295228,-651.034102846997,15267.1107022389,15218.7727130598,5690.6452891792,3562.48209339041,2128.16319578879,9528.1274238806,4481.70270093757,5046.42472294302,48.3379891791176,2.3965725082,8.7857985082,1.708739204,7.0770593042,0,6.389226,0,6.389226,269.482080029834,278.53343893964,21.451931157,21.451931157,0,257.08150778264,0,0,1,256.08150778264,256.08150778264,18.75852209658,17.52882740258,0,1.229694694,0.210896738,-27.5989842683869,101.669886461831,74.0709021934439,271.878652538037,267.221824720037,19.29436052599,0,19.29436052599,247.927464194047,0,247.927464194047,4.656827818,-46.71993568999,0,0,0,0,46.71993568999,0,43.27003054199,236.71351833383,279.906778242965,0,0,0,279.906778242965,0,0,0,279.906778242965,279.906778242965,11.0836177775418,10.9338727875418,0,0.14974499,0,-54.276877686677,142.057475954645,87.780598267968,189.993582658102,182.585873576015,0,0,0,182.585873576015,0,182.585873576015,7.4077090820868,-2.81900701969058,0,0,0,0,2.81900701969058,0,2.6469275302391,276.674025608242,585.768543712391,4.83622345850914,4.83622345850914,0,580.932320253882,0.800058518987342,0,0,580.132261734895,580.022078743333,11.5703364207032,11.5703364207032,0,0,0,-320.664854524852,391.058432699297,70.3935781744444,273.855018588495,220.037174892293,0,0,0,220.037174892293,0,220.037174892293,53.8178436962025
2017-05-01,2017,"Q2","2016/17","Q4","May",133.798685008451,2146.2202285316,287.38630735301,1763.08223517179,70.2218301697222,2012.42154352315,428.895569045237,1546.11537477593,15432.5545960548,16310.6505367008,4875.00577451807,5338.08340981599,463.077635297919,11435.6447621827,47.97041531295,1.4144557727,37.4941118078399,11348.7657792892,11346.5193464796,4084.01737628798,517.958645701312,2032.45174948256,1533.60698110411,520.7062969822,-4441.40701995176,3921.63010570007,-519.776914251687,15566.3532841289,15518.0152949498,5788.29430414328,3652.21337886023,2136.08092528306,9729.72099080649,4565.25719022342,5164.46380058307,48.3379891791176,4.5532178863,10.9629008863,2.481399286,8.4815016003,0,6.409683,0,6.409683,292.939439176103,285.242168803864,21.717436086,21.717436086,0,263.524732717864,0,0,1.0558869108,262.468845807064,262.468845807064,23.29192464663,22.06222995263,0,1.229694694,0.212394544,-15.3822597303917,101.684180384285,86.3019206538934,297.492655852406,292.813984004396,19.67077650762,0,19.67077650762,273.143207496776,0,273.143207496776,4.67867184801,-45.49591839935,0,0,0,0,45.49591839935,0,42.04601325135,238.033927016585,279.881346768176,1.32730382335,1.32730382335,0,278.554042944826,0,0,0,278.554042944826,278.554042944826,12.1001287945413,11.9491842735413,0,0.150944521,0,-53.9475485461326,143.251155134885,89.303606588752,192.53800864161,185.126723865049,0,0,0,185.126723865049,0,185.126723865049,7.41128477656099,-2.81900701969058,0,0,0,0,2.81900701969058,0,2.6469275302391,276.674025608242,585.768543712391,4.83622345850914,4.83622345850914,0,580.932320253882,0.800058518987342,0,0,580.132261734895,580.022078743333,11.5703364207032,11.5703364207032,0,0,0,-320.664854524852,391.058432699297,70.3935781744444,273.855018588495,220.037174892293,0,0,0,220.037174892293,0,220.037174892293,53.8178436962025
2017-06-01,2017,"Q2","2016/17","Q4","June",104.804161436626,2140.63424779399,320.1492860708,1668.86642037823,130.61142182351,2035.83008635736,438.235758312699,1566.38211964223,16045.1449667267,16321.7288782476,4737.42477868689,5178.01791581661,440.593137129722,11584.3040995607,44.597759964,1.4115719687,51.1025405988239,11487.1922270292,11484.9117019759,4652.00693237165,489.504893583322,2138.04766890202,2024.4543698863,513.1441953998,-4415.44664849278,3908.98456823644,-506.462080256344,16149.9491230815,16101.6111339024,5899.2934466235,3759.05960781041,2140.23383881309,10202.3176872789,4812.36350829271,5389.95417898618,48.3379891791176,-0.38320889875,5.91674474355,2.1624907,3.75425404355,0,6.2999536423,0,6.2999536423,315.744320741725,285.656405912448,21.952201372,21.952201372,0,263.704204540448,0,0,0.8574096488,262.846794891648,262.846794891648,22.38081441458,21.17588484558,0,1.204929569,0.157085435,7.86418584969726,100.293924011474,108.158109861171,315.361112842976,310.675330172056,21.2194968384,0,21.2194968384,289.455833333656,0,289.455833333656,4.68578267092,-50.78524343537,0,0,0,0,50.78524343537,0,47.33533828737,239.713677134461,279.023238868413,1.33926812845,1.33926812845,0,277.683970739963,0,0,0,277.683970739963,277.683970739963,13.0487115775413,12.8977670565413,0,0.150944521,0,-52.3582733114931,145.15320410535,92.7949307938564,188.928433739508,181.539811702555,0,0,0,181.539811702555,0,181.539811702555,7.38862203695219,-2.49608227144866,0,0,0,0,2.49608227144866,0,2.43373311673699,311.609572355949,614.06939974526,5.22724770886076,5.22724770886076,0,608.842152036399,0.757026708860759,0,0,608.085125327539,607.237953587736,13.5231375949367,13.5231375949367,0,0,0,-315.982964984248,396.708571901927,80.7256069176793,309.113490083769,248.77920222301,0,0,0,248.77920222301,0,248.77920222301,60.3342878607595
2017-07-01,2017,"Q3","2017/18","Q1","July",232.211805182639,2180.51874086641,303.75033241227,1689.0143114739,168.47856321404,1948.30693568377,347.949373506464,1570.93846475276,15673.5711531421,16582.7657518221,4952.62774624992,5443.54295866894,490.915212419023,11630.1380055722,44.949572946,1.37609772613118,53.5149123763181,11530.2974225238,11529.9648225062,4042.16728047779,521.163736381171,1871.99646288628,1649.00708121034,519.7603531252,-4431.60152603264,3955.87651530519,-475.725010727451,15905.7829571719,15857.4449679928,5837.04957562683,3680.83311981646,2156.21645581037,10020.395392366,4741.0681688031,5279.32722356288,48.3379891791176,0.488180894960001,6.8540635376,2.544542718,4.3095208196,0,6.36588264264,0,6.36588264264,297.135864106002,291.350395380077,22.223338301,22.223338301,0,269.127057079077,0,0,4.876667009,264.250390070077,264.250390070077,22.36320344258,20.93336887358,0,1.429834569,0.15820879,-16.4195259266554,101.413416438919,84.9938905122636,297.624046000962,292.976238390762,22.36899938281,0,22.36899938281,270.607239007952,0,270.607239007952,4.6478076102,-48.07212818337,0,0,0,0,48.07212818337,0,43.14222303537,230.087934577306,276.831259863834,1.35163124345,1.35163124345,0,275.479628620384,0,0,0,275.479628620384,275.479628620384,11.12406900882,10.97312448782,0,0.150944521,0,-57.8673942953487,146.390102854234,88.5227085588857,182.015806373966,174.707869977685,0,0,0,174.707869977685,0,174.707869977685,7.30793639628128,-2.49608227144866,0,0,0,0,2.49608227144866,0,2.43373311673699,311.609572355949,614.06939974526,5.22724770886076,5.22724770886076,0,608.842152036399,0.757026708860759,0,0,608.085125327539,607.237953587736,13.5231375949367,13.5231375949367,0,0,0,-315.982964984248,396.708571901927,80.7256069176793,309.113490083769,248.77920222301,0,0,0,248.77920222301,0,248.77920222301,60.3342878607595
2017-08-01,2017,"Q3","2017/18","Q1","August",31.4067241161358,2069.16069287654,361.13879881119,1610.13508044983,77.242407739,2037.7539687604,420.681606100481,1566.64998857684,16238.4794832238,16654.1286913802,4974.42161107123,5508.31204024336,533.890429172135,11679.707080309,42.71955397265,1.32070843007467,48.8801643309781,11586.7866535753,11585.9888585793,4727.44534835738,481.55138292611,2085.24102862404,2160.65293680723,518.4800651252,-4624.61449138853,4004.89006080258,-619.724430585951,16269.8862120362,16221.5482228571,5859.18438512242,3731.21682697493,2127.96755814749,10362.3638377347,4923.48436369654,5438.87947403813,48.3379891791176,0.0537952918500002,6.43393198635,1.820511413,4.61342057335,0,6.3801366945,0,6.3801366945,293.879828361179,301.79502759186,22.57632023,22.57632023,0,279.21870736186,0,0,4.876667009,274.34204035286,274.34204035286,22.27917108616,20.93307920116,0,1.346091885,0.159332145,-30.0350381718408,102.03331189623,71.9982737243893,293.933623653029,289.264405367079,23.1454709893,0,23.1454709893,266.118934377779,0,266.118934377779,4.66921828595,-47.20765112637,0,0,0,0,47.20765112637,0,42.27774597837,232.751362538901,277.604277000167,1.36399435845,1.36399435845,0,276.240282641717,0,0,0,276.240282641717,276.240282641717,12.58120732009,12.43026279909,0,0.150944521,0,-57.4341217813556,147.959318755297,90.5251969739414,185.543711410109,177.833610548005,0,0,0,177.833610548005,0,177.833610548005,7.71010086210384,-2.49608227144866,0,0,0,0,2.49608227144866,0,2.43373311673699,311.609572355949,614.06939974526,5.22724770886076,5.22724770886076,0,608.842152036399,0.757026708860759,0,0,608.085125327539,607.237953587736,13.5231375949367,13.5231375949367,0,0,0,-315.982964984248,396.708571901927,80.7256069176793,309.113490083769,248.77920222301,0,0,0,248.77920222301,0,248.77920222301,60.3342878607595
2017-09-01,2017,"Q3","2017/18","Q1","September",-195.24687076504,2145.58189303609,364.01863836256,1616.81792781322,146.18404529375,2340.82876380113,579.191510954042,1725.48983432717,16505.358230942,16634.5232314958,4881.26797140409,5518.86359769931,637.595626295225,11753.2552600917,42.994721996,1.27368787852747,40.568388036234,11668.4184621809,11667.8501184651,5034.64801596079,471.433250700272,2175.20642503274,2388.00834022778,498.6907712552,-4665.12224525939,4087.45149193924,-577.670753320158,16310.1113632832,16261.773374104,5937.0972554017,3855.8994894787,2081.19776592299,10324.6761187023,4926.40982679685,5398.26629190549,48.3379891791176,1.12940634627,6.85819093602,1.724731768,5.13345916802,0,5.72878458975,0,5.72878458975,315.505228566608,307.54690685103,22.827865516,22.827865516,0,284.71904133503,0,0,4.876667009,279.84237432603,279.84237432603,23.90960234026,21.96147349126,0,1.948128849,0.157085437,-15.7941951876822,102.972289479586,87.1780942919035,316.634634912878,311.916786407717,24.66791074666,0,24.66791074666,287.248875661058,0,287.248875661058,4.71784850516,-36.27228819437,0,0,0,0,36.27228819437,0,31.34238304637,231.982601330059,278.921065670925,1.43701230245,1.43701230245,0,277.484053368475,0,0,0,277.484053368475,277.484053368475,11.73674596109,11.64685507909,0,0.089890882,0,-58.6752103019554,144.991297646736,86.3160873447811,195.710313452624,187.974975131367,0,0,0,187.974975131367,0,187.974975131367,7.73533832125695,-4.57715838537271,0,0,0,0,4.57715838537271,0,4.50587353727145,298.731235163066,636.470666511955,5.02187746694796,5.02187746694796,0,631.448789045007,0.990029081575246,0,0,630.458759963432,630.104211289733,11.6776309001406,11.6776309001406,0,0,0,-349.41706224903,414.528548298172,65.1114860491421,294.154076777398,225.756949019311,0,0,0,225.756949019311,0,225.756949019311,68.3971277580872
2017-10-01,2017,"Q4","2017/18","Q2","October",114.452539116854,2269.01240772279,380.957404641669,1728.18086020324,140.16602241658,2154.55986860594,423.262578930486,1708.17896670611,16505.2133714688,17016.6937120079,5064.08294831656,5564.36982377752,500.286875460962,11952.6107636914,42.695546918,1.23442393309551,33.860752081145,11874.8200407591,11874.2197693615,4892.87826145694,501.792504537801,2195.54501564653,2195.54074127261,504.8923360952,-4899.46626590089,4155.33975178063,-744.126514120262,16619.6659136586,16571.3279244795,6017.02512642427,3900.23762216847,2116.78750425579,10554.3027980552,5120.38741528793,5433.91538276732,48.3379891791176,-0.86184976398,5.99288358,3.03720772,2.95567586,0,6.85473334398,0,6.85473334398,322.81070617258,319.65144975631,20.08243312,20.08243312,0,299.56901663631,0,0,5.61548711,293.95352952631,293.95352952631,25.74009362898,24.37777138998,0,1.362322239,0.15820879,-22.4226284227101,102.68320687076,80.2605784480499,321.9488563786,317.09347394507,28.48290449,0,28.48290449,288.61056945507,0,288.61056945507,4.85538243353,-35.01980496237,0,0,0,0,35.01980496237,0,30.08989981437,241.861098248182,281.135323820322,1.45780940145,1.45780940145,0,279.677514418872,0,0,0,279.677514418872,279.677514418872,12.90420518109,12.81431429909,0,0.089890882,0,-52.1784307532301,146.339531215917,94.1611004626869,206.841293284117,199.079913948462,0,0,0,199.079913948462,0,199.079913948462,7.76137933565524,-4.57715838537271,0,0,0,0,4.57715838537271,0,4.50587353727145,298.731235163066,636.470666511955,5.02187746694796,5.02187746694796,0,631.448789045007,0.990029081575246,0,0,630.458759963432,630.104211289733,11.6776309001406,11.6776309001406,0,0,0,-349.41706224903,414.528548298172,65.1114860491421,294.154076777398,225.756949019311,0,0,0,225.756949019311,0,225.756949019311,68.3971277580872
2017-11-01,2017,"Q4","2017/18","Q2","November",-17.0177917461383,2138.86502899996,373.66160122169,1674.81154128244,71.75596774371,2155.8828207461,477.034690204672,1656.11950922443,16900.7944363455,17069.5112595804,5141.5154655149,5650.89821941809,509.382753903183,11927.9957940654,15.434154885,1.20276283165,34.9908466705414,11876.3680296783,11875.8899214612,5406.20379780372,484.747817476832,2533.55757275484,2387.89840757205,503.6417690952,-5071.27885194338,4231.22520227106,-840.053649672325,16883.776650825,16835.4386616458,6023.93484713306,3906.81761875667,2117.1172283764,10811.5038145128,5185.73802760067,5625.7657869121,48.3379891791176,-1.47544636775,5.3973079641,2.603394853,2.7939131111,0,6.87275433185,0,6.87275433185,350.028813094517,325.26384909804,20.664689367,20.664689367,0,304.59915973104,0,0,5.615487106,298.98367262504,298.98367262504,23.72714854776,20.64515850976,0,3.081990038,0.159295909,1.19711135771711,104.84171086681,106.038822224527,348.553366726573,343.469308058413,30.03663740476,0,30.03663740476,313.432670653653,0,313.432670653653,5.08405866816,-34.82887211237,0,0,0,0,34.82887211237,0,29.89896696437,241.52662074396,284.894599994795,1.46977370645,1.46977370645,0,283.424826288345,0,0,0,283.424826288345,283.424826288345,13.19646387809,13.09503727209,0,0.101426606,0,-56.5644431289254,147.872751794849,91.3083086659233,206.697748096262,198.699446076934,0,0,0,198.699446076934,0,198.699446076934,7.99830201932779,-4.57715838537271,0,0,0,0,4.57715838537271,0,4.50587353727145,298.731235163066,636.470666511955,5.02187746694796,5.02187746694796,0,631.448789045007,0.990029081575246,0,0,630.458759963432,630.104211289733,11.6776309001406,11.6776309001406,0,0,0,-349.41706224903,414.528548298172,65.1114860491421,294.154076777398,225.756949019311,0,0,0,225.756949019311,0,225.756949019311,68.3971277580872
2017-12-01,2017,"Q4","2017/18","Q2","December",12.453403326871,2264.52396364913,418.504003375421,1615.27455118051,229.36483506416,2252.07056032226,541.903587021454,1690.150810966,17064.3935011909,17099.7882112173,4933.60002917142,5680.18898054987,746.58895137845,12166.1881820459,12.864493918,1.26028174115,34.4935321479033,12117.5698742389,12117.2379318976,5230.69770232225,690.721072284651,1991.48929529234,2548.48733474526,478.4790376962,-4787.61337465248,4358.12761817642,-429.485756476058,17076.8469077243,17028.5089185452,6034.10099338467,3860.25094287943,2173.85005050523,10994.4079251605,5320.40907812205,5673.99884703848,48.3379891791176,-0.836146690839999,5.56156208659,2.486572019,3.07499006759,0,6.39770877743,0,6.39770877743,346.329363265113,330.571545855568,17.877340557,17.877340557,0,312.694205298568,0,0,5.615487106,307.078718192568,307.078718192568,22.21128365916,20.96383741816,0,1.247446241,4.69541494,-1.75805130961528,103.905208366079,102.147157056464,345.493216574273,340.407930775693,30.29304691393,0,30.29304691393,310.114883861763,0,310.114883861763,5.08528579858,-33.22072204237,0,0,0,0,33.22072204237,0,29.00181689437,240.793438330371,284.448399068159,1.48213682145,1.48213682145,0,282.966262246709,0,0,0,282.966262246709,282.966262246709,11.1419377051003,11.0405110991003,0,0.101426606,0,-54.7968984428887,150.529080654543,95.7321822116547,207.572716284783,199.684143717937,0,0,0,199.684143717937,0,199.684143717937,7.88857256684689,-4.30960622503516,0,0,0,0,4.30960622503516,0,3.72407296624473,302.804314968987,656.467672357665,2.37621454711674,2.37621454711674,0,654.091457810549,1.41640850351617,0,0,652.675049307032,651.484517665682,12.3565507182841,12.3565507182841,0,0,0,-366.019908106962,436.516228115063,70.4963200081013,298.494708743952,230.952310669255,0,0,0,230.952310669255,0,230.952310669255,67.5423980746976
2018-01-01,2018,"Q1","2017/18","Q3","January",450.143021732239,2610.11245811938,390.477716416547,1946.3065414258,253.642921988153,2159.96943638714,463.244003340962,1685.7708667624,16326.538655496,17248.0953885611,5244.24862319014,5740.79236777565,496.543744585508,12003.846765371,12.4040142548184,1.16839856073,33.2772285031454,11956.9971240523,11956.4234615601,4818.55088939639,576.634974515184,2163.00931440697,2078.90660047423,740.444738623803,-4999.66288383776,4396.03504279338,-603.627841044372,16776.6816759847,16728.3436868056,6049.71570703507,3893.81242519512,2155.90328183995,10678.6279797705,5342.19421312164,5336.43376664888,48.3379891791176,-1.66538201707,5.478627726,2.278542331,3.200085395,0,7.14400974307,0,7.14400974307,330.426061545537,334.78687562724,17.789811785,17.789811785,0,316.99706384224,0,0,5.8907814381,311.10628240414,311.10628240414,21.56815555276,19.97746363076,0,1.590691922,5.360773274,-20.5681963604631,103.681611602839,83.1134152423757,328.760679527687,323.537596934237,40.04270469191,0,40.04270469191,283.494892242327,0,283.494892242327,5.22308259345,-31.68878034937,0,0,0,0,31.68878034937,0,27.46987520137,231.574127019423,276.08894102125,1.49449993645,1.49449993645,0,274.5944410848,0,0,0,274.5944410848,274.5944410848,13.1121326051,13.0107059991,0,0.101426606,0,-57.6269466069276,151.665016215573,94.0380696086452,199.885346669155,192.166021082327,0,0,0,192.166021082327,0,192.166021082327,7.71932558682809,-4.30960622503516,0,0,0,0,4.30960622503516,0,3.72407296624473,302.804314968987,656.467672357665,2.37621454711674,2.37621454711674,0,654.091457810549,1.41640850351617,0,0,652.675049307032,651.484517665682,12.3565507182841,12.3565507182841,0,0,0,-366.019908106962,436.516228115063,70.4963200081013,298.494708743952,230.952310669255,0,0,0,230.952310669255,0,230.952310669255,67.5423980746976
2018-02-01,2018,"Q1","2017/18","Q3","February",580.258081585803,2951.91089890292,309.10487267561,2344.63632798283,265.73593136467,2371.65281731712,633.663460005117,1728.84943575374,16687.4941303067,17105.8199703801,5125.95120288266,5603.19729715032,477.246094267663,11979.8687674974,7.280725918,1.14071184647,34.1371795533661,11937.3101501796,11936.6815561333,4942.60454186043,571.716074962452,2152.95860086111,2217.92986603687,445.6467167632,-4915.28366517056,4477.53641693373,-437.747248236831,17267.7522111403,17219.4142219612,6162.18814566006,3949.52475024542,2212.66339541465,11057.2260763011,5633.3270272441,5423.89904905704,48.3379891791176,-2.36895450127,5.4298986225,3.143591138,2.2863074845,0,7.79885312377,0,7.79885312377,345.144698784054,338.52714731433,17.914861862,17.914861862,0,320.61228545233,0,0,5.890781438,314.72150401433,314.72150401433,24.02391232015,22.53246203715,0,1.491450283,5.361449703,-12.0449111474253,104.826936414284,92.7820252668591,342.775744282765,337.378083955625,37.44963818088,0,37.44963818088,299.928445774745,0,299.928445774745,5.39766032714,-30.71549930237,0,0,0,0,30.71549930237,0,26.49659415437,229.82851859559,272.381224601325,1.50783725745,1.50783725745,0,270.873387343875,0,0,0,270.873387343875,270.873387343875,13.7639300051,13.6625033991,0,0.101426606,0,-56.316636010835,152.886696977019,96.5700609661837,199.113018936596,191.436228802316,0,0,0,191.436228802316,0,191.436228802316,7.67679013427968,-4.30960622503516,0,0,0,0,4.30960622503516,0,3.72407296624473,302.804314968987,656.467672357665,2.37621454711674,2.37621454711674,0,654.091457810549,1.41640850351617,0,0,652.675049307032,651.484517665682,12.3565507182841,12.3565507182841,0,0,0,-366.019908106962,436.516228115063,70.4963200081013,298.494708743952,230.952310669255,0,0,0,230.952310669255,0,230.952310669255,67.5423980746976
2018-03-01,2018,"Q1","2017/18","Q3","March",828.730811372409,2563.32040475024,346.89302525868,1886.19899732372,308.99533306332,1734.58959337783,406.4949243184,1321.67925789796,16268.6888842172,16924.4198681249,4752.48989224608,5296.12748648079,543.637594234708,12171.9299758788,5.718596004,1.12366820662,33.4472028920193,12131.6405087762,12130.552703969,4657.58600097292,494.880307497052,1965.61433084999,2197.09136262588,428.9904910022,-4884.32649387841,4374.25837879415,-510.068115084254,17097.419699656,17049.0817104769,6124.75850173254,3908.8454326558,2215.91306907673,10924.3232087444,5467.53193254296,5456.79127620141,48.3379891791176,-10.54789697297,4.71701624226,3.123895933,1.59312030926,0,15.26491321523,0,15.26491321523,352.995009116241,339.50074653053,18.05304109,18.05304109,0,321.44770544053,0,0,5.8907814381,315.55692400243,315.55692400243,18.95063199238,17.53280992138,0,1.417822071,5.633024372,0.176654965330712,102.233016155537,102.409671120868,342.447113143271,337.047120650551,35.27422422218,0,35.27422422218,301.772896428371,0,301.772896428371,5.39999249272,-30.92635594237,0,0,0,0,30.92635594237,0,26.70745079437,231.063185170266,270.748648027523,1.52020037271,1.52020037271,0,269.228447654813,0,0,0,269.228447654813,269.228447654813,12.36122320863,12.25719299863,0,0.10403021,0,-52.0466860658868,162.698267920997,110.65158185511,200.136829161788,192.505335789508,0,0,0,192.505335789508,0,192.505335789508,7.63149337227978,-4.15694626019691,0,0,0,0,4.15694626019691,0,3.64792544725738,344.405121778354,686.35104774737,2.58931082981716,2.58931082981716,0,683.761736917553,1.13887456118143,0,0,682.622862356371,681.650769252293,11.4194030829817,11.4194030829817,0,0,0,-353.365329051997,440.273131832998,86.9078027810006,340.248175518157,267.035058556076,0,0,0,267.035058556076,0,267.035058556076,73.2131169620816
2018-04-01,2018,"Q2","2017/18","Q4","April",957.238970896998,2780.96108087299,449.62487432791,1955.34647680779,334.09166985198,1823.72210997599,549.041273015629,1268.23636469265,16182.8967766224,17172.8321006545,4910.93922587392,5460.86672179661,549.92749592269,12261.8928747806,6.048283996,1.08824058616,27.2716006490523,12227.4847495494,12226.306590628,4528.42709038246,522.951151872771,1954.36091842926,2051.11502008043,459.8294913422,-5058.53292307236,4381.70931760269,-676.823605469667,17140.1357491588,17091.7977599796,6184.86846642583,3893.8154913368,2291.05297508903,10906.9292935538,5363.94958224281,5542.979711311,48.3379891791176,-11.28170247305,4.94056422175,2.416000758,2.52456346375,0,16.2222666948,0,16.2222666948,364.635231589223,347.84620684528,18.184343601,18.184343601,0,329.66186324428,0,0,6.1829162981,323.47894694618,323.47894694618,18.59500294922,17.40043760148,0,1.19456534774,5.633749117,3.82777091172311,103.432660154327,107.26043106605,353.353529116173,348.281442723873,34.56633587384,0,34.56633587384,313.715106850033,0,313.715106850033,5.0720863923,-29.67387370937,0,0,0,0,29.67387370937,0,25.45496856137,233.78970463079,271.09327294466,1.53216467781,1.53216467781,0,269.56110826685,0.4,0,0,269.16110826685,269.16110826685,12.4800637391,12.3760335291,0,0.10403021,0,-49.7836320529698,164.126998869305,114.343366816335,204.115830853302,196.518646782662,0,0,0,196.518646782662,0,196.518646782662,7.59718407064018,-4.15694626019691,0,0,0,0,4.15694626019691,0,3.64792544725738,344.405121778354,686.35104774737,2.58931082981716,2.58931082981716,0,683.761736917553,1.13887456118143,0,0,682.622862356371,681.650769252293,11.4194030829817,11.4194030829817,0,0,0,-353.365329051997,440.273131832998,86.9078027810006,340.248175518157,267.035058556076,0,0,0,267.035058556076,0,267.035058556076,73.2131169620816
2018-05-01,2018,"Q2","2017/18","Q4","May",979.892209888958,2787.6196923107,463.794712433969,1917.11027075799,374.23585515409,1807.72748242174,494.141406267507,1308.74286595548,16512.6667158468,17354.2696646701,5003.63708550908,5547.83148572146,544.194400212383,12350.632579161,4.588313996,1.08209186807,27.5915766899976,12317.3705966069,12315.4627320126,4677.03074188976,577.310083618021,2394.12128115965,1705.59937711209,459.8294913422,-5058.80419937082,4404.18915304172,-654.615046329105,17492.5589278024,17444.2209386232,6276.09890992919,3953.85116388595,2322.24774604324,11168.1220286941,5526.35801353922,5641.76401515483,48.3379891791176,-11.25276475271,5.6892938884,2.566263571,3.1230303174,0,16.94205864111,0,16.94205864111,365.102773736179,359.86839029748,18.320021829,18.320021829,0,341.54836846848,0,0,6.1829162981,335.36545217038,335.36545217038,22.55232601474,21.38497942748,0,1.16734658726,6.06739802,-11.2505445560415,102.301466239716,91.0509216836744,353.850008983468,348.570096623368,36.18548618043,0,36.18548618043,312.384610442938,0,312.384610442938,5.2799123601,-34.43950295237,0,0,0,0,34.43950295237,0,30.22059780437,241.771478424294,272.925407585954,0.0716582591700001,0.0716582591700001,0,272.853749326784,0.4,0,0,272.453749326784,272.453749326784,13.46347880865,13.35944859865,0,0.10403021,0,-44.6174079703099,164.283160855259,119.665752884949,207.331975412048,199.755682336715,0,0,0,199.755682336715,0,199.755682336715,7.57629307533308,-4.15694626019691,0,0,0,0,4.15694626019691,0,3.64792544725738,344.405121778354,686.35104774737,2.58931082981716,2.58931082981716,0,683.761736917553,1.13887456118143,0,0,682.622862356371,681.650769252293,11.4194030829817,11.4194030829817,0,0,0,-353.365329051997,440.273131832998,86.9078027810006,340.248175518157,267.035058556076,0,0,0,267.035058556076,0,267.035058556076,73.2131169620816
2018-06-01,2018,"Q2","2017/18","Q4","June",1640.14144238459,3439.55544690256,395.62186681501,2686.34659271573,315.94000512478,1799.41400451796,494.005805547501,1296.47021781867,16513.2341470848,17831.2109077906,5113.69806619266,5829.80788815807,716.109821965407,12717.512841598,3.173324608,1.06776095202,41.7357002980706,12671.5360557399,12667.5034461744,4034.27262783827,507.425930063709,1942.801070569,1584.04562720556,437.6136041922,-4914.63578435189,4319.55617365377,-595.079610698122,18153.3755906264,18105.0376014473,6740.91327230359,4388.3596814325,2352.55359087109,11364.1243291437,5685.52274402868,5678.60158511506,48.3379891791176,-18.6054055373,2.9988169711,2.375142861,0.6236741101,0,21.6042225084,0,21.6042225084,414.84837861655,365.18170920395,18.45132334,18.45132334,0,346.73038586395,0,0,5.3899162981,341.34046956585,341.34046956585,22.18400582728,19.90831427148,0,2.2756915558,5.439435903,32.9220994883201,110.901205736502,143.823305224822,396.242973079246,390.769848299326,39.33812894165,0,39.33812894165,351.431719357676,0,351.431719357676,5.47312477992,-24.57661263337,0,0,0,0,24.57661263337,0,20.35770748537,237.355368442043,274.114433023043,0.0731143461700001,0.0731143461700001,0,274.041318676873,0.4,0,0,273.641318676873,273.641318676873,13.47396520677,13.36993499677,0,0.10403021,0,-50.2330297877708,165.459962719114,115.226932931343,212.778755806414,205.224373349611,0,0,0,205.224373349611,0,205.224373349611,7.55438245680307,-5.89832604922644,0,0,0,0,5.89832604922644,0,5.33313091842475,370.587614582336,718.374127242799,3.95408832348804,3.95408832348804,0,714.420038919311,1.4622742137834,0,0,712.957764705528,712.581016327187,13.8760164767932,13.8760164767932,0,0,0,-361.662529137257,483.740540834141,122.078011696885,364.689288533109,288.793948378243,0,0,0,288.793948378243,0,288.793948378243,75.8953401548664
2018-07-01,2018,"Q3","2018/19","Q1","July",1094.72782427466,2918.16224855805,358.264286908359,2247.85943059775,268.23099022592,1823.43442428338,504.242601025091,1312.90722901545,16029.0006392287,17863.3722121076,5180.24095936277,5699.57237467687,519.3314153141,12683.1312527448,3.173261608,1.09700961911,38.911768815511,12639.9492127022,12636.8296854752,3499.81903768548,608.332780364762,2160.85235025138,730.63390706934,431.6200378852,-4902.5705726791,4338.41517522385,-564.155397455256,17123.7284674642,17075.3904782851,6319.44326149333,4012.13652261041,2307.30673888292,10755.9472167918,5116.78641126726,5639.16080552453,48.3379891791176,-17.01683856995,5.0895869302,2.96000085526,2.12958607494,0,22.10642550015,0,22.10642550015,404.544399698507,375.6685096359,21.747171766,21.747171766,0,353.9213378699,0,0,5.6907334671,348.2306044028,348.2306044028,29.7147790053,24.51048873922,0,5.20429026608,6.438326854,5.59943791130679,111.794540290753,117.393978202059,387.527561128557,381.877745041247,38.63087630548,0,38.63087630548,343.246868735767,0,343.246868735767,5.64981608731,-27.40623386537,0,0,0,0,27.40623386537,0,23.18732871737,243.38323386982,276.807399738641,0.0731143461700001,0.0731143461700001,0,276.734285392471,0,0,0,276.734285392471,276.734285392471,14.496716464425,14.392686254425,0,0.10403021,0,-47.9208823332457,166.740432819183,118.819550485937,215.9769999412,208.363999003201,0,0,0,208.363999003201,0,208.363999003201,7.61300093799987,-5.89832604922644,0,0,0,0,5.89832604922644,0,5.33313091842475,370.587614582336,718.374127242799,3.95408832348804,3.95408832348804,0,714.420038919311,1.4622742137834,0,0,712.957764705528,712.581016327187,13.8760164767932,13.8760164767932,0,0,0,-361.662529137257,483.740540834141,122.078011696885,364.689288533109,288.793948378243,0,0,0,288.793948378243,0,288.793948378243,75.8953401548664
2018-08-01,2018,"Q3","2018/19","Q1","August",1129.06182715737,3045.53047186671,435.644156362667,2244.86799720866,324.36370017593,1916.46864470935,570.053281675437,1343.99264903109,16668.9593867559,17933.4978371861,5068.89505627329,5593.81294700219,524.917890728902,12864.6027809128,21.01669689,1.06499373363,39.4580674217892,12803.0630228674,12801.4134372149,4226.15099840252,567.645647142791,2281.7376506026,1376.76770065713,434.0488591982,-5056.64058963452,4420.86780003647,-635.772789598051,17798.0212162087,17749.6832270296,6597.22665937263,4192.32128418031,2404.90537519232,11152.456567657,5484.97383127976,5667.48273637721,48.3379891791176,-17.15932008638,4.7035945677,2.829035771,1.8745587967,0,21.86291465408,0,21.86291465408,418.217636842639,390.38137560926,26.731350231,26.731350231,0,363.65002537826,0,0,5.6907334671,357.95929191116,357.95929191116,22.84902504245,22.21894666363,0,0.63007837882,6.830701305,11.8179374959283,112.159154204258,123.977091700187,401.058316754258,395.213981328168,35.54321442713,0,35.54321442713,359.670766901038,0,359.670766901038,5.84433542609,-25.85115804937,0,0,0,0,25.85115804937,0,21.63225290137,245.378628037815,283.235193731521,2.59221861417,2.59221861417,0,280.642975117351,0,0,0,280.642975117351,280.642975117351,14.7372066787229,14.6331764687229,0,0.10403021,0,-52.5937723724285,168.554443733136,115.960671360708,219.527469913191,211.876316595112,0,0,0,211.876316595112,0,211.876316595112,7.65115331807907,-5.89832604922644,0,0,0,0,5.89832604922644,0,5.33313091842475,370.587614582336,718.374127242799,3.95408832348804,3.95408832348804,0,714.420038919311,1.4622742137834,0,0,712.957764705528,712.581016327187,13.8760164767932,13.8760164767932,0,0,0,-361.662529137257,483.740540834141,122.078011696885,364.689288533109,288.793948378243,0,0,0,288.793948378243,0,288.793948378243,75.8953401548664
2018-09-01,2018,"Q3","2018/19","Q1","September",1243.73664760571,3111.32206330937,403.264918107661,2301.29836453408,354.42493680807,1867.58541570366,516.175454422553,1348.60288693755,16553.6632241164,18218.3754736178,5031.77302640433,5595.03914610946,563.266119705132,13186.6024472135,22.1662386529229,1.03122498359,51.8833011841252,13111.5216823929,13109.6575870105,4016.81055700991,540.994067407653,2061.19246816756,1414.6240214347,437.4310950632,-5244.09171144812,4493.11579229948,-750.975919148642,17797.3998745961,17749.061885417,6536.49495072636,4116.14886954635,2420.34608118,11212.5669346907,5623.6344442346,5588.93249045605,48.3379891791176,-17.82654796185,2.9636374591,2.61943527,0.3442021891,0,20.79018542095,0,20.79018542095,420.2745194087,400.68228240087,26.980801963,26.980801963,0,373.70148043787,0,0,5.6907334671,368.01074697077,368.01074697077,23.22849614246,22.74762020984,0,0.48087593262,7.361952403,3.72569326837018,112.713613362573,116.439306630944,402.44797144645,396.33833960847,32.30626299078,0,32.30626299078,364.03207661769,0,364.03207661769,6.10963183798,-30.63040693937,0,0,0,0,30.63040693937,0,26.41150179137,249.935217564942,290.606059900725,2.61748236304,2.61748236304,0,287.988577537685,0,0,0,287.988577537685,287.988577537685,13.6285170939228,13.5244868839228,0,0.10403021,0,-54.2993594297058,170.407367769426,116.10800833972,219.304810565813,211.606491925423,0,0,0,211.606491925423,0,211.606491925423,7.69831864039016,-7.67833686216596,0,0,0,0,7.67833686216596,0,7.12076262165963,384.82596900315,764.567223328917,4.58699971589311,4.58699971589311,0,759.980223613024,2.33982921659634,0,0,757.640394396427,757.263646018087,15.3320573924051,15.3320573924051,0,0,0,-395.073311718172,519.07328387117,123.999972152999,377.147632140985,300.998270748354,0,0,0,300.998270748354,0,300.998270748354,76.1493613926301
2018-10-01,2018,"Q4","2018/19","Q2","October",1217.6549781894,3047.08715752162,400.20101528523,2221.8004583641,367.689740866029,1829.43217933222,486.964812706685,1334.41146001038,16698.7293589949,18380.0197884761,5219.35089138718,5783.26622863755,563.915337250372,13160.6688970889,22.1933479545929,0.98543717057,45.0271525390803,13092.4629594246,13090.548731391,3844.97956129684,587.130961931894,2026.41244599291,1231.43615337203,420.8359755262,-5105.43401525184,4508.33363408433,-597.100381167511,17916.3843346718,17868.0463454927,6693.486618426,4282.19331586983,2411.29330255617,11174.5597270667,5474.50386990179,5700.05585716487,48.3379891791176,-17.40416881775,3.6642283902,2.709129109,0.9550992812,0,21.06839720795,0,21.06839720795,422.610382734297,414.01542830204,29.575330002,29.575330002,0,384.44009830004,0,0,5.9737614921,378.46633680794,378.46633680794,26.55277636887,26.0920170289,0,0.46075933997,8.012326854,-9.94549508261288,115.88578687183,105.940291789217,405.206213916547,398.826661617567,30.94800482605,0,30.94800482605,367.878656791517,0,367.878656791517,6.37955229898,-29.448198768,0,0,0,0,29.448198768,0,25.22929362,256.917037875733,298.580421809319,2.64173039549,2.64173039549,0,295.938691413829,0,0,0,295.938691413829,295.938691413829,14.6033956855428,14.4993654755428,0,0.10403021,0,-56.2667796191287,172.177245972738,115.910466353609,227.468839034992,219.682207861963,0,0,0,219.682207861963,0,219.682207861963,7.78663117302946,-7.67833686216596,0,0,0,0,7.67833686216596,0,7.12076262165963,384.82596900315,764.567223328917,4.58699971589311,4.58699971589311,0,759.980223613024,2.33982921659634,0,0,757.640394396427,757.263646018087,15.3320573924051,15.3320573924051,0,0,0,-395.073311718172,519.07328387117,123.999972152999,377.147632140985,300.998270748354,0,0,0,300.998270748354,0,300.998270748354,76.1493613926301
2018-11-01,2018,"Q4","2018/19","Q2","November",944.977398603435,2894.51923031928,415.248291288413,2202.3516446367,227.812996008773,1949.54183171585,558.709970048833,1372.47930015062,17533.900753464,18853.3753832198,5492.92416496214,6044.31847746278,551.394312500648,13360.4512182577,22.2233763621129,0.98850104093,46.3606911266001,13290.878649728,13288.7591235066,4285.88304305881,579.414980359069,2129.24567417754,1577.2223885222,420.8718483232,-5184.48582449139,4552.13397985384,-632.351844637552,18478.878156182,18430.5401670029,6639.32063387725,4224.53044580157,2414.79018807568,11791.2195331256,5918.21601798336,5873.00351514226,48.3379891791176,-16.95319629616,4.20827029509,3.732098662,0.47617163309,0,21.16146659125,0,21.16146659125,428.693259690098,416.094551305239,16.311332649,16.311332649,0,399.783218656239,0,0,8,391.783218656239,391.783218656239,24.91819090881,24.49125421757,0,0.42693669124,8.727689226,-3.59179329795138,118.530024879583,114.938231581632,411.740063393938,405.183880016858,33.69075979452,0,33.69075979452,371.493120222338,0,371.493120222338,6.55618337708,-29.449114114,0,0,0,0,29.449114114,0,25.230208966,258.062894965789,309.272319065406,2.66793962412,2.66793962412,0,306.604379441286,0,0,0,306.604379441286,306.604379441286,15.6582646396928,15.5542344296928,0,0.10403021,0,-66.8676887393099,174.633295488986,107.765606749676,228.613780777476,220.695671384081,0,0,0,220.695671384081,0,220.695671384081,7.91810939339465,-7.67833686216596,0,0,0,0,7.67833686216596,0,7.12076262165963,384.82596900315,764.567223328917,4.58699971589311,4.58699971589311,0,759.980223613024,2.33982921659634,0,0,757.640394396427,757.263646018087,15.3320573924051,15.3320573924051,0,0,0,-395.073311718172,519.07328387117,123.999972152999,377.147632140985,300.998270748354,0,0,0,300.998270748354,0,300.998270748354,76.1493613926301
2018-12-01,2018,"Q4","2018/19","Q2","December",831.588553438813,2906.33342196537,441.424484329942,2249.39119693945,184.10009014304,2074.74486852656,650.193391786654,1396.82013226085,17457.8135680716,18708.2619481448,5228.61608308313,6082.35867874938,853.742595666252,13479.6458650617,21.930543239,0.988399437,46.1623067902128,13410.5646155955,13400.6173890271,4118.55768550266,852.17588859622,2639.34571139981,627.036085506635,400.1197731072,-4968.88629246866,4609.12795806796,-359.7583344007,18289.402124141,18241.0641349619,6719.58833984505,4229.2174765833,2490.37086326176,11521.4757951169,5614.82554283099,5906.65025228587,48.3379891791176,-18.85475585622,3.92439740035,3.47353976425,0.4508576361,0,22.77915325657,0,22.77915325657,404.926810638297,428.28587056138,20.494529346,20.494529346,0,407.79134121538,0,0,8,399.79134121538,399.79134121538,19.58913979047,19.41620842695,0,0.17293136352,8.211601995,-34.7365977185532,124.376213316908,89.6396155983546,386.072054782077,379.527901767157,38.8035099926,0,38.8035099926,340.724391774557,0,340.724391774557,6.54415301492,-25.03340543,0,0,0,0,25.03340543,0,20.814500282,256.000706782679,315.039018732579,2.69277430254,2.69277430254,0,312.346244430039,0,0,0,312.346244430039,312.346244430039,14.1562588664628,14.0522286564628,0,0.10403021,0,-73.1945708163624,176.312710292738,103.118139476376,230.967301290802,223.023005541806,0,0,0,223.023005541806,0,223.023005541806,7.94429574899544,-6.70594070464135,0,0,0,0,6.70594070464135,0,6.25829158087201,412.111989196723,816.298288833446,4.35744400843882,4.35744400843882,0,811.940844825007,1.9758175161744,0,0,809.965027308833,809.590775758903,15.0693824303797,15.0693824303797,0,0,0,-419.255682067102,559.566246895471,140.310564828369,405.406048492082,325.997813757342,0,0,0,325.997813757342,0,325.997813757342,79.4082347347398
2019-01-01,2019,"Q1","2018/19","Q3","January",656.89356362116,2781.70060145376,454.59002912164,2055.14778110845,241.75089218524,2124.8070378326,580.855958042185,1503.41378829749,17555.1149902414,19475.9808002445,6145.06453953475,6677.88927697639,532.824737441634,13330.9162607098,24.79459463159,0.94834995,54.2264903417216,13250.9468257864,13239.4170595202,4091.56573274468,622.430135078885,2556.75523692263,912.380360743161,385.7899851762,-5626.64155757156,4734.28182086756,-892.359736704004,18212.0085561021,18163.670566923,6683.09365101836,4240.23475359204,2442.85889742632,11480.5769159046,5712.93904860068,5767.63786730394,48.3379891791176,-17.76495873507,5.09493615145,4.4824718812,0.61246427025,0,22.85989488652,0,22.85989488652,397.388080013728,437.116627711149,20.718003975,20.718003975,0,416.398623736149,0,0,8,408.398623736149,408.398623736149,25.46279217665,25.21982205195,0,0.2429701247,8.522567271,-56.6687726030713,124.346350516298,67.6775779132266,379.623121278658,373.030158589458,33.9645032622,0,33.9645032622,339.065655327258,0,339.065655327258,6.5929626892,-24.713719858,0,0,0,0,24.713719858,0,20.49481471,240.209124517289,312.504582091947,2.71643568905,2.71643568905,0,309.788146402897,0,0,0,309.788146402897,309.788146402897,13.71822603234,13.61419582234,0,0.10403021,0,-86.0136836069978,178.423104694975,92.409421087977,215.49540446397,207.605828247485,0,0,0,207.605828247485,0,207.605828247485,7.88957621648445,-6.70594070464135,0,0,0,0,6.70594070464135,0,6.25829158087201,412.111989196723,816.298288833446,4.35744400843882,4.35744400843882,0,811.940844825007,1.9758175161744,0,0,809.965027308833,809.590775758903,15.0693824303797,15.0693824303797,0,0,0,-419.255682067102,559.566246895471,140.310564828369,405.406048492082,325.997813757342,0,0,0,325.997813757342,0,325.997813757342,79.4082347347398
2019-02-01,2019,"Q1","2018/19","Q3","February",686.880607521718,2806.61169259003,434.42131195038,2144.12175464882,198.35080907053,2119.73108506831,759.578205496276,1326.03153270158,17973.2997301948,19614.9953095972,6224.18524594655,6764.45006313037,540.264817183819,13390.8100636507,27.58268649793,0.9407834,55.446608532,13306.8399852207,13296.9319244916,4230.86424204782,608.191070476097,2091.93525559943,1530.73791597229,388.4049851762,-5484.15483627405,4779.83392494043,-704.320911333623,18660.180338583,18611.8423494039,6717.1867763982,4183.34390296316,2533.84287343504,11894.6555730057,6010.10166044621,5884.55391255952,48.3379891791176,-18.23870038335,4.73167304565,3.99275390005,0.7389191456,0,22.970373429,0,22.970373429,407.031165907737,443.45027296618,20.919366076,20.919366076,0,422.53090689018,0,0,8,414.53090689018,414.53090689018,27.67652796595,27.11356751995,0,0.562960446,8.648567271,-55.4470677533934,127.604674302539,72.1576065491452,388.792465524387,382.096765891087,32.92837036674,0,32.92837036674,349.168395524347,0,349.168395524347,6.6956996333,-23.040609197,0,0,0,0,23.040609197,0,18.821704049,249.458357058777,315.803587063717,2.73754105673,2.73754105673,0,313.066046006987,0,0,0,313.066046006987,313.066046006987,14.59277281891,14.48874260891,0,0.10403021,0,-80.9380028238497,180.038883998226,99.1008811743767,226.417747860659,218.480707136973,0,0,0,218.480707136973,0,218.480707136973,7.93704072368594,-6.70594070464135,0,0,0,0,6.70594070464135,0,6.25829158087201,412.111989196723,816.298288833446,4.35744400843882,4.35744400843882,0,811.940844825007,1.9758175161744,0,0,809.965027308833,809.590775758903,15.0693824303797,15.0693824303797,0,0,0,-419.255682067102,559.566246895471,140.310564828369,405.406048492082,325.997813757342,0,0,0,325.997813757342,0,325.997813757342,79.4082347347398
2019-03-01,2019,"Q1","2018/19","Q3","March",335.546706231916,2492.85395681582,310.604293290839,2013.1129756689,151.548399696635,2157.3072505839,655.862682363945,1450.9136276307,17888.2056046453,19853.3940997206,6237.87100459191,6831.15056647692,593.27956188501,13615.5230951287,27.94981916306,0.969712576,57.7961917979377,13528.8073715917,13512.3822824999,3880.5364904,573.92402293871,1986.6611133052,1319.95135415608,395.3999799702,-5450.32500550512,4707.8966158369,-742.42838966822,18223.7523091663,18175.4143199871,6420.23656747494,3871.49819732446,2548.73837015048,11755.1777525122,5784.06284498514,5971.11490752706,48.3379891791176,-87.17892145424,5.83447709388,4.0476002142,1.78687687968,0,93.01339854812,0,93.01339854812,519.048502404189,624.45712382201,21.424229688,21.424229688,0,603.03289413401,0,0,8,595.03289413401,595.03289413401,25.83813195922,23.83656405907,0,2.00156790015,10.344463271,-120.902290106041,187.857263700656,66.9549735946147,431.869581949949,392.053350793369,35.10713125255,0,35.10713125255,356.946219540819,0,356.946219540819,39.81623115658,-23.125291574,0,0,0,0,23.125291574,0,18.906386426,252.707765645345,318.821867665712,2.76218018649,2.76218018649,0,316.059687479222,0,0,0,316.059687479222,316.059687479222,12.84030908358,12.73627887358,0,0.10403021,0,-78.954411103947,181.963212312372,103.008801208425,229.582473770545,221.67340135937,0,0,0,221.67340135937,0,221.67340135937,7.90907241117544,-7.88032830520394,0,0,0,0,7.88032830520394,0,7.06389397749648,433.963218829156,873.612836074416,5.41507739803094,5.41507739803094,0,868.197758676385,1.75528433192686,0,0,866.442474344458,866.061190445724,14.4854978846695,14.4854978846695,0,0,0,-454.13511512993,591.183849661193,137.048734531263,426.082890523952,338.424343678003,0,0,0,338.424343678003,0,338.424343678003,87.6585468459494
2019-04-01,2019,"Q2","2018/19","Q4","April",665.701133823723,2833.38861983228,420.508597664269,2234.76203422654,159.384786492021,2167.68748600855,692.003676474131,1418.87466424408,18042.7003274572,20249.9476848571,6408.46538293292,6968.37134654403,559.905963611109,13841.4823019242,30.07012391821,0.899156515,61.5228639736265,13748.9901575173,13729.3665709973,3621.37751634798,630.189528705706,2086.96221832365,904.225769318623,377.2157259232,-5451.40914782464,4738.57170607568,-712.837441748959,18708.4014615001,18660.0634723209,6799.75528762143,4214.18023357282,2585.5750540486,11860.3081846995,5849.64478502348,6010.66339967603,48.3379891791176,-88.81833571857,5.29889229275,4.3892345069,0.90965778585,0,94.11722801132,0,94.11722801132,507.005593118406,624.26878077841,19.014638445,19.014638445,0,605.25414233341,0,0,8.08300816145,597.17113417196,597.17113417196,23.55186094629,22.12461439489,0,1.4272465514,10.835763271,-129.979285335295,185.573670988947,55.5943856536528,418.187257399835,377.953665565105,30.1155678426,0,30.1155678426,347.838097722505,0,347.838097722505,40.23359183473,-29.067580481,0,0,0,0,29.067580481,0,24.848675333,251.512982474446,323.141291442585,2.78525492708,2.78525492708,0,320.356036515505,0,0,0,320.356036515505,320.356036515505,15.20137022658,15.09734001658,0,0.10403021,0,-86.8296791947188,183.296073912977,96.4663947182584,222.445401996637,214.602725806859,0,0,0,214.602725806859,0,214.602725806859,7.84267618977715,-7.88032830520394,0,0,0,0,7.88032830520394,0,7.06389397749648,433.963218829156,873.612836074416,5.41507739803094,5.41507739803094,0,868.197758676385,1.75528433192686,0,0,866.442474344458,866.061190445724,14.4854978846695,14.4854978846695,0,0,0,-454.13511512993,591.183849661193,137.048734531263,426.082890523952,338.424343678003,0,0,0,338.424343678003,0,338.424343678003,87.6585468459494
2019-05-01,2019,"Q2","2018/19","Q4","May",1149.72654646939,3279.05706035078,386.687410796367,2703.29130417377,170.999018710858,2129.33051388139,672.015054119267,1373.50701206972,18109.5270404158,20239.8653320248,6247.14529240352,6822.32639905995,575.18110665643,13992.7200396213,30.91628427029,0.916781852,68.8170901268211,13892.0698833722,13861.2869442113,3986.59271093739,631.836492797059,2257.92942509795,1096.82679304238,377.2130262152,-5739.71797633118,4780.47839662936,-959.239579701818,19259.2535890566,19210.9155998775,7068.48691233255,4323.04867368735,2745.4382386452,12142.4286875449,6032.15095618071,6110.27773136421,48.3379891791176,-88.27805268427,7.98294255205,4.88750171185,3.0954408402,0,96.26099523632,0,96.26099523632,518.976834921866,633.78265369663,19.2150984312,19.2150984312,0,614.56755526543,0,0,8.083008161,606.48454710443,606.48454710443,31.87445012481,29.78003423224,0,2.09441589257,10.850763271,-135.829505628574,185.528303931138,49.6987983025643,430.698782237596,390.234371451656,33.73406534636,0,33.73406534636,356.500306105296,0,356.500306105296,40.46441078594,-28.296598033,0,0,0,0,28.296598033,0,24.077692885,255.714110232919,328.860573964617,2.80950295952,2.80950295952,0,326.051071005097,0,0,0,326.051071005097,326.051071005097,13.65105016512,13.54701995512,0,0.10403021,0,-86.797513896818,184.924554663911,98.1270407670928,227.417512197439,219.546369751944,0,0,0,219.546369751944,0,219.546369751944,7.87114244549504,-7.88032830520394,0,0,0,0,7.88032830520394,0,7.06389397749648,433.963218829156,873.612836074416,5.41507739803094,5.41507739803094,0,868.197758676385,1.75528433192686,0,0,866.442474344458,866.061190445724,14.4854978846695,14.4854978846695,0,0,0,-454.13511512993,591.183849661193,137.048734531263,426.082890523952,338.424343678003,0,0,0,338.424343678003,0,338.424343678003,87.6585468459494
2019-06-01,2019,"Q2","2018/19","Q4","June",595.537669514773,2830.48820571486,406.338792897246,2247.75874207679,157.843284536852,2234.95053620008,748.166503714316,1378.04830003762,18892.0602009765,20186.8048227635,6021.51154097036,6703.31850864982,681.806967679451,14165.2932817931,27.84979568633,0.902980852,94.2713931426351,14042.2691121122,14013.0033552801,4858.33573132017,543.427025500972,2202.11176927881,2112.79693654039,373.2188303282,-5779.86152277899,4807.52654608598,-972.334976693013,19487.5978719185,19439.2598827393,7102.05594497075,4400.25519807491,2701.80074689584,12337.2039377686,6025.12253999365,6312.08139777494,48.3379891791176,-87.81450258922,5.0193708561,3.55161405465,1.46775680145,0,92.83387344532,0,92.83387344532,548.34711228488,631.54113899562,19.4058681062,19.4058681062,0,612.13527088942,0,0,7.903888493,604.23138239642,604.23138239642,27.30054091184,24.95360501094,0,2.3469359009,11.279013271,-99.2155543515803,190.851493318308,91.6359389667272,460.53260969566,419.85997374489,31.36658351229,0,31.36658351229,388.4933902326,0,388.4933902326,40.67263595077,-29.608918439,0,0,0,0,29.608918439,0,25.390013291,266.675523563521,331.710068664578,2.83296879737,2.83296879737,0,328.877099867208,0,0,0,328.877099867208,328.877099867208,14.16330658911,14.05188280811,0,0.111423781,0,-79.1978516901667,187.006519666968,107.808667976801,237.066605077526,229.257175576925,0,0,0,229.257175576925,0,229.257175576925,7.80942950060015,-7.62499007172996,0,0,0,0,7.62499007172996,0,6.82186892123769,443.394153556821,938.342092099803,5.55578892827004,5.55578892827004,0,932.786303171533,8.92115958931083,0,0,923.865143582222,923.481046743966,16.6457831125176,16.6457831125176,0,0,0,-511.593721655499,611.426281489216,99.8325598337169,435.769163485091,330.784483843179,0,0,0,330.784483843179,0,330.784483843179,104.984679641913
2019-07-01,2019,"Q3","2019/20","Q1","July",560.648312965028,2810.72516402551,368.130356190087,2244.72470453365,182.018963353125,2250.07685106048,767.205419576607,1381.5383998083,18473.2230456153,20506.7748153038,6219.35969635881,6757.07435506022,537.714658701415,14287.415118945,29.313897151,0.850485852,100.954563903733,14156.2961720383,14133.6122629364,4034.5270355713,637.814065936732,2147.76409295214,1248.94887668243,354.6095379922,-5713.46926726764,4905.20170463893,-808.267562628715,19033.8713576706,18985.5333684915,7059.35217591359,4382.89212720531,2676.46004870828,11926.1811925779,5688.23883676764,6237.94235581026,48.3379891791176,-88.83076781517,4.62850168815,3.7714946226,0.85700706555,0,93.45926950332,0,93.45926950332,548.745666143873,630.93257111302,15.982304734,15.982304734,0,614.95026637902,0,0,8.288527231,606.66173914802,606.66173914802,30.72376110302,26.55135953802,0,4.172401565,9.83497652300001,-103.075689549167,190.934969116939,87.8592795677719,459.914898328703,419.226725784373,35.60131295023,0,35.60131295023,383.625412834143,0,383.625412834143,40.68817254433,-33.0349543648978,0,0,0,0,33.0349543648978,0,28.7653561588978,280.027027596435,335.235070529068,2.85721682983,2.85721682983,0,332.377853699238,0,0,0,332.377853699238,332.377853699238,13.43643228912,13.32500850812,0,0.111423781,0,-68.644475221753,188.17578907403,119.531313852277,246.992073229557,239.168441262393,0,0,0,239.168441262393,0,239.168441262393,7.82363196716405,-7.62499007172996,0,0,0,0,7.62499007172996,0,6.82186892123769,443.394153556821,938.342092099803,5.55578892827004,5.55578892827004,0,932.786303171533,8.92115958931083,0,0,923.865143582222,923.481046743966,16.6457831125176,16.6457831125176,0,0,0,-511.593721655499,611.426281489216,99.8325598337169,435.769163485091,330.784483843179,0,0,0,330.784483843179,0,330.784483843179,104.984679641913
2019-08-01,2019,"Q3","2019/20","Q1","August",804.638268570932,3093.1287618712,337.255822721859,2525.45234755968,214.860196515219,2288.49049330027,740.260424571512,1404.81394593076,19445.8935311704,20731.1696262235,6340.93164933817,6905.32764172043,564.395992382255,14390.2379768854,10.81873011506,2.042575852,103.647876677701,14273.7287942406,14251.0211852101,4926.69762571306,606.562127274992,2312.23465651131,2007.90084192676,356.8335379922,-5855.140182774,4977.11701078042,-878.023171993573,20250.5318022707,20202.1938130916,7436.40438219591,4730.01674820321,2706.3876339927,12765.7894308957,6265.0964027187,6500.69302817701,48.3379891791176,-92.16219436132,5.583098064,4.2000375366,1.3830605274,0,97.74529242532,0,97.74529242532,542.344966966799,635.87784028611,18.737338703,18.737338703,0,617.14050158311,0,0,8.288527231,608.85197435211,608.85197435211,30.10479554113,27.33462550538,0,2.77017003575,10.790872983,-112.846795877441,191.698486629264,78.851690751823,450.182772605479,409.288918884149,34.44739319917,0,34.44739319917,374.841525684979,0,374.841525684979,40.89385372133,-33.3619086678,0,0,0,0,33.3619086678,0,29.07945868098,284.656233090185,337.61641674511,0.076859566,0.076859566,0,337.53955717911,0,0,0,337.53955717911,337.53955717911,12.80835318912,12.69692940812,0,0.111423781,0,-65.7685368440454,189.343908766891,123.575371922846,251.294324418175,243.409845015683,0,0,0,243.409845015683,0,243.409845015683,7.88447940249195,-7.62499007172996,0,0,0,0,7.62499007172996,0,6.82186892123769,443.394153556821,938.342092099803,5.55578892827004,5.55578892827004,0,932.786303171533,8.92115958931083,0,0,923.865143582222,923.481046743966,16.6457831125176,16.6457831125176,0,0,0,-511.593721655499,611.426281489216,99.8325598337169,435.769163485091,330.784483843179,0,0,0,330.784483843179,0,330.784483843179,104.984679641913
2019-09-01,2019,"Q3","2019/20","Q1","September",457.187877307936,2729.73002836462,373.10591013661,2157.10243379644,183.443914841135,2272.54215105669,690.753399186749,1447.42482884625,19667.9805279354,20488.7762075639,6074.32138582059,6672.49574858735,598.17436276676,14414.4548217433,29.35859709657,1.970249852,107.254469472751,14275.871505322,14246.3753002957,5424.81732460783,624.501931705783,1997.92212636296,2802.39326653909,357.6158135142,-5887.99719072213,4990.06889815033,-897.928292571798,20125.1684080877,20076.8304189086,7120.63144149748,4533.83724689394,2586.79419460353,12956.1989774111,6422.43205571219,6533.76692169889,48.3379891791176,-86.56085292177,6.03338084555,4.2382047456,1.79517609995,0,92.59423376732,0,92.59423376732,552.698204725878,641.84468014702,19.49037758,19.49037758,0,622.35430256702,0,0,8.288527231,614.06577533602,614.06577533602,33.48562989,29.608964783,0,3.876665107,10.856672983,-111.775432328142,193.126767370649,81.3513350425074,466.137351802818,425.800226264088,34.95830475574,0,34.95830475574,390.841921508348,0,390.841921508348,40.33712553873,-37.82955113962,0,0,0,0,37.82955113962,0,33.53424937198,284.790612017805,345.65772117432,0.082957821,0.082957821,0,345.57476335332,0,0,0,345.57476335332,345.57476335332,14.5560443361199,14.4446205551199,0,0.111423781,0,-75.4231534926348,190.313002077981,114.889848585347,246.961060881764,239.03644777719,0,0,0,239.03644777719,0,239.03644777719,7.92461310457395,-7.95387845850914,0,0,0,0,7.95387845850914,0,7.14971925738397,448.30982226353,986.108343507342,5.26022507735584,5.26022507735584,0,980.848118429986,3.25424117299578,0,0,977.59387725699,977.206967479212,18.0260248551336,18.0260248551336,0,0,0,-555.824546098945,642.127740680073,86.3031945811281,440.355943805021,326.349209051533,0,0,0,326.349209051533,0,326.349209051533,114.006734753488
2019-10-01,2019,"Q4","2019/20","Q2","October",690.105675820143,2916.63570713987,429.46897018922,2325.02371305532,144.239066571465,2226.53003131972,690.753517533974,1411.67456280438,20157.6761153848,21114.8210473988,6468.13288938629,7054.67170552577,586.538816139479,14646.6881580125,28.36982773973,1.936908852,111.212139854304,14505.1692815665,14475.3404888839,5513.15884294856,624.66579579923,2536.96160304179,2351.53144410753,337.9785031972,-6132.32527176537,5151.54153072339,-980.783741041989,20847.781789731,20799.4438005519,7430.0667114538,4812.05317311039,2618.01353834341,13369.3770890981,6486.06994283219,6883.30714626594,48.3379891791176,-71.7724772688,4.3529737312,2.660095352,1.6928783792,0,76.125451,0,76.125451,520.70009981734,538.71986901358,17.562783705,17.562783705,0,521.15708530858,0,0,8.38977114645,512.76731416213,512.76731416213,29.34647953042,27.23003951327,0,2.11644001715,9.7993833,-37.5668654266601,158.416698427301,120.849833000641,448.92762254854,413.47375432959,34.03196249285,0,34.03196249285,379.44179183674,0,379.44179183674,35.45386821895,-42.64571991616,0,0,0,0,42.64571991616,0,38.41476111062,298.636961837261,353.12947794037,0.082957821,0.082957821,0,353.04652011937,0,0,0,353.04652011937,353.04652011937,14.5781490361199,14.4667252551199,0,0.111423781,0,-69.0706651392293,191.673963287376,122.603298148147,255.991241896501,248.084559933048,0,0,0,248.084559933048,0,248.084559933048,7.90668196345295,-7.95387845850914,0,0,0,0,7.95387845850914,0,7.14971925738397,448.30982226353,986.108343507342,5.26022507735584,5.26022507735584,0,980.848118429986,3.25424117299578,0,0,977.59387725699,977.206967479212,18.0260248551336,18.0260248551336,0,0,0,-555.824546098945,642.127740680073,86.3031945811281,440.355943805021,326.349209051533,0,0,0,326.349209051533,0,326.349209051533,114.006734753488
2019-11-01,2019,"Q4","2019/20","Q2","November",748.364946126364,2936.66913096654,384.66838954235,2400.18432411781,135.189560570425,2188.30418484017,733.194479389823,1340.1787248451,20257.1187845951,21366.5796704291,6572.18876641088,7197.90883787176,625.72007146088,14794.3909040182,57.1571229059,1.962426852,116.401499035035,14618.8698552253,14592.8591205467,5382.5191340264,624.370617017182,2478.46821150085,2279.68030550836,345.7250272002,-6146.2549926602,5216.37540824484,-929.879584415363,21005.483736188,20957.1457470089,7383.35830651058,4718.28763215042,2665.07067436016,13573.7874404984,6586.85477359458,6986.93266690377,48.3379891791176,-72.0199138285,4.4515911715,2.62819462,1.8233965515,0,76.471505,0,76.471505,522.691717430796,543.29525934338,17.716725873,17.716725873,0,525.57853347038,0,0,7.88887436645,517.68965910393,517.68965910393,27.95740369492,23.92611269377,0,4.03129100115,9.6593833,-38.9015623075044,159.411501528713,120.509939221208,450.671803602196,414.852477518796,39.38626930186,0,39.38626930186,375.466208216936,0,375.466208216936,35.8193260834,-41.70634212935,0,0,0,0,41.70634212935,0,37.46235304601,303.355517031622,366.55224878415,0.082957821,0.082957821,0,366.46929096315,0,0,0,366.46929096315,366.46929096315,13.45021648258,13.32539759858,0,0.124818884,0,-76.6469482351085,193.165768150718,116.518819915609,261.649174894612,253.687118807401,0,0,0,253.687118807401,0,253.687118807401,7.9620560872117,-7.95387845850914,0,0,0,0,7.95387845850914,0,7.14971925738397,448.30982226353,986.108343507342,5.26022507735584,5.26022507735584,0,980.848118429986,3.25424117299578,0,0,977.59387725699,977.206967479212,18.0260248551336,18.0260248551336,0,0,0,-555.824546098945,642.127740680073,86.3031945811281,440.355943805021,326.349209051533,0,0,0,326.349209051533,0,326.349209051533,114.006734753488
2019-12-01,2019,"Q4","2019/20","Q2","December",1036.32513437507,3026.04189072559,395.24812928101,2417.7197096619,197.624124316777,1989.71675635052,624.764979912322,1254.38669348291,20422.5385973838,21192.339548416,6124.24566294223,7300.03546192213,1175.7897989799,15068.0938854738,53.80564701736,1.991420852,116.9248134526,14895.3720041518,14873.9941102749,5547.95080077641,923.307120338225,2879.09236127338,1745.5513191648,325.6483140702,-5992.10343773841,5288.95763383505,-703.145803903363,21458.8637307291,21410.52574155,7719.4764141073,5068.72768591208,2650.74872819521,13691.0493274427,6757.68554395623,6933.36378348644,48.3379891791176,-69.9562607564,3.4478602436,2.39402435,1.0538358936,0,73.404121,0,73.404121,516.589108514872,545.55204847877,16.317899194,16.317899194,0,529.23414928477,0,0,7.88887436645,521.34527491832,521.34527491832,28.69305176167,23.52497462127,0,5.1680771404,9.6593833,-47.9966084255676,161.103190596218,113.10658217065,446.632846758472,410.999487946072,36.51355423514,0,36.51355423514,374.485933710932,0,374.485933710932,35.6333588124,-45.42458138387,0,0,0,0,45.42458138387,0,41.16756202353,311.134435741283,371.4938452247,0.082957821,0.082957821,0,371.4108874037,0,0,0,371.4108874037,371.4108874037,15.6678009585799,15.5429820745799,0,0.124818884,0,-76.0272104419964,192.509361523656,116.48215108166,265.709854353762,257.872962943581,0,0,0,257.872962943581,0,257.872962943581,7.83689141018068,-6.57686011954993,0,0,0,0,6.57686011954993,0,5.78556994936709,489.959365152827,1016.66519839702,19.8596942208158,19.8596942208158,0,996.805504176203,2.73708506329114,0,0,994.068419112911,993.671664800675,18.0655546174402,18.0655546174402,0,0,0,-544.771387861632,667.135363551766,122.363975690134,483.382505033277,349.927620768011,0,0,0,349.927620768011,0,349.927620768011,133.454884265267
2020-01-01,2020,"Q1","2019/20","Q3","January",1199.03083342149,3274.97540470282,388.01812369719,2662.37591704933,209.066196560198,2075.94457128133,647.739720528873,1302.56873208346,20101.9893334368,21477.1513580171,6548.16377395645,7114.573371549,566.409597592549,14928.9875840607,34.021227022,1.896068852,121.592275999213,14771.4780121875,14750.4737963316,4966.3639702094,690.3597287759,2617.24256160263,1658.76167983087,326.2032268122,-6015.32276797756,5353.66736535641,-661.655402621144,21301.0201693625,21252.6821801834,7485.36010727787,4762.4497429109,2722.91036436697,13767.3220729056,6839.85810848732,6927.46396441824,48.3379891791176,-69.91526958971,4.48011241029,3.061062517,1.41904989329,0,74.395382,0,74.395382,503.346915479805,539.57318433033,17.948606454,17.948606454,0,521.62457787633,0,0,7.48172857745,514.14284929888,514.14284929888,24.62812234582,22.47145077387,0,2.15667157195,8.937171972,-51.9172192243448,155.434985939671,103.517766715327,433.431645890095,397.898982721695,36.23972468134,0,36.23972468134,361.659258040355,0,361.659258040355,35.5326631684,-45.21867224087,0,0,0,0,45.21867224087,0,40.94862260253,313.082993690223,368.08159235793,0.082957821,0.082957821,0,367.99863453693,0,0,0,367.99863453693,367.99863453693,14.4120308515799,14.2872119675799,0,0.124818884,0,-69.4106295192864,194.197822021648,124.787192502361,267.864321444352,260.080461842605,0,0,0,260.080461842605,0,260.080461842605,7.78385960174669,-6.57686011954993,0,0,0,0,6.57686011954993,0,5.78556994936709,489.959365152827,1016.66519839702,19.8596942208158,19.8596942208158,0,996.805504176203,2.73708506329114,0,0,994.068419112911,993.671664800675,18.0655546174402,18.0655546174402,0,0,0,-544.771387861632,667.135363551766,122.363975690134,483.382505033277,349.927620768011,0,0,0,349.927620768011,0,349.927620768011,133.454884265267
2020-02-01,2020,"Q1","2019/20","Q3","February",1284.1799652559,3402.25529445408,362.02668451156,2886.13729261631,139.300461177676,2118.07532919818,634.885334323778,1340.53912041772,20528.5926899635,21704.9234195511,6860.51176927936,7467.57371632004,607.061947040676,14844.4116502718,23.07986323851,1.637592,122.443355733763,14697.2508392995,14679.0665842406,5279.92514712818,708.466464232162,2456.8755327271,2114.58315016891,327.8104068412,-6128.44546987458,5382.63285815295,-745.812611721632,21812.7726533948,21798.2608150335,7684.88008684079,4946.98803220127,2737.89205463952,14113.3807281927,7051.53299088549,7061.84773730722,14.5118383613284,-70.70864612504,4.66616187496,3.218735403,1.44742647196,0,75.374808,0,75.374808,526.881128185935,547.42310831019,18.10697031,18.10697031,0,529.31613800019,0,0,7.08172858199,522.2344094182,522.2344094182,31.43599772158,27.94690339427,0,3.48909432731,8.937171972,-43.0408058738351,161.055462776607,118.014656902772,456.172482060895,420.612642690495,32.97897286663,0,32.97897286663,387.633669823865,0,387.633669823865,35.5598393704,-43.82094200696,0,0,0,0,43.82094200696,0,39.53786209062,326.145140531044,371.45965777429,0.082957821,0.082957821,0,371.37669995329,0,0,0,371.37669995329,371.37669995329,16.0949252085799,15.9701063245799,0,0.124818884,0,-61.4094424518264,196.2630411291,134.853598677274,282.324198520062,274.568744798008,0,0,0,274.568744798008,0,274.568744798008,7.75545372205468,-6.57686011954993,0,0,0,0,6.57686011954993,0,5.78556994936709,489.959365152827,1016.66519839702,19.8596942208158,19.8596942208158,0,996.805504176203,2.73708506329114,0,0,994.068419112911,993.671664800675,18.0655546174402,18.0655546174402,0,0,0,-544.771387861632,667.135363551766,122.363975690134,483.382505033277,349.927620768011,0,0,0,349.927620768011,0,349.927620768011,133.454884265267
2020-03-01,2020,"Q1","2019/20","Q3","March",1843.66458659385,3925.72450860114,502.23938674101,3248.29849697374,147.117514321104,2082.0599220073,630.500680544037,1281.68293820948,20054.0881667357,21787.6063303767,6738.90197405358,7515.18368579181,776.281711738223,15048.7043563232,28.61151821575,1.286013,127.292232162711,14891.5145929447,14851.7902681405,4810.62748227613,668.801834940612,2953.95896193984,1187.86668539567,427.8979694812,-6116.24767643602,5403.133506616,-713.114169820015,21897.7527585665,21883.2409202052,7919.04803566253,5065.86037903448,2853.18765662805,13964.1928845426,6982.9508843017,6981.24200024093,14.5118383613284,-68.8009860238,3.4264539762,2.982620543,0.4438334332,0,72.22744,0,72.22744,557.638337600815,554.53683495962,21.9834642,21.9834642,0,532.55337075962,0,0,6.88173180199,525.67163895763,525.67163895763,28.8090681297,24.39437010427,0,4.41469802543,11.410171972,-14.2973935165048,174.984405038035,160.68701152153,488.837351577015,453.288389682615,32.75089646439,0,32.75089646439,420.537493218225,0,420.537493218225,35.5489618944,-64.60264788118,0,0,0,0,64.60264788118,0,60.30653768684,347.281437698287,372.60783734598,0.082957821,0.082957821,0,372.52487952498,0,0,0,372.52487952498,372.52487952498,14.5413178735799,14.4124789485799,0,0.128838925,0,-39.8677175212727,196.608262500073,156.740544978801,282.678789815162,274.96783097741,0,0,0,274.96783097741,0,274.96783097741,7.71095883775219,-5.99965227144866,0,0,0,0,5.99965227144866,0,5.35885016877637,525.026530401525,1045.29757130046,18.6582930956399,18.6582930956399,0,1026.63927820482,2.57959931223629,0,0,1024.05967889259,1023.66151811059,16.3391316493671,16.3391316493671,0,0,0,-536.610172548306,694.770908606293,158.160736057987,519.026878130076,374.021754555632,0,0,0,374.021754555632,0,374.021754555632,145.005123574444
2020-04-01,2020,"Q2","2019/20","Q4","April",1731.02892248551,3862.30710858108,601.49455711401,3119.69381908233,116.920936089115,2131.27818609557,614.845071580383,1332.68569274219,20929.6469978369,22514.9648216771,7186.49590797972,7751.09367408992,564.5977661102,15328.4689136974,23.258841307,1.300332,127.674277223724,15176.2354631667,15142.0830848537,4998.89756432942,652.465643673911,2833.45565257258,1512.97626808293,405.6636402732,-6178.55174789636,5432.4879920363,-746.063755860061,22660.6759220145,22646.1640836532,8305.51843821078,5490.70160821244,2814.81682999834,14340.6456454424,7106.70275543905,7233.94289000337,14.5118383613284,-70.21558716995,2.91906683005,2.69944982,0.21961701005,0,73.134654,0,73.134654,578.152387643295,560.96011547601,25.708057717,25.708057717,0,535.25205775901,0,0,7.22256126299,528.02949649602,528.02949649602,29.72245186629,27.09233956277,0,2.63011230352,11.410171972,-1.12000772700495,171.971343467932,170.851335740927,507.936800473545,472.399551664545,35.93219473463,0,35.93219473463,436.467356929915,0,436.467356929915,35.537248809,-65.4495629764,0,0,0,0,65.4495629764,0,60.08818369906,344.880950820136,368.60269980492,0.082957821,0.082957821,0,368.51974198392,0,0,0,368.51974198392,368.51974198392,14.1892408495699,14.0604019245699,0,0.128838925,0,-37.910989834354,180.267887687979,142.356897853625,279.431387841803,271.80032112294,0,0,0,271.80032112294,0,271.80032112294,7.63106671886219,-5.99965227144866,0,0,0,0,5.99965227144866,0,5.35885016877637,525.026530401525,1045.29757130046,18.6582930956399,18.6582930956399,0,1026.63927820482,2.57959931223629,0,0,1024.05967889259,1023.66151811059,16.3391316493671,16.3391316493671,0,0,0,-536.610172548306,694.770908606293,158.160736057987,519.026878130076,374.021754555632,0,0,0,374.021754555632,0,374.021754555632,145.005123574444
2020-05-01,2020,"Q2","2019/20","Q4","May",2313.1026856357,4293.24492093095,519.22104166483,3605.0724654972,144.876003359575,1980.14223529524,609.237048938746,1202.5203560895,20939.799524852,22711.0770107672,7309.43150114877,7866.10869501556,556.677193866786,15401.6455096184,22.411356625,1.308983,16.656986707,15361.2681832864,15331.5608457189,5058.67497519424,611.191023955779,2791.35726846647,1656.126682772,361.0771150432,-6468.87534606625,5520.65004786978,-948.225298196471,23252.9022102612,23238.3903718999,8618.33958448577,5801.13281242798,2817.2067720578,14620.0507874141,7174.8170428949,7445.23374451923,14.5118383613284,-70.917113892,3.115026108,2.311990325,0.803035783,0,74.03214,0,74.03214,608.237066149443,568.50076965339,25.961236992,25.961236992,0,542.53953266139,0,0,7.01856124449,535.5209714169,535.5209714169,28.6305143264,26.45417344405,0,2.17634088235,11.545171972,22.6509541416534,174.06848967117,196.719443812824,537.319952258124,501.751140316474,33.64492029931,0,33.64492029931,468.106220017164,0,468.106220017164,35.56881194165,-64.63014931565,0,0,0,0,64.63014931565,0,59.33392742731,359.760596575496,372.44927316449,0.082957821,0.082957821,0,372.36631534349,0,0,0,372.36631534349,372.36631534349,12.9547477595699,12.8259088345699,0,0.128838925,0,-25.643424348564,134.7528466952,109.109422346636,295.130447258123,287.59002111966,0,0,0,287.59002111966,0,287.59002111966,7.54042613846219,-5.99965227144866,0,0,0,0,5.99965227144866,0,5.35885016877637,525.026530401525,1045.29757130046,18.6582930956399,18.6582930956399,0,1026.63927820482,2.57959931223629,0,0,1024.05967889259,1023.66151811059,16.3391316493671,16.3391316493671,0,0,0,-536.610172548306,694.770908606293,158.160736057987,519.026878130076,374.021754555632,0,0,0,374.021754555632,0,374.021754555632,145.005123574444
2020-06-01,2020,"Q2","2019/20","Q4","June",1641.35509754104,3809.8330821594,479.48023998526,3132.37655243342,168.413249397295,2168.47798461837,646.563322944976,1339.26326853439,22341.3304111078,23371.0734908306,7954.90793615471,8496.80749643087,541.899560276157,15416.1655546759,20.769072865,1.243167,19.344960678,15374.8083541329,15344.7678751875,5849.41365380223,761.062278551738,2975.216096488,2113.13527876249,367.7463832822,-6511.41035024281,5658.67074920616,-852.739601036657,23982.6855083587,23968.1736699974,8457.58865990683,5623.17720100315,2834.41145890368,15510.5850100906,7801.01858900568,7709.56642108487,14.5118383613284,-67.35337189995,3.43152710005,2.47499044,0.95653666005,0,70.784899,0,70.784899,618.798406251499,588.24326289558,32.300658517,32.300658517,0,555.94260437858,0,0,7.01856124449,548.92404313409,548.92404313409,29.0127335505,24.02620749955,4.98652605095,0,11.545171972,13.0875817774191,178.557380536717,191.644962314136,551.445034352929,515.656335024029,36.25011180423,0,36.25011180423,479.406223219799,0,479.406223219799,35.7886993289,-63.1019322625967,0,0,0,0,63.1019322625967,0,57.7926800962567,356.356927496453,376.87720637602,0.082957821,0.082957821,0,376.79424855502,0,0,0,376.79424855502,376.79424855502,14.1265397995699,13.9977008745699,0,0.128838925,0,-34.6468186791369,180.194839861648,145.548021182511,293.254995231813,285.989125752446,0,0,0,285.989125752446,0,285.989125752446,7.26586947936619,-5.19171068635724,0,0,0,0,5.19171068635724,0,4.59310267651195,601.800066700099,1039.22652975539,45.794086185654,45.794086185654,0,993.432443569733,3.57969620253165,0,0,989.852747367201,989.454586585204,21.0323149355274,21.0323149355274,0,0,0,-458.458777990816,674.6238081982,216.165030207384,596.608356013741,421.796750532532,0,0,0,421.796750532532,0,421.796750532532,174.81160548121
2020-07-01,2020,"Q3","2020/21","Q1","July",1401.33831297104,3727.26342228244,423.76284103934,3116.09538717336,149.410202428625,2325.9251093114,645.591202232186,1480.47081560011,21612.0641133129,23660.4477484975,8287.7318820657,8734.63092241689,446.899040351193,15372.7158664318,18.5983775042,1.224179,20.374825957,15332.5184839706,15306.1807477596,5068.09918051805,764.646870674133,3055.02481028662,1248.42749955729,429.5975868712,-6686.88522883142,5637.48798585092,-1049.39724298051,23013.4024261123,22998.8905877509,8393.41067568275,5569.95129901578,2823.45937666698,14605.4799120682,6923.80139066224,7681.67852140595,14.5118383613284,-73.5257179124,3.5112190876,2.641077932,0.8701411556,0,77.036937,0,77.036937,619.55346646918,600.54022544049,33.538928794,33.538928794,0,567.00129664649,0,0,7.35368432649,559.64761232,559.64761232,31.40285860706,27.74922479755,3.65363380951,0,11.244725597,-1.14489198136965,179.020280326517,177.875388345148,546.02774763298,510.43488492608,31.51563377077,0,31.51563377077,478.91925115531,0,478.91925115531,35.5928627069,-64.8763966469067,0,0,0,0,64.8763966469067,0,59.5541142025667,372.222466584249,395.32255133758,0.082957821,0.082957821,0,395.23959351658,0,0,0,395.23959351658,395.23959351658,13.8430609495699,13.7142220245699,0,0.128838925,0,-36.9431457029013,195.045347911605,158.102202208703,307.346069935062,299.912229731846,0,0,0,299.912229731846,0,299.912229731846,7.43384020321619,-5.19171068635724,0,0,0,0,5.19171068635724,0,4.59310267651195,601.800066700099,1039.22652975539,45.794086185654,45.794086185654,0,993.432443569733,3.57969620253165,0,0,989.852747367201,989.454586585204,21.0323149355274,21.0323149355274,0,0,0,-458.458777990816,674.6238081982,216.165030207384,596.608356013741,421.796750532532,0,0,0,421.796750532532,0,421.796750532532,174.81160548121
2020-08-01,2020,"Q3","2020/21","Q1","August",1199.10278920787,3629.78436902118,429.29540138926,3029.09010858531,147.00064292624,2430.68157981331,706.873400753656,1522.74305485755,22865.7798035231,23681.6579963409,8375.33651553076,8913.97612113548,538.639605604725,15306.3214808101,17.8009662211,1.501172,19.497490805,15267.521851784,15257.2150032685,6321.85162318297,729.498526471344,3066.83716490625,2525.51593180538,419.5442930642,-6718.18552293654,5734.80304218445,-983.382480752095,24064.8825930332,24050.3707546719,8317.71775877527,5541.07408525222,2776.64367352305,15732.6529958966,7985.11770243761,7747.53529345902,14.5118383613284,-86.7653588477,3.5109661523,2.912594324,0.5983718283,0,90.276325,0,90.276325,614.79474775715,606.89635559014,33.8661184862,33.8661184862,0,573.03023710394,0,0,7.35368432649,565.67655277745,565.67655277745,22.93509032581,20.17451175805,2.76057856776,0,11.244725597,-3.79197256180046,175.101765392734,171.309792830934,528.02938890945,492.69520543855,33.18815131286,0,33.18815131286,459.50705412569,0,459.50705412569,35.3341834709,-67.13126248723,0,0,0,0,67.13126248723,0,61.79594976489,370.933621296378,402.16079235447,0.082957821,0.082957821,0,402.07783453347,0,0,0,402.07783453347,402.07783453347,15.3399934755699,15.2038187215699,0,0.136174754,0,-46.5671645336618,200.67811865839,154.110954124728,303.802358807987,296.343595881065,0,0,0,296.343595881065,0,296.343595881065,7.45876292692118,-5.19171068635724,0,0,0,0,5.19171068635724,0,4.59310267651195,601.800066700099,1039.22652975539,45.794086185654,45.794086185654,0,993.432443569733,3.57969620253165,0,0,989.852747367201,989.454586585204,21.0323149355274,21.0323149355274,0,0,0,-458.458777990816,674.6238081982,216.165030207384,596.608356013741,421.796750532532,0,0,0,421.796750532532,0,421.796750532532,174.81160548121
2020-09-01,2020,"Q3","2020/21","Q1","September",1188.97993980576,3717.22173869398,558.773119239667,2986.27622528143,149.48910550663,2528.24179888822,675.757754115507,1659.13746436812,23216.9741590998,23993.0168881145,8436.54681620317,8995.36100439304,558.814188189866,15556.4700719113,16.84075666843,1.208578,19.338603027,15519.0821342158,15501.4976783816,6400.44388795687,796.999922919916,2689.17542091805,2914.26854411891,419.8968600642,-6756.58975690735,5841.85115000961,-914.738606897737,24405.9540974148,24391.4422590535,8476.18706938716,5588.46889526888,2887.71817411828,15915.2551896663,7554.42234148505,8360.83284818124,14.5118383613284,-83.68839503,4.19614697,2.856697575,1.339449395,0,87.884542,0,87.884542,628.98595219766,615.85095641522,33.093434893,33.093434893,0,582.75752152222,0,0,7.59101693549,575.16650458673,575.16650458673,29.6079409148,25.264831859,4.3431090558,0,11.524192261,-4.94875287136011,174.941610688724,169.992857817364,545.29755717874,510.13506186284,29.69444107502,0,29.69444107502,480.44062078782,0,480.44062078782,35.1624953159,-64.7821428429,0,0,0,0,64.7821428429,0,59.43379984256,389.178460687064,406.35139123946,0.082957821,0.082957821,0,406.26843341846,0,0,0,406.26843341846,406.26843341846,17.2481809785699,17.1120062245699,0,0.136174754,0,-34.4211115309654,199.262297107122,164.841185576156,324.396317842166,316.940809579537,0,0,0,316.940809579537,0,316.940809579537,7.45550826262969,-5.14884328551336,0,0,0,0,5.14884328551336,0,4.19187674964838,656.870572827623,1105.73703526695,52.3070000506329,52.3070000506329,0,1053.43003521631,4.4518417440225,0,0,1048.97819347229,1048.558232409,19.5473523568214,19.5473523568214,0,0,0,-468.413814796146,685.950344124923,217.536529328776,651.72172954211,460.698186513347,0,0,0,460.698186513347,0,460.698186513347,191.023543028762
2020-10-01,2020,"Q4","2020/21","Q2","October",1529.93211916405,4035.65384784445,607.75334647902,3217.01002439112,185.460547432372,2505.7217286804,671.995669815433,1642.3605568102,23482.1827260279,24484.9400725518,8784.99412406835,9377.77014841734,592.776024348992,15699.9459484835,70.08092219,1.120192,17.718871264,15611.0259630295,15579.8711437121,6254.63079334805,698.599193160038,3153.05199986241,2402.9796003256,370.8733180642,-6886.51482180774,5905.50006122049,-981.014760587252,25012.1148440045,24997.6030056432,8821.72177571649,6006.69976476301,2815.02201095348,16175.8812299267,8031.28510893976,8144.59612098696,14.5118383613284,-76.89775800105,4.30944599895,2.64906951,1.66037648895,0,81.207204,0,81.207204,645.369275266815,639.99499700379,46.6240333522,46.6240333522,0,593.37096365159,0,0,7.59101693549,585.7799467161,585.7799467161,26.32214488115,24.1714535455,2.15069133565,0,11.524192261,-9.42367435712495,174.717126609847,165.293452252722,568.471517276845,533.146397012445,29.98647875201,0,29.98647875201,503.159918260435,0,503.159918260435,35.3251202644,-64.54407857378,0,0,0,0,64.54407857378,0,59.18273140344,383.659010150878,412.90820171162,0.78345863487,0.78345863487,0,412.12474307675,0,0,0,412.12474307675,412.12474307675,17.2804495285699,17.1442747745699,0,0.136174754,0,-46.5296410893121,202.331942689137,155.802301599825,319.114931575256,311.775041774476,0,0,0,311.775041774476,0,311.775041774476,7.33988980078015,-5.14884328551336,0,0,0,0,5.14884328551336,0,4.19187674964838,656.870572827623,1105.73703526695,52.3070000506329,52.3070000506329,0,1053.43003521631,4.4518417440225,0,0,1048.97819347229,1048.558232409,19.5473523568214,19.5473523568214,0,0,0,-468.413814796146,685.950344124923,217.536529328776,651.72172954211,460.698186513347,0,0,0,460.698186513347,0,460.698186513347,191.023543028762
2020-11-01,2020,"Q4","2020/21","Q2","November",1596.38059501041,4154.33895439358,623.44082741536,3344.13371525019,158.15377778316,2557.95835938317,694.117099255471,1653.50843287407,23594.4342003698,25042.7437751015,9291.33123284275,9943.23710955925,651.905876716497,15751.4125422588,12.801905192,1.133744,61.377299152,15676.0995939148,15648.0820317396,5726.00955082836,753.625471501346,2648.92604137271,2323.4580379543,388.9371055702,-6785.38201998982,5941.84600792999,-843.536012059835,25190.8147945564,25176.3029561951,8963.73996960785,6216.12106889258,2747.61890071527,16212.5629865872,8033.46850736133,8179.0944792259,14.5118383613284,-78.37978911655,3.50835288345,2.78065202,0.72770086345,0,81.888142,0,81.888142,675.088268727012,662.19192226095,51.4436118082,51.4436118082,0,610.74831045275,0,0,7.35368432649,603.39462612626,603.39462612626,35.29095330665,32.892589455,2.39836385165,0,11.524192261,-10.8704145795879,158.150693862249,147.280279282662,596.708479610462,561.000553708062,30.11205991847,0,30.11205991847,530.888493789592,0,530.888493789592,35.7079259024,-68.45980352308,0,0,0,0,68.45980352308,0,63.08542607474,391.202557246513,414.60983203829,3.02943643718,3.02943643718,0,411.58039560111,0,0,0,411.58039560111,411.58039560111,16.3284872785699,16.1923125245699,0,0.136174754,0,-39.7357620703472,203.277869108665,163.542107038317,322.742753720176,315.500053936759,0,0,0,315.500053936759,0,315.500053936759,7.24269978341764,-5.14884328551336,0,0,0,0,5.14884328551336,0,4.19187674964838,656.870572827623,1105.73703526695,52.3070000506329,52.3070000506329,0,1053.43003521631,4.4518417440225,0,0,1048.97819347229,1048.558232409,19.5473523568214,19.5473523568214,0,0,0,-468.413814796146,685.950344124923,217.536529328776,651.72172954211,460.698186513347,0,0,0,460.698186513347,0,460.698186513347,191.023543028762
2020-12-01,2020,"Q4","2020/21","Q2","December",1613.61152507046,3967.40405769736,711.30812299562,3093.388333659,132.60795499004,2353.7925326269,673.162943063165,1484.86977515625,23452.2208942166,25967.749931945,9828.57188796455,10918.5926131031,1090.02072513858,16139.1780439804,7.93553156503,1.126823,62.4718898178167,16067.6437995976,16044.3023820743,4923.16700946149,912.12835658684,3604.63337722165,406.405275653,769.607510751706,-6669.08853643819,5903.37931026297,-765.709226175224,25065.8324191136,25051.3205807523,8760.42861118049,6011.29985818709,2749.1287529934,16290.8919695718,8136.33590807009,8154.55606150167,14.5118383613284,-73.461635812,4.228357188,2.587956188,1.640401,0,77.689993,0,77.689993,652.99762746797,661.13580500359,51.975367,51.975367,0,609.16043800359,0,0,7.613071,601.54736700359,601.54736700359,30.7319039998,28.8452663205,1.8866376793,0,10.459862,-28.4102195354199,167.504823383112,139.094603847692,579.53599256818,544.99145326568,35.58687523967,0,35.58687523967,509.40457802601,0,509.40457802601,34.5445393025,-72.84826152961,0,0,0,0,72.84826152961,0,67.46085380527,396.345170668122,413.84288388232,4.03956655225,4.03956655225,0,409.80331733007,0,0,0,409.80331733007,409.80331733007,17.0184557598299,16.8797022485699,0,0.13875351126,0,-34.5161689740276,201.021345237576,166.505176263549,323.496909136397,316.459800141608,0,0,0,316.459800141608,0,316.459800141608,7.03710899478888,-3.61649363291139,0,0,0,0,3.61649363291139,0,3.12511959774965,613.95637619308,1172.02910713401,51.2031632517581,51.2031632517581,0,1120.82594388225,3.06284138126582,0,0,1117.76310250098,1117.18582330312,17.8068634599156,17.8068634599156,0,0,0,-575.879594400844,714.824829033179,138.945234632335,610.339882560169,404.613081834641,0,0,0,404.613081834641,0,404.613081834641,205.726800725527
2021-01-01,2021,"Q1","2020/21","Q3","January",1591.12142042796,3963.22765690813,823.85279573213,2981.63334281278,133.472893589773,2372.10623648018,721.903084565272,1487.68577166754,23613.7623789488,25806.1947741011,9591.35078163149,10262.5547723372,671.203990705762,16214.8439924696,3.21511406693,1.091816,62.5839010712688,16147.9531613314,16130.137072068,5118.24259249512,800.383294807326,3457.48595980544,860.373337882356,383.1115201772,-6927.56346747026,6003.3709563688,-924.19251110146,25204.8837997243,25190.371961363,9017.19652770443,6284.18582463687,2733.01070306756,16173.1754336586,7913.96322382108,8259.2122098375,14.5118383613284,-73.242410972,5.348092028,2.168540028,3.079552,0.100000000000002,78.590503,0,78.590503,673.7256147954,673.47085842696,69.9340980002,69.9340980002,0,603.53676042676,0,0,7.613071,595.92368942676,595.92368942676,34.56807721744,32.797676275,1.77040094244,0,10.459862,-23.8534588490001,168.860289814509,145.006830965509,600.4832038232,567.5806807277,39.69402242387,0,39.69402242387,527.88665830383,0,527.88665830383,32.9025230955,-80.47252299655,0,0,0,0,80.47252299655,0,75.11564641493,396.424069755376,398.129456199381,3.33727921594,3.33727921594,0,394.792176983441,0,0,0,394.792176983441,394.792176983441,16.9373070598299,16.7985535485699,0,0.13875351126,0,-18.6426935038342,200.177865875529,181.535172371694,315.951546756864,309.09032150746,0,0,0,309.09032150746,0,309.09032150746,6.8612252494039,-3.61649363291139,0,0,0,0,3.61649363291139,0,3.12511959774965,613.95637619308,1172.02910713401,51.2031632517581,51.2031632517581,0,1120.82594388225,3.06284138126582,0,0,1117.76310250098,1117.18582330312,17.8068634599156,17.8068634599156,0,0,0,-575.879594400844,714.824829033179,138.945234632335,610.339882560169,404.613081834641,0,0,0,404.613081834641,0,404.613081834641,205.726800725527
2021-02-01,2021,"Q1","2020/21","Q3","February",1819.23746456268,4089.84810321158,744.62394489265,3161.33827501565,156.799491543795,2270.6106386489,686.394681674706,1443.83158379231,23514.2429124885,26223.9785572114,10028.003438929,10691.7272255719,663.723786642984,16195.9751182825,2.85858914544215,1.104562,59.5735505400569,16132.438416597,16113.127696067,4887.46946808401,690.489829848225,3096.77517099204,1100.20446724375,380.45182971813,-7216.75328308884,6101.78522031716,-1114.96806277167,25333.480374306,25318.9685359446,9004.76654358504,6210.13828422761,2794.62825935743,16314.2019923596,7969.86408500306,8344.33790735655,14.5118383613284,-74.863185258,4.320236742,3.125619028,1.091832,0.102785713999998,79.183422,0,79.183422,710.88117071388,705.62093637889,89.9494740002,89.9494740002,0,615.67146237869,0,0,7.353684,608.31777837869,608.31777837869,41.19675477907,37.097666575,4.09908820407,0,10.459862,-25.47665844408,172.068721323463,146.592062879383,636.01798545543,602.54167517593,41.50304080475,0,41.50304080475,561.03863437118,0,561.03863437118,33.4763102795,-80.65458721081,0,0,0,0,80.65458721081,0,75.35707327243,392.062266532881,394.45382737145,3.3420972342,3.3420972342,0,391.11173013725,0,0,0,391.11173013725,391.11173013725,17.1808819598299,17.0421284485699,0,0.13875351126,0,-19.572442798399,201.142302033406,181.569859235007,311.407679324313,304.731807290085,0,0,0,304.731807290085,0,304.731807290085,6.6758720342279,-3.61649363291139,0,0,0,0,3.61649363291139,0,3.12511959774965,613.95637619308,1172.02910713401,51.2031632517581,51.2031632517581,0,1120.82594388225,3.06284138126582,0,0,1117.76310250098,1117.18582330312,17.8068634599156,17.8068634599156,0,0,0,-575.879594400844,714.824829033179,138.945234632335,610.339882560169,404.613081834641,0,0,0,404.613081834641,0,404.613081834641,205.726800725527
2021-03-01,2021,"Q1","2020/21","Q3","March",1152.2837521999,3453.85856480128,755.82971108925,2520.29052487264,150.534478946857,2301.57481260138,659.642994387701,1505.17348056778,24114.4196806294,26375.3049336891,10058.8520827597,10714.8169401232,655.964857363491,16316.4528509294,13.6278250111097,1.03024,59.4962731347229,16242.2985127835,16213.3719511184,5224.79591957497,725.063209857775,2893.29420728577,1606.43850243142,381.7060031772,-7103.9751694574,6171.04848743662,-932.926682020772,25266.7034307281,25252.1915923667,8880.94902415629,6088.87537643082,2792.07364772547,16371.2425682104,7963.81286176376,8407.42970644667,14.5118383613284,-70.537978842,5.611581158,3.03258873,2.476421,0.102571428,76.14956,0.003819,76.145741,729.11766552458,713.18603155351,87.105483,87.105483,0,626.08054855351,0,0,7.70431299649,618.37623555702,618.37623555702,38.57618031455,34.5470975,4.02908281455,0,12.108862,-10.5356843434801,170.852152016455,160.316467672975,658.57965668725,624.92129639875,42.035757104,0,42.035757104,582.88553929475,0,582.88553929475,33.6583602885,-79.54901785481,0,0,0,0,79.54901785481,0,74.23854484243,395.376793698217,400.08798421971,6.98907910701,6.98907910701,0,393.0989051127,0,0,0,393.0989051127,393.0989051127,16.5138241598299,16.3750706485699,0,0.13875351126,0,-21.2250146813232,199.996155723138,178.771141041815,315.82777584004,309.31117040525,0,0,0,309.31117040525,0,309.31117040525,6.51660543479066,-2.94166933895921,0,0,0,0,2.94166933895921,0,2.34990469901547,696.024845296025,1236.04337902739,54.3539286230661,57.4799942489451,3.12606562587904,1181.68945040432,2.80853910081575,0,0,1178.8809113035,1178.29378681731,18.1742451884669,18.1742451884669,0,0,0,-558.192778919827,749.405625188979,191.212846269152,693.083175957065,454.344741122062,0,0,0,454.344741122062,0,454.344741122062,238.738434835004
2021-04-01,2021,"Q2","2020/21","Q4","April",1459.18969094259,3743.14521860511,554.6230535125,3014.32119796918,147.482501364969,2283.95552766252,731.451464361558,1391.3440405615,23713.5656316639,26136.0645262053,9985.17952431995,10639.122695911,653.943171591027,16150.8850018854,13.6996594701057,1.002597,59.2873000481081,16076.8954453671,16050.2974857559,5297.35379567295,697.816964731112,2976.8189368179,1622.71789412394,394.3519831772,-7325.50070703715,6292.10281072103,-1033.39789631612,25172.7553225498,25158.2434841885,9044.37542736023,6276.76822741398,2767.60719994625,16113.8680568283,7709.44209423559,8404.4259625927,14.5118383613284,-72.123502011,4.422082989,2.698173989,1.723909,0,76.545585,0,76.545585,716.879734069511,720.6824027362,85.7285436662,85.7285436662,0,634.95385907,0,0,7.593735,627.36012407,627.36012407,38.51793134111,28.557889348,9.96004199311,0,12.142029,-30.1785710077993,170.727303591115,140.548732583315,644.75623206044,610.71167711244,40.89105209065,0,40.89105209065,569.82062502179,0,569.82062502179,34.044554948,-76.28528576784,0,0,0,0,76.28528576784,0,71.03960857846,389.882583387718,406.710664931712,14.09744430474,14.09744430474,0,392.613220626972,0,0,0,392.613220626972,392.613220626972,16.6996213914299,16.5560725991699,0,0.14354879226,0,-33.5277029354243,197.544137146907,164.016434211483,313.59852791394,307.325057726123,0,0,0,307.325057726123,0,307.325057726123,6.27347018781717,-2.94166933895921,0,0,0,0,2.94166933895921,0,2.34990469901547,696.024845296025,1236.04337902739,54.3539286230661,57.4799942489451,3.12606562587904,1181.68945040432,2.80853910081575,0,0,1178.8809113035,1178.29378681731,18.1742451884669,18.1742451884669,0,0,0,-558.192778919827,749.405625188979,191.212846269152,693.083175957065,454.344741122062,0,0,0,454.344741122062,0,454.344741122062,238.738434835004
2021-05-01,2021,"Q2","2020/21","Q4","May",1228.23735215736,3439.09015399984,629.03303372257,2612.9159306276,172.247082328,2210.85280184248,682.327467320661,1352.63088905013,23907.3145800244,26002.8576969381,9926.90000377255,10582.9357201929,656.035716420322,16075.9576931655,13.414996408434,1.008092,60.964733473974,16000.5698712831,15976.3229776902,5950.86975743218,707.041646148367,3058.47884721021,2185.3492640736,395.1272031772,-7651.28567116866,6376.10043304699,-1275.18523812167,25135.5519300407,25121.0400916794,8936.59190981787,6164.41364432237,2772.1782654955,16184.4481818615,7777.74394888009,8406.70423298144,14.5118383613284,-70.87773919,6.36814681,3.85392181,2.514225,0,77.245886,0,77.245886,694.58959695606,753.5931600267,86.6027599992,86.6027599992,0,666.9904000275,0,0,7.647336,659.3430640275,659.3430640275,39.28977950835,29.031754148,10.25802536035,0,12.142029,-86.1513135789901,165.578174381199,79.426860802209,623.71185865917,589.33815080317,35.14931963892,0,35.14931963892,554.18883116425,0,554.18883116425,34.373707856,-77.51479627162,0,0,0,0,77.51479627162,0,72.29194061128,392.833850340079,406.420613515068,16.52148924919,16.52148924919,0,389.899124265878,0,0,0,389.899124265878,389.899124265878,17.1849000414299,17.0413512491699,0,0.14354879226,0,-30.7716632164192,196.359989860648,165.588326644229,315.319054065935,309.262096321267,0,0,0,309.262096321267,0,309.262096321267,6.0569577446677,-2.94166933895921,0,0,0,0,2.94166933895921,0,2.34990469901547,696.024845296025,1236.04337902739,54.3539286230661,57.4799942489451,3.12606562587904,1181.68945040432,2.80853910081575,0,0,1178.8809113035,1178.29378681731,18.1742451884669,18.1742451884669,0,0,0,-558.192778919827,749.405625188979,191.212846269152,693.083175957065,454.344741122062,0,0,0,454.344741122062,0,454.344741122062,238.738434835004
2021-06-01,2021,"Q2","2020/21","Q4","June",1012.00921491097,3246.24171153358,605.3731386291,2504.84406765491,117.00982130406,2234.23249662261,725.971877796357,1331.47951763135,25016.7464440537,26587.2235442917,10108.8551152498,10848.4943117673,739.63919651748,16478.3684290419,2.16957183673122,1.010576,60.1463308786903,16415.0419503264,16395.9020524732,6562.88612592502,704.735463261842,3291.44332671491,2566.70733594827,392.4788244872,-7740.88440167575,6492.13772012209,-1248.74668155366,26028.7556554155,26014.2438170541,8900.37275370078,6170.74655495572,2729.62619874506,17113.8710633534,8524.5027204901,8589.36834286325,14.5118383613284,-48.9421454,5.3446236,3.3797896,1.964834,0,54.286769,0,54.286769,708.77401267548,749.92713013515,81.704007333,81.704007333,0,668.22312280215,0,0,7.946457,660.27666580215,660.27666580215,44.50307361095,34.731597338,9.77147627295,0,12.142029,-73.51416207062,166.906841625516,93.392679554896,659.83186727673,625.75057268323,40.96333118349,0,40.96333118349,584.78724149974,0,584.78724149974,34.0812945935,-74.27669424766,0,0,0,0,74.27669424766,0,69.04829544372,385.323110519816,409.420154048193,16.63973689502,16.63973689502,0,392.780417153173,0,0,0,392.780417153173,392.780417153173,18.2079512414299,18.0644024491699,0,0.14354879226,0,-42.3049947698066,191.503063429822,149.198068660015,311.046416271738,305.166675718054,0,0,0,305.166675718054,0,305.166675718054,5.87974055368371,-13.6344572053446,0,0,0,0,13.6344572053446,0,12.971652021097,710.695885841047,1297.5771869748,52.8675568466948,53.1957331237693,0.328176277074543,1244.7096301281,3.029548395218,0,0,1241.68008173288,1241.06904726076,22.180240021097,22.180240021097,0,0,0,-609.061541154846,789.693381788969,180.631840634123,697.061428635702,436.849168317287,0,0,0,436.849168317287,0,436.849168317287,260.212260318415
2021-07-01,2021,"Q3","2021/22","Q1","July",454.191505993265,2830.95140662478,493.7073669084,2183.20286362639,134.77245410667,2376.75990063152,928.463721183393,1287.7533663984,25572.6497745127,27011.5115706381,10252.6695645565,10880.2178028133,627.548238256743,16758.8420060816,2.176592723,0.940855,60.4177666351285,16695.3067917235,16674.458726953,6639.00497230142,804.720535894452,3893.07258216196,1941.211854245,390.7488463302,-7687.11792209664,6573.71215811343,-1113.40576398321,26026.8412775413,26012.32943918,8757.33474767439,6021.31827887009,2736.01646880431,17254.9946915056,8681.76690667161,8573.22778483398,14.5118383613284,-46.74872886,8.10178814,3.65783414,4.443954,0,54.850517,0,54.850517,732.55967045514,742.26443984142,77.8164985492,77.8164985492,0,664.44794129222,0,0,7.903253,656.54468829222,656.54468829222,40.58262292215,31.685071138,8.89755178415,0,9.726297,-40.56109530843,164.402475213957,123.841379905527,685.81094059594,652.37174542794,46.1478818745,0,46.1478818745,606.22386355344,0,606.22386355344,33.439195168,-73.01383873407,0,0,0,0,73.01383873407,0,67.77352634949,404.356813272961,414.646415620475,24.72014433404,24.72014433404,0,389.926271286435,0,0,0,389.926271286435,389.926271286435,15.9242605414299,15.7807117491699,0,0.14354879226,0,-26.213862888944,177.580731311833,151.366868422889,331.342974536083,325.659205268451,0,0,0,325.659205268451,0,325.659205268451,5.68376926763121,-13.6344572053446,0,0,0,0,13.6344572053446,0,12.971652021097,710.695885841047,1297.5771869748,52.8675568466948,53.1957331237693,0.328176277074543,1244.7096301281,3.029548395218,0,0,1241.68008173288,1241.06904726076,22.180240021097,22.180240021097,0,0,0,-609.061541154846,789.693381788969,180.631840634123,697.061428635702,436.849168317287,0,0,0,436.849168317287,0,436.849168317287,260.212260318415
2021-08-01,2021,"Q3","2021/22","Q1","August",541.853551609183,2859.8746305725,540.10348370912,2159.77663291751,139.30637155645,2318.02107896332,960.171402722093,1195.2393409943,25785.9812796513,27126.5000623932,10382.791970881,11067.6480793506,684.856108469629,16743.7080915122,12.1658939833535,0.937661,67.2748173465483,16663.3297191823,16645.6709076982,6888.02620205397,865.643726993875,3175.77455694169,2846.6079181184,391.3308463302,-7837.21413846568,6683.76473578688,-1153.4494026788,26327.8348287533,26313.322990392,8884.02623559931,6222.16037722746,2661.86585837185,17429.2967547927,8757.47568444926,8671.82107034345,14.5118383613284,-49.049830875,6.247186125,3.272129125,2.975057,0,55.297017,0,55.297017,691.51568751781,762.0370048679,78.1317910282,78.1317910282,0,683.9052138397,0,0,7.948927,675.9562868397,675.9562868397,46.04506114075,33.111139038,12.93392210275,0,9.726297,-106.84008149084,162.920000904212,56.0799194133719,642.46585564161,608.97485239961,43.55726250743,0,43.55726250743,565.41758989218,0,565.41758989218,33.491003242,-69.14021820824,0,0,0,0,69.14021820824,0,63.89214868266,411.85156562372,419.4877499654,24.76104077608,24.76104077608,0,394.72670918932,0,0,0,394.72670918932,394.72670918932,17.0618700894299,16.9139092991699,0,0.14796079026,0,-24.6980544311101,179.779657289989,155.081602858879,342.711347414047,337.252116869793,0,0,0,337.252116869793,0,337.252116869793,5.45923054425472,-13.6344572053446,0,0,0,0,13.6344572053446,0,12.971652021097,710.695885841047,1297.5771869748,52.8675568466948,53.1957331237693,0.328176277074543,1244.7096301281,3.029548395218,0,0,1241.68008173288,1241.06904726076,22.180240021097,22.180240021097,0,0,0,-609.061541154846,789.693381788969,180.631840634123,697.061428635702,436.849168317287,0,0,0,436.849168317287,0,436.849168317287,260.212260318415
2021-09-01,2021,"Q3","2021/22","Q1","September",388.780960258903,2843.38751832101,516.56930619456,2163.90871573851,129.82349152764,2454.60655806211,841.86715850588,1441.97811693462,25485.6149570627,27616.1832527094,10765.0022890395,11325.9168998753,560.91461083584,16851.1809636699,36.3883200518775,0.423468,69.2207618277321,16745.1484137903,16718.7517148548,6156.96878963322,859.910768882723,3044.95811639874,2252.09990435175,391.2259923302,-7896.31109294975,6785.87815580439,-1110.43293714536,25874.3959193069,25859.8840809456,8816.5264795753,6145.26092108233,2671.26555849297,17043.3576013703,8454.56405550226,8588.79354586799,14.5118383613284,-47.856079227,5.263370773,3.403042773,1.860328,0,53.11945,0,53.11945,667.06922674749,780.9113225122,78.854572438,78.854572438,0,702.0567500742,0,0,7.638277,694.4184730742,694.4184730742,45.54313369767,37.156716138,8.38641755967,0,9.726297,-149.65893246238,163.892340627175,14.2334081647946,619.21314751718,586.13109551568,47.32126068439,0,47.32126068439,538.80983483129,0,538.80983483129,33.0820520015,-61.79111125587,0,0,0,0,61.79111125587,0,56.52777251553,418.638642383266,428.04655497558,23.56919777482,23.56919777482,0,404.47735720076,0,0,0,404.47735720076,404.47735720076,16.4647620894299,16.3168012991699,0,0.14796079026,0,-25.8726746817434,183.64448210697,157.771807425226,356.847531123085,351.790847131005,0,0,0,351.790847131005,0,351.790847131005,5.05668399208073,-16.5529480098453,0,0,0,0,16.5529480098453,0,15.896098718706,778.811847300427,1405.62558625405,75.7188754500703,76.0353311462729,0.316455696202532,1329.90671080398,7.86946639662447,0,0,1322.03724440736,1321.42339699571,20.401982045007,20.401982045007,0,0,0,-647.215720998631,816.222740317328,169.007019318697,762.258899290581,473.152754450908,0,0,0,473.152754450908,0,473.152754450908,289.106144839673
2021-10-01,2021,"Q4","2021/22","Q2","October",1485.85045756062,3991.16058550057,587.53944689957,3228.23228587184,132.414569639562,2505.31012793995,904.560685729343,1441.00864303043,24449.6263217512,27835.8775742086,10889.8289269434,11547.6743923064,657.845465362984,16946.0486472652,26.5121680635289,0.415447,78.7147266506692,16840.406305551,16816.3293107171,5320.59338804474,851.140027662627,3298.74955895747,1170.70380142464,397.9010796322,-8308.94356087,6781.79750493425,-1527.14605593574,25935.4767765843,25920.964938223,8825.09610193815,6174.5320036746,2650.56409826355,17095.8688362849,8652.47885202709,8443.38998425778,14.5118383613284,-50.442443575,3.338710425,2.625369425,0.713341,0,53.781154,0,53.781154,694.90139887671,781.63463791316,62.4058105612,62.4058105612,0,719.22882735196,0,0,7.638184,711.59064335196,711.59064335196,42.46281120795,28.139208038,14.32360316995,0,9.775297,-119.4207532444,170.64828699034,51.2275337459397,644.45895530522,611.30976327022,44.5366058425,0,44.5366058425,566.77315742772,0,566.77315742772,33.149192035,-60.52141293674,0,0,0,0,60.52141293674,0,55.31896107836,405.039344885975,433.74021531637,21.03449094882,21.03449094882,0,412.70572436755,0,0,0,412.70572436755,412.70572436755,14.7597307894298,14.6117699991698,0,0.14796079026,0,-43.4606012198249,189.017574222516,145.556973002691,344.517931950765,339.795235695431,0,0,0,339.795235695431,0,339.795235695431,4.72269625533449,-16.5529480098453,0,0,0,0,16.5529480098453,0,15.896098718706,778.811847300427,1405.62558625405,75.7188754500703,76.0353311462729,0.316455696202532,1329.90671080398,7.86946639662447,0,0,1322.03724440736,1321.42339699571,20.401982045007,20.401982045007,0,0,0,-647.215720998631,816.222740317328,169.007019318697,762.258899290581,473.152754450908,0,0,0,473.152754450908,0,473.152754450908,289.106144839673
2021-11-01,2021,"Q4","2021/22","Q2","November",1885.80273669302,4379.48927513164,555.90857199362,3640.23990569619,132.925413789179,2493.68653843862,900.203823001489,1435.29110122793,24678.0396729268,27622.6619292897,10539.6618182481,11207.0744673927,667.412649144658,17083.0001110416,25.3906881887351,0.401025,76.2142599083464,16980.9941379445,16957.9094493353,5358.52934016238,852.417684900411,3154.50993061826,1351.60172464371,398.9072031322,-7904.24439339302,6842.42893758458,-1061.81545580844,26563.8424053671,26549.3305670058,9043.68535713877,6397.31984940389,2646.36550773489,17505.645209867,8950.12738074753,8555.51782911948,14.5118383613284,-49.71744653,4.66025047,2.83563747,1.824613,0,54.377697,0,54.377697,707.67364106818,782.0017623446,52.55510511,57.88123411,5.326129,729.4466572346,0,0,7.432868,722.0137892346,722.0137892346,54.18609797955,34.122220188,20.06387779155,0,9.775297,-118.73892225597,171.129581670177,52.3906594142071,657.9561945419,624.6106270059,46.55067753328,0,46.55067753328,578.05994947262,0,578.05994947262,33.345567536,-60.37783623294,0,0,0,0,60.37783623294,0,55.92878734664,405.156049728864,441.21709182298,18.76335873982,18.76335873982,0,422.45373308316,0,0,0,422.45373308316,422.45373308316,16.1812912894298,16.0333304991698,0,0.14796079026,0,-52.2423333835457,199.885037298997,147.642703915451,344.778213495995,340.16820494254,0,0,0,340.16820494254,0,340.16820494254,4.6100085534555,-16.5529480098453,0,0,0,0,16.5529480098453,0,15.896098718706,778.811847300427,1405.62558625405,75.7188754500703,76.0353311462729,0.316455696202532,1329.90671080398,7.86946639662447,0,0,1322.03724440736,1321.42339699571,20.401982045007,20.401982045007,0,0,0,-647.215720998631,816.222740317328,169.007019318697,762.258899290581,473.152754450908,0,0,0,473.152754450908,0,473.152754450908,289.106144839673
2021-12-01,2021,"Q4","2021/22","Q2","December",1807.72466453079,4293.54157719919,539.68809576288,3582.21555324533,113.162754984638,2485.8169126684,898.427050054147,1427.61957252243,24839.0820356263,28009.5639026146,10245.1016662519,11397.2415522085,1152.13988595661,17764.4622363628,26.2652057360538,0.405062,78.9775106396951,17658.814457987,17639.3970885424,5286.37193860829,1013.71123825201,3198.75047331481,1073.91022704147,391.0838702152,-8065.76993538139,7074.36861573524,-991.401319646149,26646.8067033019,26632.2948649406,9020.35166514479,6427.48896861518,2592.86269652961,17611.9431997958,8910.1713698249,8701.77182997087,14.5118383613284,-27.46393111,0.50115889,0.50115889,0,0,27.96509,0,27.96509,206.67467492703,265.69777773108,12.825718233,12.825718233,0,252.87205949808,0,0,0,252.87205949808,252.87205949808,6.97352086155,2.8321058,4.14141506155,0,0,-65.9966236656,69.7204479747842,3.72382430918418,179.21074381953,148.09941246803,46.59152169995,0,46.59152169995,101.50789076808,0,101.50789076808,31.1113313515,-60.52032521686,0,0,0,0,60.52032521686,0,56.06377604732,395.393468494611,437.266989485818,17.9413971065,17.9413971065,0,419.325592379318,0,0,0,419.325592379318,419.325592379318,17.8190518154298,17.6610241491698,0,0.15802766626,0,-59.6925728066368,206.013067290642,146.320494484005,334.87314331895,330.452507434361,0,0,0,330.452507434361,0,330.452507434361,4.42063588458901,-14.4826920028129,0,0,0,0,14.4826920028129,0,13.9193012208158,781.205022299877,1452.55211424264,74.0072038338494,74.3236595300519,0.316455696202532,1378.54491040879,5.90588010548523,0,0,1372.6390303033,1371.78599137616,18.3199339395218,18.3199339395218,0,0,0,-689.667025882284,830.128373016403,140.461347134119,766.722330297064,457.078685584027,0,0,0,457.078685584027,0,457.078685584027,309.643644713037
2022-01-01,2022,"Q1","2021/22","Q3","January",1759.07528920509,4199.1154925629,698.77127644311,3305.39343209861,140.584447519261,2440.04020335781,929.039676891112,1384.01277016483,25305.9751205907,28559.8698573247,10773.1427038606,11575.7355755776,802.592871716977,17786.7271534641,26.17634506787,0.392589,77.3177634450113,17682.8404559512,17668.0795719816,5188.19556262736,1012.57545854959,3262.83244652149,912.787657556275,393.5217783182,-8048.5685210432,7190.8474515333,-857.721069509903,27065.0504078607,27050.5385694994,8972.03065417292,6369.20360049756,2602.82705367536,18078.5079153264,9511.78427465503,8566.72364067141,14.5118383613284,-24.690626638,0.338749362,0.338749362,0,0,25.029376,0,25.029376,213.29076275764,266.01839992306,12.926501356,12.926501356,0,253.09189856706,0,0,0,253.09189856706,253.09189856706,5.62982267663,3.2834272,2.34639547663,0,0,-58.35745984205,67.9359411608109,9.57848131876089,188.60013611799,157.41883026599,46.33993052616,0,46.33993052616,111.07889973983,0,111.07889973983,31.181305852,-59.28289406294,0,0,0,0,59.28289406294,0,54.86726224858,413.817964193653,434.498980281193,18.1175500260233,18.1175500260233,0,416.38143025517,0,0,0,416.38143025517,416.38143025517,17.5911610154398,17.4331333491798,0,0.15802766626,0,-38.2721771029801,208.957021590217,170.684844487237,354.535070018571,350.158477865013,0,0,0,350.158477865013,0,350.158477865013,4.3765921535575,-14.4826920028129,0,0,0,0,14.4826920028129,0,13.9193012208158,781.205022299877,1452.55211424264,74.0072038338494,74.3236595300519,0.316455696202532,1378.54491040879,5.90588010548523,0,0,1372.6390303033,1371.78599137616,18.3199339395218,18.3199339395218,0,0,0,-689.667025882284,830.128373016403,140.461347134119,766.722330297064,457.078685584027,0,0,0,457.078685584027,0,457.078685584027,309.643644713037
2022-02-01,2022,"Q1","2021/22","Q3","February",1571.25338791534,4157.91790237718,485.41674086513,3418.7399079205,136.37144584316,2586.66451446184,1072.19290671043,1398.37208691273,25791.4451443762,28846.4484775774,10839.3874347262,11662.2508251397,822.863390413542,18007.0610428512,24.5579735525,0.391379,74.4542901068617,17907.6574001918,17885.1198314328,5640.90916219143,996.931187095005,3465.69181937175,1178.28615572468,404.54470189536,-8291.36779349726,7329.63587116763,-961.73192232963,27362.6985295255,27348.1866911642,9252.82483375513,6564.8927529766,2687.93208077854,18095.361857409,9267.15725208205,8828.20460532697,14.5118383613284,-25.853206318,0.391670682,0.391670682,0,0,26.244877,0,26.244877,203.98447486035,263.43463987815,7.638811274,7.638811274,0,255.79582860415,0,0,0,255.79582860415,255.79582860415,7.38307401005,4.201328428,3.18174558205,0,0,-66.83323902785,65.6016338653806,-1.23160516246939,178.13126854641,146.81399120641,48.10267743276,0,48.10267743276,98.71131377365,0,98.71131377365,31.31727734,-58.6971719727,0,0,0,0,58.6971719727,0,54.2735043745,415.109805028332,433.189161112243,18.2956700974433,18.2956700974433,0,414.8934910148,0,0,0,414.8934910148,414.8934910148,19.6618247654398,19.5037970991798,0,0.15802766626,0,-37.7411808493513,211.053106647739,173.311925798387,356.41263305727,352.023341583792,0,0,0,352.023341583792,0,352.023341583792,4.3892914734785,-14.4826920028129,0,0,0,0,14.4826920028129,0,13.9193012208158,781.205022299877,1452.55211424264,74.0072038338494,74.3236595300519,0.316455696202532,1378.54491040879,5.90588010548523,0,0,1372.6390303033,1371.78599137616,18.3199339395218,18.3199339395218,0,0,0,-689.667025882284,830.128373016403,140.461347134119,766.722330297064,457.078685584027,0,0,0,457.078685584027,0,457.078685584027,309.643644713037
2022-03-01,2022,"Q1","2021/22","Q3","March",1363.13541426135,3979.15238957583,473.79475117558,3298.10851542542,151.150550549426,2616.01697531448,1182.76114404818,1343.64829060637,25949.3610358848,29136.4907463749,11203.5660645454,12039.7673907708,836.201326225334,17932.9246818295,24.641916265322,0.371367,70.3226900001636,17837.588708564,17799.1778086311,5711.69997383502,1012.12545681223,3133.54236480889,1566.0321522139,404.28555489536,-8494.54412942982,7318.02296063775,-1176.52116879207,27312.4964493701,27297.9846110088,9257.38817354271,6578.41123391356,2678.97693962915,18040.5964374661,9159.12412477343,8881.47231269263,14.5118383613284,-22.32595353,0.70372647,0.70372647,0,0,23.02968,0,23.02968,207.075059813376,265.8465267246,11.472339041,11.472339041,0,254.3741876836,0,0,0,254.3741876836,254.3741876836,7.18077039265,3.6883324,3.49243799265,0,0,-65.9522373038741,66.1808383750664,0.22860107119228,184.74910638595,153.93350715945,46.56263544704,0,46.56263544704,107.37087171241,0,107.37087171241,30.8155992265,-55.46401332171,0,0,0,0,55.46401332171,0,51.02606973743,378.93047576127,433.868734647983,17.9354072305233,17.9354072305233,0,415.93332741746,0,0,0,415.93332741746,415.93332741746,17.5788277224398,17.4157096491798,0,0.16311807326,0,-72.5170866091535,215.148407217098,142.631320607945,323.466462324025,319.18946478612,0,0,0,319.18946478612,0,319.18946478612,4.27699753790499,-14.6189786090014,0,0,0,0,14.6189786090014,0,14.1044915682138,804.442618587272,1493.40524468358,72.1279965696203,72.2686435457103,0.140646976090014,1421.27724811396,6.52788532348804,0,0,1414.74936279047,1413.86609241916,21.6464777974684,21.6464777974684,0,0,0,-710.609103893773,819.959604564221,109.350500670448,789.82363997827,459.391652531013,0,0,0,459.391652531013,0,459.391652531013,330.431987447257
2022-04-01,2022,"Q2","2021/22","Q4","April",1274.17312483103,3365.60220378176,482.17330345771,2643.82164304872,156.817042080356,2091.42907895073,801.160618062085,1211.05370520642,25881.2360452056,29121.8831045435,11146.3803734459,12027.0204862656,880.640112819699,17975.5027310976,25.1709343623,0.366636,64.38633729796,17885.5788234374,17860.6099235062,5659.88479060704,975.392413400996,3323.61017476728,1360.88220243877,405.60834189936,-8494.92350804555,7424.23664482007,-1070.68686322548,27155.4091696216,27140.8973312603,9043.72374975398,6320.09000674836,2723.63374300562,18097.1735815063,9408.35142032659,8688.82216117974,14.5118383613284,-21.82861453,0.81837647,0.81837647,0,0,22.646991,0,22.646991,205.75973612739,268.79481550214,11.552622096,11.552622096,0,257.24219340614,0,0,0,257.24219340614,257.24219340614,6.33154571965,2.8722395,3.45930621965,0,0,-69.3666250944,65.2499344846655,-4.11669060973453,183.93112160324,152.98268317674,47.28276474204,0,47.28276474204,105.6999184347,0,105.6999184347,30.9484384265,-61.19407151493,0,0,0,0,61.19407151493,0,56.76417756953,380.492635863012,433.918759543119,18.116515837839,18.116515837839,0,415.80224370528,0,0,0,415.80224370528,415.80224370528,18.0262432284398,17.8631251551798,0,0.16311807326,0,-71.4523669085471,217.093691280454,145.641324371907,319.298564265335,315.053090187973,0,0,0,315.053090187973,0,315.053090187973,4.24547407736149,-14.6189786090014,0,0,0,0,14.6189786090014,0,14.1044915682138,804.442618587272,1493.40524468358,72.1279965696203,72.2686435457103,0.140646976090014,1421.27724811396,6.52788532348804,0,0,1414.74936279047,1413.86609241916,21.6464777974684,21.6464777974684,0,0,0,-710.609103893773,819.959604564221,109.350500670448,789.82363997827,459.391652531013,0,0,0,459.391652531013,0,459.391652531013,330.431987447257
2022-05-01,2022,"Q2","2021/22","Q4","May",2384.08409130877,4593.26866691794,535.10524024127,3797.2872828126,188.333995793741,2209.18457560917,875.284963372031,1234.34152327128,26049.3358608773,29668.0692127476,11264.2380251901,12228.794923723,964.556898532872,18403.8311875575,27.6300979298742,0.360442,74.5524542847682,18301.2881933429,18212.6820131762,5952.74457025695,1037.70696662595,3160.15314703155,1754.88445659946,433.57822439936,-9137.89969772787,7565.2823559864,-1572.61734174147,28433.4199546973,28418.9081163359,9600.44667433103,6733.76246223477,2866.68421209626,18818.4614420049,9518.23638266176,9300.22505934314,14.5118383613284,-22.371158005,0.517156995,0.517156995,0,0,22.888315,0,22.888315,200.38811621599,270.37960223835,11.633775424,11.633775424,0,258.74582681435,0,0,0,258.74582681435,258.74582681435,5.8696129124,3.4060515,2.4635614124,0,0,-75.86109893476,64.2811514476421,-11.5799474871179,178.016958212,146.9613571455,42.62357033771,0,42.62357033771,104.33778680779,0,104.33778680779,31.0556010665,-56.6783013412492,0,0,0,0,56.6783013412492,0,52.1816854491692,381.317173583633,439.114891617191,17.9121535824252,17.9121535824252,0,421.202738034766,0,0,0,421.202738034766,421.202738034766,18.9050874744398,18.6273270991798,0,0.27776037526,0,-76.702805507998,219.04407213272,142.341266624722,324.638872159935,320.340994801394,0,0,0,320.340994801394,0,320.340994801394,4.297877358541,-14.6189786090014,0,0,0,0,14.6189786090014,0,14.1044915682138,804.442618587272,1493.40524468358,72.1279965696203,72.2686435457103,0.140646976090014,1421.27724811396,6.52788532348804,0,0,1414.74936279047,1413.86609241916,21.6464777974684,21.6464777974684,0,0,0,-710.609103893773,819.959604564221,109.350500670448,789.82363997827,459.391652531013,0,0,0,459.391652531013,0,459.391652531013,330.431987447257
2022-06-01,2022,"Q2","2021/22","Q4","June",1631.35894704825,3872.3077020631,433.62593974561,3233.15524085626,136.892821943151,2240.94875501485,804.238272469581,1356.39258806632,27555.293553429,30280.7454881103,11555.4373231676,12650.9956479124,1095.55832474475,18725.3081649427,33.15368658312,0.351323,70.8401186524913,18620.9630367071,18529.5021627209,5661.89142381173,1058.57469923991,4004.29279465378,599.023929918041,379.28430369036,-8008.0590548027,7285.32936988822,-722.729684914483,29186.6525003117,29172.1406619504,9490.5293164737,6674.22148386402,2816.30783260968,19681.6113454767,10175.9997453754,9505.61160010131,14.5118383613284,-19.425736376,0.719404624,0.719404624,0,0,20.145141,0,20.145141,207.92649544262,270.5083060481,12.717467465,12.717467465,0,257.7908385831,0,0,0,257.7908385831,257.7908385831,6.61763361867,4.1435621,2.47407151867,0,0,-69.19944422415,63.326236342029,-5.87320788212097,188.50075906662,158.05985963512,47.122952728,0,47.122952728,110.93690690712,0,110.93690690712,30.4408994315,-56.00767867876,0,0,0,0,56.00767867876,0,51.51745816316,381.575633066939,438.656729938897,18.0853524892821,18.0853524892821,0,420.571377449615,0,0,0,420.571377449615,420.571377449615,19.1905819844398,18.9128216091798,0,0.27776037526,0,-76.2716788563978,222.013019561332,145.741340704934,325.567954385104,321.241881441919,0,0,0,321.241881441919,0,321.241881441919,4.32607294318586,-19.3381607271449,0,0,0,0,19.3381607271449,0,18.8591307890295,904.296805924883,1554.7036045837,72.8148829367089,72.9555299127989,0.140646976090014,1481.88872164699,7.63011983684951,0,0,1474.25860181014,1471.62739245768,27.8710068818565,27.8710068818565,0,0,0,-678.277805540673,865.614102888906,187.336297348233,884.958645197738,500.736557895431,0,0,0,500.736557895431,0,500.736557895431,384.222087302306
2022-07-01,2022,"Q3","2022/23","Q1","July",2001.99238776768,4186.06130952038,500.200320091138,3418.18486864604,168.424763652364,2184.0689217527,779.571351282695,1294.27374433476,26693.1966096787,30239.5838010751,11194.1590146611,12077.9075413201,883.748526659018,19045.424786414,90.94836864626,0.367768,71.2987983938206,18882.809851374,18752.5407384483,5760.84698393448,1008.32965927291,4407.2570298685,345.260294793068,1353.8601475739,-7953.37402775702,7307.7772361839,-645.596791573116,28695.1889961411,28680.6771577798,9831.1185137753,6952.00480306155,2879.11371071375,18849.5586440045,9445.342677281,9404.21596672348,14.5118383613284,-39.86043937,0.60619363,0.60619363,0,0,40.466633,0,40.466633,237.59263824752,273.23473594698,12.806255793,12.806255793,0,260.42848015398,0,0,0,260.42848015398,260.42848015398,23.1247934604,2.5376547,20.5871387604,0,0,-58.76689115986,77.184171759536,18.417280599676,197.73219887752,167.13848423902,47.73165305455,0,47.73165305455,119.40683118447,0,119.40683118447,30.5937146385,-57.16778801499,0,0,0,0,57.16778801499,0,52.66254625663,388.809287620404,445.626017591621,20.8158067764954,20.8158067764954,0,424.810210815125,0,0,0,424.810210815125,424.810210815125,18.0017349744398,17.7239745991798,0,0.27776037526,0,-74.8184649456567,224.35864599217,149.540181046514,331.641499602409,327.263448699617,0,0,0,327.263448699617,0,327.263448699617,4.37805090279165,-19.3381607271449,0,0,0,0,19.3381607271449,0,18.8591307890295,904.296805924883,1554.7036045837,72.8148829367089,72.9555299127989,0.140646976090014,1481.88872164699,7.63011983684951,0,0,1474.25860181014,1471.62739245768,27.8710068818565,27.8710068818565,0,0,0,-678.277805540673,865.614102888906,187.336297348233,884.958645197738,500.736557895431,0,0,0,500.736557895431,0,500.736557895431,384.222087302306
2022-08-01,2022,"Q3","2022/23","Q1","August",2017.429096635,4075.26143604286,517.758133748168,3297.41519120554,154.023296255919,2057.83233940786,752.617690746003,1228.32355391583,26761.9507840055,30481.9859332892,11389.9532985222,12288.4626333327,898.509334810416,19092.032634767,90.6487730535,0.358094,70.2906761220526,18930.7350915914,18830.5479414333,5161.40942358016,1173.38438665723,3472.40766318745,515.61737373548,380.85010440236,-8500.59446846153,7403.52216849537,-1097.07229996616,28779.3798803594,28764.8680419981,9738.90304926198,6807.21618035993,2931.68686890205,19025.9649927361,9539.36133087098,9486.60366186515,14.5118383613284,-38.53345037,0.61044163,0.61044163,0,0,39.143892,0,39.143892,229.96249676012,276.59990480406,14.40501812,14.40501812,0,262.19488668406,0,0,0,262.19488668406,262.19488668406,14.2339706112,3.989295689,10.2446749222,0,0,-60.87137865514,77.43937656923,16.56799791409,191.42904639012,160.68153935162,45.31113336205,0,45.31113336205,115.37040598957,0,115.37040598957,30.7475070385,-56.98062291987,0,0,0,0,56.98062291987,0,52.47616244047,377.461470807471,450.62969131324,19.4927939058673,19.4927939058673,0,431.136897407372,0,0,0,431.136897407372,431.136897407372,17.1798671854398,16.8904360491798,0,0.28943113626,0,-90.3480876912086,224.59592835583,134.247840664622,320.480847884826,316.056753387708,0,0,0,316.056753387708,0,316.056753387708,4.42409449711766,-19.3381607271449,0,0,0,0,19.3381607271449,0,18.8591307890295,904.296805924883,1554.7036045837,72.8148829367089,72.9555299127989,0.140646976090014,1481.88872164699,7.63011983684951,0,0,1474.25860181014,1471.62739245768,27.8710068818565,27.8710068818565,0,0,0,-678.277805540673,865.614102888906,187.336297348233,884.958645197738,500.736557895431,0,0,0,500.736557895431,0,500.736557895431,384.222087302306
2022-09-01,2022,"Q3","2022/23","Q1","September",1910.65499107535,4243.53662687101,521.9421366552,3426.76389094643,178.57979088978,2332.88163579565,917.182287455901,1159.03411955743,26842.1784900711,31424.7370247345,11281.2747349663,12180.1622939463,898.887558980051,20143.4622897683,1160.51366859052,0.336152,70.3115273232023,18912.3009418546,18797.2706058921,4877.09672851329,945.573382293761,3882.63994332353,48.883402896,968.965880568395,-8490.6893826083,7626.5709356403,-864.118446967999,28752.8334804798,28530.8986033036,9661.00052703601,6553.20772791968,3107.79279911633,18869.8980762676,9628.17622405117,9241.72185221639,221.934877176197,-39.997853254,0.325382746,0.325382746,0,0,40.323236,0,39.340814,226.08287717335,274.3674917153,13.270326599,13.270326599,0,261.0971651163,1.03998904435,0,0,260.05717607195,260.05717607195,12.17214321741,3.28705635,8.88508686741,0,0,-60.45675775936,73.8413030216107,13.3845452622507,186.08502392008,155.38841503558,39.56931945326,0,39.56931945326,115.81909558232,0,115.81909558232,30.6966088845,-52.59527071498,0,0,0,0,52.59527071498,0,48.07818574258,353.140211982895,472.456802648686,22.6181357116549,22.6181357116549,0,449.838666937032,6.60233171462007,0,0,443.236335222411,443.236335222411,19.6573032204398,19.1930832491798,0.46421997126,0,0,-138.973893886231,225.275760178832,86.3018662926009,300.544941267094,295.710113007609,0,0,0,295.710113007609,0,295.710113007609,4.8348282594853,-20.0758504978903,0,0,0,0,20.0758504978903,0,19.5966480520394,951.659588945954,1695.87609361842,85.4873436202532,85.6279905963432,0.140646976090014,1610.38874999817,11.3630728284107,0,0,1599.02567716976,1595.35898095232,24.6775839338959,24.6775839338959,0,0,0,-768.894088606366,884.306975673296,115.412887066929,931.583738448064,534.144541232996,0,0,0,534.144541232996,0,534.144541232996,397.439197215068
2022-10-01,2022,"Q4","2022/23","Q2","October",1354.93069870306,3697.93545652367,588.14256406742,2879.33080423039,120.422727442045,2343.00475782061,869.018831882133,1240.05551572339,26732.6553440543,31501.6357941726,11237.4585086123,12338.4071488103,1100.94864019804,20264.1772855604,1103.88592440803,0.719013,74.3652043492755,19085.207143803,18994.4701929713,4501.32896597558,960.015113830535,3521.86608629305,19.447765852,375.002656062161,-8895.3067600318,7658.67079124772,-1236.63596878407,28087.5860427991,27863.6177190708,9294.77690543981,6216.27585185548,3078.50105358433,18568.840813631,8932.61698895919,9636.22382467184,223.968323728213,-35.9431293151,2.1431366849,0.282674646,1.8604620389,0,38.086266,0,37.107611,214.09590403959,277.5265308896,13.285578475,13.285578475,0,264.2409524146,0.97221664535,0,0,263.26873576925,263.26873576925,19.53805692321,3.0377477,16.50030922321,0,0,-82.96868377322,80.8605895766024,-2.10809419661756,178.15277472172,147.12018239122,36.73877666026,0,36.73877666026,110.38140573096,0,110.38140573096,31.0325923305,-54.17738134859,0,0,0,0,54.17738134859,0,49.66182594687,336.939761993006,480.903524196364,22.0815005016849,22.0815005016849,0,458.822023694679,7.52588119915995,0,0,451.29614249552,451.29614249552,17.0953122204398,16.6310922491798,0.46421997126,0,0,-161.059074423798,226.202340010602,65.1432655868035,282.762380644342,277.953558751865,0,0,0,277.953558751865,0,277.953558751865,4.80882189247675,-20.0758504978903,0,0,0,0,20.0758504978903,0,19.5966480520394,951.659588945954,1695.87609361842,85.4873436202532,85.6279905963432,0.140646976090014,1610.38874999817,11.3630728284107,0,0,1599.02567716976,1595.35898095232,24.6775839338959,24.6775839338959,0,0,0,-768.894088606366,884.306975673296,115.412887066929,931.583738448064,534.144541232996,0,0,0,534.144541232996,0,534.144541232996,397.439197215068
2022-11-01,2022,"Q4","2022/23","Q2","November",1023.80417488108,3371.56617326403,541.01070106691,2557.92728243583,174.492731817815,2347.76199838295,909.542128346088,1210.89668951915,27200.6315733441,31607.1679188549,11857.1828486006,13020.1725015846,1162.98965298394,19749.9850702542,579.25071040325,0.323046,76.6581686759418,19093.753145175,19034.8552538913,5341.46105866087,991.121201087738,3868.65819731313,481.68166026,430.532271475161,-9317.46513269646,7777.04174677244,-1540.42338592402,28224.4357482113,28000.8921524971,9247.83358941705,6094.08050638995,3153.7530830271,18753.05856308,8664.06832700424,10088.9902360758,223.543595714275,-35.6802433117,2.2887866883,0.48432195,1.8044647383,0,37.96903,0,36.997198,212.14336772934,284.38101281097,15.148785077,15.148785077,0,269.23222773397,0.627117141,0,0,268.60511059297,268.60511059297,18.38739789483,3.5786028,14.80879509483,0,0,-90.62504297646,81.4301629868053,-9.19487998965471,176.46312442011,145.12671762061,36.40100109454,0,36.40100109454,108.72571652607,0,108.72571652607,31.3364067995,-57.09837513133,0,0,0,0,57.09837513133,0,52.61397917333,340.556292997587,491.090874566984,21.8017381789349,21.8017381789349,0,469.28913638805,5.21477281505996,0,0,464.07436357299,464.07436357299,17.8611909204399,17.3969709491799,0.46421997126,0,0,-168.395772489837,226.503619870953,58.1078473811157,283.457917864572,278.576224524884,0,0,0,278.576224524884,0,278.576224524884,4.88169333968805,-20.0758504978903,0,0,0,0,20.0758504978903,0,19.5966480520394,951.659588945954,1695.87609361842,85.4873436202532,85.6279905963432,0.140646976090014,1610.38874999817,11.3630728284107,0,0,1599.02567716976,1595.35898095232,24.6775839338959,24.6775839338959,0,0,0,-768.894088606366,884.306975673296,115.412887066929,931.583738448064,534.144541232996,0,0,0,534.144541232996,0,534.144541232996,397.439197215068
2022-12-01,2022,"Q4","2022/23","Q2","December",1831.07162347213,4128.88904389383,658.48714754023,3116.42445890134,184.427115909062,2297.8174204217,874.286417007971,1134.8529965475,26937.2099812501,32422.5451058646,12277.8149131208,13873.2848513756,1595.46993825476,20144.7301927438,718.14770282316,0.902069,76.13482973046,19349.5455911902,19303.6538109342,4643.63947262499,1189.16088283389,3441.9583578641,12.520231927,637.282650246161,-9491.69194699339,8142.74190187001,-1348.95004512339,28768.2816053065,28543.4152590692,9518.18935519571,6198.96013720216,3319.22921799355,19025.2259038734,9383.51384722253,9641.71205665091,224.866346237322,-33.51173509365,2.20084490635,0.4074830811,1.79336182525,0,35.71258,0,34.708179,204.374240945573,282.9783843711,17.474871405,17.474871405,0,265.5035129661,0.841860976,0,0,264.6616519901,264.6616519901,17.31871820935,2.9460512,14.37266700935,0,0,-95.9228616348769,80.1369456542269,-15.78591598065,170.86250584423,139.67447464473,33.93281566119,0,33.93281566119,105.74165898354,0,105.74165898354,31.1880311995,-62.71181872117,0,0,0,0,62.71181872117,0.77467394324,57.45959309141,334.658563809917,496.01393596055,20.3412601171149,20.3412601171149,0,475.672675843435,6.34395425824992,0,0,469.328721585185,469.328721585185,19.8389454204399,19.3747254491799,0.46421997126,0,0,-181.194317571072,227.437763389214,46.2434458181415,271.946745082575,266.073778581341,0,0,0,266.073778581341,0,266.073778581341,5.87296650123428,-19.4507531828411,0,0,0,0,19.4507531828411,0,18.9715503811533,1008.91278545053,1774.27624948155,82.5566851786217,82.6621704106892,0.105485232067511,1691.71956430293,12.8123006638537,0,0,1678.90726363907,1675.27423617747,24.8868012348804,24.8868012348804,0,0,0,-790.250265265899,922.047329510789,131.79706424489,989.462032267687,539.240107747107,0,0,0,539.240107747107,0,539.240107747107,450.22192452058
2023-01-01,2023,"Q1","2022/23","Q3","January",1883.29329454153,4111.72088172698,595.30106111786,3197.42042927587,210.857260912016,2228.42758718546,830.375199231886,1171.78271503576,26508.3833788824,32828.1049818277,12760.79679394,13873.2200952782,1112.42330133815,20067.3081878876,659.316299511832,0.907546,76.1488752483385,19330.9354671275,19286.9171003255,4609.57568584474,1056.5307391629,3553.04494668184,0,1231.51619159747,-9697.78109719251,8210.07574285337,-1487.70535433914,28391.6766739964,28162.9768612605,9438.00128483591,6291.94708412853,3146.05420070739,18724.9755764246,8962.61659745692,9762.35897896771,228.699812735851,-32.70337431095,2.27280168905,0.494887395,1.77791429405,0,34.976176,0,34.427969,203.98637012375,279.9917349731,17.611574733,17.611574733,0,262.3801602401,0.663108924,0,0,261.7170513161,261.7170513161,14.35194392083,3.533821407,10.81812251383,0,0,-90.3573087701799,79.37709858101,-10.98021018917,171.2829958128,139.7595821133,33.33818054754,0,33.33818054754,106.42140156576,0,106.42140156576,31.5234136995,-61.48562846333,0,0,0,0,61.48562846333,0.78839932241,56.23491773392,334.699203863572,502.501282763416,20.7016860776581,20.7016860776581,0,481.799596685757,3.69531757934993,0,0,478.104279106407,478.104279106407,18.5409799224399,18.0703285401799,0.47065138226,0,0,-186.343058822284,227.70921164314,41.3661528208559,273.213575396315,267.267009644142,0,0,0,267.267009644142,0,267.267009644142,5.94656575217278,-19.4507531828411,0,0,0,0,19.4507531828411,0,18.9715503811533,1008.91278545053,1774.27624948155,82.5566851786217,82.6621704106892,0.105485232067511,1691.71956430293,12.8123006638537,0,0,1678.90726363907,1675.27423617747,24.8868012348804,24.8868012348804,0,0,0,-790.250265265899,922.047329510789,131.79706424489,989.462032267687,539.240107747107,0,0,0,539.240107747107,0,539.240107747107,450.22192452058
2023-02-01,2023,"Q1","2022/23","Q3","February",1623.08567877623,4025.92591481724,563.3356403262,3034.79731437079,229.445433236308,2402.84023604101,819.972160514512,1302.41261569354,27286.1121754615,32935.9938967926,12879.5380199113,14009.1177898144,1129.57976990313,20056.4558768814,712.83011660306,0.779411,78.8676061024598,19263.9787431759,19236.1059444217,4430.19608775386,1027.84036054227,3402.35572721159,0,665.710111644802,-9414.36769744019,8307.58458887845,-1106.78310856173,28909.1978536885,28664.4361784626,9434.32010830967,6250.77563850603,3183.54446980365,19230.116070153,9267.61998242008,9962.49608773289,244.761675225892,-32.6865377223,2.5897432777,0.793002305,1.7967409727,0,35.276281,0,34.720652,193.21518100693,286.074410706,14.277000514,14.277000514,0,271.797410192,0.636001985,0,0,271.161408207,271.161408207,14.45731650401,3.8521448,10.60517170401,0,0,-107.31654620308,77.9435618456905,-29.3729843573895,160.52864328463,128.58235708513,22.70196448488,0,22.70196448488,105.88039260025,0,105.88039260025,31.9462861995,-61.11065470218,0,0,0,0,61.11065470218,0.88056971755,55.75026111063,335.13834558857,505.758219663377,19.1371745374371,19.1371745374371,0,486.62104512594,5.41344544634993,0,0,481.20759967959,481.20759967959,21.8952123314399,21.4245609491798,0.47065138226,0,0,-192.515086406247,228.48992269156,35.9748362853131,274.027690883349,268.048425252698,0,0,0,268.048425252698,0,268.048425252698,5.97926563065077,-19.4507531828411,0,0,0,0,19.4507531828411,0,18.9715503811533,1008.91278545053,1774.27624948155,82.5566851786217,82.6621704106892,0.105485232067511,1691.71956430293,12.8123006638537,0,0,1678.90726363907,1675.27423617747,24.8868012348804,24.8868012348804,0,0,0,-790.250265265899,922.047329510789,131.79706424489,989.462032267687,539.240107747107,0,0,0,539.240107747107,0,539.240107747107,450.22192452058
2023-03-01,2023,"Q1","2022/23","Q3","March",1392.20085772573,3702.14768071167,491.42620285821,2914.62865906417,209.933255127376,2309.94682298593,841.609883942118,1242.39994764887,28082.3121847228,33342.6291711595,12843.3405744104,13889.2512121764,1045.91063776599,20499.2885967491,826.17201831513,0.278178,80.3519238740074,19592.48647656,19523.0042488075,5015.29053510922,985.51909684078,4029.77143826844,0,833.119697607269,-9442.48782393858,8365.1172464181,-1077.37057752048,29474.5130420059,29226.6731117847,9633.93637396263,6378.71543050338,3255.22094345925,19592.7367378221,9451.91311675811,10140.823621064,247.839930221208,-34.482707815247,0.621068184753,0.24750497,0.373563214753,0,35.103776,0,34.535117,190.480794426577,283.8462849765,10.162060664,10.162060664,0,273.6842243125,0.83338364,0,0,272.8508406725,272.8508406725,12.29824305104,3.594728554,8.70351449704,0,0,-105.663733600963,78.6160370648082,-27.0476965361548,155.99808661226,124.97635141276,13.34999103984,0,13.34999103984,111.62636037292,0,111.62636037292,31.0217351995,-56.51914151671,0,0,0,0,56.51914151671,0.96987981489,51.05329698582,339.640235778321,509.157724068238,18.7926851964417,18.7926851964417,0,490.365038871796,5.46440773034993,0,0,484.900631141447,484.900631141447,20.2710778314399,19.8004264491799,0.47065138226,0,0,-189.788566121357,231.892523499901,42.1039573785439,283.121094258885,277.365173353512,0,0,0,277.365173353512,0,277.365173353512,5.75592090537271,-17.4121534514768,0,0,0,0,17.4121534514768,0,16.932950649789,1060.18712819155,1833.13730146416,82.5450997088608,82.6505849409283,0.105485232067511,1750.5922017553,19.3831311125176,0,0,1731.20907064278,1727.50380898315,28.3837173544304,28.3837173544304,0,0,0,-801.333890627041,944.695716580024,143.361825952983,1042.77497474008,566.827515523591,0,0,0,566.827515523591,0,566.827515523591,475.947459216484
2023-04-01,2023,"Q2","2022/23","Q4","April",1695.04913410481,4093.98748859486,506.32505668581,3244.87655389367,248.045768814684,2398.93835449006,869.179234185603,1314.65327015849,28117.3098749288,33041.1470775179,12330.2574565879,13404.9140662166,1074.65660962872,20710.88962093,983.507742151392,0.277885,75.5695222773329,19651.5344715012,19592.3730439315,5266.23145272692,1014.53917846705,3559.6931435781,691.999130681775,374.355952766871,-9815.71270254912,8487.73794202095,-1327.97476052818,29812.3590076663,29561.4853063287,9643.46371392218,6315.25826139664,3328.20545252554,19918.0215924065,9443.02051850232,10475.0010739042,250.873701337558,-33.904070945647,0.882247054353,0.529924195,0.352322859353,0,34.786318,0,34.22174,187.036944222591,289.237353174,10.247962143,10.247962143,0,278.989391031,1.820042591,0,0,277.16934844,277.16934844,11.2161661917,2.6325349,8.5836312917,0,0,-113.416575143109,76.4503308935977,-36.9662442495113,153.13287328094,120.58243308144,10.57279800893,0,10.57279800893,110.00963507251,0,110.00963507251,32.5504401995,-54.79359712939,0,0,0,0,54.79359712939,1.01294062255,49.29703364668,338.454732397874,507.165210870205,17.5280943928883,17.5280943928883,0,489.637116477317,5.65749703934993,0,0,483.979619437967,483.979619437967,18.8378574994399,18.3596270991799,0.47823040026,0,0,-187.548335971771,231.967463787283,44.4191278155127,283.661135209959,277.774160354639,0,0,0,277.774160354639,0,277.774160354639,5.88697485532031,-17.4121534514768,0,0,0,0,17.4121534514768,0,16.932950649789,1060.18712819155,1833.13730146416,82.5450997088608,82.6505849409283,0.105485232067511,1750.5922017553,19.3831311125176,0,0,1731.20907064278,1727.50380898315,28.3837173544304,28.3837173544304,0,0,0,-801.333890627041,944.695716580024,143.361825952983,1042.77497474008,566.827515523591,0,0,0,566.827515523591,0,566.827515523591,475.947459216484
2023-05-01,2023,"Q2","2022/23","Q4","May",1849.22108680169,4125.57286461678,540.02096557354,3192.00005887463,235.2734003801,2276.3517778151,860.68698752899,1147.42618362218,28323.4626686057,32653.6696865385,12052.1782565779,13175.8615072997,1123.68325072183,20601.4914299606,823.595668779471,0.282915,75.1707381247062,19702.4421080564,19649.0243619901,5970.67884212818,1089.2408399204,3645.64872187145,1235.78928033633,346.647015488161,-9954.23884457278,8688.86377988033,-1265.37506469245,30172.6837542422,29917.6322141626,9799.49835031663,6386.5895022631,3412.90884805354,20118.133863846,9478.25440502991,10639.879458816,255.051540079617,-33.685209651647,1.003025348353,0.631393075,0.371632273353,0,34.688235,0,34.116857,197.516741263741,292.949119882,10.341262471,10.341262471,0,282.607857411,0.565934116,0,0,282.041923295,282.041923295,10.53674146085,3.16365618,7.37308528085,0,0,-105.969120079109,75.0933556378242,-30.8757644412848,163.83153161595,131.76862041645,16.51724685971,0,16.51724685971,115.25137355674,0,115.25137355674,32.0629111995,-55.81087778417,0,0,0,0,55.81087778417,1.09324710574,50.22495509227,346.578079085116,508.205052059665,17.2941830508883,17.2941830508883,0,490.910869008776,5.71231713337993,0,0,485.198551875397,485.198551875397,18.4979590894399,18.0197286891799,0.47823040026,0,0,-180.124932063989,232.441814739218,52.3168826752296,290.767201299917,284.807837016076,0,0,0,284.807837016076,0,284.807837016076,5.95936428384041,-17.4121534514768,0,0,0,0,17.4121534514768,0,16.932950649789,1060.18712819155,1833.13730146416,82.5450997088608,82.6505849409283,0.105485232067511,1750.5922017553,19.3831311125176,0,0,1731.20907064278,1727.50380898315,28.3837173544304,28.3837173544304,0,0,0,-801.333890627041,944.695716580024,143.361825952983,1042.77497474008,566.827515523591,0,0,0,566.827515523591,0,566.827515523591,475.947459216484
2023-06-01,2023,"Q2","2022/23","Q4","June",1929.198708148,4038.11083936592,513.06781702772,3111.617298166,241.949472203493,2108.91213121792,780.862705168265,1086.34608363853,29280.9233380462,33445.9536686391,13011.8602271533,14014.938678396,1003.07845124276,20434.0934414858,794.51117024895,0.260221,85.0239196057233,19554.2981306312,19515.3217642134,6820.6578628401,992.883915815785,3664.89013456238,2162.88381246193,340.989264217397,-10644.6989292157,8651.00477150657,-1993.69415770911,31210.122045051,30968.1309571988,9674.02824985263,6264.52832004573,3409.49992980689,21294.1027073461,10338.037031234,10956.0656761121,241.99108785228,-29.02434697225,1.41947502775,1.08128587,0.33818915775,0,30.443822,0,29.884459,199.00282621293,292.1479768825,10.651833827,10.651833827,0,281.4961430555,0.802509641,0,0,280.6936334145,280.6936334145,10.86637832645,4.0578583,6.80852002645,0,0,-104.01152899602,89.9828205438013,-14.0287084522187,169.97847924068,137.52234604518,15.31284120706,0,15.31284120706,122.20950483812,0,122.20950483812,32.4561331955,-56.17795143935,0,0,0,0,56.17795143935,0.80416148213,50.85310550738,356.826078434317,510.703822209957,17.4471238438883,17.4471238438883,0,493.256698366069,6.17561421034993,0,0,487.081084155719,487.081084155719,20.8047058724399,20.3264754721799,0.47823040026,0,0,-174.68244964808,226.414733485865,51.7322838377853,300.648126993973,294.61876945943,0,0,0,294.61876945943,0,294.61876945943,6.02935753454225,-17.6781556118143,0,0,0,0,17.6781556118143,0,17.1919204613221,1123.36955908827,1905.19184033469,84.5328132475387,84.9195924317862,0.386779184247539,1820.65902708715,14.7400775049226,0,0,1805.91894958223,1802.07024921795,32.0302160351617,32.0302160351617,0,0,0,-813.852497281579,984.542717240362,170.690219958783,1105.69140347646,586.165114763259,0,0,0,586.165114763259,0,586.165114763259,519.526288713201
2023-07-01,2023,"Q3","2023/24","Q1","July",1663.53391857133,3851.42896716378,486.60370848499,3017.79976122207,219.963687483842,2187.89504859244,829.701928460115,1146.23747706884,29003.6397513718,34191.3526996148,13527.0509621674,14618.2434098888,1091.19244772139,20664.3017374474,897.20933487365,0.264796,87.23220917699,19679.5953973968,19643.1527226644,6005.38030024251,1091.75858635334,4097.00976644437,816.6119474448,380.267207003161,-10812.8260414823,8830.26587095796,-1982.56017052437,30667.1737025859,30426.0530507424,9595.61101073627,6249.51696418375,3346.09404655252,20830.4420400062,9715.3446565857,11115.0973834205,241.120651843443,-26.27732220975,0.45008279025,0.1165074,0.33357539025,0,26.727405,0,26.173413,193.276972852414,291.8912916065,10.746599155,10.746599155,0,281.1446924515,0.577728509,0,0,280.5669639425,280.5669639425,9.7761574826,3.590380224,6.1857772586,0,0,-108.390476236686,75.773226821186,-32.6172494155,166.99965064266,134.21952744716,18.42765977089,0,18.42765977089,115.79186767627,0,115.79186767627,32.7801231955,-56.33898729243,0,0,0,0,56.33898729243,0.73716849351,51.09602825908,360.132262133149,508.952067316726,17.6525208021338,17.6525208021338,0,491.299546514592,5.03763469934993,0,0,486.261911815242,486.261911815242,19.1021231994399,18.6238927991799,0.47823040026,0,0,-167.921928383017,226.343948405373,58.4220200223567,303.793274846113,297.704600798368,0,0,0,297.704600798368,0,297.704600798368,6.0886740477442,-17.6781556118143,0,0,0,0,17.6781556118143,0,17.1919204613221,1123.36955908827,1905.19184033469,84.5328132475387,84.9195924317862,0.386779184247539,1820.65902708715,14.7400775049226,0,0,1805.91894958223,1802.07024921795,32.0302160351617,32.0302160351617,0,0,0,-813.852497281579,984.542717240362,170.690219958783,1105.69140347646,586.165114763259,0,0,0,586.165114763259,0,586.165114763259,519.526288713201
2023-08-01,2023,"Q3","2023/24","Q1","August",1517.96058651564,3663.3009585933,497.03620860503,2820.48024468777,233.761129936117,2145.34037207765,833.848264756129,1137.79782172932,29423.2741112316,34718.8580051868,13909.8804123124,14998.0039217664,1088.12350945398,20808.9775928744,749.823378615855,0.255775,95.1733334825526,19963.725105776,19922.7320152931,5412.98445624941,1057.39978236597,3915.32840625594,440.2562676275,474.337793764068,-10234.2305564405,8692.46440085231,-1541.76615558821,30941.2346960868,30691.1939668733,9657.96235266213,6198.71329138578,3459.24906127635,21033.2316142112,9555.39340614884,11477.8382080624,250.040729213507,-26.34078922975,0.85380877025,0.511005845,0.34280292525,0,27.194598,0,26.626676,196.439193533018,296.856203426,11.511578305,11.511578305,0,285.344625121,0.396399735,0,0,284.948225386,284.948225386,8.70661422725,3.8877788,4.81883542725,0,0,-109.123624120232,89.7919820267116,-19.33164209352,170.09840431176,138.93672511626,16.79035711314,0,16.79035711314,122.14636800312,0,122.14636800312,31.1616791955,-57.67668359916,0,0,0,0,57.67668359916,0.85340250439,52.30259664493,358.878097528128,511.053198328871,17.845796687648,17.845796687648,0,493.207401641223,5.75337941894993,0,0,487.454022222273,487.454022222273,19.2198967664398,18.7229878991798,0.49690886726,0,0,-171.394997567183,228.084440908688,56.6894433415057,301.201413924811,294.978098263125,0,0,0,294.978098263125,0,294.978098263125,6.22331566168655,-17.6781556118143,0,0,0,0,17.6781556118143,0,17.1919204613221,1123.36955908827,1905.19184033469,84.5328132475387,84.9195924317862,0.386779184247539,1820.65902708715,14.7400775049226,0,0,1805.91894958223,1802.07024921795,32.0302160351617,32.0302160351617,0,0,0,-813.852497281579,984.542717240362,170.690219958783,1105.69140347646,586.165114763259,0,0,0,586.165114763259,0,586.165114763259,519.526288713201
2023-09-01,2023,"Q3","2023/24","Q1","September",1520.45238610092,3839.57699870145,495.17708538745,3064.0945555138,113.392981754179,2319.12461260053,777.700328275341,1303.07075736097,29495.4714009508,34849.9954549931,13570.4408032975,14704.9012427674,1134.46043946987,21279.5546516956,889.662500036321,0.246325,96.8240338146462,20292.8217928446,20242.0457255008,5454.50274731065,947.541679333703,3711.48993908955,795.4711288874,459.134192257613,-10349.8926090953,8818.55537439343,-1531.33723470188,31015.9237860442,30778.9380226394,9715.70123503681,6208.79651159516,3506.90472344165,21063.2367876026,9776.25009601618,11286.9866915864,236.985763404805,-36.59212426775,0.86216473225,0.515670793,0.34649393925,0,37.454289,0,36.886612,208.42031806848,296.7531406275,8.075092784,8.075092784,0,288.6780478435,0.66590287,0,0,288.0121449735,288.0121449735,8.33539732065,3.5637271,4.77167022065,0,0,-96.6682198796697,88.3472368436966,-8.32098303597311,171.82819380073,140.39079505023,19.35613207772,0,19.35613207772,121.03466297251,0,121.03466297251,31.4373987505,-52.4194229345,0,0,0,0,52.4194229345,0.71176899724,47.23010225026,347.369734129303,509.979311836111,15.8102428419073,15.8102428419073,0,494.169068994204,5.47975317594993,0,0,488.689315818254,488.689315818254,19.2997126164398,18.8028037491798,0.49690886726,0,0,-181.909290323248,225.823872894569,43.9145825713207,294.950311195175,288.675620513378,0,0,0,288.675620513378,0,288.675620513378,6.27469068179705,-28.0488551097046,0,0,0,0,28.0488551097046,0,27.5709338720113,1189.37466419944,2014.01181260602,85.598117323488,85.8559701125176,0.257852789029536,1928.41369528254,14.2529458776371,0,0,1914.1607494049,1910.31049469857,28.0879586441632,28.0879586441632,0,0,0,-852.725107050746,1022.31005549825,169.5849484475,1161.32580908974,620.845821820075,0,0,0,620.845821820075,0,620.845821820075,540.479987269663
2023-10-01,2023,"Q4","2023/24","Q2","October",1413.02179219465,3709.13857980978,565.42811300645,2851.56173333618,118.630206885149,2296.11678761512,772.644093421189,1285.73772131812,30187.1112715533,35454.2229205199,14218.9938366715,15332.1907155929,1113.19687892134,21235.2290838484,922.751778494218,0.237215,96.3952794866016,20215.8448108676,20157.6914093561,5565.85072678554,1020.54906032857,3969.01790364106,576.2837628159,470.627948402133,-10362.33442735,8974.64542070493,-1387.6890066451,31600.1330632306,31356.2979162914,10069.9259118714,6556.21751006874,3513.70840180266,21286.37200442,9836.9642546815,11449.4077497385,243.835146939168,-20.17190002808,17.09444197192,0.471684539,16.62275743292,0,37.266342,0,36.686378,199.75254633292,300.421312931,8.442743112,8.442743112,0,291.978569819,0.773067357,0,0,291.205502462,291.205502462,9.64069659267,5.3994324,4.24126419267,0,0,-110.30946319075,86.40083372214,-23.90862946861,179.58064630527,147.36903679477,21.588686767,0,21.588686767,125.78035002777,0,125.78035002777,32.2116095105,-81.81648515829,0,0,0,0,81.81648515829,0.80442934861,76.53450412268,365.765560626085,513.52939918457,15.9806358593164,15.9806358593164,0,497.548763325254,3.53997187277993,0,0,494.008791452474,494.008791452474,19.8303590664399,19.3330001991799,0.49735886726,0,0,-167.594197624925,224.463774271717,56.8695766467919,283.949075471836,277.57971253758,0,0,0,277.57971253758,0,277.57971253758,6.36936293425595,-28.0488551097046,0,0,0,0,28.0488551097046,0,27.5709338720113,1189.37466419944,2014.01181260602,85.598117323488,85.8559701125176,0.257852789029536,1928.41369528254,14.2529458776371,0,0,1914.1607494049,1910.31049469857,28.0879586441632,28.0879586441632,0,0,0,-852.725107050746,1022.31005549825,169.5849484475,1161.32580908974,620.845821820075,0,0,0,620.845821820075,0,620.845821820075,540.479987269663
2023-11-01,2023,"Q4","2023/24","Q2","November",1113.57503761438,3521.47675615941,493.46034668933,2814.06464175483,101.941428874648,2407.90171854504,841.016346801722,1381.24742465932,30776.2232667569,35901.0972559518,14358.6206923561,15432.1367441503,1073.51605179418,21542.4765635958,896.062570768867,0.241061,94.9491262799332,20551.223805547,20482.9114114822,5365.11159175003,1016.26185106935,3738.58001457578,610.2697261049,344.593577128161,-10145.3920038168,9096.28198199565,-1049.1100218212,31889.7983038231,31638.3432969958,10077.2101499614,6570.72656466789,3506.48358529348,21561.1331470345,10031.2638491052,11529.8692979292,251.455006827272,-36.64177710202,0.46754189798,0.441267911,0.02627398698,0,37.109319,0,36.521214,217.94308869856,310.9850676855,8.346127605,8.346127605,0,302.6389400805,0.693493578,0,0,301.9454465025,301.9454465025,24.38366517567,4.362446598,20.02121857767,0,0,-117.42564416261,88.847926932505,-28.577717230105,181.30131159704,148.54097978654,20.75978652226,0,20.75978652226,127.78119326428,0,127.78119326428,32.7603318105,-92.26138455917,0,0,0,0,92.26138455917,0.77778733106,87.00604554111,375.238314908499,526.18525403911,17.031266489442,17.031266489442,0,509.153987549668,4.60623519094993,0,0,504.547752358718,504.547752358718,18.9861394544399,18.4887805871799,0.49735886726,0,0,-169.933078585051,222.620874544007,52.6877959589563,282.976930348309,276.548039409908,0,0,0,276.548039409908,0,276.548039409908,6.42889093840075,-28.0488551097046,0,0,0,0,28.0488551097046,0,27.5709338720113,1189.37466419944,2014.01181260602,85.598117323488,85.8559701125176,0.257852789029536,1928.41369528254,14.2529458776371,0,0,1914.1607494049,1910.31049469857,28.0879586441632,28.0879586441632,0,0,0,-852.725107050746,1022.31005549825,169.5849484475,1161.32580908974,620.845821820075,0,0,0,620.845821820075,0,620.845821820075,540.479987269663
2023-12-01,2023,"Q4","2023/24","Q2","December",1246.67347084428,3660.04604695158,518.50366733046,2954.82437554177,88.5286682467465,2413.3725761073,914.596201632907,1310.06051254573,30593.4472933406,35747.93057444,13771.1795652153,15306.5430908516,1535.36352563622,21976.7510092247,1061.43262451896,0.218144,95.67629113408,20819.4239495716,20762.0805548732,5439.72155271935,1249.26082646086,3876.70041447418,313.7603117843,449.079569905462,-10145.1252639133,9170.05487759055,-975.070386322758,31840.1207618166,31584.1548667553,10048.0715979595,6570.82182179463,3477.24977616491,21536.0832687957,10167.4918581271,11368.5914106686,255.965895061374,-37.11914777153,0.38360622847,0.2019415555,0.18166467297,0,37.502754,0,36.915749,229.99640348934,310.8596539305,8.421838933,8.421838933,0,302.4378149975,0.612102745,0,0,301.8257122525,301.8257122525,22.54558664823,3.062181575,19.48340507323,0,0,-103.40883708939,101.720067038147,-1.68877005124288,192.87725571998,160.01300573598,19.00172831877,0,19.00172831877,141.01127741721,0,141.01127741721,32.864249984,-91.5773199483512,0,0,0,0,91.5773199483512,0.86208510689,86.2376831544613,370.46281322636,524.377395239214,17.2233008583155,17.2233008583155,0,507.154094380898,5.36257205794993,0,0,501.791522322948,501.791522322948,21.0489253084398,20.5389098491798,0.51001545926,0,0,-174.963507321293,219.910960658734,44.9474533374408,278.885493146638,272.367612626461,0,0,0,272.367612626461,0,272.367612626461,6.5178805201775,-29.0902021912159,0,0,0,0,29.0902021912159,0,28.5575659943877,1365.14067762857,2383.10224719806,98.1324788261033,98.2761653975601,0.143686571456804,2284.96976837195,16.200356806584,0,0,2268.76941156537,2264.40988992873,30.9985750585283,30.9985750585283,0,0,0,-1048.96014462801,1251.09907696241,202.1389323344,1336.05047543736,686.848905839099,0,0,0,686.848905839099,0,686.848905839099,649.201569598259
2024-01-01,2024,"Q1","2023/24","Q3","January",1277.95963357505,3484.79537540011,661.76490583146,2651.1214757814,73.388189121726,2206.83574182506,884.001985389457,1143.3881779338,30027.1417328928,35172.2447408002,13608.8876861887,14538.8257585887,929.938072399986,21563.3570546115,795.032462220496,0.221926,92.34067224495,20675.761994146,20619.7443239963,5621.38603329846,1092.39235386599,3490.39292100231,1038.60075843016,342.555423848791,-10423.933617357,9247.05172013842,-1176.88189721861,31305.1013658688,31055.2568651757,9818.16510123269,6320.21278450014,3497.95231673256,21237.0917639431,9786.68263449449,11450.4091294486,249.844500693019,-32.8448072228394,0.7493487771606,0.56631524621,0.1830335309506,0,33.594156,0,33.000289,224.589421542189,308.2263524915,8.186407686,8.186407686,0,300.0399448055,0.508408812,0,0,299.5315359935,299.5315359935,23.0806273000748,4.57356713713,18.5070601629448,0,0,-106.717558249386,100.15792545391,-6.559632795476,191.74461431935,158.43608772485,20.2724601061796,0,20.2724601061796,138.16362761867,0,138.16362761867,33.3085265945,-95.8281599809178,0,0,0,0,95.8281599809178,0.90354786636,90.4470604275578,373.810172994188,521.186401606554,18.4213602963762,18.4213602963762,0,502.765041310178,4.46274884694993,0,0,498.302292463228,498.302292463228,19.2398879204398,18.7181543491798,0.52173357126,0,0,-166.616116532806,220.286038159929,53.669921627123,277.982013009375,218.493986031963,0,0,0,218.493986031963,0,218.493986031963,59.4880269774122,-29.0902021912159,0,0,0,0,29.0902021912159,0,28.5575659943877,1365.14067762857,2383.10224719806,98.1324788261033,98.2761653975601,0.143686571456804,2284.96976837195,16.200356806584,0,0,2268.76941156537,2264.40988992873,30.9985750585283,30.9985750585283,0,0,0,-1048.96014462801,1251.09907696241,202.1389323344,1336.05047543736,686.848905839099,0,0,0,686.848905839099,0,686.848905839099,649.201569598259
2024-02-01,2024,"Q1","2023/24","Q3","February",1765.85844775775,4184.12702046109,506.16161261056,3428.9854509164,103.704592773988,2418.26857270334,863.496132252052,1335.90837508771,30146.6747087205,36289.9186271763,14379.3271840089,15331.532469146,952.205285137073,21910.5914431674,901.898171518924,0.211422,91.71204705555,20916.7698025929,20800.8208924784,4879.14435001456,1077.25013592306,3687.74532469373,114.14888939777,740.10631594201,-10282.2819525283,9196.42153491348,-1085.86041761486,31912.533155086,31674.471910243,9996.16568072037,6330.08745709847,3666.0782236219,21678.3062295226,10305.6819822254,11372.6242472972,238.06124484297,-33.24214026015,0.79322973985,0.6039656445,0.18926409535,0,34.03537,0,33.421703,220.48174931739,319.6254212115,6.717521604,6.717521604,0,312.9078996075,1.014876582,0,0,311.8930230255,311.8930230255,23.28507538965,4.220835,19.06424038965,0,0,-122.42874728376,98.164130237994,-24.264617045766,187.23960904124,153.55127644674,19.81807456077,0,19.81807456077,133.73320188597,0,133.73320188597,33.6883325945,-95.9510501237022,0,0,0,0,95.9510501237022,0.893350183079999,90.5801482536222,385.508847879738,519.672405481698,22.0488400973403,22.0488400973403,0,497.623565384358,3.14435431494993,0,0,494.479211069408,494.479211069408,20.2273133582099,19.7055797869499,0.52173357126,0,0,-154.39087096017,222.321902590377,67.9310316302071,289.557797751543,229.975440382223,0,0,0,229.975440382223,0,229.975440382223,59.5823573693207,-29.0902021912159,0,0,0,0,29.0902021912159,0,28.5575659943877,1365.14067762857,2383.10224719806,98.1324788261033,98.2761653975601,0.143686571456804,2284.96976837195,16.200356806584,0,0,2268.76941156537,2264.40988992873,30.9985750585283,30.9985750585283,0,0,0,-1048.96014462801,1251.09907696241,202.1389323344,1336.05047543736,686.848905839099,0,0,0,686.848905839099,0,686.848905839099,649.201569598259
2024-03-01,2024,"Q1","2023/24","Q3","March",1697.93098673151,4099.86678507953,499.90730669637,3360.00301347463,98.827536038437,2401.93579834802,933.167678076272,1245.42083484769,30351.3160556902,36515.4713936223,14366.0056411867,15372.9770493929,1006.97140820623,22149.4657524356,1141.62712810468,0.187943,91.36594265535,20916.2847386756,20803.3457483588,4842.74051808153,960.807809470915,3852.31550860585,29.61720000477,744.244343416257,-10262.6515125974,9328.84893795772,-933.802574639675,32049.2470413514,31774.8680130444,10015.6733699215,6471.87947358212,3543.79389633935,21759.1946431229,10406.6525300984,11352.5421130245,274.379028307038,-33.4727143502,0.8061646498,0.619545923,0.1866187268,0,34.278879,0,33.670094,224.88024500098,316.43524808875,6.674935562,6.674935562,0,309.76031252675,0.881012834,0,0,308.87929969275,308.87929969275,23.88744747741,3.6065296,20.28091787741,0,0,-115.44245056518,99.7287763372977,-15.7136742278822,191.40753065078,157.51240005628,22.41327622698,0,22.41327622698,135.0991238293,0,135.0991238293,33.8951305945,-92.3276877753,0,0,0,0,92.3276877753,0.83279485626,87.00315114604,383.513006218683,518.616721846605,20.7088129784466,20.7088129784466,0,497.907908868158,3.63584620394993,0,0,494.272062664208,494.272062664208,19.5621114521699,19.0281763719099,0.53393508026,0,0,-154.665827080091,223.590561237636,68.9247341575447,291.185318441584,231.490676583062,0,0,0,231.490676583062,0,231.490676583062,59.6946418585222,-26.4022842401346,0,0,0,0,26.4022842401346,0,25.9069339251256,1370.19581481292,2450.46658738642,97.6459403858861,98.1031249337105,0.45718454782436,2352.82064700054,16.6035298636245,0,0,2336.21711713691,2331.81513459011,28.4743070748573,28.4743070748573,0,0,0,-1108.74507964837,1265.64866251687,156.903582868501,1343.79353057278,642.932660342975,0,0,0,642.932660342975,0,642.932660342975,700.860870229806
2024-04-01,2024,"Q2","2023/24","Q4","April",2032.92168615739,4429.28459492325,473.59183931007,3672.48046882119,76.198656544882,2396.36290876586,873.837653262865,1269.0797184492,29791.9890434802,36193.4327785318,14726.598842821,15746.1524756553,1019.55363283432,21466.8339357108,679.490473907111,0.177648,90.41273831162,20696.7530754921,20617.8902879236,4908.02173860089,995.442105514803,3882.74868308132,29.83095000477,823.326681840585,-10486.1387918119,9504.31165312714,-981.827138684745,31824.910727263,31581.0474465455,10111.6842463661,6539.04221333349,3572.6420330326,21469.3632001794,9813.64594238987,11655.7172577895,243.863280717511,-32.99590248824,0.71197051176,0.528430032,0.18354047976,0,33.707873,0,33.107222,219.161648336102,311.99199037825,10.508398417,10.508398417,0,301.48359196125,0.970077586,0,0,300.51351437525,300.51351437525,21.98599443325,3.916118644,18.06987578925,0,0,-114.816336475398,96.7785464846547,-18.0377899907438,186.165745847622,151.936685853122,20.55934944878,0,20.55934944878,131.377336404342,0,131.377336404342,34.2290599945,-92.5109327348149,0,0,0,0,92.5109327348149,0.85844007253,87.1607508892849,382.164442634381,516.353509385539,20.9191126935511,20.9191126935511,0,495.434396691988,4.95077597294993,0,0,490.483620719038,490.483620719038,20.8418605365298,20.2922035162698,0.54965702026,0,0,-155.030927287688,221.743492375057,66.7125650873693,289.653509894075,229.909648959142,0,0,0,229.909648959142,0,229.909648959142,59.7438609349327,-26.4022842401346,0,0,0,0,26.4022842401346,0,25.9069339251256,1370.19581481292,2450.46658738642,97.6459403858861,98.1031249337105,0.45718454782436,2352.82064700054,16.6035298636245,0,0,2336.21711713691,2331.81513459011,28.4743070748573,28.4743070748573,0,0,0,-1108.74507964837,1265.64866251687,156.903582868501,1343.79353057278,642.932660342975,0,0,0,642.932660342975,0,642.932660342975,700.860870229806
2024-05-01,2024,"Q2","2023/24","Q4","May",2330.67036757111,4797.40525954331,511.20542577854,3962.36156807888,125.620411547511,2466.7348919722,1033.14513817304,1180.22300834911,30752.4692577795,35774.9767615411,14207.1316513037,15241.2970534039,1034.16540210016,21567.8451102373,698.631937749765,0.180721,89.666690311836,20779.3657611757,20705.3652647295,5886.43042601093,1085.0025225477,3796.37552177451,1005.05238168872,363.425665087161,-10545.5122646853,9526.01737322424,-1019.49489146109,33083.1396248772,32831.7925649674,10322.0186438541,6668.9418143574,3653.07682949666,22509.7739211133,10726.8152193157,11782.9587017976,251.34705990981,-30.10989204278,0.70130095722,0.518433844,0.18286711322,0,30.811193,0,30.208687,220.398279200519,308.81987313625,9.755956422,9.755956422,0,299.06391671425,0.972376138,0,0,298.09154057625,298.09154057625,21.27837741779,4.7146308,16.56374661779,0,0,-109.699971353521,93.8209065743657,-15.8790647791553,190.288387158739,155.813070664239,19.59332090246,0,19.59332090246,136.219749761779,0,136.219749761779,34.4753164945,-94.768763253857,0,0,0,0,94.768763253857,0.95390734397,89.512334577047,396.324627228877,520.79785248549,22.4885327003015,22.4885327003015,0,498.309319785188,4.60767824794993,0,0,493.701641537238,493.701641537238,20.9128823024798,20.3580685652198,0.55481373726,0,0,-145.386107559092,223.685833637421,78.2997260783295,301.555863977217,241.836261768414,0,0,0,241.836261768414,0,241.836261768414,59.7196022088027,-26.4022842401346,0,0,0,0,26.4022842401346,0,25.9069339251256,1370.19581481292,2450.46658738642,97.6459403858861,98.1031249337105,0.45718454782436,2352.82064700054,16.6035298636245,0,0,2336.21711713691,2331.81513459011,28.4743070748573,28.4743070748573,0,0,0,-1108.74507964837,1265.64866251687,156.903582868501,1343.79353057278,642.932660342975,0,0,0,642.932660342975,0,642.932660342975,700.860870229806
2024-06-01,2024,"Q2","2023/24","Q4","June",2420.54491356206,4905.04218721016,395.55597995451,4165.30925468989,104.311214638585,2484.4972736481,785.924989400793,1422.13992481732,31136.422307965,36458.8024468167,14398.9646738175,15338.5847083241,939.620034506592,22059.8377729992,922.022754288947,0.170071,39.2777168938943,21098.3672308164,21035.7866092183,5854.07668614706,976.687418925029,3851.38108495221,1026.00818226983,386.256429124751,-10790.200395874,9519.29416072335,-1270.90623515063,33556.9672234715,33301.8314505001,10360.9670812337,6700.09481483036,3660.87226640337,22940.8643692664,10697.041953338,12243.8224159284,255.135772971389,-25.50348808168,5.67502191832,0.58341959,5.09160232832,0,31.17851,0,30.588654,213.87113889116,313.52239572125,9.802078607,9.802078607,0,303.72031711425,1.066077969,0,0,302.65423914525,302.65423914525,27.60040723389,4.2075764,23.39283083389,0,0,-127.25166406398,105.32200716452,-21.92965689946,188.36765081048,61.44982731598,0.604847345240001,0,0.604847345240001,60.84497997074,0,60.84497997074,126.9178234945,-93.2995967564014,0,0,0,0,93.2995967564014,1.05792585205,87.7361103543514,414.061388730797,523.852050590699,25.3607340564614,25.3607340564614,0,498.491316534238,5.64616825644993,0,0,492.845148277788,492.845148277788,22.6598452183299,22.1046894810699,0.55515573726,0,0,-132.450507078232,226.062426294268,93.6119192160359,320.761791976799,260.833818680198,0,0,0,260.833818680198,0,260.833818680198,59.9279732966007,-31.8345320732452,0,0,0,0,31.8345320732452,0,31.3391817582363,1545.0821915223,2486.02176649564,98.7688083863674,99.3827419223755,0.613933536008139,2387.25295810927,17.324746000193,0,0,2369.92821210908,2365.43939062282,38.3559676059989,38.3559676059989,0,0,0,-979.295542579338,1322.51336627084,343.217823691506,1513.24765944906,788.589846020545,0,0,0,788.589846020545,0,788.589846020545,724.657813428511
2024-07-01,2024,"Q3","2024/25","Q1","July",2060.28501949896,4462.75669815313,517.40668472172,3623.47752210852,98.3141760746695,2402.47167865418,809.65260656004,1340.0765770932,32237.7409225519,37314.3181627719,15004.4570179127,16025.8453188538,1021.38830094111,22309.8611448592,855.032877992423,0.159595,96.896849822267,21357.7718220445,21299.5252995542,6137.94052502497,1103.25702042448,4412.52041844982,622.16308615068,608.042312761846,-10606.4754524831,9582.78722829289,-1023.68822419023,34298.0259390454,34042.8228901894,10647.8841568905,6830.39732225108,3817.48683463942,23394.9387332989,10485.8564796268,12909.0822536722,255.203048856004,-26.77459669275,0.58766330725,0.5226765475,0.06498675975,0,27.36226,0,26.768107,225.97462979789,316.0696828566,13.861448198,13.861448198,0,302.2082346586,2.02173206835,0,0,300.18650259025,300.18650259025,45.14050013726,4.9669904,40.17350973726,0,0,-135.23555319597,105.59051676569,-29.64503643028,199.20003310614,106.25563161164,10.362160948,0,10.362160948,95.89347066364,0,95.89347066364,92.9444014945,-94.8793150591205,0,0,0,0,94.8793150591205,0.85688139695,89.5127397104405,516.079959690729,526.020436781506,25.4922055440578,25.4922055440578,0,500.528231237448,5.00144987544993,0,0,495.526781361998,495.526781361998,22.3457823848498,21.7909686475898,0.55481373726,0,0,-32.2862594756262,227.77902963798,195.492770162354,421.200644628451,361.193630879168,0,0,0,361.193630879168,0,361.193630879168,60.0070137492832,-31.8345320732452,0,0,0,0,31.8345320732452,0,31.3391817582363,1545.0821915223,2486.02176649564,98.7688083863674,99.3827419223755,0.613933536008139,2387.25295810927,17.324746000193,0,0,2369.92821210908,2365.43939062282,38.3559676059989,38.3559676059989,0,0,0,-979.295542579338,1322.51336627084,343.217823691506,1513.24765944906,788.589846020545,0,0,0,788.589846020545,0,788.589846020545,724.657813428511
2024-08-01,2024,"Q3","2024/25","Q1","August",2282.64898330366,4803.88679444787,575.2774902928,3887.39023985592,133.755414472969,2521.23781114421,839.176039067047,1487.84992762657,32483.0045475233,37624.3051920071,15180.2644042561,16235.0606902681,1054.79628601197,22444.040787751,959.604896166676,0.132425,91.5943029510862,21392.7091636332,21345.2146865665,5908.8205174053,1117.62432399733,4087.05141989987,704.14477350811,395.780187393111,-10654.340974496,9747.05810375824,-907.282870737808,34765.6535280024,34512.1367927663,10906.2805284252,6971.70743804308,3934.5730903821,23605.8562643411,10653.9835278904,12951.8727364507,253.516735236106,-26.48496917269,0.89055682731,0.825639852,0.06491697531,0,27.375526,0,26.779933,220.66184513257,314.58785100775,13.871414173,13.871414173,0,300.71643683475,2.40702875235,0,0,298.3094080824,298.3094080824,33.45147943406,4.0274127,29.42406673406,0,0,-127.37748530924,106.3679905953,-21.0094947139398,194.17687596237,101.23437746787,3.45901000132,0,3.45901000132,97.77536746655,0,97.77536746655,92.9424984945,-95.5933254042901,0,0,0,0,95.5933254042901,0.79129937117,90.3238675064001,503.743474557042,535.974872164963,30.1093315838549,30.1093315838549,0,505.865540581108,6.50716206519993,0,0,499.358378515908,499.358378515908,22.3895142256998,21.8347004884398,0.55481373726,0,0,-54.620911833621,229.942336853786,175.321425020165,408.15014915423,348.085236337657,0,0,0,348.085236337657,0,348.085236337657,60.0649128165732,-31.8345320732452,0,0,0,0,31.8345320732452,0,31.3391817582363,1545.0821915223,2486.02176649564,98.7688083863674,99.3827419223755,0.613933536008139,2387.25295810927,17.324746000193,0,0,2369.92821210908,2365.43939062282,38.3559676059989,38.3559676059989,0,0,0,-979.295542579338,1322.51336627084,343.217823691506,1513.24765944906,788.589846020545,0,0,0,788.589846020545,0,788.589846020545,724.657813428511
2024-09-01,2024,"Q3","2024/25","Q1","September",1923.78637571745,4581.88213698581,451.09078574207,3815.91692511375,151.604032933374,2658.09576126835,924.730921459884,1535.06715473868,32659.1142897626,37530.7024389397,15241.3187155045,16330.1939911661,1088.87527566164,22289.3837234352,891.368978689446,0.134574,89.76223339633,21308.1179373494,21264.5450416784,5741.91063077256,1021.67918409875,4349.41678967382,370.814657,451.896225741119,-10161.6025542086,9651.02555652092,-510.576997687661,34582.9006643246,34292.2266730646,10552.1897383853,6756.28393461961,3795.90580376571,23740.0369346793,11003.6076199254,12736.4293147539,290.673991259957,-27.30272703288,0.65883396712,0.594422929,0.06441103812,0,27.961561,0,27.367261,229.67573429323,317.04245905557,13.986742358,13.986742358,0,303.05571669757,3.96562937035,0,0,299.09008732722,299.09008732722,34.81145035461,4.8174775,29.99397285461,0,0,-122.17817511695,106.30565690533,-15.87251821162,202.37300726135,109.43154876685,7.37879049846,0,7.37879049846,102.05275826839,0,102.05275826839,92.9414584945,-89.7086051217329,0,0,0,0,89.7086051217329,0.8218070484,84.4086395446129,461.504050390546,537.338886508682,25.5440632670036,25.5440632670036,0,511.794823241678,6.21446727419993,0,0,505.580355967478,505.580355967478,22.9653688895298,22.3995341992698,0.56583469026,0,0,-98.8002050076658,231.400462623505,132.60025761584,371.795445271492,311.666788897688,0,0,0,311.666788897688,0,311.666788897688,60.1286563738037,-28.780829667956,0,0,0,0,28.780829667956,0,28.2854793529471,1650.73268890397,2705.2928005991,86.8483032135776,87.4622367495857,0.613933536008139,2618.44449738553,21.8157721534784,0,0,2596.62872523205,2592.06924913936,39.5748913253071,39.5748913253071,0,0,0,-1094.13500302045,1382.91113547621,288.776132455769,1621.95185923601,876.057306345748,0,0,0,876.057306345748,0,876.057306345748,745.894552890262
2024-10-01,2024,"Q4","2024/25","Q2","October",1986.16582319922,4802.71539781526,426.07449959213,4122.83524860132,107.845293482621,2816.54957461604,1046.17071526312,1583.72071534944,32138.4475760196,38324.5977999233,16083.6477881357,17114.96679791,1031.31900977433,22240.9500117876,958.703965973393,0.107947659,81.54744143344,21200.5906567218,21161.0660964853,5051.79781986817,963.522573855125,3717.61374015308,370.661505859965,1089.65140611354,-10148.2966376583,9721.97000475573,-426.326632902578,34124.6133973456,33833.9512816221,10467.9514287948,6713.08254323416,3754.86888556061,23365.9998528273,10835.0826985838,12530.9171542435,290.662115723503,-40.39105000495,1.34683699505,1.283071463,0.06376553205,0,41.737887,0,41.145281,363.2154830849,488.19698752707,22.852378182,22.852378182,0,465.34460934507,4.23204369035,0,0,461.11256565472,461.11256565472,37.93214643864,11.8428257,26.08932073864,0,10.438365,-152.47528588081,142.951498552915,-9.52378732789452,322.82443323396,221.52993673946,8.33431301364,0,8.33431301364,213.19562372582,0,213.19562372582,101.2944964945,-86.6599878388424,0,0,0,0,86.6599878388424,0.77363506188,81.4223649396824,427.293463222937,549.153000817359,25.6579814855812,25.6579814855812,0,523.495019331778,6.51380376019993,0,0,516.981215571578,516.981215571578,21.7008686385298,21.1350339482698,0.56583469026,0,0,-143.560406232953,233.041480575054,89.4810743421017,340.633475385714,280.390859904379,0,0,0,280.390859904379,0,280.390859904379,60.2426154813352,-28.780829667956,0,0,0,0,28.780829667956,0,28.2854793529471,1650.73268890397,2705.2928005991,86.8483032135776,87.4622367495857,0.613933536008139,2618.44449738553,21.8157721534784,0,0,2596.62872523205,2592.06924913936,39.5748913253071,39.5748913253071,0,0,0,-1094.13500302045,1382.91113547621,288.776132455769,1621.95185923601,876.057306345748,0,0,0,876.057306345748,0,876.057306345748,745.894552890262
2024-11-01,2024,"Q4","2024/25","Q2","November",1423.77117984785,4602.33137313064,427.05932512019,3883.31668287805,115.910657059955,3178.56019328278,877.152916675146,2058.47735508443,32436.0405184326,38171.2943399717,15496.929669277,16625.0500390244,1128.12036974737,22674.3646706947,915.68533453262,0.109709803,77.33410601955,21681.2355203395,21644.4479270675,5581.87111495809,905.199005207543,4300.85595178121,375.81615796934,1013.99789646159,-10303.1270400356,9761.95328736329,-541.173752672349,33859.8116988065,33572.6558748619,10320.1291239844,6699.34915285287,3620.77997113154,23252.5267508775,10492.3217148719,12760.2050360057,287.155823944551,-6.03522396163999,43.08399198596,4.410955411,38.67303657496,0,49.1192159476,6.9709049476,41.550129,444.350400407885,665.615022139868,118.230731665478,118.230731665478,0,547.38429047439,6.00898817935,0,7.08179281951,534.29350947553,534.29350947553,60.7078403114571,21.61243799672,39.0954023147371,0,11.342965,-270.62949704344,223.750332504386,-46.8791645390542,438.31517644759,336.801928142607,51.6943144013772,0,51.6943144013772,285.10761374123,0,285.10761374123,101.513248304983,-78.7336163118673,0,0,0,0,78.7336163118673,0.81146875733,73.4513819490973,409.980845185965,567.537004253731,28.4300320272131,28.4300320272131,0,539.106972226518,8.14140562845993,0,0,530.965566598058,530.965566598058,22.3544726815298,21.7735202822698,0.58095239926,0,0,-179.910631749296,235.181739810065,55.2711080607689,331.24722886596,270.881329607543,0,0,0,270.881329607543,0,270.881329607543,60.3658992584167,-28.780829667956,0,0,0,0,28.780829667956,0,28.2854793529471,1650.73268890397,2705.2928005991,86.8483032135776,87.4622367495857,0.613933536008139,2618.44449738553,21.8157721534784,0,0,2596.62872523205,2592.06924913936,39.5748913253071,39.5748913253071,0,0,0,-1094.13500302045,1382.91113547621,288.776132455769,1621.95185923601,876.057306345748,0,0,0,876.057306345748,0,876.057306345748,745.894552890262
2024-12-01,2024,"Q4","2024/25","Q2","December",1772.99146805588,4897.04568467564,478.496401499539,4132.35746838263,103.844827509877,3124.05421661976,944.784089549766,1956.2549548356,31664.6124742989,37186.7015679114,14635.5493615944,16378.834623901,1743.28526230664,22551.1522063171,822.618001387805,0,76.0129352024329,21652.5212697269,21611.6471327728,5528.97620685385,1253.11695617432,3905.44864167953,370.410609,1018.00891517514,-10033.0563852912,9906.81565254729,-126.24073274392,33437.6039449909,33139.631872368,10517.1591654326,6847.5236188029,3669.63554662966,22622.4727069355,10481.9999360553,12140.4727708802,297.972072622908,108.281280516687,153.261650651677,4.265131256,148.996519395677,0,44.98037013499,2.30368513499,42.081161,325.911328272443,674.877787325359,121.954638707279,121.954638707279,0,552.92314861808,6.04919547735,0,0,546.87395314073,546.87395314073,55.1778743683346,23.82714157472,31.3507327936146,0,11.699615,-392.44471842125,230.271902912513,-162.172815508737,434.192608792691,332.813572702259,51.293903166128,0,51.293903166128,281.519669536131,0,281.519669536131,101.379036090432,-83.855609011926,0,0,0,0,83.855609011926,0.81855397622,78.811249132706,407.750504332657,568.748672433686,28.7498523708577,28.7498523708577,0,539.998820062828,4.65099921632992,0,0,535.347820846498,535.347820846498,23.2109760274952,22.6292489482352,0.58172707926,0,0,-184.209144128524,235.880959288239,51.671815159715,323.894895315236,263.449222061738,0,0,0,263.449222061738,0,263.449222061738,60.4456732534972,-26.4353602642185,0,0,0,0,26.4353602642185,0,25.9385816649692,1658.09800829989,2864.92043645218,85.5711294557164,86.0215078292372,0.450378373520781,2779.34930699646,25.7930052333793,0,0,2753.55630176308,2748.98762999101,38.9375940563545,38.9375940563545,0,0,0,-1245.76002220864,1493.28727952699,247.527257318341,1631.66264803567,836.545714922646,0,0,0,836.545714922646,0,836.545714922646,795.116933113025
2025-01-01,2025,"Q1","2024/25","Q3","January",1618.0617980147,4848.2141601012,479.38949695651,4094.00146986258,122.346234659715,3230.15236208651,972.149350089683,2034.62020234051,31662.6831278729,37432.0931017888,14866.8672162135,15958.1840175645,1091.31680135096,22565.2258855753,778.32857647317,0,75.8626148779912,21711.0346942241,21677.3563736502,5572.51183129961,988.884595190305,4211.06893781867,372.55829829063,1106.72812406761,-10235.1936811479,10076.6073237665,-158.586357381381,33280.7449258098,32974.8731840562,10463.1630273718,6909.93347607264,3553.22955129921,22511.7101566843,10414.502520118,12097.2076365663,305.87174175357,104.961723046794,145.562585130354,6.298408458,139.264176672354,0,40.60086208356,1.39552808356,38.605564,318.669492967176,665.278483687835,114.390936153305,114.390936153305,0,550.88754753453,6.15144798735,0,0,544.73609954718,544.73609954718,54.18715411739,22.75945940872,31.42769470867,0,9.219582,-391.576562838049,231.37387225153,-160.202690586519,423.63121614216,321.695102058691,52.7709632219311,0,52.7709632219311,268.92413883676,0,268.92413883676,101.936114083469,-85.5317499043686,0,0,0,0,85.5317499043686,1.38091421201,79.5709135173586,404.431375075046,565.583050905556,26.5884943878577,26.5884943878577,0,538.994556517698,5.96414788532993,0,0,533.030408632368,533.030408632368,22.9326303508852,22.5416776956252,0.39095265526,0,0,-184.084306181395,237.545259113343,53.4609529319487,318.899625170086,258.449823103877,0,0,0,258.449823103877,0,258.449823103877,60.4498020662087,-26.4353602642185,0,0,0,0,26.4353602642185,0,25.9385816649692,1658.09800829989,2864.92043645218,85.5711294557164,86.0215078292372,0.450378373520781,2779.34930699646,25.7930052333793,0,0,2753.55630176308,2748.98762999101,38.9375940563545,38.9375940563545,0,0,0,-1245.76002220864,1493.28727952699,247.527257318341,1631.66264803567,836.545714922646,0,0,0,836.545714922646,0,836.545714922646,795.116933113025
2025-02-01,2025,"Q1","2024/25","Q3","February",1911.30874228922,4964.34791130737,485.46235681965,4220.08327542851,115.223460587313,3053.03916901814,988.919681503208,1858.2393639985,32384.5968643921,38244.8039401133,15419.7944244382,16629.6441532354,1209.84972879718,22825.0095156751,785.212479019109,0,81.8577366453731,21957.9393000106,21915.6068237325,5737.62933292035,1049.35842228111,4313.77897663396,374.491934005292,660.468581933045,-10937.3678267085,10273.8055157674,-663.562310941083,34295.9056075345,34000.8323493941,10786.5015196712,7143.04323511719,3643.45828455403,23214.3308297228,10744.7871989431,12469.5436307798,295.073258140455,109.546873196738,149.917209223008,3.796820911,146.120388312008,0,40.37033602627,0.89981802627,38.86956,320.679845419202,663.397959755465,114.890762978375,114.890762978375,0,548.50719677709,6.51018046135,0,0,541.99701631574,541.99701631574,51.60241545663,22.53659943672,29.06581601991,0,9.470232,-384.850297792893,225.097963787256,-159.752334005637,430.22671822634,328.322862281752,48.4809617433424,0,48.4809617433424,279.84190053841,0,279.84190053841,101.903855944588,-85.5032282005669,0,0,0,0,85.5032282005669,1.37952820552,79.5715860560469,482.441463432797,564.299450883085,27.7452585800971,27.7452585800971,0,536.554192302988,3.96810222732992,0,0,532.586090075658,532.586090075658,23.846127108477,23.455174453217,0.39095265526,0,0,-105.704114558765,238.538507542124,132.834392983359,396.938235235814,336.447919138135,0,0,0,336.447919138135,0,336.447919138135,60.4903160976792,-26.4353602642185,0,0,0,0,26.4353602642185,0,25.9385816649692,1658.09800829989,2864.92043645218,85.5711294557164,86.0215078292372,0.450378373520781,2779.34930699646,25.7930052333793,0,0,2753.55630176308,2748.98762999101,38.9375940563545,38.9375940563545,0,0,0,-1245.76002220864,1493.28727952699,247.527257318341,1631.66264803567,836.545714922646,0,0,0,836.545714922646,0,836.545714922646,795.116933113025
2025-03-01,2025,"Q1","2024/25","Q3","March",1284.55360930656,4383.28666300786,385.68067833514,3730.02386738767,152.196079017818,3098.7330537013,937.202549335616,1971.17649442956,33421.469194333,38908.5562678905,15794.2583037279,17097.3549364326,1303.09663270473,23114.2979641626,868.290161514339,0,98.9857106511122,22147.0220919971,22085.1059865835,5850.31770057561,1060.74161136295,4421.83474221266,367.741347,429.170278616591,-10908.2344955165,10408.2434593869,-499.99103612955,34706.0228040287,34407.9995915154,11420.516521155,7720.88917895701,3699.62734219797,22987.4830703605,10742.6540406553,12244.8290297052,298.023212513246,107.198899902343,145.405843014293,5.87384868,139.531994334293,0,38.20694311195,0.74785011195,36.858353,334.748633457444,660.528906757515,113.368953307815,113.368953307815,0,547.1599534497,7.17256915735,0,0,539.98738429235,539.98738429235,57.51258427974,19.00044872872,38.51213555102,0,9.895732,-373.397125579811,223.075181896953,-150.321943682859,441.94753324665,339.82960577686,56.9857616098703,0,56.9857616098703,282.84384416699,0,282.84384416699,102.11792746979,-80.1674704408857,0,0,0,0,80.1674704408857,1.38549749709,74.3923576687957,468.601641719593,564.516845036615,28.056538237777,28.056538237777,0,536.460306798838,6.01821529811992,0,0,530.442091500718,530.442091500718,23.1558420721598,22.7648894168998,0.39095265526,0,0,-119.071045389182,241.673190803771,122.602145414589,388.434171274273,327.939733374594,0,0,0,327.939733374594,0,327.939733374594,60.4944378996792,-27.0981272718487,0,0,0,0,27.0981272718487,0,26.6013486725993,1766.69055713194,2991.46892880139,96.2511680696848,96.7015464432056,0.450378373520781,2895.2177607317,32.2098681617111,0,0,2863.00789256999,2858.21987645254,39.5283713025968,39.5283713025968,0,0,0,-1264.30674297204,1452.06936129455,187.76261832251,1739.59242986009,888.692761536732,0,0,0,888.692761536732,0,888.692761536732,850.89966832336
2025-04-01,2025,"Q2","2024/25","Q4","April",1410.60738030797,4574.68586835968,456.28040657815,3859.51234799098,168.0073882064,3164.07848805171,1006.98293641153,1946.16888979778,33721.0124414623,39322.8321276446,16052.8724114407,17389.7935869904,1336.9211755497,23269.9597162039,785.283196037629,0,107.28922425125,22377.3872959151,22297.4951777728,6215.742612575,1100.65681183258,4744.80670074241,370.2791,512.345615007251,-11305.21668375,10312.3984995428,-992.818184207197,35131.6198193887,34827.1854232082,11707.458805595,8028.13441452325,3679.32439107171,23119.7266176133,10898.3115200608,12221.4150975524,304.434396180482,105.37447400306,145.35439892374,4.912622701,140.44177622274,0,39.97992492068,2.59149792068,36.785135,343.558499183037,661.437232290805,113.717658945755,113.717658945755,0,547.71957334505,8.10307807535,0,0,539.6164952697,539.6164952697,51.41099704302,23.22593147172,28.1850655713,0,10.142282,-359.147448150789,225.587393331822,-133.560054818967,448.93297276882,345.484466875422,50.0321882299416,0,50.0321882299416,295.45227864548,0,295.45227864548,103.448505893398,-79.8042141620002,0,0,0,0,79.8042141620002,1.5443757438,73.7822867312001,436.81713163467,562.238266529432,28.3665499664357,28.3665499664357,0,533.871716562996,6.67563666035783,0,0,527.196079902638,527.196079902638,24.7151532880433,24.2975646017833,0.41758868626,0,0,-150.136288182805,242.078882874025,91.94259469122,357.012917466871,296.531343120262,0,0,0,296.531343120262,0,296.531343120262,60.4815743466087,-27.0981272718487,0,0,0,0,27.0981272718487,0,26.6013486725993,1766.69055713194,2991.46892880139,96.2511680696848,96.7015464432056,0.450378373520781,2895.2177607317,32.2098681617111,0,0,2863.00789256999,2858.21987645254,39.5283713025968,39.5283713025968,0,0,0,-1264.30674297204,1452.06936129455,187.76261832251,1739.59242986009,888.692761536732,0,0,0,888.692761536732,0,888.692761536732,850.89966832336
2025-05-01,2025,"Q2","2024/25","Q4","May",1907.13077831472,5146.02778482055,418.95611209393,4182.1236902282,184.721669580127,3238.89700650583,1178.23242083583,1850.64426146879,34556.6352343297,38968.8992440095,15562.5429712063,16978.0204712146,1415.47750000831,23406.3562728033,925.075915337995,0,103.278705532408,22378.0016519329,22311.5248856938,6916.04410235987,1104.62067689556,4933.07650510834,878.346920355959,497.657302313711,-10830.650809726,10471.832782407,-358.818027318981,36463.766010911,36162.3272012031,12048.4652203897,8315.22317630404,3733.24204408569,24113.8619808134,11696.5763250843,12417.2856557291,301.438809707894,112.32091801197,150.07465402265,4.928315074,71.82028896076,0,37.75373601068,2.82237901068,34.330839,365.182846281048,667.273614956795,114.365787349865,114.365787349865,0,552.90782760693,7.93110822195,0,0,544.97671938498,544.97671938498,61.89864762396,20.78165430872,41.11699331524,0,10.721117,-353.268299299707,224.723486981072,-128.544812318635,477.50376356347,375.106072495837,79.6652066181469,0,79.6652066181469,295.44086587769,0,295.44086587769,102.397691067633,-81.9594521097728,0,0,0,0,81.9594521097728,1.49434163301,76.0776887897628,426.521839189809,567.745236225789,29.2792594262232,29.2792594262232,0,538.465976799566,12.0198266363578,0,0,526.446150163208,526.446150163208,24.2610772145839,23.8434885283239,0.41758868626,0,0,-165.484474250564,243.353074657064,77.8686004064996,344.562387076084,284.113978627967,0,0,0,284.113978627967,0,284.113978627967,60.4484084481177,-27.0981272718487,0,0,0,0,27.0981272718487,0,26.6013486725993,1766.69055713194,2991.46892880139,96.2511680696848,96.7015464432056,0.450378373520781,2895.2177607317,32.2098681617111,0,0,2863.00789256999,2858.21987645254,39.5283713025968,39.5283713025968,0,0,0,-1264.30674297204,1452.06936129455,187.76261832251,1739.59242986009,888.692761536732,0,0,0,888.692761536732,0,888.692761536732,850.89966832336
2025-06-01,2025,"Q2","2024/25","Q4","June",1599.4255045025,4610.08698581658,418.83685883392,3756.92558717395,196.905267798512,3010.66148131408,924.206792594063,1851.31126431649,36260.8739444292,39777.7471425852,16122.6670053847,17643.1982795248,1520.53127414005,23655.0801372005,813.822431120411,0,112.667150828519,22728.5905552516,22663.2548380137,8306.61477428868,1059.18684224669,4665.69184485025,2581.73608719173,451.594902086161,-11371.8930703586,10548.6851880434,-823.207882315219,37860.2994470157,37550.46574579,12382.6632428855,8600.97073297037,3781.69250991514,25167.8025029045,12183.696306328,12984.1061965764,309.833701225728,55.0111908793594,126.828665350207,5.60505973470674,48.04617230612,0,71.8174744708473,4.21921411816,67.0007713526873,706.983677355104,933.432173978332,139.086939374522,139.086939374522,0,794.34523460381,12.0610005081299,0,0,782.28423409568,782.28423409568,97.0630108628098,34.0713543502998,62.99165651251,0,12.486737,-311.024770486038,423.170449503208,112.14567901717,761.994867805947,654.099068288698,80.1358644158638,0,80.1358644158638,573.963203872834,0,573.963203872834,107.895799517249,-57.47105791932,0,0,0,0,57.47105791932,0,52.76466454632,246.81112022405,311.667675271436,10.414586478,10.414586478,0,301.253088793436,6.6793925417779,0,0,294.573696251658,294.573696251658,11.02074913,10.599469255,0.421279875,0,0,-75.8773041773859,68.2143919022068,-7.66291227517909,189.340062302459,134.181011779766,0,0,0,134.181011779766,0,134.181011779766,55.1590505226937,-19.0765431129738,0,0,0,0,19.0765431129738,0,18.5797645137244,1882.64619029583,3083.69865250004,102.53755988502,105.083148428734,2.54558854371404,2981.16109261502,30.7737405213069,0,0,2950.38735209372,2945.50215707726,42.7953550491614,42.7953550491614,0,0,0,-1243.84781725337,1551.84313389565,307.995316642275,1863.56964718286,956.374545374056,0,0,0,956.374545374056,0,956.374545374056,907.195101808804
2025-07-01,2025,"Q3","2025/26","Q1","July",1864.20898621519,4739.01458141529,494.15489859065,3757.35510854716,243.580620264219,2874.8055952001,751.156529032968,1916.43402027922,35109.8739281401,39829.4871809588,16208.3211753559,17486.4639503933,1278.14277503736,23621.1660056029,925.770063811574,0,111.636706401444,22583.7592353899,22537.3717187125,7627.30120045253,1206.45534159067,4839.58861078176,1581.25724808009,438.376258789591,-11908.5381944816,10714.6618238694,-1193.87637061223,36974.0829129753,36724.7712491717,12103.5397932388,8248.30170194388,3855.23809129493,24621.2314559329,11637.4890517074,12983.7424042255,249.311663803594,35.0886585327599,135.54150495336,7.46429632382982,54.37111513418,0.01379349535,100.4528464206,17.01553120376,82.83106021684,653.858288973824,951.260705701052,152.099739790432,152.099739790432,0,799.16096591062,10.3245568571699,0,0,788.83640905345,788.83640905345,89.9910534907298,35.5697484024998,54.42130508823,0,12.391114,-375.002356217957,423.466787433228,48.4644312152705,688.946947090273,578.334359902595,73.8169461168595,0,73.8169461168595,504.517413785736,0,504.517413785736,110.612587187678,-61.09007907663,0,0,0,0,61.09007907663,0,56.38287934263,254.226316130333,314.647508656801,12.006668485,12.006668485,0,302.640840171801,5.8568509615933,0,0,296.783989210208,296.783989210208,10.542419758,10.121139883,0.421279875,0,0,-70.9636122844682,65.7435665548819,-5.22004572958627,193.136237052003,137.981566276539,0,0,0,137.981566276539,0,137.981566276539,55.1546707754637,-19.0765431129738,0,0,0,0,19.0765431129738,0,18.5797645137244,1882.64619029583,3083.69865250004,102.53755988502,105.083148428734,2.54558854371404,2981.16109261502,30.7737405213069,0,0,2950.38735209372,2945.50215707726,42.7953550491614,42.7953550491614,0,0,0,-1243.84781725337,1551.84313389565,307.995316642275,1863.56964718286,956.374545374056,0,0,0,956.374545374056,0,956.374545374056,907.195101808804
2025-08-01,2025,"Q3","2025/26","Q1","August",1473.03257558098,4474.35109715966,532.71584310725,3543.24642577942,266.626014986422,3001.31852157868,858.000266907926,1925.16329659115,35135.286595074,39649.9476173995,15689.0978469865,16968.5056440789,1279.40779709231,23960.8497704129,998.882254225993,0,108.104807522606,22853.8627086643,22789.4917547758,7634.04022455725,1123.38463020497,4516.58003916885,1994.07555518343,450.693761012141,-11698.0074858706,10898.9277616477,-799.079724222824,36608.3191700953,36306.6667682117,11894.2664726434,8162.52657942708,3731.73989321632,24412.4002955683,11527.6494438384,12884.7508517299,301.652401883563,-43.0856558331647,135.110320791588,7.12876144813795,53.47456412878,0.01212821467,178.195976624753,8.06494554376,169.535200080993,692.761163856855,980.555245463986,160.188678178477,160.188678178477,0,820.366567285509,14.2992548881099,0,0,806.067312397399,806.067312397399,76.6033758745798,34.0753638605798,42.528012014,0,12.799354,-351.598103481712,421.44538926884,69.8472857871285,649.67550799711,538.789077495068,71.6373146073757,0,71.6373146073757,467.151762887693,0,467.151762887693,110.886430502042,-62.00344292237,0,0,0,0,62.00344292237,0,57.30349814837,254.412586995159,318.173990824789,10.486280733,10.486280733,0,307.687710091789,7.3247199523513,0,0,300.362990139438,300.362990139438,10.854815003,10.428302638,0.426512365,0,0,-74.6162188326307,65.32250612937,-9.2937127032607,192.409144070625,137.244787180201,0,0,0,137.244787180201,0,137.244787180201,55.1643568904237,-19.0765431129738,0,0,0,0,19.0765431129738,0,18.5797645137244,1882.64619029583,3083.69865250004,102.53755988502,105.083148428734,2.54558854371404,2981.16109261502,30.7737405213069,0,0,2950.38735209372,2945.50215707726,42.7953550491614,42.7953550491614,0,0,0,-1243.84781725337,1551.84313389565,307.995316642275,1863.56964718286,956.374545374056,0,0,0,956.374545374056,0,956.374545374056,907.195101808804
2025-09-01,2025,"Q3","2025/26","Q1","September",1227.77382001026,4265.26936277337,568.25382400463,3303.71975698269,252.039940362063,3037.49554276311,903.277139638349,1909.83227444738,36405.8741560187,40082.2658437804,15943.4188983787,17373.872558587,1430.45366020823,24138.8469454017,948.73750569977,32.84525901908,136.680685948411,23020.5834947344,22951.4241418013,8663.62763675256,1227.73697296619,4441.13257813624,2994.75808565013,461.844098089161,-11878.1752264251,10764.6661707874,-1113.50905563776,37633.6479743238,37327.8799678391,11947.122137214,8277.14884466005,3669.97329255398,25380.7578306251,12269.3803125025,13111.3775181226,305.768006484659,-53.58364233617,124.41851348707,5.748245587,118.65585835916,0.01440954091,178.00215582324,13.79049982324,163.62242,704.919797805632,989.817421071875,163.219381246965,163.219381246965,0,826.59803982491,9.37266402635,0,0,817.22537579856,817.22537579856,77.80259073714,36.344290783,41.45829995414,0,15.014889,-347.685325003384,423.497045798593,75.8117207952095,651.336155060953,540.43633293657,67.7409884368637,0,67.7409884368637,472.695344499706,0,472.695344499706,110.899822124383,-57.51689196536,0,0,0,0,57.51689196536,0,52.83468619036,250.297931104257,323.9906913471,10.652778262,10.652778262,0,313.3379130851,8.0757764073513,0,0,305.262136677748,305.262136677748,10.033274255,9.60676189,0.426512365,0,0,-83.7260344978424,66.0739576840768,-17.6520768137656,192.78103913607,137.573469273486,0,0,0,137.573469273486,0,137.573469273486,55.2075698625837,-26.8702847393194,0,0,0,0,26.8702847393194,0,26.37350614007,2045.52203193821,3257.32546797149,114.952441055593,117.206929764875,2.25448870928127,3142.3730269159,38.1916682240663,0,0,3104.18135869183,3099.19114185329,47.3575436958914,47.3575436958914,0,0,0,-1259.16097972917,1641.61371246655,382.452732737381,2018.65174719889,1080.0788926027,0,0,0,1080.0788926027,0,1080.0788926027,938.572854596193
2025-10-01,2025,"Q4","2025/26","Q2","October",2126.11803327359,5244.06804866189,633.0221868457,4171.59488255326,270.203559567617,3117.9500153883,995.175742133154,1889.32881396955,36085.5107930106,41378.4280310241,17281.8805952441,18522.9943651718,1241.11376992771,24096.54743578,871.62559418426,32.492506571,142.553871818762,23049.8754632059,22987.2116632649,7503.62254697076,1084.46561167225,4354.5311031311,2064.6258321674,573.545890729161,-12222.9938942551,10991.8451119689,-1231.1487822862,38211.6288270217,37903.1956690444,12549.7669019243,8799.32452240262,3750.44237952173,25353.42876712,12304.2578714018,13049.1708957183,308.433157977317,-48.69644016075,126.92789909709,4.7985319925,122.11710110459,0.012266,175.62433925784,11.68170625784,163.353173,743.191918334199,1011.93616855297,166.698935685075,166.698935685075,0,845.23723286789,12.22742508855,0,0,833.00980777934,833.00980777934,82.05948646231,33.749188678,48.31029778431,0,15.637349,-335.166387681076,425.625465657086,90.4590779760101,694.4954775596,576.94302208453,71.150983438757,0,71.150983438757,505.792038645773,0,505.792038645773,117.55245547507,-57.9514167360301,0,0,0,0,57.9514167360301,0,53.2697982660301,251.625617050984,329.514673048778,10.778582782,10.778582782,0,318.736090266778,5.01737124293,0,0,313.718719023848,313.718719023848,11.306891896,10.880379531,0.426512365,0,0,-89.195947893794,66.9216648122706,-22.2742830815234,193.67420031361,138.447981457887,0,0,0,138.447981457887,0,138.447981457887,55.2262188557237,-26.8702847393194,0,0,0,0,26.8702847393194,0,26.37350614007,2045.52203193821,3257.32546797149,114.952441055593,117.206929764875,2.25448870928127,3142.3730269159,38.1916682240663,0,0,3104.18135869183,3099.19114185329,47.3575436958914,47.3575436958914,0,0,0,-1259.16097972917,1641.61371246655,382.452732737381,2018.65174719889,1080.0788926027,0,0,0,1080.0788926027,0,1080.0788926027,938.572854596193
2025-11-01,2025,"Q4","2025/26","Q2","November",1736.39735032236,5434.89641434584,689.30878805235,4403.70583222514,231.538417304064,3698.49906402348,1076.11736378131,2395.13389162553,38662.7892871548,42463.706777013,17561.8126557944,18924.809681179,1362.99702538463,24901.8941212186,999.215004121537,34.10816732111,136.84918257128,23731.7217672047,23624.9351542484,8351.80959398648,1031.98858142462,4802.19680869102,2517.62420387083,477.441698729161,-11675.2853851155,11147.3607827312,-527.924602384323,40399.1866361045,40081.7667745996,13116.5796759856,9093.18373693229,4023.39593905326,26965.187098614,13221.2373888854,13743.9497097287,317.419861504929,-48.46450653121,131.65434334664,7.805961335,123.83422501164,0.014157,180.11884987785,12.09324687785,167.413314,830.866625471078,1045.32615657647,170.523413120775,170.523413120775,0,874.802743455693,11.7680746851332,0,0,863.03466877056,863.03466877056,88.20977297043,34.135724841,54.07404812943,0,16.554589,-286.11471507582,427.346751057855,141.232035982035,782.402118469859,671.163603783289,71.3593343345104,0,71.3593343345104,599.804269448779,0,599.804269448779,111.23851468657,-54.30535566276,0,0,0,0,54.30535566276,0,49.74079687276,250.934153090721,337.060302266828,9.658498142,9.658498142,0,327.401804124828,4.60964515493,0,0,322.792158969898,322.792158969898,10.017553621,9.591041256,0.426512365,0,0,-96.1437027971076,67.0626117506468,-29.0810910464608,196.628797424823,141.356406502059,0,0,0,141.356406502059,0,141.356406502059,55.2723909227637,-26.8702847393194,0,0,0,0,26.8702847393194,0,26.37350614007,2045.52203193821,3257.32546797149,114.952441055593,117.206929764875,2.25448870928127,3142.3730269159,38.1916682240663,0,0,3104.18135869183,3099.19114185329,47.3575436958914,47.3575436958914,0,0,0,-1259.16097972917,1641.61371246655,382.452732737381,2018.65174719889,1080.0788926027,0,0,0,1080.0788926027,0,1080.0788926027,938.572854596193
2025-12-01,2025,"Q4","2025/26","Q2","December",2131.46126513474,5344.64269049013,711.75080222086,4267.73390031319,250.859447017287,3213.18142535539,978.943757505553,2010.24767807355,38007.8639411592,41788.92710835,16922.5022141787,19154.5683347987,2232.06612061992,24866.4248941713,657.931542116845,34.758717952,123.05349012225,24050.6811439802,23957.0538488091,8555.69434405759,1440.72571559897,4578.70678285525,2536.26184560337,454.796466401061,-11881.9610448474,11301.5380398663,-580.423004981109,40139.3252044036,39826.8595139967,12859.5953508909,8740.72642094921,4118.86892994171,26967.2641631057,13010.095037432,13957.1691256738,312.465690406903,-64.74089866296,128.43154428749,5.556053337,122.83756395049,0.037927,193.17244295045,24.76970595045,167.789947,816.958540779176,1055.81738928754,180.445506199065,180.445506199065,0,875.37188308847,13.30346097875,0,0,862.06842210972,862.06842210972,94.52526247905,36.949928565,57.57533391405,0,17.863634,-315.52047698741,427.945851838388,112.425374850979,752.21764162157,641.130960563288,62.7075229511278,0,62.7075229511278,578.42343761216,0,578.42343761216,111.086681058282,-53.7951400293501,0,0,0,0,53.7951400293501,0,49.0543614812141,246.502344464656,332.891822956719,1.819540155,1.819540155,0,331.072282801719,6.01390828173106,0,0,325.058374519988,325.058374519988,12.341547405,11.91503504,0.426512365,0,0,-98.7310258970634,68.203422903159,-30.5276029939044,192.70720443536,137.966950819296,0,0,0,137.966950819296,0,137.966950819296,54.7402536160637,-28.6552243227073,0,0,0,0,28.6552243227073,0,28.1584457234579,2097.75510895369,3533.71387991671,122.739601403246,124.697523878148,1.95792247490165,3410.97427851347,54.0724010332444,0,0,3356.90187748022,3352.18138065869,46.1980208677749,46.1980208677749,0,0,0,-1482.1567918308,1738.99669087085,256.839899040052,2069.09988463098,1035.34290173616,0,0,0,1035.34290173616,0,1035.34290173616,1033.75698289482
2026-01-01,2026,"Q1","2025/26","Q3","January",1205.65426243632,4826.3043657172,550.88165295615,3929.00483018316,231.223668111296,3620.65010328087,1197.22952128099,2166.16441960908,38109.319043196,42863.3803200454,17681.289831126,19138.5648231499,1457.27499202395,25182.0904889194,879.603574029365,34.92164570739,213.46161529151,24054.1036538912,23978.009723158,8152.70514043486,1373.92250078721,5318.40654590931,1460.37609373834,798.155850109161,-12108.6105671751,11425.7855366553,-682.825030519817,39314.9733042001,38997.6628805461,12674.7645526323,8637.20055058837,4037.56400204397,26322.8983279137,12718.6933040682,13604.2050238456,317.310423654012,-64.6967226846158,123.655674618294,7.808340902,115.814393716294,0.03294,188.35239730291,24.31334130291,163.430026,792.049562514321,1018.17199748356,171.091798952995,171.091798952995,0,847.08019853056,10.85816409375,0,0,836.22203443681,836.22203443681,88.67098071907,39.358335684,49.31264503507,0,12.341012,-302.452403688304,430.048719286894,127.59631559859,727.35283990795,616.247711548768,71.261910735088,0,71.261910735088,544.98580081368,0,544.98580081368,111.105128359182,-54.86588281168,0,0,0,0,54.86588281168,0,50.13503539068,241.804989696478,329.79487737164,1.837296683,1.837296683,0,327.95758068864,6.20260375805152,0,0,321.754976930588,321.754976930588,11.193486755,10.76697439,0.426512365,0,0,-99.1833744301614,68.3342864265268,-30.8490880036346,186.939106882865,131.687644336142,0,0,0,131.687644336142,0,131.687644336142,55.2514625467237,-28.6552243227073,0,0,0,0,28.6552243227073,0,28.1584457234579,2097.75510895369,3533.71387991671,122.739601403246,124.697523878148,1.95792247490165,3410.97427851347,54.0724010332444,0,0,3356.90187748022,3352.18138065869,46.1980208677749,46.1980208677749,0,0,0,-1482.1567918308,1738.99669087085,256.839899040052,2069.09988463098,1035.34290173616,0,0,0,1035.34290173616,0,1035.34290173616,1033.75698289482
2026-02-01,2026,"Q1","2025/26","Q3","February",848.804919475164,5061.80904250665,754.40167180313,3905.86133576309,287.740333877137,4213.00412303148,1251.36753877394,2694.25394426375,39325.09866071,43148.3290213068,17925.9342881414,19429.8299151729,1503.89562703152,25222.3947331654,927.980115138993,0,221.95482436911,24072.4597936573,23957.3412063494,8918.7065583284,1256.06728369894,5267.06316796318,2395.57610666628,458.952869134831,-12282.9840497904,11666.0161907807,-616.96785900975,40173.9035805612,39876.8700827639,12702.7254535002,8412.02442703631,4290.70102646392,27174.1446292636,13543.9805290176,13630.164100246,297.033497797385,-67.8570923070731,123.885402284397,6.961986839,116.893218445397,0.030197,191.74249459147,24.40950059147,166.718731,748.937700737648,1012.34159363996,172.658361451765,179.066361451765,6.408,839.68323218819,11.22865364875,0,0,828.45457853944,828.45457853944,77.32279071972,40.474467512,36.84832320772,0,13.452612,-327.274071622027,431.069804210356,103.79573258833,681.080608945055,570.095684826615,58.1116388989996,0,58.1116388989996,511.984045927615,0,511.984045927615,110.98492411844,-54.37738063554,0,0,0,0,54.37738063554,0,49.63531653754,245.936184625741,334.269253548658,1.85275956,1.85275956,0,332.416493988658,7.14464457387,0,0,325.271849414788,325.271849414788,11.026258238,10.599170595,0.427087643,0,0,-99.3593271609167,69.8824691682466,-29.4768579926701,191.55880398851,136.315571777307,0,0,0,136.315571777307,0,136.315571777307,55.2432322112037,-28.6552243227073,0,0,0,0,28.6552243227073,0,28.1584457234579,2097.75510895369,3533.71387991671,122.739601403246,124.697523878148,1.95792247490165,3410.97427851347,54.0724010332444,0,0,3356.90187748022,3352.18138065869,46.1980208677749,46.1980208677749,0,0,0,-1482.1567918308,1738.99669087085,256.839899040052,2069.09988463098,1035.34290173616,0,0,0,1035.34290173616,0,1035.34290173616,1033.75698289482
2026-03-01,2026,"Q1","2025/26","Q3","March",-70.222506933952,4631.04781285646,929.48090171271,3384.76159354801,217.676411317702,4701.27031979042,1141.59249306569,3190.87239427042,41019.7565199051,43922.2620499473,18076.5660523494,19718.536773217,1641.97072086754,25845.6959975978,851.246710999917,0,212.02602654712,24782.4232600508,24526.6770050418,10298.4827059595,1263.44578792524,5465.72553312152,3569.31138491277,471.917177157491,-12729.0710588442,11843.8872512518,-885.183807592416,40949.5340122759,40673.9107672727,13346.3792038755,8992.64290314916,4353.73630072637,27327.5315633972,13169.2565229563,14158.2750404409,275.623245003155,-63.8664255329401,130.06118809538,7.001205733,123.02464836238,0.035334,193.92761362832,25.88192262832,167.407218,799.168901922432,1014.93180887311,174.575108962625,180.993993962625,6.418885,840.35669991048,10.64507158015,0,0,829.71162833033,829.71162833033,72.47990600538,45.807273906,26.67263209938,0,15.773772,-272.469040956054,433.850596362451,161.381555406398,735.30247690797,625.480307307335,59.5102511970148,0,59.5102511970148,565.97005611032,0,565.97005611032,109.822169600635,-52.74257986335,0,0,0,0,52.74257986335,0,47.93974745635,249.616882768481,333.553405299126,1.871091366,1.871091366,0,331.682313933126,5.0716387155779,0,0,326.610675217548,326.610675217548,12.00537434,11.578861975,0.426512365,0,0,-95.9418968706452,71.3227585947465,-24.6191382758987,196.874302903668,141.670223362314,0,0,0,141.670223362314,0,141.670223362314,55.2040795413537,-24.8787743404606,0,0,0,0,24.8787743404606,0,24.3819957412112,2181.12567711705,3727.25845793501,135.464363098401,137.139736504332,1.6753734059311,3591.79409483661,56.1869792459022,0,0,3535.60711559071,3530.46105723404,49.0672431128753,49.0672431128753,0,0,0,-1595.20002393084,1772.3157038633,177.115679932463,2156.24690277659,1110.51016254306,0,0,0,1110.51016254306,0,1110.51016254306,1045.73674023353
2026-04-01,2026,"Q2","2025/26","Q4","April",280.816009253847,4721.11530884859,648.58730644541,3317.60156910467,567.296917614784,4440.29929959474,1013.80741773823,3082.73120246782,40475.7610431389,43963.2692046839,18437.4899435454,20047.7197679884,1610.22982444294,25525.7792611385,803.0894285396,0,295.31829466691,24427.371537932,24191.9362100009,9864.51058353963,1054.43122844919,5871.51617439885,2938.56318069159,480.783307961861,-12871.2354371228,11792.3436845854,-1078.89175253739,40756.5770510883,40492.8026446011,13675.3709518389,9244.23171407849,4431.13923776039,26817.4316927622,13142.0101333127,13675.4215594495,263.774406487256,-149.919006343162,132.32031937763,8.6134172865,123.66127209113,0.04563,282.239325720792,25.35353040716,256.248815313632,1187.00565747019,1498.35794265053,237.872389704091,251.582971521534,13.7105818174433,1260.48555294644,13.24645267718,0,0,1247.23910026926,1247.23910026926,114.245116806988,69.8766557460548,44.3684610609328,0,18.474572,-407.122829987323,529.210509053087,122.087679065764,1037.08665127539,917.197221389068,67.486683356501,0,67.486683356501,849.710538032567,0,849.710538032567,119.889429886325,-52.4416626046599,0,0,0,0,52.4416626046599,0,48.9917574566599,244.739151583741,341.963213145693,1.887699825,1.887699825,0,340.075513320693,10.3969414159851,0,0,329.678571904708,329.678571904708,10.641525743,10.2144381,0.427087643,0,0,-107.865587304952,71.7880785775307,-36.0775087274215,192.297488977049,137.079907497265,0,0,0,137.079907497265,0,137.079907497265,55.2175814797837,-24.8787743404606,0,0,0,0,24.8787743404606,0,24.3819957412112,2181.12567711705,3727.25845793501,135.464363098401,137.139736504332,1.6753734059311,3591.79409483661,56.1869792459022,0,0,3535.60711559071,3530.46105723404,49.0672431128753,49.0672431128753,0,0,0,-1595.20002393084,1772.3157038633,177.115679932463,2156.24690277659,1110.51016254306,0,0,0,1110.51016254306,0,1110.51016254306,1045.73674023353
2026-05-01,2026,"Q2","2025/26","Q4","May",-109.73622917622,4881.70769558933,781.74276121788,3591.58380831134,210.347653151375,4991.44392476555,1181.76715684813,3477.80879926132,42108.9294082882,44433.5505386186,18269.1186154481,20102.6261357353,1833.50752028721,26164.4319231705,869.60277298101,0,295.46874503747,24999.360405152,24760.9474138208,11335.7276862273,1199.31248590097,6115.76759204653,4020.64760827977,494.458962685541,-13165.8898538721,12014.5286839069,-1151.36116996524,41999.1931791657,41727.8174466841,14151.6968408077,9674.07741645205,4477.61942435569,27576.1206058764,13871.1286163049,13704.9919895715,271.375732481548,-155.500483915008,128.34506020373,9.2450020705,119.04730213323,0.052756,283.845544118738,24.66747113766,258.532258981078,1194.90847769926,1515.80534996072,239.106776282815,252.828243100258,13.7214668174433,1276.6985736779,19.06838833318,0,0,1257.63018534472,1257.63018534472,107.418342358503,76.0417098830548,31.3766324754481,0,22.214872,-406.100342619965,530.030334672027,123.929992052062,1039.40799383697,109.048380550603,61.8208925201042,0,61.8208925201042,47.2274880304985,0,47.2274880304985,930.359613286363,-46.04001233021,0,0,0,0,46.04001233021,0,42.59010718221,239.246466366335,343.935694893768,1.905456353,1.905456353,0,342.030238540768,8.74812898495,0,0,333.282109555818,333.282109555818,11.585200803,11.15811316,0.427087643,0,0,-116.274429330433,72.3552890978103,-43.9191402326231,193.206453783617,137.988374032133,0,0,0,137.988374032133,0,137.988374032133,55.2180797514837,-24.8787743404606,0,0,0,0,24.8787743404606,0,24.3819957412112,2181.12567711705,3727.25845793501,135.464363098401,137.139736504332,1.6753734059311,3591.79409483661,56.1869792459022,0,0,3535.60711559071,3530.46105723404,49.0672431128753,49.0672431128753,0,0,0,-1595.20002393084,1772.3157038633,177.115679932463,2156.24690277659,1110.51016254306,0,0,0,1110.51016254306,0,1110.51016254306,1045.73674023353
