"Date","Year","Quarter","FY","QFY","Month","I_ONI","I_7DAY","I_OVA"
2012-01-02,2012,"Q1","2011/12","Q3","January",27.2,30.75,30.42
2012-01-03,2012,"Q1","2011/12","Q3","January",26.62,30.96,28.32
2012-01-04,2012,"Q1","2011/12","Q3","January",28.14,30.59,29.48
2012-01-05,2012,"Q1","2011/12","Q3","January",26.8,28.26,27.46
2012-01-09,2012,"Q1","2011/12","Q3","January",29,29.25,29.24
2012-01-10,2012,"Q1","2011/12","Q3","January",26,25.6598360655738,26.2852112676056
2012-01-11,2012,"Q1","2011/12","Q3","January",24.4970930232558,27.3379120879121,25.9028571428571
2012-01-12,2012,"Q1","2011/12","Q3","January",23.3,25.7105263157895,24.4041379310345
2012-01-16,2012,"Q1","2011/12","Q3","January",24.5769230769231,29,25.9568607068607
2012-01-17,2012,"Q1","2011/12","Q3","January",24.125,27,25.7070460704607
2012-01-18,2012,"Q1","2011/12","Q3","January",27.3875,26.5239130434783,27.1154109589041
2012-01-19,2012,"Q1","2011/12","Q3","January",29.8620689655172,31.125,30.0540935672515
2012-01-20,2012,"Q1","2011/12","Q3","January",29.8620689655172,26.5048076923077,26.4280303030303
2012-01-23,2012,"Q1","2011/12","Q3","January",25.9186046511628,28.24,26.7720588235294
2012-01-24,2012,"Q1","2011/12","Q3","January",25.4,28.4474708171206,25.9376257545272
2012-01-25,2012,"Q1","2011/12","Q3","January",20.0508474576271,27.9316239316239,21.5034578146611
2012-01-27,2012,"Q1","2011/12","Q3","January",20.0508474576271,28.875,18.72
2012-01-30,2012,"Q1","2011/12","Q3","January",27,29.1910569105691,29.1388888888889
2012-01-31,2012,"Q1","2011/12","Q3","January",26.35,30.9659090909091,27.5820659062104
2012-02-01,2012,"Q1","2011/12","Q3","February",27.3687707641196,29.3333333333333,27.4620253164557
2012-02-02,2012,"Q1","2011/12","Q3","February",25.9166666666667,29.7777777777778,26.4066666666667
2012-02-03,2012,"Q1","2011/12","Q3","February",25.9166666666667,26.2352941176471,23.1969439728353
2012-02-06,2012,"Q1","2011/12","Q3","February",17.27,28.18,18.91
2012-02-07,2012,"Q1","2011/12","Q3","February",20.9333333333333,23.3981481481481,21.8697916666667
2012-02-08,2012,"Q1","2011/12","Q3","February",12.9285714285714,17.75,15.344262295082
2012-02-09,2012,"Q1","2011/12","Q3","February",5.22222222222222,16.1666666666667,6.91358024691358
2012-02-10,2012,"Q1","2011/12","Q3","February",5.22222222222222,16.1666666666667,9.17277486910995
2012-02-13,2012,"Q1","2011/12","Q3","February",14.2277992277992,21.9565217391304,16.6042780748663
2012-02-14,2012,"Q1","2011/12","Q3","February",15.3592814371258,23.1538461538462,17.5431034482759
2012-02-15,2012,"Q1","2011/12","Q3","February",16.5135135135135,23.225,20.3932038834951
2012-02-16,2012,"Q1","2011/12","Q3","February",19.9375,23.4666666666667,21.6451612903226
2012-02-17,2012,"Q1","2011/12","Q3","February",19.9375,22.5,19.7435897435897
2012-02-20,2012,"Q1","2011/12","Q3","February",18.375,24.1552062868369,22.3030707610147
2012-02-21,2012,"Q1","2011/12","Q3","February",20.4444444444444,25.1373626373626,23.5845588235294
2012-02-22,2012,"Q1","2011/12","Q3","February",20.61,22.8125,21.88
2012-02-23,2012,"Q1","2011/12","Q3","February",11.3389830508475,21.2777777777778,14.3328651685393
2012-02-24,2012,"Q1","2011/12","Q3","February",7.99133333333334,22.6666666666667,9.32545454545455
2012-02-27,2012,"Q1","2011/12","Q3","February",15.9393939393939,24.045,22.2908496732026
2012-02-28,2012,"Q1","2011/12","Q3","February",18.5,22.875,19.8125
2012-02-29,2012,"Q1","2011/12","Q3","February",17.1481481481481,22.625,18.3888888888889
2012-03-01,2012,"Q1","2011/12","Q3","March",17.1481481481481,22.62,23.03
2012-03-02,2012,"Q1","2011/12","Q3","March",17.1481481481481,21.5384615384615,19.6769230769231
2012-03-05,2012,"Q1","2011/12","Q3","March",21.3846153846154,24,22.5217391304348
2012-03-06,2012,"Q1","2011/12","Q3","March",22.4444444444444,25.3846153846154,20.9111111111111
2012-03-07,2012,"Q1","2011/12","Q3","March",22.4444444444444,25.8666666666667,23.9333333333333
2012-03-09,2012,"Q1","2011/12","Q3","March",22.4444444444444,26.25,21.5340909090909
2012-03-12,2012,"Q1","2011/12","Q3","March",24.333,27.8181818181818,26.5882352941176
2012-03-13,2012,"Q1","2011/12","Q3","March",25.53,26.33,25.72
2012-03-14,2012,"Q1","2011/12","Q3","March",26.3333333333333,26.33,26.2166666666667
2012-03-15,2012,"Q1","2011/12","Q3","March",26.0769230769231,27,26.5
2012-03-16,2012,"Q1","2011/12","Q3","March",26.0769230769231,27.875,24.635
2012-03-19,2012,"Q1","2011/12","Q3","March",25.1666666666667,27.1285714285714,26.6276595744681
2012-03-20,2012,"Q1","2011/12","Q3","March",22.9142857142857,25.4615384615385,24.0642673521851
2012-03-21,2012,"Q1","2011/12","Q3","March",18.68,23.3,20.1578947368421
2012-03-22,2012,"Q1","2011/12","Q3","March",17.5263157894737,21.3846153846154,18.4912280701754
2012-03-23,2012,"Q1","2011/12","Q3","March",17.5263157894737,18,8.92032967032967
2012-03-26,2012,"Q1","2011/12","Q3","March",23.5454545454545,27,25.08
2012-03-27,2012,"Q1","2011/12","Q3","March",22.9583333333333,24.3333333333333,23.4871794871795
2012-03-28,2012,"Q1","2011/12","Q3","March",22.3513513513513,24.0625,23.1917808219178
2012-03-29,2012,"Q1","2011/12","Q3","March",22.6181818181818,26.3055555555556,23.1936339522546
2012-03-30,2012,"Q1","2011/12","Q3","March",22.6181818181818,26.3055555555556,17.8482142857143
2012-04-02,2012,"Q2","2011/12","Q4","April",21.3333333333333,26.3055555555556,23.9131652661064
2012-04-03,2012,"Q2","2011/12","Q4","April",18,22.7333333333333,20.6171875
2012-04-04,2012,"Q2","2011/12","Q4","April",22.5483870967742,24.3636363636364,23.3508771929825
2012-04-05,2012,"Q2","2011/12","Q4","April",22.5483870967742,22.1844155844156,22.4454198473282
2012-04-10,2012,"Q2","2011/12","Q4","April",22.3684210526316,23.1764705882353,22.8867924528302
2012-04-11,2012,"Q2","2011/12","Q4","April",24.2698412698413,23.7142857142857,24.0617283950617
2012-04-12,2012,"Q2","2011/12","Q4","April",21.6,24,22.2814371257485
2012-04-13,2012,"Q2","2011/12","Q4","April",21.6,25,16.1875
2012-04-16,2012,"Q2","2011/12","Q4","April",20.4285714285714,21.9415204678363,21.0754257907543
2012-04-17,2012,"Q2","2011/12","Q4","April",21.5333333333333,22.1228209191759,22.0601983002833
2012-04-18,2012,"Q2","2011/12","Q4","April",17.3333333333333,20,19.1727748691099
2012-04-19,2012,"Q2","2011/12","Q4","April",17.04,22.3571428571429,19.3597122302158
2012-04-20,2012,"Q2","2011/12","Q4","April",17.04,19.1428571428571,14.8605200945627
2012-04-23,2012,"Q2","2011/12","Q4","April",19.5,23.595,22.956862745098
2012-04-24,2012,"Q2","2011/12","Q4","April",21.5,23.595,22.51
2012-04-25,2012,"Q2","2011/12","Q4","April",20.8666666666667,22.4225352112676,21.9644128113879
2012-04-26,2012,"Q2","2011/12","Q4","April",21.6428571428571,23,22.4378698224852
2012-04-27,2012,"Q2","2011/12","Q4","April",21.6428571428571,22.8888888888889,19.4705882352941
2012-04-30,2012,"Q2","2011/12","Q4","April",21.6428571428571,22.7861271676301,22.7274096385542
2012-05-02,2012,"Q2","2011/12","Q4","May",18.1739130434783,20.5833333333333,19.8513513513514
2012-05-03,2012,"Q2","2011/12","Q4","May",17,20.75,18.9818181818182
2012-05-04,2012,"Q2","2011/12","Q4","May",17,23.9487179487179,19.086491739553
2012-05-07,2012,"Q2","2011/12","Q4","May",20.8461538461538,22.5191256830601,22.3793103448276
2012-05-08,2012,"Q2","2011/12","Q4","May",20,21.6086956521739,21.48
2012-05-09,2012,"Q2","2011/12","Q4","May",19,20.1204188481675,19.9771689497717
2012-05-10,2012,"Q2","2011/12","Q4","May",16,19.3602941176471,19.1736111111111
2012-05-11,2012,"Q2","2011/12","Q4","May",16,20,16.156862745098
2012-05-14,2012,"Q2","2011/12","Q4","May",15.5,19.7875,18.0205479452055
2012-05-15,2012,"Q2","2011/12","Q4","May",14.690909,21.36667,16.12143
2012-05-16,2012,"Q2","2011/12","Q4","May",16.05,21.2,18.39
2012-05-17,2012,"Q2","2011/12","Q4","May",18.17,20.91,18.47
2012-05-18,2012,"Q2","2011/12","Q4","May",13.01,20.54,14.36
2012-05-21,2012,"Q2","2011/12","Q4","May",18.6848484848485,20.2644628099174,19.6569343065693
2012-05-22,2012,"Q2","2011/12","Q4","May",19.6666666666667,20.8947368421053,20.6
2012-05-23,2012,"Q2","2011/12","Q4","May",18.6785714285714,20.4545454545455,19.1159420289855
2012-05-24,2012,"Q2","2011/12","Q4","May",19.3333333333333,20.6642857142857,20.6329787234043
2012-05-25,2012,"Q2","2011/12","Q4","May",13.9407114624506,20.58125,15.536036036036
2012-05-28,2012,"Q2","2011/12","Q4","May",17.75,20.2444444444444,20.0748031496063
2012-05-29,2012,"Q2","2011/12","Q4","May",14.1475409836066,18.2933333333333,16.5347222222222
2012-05-30,2012,"Q2","2011/12","Q4","May",16.4444444444444,20.6440397350993,19.5876623376623
2012-05-31,2012,"Q2","2011/12","Q4","May",13.2674418604651,20.75,14.125
2012-06-01,2012,"Q2","2011/12","Q4","June",7.5,17.5714285714286,8.93877551020408
2012-06-04,2012,"Q2","2011/12","Q4","June",18.1428571428571,20.1461538461539,19.3657407407407
2012-06-05,2012,"Q2","2011/12","Q4","June",19.5,21.7857142857143,20.4411764705882
2012-06-06,2012,"Q2","2011/12","Q4","June",18.7906976744186,19.875,19.4959349593496
2012-06-07,2012,"Q2","2011/12","Q4","June",15.8387096774194,18.2,16.6907216494845
2012-06-08,2012,"Q2","2011/12","Q4","June",10.9375,17.8,12.5714285714286
2012-06-11,2012,"Q2","2011/12","Q4","June",18,19.8654545454545,19.1615094339623
2012-06-12,2012,"Q2","2011/12","Q4","June",18,20.7,20.2368421052632
2012-06-13,2012,"Q2","2011/12","Q4","June",16.1428571428571,18.5454545454545,17.2
2012-06-14,2012,"Q2","2011/12","Q4","June",18.8783783783784,20.9166666666667,19.3333333333333
2012-06-15,2012,"Q2","2011/12","Q4","June",13.672268907563,14.6,13.7096774193548
2012-06-18,2012,"Q2","2011/12","Q4","June",19.3333333333333,20.5228758169935,20.2424242424242
2012-06-19,2012,"Q2","2011/12","Q4","June",17.9954128440367,20.140350877193,19.2409177820268
2012-06-20,2012,"Q2","2011/12","Q4","June",18,21.2272727272727,19.4741379310345
2012-06-21,2012,"Q2","2011/12","Q4","June",20.9528301886792,19.9871794871795,20.6504854368932
2012-06-22,2012,"Q2","2011/12","Q4","June",19.7654320987654,20.3913043478261,19.9038461538462
2012-06-25,2012,"Q2","2011/12","Q4","June",19.85,20.04,19.93
2012-06-26,2012,"Q2","2011/12","Q4","June",19.34,20.26,20.03
2012-06-27,2012,"Q2","2011/12","Q4","June",19.38,20,19.43
2012-06-28,2012,"Q2","2011/12","Q4","June",19.7647058823529,20.9944444444444,20.5506756756757
2012-06-29,2012,"Q2","2011/12","Q4","June",18.4805510534846,19.0566037735849,18.7655925155925
2012-07-02,2012,"Q3","2012/13","Q1","July",21.25,22.262180974478,22.1407185628743
2012-07-03,2012,"Q3","2012/13","Q1","July",21.4814814814815,20.53125,20.7956989247312
2012-07-04,2012,"Q3","2012/13","Q1","July",21.4814814814815,20.4711538461538,20.8164556962025
2012-07-05,2012,"Q3","2012/13","Q1","July",18.5555555555556,20.359375,19.71
2012-07-06,2012,"Q3","2012/13","Q1","July",15.1428571428571,19.4,17.8032786885246
2012-07-09,2012,"Q3","2012/13","Q1","July",16.8333333333333,18.2256637168142,18.1688741721854
2012-07-10,2012,"Q3","2012/13","Q1","July",15.3947368421053,16.9333333333333,16.2280701754386
2012-07-11,2012,"Q3","2012/13","Q1","July",15.6451612903226,18.2467532467532,17.5090909090909
2012-07-12,2012,"Q3","2012/13","Q1","July",10,16.1833333333333,13.3667315175097
2012-07-13,2012,"Q3","2012/13","Q1","July",4.98364485981309,16.972972972973,0.0860195758564437
2012-07-16,2012,"Q3","2012/13","Q1","July",16.75,18.3079096045198,0.178941908713693
2012-07-17,2012,"Q3","2012/13","Q1","July",16.3684210526316,18.5819672131148,0.1805625
2012-07-18,2012,"Q3","2012/13","Q1","July",16.64,18.247619047619,0.177290322580645
2012-07-19,2012,"Q3","2012/13","Q1","July",14.9797101449275,18.0405405405405,0.163559748427673
2012-07-20,2012,"Q3","2012/13","Q1","July",7.69444444444445,16.9904761904762,0.116144578313253
2012-07-23,2012,"Q3","2012/13","Q1","July",9.35220125786164,16.9875,13.6058495821727
2012-07-24,2012,"Q3","2012/13","Q1","July",10.8617021276596,16.9545454545455,15.298600311042
2012-07-25,2012,"Q3","2012/13","Q1","July",10.3673469387755,15.9166666666667,11.8636363636364
2012-07-26,2012,"Q3","2012/13","Q1","July",11.6153846153846,16.8666666666667,13.15234375
2012-07-27,2012,"Q3","2012/13","Q1","July",6.36363636363636,18.625,7.7956204379562
2012-07-30,2012,"Q3","2012/13","Q1","July",15.5833333333333,17.8229166666667,17.8260473588343
2012-07-31,2012,"Q3","2012/13","Q1","July",16.53,17.73,17.06
2012-08-01,2012,"Q3","2012/13","Q1","August",15.86,17.49,16.94
2012-08-02,2012,"Q3","2012/13","Q1","August",15.91,16.74,16.42
2012-08-03,2012,"Q3","2012/13","Q1","August",10.64,16.81,12.07
2012-08-06,2012,"Q3","2012/13","Q1","August",11.16,16.48,15.18
2012-08-07,2012,"Q3","2012/13","Q1","August",12.27,17.19,14.5
2012-08-08,2012,"Q3","2012/13","Q1","August",11.53,16.46,14.03
2012-08-09,2012,"Q3","2012/13","Q1","August",6.23404255319149,14.7307692307692,8.93971631205674
2012-08-10,2012,"Q3","2012/13","Q1","August",4.459459,16.359616284511,9.58125
2012-08-13,2012,"Q3","2012/13","Q1","August",12.1891891891892,16.8333333333333,14.8705882352941
2012-08-14,2012,"Q3","2012/13","Q1","August",9.39678284182306,15.5869565217391,12.0932069510269
2012-08-15,2012,"Q3","2012/13","Q1","August",6.5,16.1372549019608,10.4534161490683
2012-08-16,2012,"Q3","2012/13","Q1","August",10.8909090909091,16.5,12.4666666666667
2012-08-17,2012,"Q3","2012/13","Q1","August",11.0752688172043,14.75,11.6146788990826
2012-08-20,2012,"Q3","2012/13","Q1","August",12.3675847457627,16.9533898305085,15.4706513958482
2012-08-21,2012,"Q3","2012/13","Q1","August",12.4156714244101,16.8,12.8133756278086
2012-08-22,2012,"Q3","2012/13","Q1","August",11.9577922077922,15.8076923076923,12.2013381995134
2012-08-23,2012,"Q3","2012/13","Q1","August",11.0357142857143,16,11.6129032258064
2012-08-24,2012,"Q3","2012/13","Q1","August",9.02105263157895,16,9.02105263157895
2012-08-27,2012,"Q3","2012/13","Q1","August",13.7631578947368,17.3333333333333,14.7943925233645
2012-08-28,2012,"Q3","2012/13","Q1","August",17,16.9444444444444,16.9428571428571
2012-08-29,2012,"Q3","2012/13","Q1","August",19.0188679245283,16.5555555555556,18.7525252525253
2012-08-30,2012,"Q3","2012/13","Q1","August",12.5384615384615,16.3859060402685,14.5785953177258
2012-08-31,2012,"Q3","2012/13","Q1","August",11.5714285714286,14,12.114406779661
2012-09-03,2012,"Q3","2012/13","Q1","September",11.2264150943396,16.3645569620253,15.0939252336449
2012-09-04,2012,"Q3","2012/13","Q1","September",10.625,14.5,11.2708333333333
2012-09-05,2012,"Q3","2012/13","Q1","September",10.4074074074074,13.3262195121951,12.0083612040134
2012-09-06,2012,"Q3","2012/13","Q1","September",8.06896551724138,14.5333333333333,11.2954545454545
2012-09-07,2012,"Q3","2012/13","Q1","September",7.23595505617978,12.4285714285714,7.83908045977011
2012-09-10,2012,"Q3","2012/13","Q1","September",12.7965367965368,14.9540816326531,14.2557354925776
2012-09-11,2012,"Q3","2012/13","Q1","September",11.7922077922078,15.2307692307692,12.6666666666667
2012-09-12,2012,"Q3","2012/13","Q1","September",12.5,15.3084291187739,14.7296072507553
2012-09-13,2012,"Q3","2012/13","Q1","September",12.8125,14.9833333333333,14.2872340425532
2012-09-14,2012,"Q3","2012/13","Q1","September",11.1632653061224,15,12.679012345679
2012-09-17,2012,"Q3","2012/13","Q1","September",13.2033898305085,14.9303797468354,14.1533700137552
2012-09-18,2012,"Q3","2012/13","Q1","September",13.0512820512821,14.7142857142857,13.2916666666667
2012-09-19,2012,"Q3","2012/13","Q1","September",12.655737704918,15.0869565217391,13.8694029850746
2012-09-20,2012,"Q3","2012/13","Q1","September",12.27,15.34,13.31
2012-09-21,2012,"Q3","2012/13","Q1","September",10.91,15,11.12
2012-09-24,2012,"Q3","2012/13","Q1","September",10.15,14.92,12.95
2012-09-25,2012,"Q3","2012/13","Q1","September",8.77,12.79,10.51
2012-09-26,2012,"Q3","2012/13","Q1","September",7.92,15.03,12.3
2012-09-27,2012,"Q3","2012/13","Q1","September",5.846153846,14.125,6.4375
2012-09-28,2012,"Q3","2012/13","Q1","September",5.183333,12.3889,6.846154
2012-10-01,2012,"Q4","2012/13","Q2","October",5.235294118,14.02307692,11.77058824
2012-10-02,2012,"Q4","2012/13","Q2","October",5.7,12.4,7.04
2012-10-03,2012,"Q4","2012/13","Q2","October",6.50955414,12.97222222,9.961424332
2012-10-04,2012,"Q4","2012/13","Q2","October",10.19047619,12.90769231,11.55841584
2012-10-05,2012,"Q4","2012/13","Q2","October",7.918699187,12.81818182,9.209580838
2012-10-08,2012,"Q4","2012/13","Q2","October",7.918699187,12.9274193548387,12.5609939759036
2012-10-10,2012,"Q4","2012/13","Q2","October",11.2676056338028,13.8015873015873,12.9295065458207
2012-10-11,2012,"Q4","2012/13","Q2","October",11.765625,13.9253731343284,12.5076923076923
2012-10-12,2012,"Q4","2012/13","Q2","October",13.1153846153846,14.2325581395349,13.5123966942149
2012-10-15,2012,"Q4","2012/13","Q2","October",14.1923076923077,14.875,14.5909090909091
2012-10-16,2012,"Q4","2012/13","Q2","October",15.0731707317073,15.4,14.9081081081081
2012-10-17,2012,"Q4","2012/13","Q2","October",13.5,13.5909090909091,14
2012-10-18,2012,"Q4","2012/13","Q2","October",11.8888888888889,12.7,12.1951219512195
2012-10-19,2012,"Q4","2012/13","Q2","October",5.68824940047962,12.7,8.61280931586608
2012-10-22,2012,"Q4","2012/13","Q2","October",13.3414634146341,13.6171875,13.4148936170213
2012-10-23,2012,"Q4","2012/13","Q2","October",14.38095238,13.25,14.12962963
2012-10-24,2012,"Q4","2012/13","Q2","October",11.5526315789474,14.6755319148936,13.4059139784946
2012-10-25,2012,"Q4","2012/13","Q2","October",11.5526315789474,14.3205882352941,13.1482112436116
2012-10-29,2012,"Q4","2012/13","Q2","October",11.2409240924092,13.5106382978723,12.620957309185
2012-10-30,2012,"Q4","2012/13","Q2","October",11.7222222222222,12.6511111111111,11.7222222222222
2012-10-31,2012,"Q4","2012/13","Q2","October",9.7909604519774,13.9290322580645,11.7228915662651
2012-11-01,2012,"Q4","2012/13","Q2","November",10.14,14,11.76
2012-11-02,2012,"Q4","2012/13","Q2","November",0,12.54,8.23
2012-11-05,2012,"Q4","2012/13","Q2","November",12.099173553719,12.7471264367816,12.4546539379475
2012-11-06,2012,"Q4","2012/13","Q2","November",7.73825503355705,12.06,9.01536643026004
2012-11-07,2012,"Q4","2012/13","Q2","November",6.46808510638298,12.59375,10.3759124087591
2012-11-08,2012,"Q4","2012/13","Q2","November",6,11.8947368421053,9.2
2012-11-09,2012,"Q4","2012/13","Q2","November",6.41384863123994,13.2583333333333,8.64332247557003
2012-11-12,2012,"Q4","2012/13","Q2","November",7.61246312684366,12.3594890510949,10.0376884422111
2012-11-13,2012,"Q4","2012/13","Q2","November",7.59090909090909,12.0943396226415,8.88108108108108
2012-11-14,2012,"Q4","2012/13","Q2","November",8.10714285714286,12.9807692307692,9.65243902439025
2012-11-15,2012,"Q4","2012/13","Q2","November",7.76470588235294,12.472,10.6463917525773
2012-11-16,2012,"Q4","2012/13","Q2","November",6.48936170212766,12.8469879518072,9.47062146892655
2012-11-19,2012,"Q4","2012/13","Q2","November",8.53968253968254,12.9631578947368,10.5576923076923
2012-11-20,2012,"Q4","2012/13","Q2","November",8.50840336134454,12.5,10.1396907216495
2012-11-21,2012,"Q4","2012/13","Q2","November",8.75555555555556,12.3857142857143,10.359756097561
2012-11-22,2012,"Q4","2012/13","Q2","November",7.07368421052631,12.6454545454545,8.43941605839416
2012-11-23,2012,"Q4","2012/13","Q2","November",9.33870967741935,12.6333333333333,9.87297297297297
2012-11-26,2012,"Q4","2012/13","Q2","November",8.55555555555556,12.46375,11.7459183673469
2012-11-27,2012,"Q4","2012/13","Q2","November",7.88461538461538,12.652,11.0210526315789
2012-11-28,2012,"Q4","2012/13","Q2","November",9.82324455205811,12.8277777777778,11.8827113480579
2012-11-29,2012,"Q4","2012/13","Q2","November",8.62790697674419,12.3619047619048,9.39469026548672
2012-11-30,2012,"Q4","2012/13","Q2","November",6.65420560747664,12.2307692307692,8.86016949152542
2012-12-03,2012,"Q4","2012/13","Q2","December",10.3008849557522,13.0086206896552,12.3622141997593
2012-12-04,2012,"Q4","2012/13","Q2","December",9.97722960151802,12.5943396226415,10.9409403669725
2012-12-05,2012,"Q4","2012/13","Q2","December",9.34615384615385,12.2666666666667,10.3006535947712
2012-12-06,2012,"Q4","2012/13","Q2","December",10.9848484848485,12.8142857142857,11.8679245283019
2012-12-07,2012,"Q4","2012/13","Q2","December",7.47619047619048,12.5387323943662,8.6868609406953
2012-12-10,2012,"Q4","2012/13","Q2","December",7.9,12.22,11.15
2012-12-11,2012,"Q4","2012/13","Q2","December",5.34632034632035,12.4741379310345,8.21384039900249
2012-12-12,2012,"Q4","2012/13","Q2","December",4.84210526315789,12.6103448275862,8.2044776119403
2012-12-13,2012,"Q4","2012/13","Q2","December",5.540756914,12.0833333333333,7.75081833060556
2012-12-14,2012,"Q4","2012/13","Q2","December",3.89567966280295,11.5019011406844,6.60813559322034
2012-12-17,2012,"Q4","2012/13","Q2","December",8.3483870967742,12,10.4506666666667
2012-12-18,2012,"Q4","2012/13","Q2","December",8.58206686930091,12.372641509434,10.2738287560582
2012-12-19,2012,"Q4","2012/13","Q2","December",8.44074074074074,12.5435897435897,9.81290322580645
2012-12-20,2012,"Q4","2012/13","Q2","December",9.46551724137931,12.5,9.9873417721519
2012-12-21,2012,"Q4","2012/13","Q2","December",7.83333333333333,11.5,9.20388349514563
2012-12-24,2012,"Q4","2012/13","Q2","December",8.04824561403508,12.1086956521739,9.30588235294118
2012-12-27,2012,"Q4","2012/13","Q2","December",8.9,12.1286585365854,11.1883458646617
2012-12-28,2012,"Q4","2012/13","Q2","December",0,12.375,7.82075471698113
2012-12-31,2012,"Q4","2012/13","Q2","December",8.52380952380952,11.8888888888889,10.8795620437956
2013-01-02,2013,"Q1","2012/13","Q3","January",7.65333333333333,12.0337078651685,9.28451882845189
2013-01-03,2013,"Q1","2012/13","Q3","January",7.23913043478261,11.9213114754098,10.9940928270042
2013-01-04,2013,"Q1","2012/13","Q3","January",5.84322033898305,11.4615384615385,6.85763888888889
2013-01-07,2013,"Q1","2012/13","Q3","January",9.02097902097902,11.5588235294118,9.6006600660066
2013-01-08,2013,"Q1","2012/13","Q3","January",7.84,11.33,8.92
2013-01-09,2013,"Q1","2012/13","Q3","January",7.875,12.8351648351648,8.83333333333333
2013-01-10,2013,"Q1","2012/13","Q3","January",6.20754716981132,12.7314814814815,9.33695652173913
2013-01-11,2013,"Q1","2012/13","Q3","January",7.71,12.37,8.41
2013-01-14,2013,"Q1","2012/13","Q3","January",8.66666666666667,12.8666666666667,12.1666666666667
2013-01-15,2013,"Q1","2012/13","Q3","January",7.88181818181818,11.46875,8.69014084507042
2013-01-16,2013,"Q1","2012/13","Q3","January",9,12,10.8409090909091
2013-01-17,2013,"Q1","2012/13","Q3","January",6.84615384615385,11.7390804597701,9.47097156398104
2013-01-18,2013,"Q1","2012/13","Q3","January",6.8125,11.952380952381,9.36220472440945
2013-01-21,2013,"Q1","2012/13","Q3","January",8.74515235457064,12.21875,9.46219758064516
2013-01-22,2013,"Q1","2012/13","Q3","January",5.75836431226766,12.4689655172414,7.18301610541728
2013-01-23,2013,"Q1","2012/13","Q3","January",8.48275862068965,12.4553571428571,11.1896551724138
2013-01-24,2013,"Q1","2012/13","Q3","January",6.97,12.1,8.7
2013-01-25,2013,"Q1","2012/13","Q3","January",4.1,10.86,5.8
2013-01-28,2013,"Q1","2012/13","Q3","January",7.3,11.9,10.1
2013-01-29,2013,"Q1","2012/13","Q3","January",6.3,11.8,9.2
2013-01-31,2013,"Q1","2012/13","Q3","January",6.5,11.9,10.1
2013-02-01,2013,"Q1","2012/13","Q3","February",6.4,10.2,7.4
2013-02-04,2013,"Q1","2012/13","Q3","February",8.3,11.8,10.5
2013-02-05,2013,"Q1","2012/13","Q3","February",7.1,11.7,7.7
2013-02-06,2013,"Q1","2012/13","Q3","February",7.5,11.7,8.7
2013-02-07,2013,"Q1","2012/13","Q3","February",6.3,10.5,7.1
2013-02-08,2013,"Q1","2012/13","Q3","February",3.5,10.5,3.7
2013-02-11,2013,"Q1","2012/13","Q3","February",5.9,11.8,9.2
2013-02-12,2013,"Q1","2012/13","Q3","February",5.6,12,7.5
2013-02-13,2013,"Q1","2012/13","Q3","February",4.4,10,4.9
2013-02-14,2013,"Q1","2012/13","Q3","February",4.7,10.5,7.2
2013-02-15,2013,"Q1","2012/13","Q3","February",4,9.1,5.2
2013-02-18,2013,"Q1","2012/13","Q3","February",3.72,10.0892857142857,7.16666666666667
2013-02-19,2013,"Q1","2012/13","Q3","February",3.5,10.9,7.2
2013-02-20,2013,"Q1","2012/13","Q3","February",5.7,0,5.8
2013-02-21,2013,"Q1","2012/13","Q3","February",4.2,12.5,4.7
2013-02-22,2013,"Q1","2012/13","Q3","February",3.9,9.4,7.4
2013-02-25,2013,"Q1","2012/13","Q3","February",4.9,11.5,8.1
2013-02-26,2013,"Q1","2012/13","Q3","February",4.3,10,5.5
2013-02-27,2013,"Q1","2012/13","Q3","February",5.4,10.8,8.1
2013-02-28,2013,"Q1","2012/13","Q3","February",5.5,10.8,7.4
2013-03-01,2013,"Q1","2012/13","Q3","March",5.5,0,7.5
2013-03-04,2013,"Q1","2012/13","Q3","March",6,10.8,6.9
2013-03-05,2013,"Q1","2012/13","Q3","March",6.8,11.6,7.8
2013-03-06,2013,"Q1","2012/13","Q3","March",8.53,12.02,10.37
2013-03-07,2013,"Q1","2012/13","Q3","March",9.91360089186176,11.1333333333333,10.0077160493827
2013-03-11,2013,"Q1","2012/13","Q3","March",7.07971014492754,11.75,8.68654434250764
2013-03-12,2013,"Q1","2012/13","Q3","March",5.36479128856624,11.75,6.04830917874396
2013-03-13,2013,"Q1","2012/13","Q3","March",5.1404958677686,,5.48148148148148
2013-03-14,2013,"Q1","2012/13","Q3","March",5.20472440944882,10,5.7112676056338
2013-03-15,2013,"Q1","2012/13","Q3","March",5.5,9.5,5.83333333333334
2013-03-18,2013,"Q1","2012/13","Q3","March",6.87610619469027,10.695652173913,8.32417582417582
2013-03-19,2013,"Q1","2012/13","Q3","March",7.47875354107649,11.7777777777778,8.35214446952596
2013-03-20,2013,"Q1","2012/13","Q3","March",8.24489795918367,11.5,8.96825396825397
2013-03-21,2013,"Q1","2012/13","Q3","March",9.6551724137931,12,9.79113924050633
2013-03-22,2013,"Q1","2012/13","Q3","March",11.5197740112994,0,11.5727636849132
2013-03-25,2013,"Q1","2012/13","Q3","March",9.85,11.7428571428571,10.79
2013-03-26,2013,"Q1","2012/13","Q3","March",9.46428571428571,11.5,10.5284090909091
2013-03-27,2013,"Q1","2012/13","Q3","March",9.2029702970297,12,9.40825688073394
2013-03-28,2013,"Q1","2012/13","Q3","March",10.2977272727273,7.33333333333333,10.2578475336323
2013-04-02,2013,"Q2","2012/13","Q4","April",9.75,10.3839285714286,9.65625
2013-04-03,2013,"Q2","2012/13","Q4","April",7.40298507462687,10.7777777777778,8.11764705882353
2013-04-04,2013,"Q2","2012/13","Q4","April",8.2172619047619,10.2068965517241,8.24654150197628
2013-04-05,2013,"Q2","2012/13","Q4","April",7.19024856596558,10.35,7.40165031222123
2013-04-08,2013,"Q2","2012/13","Q4","April",6.53,0,6.53
2013-04-09,2013,"Q2","2012/13","Q4","April",7.5876887340302,11,7.25083240843507
2013-04-10,2013,"Q2","2012/13","Q4","April",7.03640776699029,11.44,7.61643835616438
2013-04-11,2013,"Q2","2012/13","Q4","April",6.30788804071247,10.2222222222222,6.82483370288248
2013-04-12,2013,"Q2","2012/13","Q4","April",7.03007518796993,9.28571428571428,7.14285714285714
2013-04-15,2013,"Q2","2012/13","Q4","April",5.8868778280543,11.1875,7.07719298245614
2013-04-16,2013,"Q2","2012/13","Q4","April",8.27,11.5,8.36
2013-04-17,2013,"Q2","2012/13","Q4","April",9.84402924451666,11.5660377358491,10.2817887931035
2013-04-18,2013,"Q2","2012/13","Q4","April",8.97761194029851,10.7,9.18543046357616
2013-04-19,2013,"Q2","2012/13","Q4","April",9.38095238095238,11,9.44337349397591
2013-04-22,2013,"Q2","2012/13","Q4","April",9.35211267605633,12,10.0210526315789
2013-04-23,2013,"Q2","2012/13","Q4","April",9.4,11.82,9.59
2013-04-24,2013,"Q2","2012/13","Q4","April",9.94,11.33,10.08
2013-04-25,2013,"Q2","2012/13","Q4","April",9.74,12.29,9.92
2013-04-26,2013,"Q2","2012/13","Q4","April",,13.25,10.55
2013-04-29,2013,"Q2","2012/13","Q4","April",10.51,12.16,8.54
2013-04-30,2013,"Q2","2012/13","Q4","April",,11.94,11.33
2013-05-02,2013,"Q2","2012/13","Q4","May",8.74,12.03,8.97
2013-05-03,2013,"Q2","2012/13","Q4","May",7.43,12,7.47
2013-05-06,2013,"Q2","2012/13","Q4","May",9.48,12.46,9.87
2013-05-07,2013,"Q2","2012/13","Q4","May",7.94,12,8.22
2013-05-08,2013,"Q2","2012/13","Q4","May",5.06,9.45,6.74
2013-05-09,2013,"Q2","2012/13","Q4","May",6.76,0,6.79
2013-05-10,2013,"Q2","2012/13","Q4","May",8.75831873905429,,8.75831873905429
2013-05-13,2013,"Q2","2012/13","Q4","May",9.35153583617747,12,9.52076677316294
2013-05-14,2013,"Q2","2012/13","Q4","May",9.68666666666667,11.8181818181818,9.83229813664596
2013-05-15,2013,"Q2","2012/13","Q4","May",8.61627906976745,11.1875,8.83510638297872
2013-05-16,2013,"Q2","2012/13","Q4","May",9.63364055299539,11.8076923076923,9.63364055299539
2013-05-17,2013,"Q2","2012/13","Q4","May",8.74579831932773,11.3071428571429,8.92123287671233
2013-05-20,2013,"Q2","2012/13","Q4","May",10.021875,12.0526315789474,10.4116161616162
2013-05-21,2013,"Q2","2012/13","Q4","May",10.6778398510242,12.65,10.9874411302983
2013-05-22,2013,"Q2","2012/13","Q4","May",11.9810462471569,12.1935483870968,12.0214855739718
2013-05-23,2013,"Q2","2012/13","Q4","May",11.1869158878505,12.1394736842105,11.6770161290323
2013-05-24,2013,"Q2","2012/13","Q4","May",10.4735023041475,12.005325443787,10.9750096861682
2013-05-27,2013,"Q2","2012/13","Q4","May",10.09,12.17,10.49
2013-05-28,2013,"Q2","2012/13","Q4","May",10.32,11.77,10.66
2013-05-29,2013,"Q2","2012/13","Q4","May",11.16,12.09,11.82
2013-05-30,2013,"Q2","2012/13","Q4","May",11.08,12.61,11.56
2013-05-31,2013,"Q2","2012/13","Q4","May",10.42,12.21,10.87
2013-06-04,2013,"Q2","2012/13","Q4","June",8.44,11.99,10.08
2013-06-05,2013,"Q2","2012/13","Q4","June",8.89,11.95,10.31
2013-06-06,2013,"Q2","2012/13","Q4","June",7.73,12.03,10.56
2013-06-07,2013,"Q2","2012/13","Q4","June",6.88,10.17,8.42
2013-06-10,2013,"Q2","2012/13","Q4","June",5.53,11.1,7.58
2013-06-11,2013,"Q2","2012/13","Q4","June",6.4,10.81,7.94
2013-06-12,2013,"Q2","2012/13","Q4","June",5.12,10.45,7.27
2013-06-13,2013,"Q2","2012/13","Q4","June",6.15,10.58,8.81
2013-06-14,2013,"Q2","2012/13","Q4","June",6.64,9,6.7
2013-06-17,2013,"Q2","2012/13","Q4","June",6.17,10.99,9.88
2013-06-18,2013,"Q2","2012/13","Q4","June",9.06,10.79,9.45
2013-06-19,2013,"Q2","2012/13","Q4","June",9.62,11,10.08
2013-06-20,2013,"Q2","2012/13","Q4","June",9.96,10.85,10.19
2013-06-21,2013,"Q2","2012/13","Q4","June",8.77,11.41,9.48
2013-06-24,2013,"Q2","2012/13","Q4","June",8.52,11.06,10.01
2013-06-25,2013,"Q2","2012/13","Q4","June",8.47,11.05,9
2013-06-26,2013,"Q2","2012/13","Q4","June",6.34,10.94,9.35
2013-06-27,2013,"Q2","2012/13","Q4","June",5.25,10.8,6
2013-06-28,2013,"Q2","2012/13","Q4","June",6.71,10.7,7.54
2013-07-01,2013,"Q3","2013/14","Q1","July",9.99,11.1,10.72
2013-07-02,2013,"Q3","2013/14","Q1","July",9.69,11,10.09
2013-07-03,2013,"Q3","2013/14","Q1","July",8.19,9.94,8.44
2013-07-04,2013,"Q3","2013/14","Q1","July",7.99,11,8.23
2013-07-05,2013,"Q3","2013/14","Q1","July",7.53,10.61,8.06
2013-07-08,2013,"Q3","2013/14","Q1","July",8.15,11.08,10.3
2013-07-09,2013,"Q3","2013/14","Q1","July",6.92,10.88,7.71
2013-07-10,2013,"Q3","2013/14","Q1","July",7.15,10.69,8.01
2013-07-11,2013,"Q3","2013/14","Q1","July",7.59,10.82,8.26
2013-07-12,2013,"Q3","2013/14","Q1","July",8.74,11.15,9.86
2013-07-15,2013,"Q3","2013/14","Q1","July",8.62,11.04,10.5
2013-07-16,2013,"Q3","2013/14","Q1","July",9.58,11.2,10.3
2013-07-17,2013,"Q3","2013/14","Q1","July",10.66,11.51,10.92
2013-07-18,2013,"Q3","2013/14","Q1","July",10.15,11.27,10.6
2013-07-19,2013,"Q3","2013/14","Q1","July",9.3,11.09,10.21
2013-07-22,2013,"Q3","2013/14","Q1","July",9.02,11.1,10.27
2013-07-23,2013,"Q3","2013/14","Q1","July",8.98,11,9.87
2013-07-24,2013,"Q3","2013/14","Q1","July",8.64,10.93,9.74
2013-07-25,2013,"Q3","2013/14","Q1","July",7.74,10.4,8.95
2013-07-26,2013,"Q3","2013/14","Q1","July",7.08,11.25,7.39
2013-07-29,2013,"Q3","2013/14","Q1","July",7.4,11.15,10.06
2013-07-30,2013,"Q3","2013/14","Q1","July",6.67,10.81,8.32
2013-07-31,2013,"Q3","2013/14","Q1","July",7.08,11.84,7.83
2013-08-01,2013,"Q3","2013/14","Q1","August",5.92,11.04,7.36
2013-08-02,2013,"Q3","2013/14","Q1","August",5.15,11.17,5.36
2013-08-05,2013,"Q3","2013/14","Q1","August",7.05,11.07,9.41
2013-08-06,2013,"Q3","2013/14","Q1","August",7.31,11,7.83
2013-08-07,2013,"Q3","2013/14","Q1","August",6.9,11,8.13
2013-08-09,2013,"Q3","2013/14","Q1","August",7.53,10.58,7.75
2013-08-12,2013,"Q3","2013/14","Q1","August",7.04,10.97,8.76
2013-08-13,2013,"Q3","2013/14","Q1","August",6.18,10.72,6.68
2013-08-14,2013,"Q3","2013/14","Q1","August",5.32,10.38,6.03
2013-08-15,2013,"Q3","2013/14","Q1","August",5.47,10.67,5.83
2013-08-16,2013,"Q3","2013/14","Q1","August",6.08,10.95,6.08
2013-08-19,2013,"Q3","2013/14","Q1","August",7.94279661016949,10.9224137931035,8.80119854090673
2013-08-20,2013,"Q3","2013/14","Q1","August",8.39333333333333,10.0833333333333,8.45833333333333
2013-08-21,2013,"Q3","2013/14","Q1","August",8.8041958041958,11.1666666666667,9.05454545454545
2013-08-22,2013,"Q3","2013/14","Q1","August",10.14,11.59,10.35
2013-08-23,2013,"Q3","2013/14","Q1","August",9.79,11.13,10.1
2013-08-26,2013,"Q3","2013/14","Q1","August",6.66,11.01,8.54
2013-08-27,2013,"Q3","2013/14","Q1","August",7.18,11,7.24
2013-08-28,2013,"Q3","2013/14","Q1","August",7.86065573770492,11.05,8.05923076923077
2013-08-29,2013,"Q3","2013/14","Q1","August",6.77,11,7.07
2013-08-30,2013,"Q3","2013/14","Q1","August",5.04,10.88,5.77
2013-09-02,2013,"Q3","2013/14","Q1","September",6.22,10.98,8.83
2013-09-03,2013,"Q3","2013/14","Q1","September",7.56,10.75,8.21
2013-09-04,2013,"Q3","2013/14","Q1","September",7.21,12.11,8.9
2013-09-05,2013,"Q3","2013/14","Q1","September",7.23,11.7,7.77
2013-09-06,2013,"Q3","2013/14","Q1","September",4.07,11.25,4.26
2013-09-09,2013,"Q3","2013/14","Q1","September",7.13,11.83,9.26
2013-09-10,2013,"Q3","2013/14","Q1","September",7.52,11,7.97
2013-09-11,2013,"Q3","2013/14","Q1","September",5.8,11.88,8.57
2013-09-12,2013,"Q3","2013/14","Q1","September",5.84,9.69,6.26
2013-09-13,2013,"Q3","2013/14","Q1","September",9.882,12,9.964
2013-09-16,2013,"Q3","2013/14","Q1","September",11.55,12.09,11.68
2013-09-17,2013,"Q3","2013/14","Q1","September",11.81,12.47,11.96
2013-09-18,2013,"Q3","2013/14","Q1","September",10.88,11.92,11.03
2013-09-19,2013,"Q3","2013/14","Q1","September",10.33,12.08,11.16
2013-09-20,2013,"Q3","2013/14","Q1","September",7.02,11,7.23
2013-09-23,2013,"Q3","2013/14","Q1","September",9.103,11.926,10.344
2013-09-24,2013,"Q3","2013/14","Q1","September",8.468,11.824,9.60429447852761
2013-09-25,2013,"Q3","2013/14","Q1","September",6.744,11.921,8.589
2013-09-26,2013,"Q3","2013/14","Q1","September",8.38,11.914,9.198
2013-09-27,2013,"Q3","2013/14","Q1","September",5.742,11.5,5.896
2013-09-30,2013,"Q3","2013/14","Q1","September",5.27,10,5.54
2013-10-01,2013,"Q4","2013/14","Q2","October",5.98,11.918,8.76
2013-10-02,2013,"Q4","2013/14","Q2","October",5.688,11.909,7.279
2013-10-03,2013,"Q4","2013/14","Q2","October",6.238,11.808,7.366
2013-10-04,2013,"Q4","2013/14","Q2","October",5.566,12,5.888
2013-10-07,2013,"Q4","2013/14","Q2","October",8.46,11.96,8.8
2013-10-08,2013,"Q4","2013/14","Q2","October",8.45,12.12,9.72
2013-10-10,2013,"Q4","2013/14","Q2","October",9.406,12.5,9.514
2013-10-11,2013,"Q4","2013/14","Q2","October",10.913,12.5,10.966
2013-10-14,2013,"Q4","2013/14","Q2","October",9.91,12.5,10.03
2013-10-16,2013,"Q4","2013/14","Q2","October",10.26,12.13,11.1
2013-10-17,2013,"Q4","2013/14","Q2","October",10.87,11.91,11.36
2013-10-18,2013,"Q4","2013/14","Q2","October",5.942,9.511,6.701
2013-10-21,2013,"Q4","2013/14","Q2","October",10.24,9,10.02
2013-10-22,2013,"Q4","2013/14","Q2","October",12.1,11.95,12.06
2013-10-23,2013,"Q4","2013/14","Q2","October",11.01,12.64,11.81
2013-10-24,2013,"Q4","2013/14","Q2","October",9.62,11.72,8.42
2013-10-25,2013,"Q4","2013/14","Q2","October",8.2,12,8.3
2013-10-28,2013,"Q4","2013/14","Q2","October",7.72,11.8,7.96
2013-10-29,2013,"Q4","2013/14","Q2","October",6.43,11.83,6.86
2013-10-30,2013,"Q4","2013/14","Q2","October",7.53,12,7.6
2013-10-31,2013,"Q4","2013/14","Q2","October",6.69,11.72,7.27
2013-11-01,2013,"Q4","2013/14","Q2","November",8.13,11.5,8.31
2013-11-04,2013,"Q4","2013/14","Q2","November",10,12.33,10.36
2013-11-05,2013,"Q4","2013/14","Q2","November",9.2,11.98,9.91
2013-11-06,2013,"Q4","2013/14","Q2","November",8.94,13,8.99
2013-11-07,2013,"Q4","2013/14","Q2","November",8.12,11.96,8.62
2013-11-08,2013,"Q4","2013/14","Q2","November",9.38,12,9.82
2013-11-11,2013,"Q4","2013/14","Q2","November",9.15,12.1,9.35
2013-11-12,2013,"Q4","2013/14","Q2","November",7.7,12.1,7.72
2013-11-13,2013,"Q4","2013/14","Q2","November",7.6,12.06,7.89
2013-11-14,2013,"Q4","2013/14","Q2","November",7.39,11.57,7.96
2013-11-15,2013,"Q4","2013/14","Q2","November",5.24,11.78,6.94
2013-11-18,2013,"Q4","2013/14","Q2","November",8.96,12.02,10.11
2013-11-19,2013,"Q4","2013/14","Q2","November",8.77,11.21,9.1
2013-11-20,2013,"Q4","2013/14","Q2","November",9.4,12.5,9.11
2013-11-21,2013,"Q4","2013/14","Q2","November",8.06,12.38,8.28
2013-11-22,2013,"Q4","2013/14","Q2","November",8.76,12,8.79
2013-11-25,2013,"Q4","2013/14","Q2","November",8.45,12.11,10.06
2013-11-26,2013,"Q4","2013/14","Q2","November",8.12,11.96,8.84
2013-11-27,2013,"Q4","2013/14","Q2","November",9.41,12.5,9.48
2013-11-28,2013,"Q4","2013/14","Q2","November",8.78,12,9.08
2013-11-29,2013,"Q4","2013/14","Q2","November",9.08,11.95,9.42
2013-12-02,2013,"Q4","2013/14","Q2","December",8.88,11.73,9.11
2013-12-03,2013,"Q4","2013/14","Q2","December",9.6,11.7,10.84
2013-12-04,2013,"Q4","2013/14","Q2","December",10.7,11.38,10.97
2013-12-05,2013,"Q4","2013/14","Q2","December",9.25,11.65,9.7
2013-12-06,2013,"Q4","2013/14","Q2","December",6.46,11.56,7.05
2013-12-09,2013,"Q4","2013/14","Q2","December",6.843,11.438,7.367
2013-12-10,2013,"Q4","2013/14","Q2","December",6.718,11.343,7.971
2013-12-11,2013,"Q4","2013/14","Q2","December",5.961,10.944,6.307
2013-12-12,2013,"Q4","2013/14","Q2","December",4.333,11.25,4.522
2013-12-13,2013,"Q4","2013/14","Q2","December",5.65,,5.65
2013-12-16,2013,"Q4","2013/14","Q2","December",7.21,11.47,8.55
2013-12-17,2013,"Q4","2013/14","Q2","December",10.22,11.52,10.6
2013-12-18,2013,"Q4","2013/14","Q2","December",11.75,12,11.75
2013-12-19,2013,"Q4","2013/14","Q2","December",11.11,11,11.11
2013-12-20,2013,"Q4","2013/14","Q2","December",8.38,10.33,8.46
2013-12-23,2013,"Q4","2013/14","Q2","December",6.91,11.26,7.96
2013-12-24,2013,"Q4","2013/14","Q2","December",4.16,9.67,4.41
2013-12-27,2013,"Q4","2013/14","Q2","December",5.04,9.83,5.25
2013-12-30,2013,"Q4","2013/14","Q2","December",6.51,11.36,8.73
2013-12-31,2013,"Q4","2013/14","Q2","December",6.07,10.07,6.25
2014-01-02,2014,"Q1","2013/14","Q3","January",8.45,10.64,8.59
2014-01-03,2014,"Q1","2013/14","Q3","January",8.27,11.5,8.31
2014-01-06,2014,"Q1","2013/14","Q3","January",7.81,11.03,8.02
2014-01-07,2014,"Q1","2013/14","Q3","January",7.37,10.51,8.08
2014-01-08,2014,"Q1","2013/14","Q3","January",7.06,11.25,8.25
2014-01-09,2014,"Q1","2013/14","Q3","January",5.97,11,6.54
2014-01-10,2014,"Q1","2013/14","Q3","January",6.9,11,6.9
2014-01-13,2014,"Q1","2013/14","Q3","January",6.98,11,7.08
2014-01-14,2014,"Q1","2013/14","Q3","January",7.79,11,7.79
2014-01-15,2014,"Q1","2013/14","Q3","January",9.1,11,9.37
2014-01-16,2014,"Q1","2013/14","Q3","January",9.25,11.05,9.63
2014-01-17,2014,"Q1","2013/14","Q3","January",9.07,10.71,9.22
2014-01-20,2014,"Q1","2013/14","Q3","January",7.96,11.39,9.04
2014-01-21,2014,"Q1","2013/14","Q3","January",7.89,11.39,7.89
2014-01-22,2014,"Q1","2013/14","Q3","January",10.19,11.39,10.19
2014-01-23,2014,"Q1","2013/14","Q3","January",10.59,11.55,10.81
2014-01-24,2014,"Q1","2013/14","Q3","January",10.46,11.8,10.49
2014-01-27,2014,"Q1","2013/14","Q3","January",8.24,11.3,8.61
2014-01-28,2014,"Q1","2013/14","Q3","January",8.3,11.39,8.78
2014-01-29,2014,"Q1","2013/14","Q3","January",9.27,11.5,9.51
2014-01-30,2014,"Q1","2013/14","Q3","January",10.41,11.17,10.42
2014-01-31,2014,"Q1","2013/14","Q3","January",10.21,11.5,10.57
2014-02-03,2014,"Q1","2013/14","Q3","February",9.77,11.5,9.77
2014-02-04,2014,"Q1","2013/14","Q3","February",10.22,11.5,10.27
2014-02-05,2014,"Q1","2013/14","Q3","February",10,11.78,10.2
2014-02-06,2014,"Q1","2013/14","Q3","February",9.5,11.53,9.87
2014-02-07,2014,"Q1","2013/14","Q3","February",6.44,11,6.96
2014-02-10,2014,"Q1","2013/14","Q3","February",9,11,9
2014-02-11,2014,"Q1","2013/14","Q3","February",8.6,11,8.6
2014-02-12,2014,"Q1","2013/14","Q3","February",9.83,11.4,10.25
2014-02-13,2014,"Q1","2013/14","Q3","February",10.25,11.5,10.5
2014-02-14,2014,"Q1","2013/14","Q3","February",10.41,11.5,10.45
2014-02-17,2014,"Q1","2013/14","Q3","February",9.19,11.5,9.55
2014-02-18,2014,"Q1","2013/14","Q3","February",8.93,10.5,9.11
2014-02-19,2014,"Q1","2013/14","Q3","February",10.36,10.67,10.38
2014-02-20,2014,"Q1","2013/14","Q3","February",9.2,11.38,9.45
2014-02-21,2014,"Q1","2013/14","Q3","February",8.09,11.38,8.09
2014-02-24,2014,"Q1","2013/14","Q3","February",9.55,11.38,9.55
2014-02-25,2014,"Q1","2013/14","Q3","February",8.74,11.5,8.82
2014-02-26,2014,"Q1","2013/14","Q3","February",8.06,10.44,8.29
2014-02-27,2014,"Q1","2013/14","Q3","February",10.5,11.35,10.54
2014-02-28,2014,"Q1","2013/14","Q3","February",10.12,11.5,10.15
2014-03-03,2014,"Q1","2013/14","Q3","March",8.87,11.5,9.14
2014-03-04,2014,"Q1","2013/14","Q3","March",9.32,11.5,9.32
2014-03-05,2014,"Q1","2013/14","Q3","March",7.75,11.3,8.1
2014-03-06,2014,"Q1","2013/14","Q3","March",8.94,11.3,8.94
2014-03-07,2014,"Q1","2013/14","Q3","March",9.63,11.3,9.63
2014-03-10,2014,"Q1","2013/14","Q3","March",8.09,11.3,8.09
2014-03-11,2014,"Q1","2013/14","Q3","March",8.48,10.5,8.5
2014-03-12,2014,"Q1","2013/14","Q3","March",9.32,10.5,9.32
2014-03-13,2014,"Q1","2013/14","Q3","March",8.96,11.27,9.08
2014-03-14,2014,"Q1","2013/14","Q3","March",9.27,11.4,9.75
2014-03-17,2014,"Q1","2013/14","Q3","March",9.28,11.4,9.42
2014-03-18,2014,"Q1","2013/14","Q3","March",10.41,11.5,10.43
2014-03-19,2014,"Q1","2013/14","Q3","March",11.41,11.36,11.4
2014-03-20,2014,"Q1","2013/14","Q3","March",11.56,11.5,11.56
2014-03-21,2014,"Q1","2013/14","Q3","March",10.05,11.3,10.33
2014-03-24,2014,"Q1","2013/14","Q3","March",10.58,11.3,10.9
2014-03-25,2014,"Q1","2013/14","Q3","March",8.98,11.29,9.47
2014-03-26,2014,"Q1","2013/14","Q3","March",9.44,11.31,9.53
2014-03-27,2014,"Q1","2013/14","Q3","March",10.01,11.35,9.75
2014-03-28,2014,"Q1","2013/14","Q3","March",9.72,11.5,9.96
2014-03-31,2014,"Q1","2013/14","Q3","March",9.69,11.5,9.69
2014-04-01,2014,"Q2","2013/14","Q4","April",9.01,11.5,9.22
2014-04-02,2014,"Q2","2013/14","Q4","April",8.72,11.5,8.8
2014-04-03,2014,"Q2","2013/14","Q4","April",8.6,11.5,8.66
2014-04-04,2014,"Q2","2013/14","Q4","April",8.37,11.5,8.37
2014-04-07,2014,"Q2","2013/14","Q4","April",8.9,11.25,9.74
2014-04-08,2014,"Q2","2013/14","Q4","April",8.26,11.25,8.26
2014-04-09,2014,"Q2","2013/14","Q4","April",7.48,11.25,7.48
2014-04-10,2014,"Q2","2013/14","Q4","April",7.95,10.9,8.09
2014-04-11,2014,"Q2","2013/14","Q4","April",8.22,10.9,8.28
2014-04-14,2014,"Q2","2013/14","Q4","April",9.79,10.9,9.9
2014-04-15,2014,"Q2","2013/14","Q4","April",10.11,10.9,10.11
2014-04-16,2014,"Q2","2013/14","Q4","April",10.9,11.2,10.92
2014-04-17,2014,"Q2","2013/14","Q4","April",10.91,11.5,10.94
2014-04-22,2014,"Q2","2013/14","Q4","April",10.25,11.5,10.58
2014-04-23,2014,"Q2","2013/14","Q4","April",10.22,11.21,10.38
2014-04-24,2014,"Q2","2013/14","Q4","April",8.54,11.53,8.89
2014-04-25,2014,"Q2","2013/14","Q4","April",8.85,11.53,8.85
2014-04-28,2014,"Q2","2013/14","Q4","April",9.39,11.5,9.57
2014-04-29,2014,"Q2","2013/14","Q4","April",10.09,11,10.15
2014-04-30,2014,"Q2","2013/14","Q4","April",10.66,12,10.69
2014-05-02,2014,"Q2","2013/14","Q4","May",10.47,11.5,10.5
2014-05-05,2014,"Q2","2013/14","Q4","May",8.56,11.36,9.21
2014-05-06,2014,"Q2","2013/14","Q4","May",10.07,11.36,10.19
2014-05-07,2014,"Q2","2013/14","Q4","May",9.7,11.36,9.7
2014-05-08,2014,"Q2","2013/14","Q4","May",9.91,11.25,10.06
2014-05-09,2014,"Q2","2013/14","Q4","May",10.37,11.25,10.37
2014-05-12,2014,"Q2","2013/14","Q4","May",7.81,11.25,8.12
2014-05-13,2014,"Q2","2013/14","Q4","May",9.62,11.22,9.91
2014-05-14,2014,"Q2","2013/14","Q4","May",8.33,,8.33
2014-05-15,2014,"Q2","2013/14","Q4","May",8.41,11.25,8.59
2014-05-16,2014,"Q2","2013/14","Q4","May",8.2,,8.2
2014-05-19,2014,"Q2","2013/14","Q4","May",9.41,10.35,9.44
2014-05-20,2014,"Q2","2013/14","Q4","May",10.1,11.25,10.18
2014-05-21,2014,"Q2","2013/14","Q4","May",9.63,,9.63
2014-05-22,2014,"Q2","2013/14","Q4","May",8.52,11.25,8.66
2014-05-23,2014,"Q2","2013/14","Q4","May",6.78,10.5,7.19
2014-05-26,2014,"Q2","2013/14","Q4","May",8.05,,8.05
2014-05-27,2014,"Q2","2013/14","Q4","May",9.43,,9.43
2014-05-28,2014,"Q2","2013/14","Q4","May",8.49,,8.49
2014-05-29,2014,"Q2","2013/14","Q4","May",8.82,11.19,8.97
2014-05-30,2014,"Q2","2013/14","Q4","May",6.32,11,6.51
2014-06-02,2014,"Q2","2013/14","Q4","June",7.96,,7.96
2014-06-04,2014,"Q2","2013/14","Q4","June",7.95,11.01,8.55
2014-06-05,2014,"Q2","2013/14","Q4","June",8.51,10.5,8.76
2014-06-06,2014,"Q2","2013/14","Q4","June",6.82,,7.29
2014-06-10,2014,"Q2","2013/14","Q4","June",6.16,10.44,6.56
2014-06-11,2014,"Q2","2013/14","Q4","June",6.39,10.69,7.27
2014-06-12,2014,"Q2","2013/14","Q4","June",5.7,,5.7
2014-06-13,2014,"Q2","2013/14","Q4","June",5.64,,5.69
2014-06-16,2014,"Q2","2013/14","Q4","June",5.98,10.88,6.17
2014-06-17,2014,"Q2","2013/14","Q4","June",6.53,10.75,6.42
2014-06-18,2014,"Q2","2013/14","Q4","June",7.31,10.75,7.52
2014-06-19,2014,"Q2","2013/14","Q4","June",7.3,10.73,8.31
2014-06-20,2014,"Q2","2013/14","Q4","June",7.87,,7.87
2014-06-23,2014,"Q2","2013/14","Q4","June",9.05,11.33,9.44
2014-06-24,2014,"Q2","2013/14","Q4","June",8.23,11.1,8.61
2014-06-25,2014,"Q2","2013/14","Q4","June",9.05,11,9.42
2014-06-26,2014,"Q2","2013/14","Q4","June",7.62,10.85,8
2014-06-27,2014,"Q2","2013/14","Q4","June",7.58,,7.58
2014-06-30,2014,"Q2","2013/14","Q4","June",8.19,11,8.4
2014-07-01,2014,"Q3","2014/15","Q1","July",8.16,11,8.25
2014-07-02,2014,"Q3","2014/15","Q1","July",8.27,10.5,8.44
2014-07-03,2014,"Q3","2014/15","Q1","July",8.6,10.86,8.85
2014-07-04,2014,"Q3","2014/15","Q1","July",9.41,,9.41
2014-07-07,2014,"Q3","2014/15","Q1","July",9.9,10.85,9.98
2014-07-08,2014,"Q3","2014/15","Q1","July",10.02,10.75,10.08
2014-07-09,2014,"Q3","2014/15","Q1","July",10.29,11,10.41
2014-07-10,2014,"Q3","2014/15","Q1","July",10.1,,10.21
2014-07-11,2014,"Q3","2014/15","Q1","July",12.02,,12.02
2014-07-14,2014,"Q3","2014/15","Q1","July",9.82,11,9.98
2014-07-15,2014,"Q3","2014/15","Q1","July",9.21,11,9.34
2014-07-16,2014,"Q3","2014/15","Q1","July",10.09,10.99,10.37
2014-07-17,2014,"Q3","2014/15","Q1","July",10.81,11.18,10.97
2014-07-18,2014,"Q3","2014/15","Q1","July",9.97,11.26,10.11
2014-07-21,2014,"Q3","2014/15","Q1","July",9.35,11.13,9.85
2014-07-22,2014,"Q3","2014/15","Q1","July",9.12,10.91,9.57
2014-07-23,2014,"Q3","2014/15","Q1","July",7.8,10.94,8.09
2014-07-24,2014,"Q3","2014/15","Q1","July",8.57,11.22,8.88
2014-07-25,2014,"Q3","2014/15","Q1","July",9.97,,9.97
2014-07-29,2014,"Q3","2014/15","Q1","July",9.37,11,10.19
2014-07-30,2014,"Q3","2014/15","Q1","July",9.24,10.91,9.99
2014-07-31,2014,"Q3","2014/15","Q1","July",10,10.78,10.2
2014-08-01,2014,"Q3","2014/15","Q1","August",10.29,10.75,10.34
2014-08-04,2014,"Q3","2014/15","Q1","August",10.77,,10.77
2014-08-05,2014,"Q3","2014/15","Q1","August",8.06,10.83,9.34
2014-08-06,2014,"Q3","2014/15","Q1","August",10.06,11.04,10.45
2014-08-07,2014,"Q3","2014/15","Q1","August",10.58,11.22,10.76
2014-08-08,2014,"Q3","2014/15","Q1","August",10.27,10.85,10.31
2014-08-11,2014,"Q3","2014/15","Q1","August",9.97,11.03,10.09
2014-08-12,2014,"Q3","2014/15","Q1","August",10.24,10.86,10.55
2014-08-13,2014,"Q3","2014/15","Q1","August",10.14,11,10.61
2014-08-14,2014,"Q3","2014/15","Q1","August",10.18,11,10.23
2014-08-15,2014,"Q3","2014/15","Q1","August",9.13,11,9.26
2014-08-18,2014,"Q3","2014/15","Q1","August",9.81,11,9.99
2014-08-19,2014,"Q3","2014/15","Q1","August",10.62,11.15,10.67
2014-08-20,2014,"Q3","2014/15","Q1","August",11.12,11.06,11.1
2014-08-21,2014,"Q3","2014/15","Q1","August",10.67,11.43,10.87
2014-08-22,2014,"Q3","2014/15","Q1","August",7.46,11,8.08
2014-08-25,2014,"Q3","2014/15","Q1","August",9.22,10.98,10
2014-08-26,2014,"Q3","2014/15","Q1","August",7.6,11.01,8.69
2014-08-27,2014,"Q3","2014/15","Q1","August",8.03,11,8.57
2014-08-28,2014,"Q3","2014/15","Q1","August",7.58,10.97,8.45
2014-08-29,2014,"Q3","2014/15","Q1","August",7.84,,7.84
2014-09-02,2014,"Q3","2014/15","Q1","September",7.84,10.98,8.51
2014-09-03,2014,"Q3","2014/15","Q1","September",8.48,11,9.09
2014-09-04,2014,"Q3","2014/15","Q1","September",8.59,12.42,8.96
2014-09-05,2014,"Q3","2014/15","Q1","September",6.4,11,6.5
2014-09-08,2014,"Q3","2014/15","Q1","September",9.15,11,9.6
2014-09-09,2014,"Q3","2014/15","Q1","September",8.56,11,8.95
2014-09-10,2014,"Q3","2014/15","Q1","September",8.43,11,8.84
2014-09-11,2014,"Q3","2014/15","Q1","September",7.55,10.93,7.89
2014-09-12,2014,"Q3","2014/15","Q1","September",7.93,10.93,7.93
2014-09-15,2014,"Q3","2014/15","Q1","September",9.15,11,9.25
2014-09-16,2014,"Q3","2014/15","Q1","September",8.56,10.94,8.68
2014-09-17,2014,"Q3","2014/15","Q1","September",8.96,11.09,10.13
2014-09-18,2014,"Q3","2014/15","Q1","September",9.97,11.14,10.17
2014-09-19,2014,"Q3","2014/15","Q1","September",7.95,10.94,8.33
2014-09-22,2014,"Q3","2014/15","Q1","September",9.22,11,10.81
2014-09-23,2014,"Q3","2014/15","Q1","September",10.09,11.05,10.66
2014-09-24,2014,"Q3","2014/15","Q1","September",9.41,10.98,10.18
2014-09-25,2014,"Q3","2014/15","Q1","September",7.5,10.95,8.55
2014-09-26,2014,"Q3","2014/15","Q1","September",8.32,10.42,9.05
2014-09-29,2014,"Q3","2014/15","Q1","September",7.67,10.42,7.67
2014-09-30,2014,"Q3","2014/15","Q1","September",9,10.92,9.53
2014-10-01,2014,"Q4","2014/15","Q2","October",8.81,10.95,9.81
2014-10-02,2014,"Q4","2014/15","Q2","October",7.14,11,7.64
2014-10-03,2014,"Q4","2014/15","Q2","October",6.9,10.25,7.09
2014-10-06,2014,"Q4","2014/15","Q2","October",8.93,10.99,10.24
2014-10-07,2014,"Q4","2014/15","Q2","October",9.7,10.82,10.18
2014-10-08,2014,"Q4","2014/15","Q2","October",8.85,10.9,9.01
2014-10-10,2014,"Q4","2014/15","Q2","October",8.54,11.04,9.22
2014-10-13,2014,"Q4","2014/15","Q2","October",9.48,10.98,10.13
2014-10-14,2014,"Q4","2014/15","Q2","October",9.63,11.19,10.25
2014-10-15,2014,"Q4","2014/15","Q2","October",8.58,11,9.43
2014-10-16,2014,"Q4","2014/15","Q2","October",8.5,10.98,9.2
2014-10-17,2014,"Q4","2014/15","Q2","October",9.96,10.98,9.96
2014-10-20,2014,"Q4","2014/15","Q2","October",10.88,10.93,10.9
2014-10-21,2014,"Q4","2014/15","Q2","October",10.93,11,10.94
2014-10-22,2014,"Q4","2014/15","Q2","October",11.42,11.08,11.29
2014-10-23,2014,"Q4","2014/15","Q2","October",11.43,11.61,11.47
2014-10-24,2014,"Q4","2014/15","Q2","October",10.94,11.55,11.1
2014-10-27,2014,"Q4","2014/15","Q2","October",9.05,11.07,9.8
2014-10-28,2014,"Q4","2014/15","Q2","October",9.42,11.31,9.78
2014-10-29,2014,"Q4","2014/15","Q2","October",8.21,11,8.75
2014-10-30,2014,"Q4","2014/15","Q2","October",8.46,11,8.89
2014-10-31,2014,"Q4","2014/15","Q2","October",8.5,11,8.5
2014-11-03,2014,"Q4","2014/15","Q2","November",8.25,11,9.32
2014-11-04,2014,"Q4","2014/15","Q2","November",9,11.12,9.5
2014-11-05,2014,"Q4","2014/15","Q2","November",9.1,11,9.55
2014-11-06,2014,"Q4","2014/15","Q2","November",8.22,11,8.33
2014-11-07,2014,"Q4","2014/15","Q2","November",6.98,11,7.22
2014-11-10,2014,"Q4","2014/15","Q2","November",7.44,11,8.43
2014-11-11,2014,"Q4","2014/15","Q2","November",7.72,11.1,8.22
2014-11-12,2014,"Q4","2014/15","Q2","November",7.91,11.05,8.73
2014-11-13,2014,"Q4","2014/15","Q2","November",5.76,11,6.51
2014-11-14,2014,"Q4","2014/15","Q2","November",6.25,11.29,6.45
2014-11-17,2014,"Q4","2014/15","Q2","November",8.38,11,8.81
2014-11-18,2014,"Q4","2014/15","Q2","November",9.9,11,10.01
2014-11-19,2014,"Q4","2014/15","Q2","November",10.29,11.8,10.35
2014-11-20,2014,"Q4","2014/15","Q2","November",10.07,11.17,10.12
2014-11-21,2014,"Q4","2014/15","Q2","November",9.74,10.85,9.84
2014-11-24,2014,"Q4","2014/15","Q2","November",8.65,11,8.86
2014-11-25,2014,"Q4","2014/15","Q2","November",5.98,10.88,6.31
2014-11-26,2014,"Q4","2014/15","Q2","November",7.33,10.86,8.12
2014-11-27,2014,"Q4","2014/15","Q2","November",9.34,11,9.52
2014-11-28,2014,"Q4","2014/15","Q2","November",7.48,11,7.48
2014-12-01,2014,"Q4","2014/15","Q2","December",8.59,10.17,10.82
2014-12-02,2014,"Q4","2014/15","Q2","December",8.63,11,8.73
2014-12-03,2014,"Q4","2014/15","Q2","December",9.4,11,9.59
2014-12-04,2014,"Q4","2014/15","Q2","December",9.62,11.15,10.04
2014-12-05,2014,"Q4","2014/15","Q2","December",9.32,11.15,9.32
2014-12-08,2014,"Q4","2014/15","Q2","December",8.75,11,9.13
2014-12-09,2014,"Q4","2014/15","Q2","December",9.57,10.81,9.85
2014-12-10,2014,"Q4","2014/15","Q2","December",9.6,10.95,10.14
2014-12-11,2014,"Q4","2014/15","Q2","December",8.23,11,8.28
2014-12-12,2014,"Q4","2014/15","Q2","December",8.53,11,8.53
2014-12-15,2014,"Q4","2014/15","Q2","December",9.6,11.5,10.11
2014-12-16,2014,"Q4","2014/15","Q2","December",10.52,11.07,10.86
2014-12-17,2014,"Q4","2014/15","Q2","December",9.56,11.4,10.6
2014-12-18,2014,"Q4","2014/15","Q2","December",9.73,11.47,10.24
2014-12-19,2014,"Q4","2014/15","Q2","December",8.1,11.47,8.4
2014-12-22,2014,"Q4","2014/15","Q2","December",10.08,11.06,10.23
2014-12-23,2014,"Q4","2014/15","Q2","December",10.76,11.34,10.84
2014-12-24,2014,"Q4","2014/15","Q2","December",10.68,11.34,10.68
2014-12-29,2014,"Q4","2014/15","Q2","December",9.85,11.03,10.73
2014-12-30,2014,"Q4","2014/15","Q2","December",7.69,11.03,7.69
2014-12-31,2014,"Q4","2014/15","Q2","December",4.05,8.71,4.5
2015-01-02,2015,"Q1","2014/15","Q3","January",9.6,10.98,9.86
2015-01-05,2015,"Q1","2014/15","Q3","January",10.59,10.89,10.76
2015-01-06,2015,"Q1","2014/15","Q3","January",10.23,11,10.27
2015-01-07,2015,"Q1","2014/15","Q3","January",11.25,11.54,11.3
2015-01-08,2015,"Q1","2014/15","Q3","January",9.99,12.04,10.46
2015-01-09,2015,"Q1","2014/15","Q3","January",8.44,11,8.5
2015-01-12,2015,"Q1","2014/15","Q3","January",10.61,11.08,10.91
2015-01-13,2015,"Q1","2014/15","Q3","January",11.08,11.48,11.17
2015-01-14,2015,"Q1","2014/15","Q3","January",11.76,12.4,11.98
2015-01-15,2015,"Q1","2014/15","Q3","January",12.19,12.34,12.26
2015-01-16,2015,"Q1","2014/15","Q3","January",12.87,13.95,13.04
2015-01-19,2015,"Q1","2014/15","Q3","January",13.34,13,13.24
2015-01-20,2015,"Q1","2014/15","Q3","January",14.22,14.64,14.4
2015-01-21,2015,"Q1","2014/15","Q3","January",13.44,15.26,14.04
2015-01-22,2015,"Q1","2014/15","Q3","January",10.33,12,10.41
2015-01-23,2015,"Q1","2014/15","Q3","January",4.94,10.61,5.35
2015-01-27,2015,"Q1","2014/15","Q3","January",11.34,13.27,11.88
2015-01-28,2015,"Q1","2014/15","Q3","January",12.46,11.88,12.36
2015-01-29,2015,"Q1","2014/15","Q3","January",9.38,11.5,9.57
2015-01-30,2015,"Q1","2014/15","Q3","January",6.74,11.25,6.97
2015-02-02,2015,"Q1","2014/15","Q3","February",8.85,11,8.9
2015-02-03,2015,"Q1","2014/15","Q3","February",5.56,11,5.99
2015-02-04,2015,"Q1","2014/15","Q3","February",10.2,11.44,10.26
2015-02-05,2015,"Q1","2014/15","Q3","February",10.43,11.85,10.65
2015-02-06,2015,"Q1","2014/15","Q3","February",9.73,12.06,9.85
2015-02-09,2015,"Q1","2014/15","Q3","February",9.6,12.04,9.99
2015-02-10,2015,"Q1","2014/15","Q3","February",9.57,11.2,9.72
2015-02-11,2015,"Q1","2014/15","Q3","February",9.33,11.7,10.17
2015-02-12,2015,"Q1","2014/15","Q3","February",8.69,12.42,9.89
2015-02-13,2015,"Q1","2014/15","Q3","February",5.37,11.61,6.11
2015-02-16,2015,"Q1","2014/15","Q3","February",8.06,12,8.16
2015-02-17,2015,"Q1","2014/15","Q3","February",9.57,11.29,10.12
2015-02-18,2015,"Q1","2014/15","Q3","February",9.68,11.6,10.12
2015-02-19,2015,"Q1","2014/15","Q3","February",9.04,11.5,9.15
2015-02-20,2015,"Q1","2014/15","Q3","February",5.86,10.62,6.09
2015-02-23,2015,"Q1","2014/15","Q3","February",9.96,10.97,10.34
2015-02-24,2015,"Q1","2014/15","Q3","February",10.06,11.67,10.25
2015-02-25,2015,"Q1","2014/15","Q3","February",10.81,12.38,11.45
2015-02-26,2015,"Q1","2014/15","Q3","February",9.44,12.11,9.91
2015-02-27,2015,"Q1","2014/15","Q3","February",8.02,11.51,8.44
2015-03-02,2015,"Q1","2014/15","Q3","March",8.99,11.5,9.86
2015-03-03,2015,"Q1","2014/15","Q3","March",8.99,11.78,9.64
2015-03-04,2015,"Q1","2014/15","Q3","March",8.99,11.88,9.85
2015-03-05,2015,"Q1","2014/15","Q3","March",8.47,11.79,9.04
2015-03-06,2015,"Q1","2014/15","Q3","March",4.64,11.26,5.49
2015-03-09,2015,"Q1","2014/15","Q3","March",10.56,11.47,10.93
2015-03-10,2015,"Q1","2014/15","Q3","March",10.67,11.91,11.15
2015-03-11,2015,"Q1","2014/15","Q3","March",10.43,12.3,11
2015-03-12,2015,"Q1","2014/15","Q3","March",12.67,14.57,13.45
2015-03-13,2015,"Q1","2014/15","Q3","March",15,17.6,15.4
2015-03-16,2015,"Q1","2014/15","Q3","March",18.84,19.24,18.92
2015-03-17,2015,"Q1","2014/15","Q3","March",22.86,22.82,22.86
2015-03-18,2015,"Q1","2014/15","Q3","March",26.15,22.4,24.29
2015-03-19,2015,"Q1","2014/15","Q3","March",22.58,23.11,22.71
2015-03-20,2015,"Q1","2014/15","Q3","March",18.31,18.33,18.32
2015-03-23,2015,"Q1","2014/15","Q3","March",20.05,21.29,20.38
2015-03-24,2015,"Q1","2014/15","Q3","March",13.95,14.36,14.08
2015-03-25,2015,"Q1","2014/15","Q3","March",9.19047619047619,11.625,10.5135869565217
2015-03-26,2015,"Q1","2014/15","Q3","March",9.22186700767264,11,9.28756157635468
2015-03-27,2015,"Q1","2014/15","Q3","March",8.58,11.57,9.39
2015-03-30,2015,"Q1","2014/15","Q3","March",9.47,11.14,9.9
2015-03-31,2015,"Q1","2014/15","Q3","March",9.85,11.54,10.49
2015-04-01,2015,"Q2","2014/15","Q4","April",10.74,11.17,10.84
2015-04-02,2015,"Q2","2014/15","Q4","April",12.16,12.42,12.16
2015-04-07,2015,"Q2","2014/15","Q4","April",10.16,11.45,10.42
2015-04-08,2015,"Q2","2014/15","Q4","April",10.94,12.75,11.2
2015-04-09,2015,"Q2","2014/15","Q4","April",11.98,12.57,12.04
2015-04-10,2015,"Q2","2014/15","Q4","April",10.79,12.5,10.98
2015-04-13,2015,"Q2","2014/15","Q4","April",9.29,12.06,9.72
2015-04-14,2015,"Q2","2014/15","Q4","April",9.17,11.65,9.84
2015-04-15,2015,"Q2","2014/15","Q4","April",10.21,13.09,10.36
2015-04-16,2015,"Q2","2014/15","Q4","April",11.57,13.27,11.78
2015-04-17,2015,"Q2","2014/15","Q4","April",10.39,12,10.4
2015-04-20,2015,"Q2","2014/15","Q4","April",12.52,13.55,12.71
2015-04-21,2015,"Q2","2014/15","Q4","April",11.48,12.67,11.72
2015-04-22,2015,"Q2","2014/15","Q4","April",11.52,12,11.62
2015-04-23,2015,"Q2","2014/15","Q4","April",11.84,13.18,11.99
2015-04-24,2015,"Q2","2014/15","Q4","April",11.64,12,11.65
2015-04-27,2015,"Q2","2014/15","Q4","April",11.99,13,12.07
2015-04-28,2015,"Q2","2014/15","Q4","April",11.56,13,11.52
2015-04-29,2015,"Q2","2014/15","Q4","April",10.34,12.07,10.86
2015-04-30,2015,"Q2","2014/15","Q4","April",8.79,12,9.28
2015-05-04,2015,"Q2","2014/15","Q4","May",9.98,12.27,10.77
2015-05-05,2015,"Q2","2014/15","Q4","May",9.32,12.27,10.5
2015-05-06,2015,"Q2","2014/15","Q4","May",9.2,12,9.61
2015-05-07,2015,"Q2","2014/15","Q4","May",8.4,12,8.96
2015-05-08,2015,"Q2","2014/15","Q4","May",6.14,11,6.2
2015-05-11,2015,"Q2","2014/15","Q4","May",6.22,11,6.72
2015-05-12,2015,"Q2","2014/15","Q4","May",9.41,11.83,10.6
2015-05-13,2015,"Q2","2014/15","Q4","May",9.84,12,10.19
2015-05-14,2015,"Q2","2014/15","Q4","May",9.25,12,9.66
2015-05-15,2015,"Q2","2014/15","Q4","May",7.21,12,7.21
2015-05-18,2015,"Q2","2014/15","Q4","May",10.02,12.32,10.56
2015-05-19,2015,"Q2","2014/15","Q4","May",9.74,12,10.06
2015-05-20,2015,"Q2","2014/15","Q4","May",10.37,12.41,11.02
2015-05-21,2015,"Q2","2014/15","Q4","May",9.77,12,10.28
2015-05-22,2015,"Q2","2014/15","Q4","May",7.21,12,7.8
2015-05-25,2015,"Q2","2014/15","Q4","May",9.02,12.12,9.58
2015-05-26,2015,"Q2","2014/15","Q4","May",9.92,12.24,10.23
2015-05-27,2015,"Q2","2014/15","Q4","May",12.47,12.42,12.46
2015-05-28,2015,"Q2","2014/15","Q4","May",10.35,13.04,10.8
2015-05-29,2015,"Q2","2014/15","Q4","May",5.34,11.92,6.95
2015-06-01,2015,"Q2","2014/15","Q4","June",8.67,12.21,10.46
2015-06-02,2015,"Q2","2014/15","Q4","June",10.11,12,10.19
2015-06-04,2015,"Q2","2014/15","Q4","June",11.25,12.11,11.72
2015-06-05,2015,"Q2","2014/15","Q4","June",8.736,12.323,9.445
2015-06-08,2015,"Q2","2014/15","Q4","June",10.338,12.664,11.116
2015-06-10,2015,"Q2","2014/15","Q4","June",10.89,12.72,11.59
2015-06-11,2015,"Q2","2014/15","Q4","June",10.87,12.19,11.38
2015-06-12,2015,"Q2","2014/15","Q4","June",6.88,12.25,6.99
2015-06-15,2015,"Q2","2014/15","Q4","June",10,12.63,11.43
2015-06-16,2015,"Q2","2014/15","Q4","June",11.11,13.56,11.96
2015-06-17,2015,"Q2","2014/15","Q4","June",12.84,13.64,13.2
2015-06-18,2015,"Q2","2014/15","Q4","June",13.34,14.43,13.87
2015-06-19,2015,"Q2","2014/15","Q4","June",14.03,14,14.03
2015-06-22,2015,"Q2","2014/15","Q4","June",13.88,15.78,14.25
2015-06-23,2015,"Q2","2014/15","Q4","June",14.1,15,14.19
2015-06-24,2015,"Q2","2014/15","Q4","June",14.46,15.2,14.63
2015-06-25,2015,"Q2","2014/15","Q4","June",12.51,14.1,13.08
2015-06-26,2015,"Q2","2014/15","Q4","June",4.42,13.45,7.12
2015-06-29,2015,"Q2","2014/15","Q4","June",12.89,13.77,13.42
2015-06-30,2015,"Q2","2014/15","Q4","June",14.01,14.9,14.24
2015-07-01,2015,"Q3","2015/16","Q1","July",14.36,15.33,14.93
2015-07-02,2015,"Q3","2015/16","Q1","July",12.08,13.69,12.64
2015-07-03,2015,"Q3","2015/16","Q1","July",11.98,14.5,12.57
2015-07-06,2015,"Q3","2015/16","Q1","July",13.8,15.34,14.72
2015-07-07,2015,"Q3","2015/16","Q1","July",14.74,16.22,15.47
2015-07-08,2015,"Q3","2015/16","Q1","July",16.31,16.21,16.29
2015-07-09,2015,"Q3","2015/16","Q1","July",18.58,19,18.65
2015-07-10,2015,"Q3","2015/16","Q1","July",21.21,18,21.18
2015-07-13,2015,"Q3","2015/16","Q1","July",20.78,20.2,20.74
2015-07-14,2015,"Q3","2015/16","Q1","July",22.77,21.52,22.37
2015-07-15,2015,"Q3","2015/16","Q1","July",18.59,18.28,18.52
2015-07-16,2015,"Q3","2015/16","Q1","July",19.12,21.36,19.2
2015-07-20,2015,"Q3","2015/16","Q1","July",19.34,19.81,19.38
2015-07-21,2015,"Q3","2015/16","Q1","July",16.43,19.35,16.75
2015-07-22,2015,"Q3","2015/16","Q1","July",15.71,17.09,16.03
2015-07-23,2015,"Q3","2015/16","Q1","July",15.25,16,15.32
2015-07-24,2015,"Q3","2015/16","Q1","July",11.06,17.5,12.61
2015-07-27,2015,"Q3","2015/16","Q1","July",16.37,17.47,16.78
2015-07-28,2015,"Q3","2015/16","Q1","July",16.48,17.71,16.87
2015-07-29,2015,"Q3","2015/16","Q1","July",17.06,17.54,17.1
2015-07-30,2015,"Q3","2015/16","Q1","July",16.47,15.19,15.89
2015-07-31,2015,"Q3","2015/16","Q1","July",8.71,15.19,8.71
2015-08-03,2015,"Q3","2015/16","Q1","August",7.18,14.74,8.85
2015-08-04,2015,"Q3","2015/16","Q1","August",4.8,14.5,9
2015-08-05,2015,"Q3","2015/16","Q1","August",2.65,14.3,5.66
2015-08-06,2015,"Q3","2015/16","Q1","August",6.45,14.55,8.7
2015-08-07,2015,"Q3","2015/16","Q1","August",6.69,15.13,7.39
2015-08-10,2015,"Q3","2015/16","Q1","August",15.22,16.36,15.68
2015-08-11,2015,"Q3","2015/16","Q1","August",19.47,20.47,19.93
2015-08-12,2015,"Q3","2015/16","Q1","August",20.56,22.23,21.48
2015-08-13,2015,"Q3","2015/16","Q1","August",18.57,20.97,20.12
2015-08-14,2015,"Q3","2015/16","Q1","August",10.02,20.97,10.02
2015-08-17,2015,"Q3","2015/16","Q1","August",10.09,16,10.4
2015-08-18,2015,"Q3","2015/16","Q1","August",6.88,17,8.49
2015-08-19,2015,"Q3","2015/16","Q1","August",5.56,15.18,11.65
2015-08-20,2015,"Q3","2015/16","Q1","August",7.72,16.16,12.09
2015-08-21,2015,"Q3","2015/16","Q1","August",4.43,13.27,6.71
2015-08-24,2015,"Q3","2015/16","Q1","August",13.39,16.93,14.72
2015-08-25,2015,"Q3","2015/16","Q1","August",14.71,17.86,15.68
2015-08-26,2015,"Q3","2015/16","Q1","August",16.32,19.86,17.23
2015-08-27,2015,"Q3","2015/16","Q1","August",18.36,19.41,18.76
2015-08-28,2015,"Q3","2015/16","Q1","August",19.06,18.22,18.9
2015-08-31,2015,"Q3","2015/16","Q1","August",16.93,17.83,17.06
2015-09-01,2015,"Q3","2015/16","Q1","September",17.63,18.51,17.91
2015-09-02,2015,"Q3","2015/16","Q1","September",19.53,20.17,19.42
2015-09-03,2015,"Q3","2015/16","Q1","September",19.43,19.71,19.54
2015-09-04,2015,"Q3","2015/16","Q1","September",15.04,19.44,15.78
2015-09-07,2015,"Q3","2015/16","Q1","September",17.95,20.16,18.99
2015-09-08,2015,"Q3","2015/16","Q1","September",16.62,19.03,17.45
2015-09-09,2015,"Q3","2015/16","Q1","September",17.52,19.2,18.2
2015-09-10,2015,"Q3","2015/16","Q1","September",13.28,18.92,15.38
2015-09-11,2015,"Q3","2015/16","Q1","September",8.61,16.6,9.59
2015-09-14,2015,"Q3","2015/16","Q1","September",11.27,15.96,13.06
2015-09-15,2015,"Q3","2015/16","Q1","September",8.55,16,11.76
2015-09-16,2015,"Q3","2015/16","Q1","September",8.02,16.21,10.84
2015-09-17,2015,"Q3","2015/16","Q1","September",9.43,16,9.73
2015-09-18,2015,"Q3","2015/16","Q1","September",6.27,16,6.27
2015-09-21,2015,"Q3","2015/16","Q1","September",14.81,17.27,15.71
2015-09-22,2015,"Q3","2015/16","Q1","September",15,18.01,15.8
2015-09-23,2015,"Q3","2015/16","Q1","September",10.09,16,10.49
2015-09-25,2015,"Q3","2015/16","Q1","September",5.75,16,5.75
2015-09-28,2015,"Q3","2015/16","Q1","September",6.26,16.19,9.23
2015-09-29,2015,"Q3","2015/16","Q1","September",11.25,16.71,11.8
2015-09-30,2015,"Q3","2015/16","Q1","September",8.6,16.71,8.6
2015-10-01,2015,"Q4","2015/16","Q2","October",6.89,16,7.56
2015-10-02,2015,"Q4","2015/16","Q2","October",3.7,16,3.83
2015-10-05,2015,"Q4","2015/16","Q2","October",11.19,16.74,13.73
2015-10-06,2015,"Q4","2015/16","Q2","October",12.88,17.06,13.56
2015-10-07,2015,"Q4","2015/16","Q2","October",13.39,17.5,13.48
2015-10-08,2015,"Q4","2015/16","Q2","October",13.32,16.91,13.73
2015-10-12,2015,"Q4","2015/16","Q2","October",12.75,16.91,14.79
2015-10-13,2015,"Q4","2015/16","Q2","October",13.3,17.81,14.82
2015-10-14,2015,"Q4","2015/16","Q2","October",14.53,18.94,16.21
2015-10-15,2015,"Q4","2015/16","Q2","October",12.95,16.54,13.65
2015-10-16,2015,"Q4","2015/16","Q2","October",12.06,17.25,12.33
2015-10-19,2015,"Q4","2015/16","Q2","October",15.36,17.64,16.5
2015-10-20,2015,"Q4","2015/16","Q2","October",15.78,17.68,16.48
2015-10-21,2015,"Q4","2015/16","Q2","October",16.21,18.25,16.76
2015-10-22,2015,"Q4","2015/16","Q2","October",15.22,17,15.27
2015-10-23,2015,"Q4","2015/16","Q2","October",7.63,17,7.85
2015-10-26,2015,"Q4","2015/16","Q2","October",16.18,17.85,16.48
2015-10-27,2015,"Q4","2015/16","Q2","October",15.87,18.09,15.98
2015-10-28,2015,"Q4","2015/16","Q2","October",12.31,17.77,12.83
2015-10-29,2015,"Q4","2015/16","Q2","October",8.88,16.86,10.06
2015-10-30,2015,"Q4","2015/16","Q2","October",5.06,17,5.57
2015-11-02,2015,"Q4","2015/16","Q2","November",12.44,17.38,13.85
2015-11-03,2015,"Q4","2015/16","Q2","November",13.09,17.65,15.86
2015-11-04,2015,"Q4","2015/16","Q2","November",11.42,16.69,12.78
2015-11-05,2015,"Q4","2015/16","Q2","November",12.1,17,12.49
2015-11-06,2015,"Q4","2015/16","Q2","November",11.22,17.11,11.78
2015-11-09,2015,"Q4","2015/16","Q2","November",10.7,16.12,13.07
2015-11-10,2015,"Q4","2015/16","Q2","November",10.13,17.35,13.03
2015-11-11,2015,"Q4","2015/16","Q2","November",9.98,17.14,11.43
2015-11-12,2015,"Q4","2015/16","Q2","November",10.71,17.2,10.99
2015-11-13,2015,"Q4","2015/16","Q2","November",10.73,17.53,12.47
2015-11-16,2015,"Q4","2015/16","Q2","November",12.09,17.06,14.24
2015-11-17,2015,"Q4","2015/16","Q2","November",11.53,17.54,13.33
2015-11-18,2015,"Q4","2015/16","Q2","November",13.49,17.45,14.83
2015-11-19,2015,"Q4","2015/16","Q2","November",12.52,17.25,13.89
2015-11-20,2015,"Q4","2015/16","Q2","November",12.91,17.86,14.09
2015-11-23,2015,"Q4","2015/16","Q2","November",12.61,17.65,13.58
2015-11-24,2015,"Q4","2015/16","Q2","November",11.44,17.71,13.66
2015-11-25,2015,"Q4","2015/16","Q2","November",10.93,17.72,12.2
2015-11-26,2015,"Q4","2015/16","Q2","November",8.27,17.88,8.82
2015-11-27,2015,"Q4","2015/16","Q2","November",9.29,16.9,10.39
2015-11-30,2015,"Q4","2015/16","Q2","November",12.29,17.43,13.57
2015-12-01,2015,"Q4","2015/16","Q2","December",12.7904085257549,17.8333333333333,13.6833810888252
2015-12-02,2015,"Q4","2015/16","Q2","December",14.3995098039216,19.547619047619,16.1488673139159
2015-12-03,2015,"Q4","2015/16","Q2","December",13.8365019011407,18.2024539877301,14.7038391224863
2015-12-04,2015,"Q4","2015/16","Q2","December",13.7757575757576,17.9736842105263,14.2092391304348
2015-12-07,2015,"Q4","2015/16","Q2","December",12.43,17.7,13.85
2015-12-08,2015,"Q4","2015/16","Q2","December",11.15,18.74,13.01
2015-12-09,2015,"Q4","2015/16","Q2","December",10.48,18.06,11.95
2015-12-10,2015,"Q4","2015/16","Q2","December",10.45,18.8,11.32
2015-12-11,2015,"Q4","2015/16","Q2","December",6.95,17.02,9.54
2015-12-14,2015,"Q4","2015/16","Q2","December",11.97,18,13.47
2015-12-15,2015,"Q4","2015/16","Q2","December",10.91,17.74,12.17
2015-12-16,2015,"Q4","2015/16","Q2","December",12.14,18.19,13.69
2015-12-17,2015,"Q4","2015/16","Q2","December",11.48,18.12,12.52
2015-12-18,2015,"Q4","2015/16","Q2","December",11.6,17.09,12.65
2015-12-21,2015,"Q4","2015/16","Q2","December",14.5,18.18,15.85
2015-12-22,2015,"Q4","2015/16","Q2","December",15.27,18.72,16.73
2015-12-23,2015,"Q4","2015/16","Q2","December",14.28,17.2,14.74
2015-12-24,2015,"Q4","2015/16","Q2","December",12.99,17.2,12.92
2015-12-28,2015,"Q4","2015/16","Q2","December",15.92,18.26,16.94
2015-12-29,2015,"Q4","2015/16","Q2","December",15.53,18.6,17.08
2015-12-30,2015,"Q4","2015/16","Q2","December",16.36,17.96,17.52
2015-12-31,2015,"Q4","2015/16","Q2","December",13.95,17.67,14.64
2016-01-04,2016,"Q1","2015/16","Q3","January",15.25,17.74,15.78
2016-01-05,2016,"Q1","2015/16","Q3","January",14.88,17.83,16.66
2016-01-06,2016,"Q1","2015/16","Q3","January",12.85,17.09,13.81
2016-01-07,2016,"Q1","2015/16","Q3","January",7.27,17.61,7.77
2016-01-08,2016,"Q1","2015/16","Q3","January",5.09,18,6.36
2016-01-11,2016,"Q1","2015/16","Q3","January",9.47,17,13.23
2016-01-12,2016,"Q1","2015/16","Q3","January",8.44,17.77,11.77
2016-01-13,2016,"Q1","2015/16","Q3","January",12.84,18.3,14.58
2016-01-14,2016,"Q1","2015/16","Q3","January",11.83,18.63,13.9
2016-01-15,2016,"Q1","2015/16","Q3","January",11.67,18.5,11.98
2016-01-18,2016,"Q1","2015/16","Q3","January",13.35,18.83,14.36
2016-01-19,2016,"Q1","2015/16","Q3","January",12.55,18.36,14.04
2016-01-20,2016,"Q1","2015/16","Q3","January",13.05,18,13.16
2016-01-21,2016,"Q1","2015/16","Q3","January",11.72,17.82,12.64
2016-01-22,2016,"Q1","2015/16","Q3","January",9.11,17.75,9.78
2016-01-25,2016,"Q1","2015/16","Q3","January",13.8252427184466,18.8315789473684,16.2272727272727
2016-01-27,2016,"Q1","2015/16","Q3","January",14.036303630363,19.1129032258064,15.5105386416862
2016-01-28,2016,"Q1","2015/16","Q3","January",12.93,17.81,13.38
2016-01-29,2016,"Q1","2015/16","Q3","January",11.01,17.4,11.6
2016-02-01,2016,"Q1","2015/16","Q3","February",9.97,17.87,10.65
2016-02-02,2016,"Q1","2015/16","Q3","February",10.86,18.14,11.44
2016-02-03,2016,"Q1","2015/16","Q3","February",11.47,18,12.63
2016-02-04,2016,"Q1","2015/16","Q3","February",8.79,17.07,10.67
2016-02-05,2016,"Q1","2015/16","Q3","February",6.58,17.58,7.89
2016-02-08,2016,"Q1","2015/16","Q3","February",13.28,17.62,14.63
2016-02-09,2016,"Q1","2015/16","Q3","February",11.67,17.36,12.44
2016-02-10,2016,"Q1","2015/16","Q3","February",10.9,17.51,12.31
2016-02-11,2016,"Q1","2015/16","Q3","February",12.67,17,14.11
2016-02-12,2016,"Q1","2015/16","Q3","February",12.91,17.4,13.21
2016-02-15,2016,"Q1","2015/16","Q3","February",14.03,18.11,14.81
2016-02-17,2016,"Q1","2015/16","Q3","February",13.05,17.91,15.44
2016-02-19,2016,"Q1","2015/16","Q3","February",9.07,17.07,12.48
2016-02-22,2016,"Q1","2015/16","Q3","February",9.69,17.8,11.16
2016-02-23,2016,"Q1","2015/16","Q3","February",8.36,17.1,9.4
2016-02-25,2016,"Q1","2015/16","Q3","February",11.38,17.29,13.24
2016-02-26,2016,"Q1","2015/16","Q3","February",12.17,17.06,13.82
2016-02-29,2016,"Q1","2015/16","Q3","February",13.15,17.31,14.03
2016-03-01,2016,"Q1","2015/16","Q3","March",10.77,17.5,10.8
2016-03-02,2016,"Q1","2015/16","Q3","March",9.39,17.08,10.59
2016-03-03,2016,"Q1","2015/16","Q3","March",9.34,16.62,12.73
2016-03-04,2016,"Q1","2015/16","Q3","March",9.33,17.34,11.56
2016-03-07,2016,"Q1","2015/16","Q3","March",11.2169811320755,17.4387755102041,13.1838709677419
2016-03-09,2016,"Q1","2015/16","Q3","March",10.91,17,11.94
2016-03-10,2016,"Q1","2015/16","Q3","March",11.97,17.17,13.71
2016-03-11,2016,"Q1","2015/16","Q3","March",8.41,17.53,9.73
2016-03-14,2016,"Q1","2015/16","Q3","March",8.79,17.27,11.02
2016-03-15,2016,"Q1","2015/16","Q3","March",7.19,17.5,7.35
2016-03-16,2016,"Q1","2015/16","Q3","March",6.15,17.5,6.15
2016-03-17,2016,"Q1","2015/16","Q3","March",7.08,15.86,9.79
2016-03-18,2016,"Q1","2015/16","Q3","March",8.47,17,9.73
2016-03-21,2016,"Q1","2015/16","Q3","March",11.08,17,12.6
2016-03-22,2016,"Q1","2015/16","Q3","March",11.79,17,12.22
2016-03-23,2016,"Q1","2015/16","Q3","March",11.65,17.5,12.04
2016-03-24,2016,"Q1","2015/16","Q3","March",13.03,17.12,14.4
2016-03-29,2016,"Q1","2015/16","Q3","March",13.48,17.33,15.17
2016-03-30,2016,"Q1","2015/16","Q3","March",11.78,17.5,11.91
2016-03-31,2016,"Q1","2015/16","Q3","March",12.84,17.32,14.04
2016-04-01,2016,"Q2","2015/16","Q4","April",12.69,17.15,12.86
2016-04-04,2016,"Q2","2015/16","Q4","April",10.06,17,10.16
2016-04-05,2016,"Q2","2015/16","Q4","April",7.95,16.5,9.06
2016-04-06,2016,"Q2","2015/16","Q4","April",4.98,16.5,5.29
2016-04-07,2016,"Q2","2015/16","Q4","April",11.13,16.49,13.89
2016-04-08,2016,"Q2","2015/16","Q4","April",10.64,16.5,10.95
2016-04-11,2016,"Q2","2015/16","Q4","April",9.29,16.5,10.73
2016-04-12,2016,"Q2","2015/16","Q4","April",12.05,16.4,13.57
2016-04-13,2016,"Q2","2015/16","Q4","April",10.85,16.5,11.36
2016-04-14,2016,"Q2","2015/16","Q4","April",12.2,16.5,14.37
2016-04-15,2016,"Q2","2015/16","Q4","April",8.34,16.44,8.95
2016-04-18,2016,"Q2","2015/16","Q4","April",12.54,16.43,12.82
2016-04-19,2016,"Q2","2015/16","Q4","April",14.34,16.68,14.64
2016-04-20,2016,"Q2","2015/16","Q4","April",16.74,16.68,16.74
2016-04-21,2016,"Q2","2015/16","Q4","April",13.5,16.13,14.17
2016-04-22,2016,"Q2","2015/16","Q4","April",13.54,16,13.77
2016-04-25,2016,"Q2","2015/16","Q4","April",13.72,16,13.91
2016-04-26,2016,"Q2","2015/16","Q4","April",13.78,16,13.97
2016-04-27,2016,"Q2","2015/16","Q4","April",13.6,16,13.6
2016-04-28,2016,"Q2","2015/16","Q4","April",11.85,16.18,12.82
2016-04-29,2016,"Q2","2015/16","Q4","April",13.09,15.75,13.27
2016-05-02,2016,"Q2","2015/16","Q4","May",13.03,15.75,13.03
2016-05-03,2016,"Q2","2015/16","Q4","May",10.51,16,10.74
2016-05-04,2016,"Q2","2015/16","Q4","May",8.47,16,8.47
2016-05-05,2016,"Q2","2015/16","Q4","May",11.8,16.06,12.38
2016-05-06,2016,"Q2","2015/16","Q4","May",12.27,16.11,13.83
2016-05-09,2016,"Q2","2015/16","Q4","May",10.79,15.36,11.51
2016-05-10,2016,"Q2","2015/16","Q4","May",12.53,16.17,13.35
2016-05-11,2016,"Q2","2015/16","Q4","May",12.43,16.17,12.43
2016-05-13,2016,"Q2","2015/16","Q4","May",11.01,16.27,12.29
2016-05-16,2016,"Q2","2015/16","Q4","May",8.85,16.04,9.13
2016-05-17,2016,"Q2","2015/16","Q4","May",7.43,15.61,8.47
2016-05-18,2016,"Q2","2015/16","Q4","May",12.23,16.12,12.52
2016-05-19,2016,"Q2","2015/16","Q4","May",13.84,16.21,14.54
2016-05-20,2016,"Q2","2015/16","Q4","May",12.52,16.19,13.86
2016-05-23,2016,"Q2","2015/16","Q4","May",14.27,16.46,14.89
2016-05-24,2016,"Q2","2015/16","Q4","May",14.38,16.3,14.68
2016-05-25,2016,"Q2","2015/16","Q4","May",14.45,16.24,15.14
2016-05-26,2016,"Q2","2015/16","Q4","May",14.9,16.18,15.74
2016-05-27,2016,"Q2","2015/16","Q4","May",12.89,16.23,13.81
2016-05-30,2016,"Q2","2015/16","Q4","May",14.04,16.56,15.19
2016-05-31,2016,"Q2","2015/16","Q4","May",13.37,16.67,13.56
2016-06-01,2016,"Q2","2015/16","Q4","June",13.34,16.28,14.2
2016-06-02,2016,"Q2","2015/16","Q4","June",14,16.15,15.23
2016-06-06,2016,"Q2","2015/16","Q4","June",13.95,16.23,15.03
2016-06-07,2016,"Q2","2015/16","Q4","June",12.52,16.04,12.83
2016-06-08,2016,"Q2","2015/16","Q4","June",14.95,16.15,15.3
2016-06-10,2016,"Q2","2015/16","Q4","June",15.37,16.24,15.62
2016-06-13,2016,"Q2","2015/16","Q4","June",14.16,16.24,14.99
2016-06-14,2016,"Q2","2015/16","Q4","June",13.82,15.27,13.94
2016-06-15,2016,"Q2","2015/16","Q4","June",12.05,15.56,12.49
2016-06-16,2016,"Q2","2015/16","Q4","June",13.7,15.75,14.35
2016-06-17,2016,"Q2","2015/16","Q4","June",16.71,15.44,16.03
2016-06-20,2016,"Q2","2015/16","Q4","June",13.81,15.08,14.34
2016-06-21,2016,"Q2","2015/16","Q4","June",12.09,15,12.14
2016-06-22,2016,"Q2","2015/16","Q4","June",12.17,15.18,12.93
2016-06-23,2016,"Q2","2015/16","Q4","June",14.34,15.29,14.94
2016-06-24,2016,"Q2","2015/16","Q4","June",13.86,15.25,13.91
2016-06-27,2016,"Q2","2015/16","Q4","June",13.48,15.14,13.62
2016-06-28,2016,"Q2","2015/16","Q4","June",13.16,15.36,14.02
2016-06-29,2016,"Q2","2015/16","Q4","June",13.42,15.25,13.78
2016-06-30,2016,"Q2","2015/16","Q4","June",13.37,16.67,13.56
2016-07-01,2016,"Q3","2016/17","Q1","July",13.68,15.08,13.82
2016-07-04,2016,"Q3","2016/17","Q1","July",14.88,15.14,14.91
2016-07-05,2016,"Q3","2016/17","Q1","July",15.17,15.43,15.24
2016-07-07,2016,"Q3","2016/17","Q1","July",15.320652173913,15.2795698924731,15.3221320973349
2016-07-08,2016,"Q3","2016/17","Q1","July",16.56,15.3,15.97
2016-07-11,2016,"Q3","2016/17","Q1","July",11.81,15.25,12.76
2016-07-12,2016,"Q3","2016/17","Q1","July",10.23,15.38,10.56
2016-07-13,2016,"Q3","2016/17","Q1","July",12.12,15.13,12.28
2016-07-14,2016,"Q3","2016/17","Q1","July",14.24,15.13,14.71
2016-07-15,2016,"Q3","2016/17","Q1","July",11.49,15.24,12.04
2016-07-18,2016,"Q3","2016/17","Q1","July",11.97,15.43,12.99
2016-07-19,2016,"Q3","2016/17","Q1","July",14.07,15.4,14.15
2016-07-20,2016,"Q3","2016/17","Q1","July",14.76,15.75,14.82
2016-07-21,2016,"Q3","2016/17","Q1","July",14.15,15.49,14.95
2016-07-22,2016,"Q3","2016/17","Q1","July",13.56,16.11,13.87
2016-07-25,2016,"Q3","2016/17","Q1","July",14.15,15.58,14.53
2016-07-26,2016,"Q3","2016/17","Q1","July",14.16,15.5,14.37
2016-07-27,2016,"Q3","2016/17","Q1","July",12.14,15.29,12.41
2016-07-28,2016,"Q3","2016/17","Q1","July",13.19,15.52,14.19
2016-07-29,2016,"Q3","2016/17","Q1","July",13.9,15.34,14.24
2016-08-01,2016,"Q3","2016/17","Q1","August",12,15.45,12.99
2016-08-02,2016,"Q3","2016/17","Q1","August",11.71,15.35,12.19
2016-08-03,2016,"Q3","2016/17","Q1","August",13.56,15.93,14.06
2016-08-04,2016,"Q3","2016/17","Q1","August",13.3,15.28,14.52
2016-08-05,2016,"Q3","2016/17","Q1","August",13.1,15.26,13.54
2016-08-08,2016,"Q3","2016/17","Q1","August",14.02,15.25,14.29
2016-08-09,2016,"Q3","2016/17","Q1","August",11.16,15.25,11.16
2016-08-10,2016,"Q3","2016/17","Q1","August",13.22,14.25,13.31
2016-08-11,2016,"Q3","2016/17","Q1","August",12.43,14.22,13.2
2016-08-12,2016,"Q3","2016/17","Q1","August",11.93,14.3,12.69
2016-08-15,2016,"Q3","2016/17","Q1","August",12.98,14.36,13.23
2016-08-16,2016,"Q3","2016/17","Q1","August",13.36,14.42,13.43
2016-08-17,2016,"Q3","2016/17","Q1","August",13.71,14.72,13.87
2016-08-18,2016,"Q3","2016/17","Q1","August",13.61,14.31,13.91
2016-08-19,2016,"Q3","2016/17","Q1","August",13.34,14.26,13.55
2016-08-22,2016,"Q3","2016/17","Q1","August",13.14,14.43,13.44
2016-08-23,2016,"Q3","2016/17","Q1","August",13.03,14.24,13.23
2016-08-24,2016,"Q3","2016/17","Q1","August",10.97,14.38,11.07
2016-08-25,2016,"Q3","2016/17","Q1","August",13.14,14.21,13.55
2016-08-26,2016,"Q3","2016/17","Q1","August",13.22,14.22,13.33
2016-08-29,2016,"Q3","2016/17","Q1","August",12.88,14.43,13.15
2016-08-30,2016,"Q3","2016/17","Q1","August",11.04,14.53,11.17
2016-08-31,2016,"Q3","2016/17","Q1","August",12.97,15.17,13.07
2016-09-01,2016,"Q3","2016/17","Q1","September",12.34,14.2,12.95
2016-09-02,2016,"Q3","2016/17","Q1","September",13.15,14.4,13.53
2016-09-05,2016,"Q3","2016/17","Q1","September",12.21,14.03,11.92
2016-09-06,2016,"Q3","2016/17","Q1","September",9.96,14.17,10.17
2016-09-07,2016,"Q3","2016/17","Q1","September",10.9,14.06,11.58
2016-09-08,2016,"Q3","2016/17","Q1","September",12.04,14.14,12.81
2016-09-09,2016,"Q3","2016/17","Q1","September",13.15,14.23,13.38
2016-09-13,2016,"Q3","2016/17","Q1","September",12.15,14.2,12.73
2016-09-14,2016,"Q3","2016/17","Q1","September",12.13,14.31,12.67
2016-09-15,2016,"Q3","2016/17","Q1","September",12.14,14.2,12.6
2016-09-16,2016,"Q3","2016/17","Q1","September",12.36,14.14,13.05
2016-09-19,2016,"Q3","2016/17","Q1","September",12.26,14.33,12.8
2016-09-20,2016,"Q3","2016/17","Q1","September",12.43,14.19,12.67
2016-09-21,2016,"Q3","2016/17","Q1","September",11.66,14.21,11.84
2016-09-22,2016,"Q3","2016/17","Q1","September",13.22,14.17,13.81
2016-09-23,2016,"Q3","2016/17","Q1","September",12.3,14.28,12.71
2016-09-26,2016,"Q3","2016/17","Q1","September",12.47,14.2,13.3
2016-09-27,2016,"Q3","2016/17","Q1","September",12.41,14.03,12.85
2016-09-28,2016,"Q3","2016/17","Q1","September",11.69,14.26,11.87
2016-09-29,2016,"Q3","2016/17","Q1","September",12.79,14.22,13.65
2016-09-30,2016,"Q3","2016/17","Q1","September",11.11,14.19,11.42
2016-10-03,2016,"Q4","2016/17","Q2","October",12.96,14.22,13.06
2016-10-04,2016,"Q4","2016/17","Q2","October",13.89,14.59,13.95
2016-10-05,2016,"Q4","2016/17","Q2","October",14.98,14.25,14.96
2016-10-06,2016,"Q4","2016/17","Q2","October",14.17,14.3,14.22
2016-10-07,2016,"Q4","2016/17","Q2","October",12.37,14.32,12.89
2016-10-10,2016,"Q4","2016/17","Q2","October",13.29,14.15,13.41
2016-10-11,2016,"Q4","2016/17","Q2","October",13.24,14.13,13.5
2016-10-12,2016,"Q4","2016/17","Q2","October",13.45,14.3,13.77
2016-10-13,2016,"Q4","2016/17","Q2","October",11.93,14.24,12.18
2016-10-14,2016,"Q4","2016/17","Q2","October",11.68,14.03,12.11
2016-10-17,2016,"Q4","2016/17","Q2","October",11.96,14.06,12.22
2016-10-18,2016,"Q4","2016/17","Q2","October",10.54,14.18,11.02
2016-10-19,2016,"Q4","2016/17","Q2","October",9.47,13.55,9.83
2016-10-20,2016,"Q4","2016/17","Q2","October",13.3,13.18,13.27
2016-10-21,2016,"Q4","2016/17","Q2","October",13.16,13.19,13.17
2016-10-24,2016,"Q4","2016/17","Q2","October",12.63,13.49,13
2016-10-25,2016,"Q4","2016/17","Q2","October",11.17,13.53,11.72
2016-10-26,2016,"Q4","2016/17","Q2","October",12.03,13.44,12.41
2016-10-27,2016,"Q4","2016/17","Q2","October",13.32,13.27,13.29
2016-10-28,2016,"Q4","2016/17","Q2","October",12.92,13.36,13
2016-10-31,2016,"Q4","2016/17","Q2","October",9.54,13.19,9.54
2016-11-01,2016,"Q4","2016/17","Q2","November",12.65,13.18,12.76
2016-11-02,2016,"Q4","2016/17","Q2","November",10.89,13.16,11.15
2016-11-03,2016,"Q4","2016/17","Q2","November",13.33,13.41,13.39
2016-11-04,2016,"Q4","2016/17","Q2","November",11.46,13.65,11.81
2016-11-07,2016,"Q4","2016/17","Q2","November",11.2,13.25,11.37
2016-11-08,2016,"Q4","2016/17","Q2","November",9.6,13.43,10.15
2016-11-09,2016,"Q4","2016/17","Q2","November",9.21,13.49,9.77
2016-11-10,2016,"Q4","2016/17","Q2","November",11.02,13.37,11.88
2016-11-11,2016,"Q4","2016/17","Q2","November",11.34,13.35,11.71
2016-11-12,2016,"Q4","2016/17","Q2","November",10.74,13.19,11
2016-11-15,2016,"Q4","2016/17","Q2","November",11.13,13.28,11.43
2016-11-16,2016,"Q4","2016/17","Q2","November",10.7,14.5,11.04
2016-11-17,2016,"Q4","2016/17","Q2","November",13.2,13.35,13.27
2016-11-18,2016,"Q4","2016/17","Q2","November",13.29,13.41,13.3
2016-11-21,2016,"Q4","2016/17","Q2","November",12.63,13.21,12.86
2016-11-22,2016,"Q4","2016/17","Q2","November",11.5,13.55,12.18
2016-11-23,2016,"Q4","2016/17","Q2","November",12.85,13.3,12.94
2016-11-24,2016,"Q4","2016/17","Q2","November",12.92,13.49,13.12
2016-11-25,2016,"Q4","2016/17","Q2","November",12.29,13.22,12.36
2016-11-28,2016,"Q4","2016/17","Q2","November",11.88,13.36,12.41
2016-11-29,2016,"Q4","2016/17","Q2","November",10.52,13.33,11.02
2016-11-30,2016,"Q4","2016/17","Q2","November",10.45,13.16,10.71
2016-12-01,2016,"Q4","2016/17","Q2","December",10.46,13.25,11.63
2016-12-02,2016,"Q4","2016/17","Q2","December",9.98,13.25,10.05
2016-12-05,2016,"Q4","2016/17","Q2","December",10.52,13.29,10.92
2016-12-06,2016,"Q4","2016/17","Q2","December",12.43,13.25,12.51
2016-12-07,2016,"Q4","2016/17","Q2","December",13.16,13.3,13.23
2016-12-08,2016,"Q4","2016/17","Q2","December",13.13,13.2,13.15
2016-12-09,2016,"Q4","2016/17","Q2","December",12.82,12.88,12.82
2016-12-12,2016,"Q4","2016/17","Q2","December",11.61,12.9,11.72
2016-12-13,2016,"Q4","2016/17","Q2","December",11.04,13.05,11.93
2016-12-14,2016,"Q4","2016/17","Q2","December",6.78,7.41,10.4
2016-12-15,2016,"Q4","2016/17","Q2","December",9.38,12.17,10.14
2016-12-16,2016,"Q4","2016/17","Q2","December",10.56,12.17,10.56
2016-12-19,2016,"Q4","2016/17","Q2","December",11.76,12.52,12.08
2016-12-20,2016,"Q4","2016/17","Q2","December",11.99,12,12.25
2016-12-21,2016,"Q4","2016/17","Q2","December",12.45,12.39,12.44
2016-12-22,2016,"Q4","2016/17","Q2","December",9.57,12.22,11.3
2016-12-23,2016,"Q4","2016/17","Q2","December",10.23,12.22,10.23
2016-12-27,2016,"Q4","2016/17","Q2","December",8.66,12,8.91
2016-12-28,2016,"Q4","2016/17","Q2","December",9.13,12,9.76
2016-12-29,2016,"Q4","2016/17","Q2","December",10.98,12.19,11.14
2016-12-30,2016,"Q4","2016/17","Q2","December",7.7,12.19,7.7
2017-01-02,2017,"Q1","2016/17","Q3","January",11.17,12.26,11.42
2017-01-03,2017,"Q1","2016/17","Q3","January",12.07,12.51,12.16
2017-01-04,2017,"Q1","2016/17","Q3","January",11.85,12.49,12.03
2017-01-05,2017,"Q1","2016/17","Q3","January",11.79,12.2,12.12
2017-01-06,2017,"Q1","2016/17","Q3","January",10.81,12.07,11.07
2017-01-09,2017,"Q1","2016/17","Q3","January",11.79,12.22,11.86
2017-01-10,2017,"Q1","2016/17","Q3","January",11.52,12.17,11.55
2017-01-11,2017,"Q1","2016/17","Q3","January",11.56,12.13,11.57
2017-01-12,2017,"Q1","2016/17","Q3","January",11.61,12.23,11.78
2017-01-13,2017,"Q1","2016/17","Q3","January",10.5,12,10.6
2017-01-16,2017,"Q1","2016/17","Q3","January",9.42,12,9.79
2017-01-17,2017,"Q1","2016/17","Q3","January",11.37,12,11.41
2017-01-18,2017,"Q1","2016/17","Q3","January",11,12.31,11.68
2017-01-19,2017,"Q1","2016/17","Q3","January",12.9,12.44,12.57
2017-01-20,2017,"Q1","2016/17","Q3","January",9.61,12,9.64
2017-01-23,2017,"Q1","2016/17","Q3","January",8.51,12.11,9.05
2017-01-24,2017,"Q1","2016/17","Q3","January",9.78,12.11,9.78
2017-01-25,2017,"Q1","2016/17","Q3","January",11.14,12.34,11.41
2017-01-27,2017,"Q1","2016/17","Q3","January",10.72,12.34,11.52
2017-01-30,2017,"Q1","2016/17","Q3","January",9.95,12,10.29
2017-01-31,2017,"Q1","2016/17","Q3","January",8.43,12,8.43
2017-02-01,2017,"Q1","2016/17","Q3","February",11.31,12.44,12.27
2017-02-02,2017,"Q1","2016/17","Q3","February",9.76,12.45,10.75
2017-02-03,2017,"Q1","2016/17","Q3","February",8.55,12.45,8.55
2017-02-06,2017,"Q1","2016/17","Q3","February",8.06,12.45,8.06
2017-02-07,2017,"Q1","2016/17","Q3","February",8.6,11.38,8.73
2017-02-08,2017,"Q1","2016/17","Q3","February",8.36,9.83,8.5
2017-02-09,2017,"Q1","2016/17","Q3","February",11.07,12.18,11.65
2017-02-10,2017,"Q1","2016/17","Q3","February",9.41,12.22,10.09
2017-02-13,2017,"Q1","2016/17","Q3","February",10.19,12.1,10.24
2017-02-14,2017,"Q1","2016/17","Q3","February",8.97,11.25,9.2
2017-02-15,2017,"Q1","2016/17","Q3","February",9.42,11.25,9.9
2017-02-17,2017,"Q1","2016/17","Q3","February",10.57,11.78,10.68
2017-02-20,2017,"Q1","2016/17","Q3","February",11.5,11.69,11.55
2017-02-21,2017,"Q1","2016/17","Q3","February",10.06,11.44,10.22
2017-02-22,2017,"Q1","2016/17","Q3","February",8.54,11,8.61
2017-02-23,2017,"Q1","2016/17","Q3","February",10.47,11.75,10.82
2017-02-24,2017,"Q1","2016/17","Q3","February",10.01,11.91,10.59
2017-02-27,2017,"Q1","2016/17","Q3","February",11.06,11.84,11.13
2017-02-28,2017,"Q1","2016/17","Q3","February",11.73,11.5,11.73
2017-03-01,2017,"Q1","2016/17","Q3","March",10.92,11.5,10.96
2017-03-02,2017,"Q1","2016/17","Q3","March",10.05,11.84,11.17
2017-03-03,2017,"Q1","2016/17","Q3","March",9.63,11.5,9.66
2017-03-06,2017,"Q1","2016/17","Q3","March",9.97,11.5,9.974
2017-03-07,2017,"Q1","2016/17","Q3","March",10.85,11.5,10.85
2017-03-09,2017,"Q1","2016/17","Q3","March",10.64,11.72,11.07
2017-03-10,2017,"Q1","2016/17","Q3","March",8.78,11.5,8.88
2017-03-13,2017,"Q1","2016/17","Q3","March",9.53,11.78,9.84
2017-03-14,2017,"Q1","2016/17","Q3","March",8.93,11.55,9.06
2017-03-15,2017,"Q1","2016/17","Q3","March",9.27,11.5,9.38
2017-03-16,2017,"Q1","2016/17","Q3","March",8.33,11.68,8.93
2017-03-17,2017,"Q1","2016/17","Q3","March",9.24,11.47,9.56
2017-03-20,2017,"Q1","2016/17","Q3","March",9.66,11.56,9.89
2017-03-21,2017,"Q1","2016/17","Q3","March",9.65,11.6,9.7
2017-03-22,2017,"Q1","2016/17","Q3","March",10.52,11.68,10.75
2017-03-23,2017,"Q1","2016/17","Q3","March",11.22,11.68,11.46
2017-03-24,2017,"Q1","2016/17","Q3","March",9.43,11.82,9.8
2017-03-27,2017,"Q1","2016/17","Q3","March",11.21,11.7,11.45
2017-03-28,2017,"Q1","2016/17","Q3","March",9.31,11.89,9.54
2017-03-29,2017,"Q1","2016/17","Q3","March",9.69,11.76,9.88
2017-03-30,2017,"Q1","2016/17","Q3","March",11.16,11.66,11.32
2017-03-31,2017,"Q1","2016/17","Q3","March",10.32,11.52,10.61
2017-04-03,2017,"Q2","2016/17","Q4","April",10.59,11.65,10.66
2017-04-04,2017,"Q2","2016/17","Q4","April",11.53,12.44,11.61
2017-04-05,2017,"Q2","2016/17","Q4","April",10.49,12.08,10.69
2017-04-06,2017,"Q2","2016/17","Q4","April",10.54,11.54,10.84
2017-04-07,2017,"Q2","2016/17","Q4","April",9.98,11.54,10.35
2017-04-10,2017,"Q2","2016/17","Q4","April",8.85,11.6,9.22
2017-04-11,2017,"Q2","2016/17","Q4","April",10.05,11.54,10.17
2017-04-12,2017,"Q2","2016/17","Q4","April",10.74,11.63,10.79
2017-04-13,2017,"Q2","2016/17","Q4","April",9.82,11.27,10.15
2017-04-18,2017,"Q2","2016/17","Q4","April",8.52,11.19,9.04
2017-04-19,2017,"Q2","2016/17","Q4","April",7.8,11.29,8.1
2017-04-20,2017,"Q2","2016/17","Q4","April",10.07,11.4,10.54
2017-04-21,2017,"Q2","2016/17","Q4","April",10.06,12,10.12
2017-04-24,2017,"Q2","2016/17","Q4","April",10.14,12,10.18
2017-04-25,2017,"Q2","2016/17","Q4","April",9.65,11.51,9.82
2017-04-26,2017,"Q2","2016/17","Q4","April",9.16,11.04,9.24
2017-04-27,2017,"Q2","2016/17","Q4","April",11.33,11.76,11.57
2017-04-28,2017,"Q2","2016/17","Q4","April",11.33,11,11.29
2017-05-02,2017,"Q2","2016/17","Q4","May",9.55,11.12,9.67
2017-05-03,2017,"Q2","2016/17","Q4","May",10.21,11.15,10.22
2017-05-04,2017,"Q2","2016/17","Q4","May",10.09,11.47,10.61
2017-05-05,2017,"Q2","2016/17","Q4","May",10.94,11.2,11
2017-05-08,2017,"Q2","2016/17","Q4","May",10.54,11.13,10.61
2017-05-09,2017,"Q2","2016/17","Q4","May",10.17,11.25,10.22
2017-05-10,2017,"Q2","2016/17","Q4","May",10.5,11.15,10.55
2017-05-11,2017,"Q2","2016/17","Q4","May",8.67,11.1,9.05
2017-05-12,2017,"Q2","2016/17","Q4","May",8.62,11.1,8.62
2017-05-15,2017,"Q2","2016/17","Q4","May",8.7,11.1,8.71
2017-05-16,2017,"Q2","2016/17","Q4","May",7.76,11.33,7.92
2017-05-17,2017,"Q2","2016/17","Q4","May",5.71,11.25,6.57
2017-05-18,2017,"Q2","2016/17","Q4","May",10.72,11.2,9.2
2017-05-19,2017,"Q2","2016/17","Q4","May",10.88,11.31,10.94
2017-05-22,2017,"Q2","2016/17","Q4","May",11.69,11.75,11.69
2017-05-23,2017,"Q2","2016/17","Q4","May",11,11.23,11.03
2017-05-24,2017,"Q2","2016/17","Q4","May",10.79,11.12,10.92
2017-05-25,2017,"Q2","2016/17","Q4","May",9.15,11.25,10.61
2017-05-26,2017,"Q2","2016/17","Q4","May",10.19,11.3,10.3
2017-05-29,2017,"Q2","2016/17","Q4","May",9.95,11.64,10.23
2017-05-30,2017,"Q2","2016/17","Q4","May",9.88,11.08,10.16
2017-05-31,2017,"Q2","2016/17","Q4","May",6.61,11.03,7.28
2017-06-01,2017,"Q2","2016/17","Q4","June",10.91,11.19,11.13
2017-06-02,2017,"Q2","2016/17","Q4","June",10.36,10.59,10.45
2017-06-05,2017,"Q2","2016/17","Q4","June",9.39,11.39,9.67
2017-06-06,2017,"Q2","2016/17","Q4","June",9.72,11.38,9.83
2017-06-07,2017,"Q2","2016/17","Q4","June",9.57,11.29,9.81
2017-06-08,2017,"Q2","2016/17","Q4","June",9.23,11.23,9.97
2017-06-12,2017,"Q2","2016/17","Q4","June",9.06,11.25,9.12
2017-06-13,2017,"Q2","2016/17","Q4","June",7.77,11,7.94
2017-06-14,2017,"Q2","2016/17","Q4","June",8.47,11.06,8.69
2017-06-15,2017,"Q2","2016/17","Q4","June",9.28,10.23,10.23
2017-06-16,2017,"Q2","2016/17","Q4","June",10.16,11.61,10.78
2017-06-19,2017,"Q2","2016/17","Q4","June",9.97,11.16,10.07
2017-06-20,2017,"Q2","2016/17","Q4","June",8.35,10.88,8.76
2017-06-21,2017,"Q2","2016/17","Q4","June",9.48,10.68,9.74
2017-06-22,2017,"Q2","2016/17","Q4","June",10.16,10.29,10.23
2017-06-23,2017,"Q2","2016/17","Q4","June",10.25,11.02,10.51
2017-06-26,2017,"Q2","2016/17","Q4","June",6.86,10.22,10.51
2017-06-27,2017,"Q2","2016/17","Q4","June",6.41,10.2,7.33
2017-06-28,2017,"Q2","2016/17","Q4","June",4.07,10.2,4.07
2017-06-29,2017,"Q2","2016/17","Q4","June",8.41,10.22,9.15
2017-06-30,2017,"Q2","2016/17","Q4","June",8.7,10,8.74
2017-07-03,2017,"Q3","2017/18","Q1","July",7.19,10.22,7.48
2017-07-04,2017,"Q3","2017/18","Q1","July",6.5,10.24,6.75
2017-07-05,2017,"Q3","2017/18","Q1","July",8.29,10.24,8.29
2017-07-06,2017,"Q3","2017/18","Q1","July",8,10.19,8.54
2017-07-07,2017,"Q3","2017/18","Q1","July",6.44,10.31,6.7
2017-07-10,2017,"Q3","2017/18","Q1","July",6.24,10.2,6.46
2017-07-11,2017,"Q3","2017/18","Q1","July",5.68,10.23,6.31
2017-07-12,2017,"Q3","2017/18","Q1","July",5.2,10.18,5.29
2017-07-13,2017,"Q3","2017/18","Q1","July",7.34,10.16,8.34
2017-07-14,2017,"Q3","2017/18","Q1","July",8.86,10.16,9.18
2017-07-17,2017,"Q3","2017/18","Q1","July",7.52,10.57,7.71
2017-07-18,2017,"Q3","2017/18","Q1","July",9.84,10.3,9.93
2017-07-19,2017,"Q3","2017/18","Q1","July",10.28,10,10.26
2017-07-20,2017,"Q3","2017/18","Q1","July",11.72,10.57,11.23
2017-07-21,2017,"Q3","2017/18","Q1","July",11.32,11.71,11.34
2017-07-24,2017,"Q3","2017/18","Q1","July",10.48,11.63,10.63
2017-07-25,2017,"Q3","2017/18","Q1","July",7.25,10.64,7.86
2017-07-26,2017,"Q3","2017/18","Q1","July",4.87,,4.87
2017-07-27,2017,"Q3","2017/18","Q1","July",10.58,10.85,10.69
2017-07-28,2017,"Q3","2017/18","Q1","July",9.35,10.63,9.41
2017-07-31,2017,"Q3","2017/18","Q1","July",7.93,11.41,8.69
2017-08-01,2017,"Q3","2017/18","Q1","August",8.24,10.8,8.34
2017-08-02,2017,"Q3","2017/18","Q1","August",7.29,10.9,8.3
2017-08-03,2017,"Q3","2017/18","Q1","August",8.81,10.7,9.33
2017-08-04,2017,"Q3","2017/18","Q1","August",8,11.31,8.44
2017-08-07,2017,"Q3","2017/18","Q1","August",6.33,10.21,7.07
2017-08-08,2017,"Q3","2017/18","Q1","August",4.97,10.41,5.27
2017-08-09,2017,"Q3","2017/18","Q1","August",5.03,10.12,5.49
2017-08-10,2017,"Q3","2017/18","Q1","August",6.99,10.09,8.49
2017-08-11,2017,"Q3","2017/18","Q1","August",8.36,10.31,9.12
2017-08-14,2017,"Q3","2017/18","Q1","August",7.64,10.21,7.89
2017-08-15,2017,"Q3","2017/18","Q1","August",8.86,10.38,9
2017-08-16,2017,"Q3","2017/18","Q1","August",8.56,10.08,8.77
2017-08-17,2017,"Q3","2017/18","Q1","August",9.37,10.37,9.79
2017-08-18,2017,"Q3","2017/18","Q1","August",10.1,10.59,10.19
2017-08-21,2017,"Q3","2017/18","Q1","August",8.22,10.43,8.35
2017-08-22,2017,"Q3","2017/18","Q1","August",10,10.28,10
2017-08-23,2017,"Q3","2017/18","Q1","August",8.03,10.15,8.04
2017-08-24,2017,"Q3","2017/18","Q1","August",10,10.34,10.31
2017-08-25,2017,"Q3","2017/18","Q1","August",9.22,10.3,9.54
2017-08-28,2017,"Q3","2017/18","Q1","August",7.74,10.56,8.15
2017-08-29,2017,"Q3","2017/18","Q1","August",6.97,10.29,7.49
2017-08-30,2017,"Q3","2017/18","Q1","August",10,10.32,10.08
2017-08-31,2017,"Q3","2017/18","Q1","August",8.66,10.44,9.43
2017-09-04,2017,"Q3","2017/18","Q1","September",10.75,10.38,10.67
2017-09-05,2017,"Q3","2017/18","Q1","September",10.14,10.53,10.16
2017-09-06,2017,"Q3","2017/18","Q1","September",8.75,10.73,9.03
2017-09-07,2017,"Q3","2017/18","Q1","September",7.85,10.54,8.86
2017-09-08,2017,"Q3","2017/18","Q1","September",8.46,10.19,8.69
2017-09-11,2017,"Q3","2017/18","Q1","September",9.57,10.88,9.65
2017-09-12,2017,"Q3","2017/18","Q1","September",9.96,10.24,9.99
2017-09-13,2017,"Q3","2017/18","Q1","September",8.63,10.15,8.65
2017-09-14,2017,"Q3","2017/18","Q1","September",10,10.26,10.17
2017-09-15,2017,"Q3","2017/18","Q1","September",7.67,10.31,7.91
2017-09-18,2017,"Q3","2017/18","Q1","September",7.2,10.5,7.24
2017-09-19,2017,"Q3","2017/18","Q1","September",6.17,10.33,6.49
2017-09-20,2017,"Q3","2017/18","Q1","September",5.73,10.4,5.89
2017-09-21,2017,"Q3","2017/18","Q1","September",9.34,10.33,9.73
2017-09-22,2017,"Q3","2017/18","Q1","September",8.86,10.26,9.21
2017-09-25,2017,"Q3","2017/18","Q1","September",7.99,10.3,8.32
2017-09-26,2017,"Q3","2017/18","Q1","September",7.58,10.25,7.72
2017-09-27,2017,"Q3","2017/18","Q1","September",7.43,10.6,7.64
2017-09-28,2017,"Q3","2017/18","Q1","September",9.85,10.38,10.13
2017-09-29,2017,"Q3","2017/18","Q1","September",8,10.5,8.27
2017-10-02,2017,"Q4","2017/18","Q2","October",7.91,11.5,8.03
2017-10-03,2017,"Q4","2017/18","Q2","October",8.27,10.43,8.5
2017-10-04,2017,"Q4","2017/18","Q2","October",9.17,10.67,9.22
2017-10-05,2017,"Q4","2017/18","Q2","October",9.59,10.03,9.86
2017-10-06,2017,"Q4","2017/18","Q2","October",9.72,9.96,9.8
2017-10-10,2017,"Q4","2017/18","Q2","October",8.8,10.06,9
2017-10-11,2017,"Q4","2017/18","Q2","October",8.39,10.23,8.69
2017-10-12,2017,"Q4","2017/18","Q2","October",8.32,9.73,9.33
2017-10-13,2017,"Q4","2017/18","Q2","October",8.92,9.75,9.1
2017-10-16,2017,"Q4","2017/18","Q2","October",9.03,9.72,9.19
2017-10-17,2017,"Q4","2017/18","Q2","October",10.55,9.84,10.52
2017-10-18,2017,"Q4","2017/18","Q2","October",6.99,9.7,7.16
2017-10-19,2017,"Q4","2017/18","Q2","October",9.65,9.87,9.86
2017-10-20,2017,"Q4","2017/18","Q2","October",8.72,9.71,8.82
2017-10-23,2017,"Q4","2017/18","Q2","October",7.66,9.58,7.99
2017-10-24,2017,"Q4","2017/18","Q2","October",6.82,9.72,7.21
2017-10-25,2017,"Q4","2017/18","Q2","October",9.09,9.8,9.16
2017-10-26,2017,"Q4","2017/18","Q2","October",8.71,9.85,9.25
2017-10-27,2017,"Q4","2017/18","Q2","October",7.49,9.43,7.64
2017-10-30,2017,"Q4","2017/18","Q2","October",7.62,9.58,8.31
2017-10-31,2017,"Q4","2017/18","Q2","October",7.46,9.5,7.9
2017-11-01,2017,"Q4","2017/18","Q2","November",7.25,9.5,7.25
2017-11-02,2017,"Q4","2017/18","Q2","November",7.92,9.54,8.65
2017-11-03,2017,"Q4","2017/18","Q2","November",5.17,9.68,5.43
2017-11-06,2017,"Q4","2017/18","Q2","November",8.5,9.62,8.65
2017-11-07,2017,"Q4","2017/18","Q2","November",9.49,9.62,9.49
2017-11-08,2017,"Q4","2017/18","Q2","November",9.49,9.7,9.53
2017-11-09,2017,"Q4","2017/18","Q2","November",9.58,9.69,9.64
2017-11-10,2017,"Q4","2017/18","Q2","November",8.1,9.5,8.21
2017-11-13,2017,"Q4","2017/18","Q2","November",9.38,9.45,9.39
2017-11-14,2017,"Q4","2017/18","Q2","November",9.84,9.5,9.84
2017-11-15,2017,"Q4","2017/18","Q2","November",8.91,9.5,8.92
2017-11-16,2017,"Q4","2017/18","Q2","November",9.57,9.66,9.63
2017-11-17,2017,"Q4","2017/18","Q2","November",8.89,9.63,9.04
2017-11-20,2017,"Q4","2017/18","Q2","November",9.35,9.74,9.49
2017-11-21,2017,"Q4","2017/18","Q2","November",8.93,9.41,9
2017-11-22,2017,"Q4","2017/18","Q2","November",8.29,9.82,8.75
2017-11-23,2017,"Q4","2017/18","Q2","November",9.15,9.63,9.5
2017-11-24,2017,"Q4","2017/18","Q2","November",7.01,9.65,7.14
2017-11-27,2017,"Q4","2017/18","Q2","November",7.48,9.65,7.48
2017-11-28,2017,"Q4","2017/18","Q2","November",9.21,9.65,9.27
2017-11-29,2017,"Q4","2017/18","Q2","November",9.47,9.6,9.48
2017-11-30,2017,"Q4","2017/18","Q2","November",8.5,9.6,9.38
2017-12-01,2017,"Q4","2017/18","Q2","December",7.98,9.6,8.11
2017-12-04,2017,"Q4","2017/18","Q2","December",9.33,9.5,9.35
2017-12-05,2017,"Q4","2017/18","Q2","December",6.45,9.5,6.45
2017-12-06,2017,"Q4","2017/18","Q2","December",7.75,9.65,8.03
2017-12-07,2017,"Q4","2017/18","Q2","December",7.23,9.39,8
2017-12-08,2017,"Q4","2017/18","Q2","December",6.33,9.5,6.36
2017-12-11,2017,"Q4","2017/18","Q2","December",8.2,9.5,8.3
2017-12-12,2017,"Q4","2017/18","Q2","December",8.15,9.64,8.24
2017-12-13,2017,"Q4","2017/18","Q2","December",8.32,9.5,8.53
2017-12-14,2017,"Q4","2017/18","Q2","December",7.98,8.99,8.57
2017-12-15,2017,"Q4","2017/18","Q2","December",8.41,9.69,8.54
2017-12-18,2017,"Q4","2017/18","Q2","December",9.16,9.5,9.22
2017-12-19,2017,"Q4","2017/18","Q2","December",8.8,9.5,8.88
2017-12-20,2017,"Q4","2017/18","Q2","December",8.34,9.5,8.39
2017-12-21,2017,"Q4","2017/18","Q2","December",8.9,9.08,8.97
2017-12-22,2017,"Q4","2017/18","Q2","December",8.2,9.5,8.22
2017-12-27,2017,"Q4","2017/18","Q2","December",8.74,9.46,8.79
2017-12-28,2017,"Q4","2017/18","Q2","December",9.08,9.55,9.26
2017-12-29,2017,"Q4","2017/18","Q2","December",7.35,9.55,7.4
2018-01-02,2018,"Q1","2017/18","Q3","January",7.79,9.55,9
2018-01-03,2018,"Q1","2017/18","Q3","January",8.23,9.5,8.31
2018-01-04,2018,"Q1","2017/18","Q3","January",8.56,9.54,8.71
2018-01-05,2018,"Q1","2017/18","Q3","January",8.27,9,8.18
2018-01-08,2018,"Q1","2017/18","Q3","January",6.63,9,6.63
2018-01-09,2018,"Q1","2017/18","Q3","January",6.7,9.5,6.84
2018-01-10,2018,"Q1","2017/18","Q3","January",7.07,9.45,7.39
2018-01-11,2018,"Q1","2017/18","Q3","January",9.53,9.6,9.57
2018-01-12,2018,"Q1","2017/18","Q3","January",9.34,9.5,9.34
2018-01-15,2018,"Q1","2017/18","Q3","January",10.31,10.05,10.28
2018-01-16,2018,"Q1","2017/18","Q3","January",9.63,10.05,9.63
2018-01-17,2018,"Q1","2017/18","Q3","January",9.46,9.73,9.58
2018-01-18,2018,"Q1","2017/18","Q3","January",8.15,9.67,9
2018-01-19,2018,"Q1","2017/18","Q3","January",5.73,9.42,6.05
2018-01-22,2018,"Q1","2017/18","Q3","January",8.29,10.26,8.86
2018-01-23,2018,"Q1","2017/18","Q3","January",6.39,10.26,6.39
2018-01-24,2018,"Q1","2017/18","Q3","January",5.14,9.5,5.85
2018-01-25,2018,"Q1","2017/18","Q3","January",9.71,9.69,9.7
2018-01-29,2018,"Q1","2017/18","Q3","January",9.09,9.74,9.2
2018-01-30,2018,"Q1","2017/18","Q3","January",7.82,9.6,7.9
2018-01-31,2018,"Q1","2017/18","Q3","January",8,9.5,8.06
2018-02-01,2018,"Q1","2017/18","Q3","February",9.03,9.73,9.35
2018-02-02,2018,"Q1","2017/18","Q3","February",8.52,9.73,8.52
2018-02-05,2018,"Q1","2017/18","Q3","February",9.06,9.73,9.06
2018-02-06,2018,"Q1","2017/18","Q3","February",8.95,9.73,8.97
2018-02-07,2018,"Q1","2017/18","Q3","February",10.59,10.5,10.59
2018-02-08,2018,"Q1","2017/18","Q3","February",7.17,9.7,8.65
2018-02-09,2018,"Q1","2017/18","Q3","February",6.68,9.61,6.85
2018-02-12,2018,"Q1","2017/18","Q3","February",7.39,9.61,7.39
2018-02-13,2018,"Q1","2017/18","Q3","February",7.01,9.35,6.89
2018-02-14,2018,"Q1","2017/18","Q3","February",6.83,9.35,6.83
2018-02-15,2018,"Q1","2017/18","Q3","February",6.44,9.35,6.44
2018-02-19,2018,"Q1","2017/18","Q3","February",8.25,9.35,8.25
2018-02-20,2018,"Q1","2017/18","Q3","February",8.12,9.35,8.13
2018-02-21,2018,"Q1","2017/18","Q3","February",8.08,9.35,8.08
2018-02-22,2018,"Q1","2017/18","Q3","February",7.74,9.3,8.22
2018-02-23,2018,"Q1","2017/18","Q3","February",7.75,9.3,7.75
2018-02-26,2018,"Q1","2017/18","Q3","February",8.66,9.28,8.83
2018-02-27,2018,"Q1","2017/18","Q3","February",7.45,9,7.52
2018-02-28,2018,"Q1","2017/18","Q3","February",6.23,9,6.23
2018-03-01,2018,"Q1","2017/18","Q3","March",7.94,9.1,8.18
2018-03-02,2018,"Q1","2017/18","Q3","March",6.84,9.1,6.95
2018-03-05,2018,"Q1","2017/18","Q3","March",7.26,9.1,7.26
2018-03-06,2018,"Q1","2017/18","Q3","March",7.33,9.1,7.33
2018-03-07,2018,"Q1","2017/18","Q3","March",7.18,9.06,7.21
2018-03-09,2018,"Q1","2017/18","Q3","March",7.18,9.06,7.21
2018-03-12,2018,"Q1","2017/18","Q3","March",8.46,9,8.49
2018-03-13,2018,"Q1","2017/18","Q3","March",8.82,9.07,8.85
2018-03-14,2018,"Q1","2017/18","Q3","March",8.64,9,8.69
2018-03-15,2018,"Q1","2017/18","Q3","March",8.32,9.15,8.58
2018-03-16,2018,"Q1","2017/18","Q3","March",9.04,9.19,9.05
2018-03-19,2018,"Q1","2017/18","Q3","March",8.17,9.19,8.17
2018-03-20,2018,"Q1","2017/18","Q3","March",8.19,9,8.19
2018-03-21,2018,"Q1","2017/18","Q3","March",7.9,9,8.1
2018-03-22,2018,"Q1","2017/18","Q3","March",9.4,9.33,9.37
2018-03-23,2018,"Q1","2017/18","Q3","March",7.56,9.25,7.75
2018-03-26,2018,"Q1","2017/18","Q3","March",7.37,9.15,7.39
2018-03-27,2018,"Q1","2017/18","Q3","March",7.38,9.06,7.57
2018-03-28,2018,"Q1","2017/18","Q3","March",7.47,9.2,8
2018-03-29,2018,"Q1","2017/18","Q3","March",6.43,9.2,6.43
2018-04-03,2018,"Q2","2017/18","Q4","April",7.34,9,7.63
2018-04-04,2018,"Q2","2017/18","Q4","April",8.76,9,8.76
2018-04-05,2018,"Q2","2017/18","Q4","April",9.09,9.1,9.09
2018-04-06,2018,"Q2","2017/18","Q4","April",7.49,9.2,7.71
2018-04-09,2018,"Q2","2017/18","Q4","April",8.09,9.27,8.26
2018-04-10,2018,"Q2","2017/18","Q4","April",8.44,9.41,8.5
2018-04-11,2018,"Q2","2017/18","Q4","April",8.66,9.36,8.85
2018-04-12,2018,"Q2","2017/18","Q4","April",8.04,9.1,8.26
2018-04-13,2018,"Q2","2017/18","Q4","April",6.95,10.13,7.03
2018-04-16,2018,"Q2","2017/18","Q4","April",8.95,10.5,9.08
2018-04-17,2018,"Q2","2017/18","Q4","April",8.56,10.5,8.56
2018-04-18,2018,"Q2","2017/18","Q4","April",6.9,9.15,7.13
2018-04-19,2018,"Q2","2017/18","Q4","April",9.36,9.17,9.33
2018-04-20,2018,"Q2","2017/18","Q4","April",8.78,9.19,8.85
2018-04-23,2018,"Q2","2017/18","Q4","April",6.93,9.07,7.1
2018-04-24,2018,"Q2","2017/18","Q4","April",7.55,9.2,7.62
2018-04-25,2018,"Q2","2017/18","Q4","April",7.03,9.5,7.09
2018-04-26,2018,"Q2","2017/18","Q4","April",7.42,9.3,7.94
2018-04-27,2018,"Q2","2017/18","Q4","April",5.47,9,5.9
2018-04-30,2018,"Q2","2017/18","Q4","April",5.54,9.5,5.64
2018-05-02,2018,"Q2","2017/18","Q4","May",7.86,9.5,7.86
2018-05-03,2018,"Q2","2017/18","Q4","May",7.67,9.23,7.93
2018-05-04,2018,"Q2","2017/18","Q4","May",6.61,9.1,6.771
2018-05-07,2018,"Q2","2017/18","Q4","May",6.73,9.16,7.44
2018-05-08,2018,"Q2","2017/18","Q4","May",7.13,9.08,7.58
2018-05-09,2018,"Q2","2017/18","Q4","May",6.65,9.07,6.83
2018-05-10,2018,"Q2","2017/18","Q4","May",6.13,9.14,6.73
2018-05-11,2018,"Q2","2017/18","Q4","May",5.3,9.29,5.53
2018-05-14,2018,"Q2","2017/18","Q4","May",6.5,9.27,6.66
2018-05-15,2018,"Q2","2017/18","Q4","May",8.55,9.66,8.67
2018-05-16,2018,"Q2","2017/18","Q4","May",6.27,9.13,6.93
2018-05-17,2018,"Q2","2017/18","Q4","May",9.05,9.12,9.07
2018-05-18,2018,"Q2","2017/18","Q4","May",7.61,9,7.7
2018-05-21,2018,"Q2","2017/18","Q4","May",7.46,9.46,7.99
2018-05-22,2018,"Q2","2017/18","Q4","May",8.14,9.25,8.18
2018-05-23,2018,"Q2","2017/18","Q4","May",6.88,9.29,6.99
2018-05-24,2018,"Q2","2017/18","Q4","May",9.21,9.22,9.21
2018-05-25,2018,"Q2","2017/18","Q4","May",8.68,9.08,8.7
2018-05-28,2018,"Q2","2017/18","Q4","May",8.56,9.1,8.56
2018-05-29,2018,"Q2","2017/18","Q4","May",7.89,9.15,7.92
2018-05-30,2018,"Q2","2017/18","Q4","May",10.27,9.15,10.27
2018-05-31,2018,"Q2","2017/18","Q4","May",7.14,9.12,7.82
2018-06-01,2018,"Q2","2017/18","Q4","June",7.16,9.11,7.86
2018-06-04,2018,"Q2","2017/18","Q4","June",6.85,9.05,7.33
2018-06-05,2018,"Q2","2017/18","Q4","June",7.34,9.07,7.64
2018-06-06,2018,"Q2","2017/18","Q4","June",8.21,9.46,8.39
2018-06-07,2018,"Q2","2017/18","Q4","June",8.83,9.16,8.99
2018-06-08,2018,"Q2","2017/18","Q4","June",8.83,9.16,8.99
2018-06-11,2018,"Q2","2017/18","Q4","June",7.79,9.09,8.12
2018-06-12,2018,"Q2","2017/18","Q4","June",8.87,9,8.9
2018-06-13,2018,"Q2","2017/18","Q4","June",7.44,9.18,7.59
2018-06-14,2018,"Q2","2017/18","Q4","June",9.17,9.29,9.26
2018-06-18,2018,"Q2","2017/18","Q4","June",9.27,9.15,9.27
2018-06-19,2018,"Q2","2017/18","Q4","June",9.47,9.5,9.47
2018-06-20,2018,"Q2","2017/18","Q4","June",9.88,9.86,9.87
2018-06-21,2018,"Q2","2017/18","Q4","June",9.3,10.09,9.61
2018-06-22,2018,"Q2","2017/18","Q4","June",9.44,9.36,9.44
2018-06-25,2018,"Q2","2017/18","Q4","June",6.28,9.8,6.65
2018-06-26,2018,"Q2","2017/18","Q4","June",9,9.19,9.04
2018-06-27,2018,"Q2","2017/18","Q4","June",8.64,9.15,8.81
2018-06-28,2018,"Q2","2017/18","Q4","June",9.06,9.19,9.13
2018-06-29,2018,"Q2","2017/18","Q4","June",8.36,9.33,8.46
2018-07-02,2018,"Q3","2018/19","Q1","July",9.62,9.19,9.57
2018-07-03,2018,"Q3","2018/19","Q1","July",10.33,10.68,10.35
2018-07-04,2018,"Q3","2018/19","Q1","July",10.9503,11.52778,11.07154
2018-07-05,2018,"Q3","2018/19","Q1","July",8.64,10.32,9.37
2018-07-06,2018,"Q3","2018/19","Q1","July",8.92,10.38,9.25
2018-07-09,2018,"Q3","2018/19","Q1","July",8.82,10.38,8.82
2018-07-11,2018,"Q3","2018/19","Q1","July",9.21,10.38,9.21
2018-07-12,2018,"Q3","2018/19","Q1","July",8.82,9.54,9.28
2018-07-13,2018,"Q3","2018/19","Q1","July",9.09,12,9.15
2018-07-16,2018,"Q3","2018/19","Q1","July",7.71,9.38,8.05
2018-07-17,2018,"Q3","2018/19","Q1","July",7.35,10.63,7.39
2018-07-18,2018,"Q3","2018/19","Q1","July",8.16,9.5,8.32
2018-07-19,2018,"Q3","2018/19","Q1","July",9.29,9.47,9.38
2018-07-20,2018,"Q3","2018/19","Q1","July",8.72,10.29,8.79
2018-07-23,2018,"Q3","2018/19","Q1","July",8.63,9.83,8.77
2018-07-24,2018,"Q3","2018/19","Q1","July",6.58,9.63,6.58
2018-07-25,2018,"Q3","2018/19","Q1","July",6.32,9.63,6.32
2018-07-26,2018,"Q3","2018/19","Q1","July",8.7,9.49,9.28
2018-07-27,2018,"Q3","2018/19","Q1","July",8.98,9.49,8.98
2018-07-30,2018,"Q3","2018/19","Q1","July",8.73,9.95,9.1
2018-07-31,2018,"Q3","2018/19","Q1","July",9.25,9.39,9.32
2018-08-01,2018,"Q3","2018/19","Q1","August",6.53,10.17,7
2018-08-02,2018,"Q3","2018/19","Q1","August",6.73,9.5,7.5
2018-08-03,2018,"Q3","2018/19","Q1","August",4.86,9.4,5.01
2018-08-06,2018,"Q3","2018/19","Q1","August",8.68,9.63,8.72
2018-08-07,2018,"Q3","2018/19","Q1","August",8.21,9.63,8.21
2018-08-08,2018,"Q3","2018/19","Q1","August",8.02,9.75,8.06
2018-08-09,2018,"Q3","2018/19","Q1","August",7.95,9.4,8.67
2018-08-10,2018,"Q3","2018/19","Q1","August",8.35,9.3,8.61
2018-08-13,2018,"Q3","2018/19","Q1","August",7.48,9.3,7.48
2018-08-14,2018,"Q3","2018/19","Q1","August",6.47,9.56,7.09
2018-08-15,2018,"Q3","2018/19","Q1","August",8.82,8.9,8.83
2018-08-16,2018,"Q3","2018/19","Q1","August",7.61,9.33,8.88
2018-08-17,2018,"Q3","2018/19","Q1","August",6.98,9.33,6.98
2018-08-20,2018,"Q3","2018/19","Q1","August",9.14,9.3,9.05
2018-08-22,2018,"Q3","2018/19","Q1","August",8.09,9.05,8.22
2018-08-23,2018,"Q3","2018/19","Q1","August",9.1,9.28,9.14
2018-08-24,2018,"Q3","2018/19","Q1","August",8.05,9.11,8.11
2018-08-27,2018,"Q3","2018/19","Q1","August",7.29,9.41,7.9
2018-08-28,2018,"Q3","2018/19","Q1","August",8.59,9.41,8.76
2018-08-29,2018,"Q3","2018/19","Q1","August",8.94,9.25,9.01
2018-08-30,2018,"Q3","2018/19","Q1","August",8.81,9.28,9.04
2018-08-31,2018,"Q3","2018/19","Q1","August",9.04,9.27,9.08
2018-09-03,2018,"Q3","2018/19","Q1","September",9.48,9,9.46
2018-09-04,2018,"Q3","2018/19","Q1","September",8.07,9.1,8.24
2018-09-05,2018,"Q3","2018/19","Q1","September",6.86,9,6.96
2018-09-06,2018,"Q3","2018/19","Q1","September",8.89,9.35,9.15
2018-09-07,2018,"Q3","2018/19","Q1","September",8.38,9.35,8.38
2018-09-10,2018,"Q3","2018/19","Q1","September",7.63,9.25,7.73
2018-09-11,2018,"Q3","2018/19","Q1","September",9.24,9.5,9.24
2018-09-12,2018,"Q3","2018/19","Q1","September",8.81,9.5,8.84
2018-09-13,2018,"Q3","2018/19","Q1","September",8.74,9.38,9.17
2018-09-14,2018,"Q3","2018/19","Q1","September",7.39,9.38,7.39
2018-09-17,2018,"Q3","2018/19","Q1","September",8.49,9.38,8.52
2018-09-18,2018,"Q3","2018/19","Q1","September",7.6,9.28,7.66
2018-09-19,2018,"Q3","2018/19","Q1","September",9.43,9.33,9.4
2018-09-20,2018,"Q3","2018/19","Q1","September",8.2,9.42,9
2018-09-21,2018,"Q3","2018/19","Q1","September",7.75,9.38,8.04
2018-09-24,2018,"Q3","2018/19","Q1","September",8.84,9.38,8.84
2018-09-25,2018,"Q3","2018/19","Q1","September",7.81,9.43,8.15
2018-09-26,2018,"Q3","2018/19","Q1","September",7.51,9.2,7.87
2018-09-27,2018,"Q3","2018/19","Q1","September",8.77,9.33,9.17
2018-09-28,2018,"Q3","2018/19","Q1","September",8.63,9.06,8.73
2018-10-01,2018,"Q4","2018/19","Q2","October",8.93,9.22,8.98
2018-10-02,2018,"Q4","2018/19","Q2","October",7.96,9,8.37
2018-10-03,2018,"Q4","2018/19","Q2","October",7.32,9.2,7.37
2018-10-04,2018,"Q4","2018/19","Q2","October",10.36,10.36,10.36
2018-10-05,2018,"Q4","2018/19","Q2","October",10.81,10.36,10.81
2018-10-08,2018,"Q4","2018/19","Q2","October",10.87,10.36,10.87
2018-10-10,2018,"Q4","2018/19","Q2","October",10.92,10.5,10.91
2018-10-11,2018,"Q4","2018/19","Q2","October",10.82,10.97,10.95
2018-10-12,2018,"Q4","2018/19","Q2","October",9.9,11,10.09
2018-10-15,2018,"Q4","2018/19","Q2","October",7.52,11,7.52
2018-10-16,2018,"Q4","2018/19","Q2","October",6.84,10,7.1
2018-10-17,2018,"Q4","2018/19","Q2","October",9.45,8.88,8.53
2018-10-18,2018,"Q4","2018/19","Q2","October",10.56,10.57,10.57
2018-10-19,2018,"Q4","2018/19","Q2","October",9.24,10.31,9.44
2018-10-22,2018,"Q4","2018/19","Q2","October",9.54,10.65,9.66
2018-10-23,2018,"Q4","2018/19","Q2","October",9.08,10.85,9.21
2018-10-24,2018,"Q4","2018/19","Q2","October",8.55,10.47,8.71
2018-10-25,2018,"Q4","2018/19","Q2","October",10.26,10.51,10.43
2018-10-26,2018,"Q4","2018/19","Q2","October",7.59,10.51,7.59
2018-10-29,2018,"Q4","2018/19","Q2","October",9.65,10.84,10.03
2018-10-30,2018,"Q4","2018/19","Q2","October",8.33,10.84,8.36
2018-10-31,2018,"Q4","2018/19","Q2","October",6.49,10.25,6.55
2018-11-01,2018,"Q4","2018/19","Q2","November",10.41,10.5,10.49
2018-11-02,2018,"Q4","2018/19","Q2","November",7.03,10.37,7.41
2018-11-05,2018,"Q4","2018/19","Q2","November",9.67,10.34,9.99
2018-11-06,2018,"Q4","2018/19","Q2","November",8.27,10.43,9.71
2018-11-07,2018,"Q4","2018/19","Q2","November",7.52,10.25,7.61
2018-11-08,2018,"Q4","2018/19","Q2","November",10.25,10.47,10.36
2018-11-09,2018,"Q4","2018/19","Q2","November",8.18,10.3,8.28
2018-11-12,2018,"Q4","2018/19","Q2","November",10.21,10.3,10.21
2018-11-13,2018,"Q4","2018/19","Q2","November",8.89,10.3,8.89
2018-11-14,2018,"Q4","2018/19","Q2","November",9.21,10.15,9.25
2018-11-15,2018,"Q4","2018/19","Q2","November",7.93,10.44,9.76
2018-11-16,2018,"Q4","2018/19","Q2","November",9.74,10.33,9.86
2018-11-19,2018,"Q4","2018/19","Q2","November",10.28,10.33,10.23
2018-11-20,2018,"Q4","2018/19","Q2","November",9.93,10.33,9.93
2018-11-21,2018,"Q4","2018/19","Q2","November",9.83,10.25,9.87
2018-11-22,2018,"Q4","2018/19","Q2","November",10.05,10.48,10.31
2018-11-23,2018,"Q4","2018/19","Q2","November",8.05,10.38,8.35
2018-11-26,2018,"Q4","2018/19","Q2","November",7.81,10,8.03
2018-11-27,2018,"Q4","2018/19","Q2","November",9.68,10,9.86
2018-11-28,2018,"Q4","2018/19","Q2","November",7.18,10,7.18
2018-11-29,2018,"Q4","2018/19","Q2","November",8.53,10.45,9.44
2018-11-30,2018,"Q4","2018/19","Q2","November",9.3,10.45,9.3
2018-12-03,2018,"Q4","2018/19","Q2","December",8.54,10.25,8.61
2018-12-04,2018,"Q4","2018/19","Q2","December",8.9,10.25,9.07
2018-12-05,2018,"Q4","2018/19","Q2","December",9.33,10.25,9.33
2018-12-06,2018,"Q4","2018/19","Q2","December",8.55,10.66,9.78
2018-12-07,2018,"Q4","2018/19","Q2","December",7.55,10.66,7.55
2018-12-10,2018,"Q4","2018/19","Q2","December",8.47,10.66,8.87
2018-12-11,2018,"Q4","2018/19","Q2","December",8.61,10,8.65
2018-12-12,2018,"Q4","2018/19","Q2","December",9.39,10,9.39
2018-12-13,2018,"Q4","2018/19","Q2","December",10.05,10.46,10.28
2018-12-14,2018,"Q4","2018/19","Q2","December",9.07,10.07,9.16
2018-12-17,2018,"Q4","2018/19","Q2","December",10.29,10.5,10.34
2018-12-18,2018,"Q4","2018/19","Q2","December",8.59,10.61,9.29
2018-12-19,2018,"Q4","2018/19","Q2","December",9.76,10.5,9.79
2018-12-20,2018,"Q4","2018/19","Q2","December",10.47,10.48,10.47
2018-12-21,2018,"Q4","2018/19","Q2","December",10.34,10.5,10.37
2018-12-24,2018,"Q4","2018/19","Q2","December",9.57,10.5,9.57
2018-12-27,2018,"Q4","2018/19","Q2","December",10.34,11.01,10.68
2018-12-28,2018,"Q4","2018/19","Q2","December",10.31,11.5,10.62
2018-12-31,2018,"Q4","2018/19","Q2","December",9.05,10.15,9.07
2019-01-02,2019,"Q1","2018/19","Q3","January",9.95,10.42,10.03
2019-01-03,2019,"Q1","2018/19","Q3","January",10.77,10.92,10.85
2019-01-04,2019,"Q1","2018/19","Q3","January",10.38,10.5,10.39
2019-01-07,2019,"Q1","2018/19","Q3","January",10.32,11.18,10.39
2019-01-08,2019,"Q1","2018/19","Q3","January",9.57,10.88,9.61
2019-01-09,2019,"Q1","2018/19","Q3","January",6.41,10.22,6.6
2019-01-10,2019,"Q1","2018/19","Q3","January",10.65,10.53,10.57
2019-01-11,2019,"Q1","2018/19","Q3","January",9.9,10.5,9.95
2019-01-14,2019,"Q1","2018/19","Q3","January",10.03,10.68,10.19
2019-01-15,2019,"Q1","2018/19","Q3","January",9.61,10.5,9.66
2019-01-16,2019,"Q1","2018/19","Q3","January",9.56,10.81,9.71
2019-01-17,2019,"Q1","2018/19","Q3","January",10.51,10.67,10.59
2019-01-18,2019,"Q1","2018/19","Q3","January",9.51,10.58,9.64
2019-01-21,2019,"Q1","2018/19","Q3","January",8.28,10.33,8.93
2019-01-22,2019,"Q1","2018/19","Q3","January",8.98,10.33,9.09
2019-01-23,2019,"Q1","2018/19","Q3","January",6.26,10.33,7.05
2019-01-24,2019,"Q1","2018/19","Q3","January",10.68,10.49,10.59
2019-01-25,2019,"Q1","2018/19","Q3","January",10.76,10.28,10.56
2019-01-28,2019,"Q1","2018/19","Q3","January",9.57,10.38,9.67
2019-01-29,2019,"Q1","2018/19","Q3","January",9.78,10.41,9.82
2019-01-30,2019,"Q1","2018/19","Q3","January",9.61,10.38,9.93
2019-01-31,2019,"Q1","2018/19","Q3","January",7.61,10.41,9.21
2019-02-01,2019,"Q1","2018/19","Q3","February",7.1,10.17,7.61
2019-02-04,2019,"Q1","2018/19","Q3","February",9.59,10.25,9.76
2019-02-05,2019,"Q1","2018/19","Q3","February",9.21,10.25,9.21
2019-02-06,2019,"Q1","2018/19","Q3","February",7.15,10.34,7.5
2019-02-07,2019,"Q1","2018/19","Q3","February",9.49,10.35,9.96
2019-02-08,2019,"Q1","2018/19","Q3","February",7.68,10.25,8.25
2019-02-11,2019,"Q1","2018/19","Q3","February",7.74,10.1,8.18
2019-02-12,2019,"Q1","2018/19","Q3","February",7.06,10.25,7.54
2019-02-13,2019,"Q1","2018/19","Q3","February",6.54,10.25,6.71
2019-02-14,2019,"Q1","2018/19","Q3","February",8.88,10.27,9.64
2019-02-15,2019,"Q1","2018/19","Q3","February",7.49,10.31,7.85
2019-02-18,2019,"Q1","2018/19","Q3","February",7.86,10.25,8.18
2019-02-19,2019,"Q1","2018/19","Q3","February",8.65,10.7,8.88
2019-02-20,2019,"Q1","2018/19","Q3","February",9.48,10.26,9.57
2019-02-21,2019,"Q1","2018/19","Q3","February",9.72,10.26,9.93
2019-02-22,2019,"Q1","2018/19","Q3","February",9,10.26,9.22
2019-02-25,2019,"Q1","2018/19","Q3","February",7.74,10.09,8
2019-02-26,2019,"Q1","2018/19","Q3","February",7.37,10.14,7.89
2019-02-27,2019,"Q1","2018/19","Q3","February",9.51,10.12,9.59
2019-02-28,2019,"Q1","2018/19","Q3","February",10.1,10.3,10.21
2019-03-01,2019,"Q1","2018/19","Q3","March",8.11,10.3,8.33
2019-03-04,2019,"Q1","2018/19","Q3","March",9.57,10.28,9.59
2019-03-05,2019,"Q1","2018/19","Q3","March",8.23,10.46,8.69
2019-03-06,2019,"Q1","2018/19","Q3","March",8.23,10.46,8.69
2019-03-07,2019,"Q1","2018/19","Q3","March",7.82,10.27,8.95
2019-03-11,2019,"Q1","2018/19","Q3","March",10.14,10.28,10.15
2019-03-12,2019,"Q1","2018/19","Q3","March",9.4,10.2,9.64
2019-03-13,2019,"Q1","2018/19","Q3","March",10.01,10.28,10.11
2019-03-14,2019,"Q1","2018/19","Q3","March",10.06,10.33,10.12
2019-03-15,2019,"Q1","2018/19","Q3","March",9.45,10.41,9.67
2019-03-18,2019,"Q1","2018/19","Q3","March",9.5,10.41,9.67
2019-03-19,2019,"Q1","2018/19","Q3","March",8.28,10.25,8.32
2019-03-20,2019,"Q1","2018/19","Q3","March",7.39,10.25,7.68
2019-03-21,2019,"Q1","2018/19","Q3","March",9.37,10.42,9.73
2019-03-22,2019,"Q1","2018/19","Q3","March",9.97,10.5,10.06
2019-03-25,2019,"Q1","2018/19","Q3","March",9,10.13,9.09
2019-03-26,2019,"Q1","2018/19","Q3","March",6.59,10.21,6.88
2019-03-27,2019,"Q1","2018/19","Q3","March",8.17,10.25,9.15
2019-03-28,2019,"Q1","2018/19","Q3","March",10.29,10.24,10.27
2019-03-29,2019,"Q1","2018/19","Q3","March",7.96,10.44,8.12
2019-04-01,2019,"Q2","2018/19","Q4","April",7.74,10.1,7.78
2019-04-02,2019,"Q2","2018/19","Q4","April",6.35,10.13,6.61
2019-04-03,2019,"Q2","2018/19","Q4","April",8.01,10.25,8.14
2019-04-04,2019,"Q2","2018/19","Q4","April",10.07,10.29,10.03
2019-04-05,2019,"Q2","2018/19","Q4","April",10.03,10.29,10.03
2019-04-08,2019,"Q2","2018/19","Q4","April",9.38,10.6,9.7
2019-04-09,2019,"Q2","2018/19","Q4","April",9.57,10.06,9.73
2019-04-10,2019,"Q2","2018/19","Q4","April",9.26,10.32,9.66
2019-04-11,2019,"Q2","2018/19","Q4","April",9.79,10.44,10.37
2019-04-12,2019,"Q2","2018/19","Q4","April",9.08,10.44,9.08
2019-04-15,2019,"Q2","2018/19","Q4","April",6.57,10.25,7.17
2019-04-16,2019,"Q2","2018/19","Q4","April",6.64,10.25,6.64
2019-04-17,2019,"Q2","2018/19","Q4","April",8.67,10.07,9.37
2019-04-18,2019,"Q2","2018/19","Q4","April",9.65,10.38,9.8
2019-04-23,2019,"Q2","2018/19","Q4","April",10.39,10.28,10.38
2019-04-24,2019,"Q2","2018/19","Q4","April",10.48,10.5,10.39
2019-04-25,2019,"Q2","2018/19","Q4","April",9.61,10.43,10
2019-04-26,2019,"Q2","2018/19","Q4","April",8.4,9,8.48
2019-04-29,2019,"Q2","2018/19","Q4","April",8.34,10.15,8.42
2019-04-30,2019,"Q2","2018/19","Q4","April",7.95,10.25,7.98
2019-05-02,2019,"Q2","2018/19","Q4","May",9.87,10.26,10.15
2019-05-03,2019,"Q2","2018/19","Q4","May",7.66,10.35,7.96
2019-05-06,2019,"Q2","2018/19","Q4","May",8.63,10.19,8.97
2019-05-07,2019,"Q2","2018/19","Q4","May",7.69,10.22,8.08
2019-05-08,2019,"Q2","2018/19","Q4","May",8.6,10,8.68
2019-05-09,2019,"Q2","2018/19","Q4","May",8.96,10.16,9.48
2019-05-10,2019,"Q2","2018/19","Q4","May",8.33,10.21,8.51
2019-05-13,2019,"Q2","2018/19","Q4","May",8.84,10.21,8.84
2019-05-14,2019,"Q2","2018/19","Q4","May",8.28,10.1,8.35
2019-05-15,2019,"Q2","2018/19","Q4","May",9.88,10.29,9.97
2019-05-16,2019,"Q2","2018/19","Q4","May",9.85,10.28,10.05
2019-05-17,2019,"Q2","2018/19","Q4","May",9.37,10.4,9.48
2019-05-20,2019,"Q2","2018/19","Q4","May",9.27,10.36,9.33
2019-05-21,2019,"Q2","2018/19","Q4","May",8.67,10.2,8.7
2019-05-22,2019,"Q2","2018/19","Q4","May",9.74,10.33,9.81
2019-05-23,2019,"Q2","2018/19","Q4","May",10.07,10.35,10.27
2019-05-24,2019,"Q2","2018/19","Q4","May",10,10.35,10.15
2019-05-27,2019,"Q2","2018/19","Q4","May",8.78,10.35,8.78
2019-05-28,2019,"Q2","2018/19","Q4","May",7.02,10,7.25
2019-05-29,2019,"Q2","2018/19","Q4","May",8.47,10,8.63
2019-05-30,2019,"Q2","2018/19","Q4","May",9.67,10.25,10.13
2019-05-31,2019,"Q2","2018/19","Q4","May",8.49,10,8.52
2019-06-05,2019,"Q2","2018/19","Q4","June",9.29,10.23,9.98
2019-06-06,2019,"Q2","2018/19","Q4","June",7.41,10.25,8.74
2019-06-07,2019,"Q2","2018/19","Q4","June",9.86,10.09,9.89
2019-06-10,2019,"Q2","2018/19","Q4","June",8.43,10.25,8.49
2019-06-11,2019,"Q2","2018/19","Q4","June",8.3,10.15,8.66
2019-06-12,2019,"Q2","2018/19","Q4","June",7.13,10.25,7.24
2019-06-13,2019,"Q2","2018/19","Q4","June",9.55,10.24,10.09
2019-06-14,2019,"Q2","2018/19","Q4","June",7.89,10.05,7.98
2019-06-17,2019,"Q2","2018/19","Q4","June",9.95,10.05,9.95
2019-06-18,2019,"Q2","2018/19","Q4","June",7.84,10.05,7.84
2019-06-19,2019,"Q2","2018/19","Q4","June",10.01,10.05,10.01
2019-06-20,2019,"Q2","2018/19","Q4","June",9.67,10.24,10.05
2019-06-21,2019,"Q2","2018/19","Q4","June",8.21,10.24,8.3
2019-06-24,2019,"Q2","2018/19","Q4","June",8.94,10.08,9.75
2019-06-25,2019,"Q2","2018/19","Q4","June",9.33,10.08,8.56
2019-06-26,2019,"Q2","2018/19","Q4","June",9.33,10.15,9.49
2019-06-27,2019,"Q2","2018/19","Q4","June",8.33,10.21,9.51
2019-06-28,2019,"Q2","2018/19","Q4","June",10.02,10.21,10.02
2019-07-01,2019,"Q3","2019/20","Q1","July",8.63,10.18,8.73
2019-07-02,2019,"Q3","2019/20","Q1","July",8.05,10.35,8.2
2019-07-03,2019,"Q3","2019/20","Q1","July",7.39,10,7.48
2019-07-04,2019,"Q3","2019/20","Q1","July",10.28,10.23,10.23
2019-07-05,2019,"Q3","2019/20","Q1","July",8.93,10.23,8.83
2019-07-08,2019,"Q3","2019/20","Q1","July",10.24,10.26,10.24
2019-07-09,2019,"Q3","2019/20","Q1","July",9.88,10.98,10.1
2019-07-10,2019,"Q3","2019/20","Q1","July",9.59,11,9.66
2019-07-11,2019,"Q3","2019/20","Q1","July",9.91,10.22,10.07
2019-07-12,2019,"Q3","2019/20","Q1","July",8.5,10.25,8.79
2019-07-15,2019,"Q3","2019/20","Q1","July",7.12,10.22,7.2
2019-07-16,2019,"Q3","2019/20","Q1","July",8.85,10.36,9.12
2019-07-17,2019,"Q3","2019/20","Q1","July",10.15,11,10.16
2019-07-18,2019,"Q3","2019/20","Q1","July",10.06,10.25,10.11
2019-07-19,2019,"Q3","2019/20","Q1","July",10.1,10.43,10.12
2019-07-22,2019,"Q3","2019/20","Q1","July",9.97,10.22,9.99
2019-07-23,2019,"Q3","2019/20","Q1","July",7.43,10.22,7.43
2019-07-24,2019,"Q3","2019/20","Q1","July",5.21,10.16,5.55
2019-07-25,2019,"Q3","2019/20","Q1","July",10.39,10.28,10.31
2019-07-26,2019,"Q3","2019/20","Q1","July",10.02,10.36,10.06
2019-07-29,2019,"Q3","2019/20","Q1","July",9.64,10.28,9.89
2019-07-30,2019,"Q3","2019/20","Q1","July",10.15,10.5,10.4
2019-07-31,2019,"Q3","2019/20","Q1","July",10.28,10.5,10.28
2019-08-01,2019,"Q3","2019/20","Q1","August",10.24,10.28,10.26
2019-08-02,2019,"Q3","2019/20","Q1","August",9.69,10.19,9.96
2019-08-05,2019,"Q3","2019/20","Q1","August",7.68,10.19,7.8
2019-08-06,2019,"Q3","2019/20","Q1","August",8.09,10.19,8.5
2019-08-07,2019,"Q3","2019/20","Q1","August",9.69,10.19,9.69
2019-08-08,2019,"Q3","2019/20","Q1","August",10.93,10.24,10.66
2019-08-09,2019,"Q3","2019/20","Q1","August",11.31,10.79,11.26
2019-08-12,2019,"Q3","2019/20","Q1","August",8.84,10.38,9.13
2019-08-13,2019,"Q3","2019/20","Q1","August",9.34,10.86,9.42
2019-08-14,2019,"Q3","2019/20","Q1","August",9.33,10.33,9.63
2019-08-15,2019,"Q3","2019/20","Q1","August",9.9,10.25,10.02
2019-08-16,2019,"Q3","2019/20","Q1","August",9.28,10,9.29
2019-08-19,2019,"Q3","2019/20","Q1","August",8.44,10.25,8.53
2019-08-20,2019,"Q3","2019/20","Q1","August",6.48,10.25,6.58
2019-08-21,2019,"Q3","2019/20","Q1","August",8.78,10.5,8.82
2019-08-22,2019,"Q3","2019/20","Q1","August",10.13,10.24,10.17
2019-08-23,2019,"Q3","2019/20","Q1","August",9.82,10.32,9.92
2019-08-26,2019,"Q3","2019/20","Q1","August",8.26,10.32,8.28
2019-08-27,2019,"Q3","2019/20","Q1","August",9.1,10.08,9.71
2019-08-28,2019,"Q3","2019/20","Q1","August",9.26,10.5,9.3
2019-08-29,2019,"Q3","2019/20","Q1","August",8.42,10.16,8.77
2019-08-30,2019,"Q3","2019/20","Q1","August",8.24,10.16,8.24
2019-09-02,2019,"Q3","2019/20","Q1","September",7.82,10.16,7.82
2019-09-03,2019,"Q3","2019/20","Q1","September",8.32,10.16,8.26
2019-09-04,2019,"Q3","2019/20","Q1","September",8.06,10.16,8.07
2019-09-05,2019,"Q3","2019/20","Q1","September",10.2,10,10.16
2019-09-06,2019,"Q3","2019/20","Q1","September",8.18,10,8.18
2019-09-09,2019,"Q3","2019/20","Q1","September",8.01,10,8.79
2019-09-10,2019,"Q3","2019/20","Q1","September",10.24,10,10.24
2019-09-11,2019,"Q3","2019/20","Q1","September",9.99,10,9.99
2019-09-12,2019,"Q3","2019/20","Q1","September",9.06,10.11,9.43
2019-09-13,2019,"Q3","2019/20","Q1","September",9.15,10,9.18
2019-09-16,2019,"Q3","2019/20","Q1","September",8.13,10,8.2
2019-09-17,2019,"Q3","2019/20","Q1","September",7.64,10,7.74
2019-09-18,2019,"Q3","2019/20","Q1","September",7.11,10,7.11
2019-09-19,2019,"Q3","2019/20","Q1","September",9.62,10.17,9.83
2019-09-20,2019,"Q3","2019/20","Q1","September",9.54,10.15,9.55
2019-09-23,2019,"Q3","2019/20","Q1","September",9.46,10.15,9.47
2019-09-24,2019,"Q3","2019/20","Q1","September",8.02,10.15,8.02
2019-09-25,2019,"Q3","2019/20","Q1","September",7.49,10.15,7.49
2019-09-26,2019,"Q3","2019/20","Q1","September",7.7,10.15,7.7
2019-09-27,2019,"Q3","2019/20","Q1","September",6.93,10.15,7.11
2019-09-30,2019,"Q3","2019/20","Q1","September",9.55,10.15,9.55
2019-10-01,2019,"Q4","2019/20","Q2","October",9.24,10.15,9.2
2019-10-02,2019,"Q4","2019/20","Q2","October",9.41,10,9.42
2019-10-03,2019,"Q4","2019/20","Q2","October",9.48,10.15,9.74
2019-10-04,2019,"Q4","2019/20","Q2","October",9.82,10.25,9.85
2019-10-07,2019,"Q4","2019/20","Q2","October",7.39,10,7.45
2019-10-08,2019,"Q4","2019/20","Q2","October",8.11,10.13,8.16
2019-10-10,2019,"Q4","2019/20","Q2","October",9.01,9.59,9.14
2019-10-11,2019,"Q4","2019/20","Q2","October",8.82,9.5,8.84
2019-10-14,2019,"Q4","2019/20","Q2","October",6.91,10.5,6.96
2019-10-15,2019,"Q4","2019/20","Q2","October",8.22,10,9.44
2019-10-16,2019,"Q4","2019/20","Q2","October",9.05,10,8.42
2019-10-17,2019,"Q4","2019/20","Q2","October",8.56,9.04,8.79
2019-10-18,2019,"Q4","2019/20","Q2","October",6.91,8.93,7.19
2019-10-21,2019,"Q4","2019/20","Q2","October",7.94,8.93,8.01
2019-10-22,2019,"Q4","2019/20","Q2","October",7.66,9.27,7.72
2019-10-23,2019,"Q4","2019/20","Q2","October",6.58,9,6.74
2019-10-24,2019,"Q4","2019/20","Q2","October",7.64,9.25,7.83
2019-10-25,2019,"Q4","2019/20","Q2","October",6.38,9,6.44
2019-10-28,2019,"Q4","2019/20","Q2","October",8.42,9,8.58
2019-10-29,2019,"Q4","2019/20","Q2","October",6.76,9,7.02
2019-10-30,2019,"Q4","2019/20","Q2","October",6.37,9.5,6.42
2019-10-31,2019,"Q4","2019/20","Q2","October",7.03,9.18,7.95
2019-11-01,2019,"Q4","2019/20","Q2","November",6.04,9,6.27
2019-11-04,2019,"Q4","2019/20","Q2","November",9,9.22,9.06
2019-11-05,2019,"Q4","2019/20","Q2","November",6.8,9,7.08
2019-11-06,2019,"Q4","2019/20","Q2","November",7.2,9,7.2
2019-11-07,2019,"Q4","2019/20","Q2","November",8.8,9.04,8.88
2019-11-08,2019,"Q4","2019/20","Q2","November",6.38,9,6.54
2019-11-11,2019,"Q4","2019/20","Q2","November",7.71,7,7.65
2019-11-12,2019,"Q4","2019/20","Q2","November",6.5,9.24,7.06
2019-11-13,2019,"Q4","2019/20","Q2","November",8.73,9.24,8.73
2019-11-14,2019,"Q4","2019/20","Q2","November",8.67,8.64,8.66
2019-11-15,2019,"Q4","2019/20","Q2","November",8.44,8.64,8.47
2019-11-18,2019,"Q4","2019/20","Q2","November",7.54,9,7.55
2019-11-19,2019,"Q4","2019/20","Q2","November",7.75,9.25,8
2019-11-20,2019,"Q4","2019/20","Q2","November",8.15,9.25,8.15
2019-11-21,2019,"Q4","2019/20","Q2","November",7.31,9.23,8.47
2019-11-22,2019,"Q4","2019/20","Q2","November",8.02,9,8.12
2019-11-25,2019,"Q4","2019/20","Q2","November",8.3,9,8.3
2019-11-26,2019,"Q4","2019/20","Q2","November",7.5,9.5,7.6
2019-11-27,2019,"Q4","2019/20","Q2","November",8.01,9.5,8.01
2019-11-28,2019,"Q4","2019/20","Q2","November",9,9.18,9.07
2019-11-29,2019,"Q4","2019/20","Q2","November",7.93,9.18,7.93
2019-12-02,2019,"Q4","2019/20","Q2","December",7.06,9.07,7.98
2019-12-03,2019,"Q4","2019/20","Q2","December",7.73,9.07,7.73
2019-12-04,2019,"Q4","2019/20","Q2","December",7.91,9.07,7.91
2019-12-05,2019,"Q4","2019/20","Q2","December",8.93,9.13,9.01
2019-12-06,2019,"Q4","2019/20","Q2","December",8.6,9.13,8.6
2019-12-09,2019,"Q4","2019/20","Q2","December",7.32,9,7.37
2019-12-10,2019,"Q4","2019/20","Q2","December",7.71,9,7.71
2019-12-11,2019,"Q4","2019/20","Q2","December",7.46,9,7.46
2019-12-12,2019,"Q4","2019/20","Q2","December",7.34,9.09,7.98
2019-12-13,2019,"Q4","2019/20","Q2","December",8.73,9.09,8.73
2019-12-16,2019,"Q4","2019/20","Q2","December",8.21,9.15,8.24
2019-12-17,2019,"Q4","2019/20","Q2","December",8.1,9.08,8.16
2019-12-18,2019,"Q4","2019/20","Q2","December",8.4,9.27,8.51
2019-12-19,2019,"Q4","2019/20","Q2","December",8.36,9.19,8.64
2019-12-20,2019,"Q4","2019/20","Q2","December",6.57,9.19,6.57
2019-12-23,2019,"Q4","2019/20","Q2","December",6.7,9.19,6.7
2019-12-24,2019,"Q4","2019/20","Q2","December",8.84,9.19,8.84
2019-12-27,2019,"Q4","2019/20","Q2","December",8.49,8.79,8.65
2019-12-30,2019,"Q4","2019/20","Q2","December",6.83,9.15,7
2019-12-31,2019,"Q4","2019/20","Q2","December",7.36,9.15,7.36
2020-01-02,2020,"Q1","2019/20","Q3","January",8.1,9.29,8.55
2020-01-03,2020,"Q1","2019/20","Q3","January",7.43,9.04,7.81
2020-01-06,2020,"Q1","2019/20","Q3","January",7.51,9.08,7.53
2020-01-07,2020,"Q1","2019/20","Q3","January",6.44,9,6.51
2020-01-08,2020,"Q1","2019/20","Q3","January",7.92,9,7.92
2020-01-09,2020,"Q1","2019/20","Q3","January",9.07,9.24,9.2
2020-01-10,2020,"Q1","2019/20","Q3","January",7.3,9.06,7.41
2020-01-13,2020,"Q1","2019/20","Q3","January",9.04,9.21,8.76
2020-01-14,2020,"Q1","2019/20","Q3","January",8.39,9.26,8.55
2020-01-15,2020,"Q1","2019/20","Q3","January",7.66,9.16,7.78
2020-01-16,2020,"Q1","2019/20","Q3","January",8.81,9.16,9.06
2020-01-17,2020,"Q1","2019/20","Q3","January",8.71,9.32,8.84
2020-01-20,2020,"Q1","2019/20","Q3","January",9.37,10.48,9.7
2020-01-21,2020,"Q1","2019/20","Q3","January",7.82,10.19,7.97
2020-01-22,2020,"Q1","2019/20","Q3","January",7.78,10.19,7.78
2020-01-23,2020,"Q1","2019/20","Q3","January",9,9.2,9.09
2020-01-24,2020,"Q1","2019/20","Q3","January",8.09,9.1,8.27
2020-01-27,2020,"Q1","2019/20","Q3","January",9.01,9.18,9.03
2020-01-28,2020,"Q1","2019/20","Q3","January",8.28989361702128,9.38333333333333,8.38543689320388
2020-01-29,2020,"Q1","2019/20","Q3","January",9,9.225,9.09722222222222
2020-01-30,2020,"Q1","2019/20","Q3","January",8.24100719424461,9.21875,8.64042553191489
2020-01-31,2020,"Q1","2019/20","Q3","January",8.37423312883436,9.21875,8.68725868725869
2020-02-03,2020,"Q1","2019/20","Q3","February",7.79,9.18,7.94
2020-02-04,2020,"Q1","2019/20","Q3","February",9.19,9.17,9.14
2020-02-05,2020,"Q1","2019/20","Q3","February",6.61,9,6.79
2020-02-06,2020,"Q1","2019/20","Q3","February",7.83,9.22,8.72
2020-02-07,2020,"Q1","2019/20","Q3","February",7.26521739130435,9.0375,7.48167938931298
2020-02-10,2020,"Q1","2019/20","Q3","February",8.19,9.23,8.56
2020-02-11,2020,"Q1","2019/20","Q3","February",7.44,9,7.58
2020-02-12,2020,"Q1","2019/20","Q3","February",7.48,9.28,8.08
2020-02-13,2020,"Q1","2019/20","Q3","February",7.35,8.85,8.32
2020-02-14,2020,"Q1","2019/20","Q3","February",7.53,7.53,7.53
2020-02-17,2020,"Q1","2019/20","Q3","February",7.11267605633803,9.29166666666667,7.28246753246753
2020-02-18,2020,"Q1","2019/20","Q3","February",8.24044734389562,9.25,8.40838278931751
2020-02-19,2020,"Q1","2019/20","Q3","February",9.13,,9.13
2020-02-20,2020,"Q1","2019/20","Q3","February",9.18,9.24,9.21
2020-02-21,2020,"Q1","2019/20","Q3","February",8.85,,8.85
2020-02-24,2020,"Q1","2019/20","Q3","February",8.4,9.25,8.44
2020-02-25,2020,"Q1","2019/20","Q3","February",8.91,9.36,9.02
2020-02-26,2020,"Q1","2019/20","Q3","February",8.89,9.25,8.93
2020-02-27,2020,"Q1","2019/20","Q3","February",8.57,9.17,8.76
2020-02-28,2020,"Q1","2019/20","Q3","February",8.28,9.25,8.3
2020-03-02,2020,"Q1","2019/20","Q3","March",8.67,9.4,8.65
2020-03-03,2020,"Q1","2019/20","Q3","March",8.95,9.33,9.02
2020-03-04,2020,"Q1","2019/20","Q3","March",8.24,9.33,8.24
2020-03-05,2020,"Q1","2019/20","Q3","March",8.8,9.26,8.99
2020-03-06,2020,"Q1","2019/20","Q3","March",7.38,9.25,7.41
2020-03-09,2020,"Q1","2019/20","Q3","March",7.61,9.47,7.72
2020-03-10,2020,"Q1","2019/20","Q3","March",6.64,9.5,6.68
2020-03-11,2020,"Q1","2019/20","Q3","March",8.66,9.38,8.74
2020-03-12,2020,"Q1","2019/20","Q3","March",7.24,9.24,8.48
2020-03-13,2020,"Q1","2019/20","Q3","March",7.78,9.25,7.84
2020-03-16,2020,"Q1","2019/20","Q3","March",8.79,9.13,8.82
2020-03-17,2020,"Q1","2019/20","Q3","March",9.68,9.13,9.68
2020-03-18,2020,"Q1","2019/20","Q3","March",10.17,9.13,10.17
2020-03-19,2020,"Q1","2019/20","Q3","March",10.65,9.79,10.28
2020-03-20,2020,"Q1","2019/20","Q3","March",11.22,10.86,11.21
2020-03-23,2020,"Q1","2019/20","Q3","March",9.38,10.53,9.66
2020-03-24,2020,"Q1","2019/20","Q3","March",10.95,10.53,10.92
2020-03-25,2020,"Q1","2019/20","Q3","March",12.65,10.53,12.65
2020-03-26,2020,"Q1","2019/20","Q3","March",11.35,12.24,11.71
2020-03-27,2020,"Q1","2019/20","Q3","March",9.9441117764471,11,10.0221811460259
2020-03-30,2020,"Q1","2019/20","Q3","March",8.47,11,8.47
2020-03-31,2020,"Q1","2019/20","Q3","March",8.65,11,9.36
2020-04-01,2020,"Q2","2019/20","Q4","April",7.19,9.7,7.64
2020-04-02,2020,"Q2","2019/20","Q4","April",7.44,9.07,8.16
2020-04-03,2020,"Q2","2019/20","Q4","April",7.07322175732218,9.15625,7.41052631578947
2020-04-06,2020,"Q2","2019/20","Q4","April",7.73,9.11,7.99
2020-04-07,2020,"Q2","2019/20","Q4","April",7.17,8.23,7.45
2020-04-08,2020,"Q2","2019/20","Q4","April",6.88,9.5,6.91
2020-04-09,2020,"Q2","2019/20","Q4","April",7.1,8.69,7.37
2020-04-14,2020,"Q2","2019/20","Q4","April",6.7,8.86,6.91
2020-04-15,2020,"Q2","2019/20","Q4","April",6.36,8.5,9.03
2020-04-16,2020,"Q2","2019/20","Q4","April",6.58,8,7.15
2020-04-17,2020,"Q2","2019/20","Q4","April",7.77,8,7.83
2020-04-20,2020,"Q2","2019/20","Q4","April",7.85,8,7.85
2020-04-21,2020,"Q2","2019/20","Q4","April",6.54,8,6.89
2020-04-22,2020,"Q2","2019/20","Q4","April",7,8,7.03
2020-04-23,2020,"Q2","2019/20","Q4","April",7.37,8.25,7.71
2020-04-24,2020,"Q2","2019/20","Q4","April",7.01,8.25,7.01
2020-04-27,2020,"Q2","2019/20","Q4","April",7.34,8,7.43
2020-04-28,2020,"Q2","2019/20","Q4","April",6.88,8,7.14
2020-04-29,2020,"Q2","2019/20","Q4","April",6.54,8,6.99
2020-04-30,2020,"Q2","2019/20","Q4","April",6.47,8.16,7.52
2020-05-04,2020,"Q2","2019/20","Q4","May",7.85,8.25,7.85
2020-05-05,2020,"Q2","2019/20","Q4","May",6.97,8.25,7.06
2020-05-06,2020,"Q2","2019/20","Q4","May",8.22,8.09,8.17
2020-05-07,2020,"Q2","2019/20","Q4","May",5.73,8.25,7.11
2020-05-08,2020,"Q2","2019/20","Q4","May",7.36,8.25,7.36
2020-05-11,2020,"Q2","2019/20","Q4","May",6.61,8.25,6.61
2020-05-12,2020,"Q2","2019/20","Q4","May",6.89,8.25,6.89
2020-05-13,2020,"Q2","2019/20","Q4","May",7.29,8.25,7.29
2020-05-14,2020,"Q2","2019/20","Q4","May",5.96,8.22,6.85
2020-05-15,2020,"Q2","2019/20","Q4","May",7.21,8.3,7.76
2020-05-18,2020,"Q2","2019/20","Q4","May",7.85,8.25,7.95
2020-05-19,2020,"Q2","2019/20","Q4","May",8.06,8.25,8.11
2020-05-20,2020,"Q2","2019/20","Q4","May",7.5,8.25,7.56
2020-05-21,2020,"Q2","2019/20","Q4","May",7.79,8.3,8.12
2020-05-22,2020,"Q2","2019/20","Q4","May",8.34,8.74,8.34
2020-05-25,2020,"Q2","2019/20","Q4","May",8.31,8.44,8.32
2020-05-26,2020,"Q2","2019/20","Q4","May",8.44,10,8.46
2020-05-27,2020,"Q2","2019/20","Q4","May",6.87,8.5,6.87
2020-05-28,2020,"Q2","2019/20","Q4","May",7.47,8.48,7.73
2020-05-29,2020,"Q2","2019/20","Q4","May",7.39,8.42,7.57
2020-06-01,2020,"Q2","2019/20","Q4","June",6.77,8.29,7.16
2020-06-02,2020,"Q2","2019/20","Q4","June",8.45,9,8.46
2020-06-04,2020,"Q2","2019/20","Q4","June",7,8.27,7.4
2020-06-05,2020,"Q2","2019/20","Q4","June",6.09,8.57,6.37
2020-06-08,2020,"Q2","2019/20","Q4","June",7.58,8.57,7.58
2020-06-10,2020,"Q2","2019/20","Q4","June",6.04,7.5,6.1
2020-06-11,2020,"Q2","2019/20","Q4","June",7.24,7.34,7.31
2020-06-12,2020,"Q2","2019/20","Q4","June",6.46,7.62,6.65
2020-06-15,2020,"Q2","2019/20","Q4","June",6.3,7.43,6.62
2020-06-16,2020,"Q2","2019/20","Q4","June",6.9,7.27,7.03
2020-06-17,2020,"Q2","2019/20","Q4","June",7.48,7.27,7.48
2020-06-18,2020,"Q2","2019/20","Q4","June",6.3,7.23,6.86
2020-06-19,2020,"Q2","2019/20","Q4","June",6.61,7.21,6.8
2020-06-22,2020,"Q2","2019/20","Q4","June",7.01,7.25,5.87
2020-06-23,2020,"Q2","2019/20","Q4","June",6.5,7.13,6.67
2020-06-24,2020,"Q2","2019/20","Q4","June",5.83,7.13,5.83
2020-06-25,2020,"Q2","2019/20","Q4","June",6.48,7.17,6.95
2020-06-26,2020,"Q2","2019/20","Q4","June",5.48,7.37,5.89
2020-06-29,2020,"Q2","2019/20","Q4","June",5.53,7.38,6.45
2020-06-30,2020,"Q2","2019/20","Q4","June",4.98,7.2,5.29
2020-07-01,2020,"Q3","2020/21","Q1","July",4.67,7.27,6.02
2020-07-02,2020,"Q3","2020/21","Q1","July",5.48,7.24,6.76
2020-07-03,2020,"Q3","2020/21","Q1","July",6.94,7.25,6.97
2020-07-06,2020,"Q3","2020/21","Q1","July",6.65,7.47,6.89
2020-07-07,2020,"Q3","2020/21","Q1","July",7.02,7.13,7.05
2020-07-08,2020,"Q3","2020/21","Q1","July",7.29,7.13,7.29
2020-07-09,2020,"Q3","2020/21","Q1","July",7.05,7.26,7.18
2020-07-10,2020,"Q3","2020/21","Q1","July",7.15,7.44,7.23
2020-07-13,2020,"Q3","2020/21","Q1","July",7.05,7.36,7.09
2020-07-14,2020,"Q3","2020/21","Q1","July",7.23,7.25,7.22
2020-07-15,2020,"Q3","2020/21","Q1","July",7.43,7.25,7.35
2020-07-16,2020,"Q3","2020/21","Q1","July",7.89,7.35,7.61
2020-07-17,2020,"Q3","2020/21","Q1","July",7.93,8,7.83
2020-07-20,2020,"Q3","2020/21","Q1","July",7.68,8,7.68
2020-07-21,2020,"Q3","2020/21","Q1","July",5.13,7.23,5.43
2020-07-22,2020,"Q3","2020/21","Q1","July",4.53,7.21,5.55
2020-07-23,2020,"Q3","2020/21","Q1","July",7.27,7.28,7.28
2020-07-24,2020,"Q3","2020/21","Q1","July",7.08,7.34,7.12
2020-07-27,2020,"Q3","2020/21","Q1","July",7.31,7.22,7.27
2020-07-28,2020,"Q3","2020/21","Q1","July",7.4,7.29,7.39
2020-07-29,2020,"Q3","2020/21","Q1","July",7.52,7.5,7.51
2020-07-30,2020,"Q3","2020/21","Q1","July",7.44,7.35,7.45
2020-08-03,2020,"Q3","2020/21","Q1","August",7.01,7.32,7.15
2020-08-04,2020,"Q3","2020/21","Q1","August",5.76,7.42,6.21
2020-08-05,2020,"Q3","2020/21","Q1","August",7.1,7.3,7.15
2020-08-06,2020,"Q3","2020/21","Q1","August",6.8,7.28,7.18
2020-08-07,2020,"Q3","2020/21","Q1","August",6.57,7.5,6.73
2020-08-10,2020,"Q3","2020/21","Q1","August",5.96,7.35,6.45
2020-08-11,2020,"Q3","2020/21","Q1","August",6.5,7.25,6.64
2020-08-12,2020,"Q3","2020/21","Q1","August",6.95,7.46,7.07
2020-08-13,2020,"Q3","2020/21","Q1","August",6.76,7.29,7.09
2020-08-14,2020,"Q3","2020/21","Q1","August",6.6,7.35,6.91
2020-08-17,2020,"Q3","2020/21","Q1","August",7.04,7.35,7.22
2020-08-18,2020,"Q3","2020/21","Q1","August",7.6,7.51,7.58
2020-08-19,2020,"Q3","2020/21","Q1","August",7.52,7.41,7.51
2020-08-20,2020,"Q3","2020/21","Q1","August",7.05,7.32,7.24
2020-08-21,2020,"Q3","2020/21","Q1","August",6.44,7.5,6.54
2020-08-24,2020,"Q3","2020/21","Q1","August",6.3,7.25,6.73
2020-08-25,2020,"Q3","2020/21","Q1","August",6.68,7.35,6.27
2020-08-26,2020,"Q3","2020/21","Q1","August",7.01,7.35,7.18
2020-08-27,2020,"Q3","2020/21","Q1","August",6.58,7.33,7.04
2020-08-28,2020,"Q3","2020/21","Q1","August",6.14,7.34,6.57
2020-08-31,2020,"Q3","2020/21","Q1","August",7,7.4,7.02
2020-09-01,2020,"Q3","2020/21","Q1","September",5.07,7.15,5.31
2020-09-02,2020,"Q3","2020/21","Q1","September",7.24,7.3,7.25
2020-09-03,2020,"Q3","2020/21","Q1","September",7,7.28,7.27
2020-09-04,2020,"Q3","2020/21","Q1","September",6.67,7.45,8.58
2020-09-07,2020,"Q3","2020/21","Q1","September",6.89,7.5,6.95
2020-09-08,2020,"Q3","2020/21","Q1","September",7,7.29,7.06
2020-09-09,2020,"Q3","2020/21","Q1","September",6.93,7.21,7.03
2020-09-10,2020,"Q3","2020/21","Q1","September",6.93,7.3,7.19
2020-09-11,2020,"Q3","2020/21","Q1","September",6.41,7.27,6.65
2020-09-14,2020,"Q3","2020/21","Q1","September",5.66,7.27,7.29
2020-09-15,2020,"Q3","2020/21","Q1","September",6.67,7.27,6.86
2020-09-16,2020,"Q3","2020/21","Q1","September",6.67,7,6.67
2020-09-17,2020,"Q3","2020/21","Q1","September",6.24,7.27,7.09
2020-09-18,2020,"Q3","2020/21","Q1","September",6.82,7.27,7
2020-09-21,2020,"Q3","2020/21","Q1","September",6.65,7.25,6.78
2020-09-22,2020,"Q3","2020/21","Q1","September",6.55,7.25,6.61
2020-09-23,2020,"Q3","2020/21","Q1","September",7,7.25,7
2020-09-24,2020,"Q3","2020/21","Q1","September",7.08,7.23,7.15
2020-09-25,2020,"Q3","2020/21","Q1","September",7.16,7.5,7.2
2020-09-28,2020,"Q3","2020/21","Q1","September",6.68,7.43,6.88
2020-09-29,2020,"Q3","2020/21","Q1","September",6.66,7.39,6.81
2020-09-30,2020,"Q3","2020/21","Q1","September",7.15,7.39,7.15
2020-10-01,2020,"Q4","2020/21","Q2","October",6.77,7.32,7.19
2020-10-02,2020,"Q4","2020/21","Q2","October",6.95,7.25,6.95
2020-10-05,2020,"Q4","2020/21","Q2","October",7,7.22,7.01
2020-10-06,2020,"Q4","2020/21","Q2","October",7.08,7.43,7.13
2020-10-07,2020,"Q4","2020/21","Q2","October",7.01,7.38,7.08
2020-10-08,2020,"Q4","2020/21","Q2","October",6.96,7.32,7.12
2020-10-12,2020,"Q4","2020/21","Q2","October",6.64,7.25,6.76
2020-10-13,2020,"Q4","2020/21","Q2","October",5.6,7.43,5.79
2020-10-14,2020,"Q4","2020/21","Q2","October",7.02,7.32,7.12
2020-10-15,2020,"Q4","2020/21","Q2","October",6.94,7.37,7.21
2020-10-16,2020,"Q4","2020/21","Q2","October",7.04,7.18,7.05
2020-10-19,2020,"Q4","2020/21","Q2","October",6.29,7.42,6.53
2020-10-20,2020,"Q4","2020/21","Q2","October",6.93,7.5,6.98
2020-10-21,2020,"Q4","2020/21","Q2","October",6.96,7.28,7
2020-10-22,2020,"Q4","2020/21","Q2","October",6.88,7.31,7.06
2020-10-23,2020,"Q4","2020/21","Q2","October",7.08,7.43,7.1
2020-10-26,2020,"Q4","2020/21","Q2","October",5.91,7.35,6.4
2020-10-27,2020,"Q4","2020/21","Q2","October",6,7.5,6.98
2020-10-28,2020,"Q4","2020/21","Q2","October",4,7.33,6.5
2020-10-29,2020,"Q4","2020/21","Q2","October",6.59,7.34,7.2
2020-10-30,2020,"Q4","2020/21","Q2","October",5.6,7.41,5.84
2020-11-02,2020,"Q4","2020/21","Q2","November",6.7,7.5,7.15
2020-11-03,2020,"Q4","2020/21","Q2","November",6.18,7.33,6.51
2020-11-04,2020,"Q4","2020/21","Q2","November",6.97,7.25,7
2020-11-05,2020,"Q4","2020/21","Q2","November",6.44,7.32,7.16
2020-11-06,2020,"Q4","2020/21","Q2","November",7,7.28,7.09
2020-11-09,2020,"Q4","2020/21","Q2","November",6.67,7.4,7.14
2020-11-10,2020,"Q4","2020/21","Q2","November",5,6.96,5.79
2020-11-11,2020,"Q4","2020/21","Q2","November",5.73,7.25,6.23
2020-11-12,2020,"Q4","2020/21","Q2","November",7.2,7.32,7.3
2020-11-13,2020,"Q4","2020/21","Q2","November",6.52,7.41,6.59
2020-11-16,2020,"Q4","2020/21","Q2","November",6.97,7.4,7.21
2020-11-17,2020,"Q4","2020/21","Q2","November",7.13,7.48,7.17
2020-11-18,2020,"Q4","2020/21","Q2","November",7.06,7.38,7.1
2020-11-19,2020,"Q4","2020/21","Q2","November",7.09,7.34,7.28
2020-11-20,2020,"Q4","2020/21","Q2","November",6.24,7.5,6.74
2020-11-23,2020,"Q4","2020/21","Q2","November",7,7.5,7.26
2020-11-24,2020,"Q4","2020/21","Q2","November",5.01,7.5,5.64
2020-11-25,2020,"Q4","2020/21","Q2","November",7.34,7.25,7.32
2020-11-26,2020,"Q4","2020/21","Q2","November",6.96,7.35,7.24
2020-11-27,2020,"Q4","2020/21","Q2","November",6.66,7.37,6.83
2020-11-30,2020,"Q4","2020/21","Q2","November",7.43,7.55,7.45
2020-12-01,2020,"Q4","2020/21","Q2","December",7.2,8,7.27
2020-12-02,2020,"Q4","2020/21","Q2","December",7.38,7.89,7.43
2020-12-03,2020,"Q4","2020/21","Q2","December",6.87,7.4,7.22
2020-12-04,2020,"Q4","2020/21","Q2","December",6.57,7.83,6.86
2020-12-07,2020,"Q4","2020/21","Q2","December",6.96,7.63,7.08
2020-12-08,2020,"Q4","2020/21","Q2","December",6.43,7.69,6.69
2020-12-09,2020,"Q4","2020/21","Q2","December",6.63,7.69,6.63
2020-12-10,2020,"Q4","2020/21","Q2","December",7.02,7.39,7.32
2020-12-11,2020,"Q4","2020/21","Q2","December",7.23,7.62,7.29
2020-12-14,2020,"Q4","2020/21","Q2","December",7.32,7.45,7.29
2020-12-15,2020,"Q4","2020/21","Q2","December",7.02,7.56,7.15
2020-12-16,2020,"Q4","2020/21","Q2","December",7.11,7.25,7.19
2020-12-17,2020,"Q4","2020/21","Q2","December",6.92,7.3,7.15
2020-12-18,2020,"Q4","2020/21","Q2","December",6.77,7.3,6.97
2020-12-21,2020,"Q4","2020/21","Q2","December",7.01,7.53,7.12
2020-12-22,2020,"Q4","2020/21","Q2","December",6.87,7.5,6.93
2020-12-23,2020,"Q4","2020/21","Q2","December",6.27,7,6.32
2020-12-24,2020,"Q4","2020/21","Q2","December",7.42,7.35,7.4
2020-12-28,2020,"Q4","2020/21","Q2","December",7.61,7.32,7.45
2020-12-29,2020,"Q4","2020/21","Q2","December",6.43,7.5,6.68
2020-12-30,2020,"Q4","2020/21","Q2","December",7.06,7,7.05
2020-12-31,2020,"Q4","2020/21","Q2","December",7.32,7.14,7.17
2021-01-04,2021,"Q1","2020/21","Q3","January",7.01,7.53,7.27
2021-01-05,2021,"Q1","2020/21","Q3","January",7.25,8,7.25
2021-01-06,2021,"Q1","2020/21","Q3","January",7.43,8,7.43
2021-01-07,2021,"Q1","2020/21","Q3","January",7.16,8,7.2
2021-01-08,2021,"Q1","2020/21","Q3","January",7.03,7.16,7.07
2021-01-11,2021,"Q1","2020/21","Q3","January",6.96,7.46,7.25
2021-01-12,2021,"Q1","2020/21","Q3","January",7.27,7.34,7.31
2021-01-13,2021,"Q1","2020/21","Q3","January",7.16,7.34,7.16
2021-01-18,2021,"Q1","2020/21","Q3","January",7.12,7.33,7.21
2021-01-19,2021,"Q1","2020/21","Q3","January",6.22,7.22,6.59
2021-01-20,2021,"Q1","2020/21","Q3","January",6.9,7.29,6.93
2021-01-21,2021,"Q1","2020/21","Q3","January",7.22,7.34,7.3
2021-01-22,2021,"Q1","2020/21","Q3","January",6.38,7.4,6.87
2021-01-25,2021,"Q1","2020/21","Q3","January",6.2,7.49,6.82
2021-01-27,2021,"Q1","2020/21","Q3","January",6.86,7.26,7.04
2021-01-28,2021,"Q1","2020/21","Q3","January",7.06,7.28,7.19
2021-01-29,2021,"Q1","2020/21","Q3","January",6.12,7.32,6.38
2021-02-01,2021,"Q1","2020/21","Q3","February",6.9,7.3,7.12
2021-02-02,2021,"Q1","2020/21","Q3","February",6.33,7.5,6.41
2021-02-03,2021,"Q1","2020/21","Q3","February",6.84,7.2,6.92
2021-02-04,2021,"Q1","2020/21","Q3","February",7.19,7.37,7.29
2021-02-05,2021,"Q1","2020/21","Q3","February",6.74,7.34,7.09
2021-02-08,2021,"Q1","2020/21","Q3","February",7.31,7.54,7.35
2021-02-09,2021,"Q1","2020/21","Q3","February",7.22,7.54,7.27
2021-02-10,2021,"Q1","2020/21","Q3","February",6.72,7.78,6.89
2021-02-11,2021,"Q1","2020/21","Q3","February",7.36,7.35,7.31
2021-02-12,2021,"Q1","2020/21","Q3","February",7.15,7.27,7.1
2021-02-15,2021,"Q1","2020/21","Q3","February",6.86,7.65,6.72
2021-02-17,2021,"Q1","2020/21","Q3","February",7.13,7.4,7.2
2021-02-18,2021,"Q1","2020/21","Q3","February",7.17,7.3,7.26
2021-02-19,2021,"Q1","2020/21","Q3","February",6.62,7.34,6.84
2021-02-22,2021,"Q1","2020/21","Q3","February",6.49,7.33,6.88
2021-02-23,2021,"Q1","2020/21","Q3","February",6.97,7.26,7.14
2021-02-24,2021,"Q1","2020/21","Q3","February",6.93,7.32,6.97
2021-02-25,2021,"Q1","2020/21","Q3","February",7.03,7.29,7.26
2021-02-26,2021,"Q1","2020/21","Q3","February",6.92,7.4,7.01
2021-03-01,2021,"Q1","2020/21","Q3","March",7.25,7.34,7.29
2021-03-02,2021,"Q1","2020/21","Q3","March",7.24,7.33,7.27
2021-03-03,2021,"Q1","2020/21","Q3","March",4.79,7.5,4.84
2021-03-04,2021,"Q1","2020/21","Q3","March",7,7.39,7.32
2021-03-05,2021,"Q1","2020/21","Q3","March",6.9,7.28,7.03
2021-03-09,2021,"Q1","2020/21","Q3","March",7.09,7.41,7.17
2021-03-10,2021,"Q1","2020/21","Q3","March",6.79,7.27,6.89
2021-03-11,2021,"Q1","2020/21","Q3","March",7,7.31,7.22
2021-03-12,2021,"Q1","2020/21","Q3","March",5.86,7.33,6.38
2021-03-15,2021,"Q1","2020/21","Q3","March",6.11,7.36,6.56
2021-03-16,2021,"Q1","2020/21","Q3","March",6.98,7.25,7.02
2021-03-17,2021,"Q1","2020/21","Q3","March",7.82,7.25,7.8
2021-03-18,2021,"Q1","2020/21","Q3","March",7.06,7.38,7.24
2021-03-19,2021,"Q1","2020/21","Q3","March",7.03,7.49,7.25
2021-03-22,2021,"Q1","2020/21","Q3","March",6.94,7.27,6.97
2021-03-23,2021,"Q1","2020/21","Q3","March",7.07,7.25,7.08
2021-03-24,2021,"Q1","2020/21","Q3","March",6.97,7.44,7
2021-03-25,2021,"Q1","2020/21","Q3","March",7.01704545454546,7.35453315290934,7.2942035029191
2021-03-26,2021,"Q1","2020/21","Q3","March",7.14597014925373,7.35,7.14597014925373
2021-03-29,2021,"Q1","2020/21","Q3","March",7.07,7.16,7.1
2021-03-30,2021,"Q1","2020/21","Q3","March",7.13,7.5,7.07
2021-03-31,2021,"Q1","2020/21","Q3","March",7.19,7.5,7.21
2021-04-01,2021,"Q2","2020/21","Q4","April",6.92,7.41,7.26
2021-04-06,2021,"Q2","2020/21","Q4","April",7.25,7.26,7.32
2021-04-07,2021,"Q2","2020/21","Q4","April",6.89453125,7.27083333333333,7.02989130434783
2021-04-08,2021,"Q2","2020/21","Q4","April",7.07865168539326,7.36440677966102,7.26838235294118
2021-04-09,2021,"Q2","2020/21","Q4","April",6.72272727272727,7.325,6.85422535211268
2021-04-12,2021,"Q2","2020/21","Q4","April",7.06,7.336,7.15
2021-04-13,2021,"Q2","2020/21","Q4","April",7,7.41,7.09
2021-04-14,2021,"Q2","2020/21","Q4","April",6.93,7.25,6.94
2021-04-15,2021,"Q2","2020/21","Q4","April",7.13,7.3,7.25
2021-04-16,2021,"Q2","2020/21","Q4","April",7.06,7.17,7.09
2021-04-19,2021,"Q2","2020/21","Q4","April",7.51,7.4,7.54
2021-04-20,2021,"Q2","2020/21","Q4","April",7.33,7.22,7.33
2021-04-21,2021,"Q2","2020/21","Q4","April",7.09,7.5,7.13
2021-04-22,2021,"Q2","2020/21","Q4","April",7.13,7.23,7.21
2021-04-23,2021,"Q2","2020/21","Q4","April",7.02,7.25,7.09
2021-04-26,2021,"Q2","2020/21","Q4","April",6.98,7.57,7.19
2021-04-27,2021,"Q2","2020/21","Q4","April",7.019,7.77,7.12
2021-04-28,2021,"Q2","2020/21","Q4","April",7.2,7.33,7.26
2021-04-29,2021,"Q2","2020/21","Q4","April",7.08,7.32,7.3
2021-04-30,2021,"Q2","2020/21","Q4","April",6.68,7.25,6.7
2021-05-03,2021,"Q2","2020/21","Q4","May",6.67857142857143,7.6,6.88502358490566
2021-05-04,2021,"Q2","2020/21","Q4","May",7.08333333333333,7.35714285714286,7.13157894736842
2021-05-05,2021,"Q2","2020/21","Q4","May",6.93627450980392,7.29545454545454,7.05921052631579
2021-05-06,2021,"Q2","2020/21","Q4","May",7.01228070175439,7.31745283018868,7.30941176470588
2021-05-07,2021,"Q2","2020/21","Q4","May",6.36,7.39,6.5
2021-05-10,2021,"Q2","2020/21","Q4","May",7.08,7.55,7.31
2021-05-11,2021,"Q2","2020/21","Q4","May",7,7.43,7.05
2021-05-14,2021,"Q2","2020/21","Q4","May",6.41,7.35,7.09
2021-05-17,2021,"Q2","2020/21","Q4","May",7.09,7.16,7.11
2021-05-18,2021,"Q2","2020/21","Q4","May",7.29,7.75,7.19
2021-05-19,2021,"Q2","2020/21","Q4","May",7.44,7.25,7.43
2021-05-20,2021,"Q2","2020/21","Q4","May",7.14,7.2,7.16
2021-05-21,2021,"Q2","2020/21","Q4","May",7.15,7.4,7.26
2021-05-24,2021,"Q2","2020/21","Q4","May",6.57,7.41,7.09
2021-05-25,2021,"Q2","2020/21","Q4","May",6.71,7.75,6.75
2021-05-26,2021,"Q2","2020/21","Q4","May",6.92,7,6.93
2021-05-27,2021,"Q2","2020/21","Q4","May",7.29,7.26,7.29
2021-05-28,2021,"Q2","2020/21","Q4","May",7.03,7.26,7.21
2021-05-31,2021,"Q2","2020/21","Q4","May",7.13,7.26,7.18
2021-06-01,2021,"Q2","2020/21","Q4","June",6.6,7.26,6.89
2021-06-02,2021,"Q2","2020/21","Q4","June",7.05,7.26,7
2021-06-04,2021,"Q2","2020/21","Q4","June",6.88,7.26,7.07
2021-06-07,2021,"Q2","2020/21","Q4","June",6.88,7.26,7.06
2021-06-08,2021,"Q2","2020/21","Q4","June",6.72,7.43,6.98
2021-06-10,2021,"Q2","2020/21","Q4","June",7.05,7.26,7.06
2021-06-11,2021,"Q2","2020/21","Q4","June",5.75,7.26,6.92
2021-06-14,2021,"Q2","2020/21","Q4","June",7.1,7.47,6.96
2021-06-15,2021,"Q2","2020/21","Q4","June",7.28,7.52,6.98
2021-06-16,2021,"Q2","2020/21","Q4","June",6.65,7.48,6.99
2021-06-17,2021,"Q2","2020/21","Q4","June",6.54,6.92,6.98
2021-06-18,2021,"Q2","2020/21","Q4","June",6.21,6.84,6.96
2021-06-21,2021,"Q2","2020/21","Q4","June",6.19,7.15,6.95
2021-06-22,2021,"Q2","2020/21","Q4","June",6.58,7,6.93
2021-06-23,2021,"Q2","2020/21","Q4","June",6.62,6.82,6.91
2021-06-24,2021,"Q2","2020/21","Q4","June",6.26,6.77,6.89
2021-06-28,2021,"Q2","2020/21","Q4","June",6.67,6.8,6.89
2021-06-29,2021,"Q2","2020/21","Q4","June",6.46,7.03,6.86
2021-06-30,2021,"Q2","2020/21","Q4","June",6.39,6.98,6.85
2021-07-01,2021,"Q3","2021/22","Q1","July",6.13,6.78,6.63
2021-07-02,2021,"Q3","2021/22","Q1","July",6.35,6.92,6.55
2021-07-05,2021,"Q3","2021/22","Q1","July",6.51,6.66,6.53
2021-07-06,2021,"Q3","2021/22","Q1","July",6.3,6.8,6.53
2021-07-07,2021,"Q3","2021/22","Q1","July",5.86,6.88,6.5
2021-07-08,2021,"Q3","2021/22","Q1","July",6.32,6.79,6.53
2021-07-09,2021,"Q3","2021/22","Q1","July",6.36,7,6.52
2021-07-12,2021,"Q3","2021/22","Q1","July",6.19,6.95,6.53
2021-07-13,2021,"Q3","2021/22","Q1","July",6.38,6.66,6.52
2021-07-14,2021,"Q3","2021/22","Q1","July",6.13,6.98,6.51
2021-07-15,2021,"Q3","2021/22","Q1","July",6.46,6.83,6.52
2021-07-16,2021,"Q3","2021/22","Q1","July",6.51,6,6.52
2021-07-19,2021,"Q3","2021/22","Q1","July",6.5,6.79,6.54
2021-07-21,2021,"Q3","2021/22","Q1","July",6.57,6.96,6.55
2021-07-22,2021,"Q3","2021/22","Q1","July",6.67,6.74,6.57
2021-07-23,2021,"Q3","2021/22","Q1","July",6.55,6.69,6.57
2021-07-26,2021,"Q3","2021/22","Q1","July",6.44,6.81,6.57
2021-07-27,2021,"Q3","2021/22","Q1","July",6.6,6.59,6.57
2021-07-28,2021,"Q3","2021/22","Q1","July",6.56,7.06,6.57
2021-07-29,2021,"Q3","2021/22","Q1","July",6.61,6.83,6.58
2021-07-30,2021,"Q3","2021/22","Q1","July",6.04,6.66,6.56
2021-08-02,2021,"Q3","2021/22","Q1","August",6.26,6.68,6.4
2021-08-03,2021,"Q3","2021/22","Q1","August",6.35,6.65,6.47
2021-08-04,2021,"Q3","2021/22","Q1","August",5.87,6.8,6.34
2021-08-05,2021,"Q3","2021/22","Q1","August",6.69,6.79,6.5
2021-08-06,2021,"Q3","2021/22","Q1","August",6.36,6.67,6.49
2021-08-09,2021,"Q3","2021/22","Q1","August",6.59,6.74,6.5
2021-08-10,2021,"Q3","2021/22","Q1","August",6.55,6.53,6.51
2021-08-11,2021,"Q3","2021/22","Q1","August",6.37,6.58,6.5
2021-08-12,2021,"Q3","2021/22","Q1","August",6.45,6.89,6.52
2021-08-13,2021,"Q3","2021/22","Q1","August",6.5,6.7,6.52
2021-08-16,2021,"Q3","2021/22","Q1","August",6.54,6.64,6.53
2021-08-17,2021,"Q3","2021/22","Q1","August",5.75,6.65,6.47
2021-08-18,2021,"Q3","2021/22","Q1","August",6.45,6.76,6.47
2021-08-19,2021,"Q3","2021/22","Q1","August",6.5,6.69,6.49
2021-08-20,2021,"Q3","2021/22","Q1","August",6.54,6.7,6.5
2021-08-23,2021,"Q3","2021/22","Q1","August",6.12,6.58,6.5
2021-08-24,2021,"Q3","2021/22","Q1","August",6.35,6.66,6.5
2021-08-25,2021,"Q3","2021/22","Q1","August",6.59,6.8,6.51
2021-08-26,2021,"Q3","2021/22","Q1","August",6.51,6.74,6.51
2021-08-27,2021,"Q3","2021/22","Q1","August",6.59,7,6.52
2021-08-30,2021,"Q3","2021/22","Q1","August",6.45,,6.52
2021-08-31,2021,"Q3","2021/22","Q1","August",,6.5,6.52
2021-09-01,2021,"Q3","2021/22","Q1","September",6.1,6.8,6.45
2021-09-02,2021,"Q3","2021/22","Q1","September",6.5,6.61,6.56
2021-09-03,2021,"Q3","2021/22","Q1","September",6.25,6.75,6.47
2021-09-06,2021,"Q3","2021/22","Q1","September",6.5,,6.45
2021-09-07,2021,"Q3","2021/22","Q1","September",5.67,,6.3
2021-09-08,2021,"Q3","2021/22","Q1","September",6.84,7,6.37
2021-09-09,2021,"Q3","2021/22","Q1","September",6.47,6.65,6.42
2021-09-10,2021,"Q3","2021/22","Q1","September",5.87,6.8,6.26
2021-09-13,2021,"Q3","2021/22","Q1","September",6.34,6.75,6.3
2021-09-14,2021,"Q3","2021/22","Q1","September",6.35,,6.28
2021-09-15,2021,"Q3","2021/22","Q1","September",6.29,6.67,6.3
2021-09-16,2021,"Q3","2021/22","Q1","September",6.7,6.69,6.35
2021-09-17,2021,"Q3","2021/22","Q1","September",6.52,6.68,6.38
2021-09-20,2021,"Q3","2021/22","Q1","September",6.55,6.75,6.41
2021-09-21,2021,"Q3","2021/22","Q1","September",6.68,6.85,6.44
2021-09-22,2021,"Q3","2021/22","Q1","September",6.72,6.89,6.46
2021-09-23,2021,"Q3","2021/22","Q1","September",6.81,6.83,6.49
2021-09-24,2021,"Q3","2021/22","Q1","September",6.58,6.75,6.5
2021-09-27,2021,"Q3","2021/22","Q1","September",6.55,6.9,6.51
2021-09-28,2021,"Q3","2021/22","Q1","September",6.14655172413793,6.8,6.509390625
2021-09-29,2021,"Q3","2021/22","Q1","September",6.36,6.8,6.51
2021-09-30,2021,"Q3","2021/22","Q1","September",6.63,6.65,6.52
2021-10-01,2021,"Q4","2021/22","Q2","October",6.60621468926554,6.78392857142857,6.66032388663967
2021-10-04,2021,"Q4","2021/22","Q2","October",6.73818181818182,6.77,6.67489626556017
2021-10-05,2021,"Q4","2021/22","Q2","October",6.52325581395349,6.87019230769231,6.68174872665535
2021-10-06,2021,"Q4","2021/22","Q2","October",6.38015873015873,,6.64800796812749
2021-10-07,2021,"Q4","2021/22","Q2","October",6.62727272727273,6.78267045454546,6.66953642384106
2021-10-08,2021,"Q4","2021/22","Q2","October",6.51492537313433,6.77655172413793,6.67343260188088
2021-10-11,2021,"Q4","2021/22","Q2","October",6.83333333333333,7.00961538461539,6.69399563318778
2021-10-12,2021,"Q4","2021/22","Q2","October",6.6447963800905,6.8125,6.71023415421881
2021-10-13,2021,"Q4","2021/22","Q2","October",6.57,,6.69
2021-10-14,2021,"Q4","2021/22","Q2","October",6.71,6.81,6.7
2021-10-15,2021,"Q4","2021/22","Q2","October",7.08858267716535,7.375,6.75479351032448
2021-10-18,2021,"Q4","2021/22","Q2","October",7.24066666666667,7.19078947368421,6.79667746523388
2021-10-19,2021,"Q4","2021/22","Q2","October",6.97767857142857,7.65540540540541,6.84806795705001
2021-10-20,2021,"Q4","2021/22","Q2","October",7.09,,6.86
2021-10-21,2021,"Q4","2021/22","Q2","October",7.2,7.99,6.95
2021-10-22,2021,"Q4","2021/22","Q2","October",7.25,9,6.96
2021-10-25,2021,"Q4","2021/22","Q2","October",6.76,7.25,6.96
2021-10-26,2021,"Q4","2021/22","Q2","October",6.96428571428571,7.14285714285714,6.96170218391412
2021-10-27,2021,"Q4","2021/22","Q2","October",6.61,7.01,6.95
2021-10-28,2021,"Q4","2021/22","Q2","October",6.57,7.13,6.95
2021-10-29,2021,"Q4","2021/22","Q2","October",6.64,7,6.95
2021-11-01,2021,"Q4","2021/22","Q2","November",6.22,7.23,6.85
2021-11-02,2021,"Q4","2021/22","Q2","November",6.5,7.1,6.83
2021-11-03,2021,"Q4","2021/22","Q2","November",6.42,7.18,6.77
2021-11-04,2021,"Q4","2021/22","Q2","November",6.34,7.11,6.83
2021-11-05,2021,"Q4","2021/22","Q2","November",6.82,6.88,6.83
2021-11-08,2021,"Q4","2021/22","Q2","November",6.76,7.54,6.89
2021-11-09,2021,"Q4","2021/22","Q2","November",6.14503816793893,6.89,6.86
2021-11-10,2021,"Q4","2021/22","Q2","November",6.49,,6.79
2021-11-11,2021,"Q4","2021/22","Q2","November",6.52083333333333,7.10781990521327,6.82230037286625
2021-11-12,2021,"Q4","2021/22","Q2","November",6.25,6.66463414634146,6.75619759714511
2021-11-15,2021,"Q4","2021/22","Q2","November",6.15,7.42,6.74
2021-11-16,2021,"Q4","2021/22","Q2","November",6.65,7.35,6.74
2021-11-17,2021,"Q4","2021/22","Q2","November",6.63,,6.73
2021-11-18,2021,"Q4","2021/22","Q2","November",6.61,7.07,6.77
2021-11-19,2021,"Q4","2021/22","Q2","November",6.74,6.88,6.77
2021-11-22,2021,"Q4","2021/22","Q2","November",6.77,6.77,6.76
2021-11-23,2021,"Q4","2021/22","Q2","November",6.6,7.08,6.76
2021-11-24,2021,"Q4","2021/22","Q2","November",6.5,7.25,6.76
2021-11-25,2021,"Q4","2021/22","Q2","November",6.47,6.96,6.76
2021-11-26,2021,"Q4","2021/22","Q2","November",6.4,6.75,6.76
2021-11-29,2021,"Q4","2021/22","Q2","November",6.32,6.75,6.76
2021-11-30,2021,"Q4","2021/22","Q2","November",6.5,7,6.75
2021-12-01,2021,"Q4","2021/22","Q2","December",5.91,,5.91
2021-12-02,2021,"Q4","2021/22","Q2","December",6.63,6.9,6.75
2021-12-03,2021,"Q4","2021/22","Q2","December",6.15,6.84,6.72
2021-12-06,2021,"Q4","2021/22","Q2","December",6.5,,6.71
2021-12-07,2021,"Q4","2021/22","Q2","December",6.5,6.69,6.64
2021-12-08,2021,"Q4","2021/22","Q2","December",6.46503496503497,7,6.60957834461218
2021-12-09,2021,"Q4","2021/22","Q2","December",6.48,6.78,6.64
2021-12-10,2021,"Q4","2021/22","Q2","December",6.53,6.75,6.64
2021-12-13,2021,"Q4","2021/22","Q2","December",5.91,6.78,6.6
2021-12-14,2021,"Q4","2021/22","Q2","December",6.63775510204082,6.875,6.60785981626403
2021-12-15,2021,"Q4","2021/22","Q2","December",6.59802631578947,6.50775862068966,6.60140789603229
2021-12-16,2021,"Q4","2021/22","Q2","December",6.74924242424242,6.89043209876543,6.63099387859207
2021-12-17,2021,"Q4","2021/22","Q2","December",6.74574468085106,6.66228070175439,6.63682874593479
2021-12-20,2021,"Q4","2021/22","Q2","December",6.91754385964912,6.96145038167939,6.66528722732694
2021-12-21,2021,"Q4","2021/22","Q2","December",7.375,7.20588235294118,6.70013795821837
2021-12-22,2021,"Q4","2021/22","Q2","December",5.75,6.79545454545454,6.68119500063767
2021-12-23,2021,"Q4","2021/22","Q2","December",6.36111111111111,6.82871396895787,6.68809090375243
2021-12-24,2021,"Q4","2021/22","Q2","December",6.57,6.94,6.68
2021-12-27,2021,"Q4","2021/22","Q2","December",6.60441176470588,6.65322580645161,6.6820731255622
2021-12-28,2021,"Q4","2021/22","Q2","December",6.58552631578947,6.80208333333333,6.68177400378538
2021-12-29,2021,"Q4","2021/22","Q2","December",6.37222222222222,6.71875,6.67617132613013
2021-12-30,2021,"Q4","2021/22","Q2","December",6.875,6.937125748503,6.68710908756438
2021-12-31,2021,"Q4","2021/22","Q2","December",5.82544642857143,6.83333333333333,6.64538807649043
2022-01-03,2022,"Q1","2021/22","Q3","January",6.40654205607477,6.58557046979866,6.51049618320611
2022-01-04,2022,"Q1","2021/22","Q3","January",5.48366013071895,6.66176470588235,6.21819085487078
2022-01-05,2022,"Q1","2021/22","Q3","January",6.52906976744186,6.78076923076923,6.31533523537803
2022-01-06,2022,"Q1","2021/22","Q3","January",6.72058823529412,6.8461038961039,6.52541946308725
2022-01-07,2022,"Q1","2021/22","Q3","January",6.70142180094787,7.23823529411765,6.5696342305038
2022-01-10,2022,"Q1","2021/22","Q3","January",6.58,6.82,6.6
2022-01-11,2022,"Q1","2021/22","Q3","January",6.903125,6.73125,6.60786163522013
2022-01-12,2022,"Q1","2021/22","Q3","January",6.5,6.91,6.61
2022-01-13,2022,"Q1","2021/22","Q3","January",6.60508474576271,6.86326860841424,6.65134122287968
2022-01-14,2022,"Q1","2021/22","Q3","January",6.6,7.34,6.65
2022-01-17,2022,"Q1","2021/22","Q3","January",6.51153846153846,6.78181818181818,6.65226960110042
2022-01-18,2022,"Q1","2021/22","Q3","January",6.50909090909091,6.70714285714286,6.6482212160414
2022-01-19,2022,"Q1","2021/22","Q3","January",6.58095238095238,,6.64601188614325
2022-01-20,2022,"Q1","2021/22","Q3","January",6.67,6.75,6.66
2022-01-21,2022,"Q1","2021/22","Q3","January",6.57075471698113,7,6.65731676063558
2022-01-24,2022,"Q1","2021/22","Q3","January",6.61702127659574,6.81578947368421,6.65947768513978
2022-01-25,2022,"Q1","2021/22","Q3","January",,6.77,6.66
2022-01-27,2022,"Q1","2021/22","Q3","January",6.01461988304094,6.82009345794393,6.65209543568464
2022-01-28,2022,"Q1","2021/22","Q3","January",6.6239103362391,7,6.65216433748448
2022-01-31,2022,"Q1","2021/22","Q3","January",6.38,6.82,6.65
2022-02-01,2022,"Q1","2021/22","Q3","February",6.43,,6.43
2022-02-02,2022,"Q1","2021/22","Q3","February",6.5,,6.43041237113402
2022-02-03,2022,"Q1","2021/22","Q3","February",6.5,6.77485380116959,6.65786163522013
2022-02-04,2022,"Q1","2021/22","Q3","February",6.5,6.75,6.65
2022-02-07,2022,"Q1","2021/22","Q3","February",6.5,6.77,6.65187214611872
2022-02-08,2022,"Q1","2021/22","Q3","February",6.5,6.75,6.65
2022-02-09,2022,"Q1","2021/22","Q3","February",6.5,6.5,6.63
2022-02-10,2022,"Q1","2021/22","Q3","February",5.59,6.68,6.43
2022-02-11,2022,"Q1","2021/22","Q3","February",6.24,6.75,6.29
2022-02-14,2022,"Q1","2021/22","Q3","February",6.13,6.75,6.21
2022-02-15,2022,"Q1","2021/22","Q3","February",,6,6.48
2022-02-17,2022,"Q1","2021/22","Q3","February",6.5,6.76,6.71
2022-02-18,2022,"Q1","2021/22","Q3","February",6.52,6.62,6.58
2022-02-21,2022,"Q1","2021/22","Q3","February",6.55,6.85,6.56
2022-02-22,2022,"Q1","2021/22","Q3","February",6.65,7.43,6.93
2022-02-23,2022,"Q1","2021/22","Q3","February",6.75,,6.75
2022-02-24,2022,"Q1","2021/22","Q3","February",6.47,6.84,6.75
2022-02-25,2022,"Q1","2021/22","Q3","February",6.5,,6.5
2022-02-28,2022,"Q1","2021/22","Q3","February",6.58,,6.58
2022-03-01,2022,"Q1","2021/22","Q3","March",6.49,,6.56
2022-03-02,2022,"Q1","2021/22","Q3","March",6.32,6.75,6.47
2022-03-03,2022,"Q1","2021/22","Q3","March",6.51,6.61,6.55
2022-03-04,2022,"Q1","2021/22","Q3","March",6.5,,6.5
2022-03-07,2022,"Q1","2021/22","Q3","March",,6.72,6.67
2022-03-09,2022,"Q1","2021/22","Q3","March",6.42,6.7,6.51
2022-03-10,2022,"Q1","2021/22","Q3","March",6.5,6.73,6.7
2022-03-11,2022,"Q1","2021/22","Q3","March",6.3,6.7,6.42
2022-03-14,2022,"Q1","2021/22","Q3","March",6.4,6.76,6.54
2022-03-15,2022,"Q1","2021/22","Q3","March",6.3,6.75,6.55
2022-03-16,2022,"Q1","2021/22","Q3","March",6.64,6.79,6.66
2022-03-17,2022,"Q1","2021/22","Q3","March",6.42,6.68,6.61
2022-03-18,2022,"Q1","2021/22","Q3","March",6.71,7,6.79
2022-03-21,2022,"Q1","2021/22","Q3","March",6.69,6.5,6.69
2022-03-22,2022,"Q1","2021/22","Q3","March",6.25,6.78,6.43
2022-03-23,2022,"Q1","2021/22","Q3","March",6.59,6.83,6.65
2022-03-24,2022,"Q1","2021/22","Q3","March",6.46,6.74,6.63
2022-03-25,2022,"Q1","2021/22","Q3","March",6.31,6.73,6.41
2022-03-28,2022,"Q1","2021/22","Q3","March",6.65,6.75,6.68
2022-03-29,2022,"Q1","2021/22","Q3","March",6.63,7.13,6.72
2022-03-30,2022,"Q1","2021/22","Q3","March",6.55,6.75,6.56
2022-03-31,2022,"Q1","2021/22","Q3","March",6.53,6.8,6.71
2022-04-01,2022,"Q2","2021/22","Q4","April",6.7,7,6.72
2022-04-04,2022,"Q2","2021/22","Q4","April",6.91,6.72,6.78
2022-04-05,2022,"Q2","2021/22","Q4","April",6.83,6.83,6.84
2022-04-06,2022,"Q2","2021/22","Q4","April",6.57,7.1,6.59
2022-04-07,2022,"Q2","2021/22","Q4","April",,6.82,6.83
2022-04-11,2022,"Q2","2021/22","Q4","April",6.59,,6.64
2022-04-12,2022,"Q2","2021/22","Q4","April",6.68,6.81,6.72
2022-04-13,2022,"Q2","2021/22","Q4","April",6.34,7,6.4
2022-04-14,2022,"Q2","2021/22","Q4","April",,7,6.4
2022-04-19,2022,"Q2","2021/22","Q4","April",6.94,6.79,6.79
2022-04-20,2022,"Q2","2021/22","Q4","April",6.64,7.01,6.69
2022-04-21,2022,"Q2","2021/22","Q4","April",6.79,6.88,6.74
2022-04-22,2022,"Q2","2021/22","Q4","April",6.72,6.78,6.74
2022-04-25,2022,"Q2","2021/22","Q4","April",6.7,6.85,6.7
2022-04-26,2022,"Q2","2021/22","Q4","April",6.81,7.08,6.84
2022-04-27,2022,"Q2","2021/22","Q4","April",6.78,6.84,6.86
2022-04-28,2022,"Q2","2021/22","Q4","April",6.75,6.88,6.8
2022-04-29,2022,"Q2","2021/22","Q4","April",6.55,6.95,6.69
2022-05-03,2022,"Q2","2021/22","Q4","May",6.54,6.75,6.62
2022-05-04,2022,"Q2","2021/22","Q4","May",6.65,6.8,6.73
2022-05-05,2022,"Q2","2021/22","Q4","May",6.44,6.7,6.66
2022-05-06,2022,"Q2","2021/22","Q4","May",6.55,7,6.64
2022-05-09,2022,"Q2","2021/22","Q4","May",6.54,6.75,6.56
2022-05-10,2022,"Q2","2021/22","Q4","May",6.36,6.75,6.5
2022-05-11,2022,"Q2","2021/22","Q4","May",6.55,6.75,6.66
2022-05-12,2022,"Q2","2021/22","Q4","May",6.5,6.78,6.7
2022-05-13,2022,"Q2","2021/22","Q4","May",6.53,6.88,6.61
2022-05-16,2022,"Q2","2021/22","Q4","May",6.44,6.72,6.47
2022-05-17,2022,"Q2","2021/22","Q4","May",6.49609375,6.91666666666667,6.54084967320262
2022-05-18,2022,"Q2","2021/22","Q4","May",6.6,7.12,6.64
2022-05-19,2022,"Q2","2021/22","Q4","May",6.63,6.91,6.76
2022-05-20,2022,"Q2","2021/22","Q4","May",6.72,6.81,6.8
2022-05-23,2022,"Q2","2021/22","Q4","May",6.63,6.75,6.67
2022-05-24,2022,"Q2","2021/22","Q4","May",6.66,6.75,6.67
2022-05-25,2022,"Q2","2021/22","Q4","May",6.61,6.88,6.66
2022-05-26,2022,"Q2","2021/22","Q4","May",6.48,6.77,6.69
2022-05-27,2022,"Q2","2021/22","Q4","May",6.61,,6.64
2022-05-30,2022,"Q2","2021/22","Q4","May",6.56,6.75,6.59
2022-05-31,2022,"Q2","2021/22","Q4","May",6.65,7.02,6.92
2022-06-01,2022,"Q2","2021/22","Q4","June",6.84,,6.84
2022-06-02,2022,"Q2","2021/22","Q4","June",,,7.64033989266547
2022-06-06,2022,"Q2","2021/22","Q4","June",9.33,8.9,9.13
2022-06-07,2022,"Q2","2021/22","Q4","June",9.18,,9.18
2022-06-08,2022,"Q2","2021/22","Q4","June",,,9.03
2022-06-10,2022,"Q2","2021/22","Q4","June",8.32,8.14,8.27
2022-06-13,2022,"Q2","2021/22","Q4","June",8.09,8.59,8.32
2022-06-14,2022,"Q2","2021/22","Q4","June",8.03,8,8.1
2022-06-15,2022,"Q2","2021/22","Q4","June",7.98,8.15,7.99
2022-06-16,2022,"Q2","2021/22","Q4","June",7.76,8.06,7.94
2022-06-17,2022,"Q2","2021/22","Q4","June",8.45,8,8.32
2022-06-20,2022,"Q2","2021/22","Q4","June",8.17,8.32,8.22
2022-06-21,2022,"Q2","2021/22","Q4","June",8.83,,8.77
2022-06-22,2022,"Q2","2021/22","Q4","June",7.74,8.07,7.79
2022-06-23,2022,"Q2","2021/22","Q4","June",7.84,8.44,8.23
2022-06-24,2022,"Q2","2021/22","Q4","June",6.95,7.89,7.19
2022-06-27,2022,"Q2","2021/22","Q4","June",7.7,7.93,7.85
2022-06-28,2022,"Q2","2021/22","Q4","June",7.76,,7.87
2022-06-29,2022,"Q2","2021/22","Q4","June",8.14,8.76,8.26
2022-06-30,2022,"Q2","2021/22","Q4","June",7.09,8.09,7.6
2022-07-01,2022,"Q3","2022/23","Q1","July",7.09,8.6,7.66
2022-07-04,2022,"Q3","2022/23","Q1","July",7.55,7.96,7.8
2022-07-05,2022,"Q3","2022/23","Q1","July",8.38,,8.34
2022-07-06,2022,"Q3","2022/23","Q1","July",8.27,8.86,8.48
2022-07-07,2022,"Q3","2022/23","Q1","July",8.58,8.96,8.85
2022-07-08,2022,"Q3","2022/23","Q1","July",8.79,9.08,8.92
2022-07-11,2022,"Q3","2022/23","Q1","July",8.62,9.04,8.94
2022-07-12,2022,"Q3","2022/23","Q1","July",8.81,9.07,8.92
2022-07-13,2022,"Q3","2022/23","Q1","July",8.71,9.23,8.96
2022-07-14,2022,"Q3","2022/23","Q1","July",8.6,8.93,8.78
2022-07-15,2022,"Q3","2022/23","Q1","July",9.11,9.04,9.05
2022-07-18,2022,"Q3","2022/23","Q1","July",9.37,9.02,9.2
2022-07-19,2022,"Q3","2022/23","Q1","July",9.82,9.84,9.76
2022-07-20,2022,"Q3","2022/23","Q1","July",10.24,9.75,10.16
2022-07-21,2022,"Q3","2022/23","Q1","July",9.61,10.42,10.26
2022-07-22,2022,"Q3","2022/23","Q1","July",9.94,10.7,10.01
2022-07-25,2022,"Q3","2022/23","Q1","July",10.16,11.76,10.5
2022-07-26,2022,"Q3","2022/23","Q1","July",9.81,,9.91
2022-07-27,2022,"Q3","2022/23","Q1","July",9.79,,9.96
2022-07-28,2022,"Q3","2022/23","Q1","July",10.38,10.75,10.65
2022-07-29,2022,"Q3","2022/23","Q1","July",10.46,,10.49
2022-08-01,2022,"Q3","2022/23","Q1","August",10.6,10.5,10.76
2022-08-02,2022,"Q3","2022/23","Q1","August",10.64,,10.6
2022-08-03,2022,"Q3","2022/23","Q1","August",9.95,10.76,10.06
2022-08-04,2022,"Q3","2022/23","Q1","August",10.34,10.79,10.68
2022-08-05,2022,"Q3","2022/23","Q1","August",9.07,10.5,9.55
2022-08-08,2022,"Q3","2022/23","Q1","August",9.53,10.5,9.78
2022-08-09,2022,"Q3","2022/23","Q1","August",9,10.06,9.14
2022-08-10,2022,"Q3","2022/23","Q1","August",9.2,9.91,9.4
2022-08-11,2022,"Q3","2022/23","Q1","August",9.18,10.38,9.75
2022-08-12,2022,"Q3","2022/23","Q1","August",10.41,10.49,10.44
2022-08-15,2022,"Q3","2022/23","Q1","August",9.5,10.98,9.88
2022-08-16,2022,"Q3","2022/23","Q1","August",9.05,10.27,9.57
2022-08-17,2022,"Q3","2022/23","Q1","August",8.86,10.21,9.18
2022-08-18,2022,"Q3","2022/23","Q1","August",9.81,10.49,10.25
2022-08-19,2022,"Q3","2022/23","Q1","August",10.37,10.56,10.35
2022-08-22,2022,"Q3","2022/23","Q1","August",11.22,10.72,10.88
2022-08-23,2022,"Q3","2022/23","Q1","August",11.03,11.41,11.04
2022-08-24,2022,"Q3","2022/23","Q1","August",10.7,11.16,10.9
2022-08-25,2022,"Q3","2022/23","Q1","August",10.75,11.23,11.11
2022-08-26,2022,"Q3","2022/23","Q1","August",11.36,10.89,11.11
2022-08-29,2022,"Q3","2022/23","Q1","August",9.32,10.81,10.15
2022-08-30,2022,"Q3","2022/23","Q1","August",9.29,11,9.28
2022-08-31,2022,"Q3","2022/23","Q1","August",8.95,10.46,9.63
2022-09-01,2022,"Q3","2022/23","Q1","September",9.27,10.76,10.35
2022-09-02,2022,"Q3","2022/23","Q1","September",9.16,10,9.3
2022-09-05,2022,"Q3","2022/23","Q1","September",9.35,10.05,9.77
2022-09-06,2022,"Q3","2022/23","Q1","September",9.22,10.07,9.53
2022-09-07,2022,"Q3","2022/23","Q1","September",9.1,10.04,9.54
2022-09-08,2022,"Q3","2022/23","Q1","September",9.37,10.71,10.24
2022-09-09,2022,"Q3","2022/23","Q1","September",9.9,10.89,9.94
2022-09-12,2022,"Q3","2022/23","Q1","September",10.06,10.15,10.07
2022-09-13,2022,"Q3","2022/23","Q1","September",9.76,9.95,9.83
2022-09-14,2022,"Q3","2022/23","Q1","September",9.16,10.06,9.28
2022-09-15,2022,"Q3","2022/23","Q1","September",10.02,10.37,10.28
2022-09-16,2022,"Q3","2022/23","Q1","September",10.3462962962963,10.825,10.4935897435897
2022-09-19,2022,"Q3","2022/23","Q1","September",10.46,10.11,10.41
2022-09-20,2022,"Q3","2022/23","Q1","September",11.13,11.89,11.23
2022-09-21,2022,"Q3","2022/23","Q1","September",10.96,11.41,11.03
2022-09-22,2022,"Q3","2022/23","Q1","September",11.05,11.31,11.14
2022-09-23,2022,"Q3","2022/23","Q1","September",10.7826704545455,11.4166666666667,10.8515228426396
2022-09-26,2022,"Q3","2022/23","Q1","September",10.46,10.5,10.49
2022-09-27,2022,"Q3","2022/23","Q1","September",10.3729338842975,11,10.4955089820359
2022-09-28,2022,"Q3","2022/23","Q1","September",10.2518703241895,11.4677419354839,10.414686825054
2022-09-29,2022,"Q3","2022/23","Q1","September",10.94,11.52,11.18
2022-09-30,2022,"Q3","2022/23","Q1","September",11.0863636363636,11.25,11.115671641791
2022-10-03,2022,"Q4","2022/23","Q2","October",11.1179245283019,11.8080357142857,11.3590909090909
2022-10-04,2022,"Q4","2022/23","Q2","October",11.162037037037,11.75,11.2518656716418
2022-10-05,2022,"Q4","2022/23","Q2","October",11.1864754098361,12.5806451612903,11.3436363636364
2022-10-06,2022,"Q4","2022/23","Q2","October",11.4663865546218,11.9682080924855,11.6549893842888
2022-10-07,2022,"Q4","2022/23","Q2","October",11.7074592074592,12,11.7379958246347
2022-10-10,2022,"Q4","2022/23","Q2","October",11.2155172413793,11.453781512605,11.4281663516068
2022-10-11,2022,"Q4","2022/23","Q2","October",11.2990353697749,11.1666666666667,11.3638676844784
2022-10-12,2022,"Q4","2022/23","Q2","October",10.780612244898,12.5677966101695,10.9726775956284
2022-10-13,2022,"Q4","2022/23","Q2","October",10.6338709677419,12.3057851239669,11.3911149825784
2022-10-14,2022,"Q4","2022/23","Q2","October",10.8051689860835,12,10.8766355140187
2022-10-17,2022,"Q4","2022/23","Q2","October",8.73456790123457,12.2439024390244,10.075
2022-10-18,2022,"Q4","2022/23","Q2","October",9.17676767676768,11.4130434782609,9.81716417910448
2022-10-19,2022,"Q4","2022/23","Q2","October",10.0868644067797,11.4545454545455,10.243947858473
2022-10-20,2022,"Q4","2022/23","Q2","October",10.2085427135678,11.5784753363229,11.0256147540984
2022-10-21,2022,"Q4","2022/23","Q2","October",10.4767441860465,12.125,10.7623762376238
2022-10-24,2022,"Q4","2022/23","Q2","October",10.6147540983607,11.9025423728814,10.9928414096916
2022-10-25,2022,"Q4","2022/23","Q2","October",10.3333333333333,12.5,10.5522388059701
2022-10-26,2022,"Q4","2022/23","Q2","October",9.39572192513369,11.5,9.42165492957746
2022-10-27,2022,"Q4","2022/23","Q2","October",10.4554140127389,11.6996268656716,11.2741573033708
2022-10-28,2022,"Q4","2022/23","Q2","October",11.4972527472527,12,11.4740566037736
2022-10-31,2022,"Q4","2022/23","Q2","October",10.5376699029126,11.7805755395683,11.2515702479339
2022-11-01,2022,"Q4","2022/23","Q2","November",11.0333333333333,12.1428571428571,11.3932926829268
2022-11-02,2022,"Q4","2022/23","Q2","November",11,11.8666666666667,11.1952662721894
2022-11-03,2022,"Q4","2022/23","Q2","November",11.5753424657534,11.8254143646409,11.7535433070866
2022-11-04,2022,"Q4","2022/23","Q2","November",11.5529661016949,12,11.5622406639004
2022-11-07,2022,"Q4","2022/23","Q2","November",10.0559566787004,12.1056910569106,10.7622767857143
2022-11-08,2022,"Q4","2022/23","Q2","November",9.11206896551724,11.6822916666667,9.98262548262548
2022-11-09,2022,"Q4","2022/23","Q2","November",9.24594594594595,11.8111111111111,9.87338262476894
2022-11-10,2022,"Q4","2022/23","Q2","November",10.2231404958678,11.9274193548387,11.3582191780822
2022-11-11,2022,"Q4","2022/23","Q2","November",10.0027777777778,12.3333333333333,10.7681034482759
2022-11-14,2022,"Q4","2022/23","Q2","November",10.4166666666667,12.0915492957746,11.1214689265537
2022-11-15,2022,"Q4","2022/23","Q2","November",11.280487804878,11.5290456431535,11.455525606469
2022-11-16,2022,"Q4","2022/23","Q2","November",11.0714285714286,11.7847222222222,11.5465838509317
2022-11-17,2022,"Q4","2022/23","Q2","November",11.6034482758621,11.6868131868132,11.675355450237
2022-11-18,2022,"Q4","2022/23","Q2","November",11.4056603773585,12.1071428571429,11.5945945945946
2022-11-21,2022,"Q4","2022/23","Q2","November",9.67785234899329,11.7637614678899,10.3664079822616
2022-11-22,2022,"Q4","2022/23","Q2","November",8.91081081081081,11.3475,9.88230647709321
2022-11-23,2022,"Q4","2022/23","Q2","November",10.1375,11.4807692307692,10.2920353982301
2022-11-24,2022,"Q4","2022/23","Q2","November",8.93979057591623,11.4909502262443,10.6948778833107
2022-11-25,2022,"Q4","2022/23","Q2","November",10.25,11.5909090909091,10.8348909657321
2022-11-28,2022,"Q4","2022/23","Q2","November",10.8823529411765,11.7083333333333,11.1129943502825
2022-11-29,2022,"Q4","2022/23","Q2","November",10.969387755102,11.5959595959596,11.2842639593909
2022-11-30,2022,"Q4","2022/23","Q2","November",9.40647482014388,11.7631578947368,9.91242937853107
2022-12-01,2022,"Q4","2022/23","Q2","December",10.8692307692308,11.5130208333333,11.3711151736746
2022-12-02,2022,"Q4","2022/23","Q2","December",10.9141414141414,11.25,11.0668740279938
2022-12-05,2022,"Q4","2022/23","Q2","December",10.64,10.9548494983278,10.816644993498
2022-12-06,2022,"Q4","2022/23","Q2","December",11.1190476190476,11.7076023391813,11.3933823529412
2022-12-07,2022,"Q4","2022/23","Q2","December",10.158064516129,11.6944444444444,10.4476439790576
2022-12-08,2022,"Q4","2022/23","Q2","December",11.0641646489104,11.8514851485149,11.5035112359551
2022-12-09,2022,"Q4","2022/23","Q2","December",10.8039215686274,11.5777777777778,11.1424581005587
2022-12-12,2022,"Q4","2022/23","Q2","December",11.1694915254237,11.954128440367,11.3548387096774
2022-12-13,2022,"Q4","2022/23","Q2","December",10.9518518518519,11.1473684210526,11.0845238095238
2022-12-14,2022,"Q4","2022/23","Q2","December",11.1828703703704,11.53125,11.3551282051282
2022-12-15,2022,"Q4","2022/23","Q2","December",11.0228758169935,11.812030075188,11.447011706716
2022-12-16,2022,"Q4","2022/23","Q2","December",11.0875,11.8549382716049,11.3660220994475
2022-12-19,2022,"Q4","2022/23","Q2","December",11.0274390243902,11.1367924528302,11.0703703703704
2022-12-20,2022,"Q4","2022/23","Q2","December",11.0394736842105,11,10.8826530612245
2022-12-21,2022,"Q4","2022/23","Q2","December",9.59714747039827,11.4632352941176,9.88580527752502
2022-12-22,2022,"Q4","2022/23","Q2","December",11,11.7439516129032,11.3892405063291
2022-12-23,2022,"Q4","2022/23","Q2","December",,11.8507462686567,11.3815789473684
2022-12-27,2022,"Q4","2022/23","Q2","December",11.25,11.164201183432,11.1866883116883
2022-12-28,2022,"Q4","2022/23","Q2","December",11.2377049180328,,11.2898550724638
2022-12-29,2022,"Q4","2022/23","Q2","December",11.359375,11.6124401913876,11.4914425427873
2022-12-30,2022,"Q4","2022/23","Q2","December",11.321568627451,11.0612244897959,11.2492917847025
2023-01-02,2023,"Q1","2022/23","Q3","January",11.3119658119658,11.3142857142857,11.3168421052632
2023-01-03,2023,"Q1","2022/23","Q3","January",11.469512195122,11.8916666666667,11.6804812834225
2023-01-04,2023,"Q1","2022/23","Q3","January",10.7984790874525,12,10.8339483394834
2023-01-05,2023,"Q1","2022/23","Q3","January",11.2569965870307,11.9370503597122,11.8186571598336
2023-01-06,2023,"Q1","2022/23","Q3","January",11.7641509433962,12,11.9161073825503
2023-01-09,2023,"Q1","2022/23","Q3","January",12.1776315789474,12.0238095238095,12.0717213114754
2023-01-10,2023,"Q1","2022/23","Q3","January",11.6583333333333,12.0183486238532,11.9747983870968
2023-01-11,2023,"Q1","2022/23","Q3","January",11.6176470588235,12.1785714285714,11.8947368421053
2023-01-12,2023,"Q1","2022/23","Q3","January",11.8354271356784,11.8982558139535,11.8645552560647
2023-01-13,2023,"Q1","2022/23","Q3","January",11.8097765363128,12,11.8217277486911
2023-01-16,2023,"Q1","2022/23","Q3","January",11.72,12.0071428571429,11.7761111111111
2023-01-17,2023,"Q1","2022/23","Q3","January",11.8392857142857,12.25,12.0053191489362
2023-01-18,2023,"Q1","2022/23","Q3","January",11.9473684210526,12.0714285714286,11.9666666666667
2023-01-19,2023,"Q1","2022/23","Q3","January",11.9290909090909,,12.0232876712329
2023-01-20,2023,"Q1","2022/23","Q3","January",12.0141843971631,12,12.0118343195266
2023-01-23,2023,"Q1","2022/23","Q3","January",12.0561797752809,12.2625,12.1131386861314
2023-01-24,2023,"Q1","2022/23","Q3","January",12,12.3047619047619,12.1
2023-01-25,2023,"Q1","2022/23","Q3","January",,12.241935483871,12.1136363636364
2023-01-27,2023,"Q1","2022/23","Q3","January",12,12.0663265306122,12.0360465116279
2023-01-30,2023,"Q1","2022/23","Q3","January",12,12.1323529411765,12.011421319797
2023-01-31,2023,"Q1","2022/23","Q3","January",12,12,12
2023-02-01,2023,"Q1","2022/23","Q3","February",11.89631043257,12.0290322580645,11.9143956043956
2023-02-02,2023,"Q1","2022/23","Q3","February",11.9493670886076,11.9720588235294,11.9637209302326
2023-02-03,2023,"Q1","2022/23","Q3","February",11.9366197183099,12.3,11.9814814814815
2023-02-06,2023,"Q1","2022/23","Q3","February",11.9856459330144,12.0348837209302,12
2023-02-07,2023,"Q1","2022/23","Q3","February",11.9789272030651,12.0366972477064,11.9959459459459
2023-02-08,2023,"Q1","2022/23","Q3","February",12,12.0271739130435,12.0139484978541
2023-02-09,2023,"Q1","2022/23","Q3","February",,12,11.9852507374631
2023-02-10,2023,"Q1","2022/23","Q3","February",11.9782608695652,12,11.9852507374631
2023-02-13,2023,"Q1","2022/23","Q3","February",12,12.054347826087,12.0079617834395
2023-02-14,2023,"Q1","2022/23","Q3","February",11.9964735516373,12.0252525252525,12.0052098408104
2023-02-15,2023,"Q1","2022/23","Q3","February",,12.0260869565217,11.9743781094527
2023-02-17,2023,"Q1","2022/23","Q3","February",11.9957983193277,12.1834112149533,12.0627705627706
2023-02-20,2023,"Q1","2022/23","Q3","February",11.9677419354839,11.9705882352941,11.9766355140187
2023-02-21,2023,"Q1","2022/23","Q3","February",12.01171875,12.0952380952381,12.0215053763441
2023-02-22,2023,"Q1","2022/23","Q3","February",12,12,12
2023-02-23,2023,"Q1","2022/23","Q3","February",11.990990990991,12.1010638297872,12.034693877551
2023-02-24,2023,"Q1","2022/23","Q3","February",12,12,12
2023-02-27,2023,"Q1","2022/23","Q3","February",12,12,12
2023-02-28,2023,"Q1","2022/23","Q3","February",11.9814814814815,12,11.9906103286385
2023-03-01,2023,"Q1","2022/23","Q3","March",11.8151408450704,,11.8674242424242
2023-03-02,2023,"Q1","2022/23","Q3","March",12,12.1458333333333,12.0941704035874
2023-03-03,2023,"Q1","2022/23","Q3","March",12,12,12
2023-03-06,2023,"Q1","2022/23","Q3","March",12,12,12
2023-03-07,2023,"Q1","2022/23","Q3","March",,12,11.9905956112853
2023-03-09,2023,"Q1","2022/23","Q3","March",12,12,12
2023-03-10,2023,"Q1","2022/23","Q3","March",11.9950980392157,12,11.9957386363636
2023-03-13,2023,"Q1","2022/23","Q3","March",11.9762658227848,12,11.9178571428571
2023-03-14,2023,"Q1","2022/23","Q3","March",11.81589958159,12,11.7795275590551
2023-03-15,2023,"Q1","2022/23","Q3","March",10.0922787193974,10.5714285714286,10.1162790697674
2023-03-16,2023,"Q1","2022/23","Q3","March",11.9396551724138,12,11.9747292418773
2023-03-17,2023,"Q1","2022/23","Q3","March",11.9015683217282,12,11.9108095488755
2023-03-20,2023,"Q1","2022/23","Q3","March",12,12,12
2023-03-21,2023,"Q1","2022/23","Q3","March",12,12,12
2023-03-22,2023,"Q1","2022/23","Q3","March",12,12,12
2023-03-23,2023,"Q1","2022/23","Q3","March",12,12.0161290322581,12.0069124423963
2023-03-24,2023,"Q1","2022/23","Q3","March",11.993670886076,12,11.9942528735632
2023-03-27,2023,"Q1","2022/23","Q3","March",11.9477611940299,12,11.9583333333333
2023-03-28,2023,"Q1","2022/23","Q3","March",11.8963414634146,12,11.8936781609195
2023-03-29,2023,"Q1","2022/23","Q3","March",11.0166666666667,11.5,11.13
2023-03-30,2023,"Q1","2022/23","Q3","March",11.9601769911504,12,11.9840989399293
2023-03-31,2023,"Q1","2022/23","Q3","March",12,,12
2023-04-03,2023,"Q2","2022/23","Q4","April",11.9619047619048,,11.9782016348774
2023-04-04,2023,"Q2","2022/23","Q4","April",11.9486607142857,12,11.9647239263804
2023-04-05,2023,"Q2","2022/23","Q4","April",11.9302325581395,12,11.9545454545455
2023-04-06,2023,"Q2","2022/23","Q4","April",,12,11.9031007751938
2023-04-11,2023,"Q2","2022/23","Q4","April",11.5327868852459,11.7765363128492,11.7206266318538
2023-04-12,2023,"Q2","2022/23","Q4","April",10.8,12,10.9117647058824
2023-04-13,2023,"Q2","2022/23","Q4","April",10.8457142857143,11.6321912350598,11.2391869918699
2023-04-14,2023,"Q2","2022/23","Q4","April",10.5057034220532,12,10.655
2023-04-17,2023,"Q2","2022/23","Q4","April",10.469696969697,11.2916666666667,10.5961538461538
2023-04-18,2023,"Q2","2022/23","Q4","April",10.679180887372,11.9625,10.9814385150812
2023-04-19,2023,"Q2","2022/23","Q4","April",11.2396551724138,11.8954802259887,11.3932341650672
2023-04-20,2023,"Q2","2022/23","Q4","April",11.7708333333333,11.7357142857143,11.5485714285714
2023-04-24,2023,"Q2","2022/23","Q4","April",10.6621621621622,,11.0697183098592
2023-04-25,2023,"Q2","2022/23","Q4","April",9.81164383561644,11.6029411764706,10.0518617021277
2023-04-26,2023,"Q2","2022/23","Q4","April",10.144251626898,11.75,10.4481216457961
2023-04-27,2023,"Q2","2022/23","Q4","April",10.5042016806723,11.2591324200913,10.9087837837838
2023-04-28,2023,"Q2","2022/23","Q4","April",,11.0467289719626,10.5833333333333
2023-05-02,2023,"Q2","2022/23","Q4","May",10.5243445692884,10.9683544303797,10.7079646017699
2023-05-03,2023,"Q2","2022/23","Q4","May",10.5773195876289,10.9859154929577,10.7087719298246
2023-05-04,2023,"Q2","2022/23","Q4","May",10.1129032258065,11.0915032679739,10.6036745406824
2023-05-05,2023,"Q2","2022/23","Q4","May",10.3265306122449,11.0336538461538,10.5423529411765
2023-05-08,2023,"Q2","2022/23","Q4","May",10.4965753424658,10.8913043478261,10.5772946859903
2023-05-09,2023,"Q2","2022/23","Q4","May",10.3805970149254,11,10.535
2023-05-10,2023,"Q2","2022/23","Q4","May",10.25,11.126582278481,10.4530791788856
2023-05-11,2023,"Q2","2022/23","Q4","May",10.2910447761194,10.8862348178138,10.6191964285714
2023-05-12,2023,"Q2","2022/23","Q4","May",9.64388489208633,11.0486111111111,9.93285714285714
2023-05-15,2023,"Q2","2022/23","Q4","May",10.4132947976879,11,10.6003937007874
2023-05-16,2023,"Q2","2022/23","Q4","May",10.286,11,10.4061147186147
2023-05-17,2023,"Q2","2022/23","Q4","May",10.3775862068966,11,10.4727011494253
2023-05-18,2023,"Q2","2022/23","Q4","May",10.6244979919679,10.9161073825503,10.5985130111524
2023-05-19,2023,"Q2","2022/23","Q4","May",10.8959074733096,10.8847107438017,10.8921698113208
2023-05-22,2023,"Q2","2022/23","Q4","May",9.89097744360902,11,10.1753926701571
2023-05-23,2023,"Q2","2022/23","Q4","May",10.2433035714286,11.2941176470588,10.3411949685535
2023-05-24,2023,"Q2","2022/23","Q4","May",10.1211734693878,10.7787356321839,10.3349834983498
2023-05-25,2023,"Q2","2022/23","Q4","May",10.2440476190476,10.8426829268293,10.5397590361446
2023-05-26,2023,"Q2","2022/23","Q4","May",10.3089887640449,10.7544642857143,10.5647921760391
2023-05-29,2023,"Q2","2022/23","Q4","May",10.2954545454545,10.9359375,10.5041666666667
2023-05-30,2023,"Q2","2022/23","Q4","May",9.48878923766816,10.8947368421053,9.69348659003831
2023-05-31,2023,"Q2","2022/23","Q4","May",10.3165938864629,10.6276595744681,10.4148648648649
2023-06-01,2023,"Q2","2022/23","Q4","June",9.43981481481481,10.7162740899358,10.0317775571003
2023-06-02,2023,"Q2","2022/23","Q4","June",10.2605633802817,,10.4507216494845
2023-06-05,2023,"Q2","2022/23","Q4","June",10.0619658119658,10.6756756756757,10.2902843601896
2023-06-06,2023,"Q2","2022/23","Q4","June",9.08176943699732,10.5,9.18819599109131
2023-06-07,2023,"Q2","2022/23","Q4","June",9.99009900990099,10.58,10.2835820895522
2023-06-08,2023,"Q2","2022/23","Q4","June",,10.8354368932039,10.6464615384615
2023-06-12,2023,"Q2","2022/23","Q4","June",10.2038834951456,10.7066945606695,10.474449339207
2023-06-13,2023,"Q2","2022/23","Q4","June",9.60714285714286,11,9.83538083538084
2023-06-14,2023,"Q2","2022/23","Q4","June",9.8984962406015,10.6582278481013,10.1959459459459
2023-06-15,2023,"Q2","2022/23","Q4","June",10.2348484848485,10.6913580246914,10.4863945578231
2023-06-16,2023,"Q2","2022/23","Q4","June",10.6074561403509,11,10.7095070422535
2023-06-19,2023,"Q2","2022/23","Q4","June",10.3684210526316,10.7102803738318,10.5088028169014
2023-06-20,2023,"Q2","2022/23","Q4","June",10.2435064935065,10.9521531100478,10.3277430358158
2023-06-21,2023,"Q2","2022/23","Q4","June",10.1785714285714,11,10.4042316258352
2023-06-22,2023,"Q2","2022/23","Q4","June",10.1820809248555,10.6404109589041,10.460396039604
2023-06-23,2023,"Q2","2022/23","Q4","June",10.0340909090909,10.75,10.0845070422535
2023-06-26,2023,"Q2","2022/23","Q4","June",10.0742358078603,10.5541666666667,10.3281893004115
2023-06-27,2023,"Q2","2022/23","Q4","June",,10.7435897435897,10.3827160493827
2023-06-29,2023,"Q2","2022/23","Q4","June",9.90441176470588,10.42,10.2113095238095
2023-06-30,2023,"Q2","2022/23","Q4","June",9.31818181818182,10.5,9.66145833333333
2023-07-03,2023,"Q3","2023/24","Q1","July",9.96616541353383,10.3863636363636,10.0616028708134
2023-07-04,2023,"Q3","2023/24","Q1","July",10.3980716253444,10.4173076923077,10.3960655737705
2023-07-05,2023,"Q3","2023/24","Q1","July",10.0077519379845,10.8913043478261,10.1414473684211
2023-07-06,2023,"Q3","2023/24","Q1","July",9.92105263157895,10.4444444444444,10.2505800464037
2023-07-07,2023,"Q3","2023/24","Q1","July",9.83576642335766,10.4838709677419,9.95535714285714
2023-07-10,2023,"Q3","2023/24","Q1","July",8.84651162790698,10.5,8.99170124481328
2023-07-11,2023,"Q3","2023/24","Q1","July",10.0609756097561,10.4076923076923,10.2391304347826
2023-07-12,2023,"Q3","2023/24","Q1","July",10.1878048780488,10.625,10.3794520547945
2023-07-13,2023,"Q3","2023/24","Q1","July",9.95882352941176,10.5252631578947,10.3382271468144
2023-07-14,2023,"Q3","2023/24","Q1","July",9.92558746736292,10.140625,9.95637583892617
2023-07-17,2023,"Q3","2023/24","Q1","July",10.2006369426752,10.75,10.2594936708861
2023-07-18,2023,"Q3","2023/24","Q1","July",10.6356209150327,11,10.5658602150538
2023-07-19,2023,"Q3","2023/24","Q1","July",10.4340659340659,10.1517857142857,10.3653395784543
2023-07-20,2023,"Q3","2023/24","Q1","July",10.4860248447205,10.7432975871314,10.6213080168776
2023-07-21,2023,"Q3","2023/24","Q1","July",10.3389830508475,10.7808988764045,10.5605633802817
2023-07-24,2023,"Q3","2023/24","Q1","July",10.1609442060086,10.4305555555556,10.312375249501
2023-07-25,2023,"Q3","2023/24","Q1","July",10.6,10.1060606060606,10.4967811158798
2023-07-26,2023,"Q3","2023/24","Q1","July",10.4256756756757,10.3662790697674,10.4144736842105
2023-07-27,2023,"Q3","2023/24","Q1","July",10.4209090909091,10.6883116883117,10.5310160427807
2023-07-28,2023,"Q3","2023/24","Q1","July",10.4047619047619,10.4107142857143,10.4088888888889
2023-07-31,2023,"Q3","2023/24","Q1","July",10.1826923076923,10.5,10.2729357798165
2023-08-01,2023,"Q3","2023/24","Q1","August",9.77162162162162,10.5,9.79767441860465
2023-08-02,2023,"Q3","2023/24","Q1","August",9.80056179775281,10.3672566371681,10.0981404958678
2023-08-03,2023,"Q3","2023/24","Q1","August",10.5847457627119,10.6023980815348,10.5960183767228
2023-08-04,2023,"Q3","2023/24","Q1","August",10.444483627204,10.5,10.4597074954296
2023-08-07,2023,"Q3","2023/24","Q1","August",10.3358585858586,10.4794520547945,10.3968023255814
2023-08-08,2023,"Q3","2023/24","Q1","August",10.270618556701,10.5,10.3098290598291
2023-08-09,2023,"Q3","2023/24","Q1","August",10.2810650887574,10.5,10.349593495935
2023-08-10,2023,"Q3","2023/24","Q1","August",10.4430379746835,10.6178861788618,10.549504950495
2023-08-11,2023,"Q3","2023/24","Q1","August",10.4508928571429,10.7365671641791,10.5578212290503
2023-08-14,2023,"Q3","2023/24","Q1","August",10.457650273224,10.5,10.4681647940075
2023-08-15,2023,"Q3","2023/24","Q1","August",10.7262443438914,10.3571428571429,10.6287128712871
2023-08-16,2023,"Q3","2023/24","Q1","August",10.2618618618619,,10.2618618618619
2023-08-17,2023,"Q3","2023/24","Q1","August",10.3274647887324,10.51875,10.4487373737374
2023-08-18,2023,"Q3","2023/24","Q1","August",10.4576612903226,10.3863636363636,10.4486754966887
2023-08-21,2023,"Q3","2023/24","Q1","August",10.1224489795918,10.1225490196078,10.1574585635359
2023-08-22,2023,"Q3","2023/24","Q1","August",10.0209580838323,10.0434782608696,10.0595667870036
2023-08-23,2023,"Q3","2023/24","Q1","August",10.36,10.5,10.4027777777778
2023-08-24,2023,"Q3","2023/24","Q1","August",10.2405063291139,10.5677083333333,10.4274611398964
2023-08-25,2023,"Q3","2023/24","Q1","August",10.6345514950166,10.2549019607843,10.5178997613365
2023-08-28,2023,"Q3","2023/24","Q1","August",10.4676339285714,10.3255813953488,10.4615921787709
2023-08-29,2023,"Q3","2023/24","Q1","August",10.531045751634,10.5,10.5371428571429
2023-08-30,2023,"Q3","2023/24","Q1","August",10.6159217877095,10.3888888888889,10.5703125
2023-08-31,2023,"Q3","2023/24","Q1","August",10.4575471698113,10.605,10.5291262135922
2023-09-01,2023,"Q3","2023/24","Q1","September",10.621387283237,10.4621794871795,10.545896656535
2023-09-04,2023,"Q3","2023/24","Q1","September",10.0819327731092,10.3630136986301,10.2367924528302
2023-09-05,2023,"Q3","2023/24","Q1","September",10.1742424242424,10,10.3446601941748
2023-09-06,2023,"Q3","2023/24","Q1","September",10.2561728395062,10,10.2530487804878
2023-09-07,2023,"Q3","2023/24","Q1","September",10.3598484848485,10.5551470588235,10.4347290640394
2023-09-08,2023,"Q3","2023/24","Q1","September",9.86781609195402,10.1689189189189,9.96082089552239
2023-09-11,2023,"Q3","2023/24","Q1","September",9.28960396039604,10,9.51864406779661
2023-09-12,2023,"Q3","2023/24","Q1","September",9.84408602150538,10.125,9.06629834254144
2023-09-13,2023,"Q3","2023/24","Q1","September",9.7,10.241935483871,9.83333333333333
2023-09-14,2023,"Q3","2023/24","Q1","September",9.63819095477387,10.2771317829457,9.99890590809628
2023-09-15,2023,"Q3","2023/24","Q1","September",10.265625,10.3607142857143,10.2992424242424
2023-09-18,2023,"Q3","2023/24","Q1","September",10.1181818181818,10.5,10.2375
2023-09-19,2023,"Q3","2023/24","Q1","September",10.24375,10,10.195
2023-09-20,2023,"Q3","2023/24","Q1","September",10.2549019607843,10.0487804878049,10.1958041958042
2023-09-21,2023,"Q3","2023/24","Q1","September",9.95789473684211,10.2457627118644,10.1730769230769
2023-09-22,2023,"Q3","2023/24","Q1","September",10.3882978723404,11.4347826086957,10.5940170940171
2023-09-25,2023,"Q3","2023/24","Q1","September",10,10.3913043478261,10.2232558139535
2023-09-26,2023,"Q3","2023/24","Q1","September",10.0655737704918,,10.1286307053942
2023-09-27,2023,"Q3","2023/24","Q1","September",9.64097363083164,10.3828125,9.79185867895545
2023-09-28,2023,"Q3","2023/24","Q1","September",10.25,10.2678571428571,10.2586436170213
2023-09-29,2023,"Q3","2023/24","Q1","September",10.3988970588235,10,10.3870481927711
2023-10-02,2023,"Q4","2023/24","Q2","October",10.4652777777778,,10.4556451612903
2023-10-03,2023,"Q4","2023/24","Q2","October",10.75625,10.1,10.6833333333333
2023-10-04,2023,"Q4","2023/24","Q2","October",10.2814960629921,10.5304054054054,10.3236434108527
2023-10-05,2023,"Q4","2023/24","Q2","October",10.3296703296703,10.5046296296296,10.4075757575758
2023-10-06,2023,"Q4","2023/24","Q2","October",,10.375,10.3463203463203
2023-10-10,2023,"Q4","2023/24","Q2","October",10.2605363984674,10.5451807228916,10.3741794310722
2023-10-11,2023,"Q4","2023/24","Q2","October",10.2270642201835,10.35,10.2373949579832
2023-10-12,2023,"Q4","2023/24","Q2","October",10.4738586156112,10.6170212765957,10.5313288477712
2023-10-13,2023,"Q4","2023/24","Q2","October",10.6475409836066,10.5576923076923,10.6317567567568
2023-10-16,2023,"Q4","2023/24","Q2","October",11,10.7192307692308,10.8868715083799
2023-10-17,2023,"Q4","2023/24","Q2","October",10.9375,10.5,10.92
2023-10-18,2023,"Q4","2023/24","Q2","October",10.9905660377358,10.7777777777778,10.9640883977901
2023-10-19,2023,"Q4","2023/24","Q2","October",10.8913043478261,11.04140625,10.957785467128
2023-10-20,2023,"Q4","2023/24","Q2","October",11.2888198757764,11.1363636363636,11.1996753246753
2023-10-23,2023,"Q4","2023/24","Q2","October",11.0292740046838,10.9314159292035,11.0049489638107
2023-10-24,2023,"Q4","2023/24","Q2","October",10.6838345864662,10.85,10.6664677804296
2023-10-25,2023,"Q4","2023/24","Q2","October",10.270218579235,10.5,10.2786842105263
2023-10-26,2023,"Q4","2023/24","Q2","October",10.8179347826087,11.0118243243243,10.8869047619048
2023-10-27,2023,"Q4","2023/24","Q2","October",10.1214953271028,10.9464285714286,10.2334963325183
2023-10-30,2023,"Q4","2023/24","Q2","October",10.8913043478261,11.04140625,10.957785467128
2023-10-31,2023,"Q4","2023/24","Q2","October",10.5422077922078,10.65,10.5527210884354
2023-11-01,2023,"Q4","2023/24","Q2","November",10.6884057971014,,10.7425149700599
2023-11-02,2023,"Q4","2023/24","Q2","November",10.5479452054795,11.0639534883721,10.7417695473251
2023-11-03,2023,"Q4","2023/24","Q2","November",10.9569892473118,10.8030303030303,10.9273356401384
2023-11-06,2023,"Q4","2023/24","Q2","November",10.7564516129032,10.919512195122,10.7243619489559
2023-11-07,2023,"Q4","2023/24","Q2","November",8.61336336336336,10.8424657534247,8.95611866501854
2023-11-08,2023,"Q4","2023/24","Q2","November",9.91971401781528,10.5161290322581,10.0842363697934
2023-11-09,2023,"Q4","2023/24","Q2","November",9.88961038961039,11.01875,10.4649681528662
2023-11-10,2023,"Q4","2023/24","Q2","November",10.7813664596273,11,10.8044444444444
2023-11-13,2023,"Q4","2023/24","Q2","November",10.6462025316456,11,10.6841807909605
2023-11-14,2023,"Q4","2023/24","Q2","November",10.8984674329502,11.0769230769231,10.9146341463415
2023-11-15,2023,"Q4","2023/24","Q2","November",9.92821869488536,11.2692307692308,10.0038142620232
2023-11-16,2023,"Q4","2023/24","Q2","November",10.3208037825059,10.8738738738739,10.5463309352518
2023-11-17,2023,"Q4","2023/24","Q2","November",10.4387464387464,10.6752577319588,10.5229357798165
2023-11-20,2023,"Q4","2023/24","Q2","November",10.6369109947644,10.5568181818182,10.6496
2023-11-21,2023,"Q4","2023/24","Q2","November",10.4797368421053,10.8214285714286,10.5887128712871
2023-11-22,2023,"Q4","2023/24","Q2","November",10.60984,11,10.6326875
2023-11-23,2023,"Q4","2023/24","Q2","November",10.6002459016393,11,10.6256687898089
2023-11-24,2023,"Q4","2023/24","Q2","November",10.1126623376623,10.7282608695652,10.3749134948097
2023-11-27,2023,"Q4","2023/24","Q2","November",10.4664179104478,10.5149253731343,10.4748322147651
2023-11-28,2023,"Q4","2023/24","Q2","November",10.6968,10.6617647058824,10.692673992674
2023-11-29,2023,"Q4","2023/24","Q2","November",10.0021276595745,10.5,10.0922619047619
2023-11-30,2023,"Q4","2023/24","Q2","November",10.625,10.5320512820513,10.5573394495413
2023-12-01,2023,"Q4","2023/24","Q2","December",10.09209344115,10.59,10.3320772491757
2023-12-04,2023,"Q4","2023/24","Q2","December",10.1293103448276,10.1363636363636,10.2214285714286
2023-12-05,2023,"Q4","2023/24","Q2","December",10.1645299145299,10.1363636363636,10.2287735849057
2023-12-06,2023,"Q4","2023/24","Q2","December",9.85035211267606,10.4375,9.90129449838188
2023-12-07,2023,"Q4","2023/24","Q2","December",10.5477941176471,10.6212121212121,10.5158150851582
2023-12-08,2023,"Q4","2023/24","Q2","December",10.2903225806452,10.2540322580645,10.3045454545455
2023-12-11,2023,"Q4","2023/24","Q2","December",9.41666666666667,10.6979166666667,9.7751677852349
2023-12-12,2023,"Q4","2023/24","Q2","December",9.91105769230769,10.7,10.0639534883721
2023-12-13,2023,"Q4","2023/24","Q2","December",10.2823741007194,,10.2061688311688
2023-12-14,2023,"Q4","2023/24","Q2","December",9.77845528455285,10.3805732484076,9.92411402157165
2023-12-15,2023,"Q4","2023/24","Q2","December",10.0827272727273,10.3053097345133,10.1206636500754
2023-12-18,2023,"Q4","2023/24","Q2","December",10.2632978723404,,10.3328804347826
2023-12-19,2023,"Q4","2023/24","Q2","December",10.6752136752137,11,10.6586666666667
2023-12-20,2023,"Q4","2023/24","Q2","December",9.96719457013575,10.8888888888889,10.0032608695652
2023-12-21,2023,"Q4","2023/24","Q2","December",10.012962962963,10.6756097560976,10.2989473684211
2023-12-22,2023,"Q4","2023/24","Q2","December",,10.5796460176991,10.6034482758621
2023-12-27,2023,"Q4","2023/24","Q2","December",10.60407239819,11.0485074626866,10.7737430167598
2023-12-28,2023,"Q4","2023/24","Q2","December",10.432119205298,10.8157894736842,10.4548286604361
2023-12-29,2023,"Q4","2023/24","Q2","December",,10.9711538461538,10.8513011152416
2024-01-02,2024,"Q1","2023/24","Q3","January",10.1457489878543,10.8648648648649,10.3918669131238
2024-01-03,2024,"Q1","2023/24","Q3","January",10.2627201565558,10.5,10.3717257318952
2024-01-04,2024,"Q1","2023/24","Q3","January",10.3576642335766,10.8065476190476,10.5282805429864
2024-01-05,2024,"Q1","2023/24","Q3","January",10.6010101010101,10.7282608695652,10.614730878187
2024-01-08,2024,"Q1","2023/24","Q3","January",10.547619047619,10.65,10.6131578947368
2024-01-09,2024,"Q1","2023/24","Q3","January",10.7894736842105,10.915,10.9340659340659
2024-01-10,2024,"Q1","2023/24","Q3","January",10.9261363636364,10.9193548387097,10.9877049180328
2024-01-11,2024,"Q1","2023/24","Q3","January",10.91015625,10.9464285714286,10.9243119266055
2024-01-12,2024,"Q1","2023/24","Q3","January",10.8608519269777,10.8611111111111,10.8659380692168
2024-01-15,2024,"Q1","2023/24","Q3","January",10.8152882205514,10.8970588235294,10.8562383612663
2024-01-16,2024,"Q1","2023/24","Q3","January",10.6372549019608,11,10.6586715867159
2024-01-17,2024,"Q1","2023/24","Q3","January",10.8842541436464,11,10.9075055187638
2024-01-18,2024,"Q1","2023/24","Q3","January",10.3063909774436,10.9707792207792,10.460182767624
2024-01-19,2024,"Q1","2023/24","Q3","January",9.51813471502591,,9.61575178997613
2024-01-22,2024,"Q1","2023/24","Q3","January",9.88165829145728,10.7311320754717,10.0988888888889
2024-01-23,2024,"Q1","2023/24","Q3","January",9.47963483146067,11,9.6047149122807
2024-01-24,2024,"Q1","2023/24","Q3","January",10.3941908713693,10.64,10.4445945945946
2024-01-25,2024,"Q1","2023/24","Q3","January",,10.6636363636364,10.562851782364
2024-01-29,2024,"Q1","2023/24","Q3","January",10.1658595641646,10.8712121212121,10.309906291834
2024-01-30,2024,"Q1","2023/24","Q3","January",10.1359493670886,10.7,9.91773962804006
2024-01-31,2024,"Q1","2023/24","Q3","January",9.53663793103448,10.5,9.82272727272727
2024-02-01,2024,"Q1","2023/24","Q3","February",10.2114882506527,10.8479020979021,10.39453125
2024-02-02,2024,"Q1","2023/24","Q3","February",10.606862745098,11,10.6496655518395
2024-02-05,2024,"Q1","2023/24","Q3","February",10.3889684813754,10.8214285714286,10.4694174757282
2024-02-06,2024,"Q1","2023/24","Q3","February",10.4743801652893,10.8823529411765,10.5222222222222
2024-02-07,2024,"Q1","2023/24","Q3","February",10.4743801652893,10.8823529411765,10.5222222222222
2024-02-08,2024,"Q1","2023/24","Q3","February",10.7463235294118,10.945652173913,10.8245738636364
2024-02-09,2024,"Q1","2023/24","Q3","February",10.7463235294118,10.945652173913,10.8245738636364
2024-02-12,2024,"Q1","2023/24","Q3","February",10.6190095846645,10.9318181818182,10.6629411764706
2024-02-13,2024,"Q1","2023/24","Q3","February",10.1988372093023,10.75,10.2141768292683
2024-02-14,2024,"Q1","2023/24","Q3","February",10.17793904209,10.8833333333333,10.2184678522572
2024-02-15,2024,"Q1","2023/24","Q3","February",,10.9776785714286,10.7897271268058
2024-02-19,2024,"Q1","2023/24","Q3","February",10.5283882783883,11.4615384615385,10.8028967254408
2024-02-20,2024,"Q1","2023/24","Q3","February",11.2631578947368,,11.2454545454545
2024-02-21,2024,"Q1","2023/24","Q3","February",11.1174242424242,11.6484375,11.2853982300885
2024-02-22,2024,"Q1","2023/24","Q3","February",11.140350877193,11.2179487179487,11.2176724137931
2024-02-23,2024,"Q1","2023/24","Q3","February",11.267907444668,11.1029411764706,11.2524347826087
2024-02-26,2024,"Q1","2023/24","Q3","February",11.1900900900901,11.4261363636364,11.1712365591398
2024-02-27,2024,"Q1","2023/24","Q3","February",11.2324561403509,,11.2332402234637
2024-02-28,2024,"Q1","2023/24","Q3","February",10.8746438746439,11.5,10.9742388758782
2024-02-29,2024,"Q1","2023/24","Q3","February",11.1666666666667,11.4708333333333,11.2791304347826
2024-03-01,2024,"Q1","2023/24","Q3","March",11.2988721804511,,11.3134517766497
2024-03-04,2024,"Q1","2023/24","Q3","March",11.2844218887908,11.2857142857143,11.2847269049225
2024-03-05,2024,"Q1","2023/24","Q3","March",11.2571428571429,11.5,11.2917808219178
2024-03-06,2024,"Q1","2023/24","Q3","March",11.5616666666667,11.375,11.6710526315789
2024-03-07,2024,"Q1","2023/24","Q3","March",,12,11.7785234899329
2024-03-11,2024,"Q1","2023/24","Q3","March",11.7483333333333,11.8181818181818,11.7346014492754
2024-03-12,2024,"Q1","2023/24","Q3","March",11.6027777777778,11.8823529411765,11.6497890295359
2024-03-13,2024,"Q1","2023/24","Q3","March",11.6390442890443,,11.6464611872146
2024-03-14,2024,"Q1","2023/24","Q3","March",11.8351393188854,11.9556962025316,11.8701478743068
2024-03-15,2024,"Q1","2023/24","Q3","March",11.8621212121212,11.7833333333333,11.8540816326531
2024-03-18,2024,"Q1","2023/24","Q3","March",11.4354430379747,11.5375,11.4518518518519
2024-03-19,2024,"Q1","2023/24","Q3","March",11.7027607361963,11.8833333333333,11.7291079812207
2024-03-20,2024,"Q1","2023/24","Q3","March",11.6097826086957,11.4166666666667,11.5952261306533
2024-03-21,2024,"Q1","2023/24","Q3","March",11.5676767676768,11.7340909090909,11.6065134099617
2024-03-22,2024,"Q1","2023/24","Q3","March",11.6360975609756,,11.6030057803468
2024-03-25,2024,"Q1","2023/24","Q3","March",11.5537037037037,,11.3957627118644
2024-03-26,2024,"Q1","2023/24","Q3","March",11.3519637462236,11.7777777777778,11.3832199546485
2024-03-27,2024,"Q1","2023/24","Q3","March",10.8998015873016,11.6875,10.9546296296296
2024-03-28,2024,"Q1","2023/24","Q3","March",,11.4850877192982,11.5297067901235
2024-04-02,2024,"Q2","2023/24","Q4","April",11.7358333333333,11.5951086956522,11.6851598173516
2024-04-03,2024,"Q2","2023/24","Q4","April",11.85,,11.875
2024-04-04,2024,"Q2","2023/24","Q4","April",11.7575,12.1157407407407,11.9271929824561
2024-04-05,2024,"Q2","2023/24","Q4","April",11.8258823529412,12,11.8355555555556
2024-04-08,2024,"Q2","2023/24","Q4","April",11.7291411042945,11.99,11.7580428954424
2024-04-09,2024,"Q2","2023/24","Q4","April",,12.1388888888889,12.047149122807
2024-04-11,2024,"Q2","2023/24","Q4","April",12.0098159509202,12.1179867986799,12.0600154083205
2024-04-12,2024,"Q2","2023/24","Q4","April",12.1387283236994,12.15,12.1647314949202
2024-04-15,2024,"Q2","2023/24","Q4","April",12.0091911764706,12,12.0296208530806
2024-04-16,2024,"Q2","2023/24","Q4","April",12.0190839694656,12,12.0102040816327
2024-04-17,2024,"Q2","2023/24","Q4","April",12.0526946107784,12.0202702702703,12.0530063291139
2024-04-18,2024,"Q2","2023/24","Q4","April",12.1120553359684,12.1068548387097,12.1073385518591
2024-04-19,2024,"Q2","2023/24","Q4","April",12.062324929972,12.075,12.0650984682713
2024-04-22,2024,"Q2","2023/24","Q4","April",11.9670281995662,12.2405660377358,12.0141678129298
2024-04-23,2024,"Q2","2023/24","Q4","April",12.0105166051661,12.1111111111111,12.0155976676385
2024-04-24,2024,"Q2","2023/24","Q4","April",11.75,,11.763249651325
2024-04-25,2024,"Q2","2023/24","Q4","April",12.1055762081784,12.2987012987013,12.1621521335807
2024-04-26,2024,"Q2","2023/24","Q4","April",12.1269230769231,12.25,12.1084905660377
2024-04-29,2024,"Q2","2023/24","Q4","April",12.0088996763754,12.188622754491,12.0690524193548
2024-04-30,2024,"Q2","2023/24","Q4","April",,12.1481481481481,12.1061076604555
2024-05-02,2024,"Q2","2023/24","Q4","May",11.9118257261411,12.2604972375691,12.0743377483444
2024-05-03,2024,"Q2","2023/24","Q4","May",12.031,,12.0439655172414
2024-05-06,2024,"Q2","2023/24","Q4","May",12.0210407239819,12.0812883435583,12.0181300813008
2024-05-07,2024,"Q2","2023/24","Q4","May",11.9169675090253,12.25,11.9579055441478
2024-05-08,2024,"Q2","2023/24","Q4","May",11.4555314533623,12.2368421052632,11.5150300601202
2024-05-09,2024,"Q2","2023/24","Q4","May",,12.238,12.0726735598227
2024-05-13,2024,"Q2","2023/24","Q4","May",11.9209141274238,12.1675531914894,12.0041029207232
2024-05-14,2024,"Q2","2023/24","Q4","May",11.99296875,12.2321428571429,12.0106783919598
2024-05-15,2024,"Q2","2023/24","Q4","May",12.0632754342432,12.3214285714286,12.0449134199134
2024-05-16,2024,"Q2","2023/24","Q4","May",12.1258293838863,12.2153846153846,12.1283227848101
2024-05-17,2024,"Q2","2023/24","Q4","May",12.3798951048951,12.0588235294118,12.318220338983
2024-05-20,2024,"Q2","2023/24","Q4","May",12.0944761904762,12.2838235294118,12.0952973720609
2024-05-21,2024,"Q2","2023/24","Q4","May",11.9929118773946,12.0942307692308,12.0086111111111
2024-05-22,2024,"Q2","2023/24","Q4","May",11.9407956318253,12.1590909090909,11.9509957325747
2024-05-23,2024,"Q2","2023/24","Q4","May",12.019,12.294385026738,12.1247433264887
2024-05-24,2024,"Q2","2023/24","Q4","May",12,12,12
2024-05-27,2024,"Q2","2023/24","Q4","May",12,,12.04730713246
2024-05-28,2024,"Q2","2023/24","Q4","May",11.9260355029586,12,11.9108391608392
2024-05-29,2024,"Q2","2023/24","Q4","May",11.3440860215054,12,11.4386120996441
2024-05-30,2024,"Q2","2023/24","Q4","May",10.7917981072555,12.0093167701863,11.0988439306358
2024-05-31,2024,"Q2","2023/24","Q4","May",,11,10.5989461358314
2024-06-04,2024,"Q2","2023/24","Q4","June",10.6243386243386,11.25,10.6543062200957
2024-06-05,2024,"Q2","2023/24","Q4","June",10.4051226551227,11.0227272727273,10.4344850065189
2024-06-06,2024,"Q2","2023/24","Q4","June",10.8114114114114,11.1473214285714,11.0595520421607
2024-06-07,2024,"Q2","2023/24","Q4","June",10.4787735849057,11.1824817518248,10.6376945885841
2024-06-10,2024,"Q2","2023/24","Q4","June",9.98058252427184,10.3,10.197247706422
2024-06-11,2024,"Q2","2023/24","Q4","June",9.65625,,9.91095890410959
2024-06-12,2024,"Q2","2023/24","Q4","June",9.03801969365427,10.5634328358209,9.49740548554485
2024-06-13,2024,"Q2","2023/24","Q4","June",9.08719182200842,10.7224264705882,9.90198656149576
2024-06-14,2024,"Q2","2023/24","Q4","June",9.72914195334124,11.25,9.95272559285494
2024-06-17,2024,"Q2","2023/24","Q4","June",9.45628710199676,10.7566666666667,10.1211782252051
2024-06-18,2024,"Q2","2023/24","Q4","June",10.444,11,10.460396039604
2024-06-19,2024,"Q2","2023/24","Q4","June",10.2287390029326,10.5,10.2515110812626
2024-06-20,2024,"Q2","2023/24","Q4","June",10.3970588235294,10.6385542168675,10.4298986486486
2024-06-21,2024,"Q2","2023/24","Q4","June",9.07077100115075,10.86,9.48754370629371
2024-06-24,2024,"Q2","2023/24","Q4","June",9.24678505817514,10.4866666666667,9.79383171304056
2024-06-25,2024,"Q2","2023/24","Q4","June",9.34516129032258,10.4242424242424,9.80756013745705
2024-06-26,2024,"Q2","2023/24","Q4","June",8.31672597864769,10.5,9.00696055684455
2024-06-27,2024,"Q2","2023/24","Q4","June",9.60730593607306,10.5,9.95443037974684
2024-06-28,2024,"Q2","2023/24","Q4","June",10.2395309882747,10.5535714285714,10.2664624808576
2024-07-01,2024,"Q3","2024/25","Q1","July",10.1868686868687,10.5,10.3017329255861
2024-07-02,2024,"Q3","2024/25","Q1","July",10.283950617284,10.472602739726,10.3604651162791
2024-07-03,2024,"Q3","2024/25","Q1","July",10.0772659732541,10.5,10.0953058321479
2024-07-04,2024,"Q3","2024/25","Q1","July",9.18746195982958,10.514598540146,9.7998698340384
2024-07-05,2024,"Q3","2024/25","Q1","July",9.34568564267812,10.64375,9.50829940494832
2024-07-08,2024,"Q3","2024/25","Q1","July",9.01259559154296,10.4444444444444,9.36668882978723
2024-07-09,2024,"Q3","2024/25","Q1","July",9.86734693877551,10.4823008849558,10.1465517241379
2024-07-10,2024,"Q3","2024/25","Q1","July",9.66399480069324,10.5,9.92663209273947
2024-07-11,2024,"Q3","2024/25","Q1","July",9.55833053972511,10.4968152866242,9.94051018465639
2024-07-12,2024,"Q3","2024/25","Q1","July",9.97496662216288,10.59375,10.1484674329502
2024-07-15,2024,"Q3","2024/25","Q1","July",9.83386075949367,10.25,9.92910447761194
2024-07-16,2024,"Q3","2024/25","Q1","July",9.24253731343284,10.5,9.49864864864865
2024-07-17,2024,"Q3","2024/25","Q1","July",9.5191140776699,,9.5191140776699
2024-07-18,2024,"Q3","2024/25","Q1","July",10.3114754098361,10.5,10.3828029375765
2024-07-19,2024,"Q3","2024/25","Q1","July",10.2040816326531,10.5,10.2184466019417
2024-07-22,2024,"Q3","2024/25","Q1","July",9.86702127659574,10.5822784810127,10.3154761904762
2024-07-23,2024,"Q3","2024/25","Q1","July",9.03755868544601,10.5,9.57300275482094
2024-07-24,2024,"Q3","2024/25","Q1","July",8.10024449877751,10.4,8.51503006012024
2024-07-25,2024,"Q3","2024/25","Q1","July",9.37009063444109,10.4201388888889,9.88896366083445
2024-07-26,2024,"Q3","2024/25","Q1","July",10.0478896103896,,10.0478896103896
2024-07-29,2024,"Q3","2024/25","Q1","July",9.89891041162228,10.4375,10.0256933115824
2024-07-30,2024,"Q3","2024/25","Q1","July",10.0953307392996,10.5,10.1726315789474
2024-07-31,2024,"Q3","2024/25","Q1","July",10.0505976095618,10.4519230769231,10.1890818858561
2024-08-01,2024,"Q3","2024/25","Q1","August",8.80557737627651,9.98926380368098,9.60570071258907
2024-08-02,2024,"Q3","2024/25","Q1","August",8.90476190476191,10.3893442622951,9.74587203302374
2024-08-05,2024,"Q3","2024/25","Q1","August",9.77134146341463,10.2772727272727,10.0425824175824
2024-08-06,2024,"Q3","2024/25","Q1","August",8.63235294117647,10.3125,9.54054054054054
2024-08-07,2024,"Q3","2024/25","Q1","August",9.28231292517007,10.25,9.57179487179487
2024-08-08,2024,"Q3","2024/25","Q1","August",10.0696721311475,10.23046875,10.2062146892655
2024-08-09,2024,"Q3","2024/25","Q1","August",10.1953658536585,10.3333333333333,10.2168333333333
2024-08-12,2024,"Q3","2024/25","Q1","August",9.71719457013575,10.2869565217391,9.89831325301205
2024-08-13,2024,"Q3","2024/25","Q1","August",10.9675925925926,10.5,10.7087114337568
2024-08-14,2024,"Q3","2024/25","Q1","August",9.91962264150943,,9.91962264150943
2024-08-15,2024,"Q3","2024/25","Q1","August",9.96276595744681,10.4360465116279,10.2538535645472
2024-08-16,2024,"Q3","2024/25","Q1","August",10.0753012048193,10.37,10.14592760181
2024-08-19,2024,"Q3","2024/25","Q1","August",10.2542372881356,10.9220779220779,10.42
2024-08-20,2024,"Q3","2024/25","Q1","August",10.8839779005525,10.3275862068966,10.8071428571429
2024-08-21,2024,"Q3","2024/25","Q1","August",11.2004504504505,11.1111111111111,11.187984496124
2024-08-22,2024,"Q3","2024/25","Q1","August",11,11.4852941176471,11.0587248322148
2024-08-23,2024,"Q3","2024/25","Q1","August",11.1271428571429,11.375,11.1633771929825
2024-08-26,2024,"Q3","2024/25","Q1","August",10.9242424242424,10.8928571428571,10.8262773722628
2024-08-27,2024,"Q3","2024/25","Q1","August",10.6957746478873,11.3160535117057,10.8597049949715
2024-08-28,2024,"Q3","2024/25","Q1","August",10.5521628498728,11.797619047619,10.78916827853
2024-08-29,2024,"Q3","2024/25","Q1","August",9.30674846625767,10.929003021148,10.1372262773723
2024-08-30,2024,"Q3","2024/25","Q1","August",10.474358974359,10.7857142857143,10.6071428571429
2024-09-02,2024,"Q3","2024/25","Q1","September",9.81296296296296,10.7475609756098,10.2155948553055
2024-09-03,2024,"Q3","2024/25","Q1","September",10.0833333333333,10.5,10.2331730769231
2024-09-04,2024,"Q3","2024/25","Q1","September",10.3556910569106,11.2777777777778,10.5917553191489
2024-09-05,2024,"Q3","2024/25","Q1","September",10.6341463414634,11.1302083333333,10.7985714285714
2024-09-06,2024,"Q3","2024/25","Q1","September",11.2210365853659,11.4444444444444,11.2796803652968
2024-09-09,2024,"Q3","2024/25","Q1","September",10.8835227272727,11,10.9189723320158
2024-09-10,2024,"Q3","2024/25","Q1","September",10.7148014440433,11,10.7594202898551
2024-09-11,2024,"Q3","2024/25","Q1","September",10.8592797783934,11.7692307692308,11.0686514886165
2024-09-12,2024,"Q3","2024/25","Q1","September",11.25,11.5023364485981,11.4625984251969
2024-09-13,2024,"Q3","2024/25","Q1","September",11.0833333333333,11.25,11.1666666666667
2024-09-16,2024,"Q3","2024/25","Q1","September",11.0396825396825,11.4718309859155,11.2278911564626
2024-09-17,2024,"Q3","2024/25","Q1","September",11.4666666666667,,12.7333333333333
2024-09-18,2024,"Q3","2024/25","Q1","September",11.1931818181818,12,11.4621212121212
2024-09-19,2024,"Q3","2024/25","Q1","September",11.26171875,11.8362068965517,11.6861979166667
2024-09-20,2024,"Q3","2024/25","Q1","September",11.5905882352941,11.4444444444444,11.5065420560748
2024-09-23,2024,"Q3","2024/25","Q1","September",11.5558823529412,12.25,11.6880952380952
2024-09-24,2024,"Q3","2024/25","Q1","September",11.4986013986014,11.5,11.4986928104575
2024-09-25,2024,"Q3","2024/25","Q1","September",11.5129032258065,,11.5648648648649
2024-09-26,2024,"Q3","2024/25","Q1","September",11.559963099631,11.8779411764706,11.7454337899543
2024-09-27,2024,"Q3","2024/25","Q1","September",11.501572327044,12,11.5828947368421
2024-09-30,2024,"Q3","2024/25","Q1","September",11.1620126448894,11.7309523809524,11.2852868345027
2024-10-01,2024,"Q4","2024/25","Q2","October",11.3118556701031,11.5,11.3292682926829
2024-10-02,2024,"Q4","2024/25","Q2","October",11.2300613496933,,11.252808988764
2024-10-03,2024,"Q4","2024/25","Q2","October",11.2704081632653,11.66,11.4863422291994
2024-10-04,2024,"Q4","2024/25","Q2","October",10.7504378283713,11.2,10.8586497890295
2024-10-07,2024,"Q4","2024/25","Q2","October",10.2268786127168,10.3133223684211,10.3577620173365
2024-10-08,2024,"Q4","2024/25","Q2","October",,11.0201149425287,9.80550193050193
2024-10-10,2024,"Q4","2024/25","Q2","October",10.4193548387097,10.8532608695652,10.678046989721
2024-10-11,2024,"Q4","2024/25","Q2","October",10.3880866425993,11,10.4970326409496
2024-10-14,2024,"Q4","2024/25","Q2","October",10.7983870967742,11.1153846153846,10.8284671532847
2024-10-15,2024,"Q4","2024/25","Q2","October",10.9184397163121,,10.9658385093168
2024-10-16,2024,"Q4","2024/25","Q2","October",10.9184397163121,,10.9658385093168
2024-10-17,2024,"Q4","2024/25","Q2","October",10.9444444444444,11.2254237288136,11.0179916317992
2024-10-18,2024,"Q4","2024/25","Q2","October",11.1479591836735,11.25,11.1652542372881
2024-10-21,2024,"Q4","2024/25","Q2","October",11.1259124087591,11.5,11.1604938271605
2024-10-22,2024,"Q4","2024/25","Q2","October",11.320351758794,11.25,11.3323529411765
2024-10-23,2024,"Q4","2024/25","Q2","October",11.0049833887043,11.5263157894737,11.0975935828877
2024-10-24,2024,"Q4","2024/25","Q2","October",11.224,11.5,11.3690548138381
2024-10-25,2024,"Q4","2024/25","Q2","October",11.3106312292359,11.5,11.3575
2024-10-28,2024,"Q4","2024/25","Q2","October",11.2282608695652,11.3065476190476,11.2784810126582
2024-10-29,2024,"Q4","2024/25","Q2","October",10.7838645418327,11.5,10.9303713527851
2024-10-30,2024,"Q4","2024/25","Q2","October",10.6877358490566,11.4285714285714,10.9546004842615
2024-10-31,2024,"Q4","2024/25","Q2","October",11.2212643678161,11.5,11.3321799307958
2024-11-01,2024,"Q4","2024/25","Q2","November",11.3914027149321,11.5,11.4080459770115
2024-11-04,2024,"Q4","2024/25","Q2","November",11.4931034482759,11.4884615384615,11.494080604534
2024-11-05,2024,"Q4","2024/25","Q2","November",11.3918439716312,11.5,11.4040880503145
2024-11-06,2024,"Q4","2024/25","Q2","November",11.4856687898089,11.5,11.4879032258065
2024-11-07,2024,"Q4","2024/25","Q2","November",11.6584967320261,11.5414507772021,11.5881147540984
2024-11-08,2024,"Q4","2024/25","Q2","November",11.2039473684211,11.5375,11.3189655172414
2024-11-11,2024,"Q4","2024/25","Q2","November",11.3763940520446,11.6475609756098,11.4444881889764
2024-11-12,2024,"Q4","2024/25","Q2","November",11.4845132743363,,11.5060975609756
2024-11-13,2024,"Q4","2024/25","Q2","November",11.4197530864198,11.5982142857143,11.4671052631579
2024-11-14,2024,"Q4","2024/25","Q2","November",11.545625,11.6041666666667,11.593125
2024-11-15,2024,"Q4","2024/25","Q2","November",11.4925675675676,11.5,11.4928571428571
2024-11-18,2024,"Q4","2024/25","Q2","November",11.5214592274678,11.5070422535211,11.5141843971631
2024-11-19,2024,"Q4","2024/25","Q2","November",11.5515873015873,11.5,11.5436241610738
2024-11-20,2024,"Q4","2024/25","Q2","November",11.5800561797753,11.5740740740741,11.5792682926829
2024-11-21,2024,"Q4","2024/25","Q2","November",11.5476635514019,11.6857142857143,11.5918831168831
2024-11-22,2024,"Q4","2024/25","Q2","November",11.6477564102564,11.5,11.6229333333333
2024-11-25,2024,"Q4","2024/25","Q2","November",11.5636752136752,11.65,11.591095890411
2024-11-26,2024,"Q4","2024/25","Q2","November",11.4870503597122,11.75,11.5201257861635
2024-11-27,2024,"Q4","2024/25","Q2","November",11.5537634408602,11.5540540540541,11.5611111111111
2024-11-28,2024,"Q4","2024/25","Q2","November",11.6505376344086,11.75,11.6929012345679
2024-11-29,2024,"Q4","2024/25","Q2","November",11.6014851485149,11.5,11.571875
2024-12-02,2024,"Q4","2024/25","Q2","December",11.5392156862745,11.5,11.5426229508197
2024-12-03,2024,"Q4","2024/25","Q2","December",11.5119760479042,11.5,11.5421792618629
2024-12-04,2024,"Q4","2024/25","Q2","December",11.5087719298246,11.5,11.5084745762712
2024-12-05,2024,"Q4","2024/25","Q2","December",11.5803278688525,11.6617647058824,11.6117136659436
2024-12-06,2024,"Q4","2024/25","Q2","December",11.6559139784946,11.75,11.6658653846154
2024-12-09,2024,"Q4","2024/25","Q2","December",11.6428571428571,11.75,11.6802325581395
2024-12-10,2024,"Q4","2024/25","Q2","December",11.6354166666667,11.75,11.6493902439024
2024-12-11,2024,"Q4","2024/25","Q2","December",11.6034722222222,11.65,11.6064935064935
2024-12-12,2024,"Q4","2024/25","Q2","December",11.3673076923077,11.75,11.4155462184874
2024-12-13,2024,"Q4","2024/25","Q2","December",11.6565384615385,,11.66
2024-12-16,2024,"Q4","2024/25","Q2","December",11.6661184210526,,11.6689759036145
2024-12-17,2024,"Q4","2024/25","Q2","December",11.6755639097744,11.5,11.6268292682927
2024-12-18,2024,"Q4","2024/25","Q2","December",11.66,,11.6548780487805
2024-12-19,2024,"Q4","2024/25","Q2","December",11.7438271604938,,11.7450495049505
2024-12-20,2024,"Q4","2024/25","Q2","December",11.7143564356436,11.7375,11.7160550458716
2024-12-23,2024,"Q4","2024/25","Q2","December",11.6894117647059,11.74,11.6985294117647
2024-12-24,2024,"Q4","2024/25","Q2","December",,,11.75
2024-12-27,2024,"Q4","2024/25","Q2","December",11.75,11.75,11.7478571428571
2024-12-30,2024,"Q4","2024/25","Q2","December",11.6952173913043,11.5909090909091,11.575078369906
2024-12-31,2024,"Q4","2024/25","Q2","December",,,11.6197674418605
2025-01-02,2025,"Q1","2024/25","Q3","January",11.5575163398693,11.75,11.6031862745098
2025-01-03,2025,"Q1","2024/25","Q3","January",11.6395454545455,,11.650205338809
2025-01-06,2025,"Q1","2024/25","Q3","January",11.7303571428571,11.75,11.7316666666667
2025-01-07,2025,"Q1","2024/25","Q3","January",11.7246913580247,11.75,11.7261627906977
2025-01-08,2025,"Q1","2024/25","Q3","January",11.7105263157895,12,11.7380952380952
2025-01-09,2025,"Q1","2024/25","Q3","January",11.7201834862385,11.75,11.7209821428571
2025-01-10,2025,"Q1","2024/25","Q3","January",11.6965240641711,11.75,11.7019230769231
2025-01-13,2025,"Q1","2024/25","Q3","January",11.7177835051546,11.75,11.719806763285
2025-01-14,2025,"Q1","2024/25","Q3","January",11.7074468085106,11.7916666666667,11.7285992217899
2025-01-15,2025,"Q1","2024/25","Q3","January",11.6792168674699,11.75,11.6891191709845
2025-01-16,2025,"Q1","2024/25","Q3","January",11.6460843373494,11.7375,11.6856884057971
2025-01-17,2025,"Q1","2024/25","Q3","January",11.7464285714286,11.75,11.7484848484848
2025-01-20,2025,"Q1","2024/25","Q3","January",11.6279761904762,11.75,11.6409952606635
2025-01-21,2025,"Q1","2024/25","Q3","January",11.5966666666667,11.75,11.6233333333333
2025-01-22,2025,"Q1","2024/25","Q3","January",11.4934210526316,,11.5727272727273
2025-01-23,2025,"Q1","2024/25","Q3","January",11.6785714285714,11.75,11.6962809917355
2025-01-24,2025,"Q1","2024/25","Q3","January",11.75,11.75,11.8061797752809
2025-01-27,2025,"Q1","2024/25","Q3","January",11.7266355140187,11.75,11.7385844748858
2025-01-28,2025,"Q1","2024/25","Q3","January",11.7293233082707,,11.7347222222222
2025-01-29,2025,"Q1","2024/25","Q3","January",11.6998,,11.6998
2025-01-30,2025,"Q1","2024/25","Q3","January",11.7092391304348,11.75,11.7234042553191
2025-01-31,2025,"Q1","2024/25","Q3","January",11.75,11.75,11.75
2025-02-03,2025,"Q1","2024/25","Q3","February",11.7416149068323,11.75,11.7429319371728
2025-02-04,2025,"Q1","2024/25","Q3","February",11.7324324324324,11.625,11.7235751295337
2025-02-05,2025,"Q1","2024/25","Q3","February",11.5502314814815,11.5582278481013,11.5765753424658
2025-02-06,2025,"Q1","2024/25","Q3","February",11.1966292134831,11.4,11.3172554347826
2025-02-07,2025,"Q1","2024/25","Q3","February",10.8054474708171,11.0833333333333,10.8890577507599
2025-02-10,2025,"Q1","2024/25","Q3","February",9.23449612403101,10.0535714285714,9.60786802030457
2025-02-11,2025,"Q1","2024/25","Q3","February",9.44724770642202,,9.32563025210084
2025-02-12,2025,"Q1","2024/25","Q3","February",9.33217993079585,,9.33217993079585
2025-02-13,2025,"Q1","2024/25","Q3","February",10.1785714285714,10.9886877828054,10.615243902439
2025-02-14,2025,"Q1","2024/25","Q3","February",9.94974226804124,10.8571428571429,10.2239208633094
2025-02-17,2025,"Q1","2024/25","Q3","February",9.97704081632653,10.8125,10.1934210526316
2025-02-18,2025,"Q1","2024/25","Q3","February",10.0362595419847,10.6904761904762,10.1266447368421
2025-02-19,2025,"Q1","2024/25","Q3","February",10.3760683760684,10.8421052631579,10.3767123287671
2025-02-20,2025,"Q1","2024/25","Q3","February",11.2277227722772,11.1363636363636,11.2838541666667
2025-02-21,2025,"Q1","2024/25","Q3","February",11.5261780104712,11.65,11.5405092592593
2025-02-24,2025,"Q1","2024/25","Q3","February",11.4298469387755,11.7,11.48203125
2025-02-25,2025,"Q1","2024/25","Q3","February",11.5438478747204,11.5,11.4777134587554
2025-02-26,2025,"Q1","2024/25","Q3","February",11.2549053356282,,11.3051983584131
2025-02-27,2025,"Q1","2024/25","Q3","February",11.2250608272506,11.6155737704918,11.2710479573712
2025-02-28,2025,"Q1","2024/25","Q3","February",11.4468399291199,11.7055555555556,11.5011665888941
2025-03-03,2025,"Q1","2024/25","Q3","March",11.5111524163569,11.6461538461538,11.4752484357747
2025-03-04,2025,"Q1","2024/25","Q3","March",10.6379310344828,11.2702702702703,10.8842105263158
2025-03-05,2025,"Q1","2024/25","Q3","March",10.5765391014975,11.7104783599089,10.8198096885813
2025-03-06,2025,"Q1","2024/25","Q3","March",11.4549436795995,11.0028481012658,11.2445088468578
2025-03-07,2025,"Q1","2024/25","Q3","March",10.2178111587983,11.61,10.4677672955975
2025-03-10,2025,"Q1","2024/25","Q3","March",9.57467532467532,10.6,10.1342794759825
2025-03-11,2025,"Q1","2024/25","Q3","March",9.26229508196721,,9.16489361702128
2025-03-12,2025,"Q1","2024/25","Q3","March",9.79237288135593,11.5,9.82780082987552
2025-03-13,2025,"Q1","2024/25","Q3","March",10.2886904761905,10.627619047619,10.6110441767068
2025-03-14,2025,"Q1","2024/25","Q3","March",10.448132780083,10.79,10.4689478811495
2025-03-17,2025,"Q1","2024/25","Q3","March",10.1367924528302,11.1363636363636,10.454128440367
2025-03-18,2025,"Q1","2024/25","Q3","March",10.5128205128205,,10.5455801104972
2025-03-19,2025,"Q1","2024/25","Q3","March",10.5505857294995,10.9166666666667,10.5725725725726
2025-03-20,2025,"Q1","2024/25","Q3","March",11.075,11.5636363636364,11.1622093023256
2025-03-21,2025,"Q1","2024/25","Q3","March",11.0871380146768,11.4838709677419,11.1062555043145
2025-03-24,2025,"Q1","2024/25","Q3","March",11.1591549295775,11.5666666666667,11.229222972973
2025-03-25,2025,"Q1","2024/25","Q3","March",10.984068627451,11.218253968254,11.0047619047619
2025-03-26,2025,"Q1","2024/25","Q3","March",10.6862139917695,11.6081081081081,10.815371024735
2025-03-27,2025,"Q1","2024/25","Q3","March",11.2683615819209,11.5218181818182,11.3284482758621
2025-03-28,2025,"Q1","2024/25","Q3","March",11.0948275862069,11.5,10.9769475357711
2025-03-31,2025,"Q1","2024/25","Q3","March",10.6635514018692,11.1388888888889,10.7032258064516
2025-04-01,2025,"Q2","2024/25","Q4","April",11.1855828220859,11.3509615384615,11.2881508078995
2025-04-02,2025,"Q2","2024/25","Q4","April",11.1856060606061,11.7,11.2532894736842
2025-04-03,2025,"Q2","2024/25","Q4","April",11.2705882352941,11.5289473684211,11.0227611940299
2025-04-04,2025,"Q2","2024/25","Q4","April",11.0798761609907,11.4448453608247,11.1641666666667
2025-04-07,2025,"Q2","2024/25","Q4","April",9.73694779116466,11.1039325842697,10.4971044467425
2025-04-08,2025,"Q2","2024/25","Q4","April",10.8439425051335,11.4285714285714,10.8960817717206
2025-04-09,2025,"Q2","2024/25","Q4","April",10.8329938900204,11.5,10.9056261343013
2025-04-10,2025,"Q2","2024/25","Q4","April",10.457345971564,11.4469696969697,10.8692893401015
2025-04-11,2025,"Q2","2024/25","Q4","April",10.0285714285714,,10.3838951310861
2025-04-14,2025,"Q2","2024/25","Q4","April",10.079595959596,,10.3560123329907
2025-04-15,2025,"Q2","2024/25","Q4","April",11.0127551020408,11.4107142857143,11.1845238095238
2025-04-16,2025,"Q2","2024/25","Q4","April",11.0312785388128,10.5625,10.9759927797834
2025-04-17,2025,"Q2","2024/25","Q4","April",,11.3039682539683,11.1872458410351
2025-04-22,2025,"Q2","2024/25","Q4","April",10.862962962963,11.3790322580645,10.9467065868263
2025-04-23,2025,"Q2","2024/25","Q4","April",10.0690217391304,11.1416666666667,10.2365241635688
2025-04-24,2025,"Q2","2024/25","Q4","April",10.203560371517,,10.2917174177832
2025-04-25,2025,"Q2","2024/25","Q4","April",10.6256198347107,,10.6256198347107
2025-04-28,2025,"Q2","2024/25","Q4","April",10.0348335836442,11.5,10.2270129466195
2025-04-29,2025,"Q2","2024/25","Q4","April",10.4388185654008,11.5,10.7559171597633
2025-04-30,2025,"Q2","2024/25","Q4","April",,11.4676724137931,9.68164652567976
2025-05-02,2025,"Q2","2024/25","Q4","May",10.0622568093385,11.4117647058824,10.2937399678973
2025-05-05,2025,"Q2","2024/25","Q4","May",10.6115591397849,10.796511627907,10.695719844358
2025-05-06,2025,"Q2","2024/25","Q4","May",10.3235294117647,11.1507936507937,10.5553359683794
2025-05-07,2025,"Q2","2024/25","Q4","May",9.88151260504202,11.3333333333333,10.073417721519
2025-05-09,2025,"Q2","2024/25","Q4","May",10.9290976058932,11.2411764705882,11.0035063113604
2025-05-12,2025,"Q2","2024/25","Q4","May",10.8076923076923,11.2828571428571,10.9844574780059
2025-05-13,2025,"Q2","2024/25","Q4","May",10.971511627907,11.3791666666667,11.1729166666667
2025-05-14,2025,"Q2","2024/25","Q4","May",10.9137931034483,11.0961538461538,10.922619047619
2025-05-15,2025,"Q2","2024/25","Q4","May",11.1188524590164,,11.1236842105263
2025-05-16,2025,"Q2","2024/25","Q4","May",10.6057692307692,11.3085106382979,10.7140287769784
2025-05-19,2025,"Q2","2024/25","Q4","May",9.99071618037135,10.2827380952381,10.172619047619
2025-05-20,2025,"Q2","2024/25","Q4","May",11.0614754098361,10.875,10.3651832460733
2025-05-21,2025,"Q2","2024/25","Q4","May",9.90240963855422,11.5026315789474,10.404958677686
2025-05-22,2025,"Q2","2024/25","Q4","May",11.0681818181818,11.2067307692308,11.1770833333333
2025-05-23,2025,"Q2","2024/25","Q4","May",9.91521739130435,10.9827586206897,10.1389830508475
2025-05-26,2025,"Q2","2024/25","Q4","May",10.0739273927393,10.9117021276596,10.643618513324
2025-05-27,2025,"Q2","2024/25","Q4","May",8.76646706586826,,9.31849315068493
2025-05-28,2025,"Q2","2024/25","Q4","May",9.79347826086956,10.8806818181818,10.515625
2025-05-29,2025,"Q2","2024/25","Q4","May",9.44086021505376,10.4821428571429,10.1938005390836
2025-05-30,2025,"Q2","2024/25","Q4","May",9.80645161290323,11,10.1033653846154
2025-06-02,2025,"Q2","2024/25","Q4","June",,,7.53294573643411
2025-06-04,2025,"Q2","2024/25","Q4","June",10.4285714285714,10.2657142857143,10.0295275590551
2025-06-05,2025,"Q2","2024/25","Q4","June",,10.9813432835821,10.7904191616766
2025-06-10,2025,"Q2","2024/25","Q4","June",9.55855855855856,10.45,9.73970840480274
2025-06-11,2025,"Q2","2024/25","Q4","June",9.94672131147541,10.3414634146341,10.0433526011561
2025-06-12,2025,"Q2","2024/25","Q4","June",9.29464285714286,10.3808664259928,10.0161870503597
2025-06-13,2025,"Q2","2024/25","Q4","June",9.97058823529412,10.5,9.98863636363636
2025-06-16,2025,"Q2","2024/25","Q4","June",9.61627906976744,10.1666666666667,9.74248927038627
2025-06-17,2025,"Q2","2024/25","Q4","June",9.68854166666667,9.58333333333333,9.67604501607717
2025-06-18,2025,"Q2","2024/25","Q4","June",9.80049261083744,10.2205882352941,9.86075949367089
2025-06-19,2025,"Q2","2024/25","Q4","June",8.98362068965517,10.2308362369338,9.62965964343598
2025-06-20,2025,"Q2","2024/25","Q4","June",8.952023988006,10,9.15272727272727
2025-06-23,2025,"Q2","2024/25","Q4","June",8.72183098591549,10.2297297297297,9.41911764705882
2025-06-24,2025,"Q2","2024/25","Q4","June",8.21923076923077,10,8.44630872483221
2025-06-25,2025,"Q2","2024/25","Q4","June",7.93055555555556,9.828125,8.27556818181818
2025-06-26,2025,"Q2","2024/25","Q4","June",7.31375838926174,9.38524590163934,8.63040345821326
2025-06-27,2025,"Q2","2024/25","Q4","June",9.03422053231939,10.2307692307692,9.14186851211073
2025-06-30,2025,"Q2","2024/25","Q4","June",8.7481662591687,10,8.82837528604119
2025-07-01,2025,"Q3","2025/26","Q1","July",8.37422360248447,10.375,8.79502369668247
2025-07-02,2025,"Q3","2025/26","Q1","July",8.886,9.875,9.06699346405229
2025-07-03,2025,"Q3","2025/26","Q1","July",9.80952380952381,10.0056497175141,9.97058823529412
2025-07-04,2025,"Q3","2025/26","Q1","July",9.34701492537313,10,9.44535519125683
2025-07-07,2025,"Q3","2025/26","Q1","July",7.32748538011696,9.91935483870968,7.75853658536585
2025-07-08,2025,"Q3","2025/26","Q1","July",7.54032258064516,10,7.87364130434783
2025-07-09,2025,"Q3","2025/26","Q1","July",8.15544041450777,10.1315789473684,8.50207468879668
2025-07-10,2025,"Q3","2025/26","Q1","July",9.59523809523809,10.0494402985075,9.9443661971831
2025-07-11,2025,"Q3","2025/26","Q1","July",9.5,10,9.52940023520188
2025-07-14,2025,"Q3","2025/26","Q1","July",9.43243243243243,9.93076923076923,9.6031669865643
2025-07-15,2025,"Q3","2025/26","Q1","July",9.76739926739927,10.0757575757576,9.81213017751479
2025-07-16,2025,"Q3","2025/26","Q1","July",10.2885245901639,9.75,10.548
2025-07-17,2025,"Q3","2025/26","Q1","July",10.8532934131737,10.6127450980392,10.75
2025-07-18,2025,"Q3","2025/26","Q1","July",10.4887173396675,11,10.5844594594595
2025-07-21,2025,"Q3","2025/26","Q1","July",10.1601941747573,10.9243902439024,10.4908759124088
2025-07-22,2025,"Q3","2025/26","Q1","July",10.1228606356968,10.3286713286713,10.1761775362319
2025-07-23,2025,"Q3","2025/26","Q1","July",10.095717884131,10.6666666666667,10.2035225048924
2025-07-24,2025,"Q3","2025/26","Q1","July",10.0152905198777,10.4166666666667,10.2340348330914
2025-07-25,2025,"Q3","2025/26","Q1","July",10.3134422110553,10.4234693877551,10.323307410796
2025-07-28,2025,"Q3","2025/26","Q1","July",9.73816155988858,10.2983870967742,10.0065019505852
2025-07-29,2025,"Q3","2025/26","Q1","July",9.51658767772512,9.78571428571429,9.69117647058824
2025-07-30,2025,"Q3","2025/26","Q1","July",9.1155737704918,9.94035087719298,9.27353723404255
2025-07-31,2025,"Q3","2025/26","Q1","July",10,10.4627329192547,10.2989985693848
2025-08-01,2025,"Q3","2025/26","Q1","August",9.24051407588739,10.3125,9.31559322033898
2025-08-04,2025,"Q3","2025/26","Q1","August",9.61953125,10.2434210526316,9.91854838709678
2025-08-05,2025,"Q3","2025/26","Q1","August",9.93801652892562,10.4859154929577,10.1419294990724
2025-08-06,2025,"Q3","2025/26","Q1","August",10.0655021834061,10.5,10.0897755610973
2025-08-07,2025,"Q3","2025/26","Q1","August",9.76315789473684,10.0555555555556,9.99755201958384
2025-08-08,2025,"Q3","2025/26","Q1","August",9.58377192982456,10.4107142857143,9.71759259259259
2025-08-11,2025,"Q3","2025/26","Q1","August",9.59795321637427,10.2631578947368,9.75
2025-08-12,2025,"Q3","2025/26","Q1","August",9.08333333333333,10.2699795081967,9.63912354804646
2025-08-13,2025,"Q3","2025/26","Q1","August",9.69109947643979,10.3809523809524,9.83895131086142
2025-08-14,2025,"Q3","2025/26","Q1","August",10.0652173913043,10.1480769230769,10.1695945945946
2025-08-15,2025,"Q3","2025/26","Q1","August",9.83640483383686,10.3362068965517,9.91092544987147
2025-08-18,2025,"Q3","2025/26","Q1","August",10,10.1854838709677,10.1632124352332
2025-08-19,2025,"Q3","2025/26","Q1","August",10.0926517571885,10.5,10.1338179859989
2025-08-20,2025,"Q3","2025/26","Q1","August",10.6385780118499,10.975,10.7218920257553
2025-08-21,2025,"Q3","2025/26","Q1","August",9.58928571428571,10.4260563380282,9.95744680851064
2025-08-22,2025,"Q3","2025/26","Q1","August",9.77718832891247,11.1527777777778,9.89709443099274
2025-08-25,2025,"Q3","2025/26","Q1","August",10.2007042253521,10.3651315789474,10.3163265306122
2025-08-26,2025,"Q3","2025/26","Q1","August",9.67343485617597,10.5644104803493,9.84696447507953
2025-08-27,2025,"Q3","2025/26","Q1","August",9.83418541240627,,9.83418541240627
2025-08-28,2025,"Q3","2025/26","Q1","August",10.0563583815029,10.2610320284698,10.1640145985401
2025-08-29,2025,"Q3","2025/26","Q1","August",9.72632311977716,10.125,9.81175824175824
2025-09-01,2025,"Q3","2025/26","Q1","September",9.88109756097561,10.0935762816553,10.0145111298957
2025-09-02,2025,"Q3","2025/26","Q1","September",9.80737704918033,9.97877358490566,9.91637168141593
2025-09-03,2025,"Q3","2025/26","Q1","September",9.79071661237785,10.25,9.88280150164242
2025-09-04,2025,"Q3","2025/26","Q1","September",10.0257731958763,10.0693069306931,10.0353810264386
2025-09-05,2025,"Q3","2025/26","Q1","September",9.92030201342282,9.8,9.9163961038961
2025-09-08,2025,"Q3","2025/26","Q1","September",9.92,10.0091460068534,9.96073582066111
2025-09-09,2025,"Q3","2025/26","Q1","September",9.79038004750594,9.97680412371134,9.86021897810219
2025-09-10,2025,"Q3","2025/26","Q1","September",9.84677419354839,9.9593023255814,9.87689713322091
2025-09-11,2025,"Q3","2025/26","Q1","September",9.57572614107884,10.2778402699663,9.9602079072938
2025-09-12,2025,"Q3","2025/26","Q1","September",10.1713114754098,10.0416666666667,10.1227678571429
2025-09-15,2025,"Q3","2025/26","Q1","September",9.94102112676056,10.0086206896552,9.99431818181818
2025-09-16,2025,"Q3","2025/26","Q1","September",9.75313479623824,9.92961165048544,9.83495575221239
2025-09-17,2025,"Q3","2025/26","Q1","September",9.78395061728395,10.75,9.99935567010309
2025-09-18,2025,"Q3","2025/26","Q1","September",9.93877551020408,10.1875,9.91884456671252
2025-09-19,2025,"Q3","2025/26","Q1","September",10.0397800776197,10.1211283185841,10.060713210954
2025-09-22,2025,"Q3","2025/26","Q1","September",9.48155339805825,10.0718390804598,9.72923588039867
2025-09-23,2025,"Q3","2025/26","Q1","September",9.58318425760286,10.1333333333333,9.74719800747198
2025-09-24,2025,"Q3","2025/26","Q1","September",9.02284946236559,10.3472222222222,9.23995983935743
2025-09-25,2025,"Q3","2025/26","Q1","September",9.43589743589744,10.1004098360656,9.82342007434944
2025-09-26,2025,"Q3","2025/26","Q1","September",9.72743467933492,10.2691082802548,9.81928766056831
2025-09-29,2025,"Q3","2025/26","Q1","September",9.33620689655172,10,9.59895833333333
2025-09-30,2025,"Q3","2025/26","Q1","September",9.47619047619048,10,9.77777777777778
2025-10-01,2025,"Q4","2025/26","Q2","October",9.30322580645161,,9.44615384615385
2025-10-02,2025,"Q4","2025/26","Q2","October",9.92922374429224,,10.0156950672646
2025-10-03,2025,"Q4","2025/26","Q2","October",9.61191860465116,10.3222748815166,9.80301742456439
2025-10-06,2025,"Q4","2025/26","Q2","October",9.97810218978102,10,10.0174418604651
2025-10-07,2025,"Q4","2025/26","Q2","October",9.96232876712329,10.5,10.0049407114625
2025-10-08,2025,"Q4","2025/26","Q2","October",,10.2083333333333,10.0733590733591
2025-10-10,2025,"Q4","2025/26","Q2","October",9.78092783505155,10.0680803571429,9.95372340425532
2025-10-13,2025,"Q4","2025/26","Q2","October",9.67827004219409,10.1838235294118,9.81359649122807
2025-10-14,2025,"Q4","2025/26","Q2","October",9.61693548387097,10.3030303030303,9.67068645640074
2025-10-15,2025,"Q4","2025/26","Q2","October",9.86190476190476,10.1102941176471,9.93343653250774
2025-10-16,2025,"Q4","2025/26","Q2","October",10.0328947368421,9.875,9.89220183486239
2025-10-17,2025,"Q4","2025/26","Q2","October",9.65233415233415,10.010152284264,9.85605170387779
2025-10-20,2025,"Q4","2025/26","Q2","October",9.38701923076923,10,9.77678571428571
2025-10-21,2025,"Q4","2025/26","Q2","October",9.02247191011236,,9.48563218390805
2025-10-22,2025,"Q4","2025/26","Q2","October",9.83544435215947,10,9.85474706744868
2025-10-23,2025,"Q4","2025/26","Q2","October",9.85081903276131,10.0700934579439,9.95649326347305
2025-10-24,2025,"Q4","2025/26","Q2","October",9.90724137931034,10.0299703264095,9.97320574162679
2025-10-27,2025,"Q4","2025/26","Q2","October",10,10.1524390243902,10.1116071428571
2025-10-28,2025,"Q4","2025/26","Q2","October",9.94918699186992,10.0844594594595,10
2025-10-29,2025,"Q4","2025/26","Q2","October",9.60240963855422,10.0641025641026,9.79361179361179
2025-10-30,2025,"Q4","2025/26","Q2","October",9.72051886792453,9.98626373626374,9.8003300330033
2025-10-31,2025,"Q4","2025/26","Q2","October",9.85443037974684,9.88157894736842,9.87001287001287
2025-11-03,2025,"Q4","2025/26","Q2","November",9.79285714285714,10.3055555555556,9.96034946236559
2025-11-04,2025,"Q4","2025/26","Q2","November",9.82758620689655,10.5,9.88814317673378
2025-11-05,2025,"Q4","2025/26","Q2","November",10.0877118644068,10,10.0793103448276
2025-11-06,2025,"Q4","2025/26","Q2","November",9.73267326732673,10.1045851528384,10.0283415841584
2025-11-07,2025,"Q4","2025/26","Q2","November",9.76687116564417,10.1470588235294,9.89324324324324
2025-11-10,2025,"Q4","2025/26","Q2","November",9.93030303030303,10.2254464285714,10.1390658174098
2025-11-11,2025,"Q4","2025/26","Q2","November",9.35771276595745,,9.52608695652174
2025-11-12,2025,"Q4","2025/26","Q2","November",10.0134408602151,10.25,10.0528052805281
2025-11-13,2025,"Q4","2025/26","Q2","November",9.88095238095238,10.0528634361233,9.99853372434018
2025-11-14,2025,"Q4","2025/26","Q2","November",9.81532258064516,10.0137614678899,9.9119341563786
2025-11-17,2025,"Q4","2025/26","Q2","November",9.75,10.0040983606557,9.8512335746849
2025-11-18,2025,"Q4","2025/26","Q2","November",9.57716049382716,10.5,9.6271186440678
2025-11-19,2025,"Q4","2025/26","Q2","November",9.67372881355932,10,9.67809364548495
2025-11-20,2025,"Q4","2025/26","Q2","November",9.28537735849057,10.0591906721536,9.87239234449761
2025-11-21,2025,"Q4","2025/26","Q2","November",9.38559322033898,10.0992063492063,9.57758620689655
2025-11-24,2025,"Q4","2025/26","Q2","November",9.50224327018943,10.1025073746313,9.49957264957265
2025-11-25,2025,"Q4","2025/26","Q2","November",9.44175715695953,10,9.49191374663073
2025-11-26,2025,"Q4","2025/26","Q2","November",9.04587155963303,10,9.10455104551046
2025-11-27,2025,"Q4","2025/26","Q2","November",9,9.74714285714286,9.71671018276762
2025-11-28,2025,"Q4","2025/26","Q2","November",9.62934027777778,9.96666666666667,9.69903581267218
2025-12-01,2025,"Q4","2025/26","Q2","December",9.14705882352941,9.98073959938367,9.40787221905305
2025-12-02,2025,"Q4","2025/26","Q2","December",9.64842105263158,9.75,9.64845173041894
2025-12-03,2025,"Q4","2025/26","Q2","December",9.67028199566161,9.41666666666667,9.6632860040568
2025-12-04,2025,"Q4","2025/26","Q2","December",9.35267857142857,10.0455801104972,9.65360696517413
2025-12-05,2025,"Q4","2025/26","Q2","December",9.97772828507795,10,9.99217527386542
2025-12-08,2025,"Q4","2025/26","Q2","December",9.41129032258065,10.0398089171975,9.75826771653543
2025-12-09,2025,"Q4","2025/26","Q2","December",9.83275261324042,10.1110294117647,9.92222222222222
2025-12-10,2025,"Q4","2025/26","Q2","December",9.91183574879227,10.0731707317073,9.94393382352941
2025-12-11,2025,"Q4","2025/26","Q2","December",9.89705882352941,10.04625,10.0088619402985
2025-12-12,2025,"Q4","2025/26","Q2","December",9.79578189300411,10,9.85632621951219
2025-12-15,2025,"Q4","2025/26","Q2","December",9.87152777777778,10.5833333333333,10.0710116731518
2025-12-16,2025,"Q4","2025/26","Q2","December",10.0049668874172,10.25,10.132099827883
2025-12-17,2025,"Q4","2025/26","Q2","December",9.8224043715847,10,9.82804232804233
2025-12-18,2025,"Q4","2025/26","Q2","December",10.1516587677725,,10.3346693386774
2025-12-19,2025,"Q4","2025/26","Q2","December",10.2335025380711,,10.2330960854093
2025-12-22,2025,"Q4","2025/26","Q2","December",10.7420289855072,10.3413978494624,10.6177347242921
2025-12-23,2025,"Q4","2025/26","Q2","December",10.3594847775176,10.4717573221757,10.4218319559229
2025-12-24,2025,"Q4","2025/26","Q2","December",,10.4985795454545,10.3416334661355
2025-12-29,2025,"Q4","2025/26","Q2","December",9.98421052631579,10.4545454545455,9.90156794425087
2025-12-30,2025,"Q4","2025/26","Q2","December",9.55555555555556,10.1009615384615,9.83878504672897
2025-12-31,2025,"Q4","2025/26","Q2","December",,10.0326086956522,9.59356725146199
2026-01-02,2026,"Q1","2025/26","Q3","January",10.0700836820084,10.0471698113208,10.0629595588235
2026-01-05,2026,"Q1","2025/26","Q3","January",9.97590361445783,10.2663755458515,10.1063100137174
2026-01-06,2026,"Q1","2025/26","Q3","January",10.0535168195719,10.2583333333333,10.1256880733945
2026-01-07,2026,"Q1","2025/26","Q3","January",9.97685185185185,10.5,10.2135922330097
2026-01-08,2026,"Q1","2025/26","Q3","January",10.2283105022831,,10.4808184143223
2026-01-09,2026,"Q1","2025/26","Q3","January",10.2238611713666,10.3863636363636,10.2524369747899
2026-01-12,2026,"Q1","2025/26","Q3","January",10.1132258064516,10.5521582733813,10.2774562584118
2026-01-13,2026,"Q1","2025/26","Q3","January",10.0203549060543,10.1725352112676,10.0671701112878
2026-01-14,2026,"Q1","2025/26","Q3","January",,10.378640776699,9.98513302034429
2026-01-19,2026,"Q1","2025/26","Q3","January",9.75980392156863,,10.0963073852295
2026-01-20,2026,"Q1","2025/26","Q3","January",10.0524475524476,10.5113636363636,10.0894736842105
2026-01-21,2026,"Q1","2025/26","Q3","January",9.98809523809524,10.2802197802198,10.0716510903427
2026-01-22,2026,"Q1","2025/26","Q3","January",10.3532482598608,10.5267379679144,10.45
2026-01-23,2026,"Q1","2025/26","Q3","January",,10.5,10.5547826086957
2026-01-27,2026,"Q1","2025/26","Q3","January",10.4059397163121,10.6405109489051,10.467225950783
2026-01-28,2026,"Q1","2025/26","Q3","January",10.3952743902439,10.5140186915888,10.4327659574468
2026-01-29,2026,"Q1","2025/26","Q3","January",10.6458333333333,10.847,10.7773617511521
2026-01-30,2026,"Q1","2025/26","Q3","January",10.7133333333333,10.5,10.7
2026-02-02,2026,"Q1","2025/26","Q3","February",10.5311881188119,11.0072463768116,10.5884146341463
2026-02-03,2026,"Q1","2025/26","Q3","February",10.4927616926503,10.8378378378378,10.5611607142857
2026-02-04,2026,"Q1","2025/26","Q3","February",10.59765625,10.5506756756757,10.5735294117647
2026-02-05,2026,"Q1","2025/26","Q3","February",10.6057142857143,10.6536363636364,10.6358722358722
2026-02-06,2026,"Q1","2025/26","Q3","February",10.4657541322314,10.7222222222222,10.5150715563506
2026-02-09,2026,"Q1","2025/26","Q3","February",9.92687074829932,,9.97828709288299
2026-02-10,2026,"Q1","2025/26","Q3","February",9.55,10.40625,9.5068306010929
2026-02-11,2026,"Q1","2025/26","Q3","February",9.47065217391304,10.1560693641618,9.65797788309637
2026-02-12,2026,"Q1","2025/26","Q3","February",9.96909090909091,10.3139269406393,10.1856745479833
2026-02-13,2026,"Q1","2025/26","Q3","February",,10.1442307692308,9.78366013071896
2026-02-17,2026,"Q1","2025/26","Q3","February",9.99251559251559,10.4150326797386,10.0927244582043
2026-02-18,2026,"Q1","2025/26","Q3","February",10.0901960784314,10.6029411764706,10.2072072072072
2026-02-19,2026,"Q1","2025/26","Q3","February",10.3557046979866,10.6326923076923,10.4941471571906
2026-02-20,2026,"Q1","2025/26","Q3","February",10.3686046511628,10.7,10.4225978647687
2026-02-23,2026,"Q1","2025/26","Q3","February",10.3477979274611,10.6847826086957,10.4334442595674
2026-02-24,2026,"Q1","2025/26","Q3","February",10.1415404871626,10.4976851851852,10.2788087663485
2026-02-25,2026,"Q1","2025/26","Q3","February",10.2432008368201,10.7555555555556,10.3099087893864
2026-02-26,2026,"Q1","2025/26","Q3","February",9.973630831643,10.5956937799043,10.2709807886754
2026-02-27,2026,"Q1","2025/26","Q3","February",9.72545219638243,10.2413793103448,9.9501399580126
2026-03-02,2026,"Q1","2025/26","Q3","March",9.715,9.89130434782609,9.81767955801105
2026-03-03,2026,"Q1","2025/26","Q3","March",9.69178082191781,10.4117647058824,9.92056074766355
2026-03-04,2026,"Q1","2025/26","Q3","March",9.57865168539326,10.16,9.87823834196891
2026-03-05,2026,"Q1","2025/26","Q3","March",9.38858695652174,10.0723140495868,9.83096085409253
2026-03-06,2026,"Q1","2025/26","Q3","March",10.15625,10.3842592592593,10.2136752136752
2026-03-09,2026,"Q1","2025/26","Q3","March",9.7125,10.4473684210526,9.90231092436975
2026-03-10,2026,"Q1","2025/26","Q3","March",9.89906832298137,10.1764705882353,9.94020356234097
2026-03-11,2026,"Q1","2025/26","Q3","March",9.87165178571429,10.3023255813953,9.8459595959596
2026-03-12,2026,"Q1","2025/26","Q3","March",10.0658914728682,10.3573170731707,10.2239399293286
2026-03-13,2026,"Q1","2025/26","Q3","March",10.0833333333333,10.8333333333333,10.2959183673469
2026-03-16,2026,"Q1","2025/26","Q3","March",10.2125077784692,10.5215517241379,10.3034543069523
2026-03-17,2026,"Q1","2025/26","Q3","March",9.95631067961165,10.5,9.96350364963504
2026-03-18,2026,"Q1","2025/26","Q3","March",10.1133333333333,10.4195804195804,10.2334183673469
2026-03-19,2026,"Q1","2025/26","Q3","March",,10.4038461538462,10.2930555555556
2026-03-23,2026,"Q1","2025/26","Q3","March",10.3613835828601,10.5820852534562,10.4518332135155
2026-03-24,2026,"Q1","2025/26","Q3","March",10.1033233915637,10.4642857142857,10.1910325228923
2026-03-25,2026,"Q1","2025/26","Q3","March",10.2583423035522,10.35,10.2462543831686
2026-03-26,2026,"Q1","2025/26","Q3","March",10.0720610687023,10.5444383860414,10.2034799669558
2026-03-27,2026,"Q1","2025/26","Q3","March",10.1160520607375,,10.1571994715984
2026-03-30,2026,"Q1","2025/26","Q3","March",9.98484848484848,,10.105077574048
2026-03-31,2026,"Q1","2025/26","Q3","March",9.76287553648069,10.3181818181818,9.86892361111111
2026-04-01,2026,"Q2","2025/26","Q4","April",9.6359649122807,10.316091954023,9.95067453625632
2026-04-02,2026,"Q2","2025/26","Q4","April",,10.3947368421053,10.1089164785553
2026-04-07,2026,"Q2","2025/26","Q4","April",9.74866310160428,10.1390625,10.0158648925281
2026-04-08,2026,"Q2","2025/26","Q4","April",9.57598039215686,10.3819444444444,9.78623188405797
2026-04-09,2026,"Q2","2025/26","Q4","April",9.82647058823529,10.2571428571429,9.987899543379
2026-04-10,2026,"Q2","2025/26","Q4","April",9.83722871452421,,9.83722871452421
2026-04-13,2026,"Q2","2025/26","Q4","April",9.84576968272621,10.1538461538462,9.92010517799353
2026-04-14,2026,"Q2","2025/26","Q4","April",10.1841820151679,10.5,10.3398968588842
2026-04-15,2026,"Q2","2025/26","Q4","April",9.45434677027683,10.4323671497585,9.78498727735369
2026-04-16,2026,"Q2","2025/26","Q4","April",10.3228782287823,10.4355102040816,10.3899284534948
2026-04-17,2026,"Q2","2025/26","Q4","April",10.6989465153971,11.1710526315789,10.7920070011669
2026-04-20,2026,"Q2","2025/26","Q4","April",10.5671641791045,10.6724137931034,10.6018957345972
2026-04-21,2026,"Q2","2025/26","Q4","April",10.6543062200957,11,10.75
2026-04-22,2026,"Q2","2025/26","Q4","April",10.5691747572816,10.6181318681319,10.6104100946372
2026-04-23,2026,"Q2","2025/26","Q4","April",10.5416666666667,10.697265625,10.6831210191083
2026-04-24,2026,"Q2","2025/26","Q4","April",10.5420875420875,,10.6977225672878
2026-04-27,2026,"Q2","2025/26","Q4","April",10.4832214765101,10.8469387755102,10.5759860788863
2026-04-28,2026,"Q2","2025/26","Q4","April",9.97142857142857,10.9583333333333,10.3283485045514
2026-04-29,2026,"Q2","2025/26","Q4","April",10.1458333333333,10.6137005649718,10.447131147541
2026-04-30,2026,"Q2","2025/26","Q4","April",,10.5454545454545,10.34375
2026-05-04,2026,"Q2","2025/26","Q4","May",9.81472491909385,10.4228723404255,10.1982120838471
2026-05-05,2026,"Q2","2025/26","Q4","May",9.59554140127389,,9.72786458333333
2026-05-06,2026,"Q2","2025/26","Q4","May",9.54589371980676,10.125,9.5850144092219
2026-05-07,2026,"Q2","2025/26","Q4","May",10.0604026845638,10.2872340425532,10.1844583987441
2026-05-08,2026,"Q2","2025/26","Q4","May",9.83910891089109,10.5588235294118,9.99677835051546
2026-05-11,2026,"Q2","2025/26","Q4","May",,10.5064655172414,10.0593220338983
2026-05-13,2026,"Q2","2025/26","Q4","May",10.0900503778338,10.3333333333333,10.1567641681901
2026-05-14,2026,"Q2","2025/26","Q4","May",9.88631578947368,10.2892561983471,9.96812080536913
2026-05-15,2026,"Q2","2025/26","Q4","May",10.1808510638298,10.6333333333333,10.3046875
2026-05-18,2026,"Q2","2025/26","Q4","May",9.98370927318296,10.4022988505747,10.1376360808709
2026-05-19,2026,"Q2","2025/26","Q4","May",9.94230769230769,,9.9572192513369
2026-05-20,2026,"Q2","2025/26","Q4","May",9.8419689119171,10.3571428571429,10.0658263305322
2026-05-21,2026,"Q2","2025/26","Q4","May",9.71132075471698,10.2817204301075,10.0794504181601
2026-05-22,2026,"Q2","2025/26","Q4","May",9.86009174311927,10.6904761904762,10.091059602649
2026-05-25,2026,"Q2","2025/26","Q4","May",10.0337837837838,10.5,10.0691056910569
2026-05-26,2026,"Q2","2025/26","Q4","May",,10.3508771929825,10.2325581395349
2026-05-28,2026,"Q2","2025/26","Q4","May",9.85521235521236,10.3856534090909,10.2332415059688
2026-05-29,2026,"Q2","2025/26","Q4","May",9.66049382716049,10.5422535211268,9.93067226890756
2026-06-01,2026,"Q2","2025/26","Q4","June",9.94202898550725,10.25,9.99734042553191
2026-06-02,2026,"Q2","2025/26","Q4","June",,,9.8448275862069
2026-06-04,2026,"Q2","2025/26","Q4","June",10.0259259259259,10.3592233009709,10.2769652650823
2026-06-05,2026,"Q2","2025/26","Q4","June",9.91796875,10.4684210526316,10.1001742160279
2026-06-08,2026,"Q2","2025/26","Q4","June",,10.2857142857143,10.0455635491607
2026-06-10,2026,"Q2","2025/26","Q4","June",9.92638036809816,10.2388059701493,10.045766590389
2026-06-11,2026,"Q2","2025/26","Q4","June",9.85945945945946,10.3271111111111,10.1975346687211
2026-06-12,2026,"Q2","2025/26","Q4","June",9.94791666666667,10.2222222222222,10.0783898305085
2026-06-15,2026,"Q2","2025/26","Q4","June",9.95726495726496,10.3625,9.84004237288136
2026-06-16,2026,"Q2","2025/26","Q4","June",9.91621621621622,10,9.92274678111588
2026-06-17,2026,"Q2","2025/26","Q4","June",9.25045703839123,10.1428571428571,9.34724292101341
2026-06-18,2026,"Q2","2025/26","Q4","June",10.0208333333333,10.308,10.2092105263158
2026-06-19,2026,"Q2","2025/26","Q4","June",9.86222910216718,10.2477477477477,9.96082949308756
2026-06-22,2026,"Q2","2025/26","Q4","June",9.79545454545454,10.25,9.78150242326333
2026-06-23,2026,"Q2","2025/26","Q4","June",9.88888888888889,10,9.89487870619946
2026-06-24,2026,"Q2","2025/26","Q4","June",9.995,10.5,10.1466666666667
2026-06-25,2026,"Q2","2025/26","Q4","June",9.71993670886076,10.3539094650206,10.0833333333333
2026-06-26,2026,"Q2","2025/26","Q4","June",9.39613526570048,10.3191489361702,9.56692913385827
2026-06-29,2026,"Q2","2025/26","Q4","June",8.89556962025316,10,8.68028846153846
2026-06-30,2026,"Q2","2025/26","Q4","June",9.43009478672986,10,9.38922764227642
