"Date","Year","Quarter","FY","QFY","Month","IM_ASI","IM_IND","IM_CHN","IM_JPN","IM_MYS","IM_KOR","IM_SGP","IM_IDN","IM_THA","IM_HKG","IM_RUS","IM_PAK","IM_TWN","IM_VNM","IM_BGD","IM_LKA","IM_GEO","IM_PHL","IM_PRK","IM_ASI_OTH","IM_EUU","IM_DEU","IM_GBR","IM_NLD","IM_ITA","IM_FRA","IM_BEL","IM_SWE","IM_DNK","IM_IRL","IM_ESP","IM_FIN","IM_AUT","IM_HUN","IM_POL","IM_CZE","IM_MLT","IM_ROU","IM_BGR","IM_SVK","IM_LUX","IM_CYP","IM_PRT","IM_GRC","IM_LTU","IM_EST","IM_EUU_OTH","IM_MIE","IM_ARE","IM_KWT","IM_SAU","IM_LBN","IM_BHR","IM_QAT","IM_ISR","IM_IRN","IM_SYR","IM_JOR","IM_IRQ","IM_OMN","IM_MIE_OTH","IM_COM","IM_KEN","IM_EGY","IM_SWZ","IM_COD","IM_MUS","IM_RWA","IM_MWI","IM_SDN","IM_BDI","IM_ZWE","IM_ETH","IM_NAM","IM_ZMB","IM_ERI","IM_SSD","IM_COM_OTH","IM_ROA","IM_ZAF","IM_TZA","IM_CIV","IM_GHA","IM_LBR","IM_NGA","IM_BEN","IM_GAB","IM_BWA","IM_MLI","IM_CMR","IM_BFA","IM_SEN","IM_NER","IM_SLE","IM_TGO","IM_TUN","IM_ROA_OTH","IM_ROE","IM_UKR","IM_TUR","IM_CHE","IM_NOR","IM_SRB","IM_HRV","IM_MDA","IM_ROE_OTH","IM_UCL","IM_USA","IM_BRA","IM_CAN","IM_AUS","IM_CHL","IM_PER","IM_JAM","IM_COL","IM_MEX","IM_PAN","IM_VGB","IM_ARG","IM_DOM","IM_NZL","IM_URY","IM_CUB","IM_LIE","IM_UCL_OTH","IM"
1998-07-01,1998,"Q3","1998/99","Q1","July",20.729,6.248,2.134,4.278,3.432,0.577,0.179,2.391,0.2,0.091,0.028,0.826,0.075,0,0.248,0,0,0,0,0.022000000000002,16.917,1.601,6.792,1.033,1.679,0.818,2.988,0.386,0.175,0.538,0.493,,0.002,,0.054,,,0.029,,,,,0.082,,,,0.247,9.355,0.462,,5.904,,2.151,,0.688,,,,,,0.150000000000002,16.227,15.226,,0.639,,,,,,,0.285,,,0.004,,,0.0729999999999968,11.155,10.425,0.73,0,0,0,0,0,0,0,0,0,0,0,0,0,0,0,,0.3,0,0,0.087,0.024,0,0,0,0.189,7.116,2.546,0.025,1.213,0.084,0,0,0,0,2.387,0,0,0.194,0,0,0,0,0,0.667,81.799
1998-08-01,1998,"Q3","1998/99","Q1","August",18.757,3.409,1.817,3.087,4.936,0.39,0.461,3.778,0.048,0.052,0.214,0.364,0.183,0,0,0,0,0,0,0.0180000000000007,16.435,1.417,7.009,0.561,1.125,4.006,0.616,1.115,0.352,0.066,0.129,,0.002,,,,,,,,,,0.009,,,,0.028,3.645,0.556,,1.303,,1.665,,0.109,,,,,,0.012,13.161,12.669,0.021,0.197,,,0.003,,,,0.255,,,0.002,,,0.0139999999999993,6.343,5.946,0.397,0,0,0,0,0,0,0,0,0,0,0,0,0,0,0,,0.738,0,0,0.17,0.383,0,0,0,0.185,3.156,0.591,,0.712,0.016,0,0,0,0,,0,0,1.799,0,0,0,0,0,0.0380000000000006,62.235
1998-09-01,1998,"Q3","1998/99","Q1","September",14.049,4.923,1.82,3.392,0.589,0.538,0.715,0.707,0.249,0.514,0.176,0.168,0.177,0,0.081,0,0,0,0,0,27.65,1.515,5.639,3.868,0.195,2.495,0.314,12.904,0.175,0.251,0.07,,0.176,,0.007,,,,,,,,,,,,0.041,7.958,0.258,,3.806,,3.286,,0.078,,,,,,0.53,13.261,12.371,0.008,0.63,,,0.035,,,,0.064,,,0.013,,,0.139999999999999,10.584,9.806,0.778,0,0,0,0,0,0,0,0,0,0,0,0,0,0,0,,0.886,0,0,0.218,0.033,0,0,0,0.635,1.448,0.741,0.498,0.112,0.081,0,0,0,0,,0,0,,0,0,0,0,0,0.016,75.836
1998-10-01,1998,"Q4","1998/99","Q2","October",13.233,3.065,2.018,3.707,0.029,0.569,0.244,2.556,0.223,0.058,0.064,0.073,0.45,0,0.142,0,0,0,0,0.0350000000000001,12.487,1.683,4.441,0.4,1.14,2.965,0.469,0.54,0.135,0.41,0.192,,0.042,,,,,,,,,,0.03,,,,0.04,6.443,0.607,,3.073,,2.55,,0.138,,,,,,0.0750000000000002,15.021,14.484,0.025,0.373,,,,,,,0.126,,,0.012,,,0.00100000000000122,6.298,6.031,0.267,0,0,0,0,0,0,0,0,0,0,0,0,0,0,0,,0.539,0,0,0.222,0.081,0,0,0,0.236,5.591,2.237,,1.358,0.165,0,0,0,0,,0,0,1.82,0,0,0,0,0,0.0109999999999992,59.612
1998-11-01,1998,"Q4","1998/99","Q2","November",12.859,2.598,1.954,2.914,0.613,0.398,0,3.406,0.339,0.02,0.069,0.486,0.018,0,0.024,0,0,0,0,0.0199999999999978,11.982,1.868,6.05,0.342,1.632,0.356,0.538,0.074,0.085,0.328,0.514,,0.033,,,,,0.123,,,,,0.026,,,,0.013,4.115,0.421,,2.109,,1.239,,0.114,,,0.128,,,0.104,14.36,13.453,0.102,0.549,,,,,,,0.111,,,,,,0.145,5.745,5.21,0.492,0,0,0,0,0,0,0,0,0,0,0,0,0,0,0,0.0430000000000001,0.864,0,0,0.17,0.582,0,0,0,0.112,6.483,2.713,0.756,1.34,1.659,0,0,0,0,0.001,0,0,,0,0,0,0,0,0.0139999999999993,56.408
1998-12-01,1998,"Q4","1998/99","Q2","December",19.406,6.359,2.731,4.073,2.084,1.496,0.208,1.196,0.287,0.201,0.153,0.094,0.022,0.409,0.093,0,0,0,0,0,13.409,2.634,3.925,1.521,0.934,1.117,0.289,0.144,0.217,0.513,0.073,,0.292,,,,,,,,,,,,,,1.75,7.564,0.386,,2.613,,1.806,,2.661,,,,,,0.0979999999999999,11.494,10.165,0.054,0.797,,,,,,,0.248,,,,,,0.23,6.171,5.398,0.757,0,0,0,0,0,0,0,0,0,0,0,0,0,0,0,0.0160000000000001,7.842,0,0,0.071,2.344,0,0,0,5.427,2.666,1.262,,1.26,0.059,0,0,0,0,,0,0,0.084,0,0,0,0,0,0.00100000000000033,68.552
1999-01-01,1999,"Q1","1998/99","Q3","January",22.336,6.622,4.594,2.263,4.155,0.889,0,0.588,0.435,0.151,0.707,0.988,0.2,0.623,0.121,0,0,0,0,0,18.597,1.335,5.249,2.06,0.411,1.78,2.511,4.226,0.252,0.538,0.133,,0.002,,0.041,,,0.009,,,,,,,,,0.05,5.586,1.442,,1.681,,2.155,,0.107,,,,,,0.201000000000001,14.973,14.357,,0.104,,,,,,,0.046,,,,,,0.466000000000001,5.5,5.227,0.272,0,0,0,0,0,0,0,0,0,0,0,0,0,0,0,0.000999999999999446,0.299,0,0,0.011,0.037,0,0,0,0.251,5.903,3.382,0.027,0.208,0.71,0,0,0,0,,0,0,1.573,0,0,0,0,0,0.00299999999999923,73.194
1999-02-01,1999,"Q1","1998/99","Q3","February",11.621,4.05,2.233,2.626,0.406,0.611,0.049,0.397,0.243,0.042,0.337,0.167,0.087,0.27,0.102,0,0,0,0,0.000999999999999446,8.954,1.869,3.551,0.493,0.733,0.701,0.82,0.044,0.054,0.334,0.141,,0.099,,,,,0.1,,,,,0.005,,,,0.01,7.307,0.644,,4.31,,1.5,,0.471,,,,,,0.382000000000001,11.905,11.482,0.001,0.247,,,0.032,,,,0.066,,,,,,0.077,3.527,3.441,0.086,0,0,0,0,0,0,0,0,0,0,0,0,0,0,0,,0.694,0,0,0.191,0.03,0,0,0,0.473,7.223,3.951,0.018,0.665,0.174,0,0,0,0,,0,0,2.241,0,0,0,0,0,0.174,51.231
1999-03-01,1999,"Q1","1998/99","Q3","March",15.425,4.532,3.304,4.198,0.155,1.003,0.1,0.555,0.361,0.231,0.477,0.07,0.062,0.169,0.208,0,0,0,0,0,11.252,2.45,3.238,1.103,0.324,1.49,0.702,0.362,0.224,0.343,0.279,,0.073,,,,,0.024,,,,,,,,,0.64,3.106,0.564,,0.503,,1.519,,0.049,,,,,,0.471,15.295,14.6,0.176,0.33,,,,,,,0.186,,,0.003,,,0,4.139,3.662,0.477,0,0,0,0,0,0,0,0,0,0,0,0,0,0,0,,0.501,0,0,0.078,0.022,0,0,0,0.401,3.92,0.974,0.758,1.07,0.812,0,0,0,0,0.028,0,0,0.259,0,0,0,0,0,0.0190000000000007,53.638
1999-04-01,1999,"Q2","1998/99","Q4","April",16.759,3.268,3.446,3.226,3.317,0.24,0.234,0.467,0.486,0,0.678,0.377,0.195,0.726,0.081,0,0,0,0,0.0180000000000007,15.635,5.717,4.12,1.499,0.993,1.089,0.595,0.561,0.099,0.188,0.203,,0.33,,,,,,,,,,,,,,0.241,5.148,0.461,,1.425,,1.566,,1.619,,,,,,0.0769999999999991,10.639,10.346,0.146,,,,,,,,0.02,,,0.018,,,0.109,4.136,4.051,0.084,0,0,0,0,0,0,0,0,0,0,0,0,0,0,0,0.00100000000000033,0.867,0,0,0.421,0.092,0,0,0,0.354,6.013,1.806,0.707,1.377,0.099,0,0,0,0,0.21,0,0,1.554,0,0,0,0,0,0.26,59.197
1999-05-01,1999,"Q2","1998/99","Q4","May",12.478,4.097,2.416,2.278,0.397,0.197,0,0.211,0.026,1.178,0.478,0.198,0.089,0.736,0.177,0,0,0,0,0,21.866,1.27,6.012,0.221,0.439,0.414,0.539,0.682,0.174,0.283,0.388,,1.013,,10.316,,,0.065,,,,,0.016,,,,0.034,5.238,0.56,,1.39,,2.272,,1.015,,,,,,0.00100000000000033,11.512,10.632,,0.574,,,,,,,0.063,,,,,,0.242999999999999,5.145,4.686,0.441,0,0,0,0,0,0,0,0,0,0,0,0,0,0,0,0.0179999999999998,0.296,0,0,0.174,0.02,0,0,0,0.102,1.429,0.579,,0.495,0.315,0,0,0,0,,0,0,,0,0,0,0,0,0.0399999999999996,57.964
1999-06-01,1999,"Q2","1998/99","Q4","June",15.94,2.928,2.457,1.64,4.609,0.362,1.313,0.91,0.103,0.496,0.045,0.135,0.115,0.665,0.149,0,0,0,0,0.0130000000000017,14.885,1.353,5.987,1.15,2.736,1.593,0.907,0.033,0.207,0.532,0.317,,0.041,,,,,0.009,,,,,,,,,0.02,4.073,0.326,,1.474,,2.16,,0.096,,,,,,0.0170000000000003,10.301,9.493,0.175,0.45,,,,,,,0.067,,,,,,0.116,4.125,3.413,0.712,0,0,0,0,0,0,0,0,0,0,0,0,0,0,0,,0.542,0,0,0.137,0.008,0,0,0,0.397,3.909,0.52,1.193,1.626,0.529,0,0,0,0,,0,0,,0,0,0,0,0,0.0409999999999999,53.775
1999-07-01,1999,"Q3","1999/00","Q1","July",22.314,4.112,4.042,11.849,0.44,0.192,0.116,0.891,0.069,0.024,0.181,0.066,0.126,0,0.206,0,0,0,0,0,11.826,3.444,4.193,0.977,0.494,1.329,0.639,0.264,0.087,0.252,0.117,,0.007,,,,,0.002,,,,,0.007,,,,0.0140000000000011,5.012,0.185,,0.358,,4.288,,0.073,,,,,,0.108,10.632,9.869,0.002,0.69,,,,,,,0.003,0.007,,,,,0.061,3.763,3.58,0.183,0,0,0,0,0,0,0,0,0,0,0,0,0,0,0,,1.022,0,0,0.636,0.037,0,0,0,0.349,5.454,2.708,0.383,0.108,0.912,0,0,0,0,0.32,0,0,0,0,0,0,0,0,1.023,60.023
1999-08-01,1999,"Q3","1999/00","Q1","August",15.024,3.058,2.994,3.005,3.618,0.424,0.046,0.586,0.146,0.013,0.584,0.027,0.085,0,0.426,0,0,0,0,0.0119999999999969,8.638,0.509,3.58,0.741,0.512,1.146,1.356,0.156,0.294,0.189,0.091,,0.01,,,,,0.042,,,,,0.012,,,,,2.327,0.208,,0.323,,1.518,,0.133,,,0.012,,,0.133,12.309,9.492,1.561,1.036,,,,,,,0.116,,,,,,0.104,4.092,3.701,0.391,0,0,0,0,0,0,0,0,0,0,0,0,0,0,0,,0.492,0,0,0.148,0.001,0,0,0,0.343,5.604,3.03,0.2,0.445,0.431,0,0,0,0,0.432,0,0,0,0,0,0,0,0,1.066,48.486
1999-09-01,1999,"Q3","1999/00","Q1","September",16.588,5.505,5.864,2.938,0.157,0.587,0.084,0.614,0.172,0.046,0.4,0.11,0.017,0,0.094,0,0,0,0,0,12.203,2.943,3.266,1.984,0.55,0.641,1.215,0.145,0.624,0.375,0.382,,,,,,,0.062,,,,,0.005,,,,0.0109999999999992,6.17,0.297,,0.546,,4.917,,0.123,,,,,,0.287,15.065,12.508,1.541,0.887,,,,,,,0.129,,,,,,0,5.939,5.593,0.282,0,0,0,0,0,0,0,0,0,0,0,0,0,0,0,0.064,0.612,0,0,0.227,0.053,0,0,0,0.332,6.933,1.86,0.345,1.091,1.844,0,0,0,0,0,0,0,0.11,0,0,0,0,0,1.683,63.51
1999-10-01,1999,"Q4","1999/00","Q2","October",14.71,3.768,2.669,1.499,4.213,0.314,0.151,0.853,0.404,0,0.255,0.238,0.217,0,0.128,0,0,0,0,0.000999999999999446,12.856,1.916,4.131,1.766,0.91,1.224,0.286,0.779,0.448,0.261,0.225,,0.073,,,,,0.056,,,,,,,,,0.781000000000001,6.171,0.529,,0.435,,5.015,,0.171,,,0.021,,,,7.31,6.647,0.057,0.436,,,,,,,0.018,,,0.062,,,0.09,3.27,3.094,0.164,0,0,0,0,0,0,0,0,0,0,0,0,0,0,0,0.012,0.191,0,0,0.087,,0,0,0,0.104,6.045,2.508,0.149,1.202,0.121,0,0,0,0,0,0,0,0.258,0,0,0,0,0,1.807,50.553
1999-11-01,1999,"Q4","1999/00","Q2","November",12.189,3.231,2.073,2.476,0.455,0.99,0.033,0.772,0.261,1.335,0.22,0.16,0.034,0,0.149,0,0,0,0,0,14.454,1.949,4.052,0.818,0.786,1.489,0.972,2.887,0.523,0.578,0.316,,0.033,,,,,,,,,,0.014,,,,0.0370000000000008,4.793,0.526,,0.637,,3.16,,0.4,,,,,,0.0700000000000003,13.135,11.84,0.246,0.449,0.034,,,,,,0.165,,,0.341,,,0.06,7.306,6.374,0.932,0,0,0,0,0,0,0,0,0,0,0,0,0,0,0,,0.196,0,0,0.135,,0,0,0,0.061,9.538,3.444,2.703,1.671,0.179,0,0,0,0,0,0,0,,0,0,0,0,0,1.541,61.611
1999-12-01,1999,"Q4","1999/00","Q2","December",16.549,2.633,2.827,3.391,4.583,0.24,0.183,1.037,0.321,0.873,0.064,0.151,0.101,0,0.145,0,0,0,0,0,10.61,1.623,4.174,1.184,0.471,1.2,0.462,0.367,0.633,0.295,0.105,,0.035,,,,,,,,,,0.025,,,,0.0359999999999978,3.827,0.622,,0.152,,2.656,,,,,,,,0.397,7.9841,7.601,0.122,,,,0.013,,,,0.1111,,,,,,0.137,4.046,4.009,0.037,0,0,0,0,0,0,0,0,0,0,0,0,0,0,0,,0.494,0,0,0.118,,0,0,0,0.376,3.83,1.247,0.569,0.418,0.33,0,0,0,0,0,0,0,0.392,0,0,0,0,0,0.874,47.3401
2000-01-01,2000,"Q1","1999/00","Q3","January",20.062,6.622,4.177,1.964,4.823,0.445,0.061,0.21,0.279,0.02,0.339,0.852,0.04,0,0.214,0,0,0,0,0.0159999999999982,12.923,1.756,3.42,0.644,1.014,3.053,1.569,0.002,0.068,0.123,0.228,,0.224,,,,,,,,,,,,,,0.822000000000001,3.268,0.201,,0.336,,2.59,,0.08,,,,,,0.0609999999999999,10.231,9.246,0.685,,,,,,,,,,,,,,0.3,2.973,2.859,0.114,0,0,0,0,0,0,0,0,0,0,0,0,0,0,0,,0.223,0,0,0.151,0.019,0,0,0,0.053,5.955,3,1.221,0.517,0.177,0,0,0,0,0,0,0,,0,0,0,0,0,1.04,55.635
2000-02-01,2000,"Q1","1999/00","Q3","February",12.409,3.81,1.841,2.288,0.305,0.923,0.382,0.513,1.516,0.013,0.05,0.668,0.081,0,0,0,0,0,0,0.019,11.72,2.279,3.711,0.776,0.493,0.973,1.146,0.425,1.091,0.179,0.061,,0.034,,,,,0.044,,,,,0.001,,,,0.507,6.712,0.529,,0.401,,5.245,,0.106,,,0.002,,,0.429,17.323,16.2,0.047,0.22,,,0.004,,,,0.171,,,,,,0.681,4.913,4.31,0.514,0,0,0,0,0,0,0,0,0,0,0,0,0,0,0,0.089,5.124,0,0,0.438,3.629,0,0,0,1.057,5.03,0.649,0.762,0.6,2.378,0,0,0,0,0.392,0,0,,0,0,0,0,0,0.249,63.231
2000-03-01,2000,"Q1","1999/00","Q3","March",19.103,9.607,3.608,1.694,0.588,0.648,0.079,0.784,0.054,0.039,0.945,0.334,0.558,0,0.165,0,0,0,0,0,15.059,1.666,5.535,0.473,0.755,1.21,2.521,1.629,0.579,0.379,0.287,,0.015,,,,,,,,,,,,,,0.00999999999999623,5.331,0.419,,0.437,,4.142,,0.269,,,0.005,,,0.0590000000000002,13.047,12.101,0.229,0.265,,,,,,,0.07,,,,,,0.382,6.856,6.076,0.78,0,0,0,0,0,0,0,0,0,0,0,0,0,0,0,,0.914,0,0,0.209,0.157,0,0,0,0.548,6.014,3.052,,1.041,1.063,0,0,0,0,0.611,0,0,,0,0,0,0,0,0.247,66.324
2000-04-01,2000,"Q2","1999/00","Q4","April",8.87,2.534,2.175,2.39,0.209,0.471,0.141,0.268,0.034,0.093,0.092,0.188,0.197,0,0.076,0,0,0,0,0.00200000000000067,11.323,0.832,3.686,3.239,1.039,0.751,0.399,0.274,0.426,0.193,0.142,,0.051,,,,,0.009,,,,,,,,,0.282,5.94,0.262,,0.371,,4.92,,0.045,,,,,,0.342,9.717,9.349,0.052,,,,,,,,0.178,,,0.121,,,0.017,6.556,6.364,0.192,0,0,0,0,0,0,0,0,0,0,0,0,0,0,0,,0.564,0,0,0.286,0.07,0,0,0,0.208,6.195,1.736,0.294,0.781,1.975,0,0,0,0,0.327,0,0,,0,0,0,0,0,1.082,49.165
2000-05-01,2000,"Q2","1999/00","Q4","May",19.516,5.772,3.179,5.815,2.348,0.728,0.157,0.296,0.109,0.042,0.454,0.449,0.064,0,0.075,0,0,0,0,0.0280000000000022,18.039,2.612,10.005,0.866,0.261,0.93,1.651,0.728,0.178,0.307,0.128,,0.013,,,,,,,,,,,,,,0.359999999999999,10.059,0.307,,0.6,,8.867,,0.141,,,0.038,,,0.105999999999998,18.311,15.932,1.531,0.423,0.052,,,,,,0.074,,,0.059,,,0.24,13.366,8.755,4.611,0,0,0,0,0,0,0,0,0,0,0,0,0,0,0,,0.31,0,0,0.085,0.051,0,0,0,0.174,6.228,2.094,0.197,0.712,0.028,0,0,0,0,0.546,0,0,,0,0,0,0,0,2.651,85.829
2000-06-01,2000,"Q2","1999/00","Q4","June",10.699,3.832,2.509,1.459,0.156,0.564,0.39,0.334,0.096,0.749,0.335,0.206,0.018,0,0.051,0,0,0,0,0,14.354,0.984,7.768,1.3,1.486,0.662,0.278,0.362,0.45,0.671,0.296,,0.014,,,,,0.041,,,,,,,,,0.0420000000000016,6.683,2.835,,0.564,,3.039,,0.012,,,0.005,,,0.228,10.988,9.239,0.08,0.861,,,0.039,,,,0.272,,,0.007,,,0.49,4.516,4.002,0.514,0,0,0,0,0,0,0,0,0,0,0,0,0,0,0,,0.222,0,0,0.13,,0,0,0,0.092,3.22,0.815,0.194,0.623,0.176,0,0,0,0,0.125,0,0,0.039,0,0,0,0,0,1.248,50.682
2000-07-01,2000,"Q3","2000/01","Q1","July",13.895,2.283,2.629,2.552,2.251,0.27,0.286,0.124,0.545,0.787,0,0.416,0.188,1.435,0.129,0,0,0,0,0,18.006,1.481,9.144,0.881,1.29,1.238,2.694,0.299,0.348,0.192,0.123,,0.055,,,,,0.261,,,,,,,,,0,5.609,3.386,,0.348,,1.532,,0.114,,,0.002,,,0.226999999999999,22.571,21.164,0.435,0.898,,,,,,,0.036,0.004,,0.006,,,0.028,4.137,3.458,0.676,0,0,0,0,0,0,0,0,0,0,0,0,0,0,0,0.003,0.557,0,0,0.527,0.03,0,0,0,,5.087,4.096,0.013,0.475,0.041,0,0,0,0,0.098,0,0,0.055,0,0,0,0,0,0.309,69.862
2000-08-01,2000,"Q3","2000/01","Q1","August",18.145,3.141,2.951,5.29,2.071,0.344,0.792,0.227,0.534,0.937,0,0.388,0.422,0.952,0.096,0,0,0,0,0,16.727,1.651,7.528,1.453,1.543,1.485,0.587,0.299,0.537,0.1,0.194,,0.018,,,,,0.041,,,,,,,,,1.291,7.57,5.936,,0.985,,0.533,,0.037,,,0.001,,,0.078,27.992,25.805,0.671,0.342,,,0.249,,,,0.212,0.046,,0.015,,,0.652,8.396,7.571,0.824,0,0,0,0,0,0,0,0,0,0,0,0,0,0,0,0.001,0.66,0,0,0.478,0.182,0,0,0,,6.874,2.953,0.281,0.451,2.402,0,0,0,0,0.3,0,0,,0,0,0,0,0,0.487,86.364
2000-09-01,2000,"Q3","2000/01","Q1","September",17.571,4.701,2.125,5.047,1.317,0.408,0.413,0.429,0.406,1.074,0,0.598,0.103,0.925,0.025,0,0,0,0,0,16.713,1.056,6.355,1.673,1.07,1.219,2.591,0.559,1.267,0.374,0.161,,0.01,,,,,,,,,,,,,,0.378,6.082,4.827,,0.523,,0.54,,0.043,,,0.024,,,0.125,24.896,24.097,0.161,0.41,,,,,,,0.087,0.014,,0.004,,,0.123,8.832,7.407,1.423,0,0,0,0,0,0,0,0,0,0,0,0,0,0,0,0.002,2.698,0,0,1.219,1.479,0,0,0,,6.505,1.249,0.021,0.449,3.59,0,0,0,0,0,0,0,0.2,0,0,0,0,0,0.996,83.297
2000-10-01,2000,"Q4","2000/01","Q2","October",19.987,4.219,1.612,7.511,1.593,0.256,0.431,0.589,0.705,1.067,0,0.257,0.026,1.721,0,0,0,0,0,0,14.482,2.074,6.303,1.06,0.711,0.651,1.368,0.188,1.179,0.589,0.299,,0.035,,,,,,,,,,,,,,0.0249999999999986,6.401,4.893,,0.817,,0.115,,0.231,,,0.009,,,0.335999999999999,24.569,22.838,0.269,0.593,,,0.107,,,,0.202,0.299,,0.134,,,0.127,7.219,5.995,1.159,0,0,0,0,0,0,0,0,0,0,0,0,0,0,0,0.065,0.785,0,0,0.691,0.094,0,0,0,,8.266,4.659,0.075,0.499,2.355,0,0,0,0,0,0,0,0.195,0,0,0,0,0,0.483,81.709
2000-11-01,2000,"Q4","2000/01","Q2","November",20.093,4.161,2.298,6.727,1.226,0.529,0.479,0.363,1.475,1.091,0.04,0.518,0.055,1.03,0.101,0,0,0,0,0,23.367,1.573,15.426,1.082,1.409,0.666,1.818,0.06,0.605,0.345,0.315,,0.035,,,,,,,,,,,,,,0.0330000000000013,5.001,4.221,,0.38,,0.029,,0.294,,,,,,0.077,28.919,27.305,0.269,0.833,,,0.025,,,,0.349,0.048,,0.089,,,0.001,8.969,8.146,0.822,0,0,0,0,0,0,0,0,0,0,0,0,0,0,0,0.001,1,0,0,0.918,0.082,0,0,0,,5.003,2.782,0.92,0.469,0.436,0,0,0,0,0,0,0,,0,0,0,0,0,0.396,92.352
2000-12-01,2000,"Q4","2000/01","Q2","December",16.319,3.65,2.304,4.896,1.24,0.419,0.51,0.602,0.618,1.145,0,0.376,0.088,0.457,0.014,0,0,0,0,0,12.801,1.322,5.091,0.851,0.632,0.729,0.719,0.537,0.875,0.17,0.135,,1.628,,,,,0.112,,,,,,,,,,4.79,3.83,,0.61,,0.068,,0.246,,,,,,0.0360000000000005,23.613,22.86,0.179,0.402,,,0.007,,,,0.118,0.006,,0.035,,,0.006,7.039,6.507,0.532,0,0,0,0,0,0,0,0,0,0,0,0,0,0,0,,1.355,0,0,0.406,0.949,0,0,0,,3.097,1.005,0.02,0.344,0.436,0,0,0,0,0,0,0,,0,0,0,0,0,1.292,69.014
2001-01-01,2001,"Q1","2000/01","Q3","January",20.47,4.703,2.263,6.175,2.581,0.508,0.456,0.577,0.489,1.898,0,0.384,0.112,0.324,0,0,0,0,0,0,14.441,1.691,5.768,1.233,0.969,0.94,1.909,0.099,0.586,0.575,0.25,,0.118,,,,,,,,,,,,,,0.303000000000001,4.262,2.852,,0.725,,0.002,,0.576,,,0.011,,,0.096,24.829,23.671,0.119,0.493,,,0.036,,,,0.029,0.002,,0.289,,,0.19,6.189,5.426,0.761,0,0,0,0,0,0,0,0,0,0,0,0,0,0,0,0.002,0.568,0,0,0.471,0.097,0,0,0,,5.49,1.546,0.641,0.997,1.728,0,0,0,0,0,0,0,0.406,0,0,0,0,0,0.172,76.249
2001-02-01,2001,"Q1","2000/01","Q3","February",20.088,5.057,4.132,4.842,1.859,0.459,0.232,0.361,0.752,1.27,0,0.434,0.078,0.551,0.061,0,0,0,0,0,17.036,2.184,4.596,0.69,0.876,1.553,1.997,2.729,1.132,0.288,0.208,,0.739,,,,,,,,,,,,,,0.0440000000000005,3.33,2.314,,0.457,,0.351,,0.084,,,,,,0.124,24.403,23.517,0.438,0.025,,,0.131,,,,0.123,,,0.142,,,0.027,5.635,5.011,0.624,0,0,0,0,0,0,0,0,0,0,0,0,0,0,0,,0.56,0,0,0.49,0.07,0,0,0,,5.013,1.469,0.351,0.423,2.167,0,0,0,0,0,0,0,0.076,0,0,0,0,0,0.527,76.065
2001-03-01,2001,"Q1","2000/01","Q3","March",26.656,9.111,2.384,9.203,1.794,0.392,0.306,0.208,0.802,1.309,0,0.502,0.159,0.47,0.015,0,0,0,0,0.001,25.176,4.253,6.284,0.876,1.725,6.701,2.288,1.982,0.495,0.099,0.193,,0.026,,,,,0.198,,,,,,,,,0.0559999999999974,4.639,3.127,,0.6,,0.01,,0.577,,,0.022,,,0.303,24.696,24.036,0.206,0.294,,,0.015,,,,0.111,0.001,,0.022,,,0.011,6.356,6.012,0.344,0,0,0,0,0,0,0,0,0,0,0,0,0,0,0,,1.232,0,0,1.162,0.07,0,0,0,,9.284,3.715,1.843,0.908,2.34,0,0,0,0,0,0,0,0.192,0,0,0,0,0,0.286,98.039
2001-04-01,2001,"Q2","2000/01","Q4","April",23.399,5.524,1.731,8.627,1.942,0.243,0.473,0.182,0.902,1.952,0.117,0.417,0.072,1.217,0,0,0,0,0,0,25.939,2.771,16.73,0.916,1.029,1.502,1.424,0.27,0.231,0.132,0.358,,0.008,,,,,,,,,,,,,,0.567999999999998,5.082,4.062,,0.583,,0.006,,0.118,,,0.002,,,0.311,22.493,21.835,0.234,0.344,,,0.013,,,,0.01,0.006,,0.023,,,0.028,7.152,4.47,2.682,0,0,0,0,0,0,0,0,0,0,0,0,0,0,0,,0.642,0,0,0.542,0.1,0,0,0,,6.232,2.545,0.527,0.516,1.83,0,0,0,0,0,0,0,0.169,0,0,0,0,0,0.645,90.939
2001-05-01,2001,"Q2","2000/01","Q4","May",24.837,5.989,3.933,7.365,2.216,0.377,0.345,0.164,0.866,1.372,0.111,0.506,0.488,0.951,0.154,0,0,0,0,0,21.025,8.623,6.121,0.816,1.559,0.823,1.469,0.205,0.393,0.209,0.721,,0.018,,,,,,,,,,,,,,0.0679999999999978,6.409,5.398,,0.762,,,,0.076,,,0.013,,,0.16,24.316,22.973,0.829,0.367,,,0.015,,,,0.064,,,0.068,,,0,5.677,5.415,0.262,0,0,0,0,0,0,0,0,0,0,0,0,0,0,0,,0.723,0,0,0.49,0.233,0,0,0,,5.595,1.676,0.28,0.445,2.453,0,0,0,0,0,0,0,0.019,0,0,0,0,0,0.722,88.582
2001-06-01,2001,"Q2","2000/01","Q4","June",20.55,4.76,3.476,5.938,1.866,0.629,0.291,0.359,0.544,1.024,0,0.453,0.139,0.832,0.239,0,0,0,0,0,15.895,1.78,5.286,0.783,2.221,1.979,1.557,0.15,1.76,,0.344,,0.021,,,,,,,,,,,,,,0.0139999999999993,5.721,5.038,,0.61,,,,0.064,,,0.009,,,,23.934,22.521,0.121,0.816,0.009,,0.051,,,,0.062,,,0.021,,,0.333,6.769,6.429,0.333,0,0,0,0,0,0,0,0,0,0,0,0,0,0,0,0.007,1.023,0,0,0.508,0.444,0,0,0,0.071,3.656,1.461,0.085,1.403,0.587,0,0,0,0,0,0,0,0.001,0,0,0,0,0,0.12,77.548
2001-07-01,2001,"Q3","2001/02","Q1","July",24.303,3.672,3.95,9.397,2.395,0.83,0.55,0.683,0.739,1.022,0.087,0.365,0.176,0.342,0.095,0,0,0,0,0,17.383,2.771,4.579,1.007,1.416,2.258,1.314,2.457,0.368,0.069,0.267,,0.195,,,,,0.145,,,,,,,,,0.536999999999999,9.166,7.075,,0.698,,,,1.32,,,0.003,,,0.07,26.608,24.701,0.243,0.973,0.097,,0.069,,,0.001,0.112,,,0.273,,,0.139,7.353,6.826,0.453,0,0,0,0,0,0,0,0,0,0,0,0,0,0,0,0.074,1.822,0,0,0.539,1.254,0,0,0,0.0289999999999999,6.104,4.511,0.04,0.494,0.893,0,0,0,0,0,0,0,0.001,0,0,0,0,0,0.166,92.739
2001-08-01,2001,"Q3","2001/02","Q1","August",20.242,6.382,2.888,5.989,1.541,0.294,0.412,0.197,0.492,0.856,0.135,0.425,0.076,0.555,0,0,0,0,0,0,20.37,2.367,6.292,2.134,2.121,2.463,0.638,2.057,0.235,0.086,0.246,,0.709,,,,,0.038,,,,,,,,,0.984,7.458,6.709,,0.554,,,,0.109,,,,,,0.0860000000000003,26.851,25.459,0.586,0.429,,,0.003,,,,0.123,,,0.103,,,0.148,4.972,4.736,0.236,0,0,0,0,0,0,0,0,0,0,0,0,0,0,0,,0.744,0,0,0.51,0.094,0,0,0,0.14,6.863,5.276,0.213,0.827,0.252,0,0,0,0,0,0,0,0.001,0,0,0,0,0,0.295,87.5
2001-09-01,2001,"Q3","2001/02","Q1","September",21.543,4.77,2.3,6.104,0.987,0.58,0.293,0.121,0.422,3.607,0.263,0.507,0.244,1.21,0.135,0,0,0,0,0,15.038,2.066,5.434,0.936,1.121,0.956,0.894,1.922,0.623,0.208,0.627,,0.024,,0.047,,,,,,,,0.18,,,,,5.403,4.299,,0.947,,,,0.025,,,,,,0.131999999999999,27.405,24.745,0.202,0.578,0.5,,0.948,,,0.106,0.093,,,0.157,,,0.076,6.018,5.12,0.898,0,0,0,0,0,0,0,0,0,0,0,0,0,0,0,,1.175,0,0,0.88,,0,0,0,0.295,3.919,1.95,,0.57,1.178,0,0,0,0,0,0,0,0.001,0,0,0,0,0,0.221,80.501
2001-10-01,2001,"Q4","2001/02","Q2","October",24.06,4.885,2.754,7.985,2.231,0.397,0.264,0.399,0.942,2.394,0.163,0.62,0.203,0.538,0.285,0,0,0,0,0,22.401,2.066,8.153,1.598,2.377,2.142,0.887,3.674,0.964,0.195,0.29,,0.002,,,,,,,,,,0.053,,,,,7.355,5.857,,0.779,,,,0.105,,,,,,0.614,26.724,24.768,0.217,0.929,0.217,,0.076,,,0.112,0.221,,,0.184,,,0,13.225,12.445,0.78,0,0,0,0,0,0,0,0,0,0,0,0,0,0,0,,1.341,0,0,0.722,0.099,0,0,0,0.52,7.351,3.235,0.142,0.743,2.04,0,0,0,0,0.162,0,0,0.001,0,0,0,0,0,1.029,102.457
2001-11-01,2001,"Q4","2001/02","Q2","November",23.094,5.335,2.96,8.405,2.668,0.239,0.239,0.157,0.706,1.186,0.06,0.483,0.32,0.283,0.053,0,0,0,0,0,25.151,3.979,9.77,3.068,1.15,2.013,0.732,2.732,0.717,0.085,0.74,,0.008,,,,,0.157,,,,,,,,,,7.009,5.363,,0.819,,,,0.118,,,,,,0.709,24.868,23.265,0.149,0.643,0.191,,0.112,,,0.141,0.054,,,0.16,,,0.153,8.114,7.458,0.511,0,0,0,0,0,0,0,0,0,0,0,0,0,0,0,0.145,1.742,0,0,0.688,0.962,0,0,0,0.0920000000000001,4.616,1.641,0.079,0.747,1.683,0,0,0,0,0,0,0,0.001,0,0,0,0,0,0.466,94.594
2001-12-01,2001,"Q4","2001/02","Q2","December",20.258,5.241,3.052,6.588,0.924,0.517,0.239,0.31,0.888,1.348,0.197,0.338,0.205,0.312,0.099,0,0,0,0,,12.098,2.178,5.393,1.002,0.723,0.704,0.705,0.41,0.397,0.156,0.216,,0.027,,,,,0.157,,,,,,,,,0.0300000000000011,5.846,4.77,,0.911,,,,0.092,,,,,,0.0730000000000004,91.931,90.892,0.309,0.029,0.325,,0.154,,,,0.162,,,0.06,,,0,7.266,6.862,0.404,0,0,0,0,0,0,0,0,0,0,0,0,0,0,0,,1.665,0,0,0.632,0.809,0,0,0,0.224,4.867,1.95,0.016,0.067,1.854,0,0,0,0,0,0,0,0.001,0,0,0,0,0,0.98,143.931
2002-01-01,2002,"Q1","2001/02","Q3","January",27.126,6.721,3.692,9.722,1.713,0.852,0.407,0.393,0.585,1.122,0.123,0.625,0.142,0.931,0.098,0,0,0,0,,43.572,3.238,5.148,1.744,17.828,1.272,7.594,1.935,0.847,0.177,0.741,,3.048,,,,,,,,,,,,,,,6.872,5.039,,1.347,,,,0.134,,,,,,0.352,55.929,54.348,0.229,0.699,0.016,,0.439,,,0,0.074,,,0.105,,,0.019,10.621,10.384,0.237,0,0,0,0,0,0,0,0,0,0,0,0,0,0,0,,1.004,0,0,0.611,0.086,0,0,0,0.307,7.736,2.124,0.013,0.632,3.984,0,0,0,0,0,0,0,0.001,0,0,0,0,0,0.983,152.86
2002-02-01,2002,"Q1","2001/02","Q3","February",26.897,6.661,3.291,8.06,2.854,0.358,0.523,0.25,0.753,1.9,0.012,0.699,0.2,1.315,0.021,0,0,0,0,,18.61,3.137,6.484,1.385,2.512,1.33,1.646,0.283,0.751,0.129,0.744,,0.197,,0.012,,,,,,,,,,,,,6.379,5.153,,0.671,,,,0.21,,,,,,0.345,25.459,23.759,0.706,0.589,,,0.271,,,,0.114,,,0.015,,,0.005,9.159,8.846,0.295,0,0,0,0,0,0,0,0,0,0,0,0,0,0,0,0.018,1.41,0,0,0.68,0.166,0,0,0,0.564,6.365,3.416,0.055,0.881,1.796,0,0,0,0,0,0,0,0.001,0,0,0,0,0,0.217,94.279
2002-03-01,2002,"Q1","2001/02","Q3","March",23.807,4.899,2.458,7.795,3.071,0.216,0.238,0.446,0.649,1.775,0.102,0.98,0.146,1.01,,0,0,0,0,0.022,16.806,2.169,6.829,0.735,2.346,0.91,0.789,1.384,0.99,0.214,0.405,,0.033,,,,,,,,,,,,,,0.002,5.878,5.218,,0.455,,0.001,,0.042,,,,,,0.162,24.321,22.763,0.217,0.833,0.161,,0.055,,,0.07,0.115,0.007,,0.004,,,0.096,6.474,6.04,0.395,0,0,0,0,0,0,0,0,0,0,0,0,0,0,0,0.039,0.99,0,0,0.793,0.054,0,0,0,0.143,5.944,3.49,0.015,0.459,1.77,0,0,0,0,0,0,0,0.001,0,0,0,0,0,0.21,84.22
2002-04-01,2002,"Q2","2001/02","Q4","April",20.477,5.159,2.683,7.521,2.106,0.238,0.169,0.134,0.363,0.917,0.05,0.626,0.089,0.351,0.052,0,0,0,0,0.019,16.46,2.052,4.878,2.04,2.499,1.423,1.079,0.655,1.089,0.035,0.436,,0.004,,0.01,,,0.179,,,,,0.075,,,,0.006,5.539,4.481,,0.716,,0.002,,0.163,,,,,,0.177,22.868,21,0.197,0.563,0.329,,0.127,,,0.146,0.096,0.003,,0.147,,,0.26,9.686,8.83,0.838,0,0,0,0,0,0,0,0,0,0,0,0,0,0,0,0.018,1.947,0,0,0.8,1.124,0,0,0,0.023,7.001,3.593,0.257,0.681,2.236,0,0,0,0,0,0,0,0.001,0,0,0,0,0,0.233,83.978
2002-05-01,2002,"Q2","2001/02","Q4","May",26.132,5.66,2.734,7.632,3.131,0.431,0.524,0.3,0.632,3.101,0.154,0.767,0.302,0.678,0.063,0,0,0,0,0.023,18.935,3.367,4.565,3.799,3.508,1.093,1.301,0.247,0.48,0.084,0.462,,0.006,,,,,,,,,,0.015,,,,0.008,6.181,4.793,,0.779,,0.006,,0.107,,,0.023,,,0.473,27.43,25.698,0.591,0.684,0.035,,0.055,,,0.063,0.061,0.002,,0.174,,,0.067,7.127,6.69,0.401,0,0,0,0,0,0,0,0,0,0,0,0,0,0,0,0.036,2.929,0,0,2.635,0.283,0,0,0,0.011,7.026,3.213,0.166,0.723,2.548,0,0,0,0,0,0,0,0.032,0,0,0,0,0,0.344,95.76
2002-06-01,2002,"Q2","2001/02","Q4","June",25.646,5.215,3.824,9.799,2.649,0.272,0.549,0.332,0.595,0.669,0.023,0.704,0.558,0.285,0.151,0,0,0,0,0.0210000000000043,15.051,2.633,5.37,2.029,1.158,0.599,1.153,0.577,0.692,0.009,0.516,,0.058,,0.058,,,0.001,,,,,,,,,0.198,5.809,4.668,,0.484,,0.002,,0.417,,,,,,0.238,25.374,24.512,0.565,,0.003,,0.04,,,0.001,0.047,0.002,,0.017,,,0.187000000000001,7.039,0.026,0.389,0,0,0,0,0,0,0,0,0,0,0,0,0,0,0,6.624,0.337,0,0,0.318,0.008,0,0,0,0.011,8.632,3.985,0.25,0.996,2.53,0,0,0,0,0,0,0,0.058,0,0,0,0,0,0.813,87.888
2002-07-01,2002,"Q3","2002/03","Q1","July",24.501,5.316,3.575,8.188,3.109,0.608,0.197,0.228,0.548,1.006,0.002,0.845,0.626,0.045,0.051,0,0,0,0,0.156999999999996,16.916,2.59,5.767,1.316,3.016,0.63,0.754,0.324,1.007,0.114,0.494,,0.073,,0.005,,,0.027,,,,,,,,,0.798999999999999,6.652,5.632,,0.451,,,,0.147,,,0.01,,,0.412000000000001,26.632,25.983,0.371,,,,0.019,,,,0.014,0.009,,0.167,,,0.0689999999999991,9.427,7.673,0.454,0,0,0,0,0,0,0,0,0,0,0,0,0,0,0,1.3,0.888,0,0,0.761,0.074,0,0,0,0.053,6.545,2.159,0.213,0.249,3.282,0,0,0,0,0,0,0,0.101,0,0,0,0,0,0.541,91.561
2002-08-01,2002,"Q3","2002/03","Q1","August",22.419,4.689,3.155,8.728,2.63,0.39,0.64,0.279,0.26,0.513,0.06,0.778,0.104,,0.17,0,0,0,0,0.0229999999999997,15.983,2.145,5.392,1.699,2.037,0.952,1.975,0.335,0.639,0.218,0.508,,0.017,,0.051,,,,,,,,,,,,0.0150000000000006,6.552,5.84,,0.448,,,,0.081,,,0.005,,,0.178,26.597,24.948,0.437,0.625,0.094,,0.09,,,,0.027,0.002,,0.161,,,0.212999999999997,8.535,7.443,0.9,0,0,0,0,0,0,0,0,0,0,0,0,0,0,0,0.192,0.575,0,0,0.414,0.032,0,0,0,0.129,4.776,2.68,0.546,0.528,0.73,0,0,0,0,0.029,0,0,0.016,0,0,0,0,0,0.247,85.437
2002-09-01,2002,"Q3","2002/03","Q1","September",25.231,5.928,3.063,10.438,1.784,0.278,0.379,0.315,0.309,0.937,0.148,1.055,0.207,0.249,0.118,0,0,0,0,0.0229999999999997,20.13,2.743,6.072,1.094,3.812,1.053,3.684,0.888,0.35,0.058,0.23,,0.025,,,,,0.003,,,,,,,,,0.117999999999995,6.233,5.372,,0.52,,,,0.135,,,0.025,,,0.180999999999999,28.954,26.928,0.371,0.15,0.194,,0.363,,,0.345,0.081,0.001,,,,,0.521000000000004,9.245,8.341,0.741,0,0,0,0,0,0,0,0,0,0,0,0,0,0,0,0.163000000000002,1.96,0,0,0.8,0.069,0,0,0,1.091,6.655,3.1,0.021,0.702,2.583,0,0,0,0,0,0,0,0,0,0,0,0,0,0.249,98.408
2002-10-01,2002,"Q4","2002/03","Q2","October",31.912,8.03,4.42,9.698,2.937,0.828,0.7,0.169,0.362,1.853,0.209,1.507,0.136,0.818,0.181,0,0,0,0,0.0639999999999965,23.71,3.803,7.465,1.205,1.527,0.916,4.217,2.824,1.074,0.133,0.47,,0.044,,0.003,,,0.024,,,,,,,,,0.00500000000000256,7.775,6.665,,0.682,,,,0.084,,,0.008,,,0.336,30.328,27.827,0.566,1.442,0.256,,0.021,,,0.003,0.04,0.153,,,,,0.0199999999999996,10.778,8.566,1.497,0,0,0,0,0,0,0,0,0,0,0,0,0,0,0,0.715,0.476,0,0,0.297,0.057,0,0,0,0.122,6.694,3.127,0.086,0.416,2.024,0,0,0,0,0,0,0,0.095,0,0,0,0,0,0.946,111.673
2002-11-01,2002,"Q4","2002/03","Q2","November",33.312,8.386,4.793,10.126,3.282,0.239,1.578,0.23,0.697,2.238,0.203,0.667,0.231,0.532,0.089,0,0,0,0,0.0209999999999937,18.786,3.743,6.598,2.034,1.183,1.551,1.194,0.596,0.567,0.446,0.582,,0.115,,,,,,,,,,,,,,0.177000000000003,8.058,6.251,,1.07,,,,0.241,,,0.002,,,0.494,30.578,29.349,0.327,0.64,0.09,,0.107,,,0.001,0.01,0.018,,,,,0.0359999999999943,10.066,8.596,1.434,0,0,0,0,0,0,0,0,0,0,0,0,0,0,0,0.0360000000000014,1.011,0,0,0.921,0.011,0,0,0,0.0789999999999998,5.48,2.834,0.115,0.529,1.718,0,0,0,0,0,0,0,0.105,0,0,0,0,0,0.179,107.291
2002-12-01,2002,"Q4","2002/03","Q2","December",32.473,7.15,7.094,8.413,2.809,0.392,0.403,0.332,0.838,2.644,0.114,1.566,0.242,0.437,0.012,0,0,0,0,0.0269999999999939,15.307,3.137,6.597,1.388,0.861,0.41,1.097,0.617,0.539,0.027,0.524,,0.042,,0.001,,,,,,,,,,,,0.0670000000000002,6.748,5.575,,1.013,,,,0.048,,,0.005,,,0.107,27.788,25.566,0.34,1.523,,,0.205,,,,0.026,0.001,,0.002,,,0.125000000000002,9.256,8.476,0.776,0,0,0,0,0,0,0,0,0,0,0,0,0,0,0,0.00399999999999956,0.56,0,0,0.496,0.013,0,0,0,0.051,5.941,3.373,0.281,0.403,1.574,0,0,0,0,0,0,0,0.106,0,0,0,0,0,0.204,98.073
2003-01-01,2003,"Q1","2002/03","Q3","January",37.869,7.22,5.626,12.515,5.084,0.522,0.64,0.591,0.319,2.706,0.105,1.216,0.216,1.042,0.059,0,0,0,0,0.00800000000000267,19.629,5.967,5.71,1.3,1.092,0.51,2.173,0.641,1.206,0.148,0.577,,0.077,,0.001,,,0.011,,,,,,,,,0.216000000000001,6.386,4.907,,0.875,,,,0.187,,,0.009,,,0.407999999999999,30.089,28.663,0.622,0.448,0.001,,0.036,,,,0.098,0.028,,,,,0.192999999999998,9.878,8.961,0.84,0,0,0,0,0,0,0,0,0,0,0,0,0,0,0,0.077,0.638,0,0,0.481,0.066,0,0,0,0.0910000000000001,10.777,5.658,0.118,0.682,3.345,0,0,0,0,0.001,0,0,0.205,0,0,0,0,0,0.768,115.266
2003-02-01,2003,"Q1","2002/03","Q3","February",25.054,6.543,5.063,4.625,2.884,0.149,0.5,0.126,0.458,3.682,0.165,0.515,0.082,0.168,0.058,0,0,0,0,0.0360000000000014,23.611,3.547,6.026,1.507,1.804,1.725,3.942,0.151,0.295,0.13,4.024,,0.133,,,,,,,,,,0.003,,,,0.323999999999998,6.015,4.956,,0.644,,,,0.089,,,0.001,,,0.324999999999999,29.453,28.196,0.2,0.696,0.012,,0.224,,,,0.032,0.009,,0.005,,,0.0789999999999971,4.11,3.397,0.632,0,0,0,0,0,0,0,0,0,0,0,0,0,0,0,0.0810000000000004,0.927,0,0,0.647,0.192,0,0,0,0.0880000000000001,11.65,4.414,0.109,0.927,5.652,0,0,0,0,0,0,0,0.248,0,0,0,0,0,0.3,100.82
2003-03-01,2003,"Q1","2002/03","Q3","March",29.353,7.725,4.75,8.42,3.086,0.582,0.803,0.14,0.542,0.856,0.072,1.817,0.292,0.223,,0,0,0,0,0.0449999999999946,19.503,3.198,6.104,1.286,3.602,1.204,0.849,1.369,0.447,0.09,0.846,,0.164,,,,,,,,,,,,,,0.343999999999998,7.2,5.111,,0.958,,0.003,,0.282,,,0.004,,,0.842000000000001,29.707,28.836,0.303,0.079,,,0.033,,,,0.003,0.006,,0.06,,,0.387,8.529,7.062,0.666,0,0,0,0,0,0,0,0,0,0,0,0,0,0,0,0.800999999999999,1.375,0,0,1.286,0.009,0,0,0,0.0800000000000001,7.425,6.078,0.05,0.923,0.011,0,0,0,0,0,0,0,0.184,0,0,0,0,0,0.179,103.092
2003-04-01,2003,"Q2","2002/03","Q4","April",31.951,8.593,4.206,9.831,,0.838,0.648,0.187,1.1,1.319,0.221,1.232,0.244,0.26,0.012,0,0,0,0,3.26,16.788,1.982,7.276,1.193,1.127,1.673,1.162,0.279,0.349,0.063,0.75,,0.108,,,,,,,,,,,,,,0.825999999999999,8.651,7.006,,1.215,,,,0.04,,,0.014,,,0.375999999999999,30.664,29.285,0.293,0.767,0.005,,,,,0.101,0.061,0.007,,0.001,,,0.143999999999998,9.346,8.593,0.731,0,0,0,0,0,0,0,0,0,0,0,0,0,0,0,0.0220000000000002,1.035,0,0,0.867,0.126,0,0,0,0.0419999999999999,8.974,4.228,0.087,0.707,3.17,0,0,0,0,0,0,0,0.197,0,0,0,0,0,0.585,107.409
2003-05-01,2003,"Q2","2002/03","Q4","May",34.046,8.584,6.351,7.082,4.569,0.674,1.214,0.247,0.751,0.803,0.287,1.887,0.34,1.193,0.048,0,0,0,0,0.0159999999999982,19.384,3.038,5.811,2.095,1.708,1.216,2.94,0.98,0.518,0.363,0.387,,0.103,,,,,,,,,,0.082,,,,0.143000000000001,9.54,7.499,,1.638,,,,0.086,,,,,,0.317,34.91,32.492,0.556,0.992,0.247,,0.023,,,0.121,0.099,0.003,,0.001,,,0.376000000000012,8.152,6.961,1.041,0,0,0,0,0,0,0,0,0,0,0,0,0,0,0,0.149999999999999,0.799,0,0,0.703,0.096,0,0,0,,8.535,3.997,0.123,0.709,2.938,0,0,0,0,0,0,0,0.405,0,0,0,0,0,0.363,115.366
2003-06-01,2003,"Q2","2002/03","Q4","June",31.652,8.57,5.433,6.725,3.272,0.626,1.272,0.126,0.896,0.744,0.108,3.272,0.125,0.416,0.039,0,0,0,0,0.0279999999999987,20.786,4.297,6.009,2.337,2.037,0.575,2.229,1.905,0.363,0.247,0.478,,0.092,,0.019,,,,,,,,0.003,,,,0.195000000000004,10.057,8.324,,0.961,,0.06,,0.146,,,0.004,,,0.562000000000001,34.853,33.447,0.226,0.858,0.011,,0.015,,,0.004,0.044,0.002,,0.058,,,0.188000000000002,9.004,8.012,0.917,0,0,0,0,0,0,0,0,0,0,0,0,0,0,0,0.0749999999999993,0.905,0,0,0.634,0.137,0,0,0,0.134,9.584,5.359,0.084,0.438,2.99,0,0,0,0,0,0,0,0.207,0,0,0,0,0,0.506,116.841
2003-07-01,2003,"Q3","2003/04","Q1","July",31.648,8.244,5.519,9.259,2.599,0.041,0.724,0.37,0.422,0.831,0.105,1.698,0.263,0.306,0.141,0,0,0,0,1.12599999999999,28.626,2.89,6.753,2.144,3.687,4.534,1.202,0.329,1.792,0.381,3.69,,0.497,,0.002,,,0.007,,,,,0.089,,,,0.628999999999994,8.952,7.076,,1.121,,,,0.409,,,,,,0.346,31.244,29.62,0.482,0.761,0.112,,0.027,,,,0.121,,,,,,0.120999999999995,11.253,9.114,2.062,0,0,0,0,0,0,0,0,0,0,0,0,0,0,0,0.0769999999999982,0.731,0,0,0.3,0.193,0,0,0,0.238,13.451,9.165,0.735,0.785,1.078,0,0,0,0,0,0,0,0.148,0,0,0,0,0,1.54,125.905
2003-08-01,2003,"Q3","2003/04","Q1","August",30.713,8.765,6.189,6.212,2.259,0.559,1.128,0.453,0.71,1.011,0.146,2.299,0.101,0.675,0.134,0,0,0,0,0.0719999999999992,23.977,1.931,6.93,6.667,2.213,1.172,0.945,0.561,1.154,0.615,1.323,,0.142,,,,,0.173,,,,,0.003,,,,0.148,9.416,,,1.15,,,,0.569,,,0.103,,,7.594,29.89,27.875,0.338,1.005,0.166,,0.027,,,,0.108,0.004,,0.004,,,0.362999999999996,8.349,7.309,0.918,0,0,0,0,0,0,0,0,0,0,0,0,0,0,0,0.122,0.583,0,0,0.449,0.029,0,0,0,0.105,13.504,9.845,0.061,0.617,2.1,0,0,0,0,0,0,0,0.215,0,0,0,0,0,0.666,116.432
2003-09-01,2003,"Q3","2003/04","Q1","September",33.347,8.375,5.792,8.153,2.197,0.527,2.489,0.457,0.867,1.085,0.244,2.243,0.273,0.389,0.207,0,0,0,0,0.0489999999999995,20.8634,2.568,8.577,1.729,2.352,0.883,0.633,1.138,0.435,0.26,1.71,,0.054,,,,,0.214,,,,,0.094,,,,0.216400000000007,8.395,5.879,,1.042,,0.042,,1.037,,,0.035,,,0.359999999999999,32.928,30.495,0.572,0.951,0.401,,0.044,,,,0.024,,,,,,0.440999999999993,10.964,9.699,1.185,0,0,0,0,0,0,0,0,0,0,0,0,0,0,0,0.0800000000000001,1.069,0,0,0.649,0.329,0,0,0,0.0909999999999997,17.527,11.145,0.258,0.43,3.729,0,0,0,0,0,0,0,0.99,0,0,0,0,0,0.975,125.0934
2003-10-01,2003,"Q4","2003/04","Q2","October",37.059,9.537,8.061,7.919,5.749,0.037,0.703,0.336,1.022,0.969,0.016,1.432,0.03,0.353,0.078,0,0,0,0,0.816999999999993,22.739,4.241,10.925,1.56,1.246,0.911,1.397,0.302,0.558,0.367,0.828,,0.059,,0.079,,,0.001,,,,,0,,,,0.265000000000001,9.752,8.116,,0.89,,0.073,,0.395,,,0.002,,,0.276,35.532,30.763,0.87,2.355,0.779,,0.087,,,,0.172,0.002,,0.005,,,0.498999999999995,12.737,11.272,1.367,0,0,0,0,0,0,0,0,0,0,0,0,0,0,0,0.097999999999999,1.138,0,0,0.597,0.058,0,0,0,0.483,10.787,5.755,0.261,0.943,3.134,0,0,0,0,0.008,0,0,0.263,0,0,0,0,0,0.423,129.744
2003-11-01,2003,"Q4","2003/04","Q2","November",35.105,9.033,7.187,7.617,3.497,0.981,1.159,0.453,1.593,1.059,,0.96,0.18,1.303,0.041,0,0,0,0,0.0420000000000016,24.234,2.935,9.063,2.262,1.015,2.014,2.895,0.659,1.326,0.454,0.877,,0.138,,0.023,,,,,,,,0,,,,0.572999999999997,13.571,11.567,,1.143,,,,0.338,,,,,,0.523,30.002,27.164,0.446,1.235,0.183,,0.029,,,,0.085,0,,0.067,,,0.792999999999999,11.36,10.282,1.008,0,0,0,0,0,0,0,0,0,0,0,0,0,0,0,0.0699999999999985,1.38,0,0,1.077,0.007,0,0,0,0.296,9.128,3.608,0.615,0.598,3.515,0,0,0,0,0.157,0,0,0.484,0,0,0,0,0,0.151,124.78
2003-12-01,2003,"Q4","2003/04","Q2","December",30.991,8.703,6.785,5.929,2.924,1.014,1.089,0.521,1.019,0.946,0,0.447,0.233,1.302,0.013,0,0,0,0,0.0659999999999989,25.418,3.794,9.595,1.512,1.205,1.919,2.29,0.528,2.789,0.505,0.807,,0.094,,0.069,,,0.031,,,,,0,,,,0.280000000000001,8.04,6.129,,0.853,,,,0.592,,,0.003,,,0.462999999999999,30.908,29.074,1.132,0.177,,,0,,,0,0.013,0.001,,0.011,,,0.499999999999996,9.24,8.503,0.679,0,0,0,0,0,0,0,0,0,0,0,0,0,0,0,0.0579999999999998,0.716,0,0,0.465,0.028,0,0,0,0.223,10.623,8.351,0.947,0.887,0.099,0,0,0,0,0,0,0,0.278,0,0,0,0,0,0.061,115.936
2004-01-01,2004,"Q1","2003/04","Q3","January",32.019,7.828,8.226,7.175,3.513,0.956,0.576,0.407,1.47,0.837,0,0.715,0.076,0.195,0,0,0,0,0,0.0449999999999946,30.49,2.371,10.459,3.19,1.326,1.659,3.779,5.198,0.565,0.498,0.899,,0.162,,0,,,0,,,,,0.001,,,,0.382999999999996,6.697,0.628,,5.36,,0,,0.138,,,0.002,,,0.569,30.821,28.211,0.556,1.378,0.024,,0.06,,,0,0.104,0.001,,0.007,,,0.48,12.422,10.654,1.599,0,0,0,0,0,0,0,0,0,0,0,0,0,0,0,0.169,0.81,0,0,0.525,0.045,0,0,0,0.24,0,0,0,0,0,0,0,0,0,0,0,0,0,0,0,0,0,0,0,113.259
2004-02-01,2004,"Q1","2003/04","Q3","February",32.178,8.563,5.232,9.14,3.704,0.935,0.38,0.337,0.936,0.687,0,1.225,0.215,0.489,0.017,0,0,0,0,0.317999999999994,19.068,2.015,6.162,1.198,0.696,2.514,1.162,3.074,0.428,0.645,0.34,,0.077,,0.225,,,0,,,,,0,,,,0.532,7.243,5.099,,0.925,,0,,0.651,,,0,,,0.568,28.872,27.493,0.345,0.689,0.012,,0.019,,,0,0.038,0.006,,0.021,,,0.249000000000006,11.594,10.128,1.388,0,0,0,0,0,0,0,0,0,0,0,0,0,0,0,0.0780000000000012,2.122,0,0,0.915,0.672,0,0,0,0.535,10.87,6.268,0.472,0.931,2.119,0,0,0,0,0,0,0,0.866,0,0,0,0,0,0.214,111.947
2004-03-01,2004,"Q1","2003/04","Q3","March",37.02,10.426,6.965,10.241,4.196,0.588,0.252,0.48,1.322,0.875,0,1.204,0.074,0.182,0,0,0,0,0,0.214999999999996,26.534,5.294,6.318,2.009,2.116,2.138,1.519,2.93,0.382,0.662,1.059,,0.295,,0.452,,,0.009,,,,,0,,,,1.351,7.409,5.826,,0.894,,0,,0.101,,,0.005,,,0.583,37.33,33.634,0.963,1.148,0.013,,0.108,,,0,0.062,0.042,,0.15,,,1.21,10.551,9.725,0.578,0,0,0,0,0,0,0,0,0,0,0,0,0,0,0,0.248000000000001,1.487,0,0,0.377,0.686,0,0,0,0.424,14.819,7.387,1.542,1.057,4.126,0,0,0,0,0,0,0,0.662,0,0,0,0,0,0.045,135.15
2004-04-01,2004,"Q2","2003/04","Q4","April",36.919,9.751,6.438,9.46,4.632,1.089,0.878,1.081,1.354,0.899,0,0.918,0.201,0.163,0.026,0,0,0,0,0.0289999999999964,21.223,2.743,6.177,0.055,0.87,3.26,3.71,1.264,0.792,0.898,0.417,,0.043,,0.11,,,0.02,,,,,0,,,,0.864000000000001,8.441,5.596,,1.163,,0,,1.174,,,0.017,,,0.491000000000001,33.764,31.466,0.909,0.977,0.085,,0.044,,,0.011,0,0.029,,0,,,0.243000000000002,12.624,10.23,2.342,0,0,0,0,0,0,0,0,0,0,0,0,0,0,0,0.0519999999999996,1.294,0,0,0.345,0.108,0,0,0,0.841,11.326,6.095,0.347,1.226,2.839,0,0,0,0,0,0,0,0.784,0,0,0,0,0,0.035,125.591
2004-05-01,2004,"Q2","2003/04","Q4","May",41.544,11.405,7.885,8.993,4.723,0.831,2.087,0.459,1.509,1.507,0,1.047,0.145,0.789,0.128,0,0,0,0,0.0359999999999943,27.197,2.949,5.867,5.086,1.688,1.559,2.312,5.051,1.034,0.925,0.325,,0.107,,0,,,0,,,,,0,,,,0.294,9.427,6.897,,1.167,,0.037,,0.774,,,0.037,,,0.514999999999999,36.111,32.382,1.008,1.511,0.254,,0.084,,,0.032,0.133,0.042,,0.079,,,0.585999999999999,12.686,10.894,1.483,0,0,0,0,0,0,0,0,0,0,0,0,0,0,0,0.309000000000001,0.82,0,0,0.253,0.223,0,0,0,0.344,16.565,9.946,0.763,1.065,3.958,0,0,0,0,0,0,0,0.822,0,0,0,0,0,0.011,144.35
2004-06-01,2004,"Q2","2003/04","Q4","June",40.198,9.149,6.781,10.315,8.571,0.695,1.178,0.167,0.759,0.699,0,0.94,0.137,0.648,0.06,0,0,0,0,0.0989999999999966,27.535,2.278,7.369,2.394,0.774,1.18,2.874,8.099,0.677,0.635,0.831,,0.111,,0,,,0,,,,,0,,,,0.313000000000002,8.661,5.903,,1.259,,0.044,,0.933,,,0.021,,,0.500999999999999,36.879,33.729,1.458,0.82,0.057,,0.073,,,0.001,0.254,0.001,,0.001,,,0.485000000000014,17.649,16.351,1.19,0,0,0,0,0,0,0,0,0,0,0,0,0,0,0,0.108000000000001,1.812,0,0,0.532,0.628,0,0,0,0.652,15.815,8.016,1.279,3.376,2.088,0,0,0,0,0,0,0,1.039,0,0,0,0,0,0.017,148.549
2004-07-01,2004,"Q3","2004/05","Q1","July",46.763,10.67,6.558,11.899,8.032,1.567,0.846,0.735,1.982,1.105,0,1.469,0.566,1.063,0.242,0,0,0,0,0.0289999999999964,30.42,3.991,4.66,3.404,1.276,8.744,3.655,2.691,0.602,0.418,0.364,,0.135,,0,,,0,,,,,0,,,,0.480000000000004,10.654,5.807,,1.52,,0.03,,0.573,,,0.037,,,2.687,37.453,34.99,0.435,1.32,0.004,,0.088,,,0,0.113,0.003,,0.004,,,0.496000000000002,14.132,12.448,1.442,0,0,0,0,0,0,0,0,0,0,0,0,0,0,0,0.241999999999999,2.015,0,0,1.448,0.055,0,0,0,0.512,15.381,9.515,0.936,1.043,2.858,0,0,0,0,0,0,0,0.953,0,0,0,0,0,0.076,156.818
2004-08-01,2004,"Q3","2004/05","Q1","August",46.182,10.385,11.289,12.031,5.054,1.087,1.478,0.455,1.153,1.008,0,0.729,0.294,0.808,0.312,0,0,0,0,0.0990000000000109,30.361,4.843,7.084,2.161,1.928,2.278,8.253,0.893,0.562,0.235,0.954,,0.034,,0,,,0,,,,,0.023,,,,1.113,10.654,8.414,,1.435,,0.047,,0.14,,,0.005,,,0.613,38.573,34.6,0.829,1.036,1.113,,0.036,,,0,0.002,0,,0.124,,,0.832999999999991,13.529,12.568,0.765,0,0,0,0,0,0,0,0,0,0,0,0,0,0,0,0.196000000000002,1.46,0,0,0.547,0.154,0,0,0,0.759,19.179,11.875,0.644,1.087,3.718,0,0,0,0,0,0,0,1.798,0,0,0,0,0,0.057,159.938
2004-09-01,2004,"Q3","2004/05","Q1","September",44.283,11.538,9.294,10.657,4.844,0.664,1.118,0.574,1.232,1.433,0,0.996,0.521,1.263,0.068,0,0,0,0,0.0810000000000102,27.5,2.403,8.096,2.614,2.241,2.527,2.743,4.217,1.093,0.608,0.254,,0.089,,0,,,0,,,,,0.002,,,,0.613,11.267,8.288,,1.084,,0.14,,1.083,,,0.05,,,0.621999999999998,33.433,30.827,0.625,1.592,0.162,,0.063,,,0,0.017,0.001,,0.001,,,0.144999999999996,18.575,16.97,1.301,0,0,0,0,0,0,0,0,0,0,0,0,0,0,0,0.303999999999998,0.896,0,0,0.308,0.017,0,0,0,0.571,22.861,14.618,0.777,1.101,3.589,0,0,0,0,0,0,0,2.749,0,0,0,0,0,0.027,158.815
2004-10-01,2004,"Q4","2004/05","Q2","October",45.33,10.161,10.445,11.648,4.775,1.084,0.816,0.619,0.988,1.785,0,0.989,0.1,1.85,0.06,0,0,0,0,0.00999999999999091,25.145,2.141,8.539,4.112,1.724,1.647,2.169,1.292,0.523,0.473,1.207,,0.115,,0,,,0.004,,,,,0.041,,,,1.15799999999999,10.697,9.067,,0.859,,0.03,,0.113,,,0.008,,,0.619999999999999,35.872,32.937,0.611,1.4,0.583,,0.037,,,0,0.02,0.044,,0.09,,,0.150000000000006,16.644,15.118,1.18,0,0,0,0,0,0,0,0,0,0,0,0,0,0,0,0.345999999999998,1.416,0,0,0.578,0.148,0,0,0,0.69,14.112,7.149,0.132,0.593,3.247,0,0,0,0,0.002,0,0,2.686,0,0,0,0,0,0.303,149.216
2004-11-01,2004,"Q4","2004/05","Q2","November",39.757,9.477,10.196,10.437,3.759,0.652,1.455,0.658,0.73,0.896,0,0.655,0.107,0.633,0.052,0,0,0,0,0.0499999999999901,26.81,2.431,9.567,2.288,2.457,2.998,2.732,1.52,1.055,0.248,0.587,,0.132,,0,,,0.074,,,,,0,,,,0.720999999999997,12.315,8.508,,1.687,,0.089,,1.167,,,0.026,,,0.838000000000001,37.548,33.136,1.262,2.809,0,,0.035,,,0.024,0.119,0.007,,0,,,0.156000000000005,14.283,12.712,1.387,0,0,0,0,0,0,0,0,0,0,0,0,0,0,0,0.184,1.741,0,0,0.482,0.638,0,0,0,0.621,15.223,8.392,0.428,0.484,2.924,0,0,0,0,0,0,0,2.795,0,0,0,0,0,0.2,147.677
2004-12-01,2004,"Q4","2004/05","Q2","December",53.308,10.549,11.053,10.763,10.714,1.653,0.981,0.86,1.214,1.485,0,1.08,0.115,2.781,0.05,0,0,0,0,0.0100000000000051,35.856,3.89,10.6,7.591,3.19,2.654,3.75,1.011,1.124,0.774,0.338,,0.072,,0,,,0,,,,,0,,,,0.861999999999995,14.783,9.444,,2.191,,0.065,,1.974,,,0.002,,,1.107,39.931,36.846,0.5,0,0.136,,0.036,,,0.003,0.039,0.002,,0.001,,,2.368,10.716,9.775,0.871,0,0,0,0,0,0,0,0,0,0,0,0,0,0,0,0.0699999999999998,5.857,0,0,4.883,0.114,0,0,0,0.86,14.776,7.418,0.115,4.326,0.685,0,0,0,0,0.034,0,0,2.117,0,0,0,0,0,0.081,175.227
2005-01-01,2005,"Q1","2004/05","Q3","January",46.753,11.404,9.258,10.981,4.471,1.394,0.766,0.545,1.343,1.577,0,1.723,0.41,2.744,0.127,0,0,0,0,0.0100000000000122,27.568,5.865,9.049,2.576,1.791,3.434,2.28,0.254,0.493,0.347,0.666,,0.167,,0,,,0,,,,,0,,,,0.645999999999997,11.864,9.351,,1.419,,0,,0.371,,,0,,,0.722999999999999,46.947,41.233,2.086,2.491,0.002,,0.025,,,0.039,0.014,0,,0.099,,,0.958000000000005,11.859,11.743,0,0,0,0,0,0,0,0,0,0,0,0,0,0,0,0,0.116,2.001,0,0,1.26,0.24,0,0,0,0.501,14.422,7.012,0.668,3.512,0.063,0,0,0,0,0,0,0,2.775,0,0,0,0,0,0.392,161.414
2005-02-01,2005,"Q1","2004/05","Q3","February",43.407,9.818,8.818,11.144,4.619,1.427,0.563,0.433,1.678,1.948,0,0.614,0.36,1.697,0.201,0,0,0,0,0.0869999999999962,21.048,2.436,6.775,2.32,2.312,1.526,2.883,0.459,0.984,0.338,0.25,,0.105,,0,,,0,,,,,0,,,,0.659999999999997,11.955,9.008,,1.432,,0.042,,0.634,,,0.027,,,0.812000000000001,36.676,33.15,1.114,1.664,0,,0.056,,,0.045,0.349,0,,0.017,,,0.281000000000005,14.07,12.737,1.265,0,0,0,0,0,0,0,0,0,0,0,0,0,0,0,0.0680000000000003,1.93,0,0,0.655,0.183,0,0,0,1.092,14.208,5.365,0.569,4.4,0.293,0,0,0,0,0,0,0,3.342,0,0,0,0,0,0.239,143.294
2005-03-01,2005,"Q1","2004/05","Q3","March",34.293,9.904,6.827,9.305,2.316,1.048,0.495,0.383,1.586,0.677,0,0.591,0.512,0.551,0.064,0,0,0,0,0.0339999999999989,27.606,2.918,6.9,3.54,3.312,1.161,1.754,3.345,1.175,0.311,1.179,,0.035,,0,,,0,,,,,0,,,,1.976,13.426,8.458,,1.642,,0,,2.568,,,0.009,,,0.749000000000001,40.242,35.734,1.245,1.613,0.083,,0.029,,,0.012,0.011,0.002,,0.189,,,1.324,6.735,6.638,0,0,0,0,0,0,0,0,0,0,0,0,0,0,0,0,0.0970000000000002,1.809,0,0,0.368,0.621,0,0,0,0.82,11.903,4.229,0.324,3.545,0.457,0,0,0,0,0.037,0,0,3.258,0,0,0,0,0,0.053,136.014
2005-04-01,2005,"Q2","2004/05","Q4","April",43.761,12.418,6.599,13.924,3.578,1.36,0.637,1.025,0.953,0.986,,0.919,0.064,0.579,0.422,0,0,0,0,0.297000000000011,33.886,5.435,11.813,5.291,0.907,1.369,1.622,1.926,3.225,0.449,0.212,,0.205,,,,,,,,,,0.005,,,,1.42700000000001,12.956,10.068,,1.02,,0.028,,0.818,,,0.057,,,0.965,43.596,40.338,1.278,1.225,0.165,,0.052,,,0.069,0.084,0.266,,,,,0.11899999999999,13.946,12.787,1.069,0,0,0,0,0,0,0,0,0,0,0,0,0,0,0,0.089999999999999,1.446,0,0,0.583,0.223,0,0,0,0.64,13.59,6.116,0.148,4.486,0.416,0,0,0,0,0,0,0,2.364,0,0,0,0,0,0.06,163.181
2005-05-01,2005,"Q2","2004/05","Q4","May",45.893,9.708,9.83,13.53,3.883,1.395,1.284,0.883,1.297,1.727,,0.852,0.48,0.87,0.079,0,0,0,0,0.0750000000000099,32.658,4.011,7.508,6.93,2.924,1.396,4.912,0.844,0.944,0.754,0.589,,0.14,,,,,,,,,,,,,,1.706,16.33,11.17,,2.078,,0.203,,2.09,,,0.027,,,0.761999999999999,48.472,40.826,1.074,0.778,0.325,,0.074,,,0,0.003,0.02,,0.111,,,5.261,11.189,10.884,0,0,0,0,0,0,0,0,0,0,0,0,0,0,0,0,0.304999999999999,1.809,0,0,0.434,0,0,0,0,1.375,12.949,5.453,0.325,2.804,0.234,0,0,0,0,0,0,0,3.993,0,0,0,0,0,0.14,169.3
2005-06-01,2005,"Q2","2004/05","Q4","June",42.796,8.112,9.209,13.628,4.879,0.952,0.686,1.472,1.009,1.117,,0.821,0.275,0.406,0.177,0,0,0,0,0.0530000000000044,33.049,3.366,9.004,2.729,4.055,1.674,2.199,5.036,0.968,0.214,0.262,,0.065,,,,,,,,,,,,,,3.477,11.889,8.205,,2.169,,0.215,,0.656,,,0,,,0.643999999999998,48.786,45.74,1.435,0.99,0.135,,0.031,,,0,0.184,0.002,,0.006,,,0.262999999999998,16.801,14.352,2.317,0,0,0,0,0,0,0,0,0,0,0,0,0,0,0,0.132,1.276,0,0,0.567,0.043,0,0,0,0.666,14.425,8.006,0.324,2.739,0.204,0,0,0,0,0,0,0,3.047,0,0,0,0,0,0.105,169.022
2005-07-01,2005,"Q3","2005/06","Q1","July",39.708,10.282,6.833,10.566,4.226,1.947,1.101,1.016,1.17,0.661,,1.04,0.084,0.626,0.068,0,0,0,0,0.088000000000001,35.674,6.138,8.35,3.643,5.098,3.128,4.75,1.087,0.933,0.412,0.539,,0.087,,,,,0.062,,,,,,,,,1.447,12.999,7.937,,2.343,,0.739,,1.278,,,0.008,,,0.694000000000001,51.052,45.19,0.782,1.211,0.392,,0.044,,,0,0.101,0.032,,0.176,,,3.12400000000001,15.256,14.994,,0,0,0,0,0,0,0,0,0,0,0,0,0,0,0,0.262,2.423,0,0,0.944,0.056,0,0,0,1.423,14.156,6.616,0.031,1.36,2.765,0,0,0,0,0,0,0,3.098,0,0,0,0,0,0.286,171.268
2005-08-01,2005,"Q3","2005/06","Q1","August",51.269,12.513,11.513,13.878,2.586,3.05,0.84,2.404,0.798,0.874,,0.988,0.55,0.932,0.093,0,0,0,0,0.25,33.095,4.951,6.582,3.17,4.934,1.977,2.319,4.727,1.104,0.293,0.178,,0.156,,,,,,,,,,,,,,2.704,18.656,8.213,,2.164,,2.694,,4.596,,,0.043,,,0.945999999999998,53.706,45.7,1.263,1.786,0.596,,0.018,,,,,,,,,,4.343,14.686,14.228,,0,0,0,0,0,0,0,0,0,0,0,0,0,0,0,0.458,2.732,0,0,0.579,0.021,0,0,0,2.132,16.772,11.013,0.118,1.349,2.376,0,0,0,0,0.058,0,0,1.641,0,0,0,0,0,0.217,190.916
2005-09-01,2005,"Q3","2005/06","Q1","September",57.019,15.774,11.51,13.664,2.921,0.797,0.956,2.434,2.254,1.21,,1.067,,1.029,0.069,0,0,0,0,3.334,44.143,3.532,8.557,2.846,7.879,7.312,5.337,1.329,2.167,0.713,0.573,,0.191,,,,,,,,,,0.092,,,,3.61499999999999,19.212,11.136,,1.426,,3.315,,2.276,,,0.03,,,1.029,58.58,51.161,1.258,2.64,0.863,,0.018,,,,0.005,0.013,,0.096,,,2.52599999999999,11.383,10.907,,0,0,0,0,0,0,0,0,0,0,0,0,0,0,0,0.475999999999999,3.642,0,0,0.721,0.152,0,0,0,2.769,11.03,6.209,0.17,1.004,2.869,0,0,0,0,0,0,0,0.697,0,0,0,0,0,0.081,205.009
2005-10-01,2005,"Q4","2005/06","Q2","October",47.645,10.928,11.084,14.071,3.563,1.14,1.063,0.431,1.247,1.351,,0.964,0.136,0.746,0.207,0,0,0,0,0.714000000000006,32.081,3.536,6.546,5.574,2.907,2.902,,2.214,1.182,0.334,0.395,,0.049,,,,,,,,,,0.008,,,,6.43400000000001,24.759,14.51,,2.87,,5.874,,0.831,,,0.066,,,0.608000000000001,40.311,38.102,1.456,0.123,0.441,,0.041,,,,0.018,0.009,,,,,0.120999999999999,16.633,13.578,2.642,0,0,0,0,0,0,0,0,0,0,0,0,0,0,0,0.413000000000002,2.928,0,0,0.716,0.063,0,0,0,2.149,11.391,5.596,0.472,1.391,2.677,0,0,0,0,0,0,0,1.124,0,0,0,0,0,0.131,175.748
2005-11-01,2005,"Q4","2005/06","Q2","November",49.287,11.797,11.862,13.658,3.541,0.68,0.677,1.113,0.568,1.853,,0.596,0.254,0.846,0.104,0,0,0,0,1.73800000000001,40.122,3.536,9.643,2.692,7.359,7.294,4.297,0.659,0.657,0.48,0.574,,0.168,,,,,,,,,,0.036,,,,2.727,26.797,17.754,,2.389,,5.622,,0.266,,,0.028,,,0.738000000000003,44.176,38.879,0.734,1.854,0.024,,0.064,,,0.003,0.044,0.002,,0.119,,,2.453,10.85,10.273,,0,0,0,0,0,0,0,0,0,0,0,0,0,0,0,0.577,3.1,0,0,0.626,0.141,0,0,0,2.333,10.409,5.939,1.341,0.63,2.055,0,0,0,0,0.023,0,0,0.326,0,0,0,0,0,0.095,184.741
2005-12-01,2005,"Q4","2005/06","Q2","December",42.15,9.747,8.331,12.081,4.723,1.075,0.868,0.954,1.216,1.332,,0.468,0.029,0.77,0.148,0,0,0,0,0.407999999999994,40.56,3.644,7.464,6.108,5.594,1.941,1.845,0.625,9.444,0.743,0.372,,0.499,,,,,,,,,,0.005,,,,2.276,27.237,19.382,,2.325,,4.078,,0.414,,,0.045,,,0.992999999999995,38.472,35.626,0.915,1.592,0.073,,0.085,,,0.003,0.027,0.002,,0.021,,,0.127999999999999,15.311,11.893,3.018,0,0,0,0,0,0,0,0,0,0,0,0,0,0,0,0.399999999999999,2.55,0,0,0.531,0.046,0,0,0,1.973,17.048,11.733,2.114,0.492,2.561,0,0,0,0,0,0,0,0.139,0,0,0,0,0,0.009,183.328
2006-01-01,2006,"Q1","2005/06","Q3","January",49.5269272346462,10.4434522199466,9.85348247716889,16.5721333378431,3.65296333884289,0.929404389307372,0.712992352763337,1.65856029666736,1.05422294980372,1.14761237636215,2.04199573071011,0.337638696018911,0.246045219971227,0.622296851971023,0.132900337794677,0,0.0179595051073888,0.00808177729832497,0,0.0619602926204914,22.8920831851331,4.21689179921489,5.16425569362965,2.5475557994831,2.61849584465729,2.08150664194637,1.03895737046244,0.57829606445792,1.03267154367486,0.198452531436647,0.212820135522558,1.03805939520707,0.0817157482386191,1.48614904763643,0.0502866143006887,0.153553768668174,0,0.00718380204295554,0.275678403398418,0.0386129359808859,0,0.0457967380238414,0,0.0251433071503443,0,0,0,26.7883978181812,18.8089896989683,0.663603713718017,1.67292790075327,0.00179595051073888,4.52130541078514,0.40229291440551,0.428334196811223,0.102369179112116,0.00359190102147777,0.181391001584627,0,0.00179595051073888,0,29.6251016498932,26.345696017284,1.02009989009969,1.94770832889631,0.00179595051073888,0.0179595051073888,0.0395109112362554,0.00179595051073888,0,0,0.0242453318949749,0.00179595051073888,0,0.224493813842361,0,,0,15.1120255726123,10.9175831547817,3.92415186596446,0.0242453318949749,0,0,0.0179595051073888,0,0,0,0,0,0,0,0.000897975255369442,0,0,0,0,2.72355894953552,0.475926885345804,0.70670652597575,0.499274241985409,0.164329471732608,0,0,0,0.877321824495945,12.6596551501984,8.19492218050153,1.39904544786559,0.651032060142845,2.19734544988902,0,0,0,0,0.0242453318949749,0,0.0763278967064024,0.0826137234939885,0,0,0,0,0,0.0341230597040388,159.3277495602
2006-02-01,2006,"Q1","2005/06","Q3","February",39.8784678204194,11.9203349816732,7.21454373925861,10.5706896510926,3.6737095190294,0.988625650821606,0.897535037178702,0.546543681857423,0.803101648723216,0.858257433130845,0.868285757568596,0.437903500448455,0.11031156881526,0.603370853671343,0.0409489914541494,0,0,0.24903672353748,0,0.0108640181408968,37.1557777355701,5.09271742697115,11.2275449017652,9.96314032890549,2.05079234752005,2.46863919909301,2.05413512233264,0.548215069263714,1.0813876518708,0.401132977510034,0.266586291303544,0.122011280659302,0.0509773158919003,1.07052363372991,0.0493059284856084,0.108640181408968,0,0.0651841088453807,0.449603212292498,0,0,0.0392776040478576,0.0200566488755018,0.0259065047975231,0,0,0,24.594465683584,17.3765791695128,0.249872417240625,2.73355410299026,0.000835693703145906,3.63944607720042,0.0668554962516724,0.361019679759031,0.106968794002676,0.0401132977510034,0.000835693703145906,0,0.0183852614692099,0,29.9245201222486,26.9243797279548,0.903384893100724,1.85941848949963,0,0.0158781803597722,0.017549567766064,0.0100283244377509,0.043456072563587,0,0.0325920544226904,0,0.00334277481258362,0.11031156881526,0,,0.00417846851572953,16.8935482090945,15.2188180279901,1.45243565606758,0.0217280362817935,0.00501416221887544,0.00167138740629182,0.00835693703145906,0,0,0,0,0,0.0192209551723558,0,0,0,0,0,0,3.25836974856589,0.763824044675358,1.40563680869141,0.965226227133522,0.0994475506743628,0,0,0,0.0242351173912313,12.807006000711,9.11323983280609,0.562421862217194,0.64097707031291,2.12349769969375,0,0,0,0,0,0,0.15711041619143,0.114490037330989,0,0.0225637299849394,0,0,0,0.0727053521736938,164.512155320194
2006-03-01,2006,"Q1","2005/06","Q3","March",50.0617661009066,12.8021511050255,11.7992990946278,11.5896348204137,3.77564098624928,1.57290306920465,1.09463275694114,0.922859616621145,1.69499672286347,1.25377551929643,2.21621032020699,0.527949798924688,0.232398954550581,0.189455669470581,0.10777922529882,0,0,0.253449584491757,0,0.028628856719999,28.5092891419331,3.53397975452458,6.17036064835743,3.06833982022578,1.8709799891717,2.59427963395049,4.46104949713397,1.82130050251053,0.829394819682325,0.733403947150564,0.47658626186822,0.675304208512919,0.0926227717411734,1.23946109093643,0.109463275694114,0.115357452077643,0,0.199559971842347,0.413434372044692,0,0,0.0412592346847046,0,0.0631518898235272,0,0,0,32.2158840619754,20.7096097361287,1.37755322335054,3.01781830836695,0.0673620158117624,5.48495213747276,0.166720989134112,1.24367121692466,0.103569099310585,0.0336810079058813,0.0109463275694114,0,0,0,32.0441109216554,29.3706809191261,1.02727074112938,1.38849955091995,0.00842025197647031,0.0589417638352921,0.0378911338941164,0.0151564535576465,0,0,0,0.00757822677882328,0,0.127987830042349,0,,0.00168405039529406,13.4201976000984,11.3471315634914,1.87855821595052,0.0311549323129401,0.0025260755929411,0,0.00505215118588218,0,0.00336810079058813,0,0.00168405039529406,0.0126303779647055,0,0.0101043023717644,0.00168405039529406,0,0,0.028628856719999,0,9.40036930653144,0.176825291505877,0.972539103282321,7.82494016173386,0.255975660084697,0,0,0,0.1700890899247,11.5231148297996,7.09995646655975,0.260185786072933,0.586049537562334,3.04223703909873,0,0,0,0,0.00421012598823516,0,0.0783083433811738,0.362912860185869,0,0.028628856719999,0,0,0,0.0606258142305863,177.1747319629
2006-04-01,2006,"Q2","2005/06","Q4","April",44.7641349008094,18.1363782082373,6.1572411489664,9.29385375720318,3.41732767017436,0.945522289460442,2.12973642799356,0.723639725533726,0.793398258889474,0.848028435613855,0.595048694167105,0.501757161607008,0.0672371405838537,0.747172724738074,0.0865678185017116,0.00504278554378903,0,0.000840464257298171,0,0.176665586884076,25.2710792884414,5.9698176195889,6.01436222522572,2.0204760745448,2.09107507215784,2.00366678939883,1.44727945106745,2.01711421751561,0.295843418568956,0.190785386406685,0.287438775995975,0.440403270824241,0.0579920337535738,1.09176307023032,0.105898496419569,0.0546301767243812,0,0.251298812932154,0.653881192177977,0.00924510683027988,0.00252139277189451,0.0613538907827665,0,0.204232814523455,0,0,0,28.2202683673007,17.8623868603581,0.828697757695996,3.23410646208336,0.0142878923740689,5.15540775426698,0.238691849072681,0.74044901067969,0.105898496419569,0.00756417831568354,0.015128356631367,0,0.0176497494032617,0,28.2505250805634,25.1651807920219,0.89173257699336,2.02719978860319,0.000840464257298171,0.0655562120692574,0.0504278554378902,0,0,0,0.0479064626659957,0.00168092851459634,0,0,0,,0,11.6673248198132,9.47035125123579,2.02467839583129,0.0512683196951884,0.0058832498010872,0,0.0285757847481378,0,0,0,0.00420232128649085,0,0,0,0,0,0,0,0,4.19727850094707,0.44124373508154,0.4135084145907,3.25932038980231,0.0832059614725189,0,0,0,0,6.97585333557482,3.57197309351723,0.231127670756997,0.546301767243812,2.12049132116329,0,0,0,0.00168092851459634,0,0,0,0.495873911805921,0,0.00168092851459634,0,0,0,0.00672371405838537,149.34646429345
2006-05-01,2006,"Q2","2005/06","Q4","May",48.2071578628249,14.6052713475843,9.38673711757787,8.0313302814897,3.40725744197344,3.80821380506061,2.70994202790878,0.907381682551637,0.750485714387088,1.40596220360787,1.19589593512089,0.804527658977099,0.487249145577681,0.560467264054469,0.083677849687759,0.0174328853516164,0,0.000871644267580822,0,0,30.3044562509824,4.78358374048355,8.41136718215494,2.7770586365125,2.636723909432,1.88362326224216,4.23444785190764,1.70842276445841,0.610150987306577,0.174328853516164,0.509911896534781,0.0697315414064658,0.216167778360043,0.814115745920488,0.0767046955471124,0.0366090592383945,0,0.695572125529497,0.230114086641337,0.0357374149708137,0.00610150987306577,0.0784479840822741,0,0.221397643965528,0,0,0.0941375808987288,30.7245887879563,20.4766671340087,0.343427841426845,3.93547386812741,0.000871644267580822,4.2728001996812,0.421004181241537,0.993674465042139,0.248418616260534,0.00958808694338905,0.0139463082812932,0,0.00871644267580824,0,32.9498966030903,29.8206936824751,1.3588934131585,1.48528183195772,0.00174328853516164,0.15863925669971,0.0575285216603343,0,0,0,0.0522986560548494,0.00697315414064658,0,0,0,,0.00784479840822741,11.3305038342831,9.33966832712852,1.87142024249603,0.0453255019142028,0.00261493280274247,0,0.0156895968164548,0,0,0.00871644267580824,0.000871644267580822,0,0,0.00261493280274247,0,0,0,0,0,5.05989497330668,1.42426673322706,1.42688166602981,1.91761738867781,0.177815430586488,0,0,0,0.113313754785507,9.28649802680608,5.74152079055488,0.814987390188069,0.399213074552017,2.05097896161768,0,0,0,0,0,0,0,0.260621636006666,0,0,0,0,0,0.0191761738867781,167.86299633925
2006-06-01,2006,"Q2","2005/06","Q4","June",55.0470112754404,16.5504644388646,10.5298650599681,12.1516835998598,2.88744714117988,2.11075519172488,3.52974334991178,1.04630794464799,1.19472041906615,1.20049201529352,1.9120473787539,0.790708683150059,0.193760730490369,0.769271325734103,0,0.00164902749353505,0,0.00412256873383765,0,0,59.7450906045219,6.36277258380501,7.89966620777967,8.16021255175822,1.45361773555115,21.0185044325977,2.11240421921841,5.92990286675205,0.908614148937815,0.267966967699446,0.272089536433283,1.26975117002199,0.21354906041279,1.4346539193755,0.0783288059429151,0.112133869560384,0,0.148412474418155,1.04795697214153,0.930876020100538,0.000824513746767527,0.0379276323513062,0.0173147886821181,0.0659610997414023,0,0,0.00164902749353505,32.0884259966987,22.2099267966769,0.332279039947313,2.55764164247287,0.00164902749353505,5.8194180246852,0.380100837259831,0.456780615709211,0.175621428061483,0.0164902749353505,0.131922199482804,0,0.000824513746767527,0.00577159622737269,33.5923390708027,30.4773261355149,1.67953450216545,1.2796453349832,0.00659610997414023,0.043699228578679,0.0659610997414023,0,0.00164902749353505,0,0.0329805498707011,0.00164902749353505,0,0.00164902749353505,0,,0,12.395739668903,9.81501164152065,2.25174704242213,0.0321560361239336,0.00164902749353505,0,0.0379276323513062,0,0,0,0,0,0,0.0387521460980737,0,0,0,0,0,2.44798131415278,0.581282191471106,0.967979138705076,0.681872868576746,0.150886015658458,0,0,0,0.0659610997414023,11.2809970832733,9.89169141997003,0.212724546666022,0.328156471213477,0.625805933796554,0,0,0,0.00824513746767527,0.0222618711627233,0,0,0.133571226976339,0,0.00659610997414023,0,0,0,0.0519443660463543,206.597585013793
2006-07-01,2006,"Q3","2006/07","Q1","July",49.7047346214819,12.3280367479447,9.05935214303455,11.9134642109779,2.36416270607359,1.91504245769295,4.42917363831322,0.964980393810839,0.688598702499679,1.75957775633042,2.04067049919803,0.660332393161038,0.259893010863619,0.852700331715679,0.0408291134891486,0,0,0.270885464495313,0,0,35.9586713550488,3.58903611074805,7.71120622263324,6.31123873511107,3.1030126251753,1.92839043710287,4.93561168063054,2.75046893370168,0.840922702824579,0.355684392511237,0.568466887810453,0.410646660669705,0.0243404330416078,1.67713435409272,0.359610268808271,0.0204145567445743,0,0.0149183299287274,1.29239847698343,0.0243404330416078,0,0.0204145567445743,0.0141331546693207,0.00628140207525362,0,0,0,35.0863416418479,22.6735059658874,0.254396784047772,3.93922427644342,0.0541770928990625,6.53658403456081,0.248900557231925,1.06312730123668,0.269315113976499,0.00314070103762681,0.0141331546693207,0,0.0298366598574548,0,31.2664640048343,28.0849338537184,0.5739631146263,2.42933225260434,0.00157035051881341,0.0612436702337229,0.013347979409914,0.0486808660832156,0,0,0.0102072783722871,0.0180590309663541,0.0251256083010144,0,0,,0,13.3456238841357,10.8998029510839,2.28800070591112,0.0400439382297419,0.000785175259406703,0,0.0321921856356748,0,0,0,0.00706657733466034,0.00235552577822011,0,0.000785175259406703,0,0,0,0,0,5.11541681503467,1.79334029248491,0.526852599061898,2.77873524304032,0.0164886804475408,0,0,0,0,6.83338028261654,5.15074970170798,0.598303547667907,0.665043444717477,0.232411876784384,0,0,0.000785175259406703,0.00863692785347373,0,0,0,0.126413216764479,0,0.0102072783722871,0,0,0,0.0408291134891486,177.310632605
2006-08-01,2006,"Q3","2006/07","Q1","August",57.0887447958984,13.7777860952992,14.5560783704659,12.5700911855578,2.99072225565113,2.65357409334836,3.68514682875241,0.502367535371575,0.842870405756982,1.84341209139686,1.55574587331264,0.736358424133961,0.317858590827757,0.909964567409279,0.011741478289152,0,0,0.017612217433728,0,0.000838677020653713,34.0628671938505,5.1041883476985,7.33590789965802,3.1618123678645,3.35303072857355,2.16462539030724,1.67399933322481,2.76176342901268,1.18588930720435,0.563590957879295,0.245732367051538,3.60714986583162,0.195411745812315,1.51548937632126,0.1467684786144,0.0226442795576503,0,0.00251603106196114,0.735519747113307,0.0134188323304594,0.02935369572288,0.0402564969913782,0.0981252114164845,0.105673304602368,0,0,0,39.6643910147967,26.461937355666,0.0855450561066787,6.62722581720564,0.0595460684664137,5.45643269637307,0.093931826313216,0.421854541388817,0.257473845340691,0,0.0603847454870673,0.0830290250447177,0.0570300374044525,0,35.7142222475178,32.7201452837839,1.22950051227834,1.05337833794106,0.0167735404130743,0.301923727435337,0.011741478289152,0.064578130590336,0,0,0.037740465929417,0.0947705033338696,0.00419338510326858,0.179476882419895,0,,0,16.7425093633101,13.5614074239705,2.88588762806942,0.052836652301184,0.00503206212392228,0,0.0184508944543817,0,0,0,0,0,0,0.0184508944543817,0,0.000838677020653713,0,0,0,7.50280462676813,3.1165238087492,1.4442018295657,2.89343572125531,0.0486432671979155,0,0,0,0,9.94083872580847,6.92998822166164,1.32259366157091,0.78835639941449,0.36146979590175,0,0,0.00419338510326858,0,0,0,0.0167735404130743,0.348050963571292,0,0.0369017889087634,0,0,0,0.132510969263287,200.71637796795
2006-09-01,2006,"Q3","2006/07","Q1","September",54.3246986952651,14.7599304449893,8.10002149779441,18.2232135720539,3.38336748156136,1.25989461533196,2.90550454008271,0.533314613868676,0.7583831665105,0.813834838900516,1.26152554687284,0.824435893916254,0.288674882736254,0.974481595677472,0.0750228508806086,0,0,0.00244639731132419,0,0.00897012347485539,39.2687541756055,4.64652395997509,12.2548195981933,1.77037618762828,2.69837623439059,4.20454151239585,2.94872422591609,0.760829563821825,1.45316000292657,0.547177531966179,0.470523749544688,1.96282610945245,0.247901594214186,4.79330779865455,0.0481124804560425,0.168801414481369,0,0.139444646745479,0.103564152846058,0,0,0.0415887542925114,0.00815465770441398,0,0,0,0,40.1225468372577,25.6504758092343,0.312323390079056,4.71176122161041,0.0114165207861796,8.4229459428892,0.133736386352389,0.138629180975038,0.561040450063683,0.0130474523270624,0.133736386352389,0,0.0334340965880974,0,30.0980261212215,26.3167113436848,1.50861167531659,2.05905107036453,0.0138629180975038,0.0644217958648705,0.0244639731132419,0.0750228508806086,0,0,0.004077328852207,0.00897012347485539,0,0,0,0,0.0016309315408828,10.7714873617604,8.57788443927308,2.01012312413805,0.000815465770441398,0.0106010550157382,0,0.0106010550157382,0,0,0.00815465770441398,0,0,0,0,0.00570826039308979,0,0,0,0,9.28570872801621,2.86880858041285,3.27817239717442,3.08490700957981,0.0538207408491323,0,0,0,0,9.26206022067341,7.36936416747893,0.905982470960393,0.669497397532388,0.242193333821095,0,0,0,0.00652372616353119,0,0,0.0521898093082495,0.0032618630817656,0,0,0,0,0,0.0130474523270624,193.1332821398
2006-10-01,2006,"Q4","2006/07","Q2","October",53.5111444553162,15.4312956037979,10.5167425288323,11.1383724995522,3.7331219209361,1.00931317826562,2.87670966288787,0.405229214783799,1.13380627724044,2.29267827910669,2.59012487799954,0.670925895817299,0.48209743696959,1.05276043428368,0.117808905741269,0.0150394347754812,0,0.0150394347754812,0,0,48.1211781366146,5.97984637156214,18.3330709913115,3.38136625202068,1.29840453561654,2.92767663629368,1.96765938312545,1.95596204496674,1.12127341492754,0.792912422329534,0.39102530416251,2.70626273543241,0.208881038548349,4.72572461611786,1.92838974787836,0.121986526512236,0,0.0534735458683775,0,0.000835524154193398,0.0033420966167736,0.0183815313922548,0.0309143937051557,0.173789024072227,0,0,0,40.605638369645,26.6548915670779,0.355097765532194,3.17332073762653,0.0116973381587076,7.86729543588503,0.22642704578641,1.69026536393324,0.523038120525067,0.00584866907935378,0.0935787052696605,0,0.00417762077096699,0,29.7162520680423,25.4709538405857,0.81630709864695,2.81404535132337,0,0.219742852552864,0.0116973381587076,0.0743616497232124,0,0,0.0384341110928963,0.0108618140045142,0.000835524154193398,0,0,0,0.259012487799954,13.5789385539511,10.753195864469,2.06959332993705,0.069348504798052,0.035927538630316,0,0.033420966167736,0,0,0.314992606130911,0,0,0,0,0.000835524154193398,0,0,0.0033420966167736,0,3.90691094500832,2.14646155212284,0.922418666229512,0.718550772606323,0.0200525797006415,0,0,0,0.0994273743490144,6.93986362473037,5.44678196118677,0.548939369305062,0.457031712343789,0.396873973241863,0,0,0,0,0,0,0.0108618140045142,0.0192170555464482,0,0.0108618140045142,0,0,0,0.0492959250974105,196.379926153308
2006-11-01,2006,"Q4","2006/07","Q2","November",63.395949620835,17.3396646977445,10.5031916100534,14.5930590630161,3.55771261123409,2.32259838986718,3.43840692897557,1.16387413771615,2.03677974100325,1.69087909387965,3.40235773001977,1.07460945458747,0.83084820450533,1.01624408484949,0.0961311972154928,0,0.00171662852170523,0.207712051126333,0,0,43.40838542836,3.89760505853173,6.51889681117561,12.9734200527873,3.13628030915546,3.73881692027399,1.59560621092501,1.78443534831259,1.37072787458163,0.465206329382118,0.625711096161555,0.697809494073175,0.141621853040681,4.65120497956031,1.49604175666611,0.0171662852170523,0,0.0248911135647258,0.0343325704341046,0.00171662852170523,0,0.13475533895386,0.0205995422604628,0.060081998259683,0,0,0.0214578565213154,39.6206445952175,26.1648519278311,0.456623186773592,4.96792294181493,0.00429157130426307,6.99611954020966,0.218870136517417,0.634294238770083,0.130463767649597,0.0240327993038733,0.00514988556511569,0,0.0180245994779049,0,41.6900402781333,37.2113564650043,1.12267505319522,2.64017466638264,0.0343325704341046,0.245477878603848,0.0420573987817781,0.0609403125205356,0,0.000858314260852615,0.0429157130426307,0.0180245994779049,0.00171662852170523,0,0,0,0.269510677907721,30.6950345966111,28.6711295695206,1.58015655422966,0.064373569563946,0.00171662852170523,0,0.00858314260852615,0,0,0,0.00429157130426307,0,0,0.00257494278255784,0.00343325704341046,0,0,0,0,6.15411325031325,1.35699484640798,0.678068266073566,4.07355948200651,0.0248911135647258,0,0,0,0.0205995422604628,6.91114642838525,5.75156386197337,0.301268305559267,0.342467390080193,0.478081043294905,0,0,0.00171662852170523,0,0,0,0,0.00257494278255784,0,0.0120163996519366,0,0,0,0.0214578565213154,231.875314197855
2006-12-01,2006,"Q4","2006/07","Q2","December",66.3316274630943,17.5855617451621,11.7906971176199,12.5613651817773,4.54099991998446,2.73665802374281,3.3570370776564,0.527759082484244,2.43083736336286,1.7484204040579,5.81321386716504,0.876394635317381,0.594165854452462,1.2101760417892,0.0733969584911864,0,0.095241291375468,0.0646592253374737,0,0,36.0422754857493,7.97580282270892,7.11513610706822,3.57285908655311,1.98084410594666,3.96168821189332,1.56929687440679,0.955908007016166,1.97472769273907,0.670184132889761,0.397566858493926,0.238540115096356,0.17912352965111,5.02594411001552,0.124949584098091,0.0366984792455933,0,0.0227181061996529,0.0139803730459403,0.0200967862535392,0,0.103979024529181,0,0.0410673458224495,0.00524263989222761,0,0.055921492183761,38.2782613997845,28.2552076991607,0.201841635850763,3.21635957388163,0.0122328264151977,4.90973225907115,0.319801033425883,0.511157389492191,0.229802381942644,0.0104852797844552,0.370479885717417,0.241161435042469,0,0,32.8538766579596,28.8598588333975,1.32201902615673,2.00793107872317,0.0192230129381679,0.21407446226596,0.0585428121298749,0.0279607460918806,0.0200967862535392,0.0139803730459403,0,0.0104852797844552,0,0.200967862535392,0,0,0.0987363846369531,9.77752339900448,8.27026442998904,1.4443472903087,0,0.00786395983834139,0,0.0157279196766828,0,0,0.00174754663074253,0,0,0,0.00174754663074253,0,0,0,0.00436886657685634,0,3.37189122401772,1.55356895473011,0.323296126687369,1.29318450674947,0.115338077629007,0,0,0,0.0865035582217553,4.68342497039,3.42693894288611,0.422906284639694,0.439507977631747,0.266500861188237,0,0,0,0,0,0,0,0,0,0.0410673458224495,0.00873773315371266,0,0,0.0777658250680426,191.3388806
2007-01-01,2007,"Q1","2006/07","Q3","January",70.592609121332,20.3097984720144,14.8203146570779,13.8644986516537,3.53738031557004,1.56374942869406,4.04370446979478,0.78187471434703,1.84963313482095,2.8235321457532,4.09020362681542,1.43716839013788,0.181691150580642,0.824068393865758,0.117108988051978,0,0,0.340993818151347,0,0.00258328650114657,36.4140065201621,5.78397847606718,5.43179041641087,3.34707820998559,2.30515265452313,6.23519251826745,2.67628481518785,1.19606165003086,1.06775842047392,0.246273313109307,0.6914596868069,0.647543816287408,4.54141766901569,1.37258622760921,0.509768536226257,0.0637210670282822,0,0.0266939605118479,0,0.0249717695110835,0.00861095500382192,0.00258328650114657,0.178246768579114,0.0568323030252246,0,0,0,43.6024317573525,31.9139214351648,0.0895539320397479,2.84161515126124,0.0154997190068794,4.92116078468422,0.080942977035926,3.09391613287321,0.518379491230078,0.0387492975171986,0.0886928365393657,0,0,0,30.8177468631783,27.361309524644,1.7454405792747,1.11339648199417,0.00861095500382192,0.186857723582935,0.0533879210236959,0.233356880603573,0.0421936795187273,0.0387492975171986,0.0318605335141411,0.00258328650114657,0,0,0,0,0,10.9608846243649,8.90028309195034,1.556860664691,0.0396103930175808,0,0,0.0146386235064973,0,0,0.00430547750191095,0,0.000861095500382192,0,0.000861095500382192,0.0619988760275178,0,0,0.0396103930175808,0,4.87121724566206,2.31376360952694,1.51897246267419,0.792207860351616,0.0938594095416589,0,0,0,0.152413903567648,9.32824755564028,5.00727033472243,0.370271065164343,0.7155703608176,0.241106740107014,0,0.0111942415049685,0,0.018083005508026,0,0,0.00516657300229314,2.68575686569205,0,0.02755505601223,0.00344438200152876,0,0,0.242828931107778,206.587143687692
2007-02-01,2007,"Q1","2006/07","Q3","February",65.5190260246937,16.6347826468216,11.4709717140553,14.0383042581157,4.52176961214666,1.42564817237478,3.61158652078822,0.587080585002467,2.02105614156168,2.81548859275652,2.72555284356465,2.08184604610803,2.89876243460083,0.282298323852251,0.185700667312837,0.0358077519930583,0,0.00333095367377287,0,0,32.6441787413924,7.72864526157148,6.66690377805637,3.04032796573617,1.85867214996525,5.99571661279115,2.038543648349,0.293956661710455,1.25743501184925,0.246490571859191,0.392219795086754,1.30989753221118,0.0749464576598893,1.20580522990578,0.109088732816061,0.0557934740356954,0,0.124078024348039,0.0516297819434794,0,0,0.0691172887307867,0.00749464576598893,0.0841065802627647,0,0,0.0333095367377287,36.444730258085,26.792525874992,0.382226934065435,3.43338049924138,0.00249821525532964,4.85653045636083,0.175707806291518,0.512966865761019,0.199857220426372,0.0174875067873075,0.00916012260287535,0.000766113336235708,0.0124910762766482,0.0491315666881496,33.1837932365436,28.8876957357951,1.34237433053046,1.8228643979722,0.000832738418443214,0.151558392156665,0.0832738418443214,0.129907193277141,0,0.0474660898512633,0.0208184604610803,0.0174875067873075,0,0.197359005171041,0,0,0.48215554427862,12.0813689747742,9.76552343308357,2.08351152294491,0.0782774113336622,0,0,0.0133238146950914,0,0,0.00416369209221608,0,0.0274803678086262,0,0.0133238146950914,0.0266476293901828,0,0,0,0,3.32012807433309,0.247323310277635,0.604568091789774,2.24339729928602,0.218177465632123,0,0,0,0.00666190734754572,12.1679737702923,6.03235710320264,0.926837859727297,0.432191239172029,0.349750135746149,0,0,0,0,0,0,0,3.91137235142778,0,0.0499643051065929,0,0,0,0.465500775909758,195.361199080114
2007-03-01,2007,"Q1","2006/07","Q3","March",71.132867914256,17.8918779961681,14.7454870772452,15.8724036345773,4.18937047604085,1.43523959772318,3.44307912760112,0.611659724333676,3.39653980074965,3.32922398869662,3.73976733627928,1.72361721232072,0.191143663854274,0.0781195843578337,0.103882426007758,0,0,0.2825601987411,0,0,43.8367216564576,4.41624969444179,7.92830675291207,8.0130748125344,1.4676509146376,3.82121115826936,2.47406385780075,1.48427210279884,2.89541097768822,1.05378332942269,3.1522083347794,1.52000765734551,0.430488773376148,4.75532193293111,0.156239168715667,0.143773277594737,0,0,0.0166211881612412,0,0,0.054849920932096,0.00166211881612412,0.0515256832998477,0,0,0,37.2563932634222,26.6088601273311,2.79817702694496,3.19957872103894,0.0373976733627928,3.5203676525509,0.373976733627928,0.244331465970247,0.41137440699072,0.00166211881612412,0.0498635644837237,0,0.0108037723048068,0,32.7570376281741,29.1178284802704,1.27900042900751,1.27983148841557,0.00083105940806206,0.238514050113812,0.0473703862595375,0.186157307405902,0.00664847526449649,0.148759634043109,0.00083105940806206,0.00498635644837237,0,0.173691416284971,0,0,0.272587485844356,13.3451519746606,11.2658413356893,1.92473358907173,0.0390597921789169,0,0,0.0747953467255855,0.00166211881612412,0,0,0.00083105940806206,0,0,0.00332423763224825,0,0,0,0,0,3.56940015762656,0.560965100441892,0.451265258577699,2.46242902608789,0.0847680596223303,0,0,0,0.00997271289674474,10.0234075206365,4.59077217013483,0.648226338288408,0.605842308477242,0.209426970831639,0,0,0,0.053187802115972,0,0,0,1.40116616199264,0,0.054849920932096,2.18319306497903,0,0,0.276742782884666,211.920980115234
2007-04-01,2007,"Q2","2006/07","Q4","April",65.5024308828474,18.6724948818566,15.0132823097739,14.2408633566823,3.24937424570599,2.05815429906052,3.34877837258064,0.827824532005335,2.06385781453692,1.84712422643316,1.44461899138333,1.68253706554234,0.623312762779608,0.16295758504042,0.0562203668389451,0.00733309132681891,0,0.202882193375323,0,0.000814787925202101,37.670904933794,2.63339457425319,6.36838242337963,1.98645296164272,1.05759472691233,5.76462457080487,2.03615502508006,4.81865578964522,1.23766285838199,0.5035389377749,1.46824784121419,4.94168876635075,0.167031524666431,4.37052243078407,0.0301471532324778,0.0211844860552547,0,0,0.0277027894568714,0.047257699661722,0,0.0219992739804568,0,0.159698433339612,0.00896266717722312,0,0,33.7509602256466,23.9270622114848,2.26103649243583,2.76946415776194,0.103478066500667,3.62091753959814,0.154809705788399,0.308804623651597,0.529612151381366,0,0.0521464272129346,0,0.0236288498308609,0,34.8566274401459,29.6330220516752,2.24392594600658,2.23496327882937,0.0382950324844989,0.118959037079507,0.0855527321462206,0,0,0.136884371433953,0.0497020634373282,0.00570351547641472,0.0431837600357114,0.146661826536378,0,0,0.119773825004709,13.2810431807943,11.4510295007903,1.62142797115218,0.0904414596974332,0.00570351547641472,0,0.108366794051879,0,0,0.00244436377560632,0,0,0,0.0016295758504042,0,0,0,0,0,1.2018121896731,0.196363889973706,0.377246809368574,0.347099656136095,0.281101834194725,0,0,0,0,15.3497897228824,8.20084046715915,1.04374333218389,1.50735766162389,0.222437103580173,0,0,0.0619238823153598,0,0,0,0.00244436377560632,3.6844709977639,0,0.0668126098665723,0.328359533856448,0,0,0.231399770757397,201.613568575784
2007-05-01,2007,"Q2","2006/07","Q4","May",73.8573744452309,23.397521727127,14.7966877357349,12.9138574104325,3.88440502533227,1.88283032530238,3.49157260756938,1.36393367409594,1.69576726922483,2.84986499345984,4.32440986593209,1.86493733732975,0.730359236337598,0.361113029993201,0.123624280538213,0.000813317635119819,0,0.175676609185881,0,0,66.7009925738116,5.62571808212379,8.43085060565207,3.83397933195483,1.53229042456574,5.6712638696905,4.26015777275762,20.9868482566318,2.15122514489193,0.670173731338733,0.873503140118687,4.27154421964929,0.108984563106056,6.89530691054585,0.0040665881755991,0.100851386754858,0.970287938697945,0.129317503984051,0.0154530350672766,0.00894649398631802,0,0.0146397174321568,0.0203329408779955,0.122810962903093,0.00243995290535946,0,0,37.3385993107157,25.6211321415445,1.32733438051555,3.62983660553975,0.0878383045929407,5.42726857915456,0.257821690332983,0.31150065425089,0.435124934789103,0.00813317635119819,0.017892987972636,0,0.214715855671633,0,37.0100189861274,31.712881228592,2.1870111208372,2.08290646354186,0,0.166730115199563,0.09109157513342,0.373312794519997,0,0.0520523286476685,0.109797880741176,0.00894649398631802,0,0.0130130821619171,0,0,0.212275902766273,14.4209349883095,12.896777740095,1.49813108389071,0,0,0,0.0203329408779955,0,0,0.000813317635119819,0,0.00243995290535946,0,0.00162663527023964,0,0.000813317635119819,0,0,0,3.32972239818054,0.106544610200696,0.76695852991799,2.31632862482125,0.109797880741176,0,0,0,0.0300927524994333,14.5852251506037,9.33851308644578,0.647400837555377,1.92918943050421,0.532723051003483,0,0,0,0,0.000813317635119819,0.0577455520935072,0.00813317635119819,1.23705612301725,0,0.0195196232428757,0,0,0,0.81413095275494,247.242867852979
2007-06-01,2007,"Q2","2006/07","Q4","June",75.5404495471205,22.4671934154361,15.4285392746814,15.8293137065353,3.32361981066102,1.75200542502586,4.36427189167443,0.677317298844385,1.67202071888092,2.78499939587648,4.8033368743424,1.77668155777271,0.340360451680594,0.0655193869485147,0.243357722951625,0,0,0.0119126158088208,0,0,44.4485222860981,5.48661048109119,6.82082345167914,2.71522550328194,2.49228940743115,4.36342099054524,1.74349641373385,7.59684528151089,1.62096665112884,0.656044770614348,1.29422061751546,3.45636038681643,0.263779350052461,1.95281809151742,0.085090112920149,0.294411790703714,3.40615722019357,0.0689229914653206,0.0212725282300372,0,0,0.0689229914653206,0.0144653191964253,0.00255270338760446,0.00595630790441041,0,0.0178689237132312,44.3047199952632,30.1550851177716,4.24684753584463,5.00074593631714,0.0391414519432686,3.90223257851803,0.206768974395962,0.455232104122797,0.0646684858193132,0,0.0978536298581712,0.00085090112920149,0.135293279543037,0,40.2416671033259,35.3098441584741,1.93665097006259,1.51970941675386,0,0.131038773897029,0.0842392117909475,0.339509550551393,0.0867919151785519,0.033185144038858,0.323342429096565,0.00595630790441041,0,0.383756409269872,0,0,0.0876428163077534,17.8774327245233,16.3407052851854,1.40483776431166,0.0578612767857011,0.0255270338760446,0.00085090112920149,0.0178689237132312,0,0,0,0.00170180225840298,0.0246761327468432,0,0,0.00340360451680594,0,0,0,0,4.10900155291399,0.63392134125511,1.42525939141249,1.87283338537248,0.0587121779149026,0,0,0,0.118275256959007,14.7529237780954,9.55476877980351,0.752196598214116,2.41485740467382,0.348869462972609,0,0,0.00085090112920149,0,0.0212725282300372,0.138696884059843,0,1.10617146796194,0,0.043395957589276,0,0,0.00085090112920149,0.37099289233185,241.27471698734
2007-07-01,2007,"Q3","2007/08","Q1","July",101.514703029786,25.481511260487,32.0145902771737,22.2283215943233,5.12884249241039,1.06798737437535,4.02080559149596,0.79598433996413,2.14264966984055,1.7530011512208,4.79175897737316,1.22067619430558,0.426360584613912,0.245303350051839,0.106798737437535,0.00834365136230746,0,0.0183560329970764,0,0,40.8914009615325,3.59945119769943,7.26231414575241,5.36246473055501,2.47138953351547,4.94695089271209,2.79762630178168,2.40547468775324,2.51060469491831,0.485600509286294,1.32914366201558,3.26904260375205,0.200247632695379,3.0153956023379,0.414679472706681,0.0625773852173058,0.180222869425841,0.270334304138761,0.0609086549448445,0.0183560329970764,0,0.137670247478073,0,0.0759272273969978,0.0150185724521534,0,0,40.2697989350407,27.1694319310817,0.761775369378669,5.60693371547062,0.0091780164985382,4.84348961581948,0.199413267559148,0.396323439709604,1.02793784783628,0.0175216678608457,0.0258653192231531,0,0.204419458376532,0.0075092862260767,34.9949425437898,31.5915671531047,2.2686388054114,0.8059967215989,0.0141842073159227,0.0383807962666143,0.0792646879419207,0.0300371449043067,0.0141842073159227,0.0400495265390759,0.0075092862260767,0.00584055595361521,0,0,0,0,0.0992894512114588,20.0255976346741,18.4611630042415,1.44428605081542,0.0342089705854606,0.0250309540869223,0,0.0508962733100756,0,0,0,0,0,0,0.0075092862260767,0,0,0,0,0,9.17885086367442,0.710044730932363,3.36332586414614,4.82680231309486,0.278677955501069,0,0,0,0,12.6856875312523,8.83676115781981,0.304543274724222,2.56316969850085,0.237794063825762,0,0,0,0.000834365136230746,0,0,0,0.704204174978749,0,0.000834365136230746,0,0,0,0.0375464311303835,259.56098149975
2007-08-01,2007,"Q3","2007/08","Q1","August",95.1262791063807,32.0171973246735,18.7069276132429,22.2915502144787,5.49442033639167,1.73828469203463,5.54758937975926,1.41498260575094,2.34801356033094,1.97840295240449,1.22803338874869,1.27091164952902,0.261557390760021,0.685194607269695,0.0651749563861035,0.00771808694045964,0,0.0445933912115445,0,0.00600295650924639,58.446499704454,5.57760416230551,12.731413190896,5.36664311926628,8.33210363483398,3.23730868891502,2.99461773289833,7.79012241857059,0.983627302300802,0.504248346776697,4.33927999096953,1.89436156127504,0.407343477413147,3.63864920981892,0.0428782607803314,0.0780384346202031,0.0111483478028861,0.141498260575094,0,0.000857565215606626,0,0.136352869281454,0.162937390965259,0.075465738973383,0,0,0,41.7025388697347,34.647349840939,0.204958086529984,2.08902886521774,0.0823262606982361,3.5966285142542,0.185234086571031,0.538550955400962,0.245263651663495,0.0128634782340994,0.0703203476797434,0,0.0214391303901657,0.00857565215606626,39.2387540052968,33.6079807996238,1.92094608295884,3.16355808037285,0.000857565215606626,0.0848989563450561,0.209245912608017,0.0720354781109566,0.000857565215606626,0.0360177390554784,0.0626022607392837,0.00514539129363975,0,0,0,0,0.0746081737577766,22.1937877798995,19.8715011760368,2.1353373868605,0.0703203476797434,0.000857565215606626,0,0.0180088695277392,0,0,0.0128634782340994,0.00171513043121325,0.0351601738398717,0,0.00171513043121325,0.013721043449706,0,0,0.00257269564681988,0,9.03787980727824,5.45582990168936,1.18687025839957,2.30856556041304,0.0420206955647247,0,0,0,0.0445933912115445,13.954301188351,9.67676589290518,0.538550955400962,2.54182329905804,0.406485912197541,0,0,0.00171513043121325,0.00514539129363975,0,0,0,0.662897911663922,0,0.000857565215606626,0,0,0,0.120059130184928,279.700040461395
2007-09-01,2007,"Q3","2007/08","Q1","September",85.756600368924,28.7926127385904,17.4281704669441,16.5869645858052,4.91748851660605,3.65353156956298,4.70697223378789,0.946893647614867,2.41878912707427,2.7160896734216,1.65405650785719,0.911664392122842,0.413299314430809,0.191612779871248,0.109124767011877,0.02405900375065,0,0.284411794338041,0,0.000859250133951784,52.3300516579316,7.9411897379824,8.19552777763211,4.0865936370747,2.69117141953699,5.42444609563761,2.42480387801193,11.3902197756649,1.92386104991804,0.50094282809389,1.70389301562639,2.20139884318447,0.306752297820787,3.25827650794516,0.0695992608500944,0.0223405034827464,0,0.0704585109840462,0.0103110016074214,0.00429625066975893,0,0.0249182538846018,0.00601475093766248,0.0610067595105766,0,0,0.012029501875325,43.8750303398461,33.3174239439805,4.81351925039789,2.82005893962976,0.0386662560278304,1.89378729522973,0.203642281746573,0.392677311215965,0.347996304250473,0.0137480021432286,0.0326515050901679,0,0.000859250133951784,0,39.188680109273,33.823522272878,2.30708660966054,2.10430357804792,0.00257775040185536,0.265508291391102,0.1443540225039,0.0644437600463837,0,0.0335107552241197,0.0429625066975893,0.0231997536166982,0,0.206220032148428,0,0,0.170990776656405,16.2252202794116,13.6921508845217,2.44370738095888,0.0498365077692036,0.0257775040185536,0,0.00859250133951784,0,0,0.00429625066975893,0.000859250133951784,0,0,0,0,0,0,0,0,5.53958561358715,0.887605388372194,0.652170851669404,1.85598028933585,0.0790510123235641,2.03298581692992,0,0,0.0317922549562161,10.4828516342118,7.30964088952783,0.898775640113565,1.68842651321526,0.164116775584791,0,0,0,0,0,0,0,0.149509523307611,0,0.0189035029469392,0.177005527594067,0,0,0.0764732619217087,253.398020003185
2007-10-01,2007,"Q4","2007/08","Q2","October",94.3773578677929,28.6805067293834,24.5742506950569,17.3450981035039,3.89854974213379,4.17197560334066,4.85594593270982,1.24055828422946,2.3269595547221,3.60159465251446,1.5342679630333,0.727783375378567,0.670177333403228,0.302634558546495,0.103853146096384,0,0,0.342390841036517,0,0.000811352703877999,82.0374945945123,8.67660581527135,11.4944337558396,2.73831537558825,2.94277625696551,20.3884820957503,11.6672518817656,15.0181385487818,4.14682366952046,0.499793265588848,0.631232403617084,0.730217433490201,0.118457494766188,1.89856532707452,0.134684548843748,0.012981643262048,0,0.262878276056472,0.481132153399653,0.01622705407756,0,0.092494208242092,0.0754558014606541,0.00811352703878,0,0,0.002434058111634,45.9623193219848,35.2914085605812,2.15333007609221,4.64093746618216,0.0665309217179961,1.98456871368559,0.141175370474772,1.02392711229404,0.375656301895513,0.00730217433490201,0.037322224378388,0,0.240160400347888,0,35.839071635699,31.9429559516768,1.42230128989813,1.60647835367844,0.010547585150414,0.393506061380831,0.116834789358432,0.14198672317865,0.000811352703877999,0.0324541081551199,0.0632855109024839,0.000811352703877999,0.043813046009412,0,0,0,0.0632855109024839,18.9012725895419,16.5954082051206,2.16712307205814,0.0454357514171679,0.00811352703878,0,0.0413789878977779,0,0,0.00405676351939001,0.000811352703877999,0.012981643262048,0,0,0,0,0,0.002434058111634,0,7.2875699862322,0.506284087219871,0.844618164736999,1.65029139968785,2.16955713016977,2.03081581780663,0,0,0.086003386611068,11.7926104180899,6.78777672064335,0.389449297861439,1.90181073789003,1.86529986621552,0,0,0,0.001622705407756,0.000811352703877999,0,0,0.0811352703878,0,0.001622705407756,0.181743005668672,0.00405676351939001,0,0.57728199238434,296.197696413853
2007-11-01,2007,"Q4","2007/08","Q2","November",118.613714887018,35.9244657032614,24.3290456706732,27.5342643827389,4.91926910473432,2.4580482030912,4.88912846849117,1.64187150061271,2.94505743080917,3.67874397093805,5.71958231445327,1.05254274459568,2.46360042555704,0.815383527840514,0.129287465990276,0.00475904782786293,0,0.10866492540287,0,0,61.1141058561397,6.47389139516955,12.5456432488846,8.25774115598015,6.36126059657676,7.79690669131542,2.56354042994216,4.84788338731637,7.22820047588582,0.593294629206912,0.372792079849263,1.69660055063313,0.181636992096768,1.92424167173258,0.0166566673975202,0.0483836529166066,0.0118976195696573,0,0.0325201601570635,0,0,0.0856628609015325,0,0.0753515906078296,0,0,0,47.3866323966693,32.5312646019951,1.99324786523659,3.12986712145785,0.0896287340914184,6.66742600683596,0.225261597185512,1.82033579415757,0.570292564705574,0.00872492101774868,0.0111044449316802,0.00158634927595431,0.330753824036474,0.00713857174179437,39.8705095271975,34.751360413693,2.55084963573453,1.79892007893218,0,0.191155087752494,0.266506678360324,0.134046513818139,0,0.0317269855190862,0.0142771434835888,0.0372792079849263,0.00317269855190862,0.0245884137772918,0,0,0.0666266695900809,23.3058503876827,20.3076502561291,1.99880008770243,0.22288207327158,0.0158634927595431,0,0.726547968387075,0,0.00475904782786293,0,0.00237952391393146,0,0,0.0150703181215659,0,0,0,0.0118976195696573,0,3.16793950408075,0.510011292219309,0.648023679227336,0.769379398837839,1.02557480690446,0.153875879767568,0,0,0.0610744471242408,13.2753639158236,9.1413377026867,0.382310175504989,2.91570996920402,0.306165410259181,0,0,0,0.0237952391393146,0.000793174637977154,0,0,0.0531427007444694,0,0.0475904782786293,0.00872492101774868,0,0,0.395794144350601,306.734116474611
2007-12-01,2007,"Q4","2007/08","Q2","December",90.0894623333921,23.6018015418145,28.1009346926119,14.5170786499069,5.74173473313887,1.52485692130452,4.54320905958434,1.94951135019477,1.19513521903245,2.85984838937269,2.74711577651359,1.3977148767266,1.20022090081556,0.600110450407782,0.102561249292855,0,0.00762852267467519,0,0,0,60.3111002659821,5.10009121483563,7.25302983635508,2.84459134402333,6.86821324809925,12.5446817316881,2.2512618026597,5.73664905135575,6.89194642975379,0.63486260925908,0.355997724818175,1.27989658208439,0.275474429918826,5.94855245898561,0.0966279538792191,0.109342158337011,0,0,1.93086385032334,0,0,0.12714204457792,0,0.0330569315902592,0.0220379543935061,0,0.00678090904415573,40.6744352877375,30.4462816082591,0.892537152936997,1.84864532816296,0.0161046589798699,4.66102735422655,0.230550907501295,0.560272609773368,1.77829339682984,0.00678090904415573,0.0364473861123369,0.00339045452207786,0.186474998714283,0.00762852267467519,31.8473869395079,28.1763723057281,1.46213351264608,1.65708464766556,0.0211903407629867,0.0288188634376618,0.110189771967531,0.100018408401297,0.000847613630519467,0.0220379543935061,0.00508568178311681,0.000847613630519467,0.00932374993571413,0.17460840788701,0,0,0.0788280676383104,20.2511848603711,17.3947269255205,2.57928827767074,0.107646931075972,0.0957803402486996,0,0.0101713635662336,0,0,0.00339045452207786,0.000847613630519467,0.0593329541363627,0,0,0,0,0,0,0,4.30926769756096,0.219531930304542,1.04002192464738,1.23327783240582,1.56554237556945,0.248350793742204,0,0,0.0025428408915584,10.209506179607,6.9800982473278,0.178846476039607,2.55979316416879,0.104256476553894,0,0,0,0,0,0,0,0.0025428408915584,0,0,0.350064429404539,0,0,0.0339045452207786,257.692343564159
2008-01-01,2008,"Q1","2007/08","Q3","January",72.9235550658733,23.341445978266,17.6984496014012,13.0121261759635,6.70358084276469,1.31735754711774,3.24444381552204,1.25123203790778,0.87680707666702,2.11945138610598,0.813257885997715,1.10953451817217,0.591694491502033,0.626904178224216,0.170037023682732,0.0145991383970023,0,0.0214693211720622,0,0.0111640470094723,47.9736275453964,4.84433762926412,6.65634833618617,4.70006379098786,5.12601512304157,8.08964021763303,2.83480916755909,3.59654068274387,3.58108277149997,0.777189426428652,0.509252298201314,1.67804214280838,0.823563160160307,0.809822794610185,0.0541026893535967,0.0592553264348916,0.00858772846882487,0,2.24225590321018,0.0214693211720622,0,0.0257631854064747,0.0334921410284171,1.44016206422193,0.0618316449755391,0,0,51.1656862172586,34.7974757556783,1.37918919209327,7.75557758019574,0.00343509138752996,5.04614924828151,0.185494934926617,0.517840026670141,0.945508904417618,0.00515263708129494,0.0721369191381289,0.00858772846882487,0.449138198919541,0,28.6718490388656,24.0860020365131,1.55609639855107,1.92536872271054,0.00429386423441244,0.137403655501198,0.137403655501198,0.126239608491726,0.000858772846882487,0.0360684595690644,0.0437974151910069,0.0111640470094723,0.00171754569376498,0,0,0,0.605434857052154,20.2215242255419,15.2208899381452,4.9336500053399,0.0120228198563548,0.00257631854064747,0.0180342297845322,0.0188930026314147,0.000858772846882487,0,0.00171754569376498,0.00257631854064747,0,0,0.00171754569376498,0,0.00858772846882487,0,0,0,5.04786679397525,0.13482733696055,0.442268016144481,0.67327791195587,3.60341086551891,0.103052741625898,0,0,0.0910299217695438,17.4021729692268,13.1512473771584,0.238738851433332,3.64033809793488,0.150285248204435,0,0,0,0.00687018277505991,0,0,0,0.0231868668658272,0,0,0,0,0,0.191506344854795,243.406281856138
2008-02-01,2008,"Q1","2007/08","Q3","February",94.0340730657141,33.9616508698284,17.5106940478057,16.2804146423731,7.19416488183665,2.5946168426296,4.5223374006592,2.7456442455034,2.10335354901203,3.64586938285788,1.90820578125376,0.789075756587814,0.167996773983212,0.325811925300774,0.19939011053563,0.0127270283320615,0,0.0712713586595445,0,0,70.4992522740659,5.95540079084931,8.51098807992726,3.05109292547287,7.76348728255753,15.8782405470799,2.71849325172834,3.14866680935201,2.08553570934715,1.34651959753211,1.00882911245474,12.7669063541686,1.15476570399571,1.4771837550746,0.0941800096572552,0.0390295535516553,0.0025454056664123,0.00169693711094153,1.55609133073339,0.0025454056664123,0,0.014423965443003,0.00169693711094153,1.92093280958582,0,0,0,43.0826878411391,33.9480753729407,1.16494732666136,2.54795107207871,0.000848468555470768,3.01291184047669,0.21042020175675,0.897679731688071,0.846771618359827,0,0.0509081133282459,0.00169693711094153,0.3860531927392,0.014423965443003,44.7329591815298,37.996118851092,1.88529713025604,1.61124178683899,0.00169693711094153,0.151875871429267,0.362296073186016,0.0806045127697229,0.0161209025539446,0.114543254988553,0,0.00339387422188306,0,0,0,0,2.50976998708253,21.0963221632252,17.3036677202708,3.56781027575456,0.0492111762173045,0.0025454056664123,0.0025454056664123,0.01103009122112,0,0,0.014423965443003,0,0,0,0,0.00848468555470768,0,0,0,0,9.04891714409572,0.823014498806643,0.380113912850904,1.46785060096443,6.27527343626179,0.0899376668799012,0,0,0.0127270283320615,10.6321594686042,5.49553083378417,0.595624925940477,1.97353786002501,0.206177858979396,0,0,0,0,0,0.00169693711094153,0,2.23826004933188,0,0.0602412674384243,0,0,0,0.0610897359938953,293.126371138374
2008-03-01,2008,"Q1","2007/08","Q3","March",100.191627704856,38.0824341126448,21.1884536111324,13.9352764477731,8.85740163241995,2.18181035802262,5.96459118009764,1.92067645611164,2.21435040810499,2.30302204457943,1.07300815146601,1.37074960971965,0.535283823854916,0.212323826787436,0.135854709093877,0.0292860450741291,0,0.182224280461248,0,0.00488100751235485,60.0762539633156,6.26314613960335,7.67457081192596,6.35019077357367,5.9271701225029,9.92308827261741,4.12770535294808,7.75673443838393,3.28817206082304,0.629649969093777,0.792350219505603,3.76895130079002,0.340043523360722,2.21028290184469,0.112263172784162,0.051250578879726,0.0235915363097151,0.0276590425700108,0.22778035057656,0.0195240300494194,0,0.0536910826359035,0.00488100751235485,0.492168257495783,0.011389017528828,0,0,41.759459771952,29.4332888007518,0.677646542965265,7.36625383739555,0.0268455413179517,1.4594212461941,0.116330679044457,1.20235485054341,0.544232337627568,0.0105755162767688,0.0691476064250271,0,0.853362813410041,0,43.6183101329072,38.2272373355113,2.71465367812136,1.37074960971965,0.0780961201976775,0.125279192817108,0.0976201502470972,0.126092694069167,0.00894851377265058,0.0976201502470972,0.00162700250411829,0.040675062602957,0,0,0,0,0.72971062309705,24.5376382658599,20.0495518582496,4.2887786008558,0.112263172784162,0.0496235763756077,0.00569450876441399,0.0300995463261883,0,0,0.00162700250411829,0,0,0,0,0,0,0,0,0,14.2932169986791,0.255439393146571,0.861497825930631,1.35529308593053,7.9422127238534,3.87877396981798,0,0,0,16.2895490712323,8.77930551222227,0.277403926952168,1.10554820154837,0.148870729126823,0,0,0,0,0,0.00813501252059143,0,5.68556025064136,0,0.0471830726194302,0.17083526293242,0,0,0.0667071026688496,300.766055908802
2008-04-01,2008,"Q2","2007/08","Q4","April",114.339266466669,42.3604428767702,17.8430146812409,17.3221049808678,12.0106422040054,4.80871474591599,5.73330882581743,1.83928179466108,2.0374090974971,5.19753957773167,2.42458286845583,1.24737647743846,0.746279507349022,0.23114851997536,0.259216554543797,0.00742977385635088,0,0.236927232974744,0,0.0338467475678207,72.3230697785764,5.8645681639463,11.4913835644893,7.03269372025034,9.88159922894665,15.4910784904916,4.09793304699176,7.00462568568191,2.90339051697622,0.241054885117161,1.57180993583245,1.25398072086633,0.566313873939631,1.66922252639349,0.363233388532708,2.18022586162474,0,0.0280680345684366,0.141165703270666,0.0214637911405692,0,0.177489042123938,0.183267755123321,0.14199123369915,0.0165106085696686,0,0,42.6840508047358,31.9571084170221,0.392952483958111,4.90199968433462,0.0643913734217075,3.20140700165874,0.145293355413084,0.838738915339165,0.687666846926697,0.0255914432829863,0.0858551645622767,0,0.369012101532095,0.0140340172842183,45.4982840354358,40.3560549964126,2.42871052059825,1.61391198768511,0.0222893215690526,0.48128423980584,0.082553042848343,0.0553105387083897,0.00908083471331773,0.0569615995653568,0.0437531127096218,0.00412765214241714,0.00412765214241714,0,0,0,0.340118536535173,24.8055383150701,18.6115835101589,5.81586186866575,0.0156850781411852,0.0206382607120857,0,0.25261231111593,0,0.00247659128545029,0.00495318257090059,0,0.0775998602774425,0,0,0.00082553042848343,0,0,0.00330212171393372,0,15.3383553612221,2.42293180759887,0.991462044608599,2.49145083316299,9.38462991099962,0.0478807648520391,0,0,0,17.564810926842,9.08826448717409,0.272425041399532,2.80267580470124,0.28150587611285,0,0,0,0,0.117225320844647,0.00165106085696686,0,4.72533617263916,0,0.00082553042848343,0.179965633409388,0,0,0.0949359992755945,332.553375688551
2008-05-01,2008,"Q2","2007/08","Q4","May",115.379289846539,37.1443241175773,25.2626606463717,21.1819814971956,8.31796526090249,4.43215500262679,6.52410368987347,1.86860580315525,1.68886372113746,3.45603092354999,1.66038972794652,1.45306346502501,1.18078090513667,0.452024641906125,0.153047713401287,0.0969895393066294,0.00177962457443357,0.0186860580315525,0,0,62.2655046102817,6.97434870720515,10.2684337944817,3.07163201547234,6.93163771741876,6.49740932125696,3.55213065056941,13.3445148713901,3.2816277152555,0.557912304084922,0.683375836582492,1.97894252677013,0.34880641658898,1.80364950618842,0.236690068399665,0.0613970478179581,0,0.0275841809037203,0.582827048126993,0.0436008020736223,0,1.81343744134781,0.146819027390769,0.0471600512224894,0.0115675597338182,0,0,59.8692401208067,43.2973760836815,1.59454361869248,9.64645500571714,0.0275841809037203,3.59128239120695,0.263384437016168,0.896040973227301,0.323001860259693,0.0115675597338182,0.09965897616828,0,0.118345034199832,0,47.0817477412143,39.9997317472562,3.81195583843671,1.84369105911318,0.0836423549983775,0.255376126431217,0.515201314298518,0.0427109897864058,0.104108037604364,0.0898710410088952,0.0462702389352729,0.000889812287216783,0,0.223342884091413,0,0,0.0649562969668252,26.9986844187317,20.7272874184278,5.97242007179907,0.082752542711161,0.0062286860105175,0,0.04982948808414,0,0.045380426648056,0.0062286860105175,0,0.000889812287216783,0,0,0.000889812287216783,0,0,0.00355924914886713,0,21.0814327087401,1.23772889151855,7.7449261479349,2.40338298777253,9.52544053465567,0,0.159276399411804,0,0.0106777474466014,21.3163431525653,13.4112507929314,0.635325973072785,2.81981513818999,0.09965897616828,0,0,0,0,0,0,0,4.19368530965271,0,0.00800831058495104,0.0186860580315525,0,0,0.12991259393365,353.992242598879
2008-06-01,2008,"Q2","2007/08","Q4","June",109.486655135809,31.6146166853055,29.0546274145042,16.2796972422974,13.8723066804722,2.33734525278694,6.25154383166024,1.62438407150516,1.57018234427321,2.90854807053901,0.239321472547218,1.2941704717536,1.40590941712408,0.606225472271176,0.147595472616229,0.0391920181523319,0.0600388363184659,0.177614890775461,0,0.00333549090658143,56.9985363571169,4.59880808744915,7.74250826690215,6.59926875867136,4.55377896021031,7.99016846671584,3.38302165200022,10.9228988463276,3.33048767022157,0.602889981364594,0.554525363219165,1.38089323532472,0.291855454325876,2.3440162346001,0.261002163439997,0.160103563515909,0,0,0.428610581495714,0,0.00166774545329072,1.3383657262658,0.356063654277569,0.136755127169839,0.0166774545329072,0,0.00416936363322679,62.0768212623872,41.6194216595966,6.65763984953653,7.52403361252109,0.000833872726645359,4.20855565137914,0.479476817821081,0.762993544880504,0.316871636125236,0.0108403454463897,0.165940672602426,0,0.328545854298271,0.00166774545329072,43.1648875993157,35.9841097729272,2.28898063464151,3.47057828829798,0.144259981709647,0.321040999758463,0.401926654243063,0.178448763502107,0.0216806908927793,0.180950381682043,0.00667098181316287,0.0625404544984019,0,0.00416936363322679,0,0,0.0995306317160267,28.5442973057972,20.844316547954,7.40395593988413,0.108403454463897,0.00333549090658143,0.0425275090589132,0.120077672636932,0,0.0150097090796165,0.00166774545329072,0,0.00166774545329072,0,0.000833872726645359,0,0,0,0.00250161817993608,0,12.3721696452372,0.263503781619933,4.66468403285413,0.976464962901714,6.45584264968838,0,0,0,0.011674218173035,18.9555948221023,12.0060995182399,0.185953618041915,1.15908309003705,0.351060417917695,0,0,0,0.0250161817993608,0,0,0,5.06327519619061,0,0.0150097090796165,0.000833872726645359,0,0,0.149263218069519,331.598962127766
2008-07-01,2008,"Q3","2008/09","Q1","July",119.550675280877,29.1476870746908,29.0765971253387,24.4234368041109,13.6056468975899,5.19037414303616,7.53634247165517,1.75947624646425,1.83379755715053,2.77897074739991,0.248006982398771,1.73928023812559,0.447543544784755,1.64072371743291,0.064627226683719,0.0137332856702903,0,0.000807840333546487,0,0.0436233780115104,76.5275226371923,3.46078798891315,9.51231992750989,6.22602545064279,1.95416576684895,33.1012576670673,3.46644287124797,10.2838074460468,2.632751647028,0.387763360102315,0.975063282590611,2.1601650519033,0.168838629711216,1.42422250804245,0.0920937980242994,0.00403920166773243,0,0.0242352100063946,0.374837914765571,0.0064627226683719,0.000807840333546487,0.136525016369356,0.0250430503399411,0.109866285362322,0,0,0,70.0607607671525,47.2554281511351,7.05567747319501,9.55513546518783,0.0630115460166258,3.58357971961221,0.248006982398771,1.38706185269932,0.832883383886428,0.0193881680051157,0.0589723443488935,0,0.00161568066709297,0,44.0184119346143,39.0251508329636,1.6092179444246,1.52035550773449,0.127638772700345,0.316673410750223,0.458853309454403,0.197920881718889,0.00323136133418595,0.0064627226683719,0.727864140525383,0.00484704200127894,0.0105019243361043,0.000807840333546487,0,0,0,27.0424551654686,24.6027773581583,2.06483989254482,0.0613958653495329,0.0557409830147078,0.00323136133418595,0.0832075543552881,0,0,0.0064627226683719,0.000807840333546487,0,0,0.000807840333546487,0,0,0,0,0,10.5697829241222,1.58982977641949,6.07899850993732,2.63598300836219,0.056548823348254,0.207614965721447,0,0,0.000807840333546487,19.0690710733648,11.061757687252,0.289206839409642,1.93639327951093,0.755330711865966,0,0,0,0,0,0,0,4.85673608528146,0,0.0452390586786033,0,0,0,0.124407411366159,366.838679782792
2008-08-01,2008,"Q3","2008/09","Q1","August",143.734756070001,46.3016200473818,29.7307950289328,24.4524416526755,13.8874471855088,2.6750901182881,9.11648611740179,2.449480108312,2.11336723630678,3.79945673943432,5.28111594780799,1.89144065506498,0.4401697337493,1.06174833266306,0.178646293613732,0.0110502862029113,0,0.344400586657401,0,0,56.0654687648375,8.51424551934312,8.93876068097166,3.11618070922098,2.8205855532931,14.1369994822578,3.13183528134177,5.74522796833028,4.59599820322752,0.268890297604174,1.01386375911711,0.749577747430815,0.302041156212908,2.16033095266915,0.12707829133348,0.238502010546168,0,0,0.0386760017101895,0,0,0.0690642887681953,0.00184171436715188,0.0837980037054104,0.0119711433864872,0,0,74.2477938545444,50.3036653672028,2.76993840819643,13.3551917334018,0.177725436430156,5.58960310430596,0.302041156212908,1.0525397608273,0.321379157068003,0.0276257155072782,0.29927858466218,0,0.0488054307295247,0,49.6323604803761,43.2158276252189,2.60142154360203,2.48815611002219,0.12707829133348,0.278098869439934,0.188775722633068,0.228372581526833,0.00460428591787971,0.100373433009777,0.00368342873430376,0.162991721492941,0,0.232976867444713,0,0,0,30.1249219035033,26.3834791666342,3.46518558179626,0.124315719782752,0.0128920005700632,0.0101294290193353,0.0561722881981322,0,0.0202588580386707,0.000920857183575939,0.000920857183575939,0,0.00184171436715188,0.000920857183575939,0.0460428591787971,0,0,0.00184171436715188,0,15.7273198382934,5.51040938651841,8.66894952618389,1.36194777450882,0.014733714937215,0.171279436145125,0,0,0,18.9696579816643,10.3550390293114,0.507392308150343,1.44482492103065,0.135366005985663,0,0,0,0,0.0267048583237023,0,0,4.12636103960377,0,0.0672225744010437,0,0,0,2.30674724485773,388.50227889322
2008-09-01,2008,"Q3","2008/09","Q1","September",135.768510655211,43.7354343976134,28.0830181372953,23.0972081898575,13.117759912301,2.52682796533614,8.61122094899409,2.31372199235599,1.99623758363045,3.58887854904542,4.98841940833142,1.7866108918418,0.415774102385774,1.00290280345355,0.168745137788369,0.0104378435745383,0,0.325312791406444,0,0,52.9607484769094,8.04235847418175,8.44334563150359,2.9434718880198,2.6642595724009,13.353481213026,2.95825883308373,5.42680883846204,4.34127310671006,0.253987526980432,0.95767214796389,0.708033722472849,0.285301057704047,2.04059841882224,0.12003520110719,0.225283457150452,0,0,0.036532452510884,0,0,0.0652365223408643,0.00173964059575638,0.0791536471069154,0.0113076638724165,0,0.00260946089363457,70.1327407976208,47.515673412192,2.6164194560176,12.6150037801274,0.167875317490491,5.27980920812063,0.285301057704047,0.994204600474771,0.303567283959489,0.0260946089363457,0.282691596810412,0,0.0461004757875441,0,48.9195633729675,40.8206665794236,2.45724234150589,2.35025444486687,0.12003520110719,0.262685729959214,0.178313161065029,0.215715433873791,0.00434910148939094,0.094810412468723,0.00347928119151276,0.15395819272444,0,0.220064535363182,0,0,2.0379889579286,28.4553012247871,24.921221354508,3.27313378091563,0.117425740213556,0.0121774841702947,0.00956802327666008,0.0530590381705697,0,0.0191360465533202,0.000869820297878192,0.000869820297878192,0,0.00173964059575638,0.000869820297878192,0.0434910148939094,0,0,0.00173964059575638,0,14.8556608674616,5.20500466250309,8.18848828422529,1.28646422056184,0.0139171247660511,0.161786575405343,0,0,0,15.8446465461491,9.78112924964025,0.479270984130884,1.36474804737088,0.127863583788094,0,0,0,0,0.0252247886384675,0,0,3.89766475479217,0,0.0634968817451078,0,0,0,0.105248256043261,366.937171941107
2008-10-01,2008,"Q4","2008/09","Q2","October",141.558694375475,30.7730892764652,40.1224597645876,22.5298539874593,16.0739983505946,3.46210559915957,11.3762501432799,2.7232037380015,2.76578151631553,3.65902782386196,5.21311673232403,1.54787964912463,0.379651856633434,0.756642602122242,0.132168520183135,0,0.00354814819283584,0.0399166671694032,0,0,58.0539136941317,5.95379266757853,16.441231688553,4.42365375941806,5.2370667326257,13.9876872132071,2.60522781058971,2.47660743859941,1.84060187503359,1.06799260604359,1.11855371779149,0.836475936461049,0.369894449103135,0.568590747901941,0.107331482833284,0.0470129635550746,0,0.0248370373498508,0.0594314822300002,0,0,0.745998157543733,0.0141925927713434,0.113540742170747,0.0141925927713434,0,0,57.8977951736469,39.3711393847546,1.41925927713434,10.4847779098299,0.3069148186803,5.02950006334479,0.400940745790448,0.369007412054925,0.348605559946121,0.0195148150605971,0.146361112954478,0.00088703704820896,0.00088703704820896,0,46.6546005875985,40.0035968001277,3.78498708470764,2.05703891479657,0.227968521389703,0.151683335243732,0.0656407415674631,0.191600002413135,0.00620925933746272,0.0106444445785075,0,0.146361112954478,0.00354814819283584,0.00266111114462688,0,0,0.00266111114462688,32.9596356003003,22.3746225040228,2.80303707234031,0.189825928316717,0.00975740753029856,0.00177407409641792,0.020401852108806,0,0,0,0,0.0168537039159702,7.54158898387257,0,0,0.00177407409641792,0,0,0,9.93126679174749,3.81337227025032,4.33672412869358,1.38022964701314,0.066527778615672,0.28917407771612,0,0,0.0452388894586569,19.1369372780601,14.216542771645,0.446179635249106,1.03162408706702,1.20725742261239,0,0,0.0168537039159702,0.00532222228925376,0.0248370373498508,0.0354814819283584,0,1.74746298497165,0,0.0878166677726871,0.00620925933746272,0,0,0.311350003921344,366.19284350096
2008-11-01,2008,"Q4","2008/09","Q2","November",124.385074283683,39.0764232547241,28.8976923734658,20.8303735553053,8.10533721718858,5.4088127202678,8.12295549966503,1.8211740412491,1.97602947143678,2.71970644754766,4.94331915167971,1.23142521730082,0.394093160657265,0.602730716299344,0.155782708212754,0.0287456187773534,0,0.0704731299057695,0,0,70.3043653052057,6.85814827346147,9.22548907148027,4.22096957014556,7.5999706935222,10.4541324547059,10.2575495133898,7.99313657615438,2.87085276563503,0.740895142035656,1.17857036987149,1.83230137755001,0.299510802099521,0.60643982839965,0.0602730716299344,0.097364192632971,0,0.00556366815045549,0.000927278025075914,0.0343092869278088,0.00741822420060731,5.60168654948361,0.126109811410324,0.208637555642081,0.0241092286519738,0,0,56.8736703900061,36.4151353227562,1.5207359611245,9.30616225966187,0.0306001748275052,4.06333230588268,0.468275402663339,2.72248828162289,0.926350747050839,0.0287456187773534,0.0732549639809972,0,1.26017083607817,0.0584185155797826,44.928272772008,39.5094620924348,3.47358348193437,1.3936988716891,0.119618865234793,0.0621276276800863,0.0445093452036439,0.280965241598002,0.0241092286519738,0.0166910044513665,0.00165245707974282,0.00185455605015183,0,0,0,0,0,23.94046405141,21.412704155053,2.1828124710287,0.011127336300911,0.0964369146078951,0,0.114055197084337,0,0,0.054709403479479,0,0,0.0686185738556177,0,0,0,0,0,0,13.0171289160157,7.39411497195534,3.6145297417459,1.58935453498012,0.392238604607111,0.000927278025075914,0,0,0.0259637847021256,7.72700778295762,5.1519567073218,0.372765766080517,1.38720792551357,0.265201515171712,0,0,0.00463639012537957,0,0,0.00278183407522775,0.253146900845725,0.138164425736311,0,0.0176182824764424,0.00741822420060731,0,0,0.126109811410324,341.175983501286
2008-12-01,2008,"Q4","2008/09","Q2","December",132.138284611868,36.8099439955011,37.6056008242447,24.6550162712912,6.37748103511825,4.77111949434523,6.07182090587281,2.15090681718264,2.66253484890426,4.03659469145074,4.18707352431007,1.29599894800073,0.83327653695838,0.466484381863834,0.114740110055217,0.0347982300987134,0.010345419759077,0.0442031571524196,0,0.010345419759077,76.0595260687339,11.0159910580062,10.9858952914344,11.0912304744359,8.28197876349379,11.5671197833534,3.05377981433845,7.83900669926425,3.79112609534902,5.4351073443369,0.707250514438717,0.677154747866856,0.271802391852113,0.482472757855136,0.199384453538574,0.0141073905805595,0,0,0.017869361402042,0.0206908395181539,0.000940492705370632,0.498461133846436,0.0451436498577905,0.0620725185544616,0.000940492705370632,0,0,56.0449008057412,39.0774719081496,3.22777096483201,9.20178062934628,0.493758670319583,1.91672413354535,0.23794465445877,0.543604783704225,0.34139885204954,0.0395006936255666,0.0630130112598325,0.000940492705370632,0.894408562807472,0.00658344893759441,48.5444714804105,42.21213409515,3.68202894152603,1.38816723312705,0.184336570252644,0.127907007930406,0.329172446879722,0.2370041617534,0.038560200920196,0.0837038507779862,0.0244528103396365,0.0300957665718603,0.0056429562322238,0.201265438949315,0,0,0,27.3758616679284,24.4264765438861,2.43869758502605,0.174931643198938,0.028214781161119,0.25205204503933,0.0291552738664896,0,0,0.00470246352685316,0,0,0,0,0,0,0.0112859124644476,0.010345419759077,0,5.48307247231079,3.35661846546779,0.795656828743554,1.24521234191072,0.0733584310189095,0.0122264051698182,0,0,0,10.2071673313875,7.10354140366438,0.536080842061261,1.56874183255822,0.20784888788691,0,0,0.000940492705370632,0,0.0244528103396365,0,0.140133413100224,0.328231954174351,0,0.0206908395181539,0.0968707486531751,0,0,0.179634106725791,355.853284438381
2009-01-01,2009,"Q1","2008/09","Q3","January",122.067293696036,37.1241197914675,34.4307216385369,18.1951319381217,5.59165361081755,8.86245547560866,5.2925792331173,2.1860089630171,2.96221934213507,3.05902954532127,2.22404154284025,1.45128867097893,0.340564464780047,0.146944058407634,0.101996464071181,0.0890308118587429,0.000864376814162553,0.00864376814162553,0,0,47.4836759092057,9.0621265196802,8.01363744410103,3.05643641487878,5.82071346657062,9.0457033602111,2.18773771664542,5.00992801488616,1.37090162726181,0.893765625844081,0.885121857702452,0.650011364250239,0.388105189558985,0.417494001240513,0.0803870437171173,0.0873020582304178,0,0.0216094203540638,0.0363038261948271,0.194484783186574,0.00432188407081277,0.109775855398644,0.0553201161064034,0.0397613334514775,0.0112368985841132,0,0.0414900870798026,52.6025154026764,35.7739632077456,5.19576902993112,6.93489518002617,0.0829801741596052,2.08833438301673,0.444289682479551,0.406257102656401,0.676807045489277,0.00259313044248766,0.121012753982757,0.00172875362832511,0.87388495911834,0,37.2555050672202,32.21359511021,2.82651218231155,0.525541103010833,0.0933526959295555,0.525541103010833,0.124470261239407,0.224737971682264,0.038896956637315,0,0.550608030621547,0.0406257102656401,0,0.0518626088497532,0,0,0.0397613334514775,26.1966681068245,23.1177578947775,2.41247568832768,0,0.0112368985841132,0.454662204249503,0.0216094203540638,0,0,0.0103725217699506,0,0.0345750725665021,0.114097739469457,0,0,0,0,0.0198806667257387,0,3.57852001063297,1.80914067204222,0.658655132391864,1.04503156832252,0.065692637876354,0,0,0,0,18.5408826637868,8.30838993773045,0.352665740178321,4.68405795594688,0.149537188850122,0,0,0,0,0,0.00950814495578809,0.025066927610714,4.85174705789442,0,0.0146944058407634,0.000864376814162553,0,0,0.144350927965146,307.725060856382
2009-02-01,2009,"Q1","2008/09","Q3","February",119.472424700245,37.4904303117955,28.4194038710346,24.7105123063855,5.10217416154688,2.82929846194311,5.47163887574019,4.37036694451817,2.5346169670082,4.14512701032319,1.31226744270112,1.94881508281733,0.292010665675689,0.616961558881867,0.120187316665299,0.0756734956781511,0.00801248777768659,0.00712221135794366,0,0.0178055283948591,66.6327386356615,6.71891613980008,8.99891405076181,8.91967944940466,6.7091230991829,15.8540424827825,6.46340680733385,4.87960505661114,3.60472922353923,1.19831206097402,1.19742178455427,0.112174828887613,0.324060616786436,0.0872470891348097,0.15045671493656,0.104162341109926,0,0.0106833170369155,0.0694415607399506,0.0943693004927535,0.585801884190863,0.219007999256767,0.00534165851845772,0.308035641231062,0.0115735934566584,0,0.00623193493820069,44.1906506467811,31.4944186248268,1.31849937763932,8.44160101200272,0.110394276048127,1.1377732644315,0.308925917650805,0.308035641231062,0.395282730365873,0.0293791218515175,0.176274731109105,0.00178055283948591,0.468285396784794,0,51.0511207373204,43.4971253158014,4.03562301069482,2.79546795799288,0.227020487034454,0.188738600985507,0.144224779998359,0.00534165851845772,0.0302693982712605,0.038281886048947,0.0516360323450916,0.0124638698764014,0.00712221135794366,0.0178055283948591,0,0,0,29.2874732357635,25.4663569867472,2.559544706761,0.270644031601858,0.0213666340738309,0,0.0178055283948591,0,0,0.0560874144438061,0,0,0.202983023701394,0,0,0.0178055283948591,0.674879381644666,0,0,4.90631334920342,2.04318438331008,0.974852679618535,1.07278308579026,0.810151541966089,0,0,0,0.00534165851845772,21.4387464638301,8.31340120755971,0.723794729251024,6.45272349029693,0,0,0,0,0.0169152519751162,0,0,0,5.39240427438308,0,0.0160249755553732,0.464724291105824,0,0,0.058758243703035,336.979467768805
2009-03-01,2009,"Q1","2008/09","Q3","March",98.3337256894321,27.9003282433356,18.5211019681504,23.7831488628623,4.51276368417367,5.64832333244288,3.0669418369238,2.84975829763734,3.33221601705225,2.01980691536408,3.74641605269145,1.68239677397261,0.260620247143752,0.775655497451644,0.0868734157145841,0.013186143456678,0,0.134188401059134,0,0,67.4168732165071,8.2033325410486,9.76084877993147,12.7595329330796,5.45906339106468,14.2953308180338,2.28818371748235,2.69230023165466,7.25548152316267,1.02231394564127,0.864080224161133,0.803579095359904,0.199343462845072,0.315691787462819,0.164438965459749,0.102386525663617,0,0,0.0620524397961314,0.0248209759184526,1.02619222312852,0.082995138227326,0.013186143456678,0.00155131099490329,0.0201670429337427,0,0,67.4665151683441,50.6464257061052,0.52356746077986,11.8745100104872,0.369987672284434,2.11443688605318,0.408770447157018,0.234247960230396,0.595703422042861,0.00853221047196809,0.0930786596941974,0,0.597254733037765,0,40.5667825167211,35.9741263163099,2.67290884421836,1.16581021266982,0.29242212253927,0.168317242947007,0.0907516932018422,0.0100835214668714,0.0124104879592263,0.0201670429337427,0.102386525663617,0.0380071193751306,0.00310262198980658,0.0162887654464845,0,0,0,22.4862528711231,18.2635843429964,3.93257337207982,0.000775655497451644,0.0170644209439362,0.0279235979082592,0.171419864936813,0,0.024045320421001,0.00155131099490329,0.00232696649235493,0.00310262198980658,0,0,0.0418853968623887,0,0,0,0,6.01643066067038,0.930786596941974,3.40247163425834,0.618973086966413,0.966466749824747,0.0977325926789071,0,0,0,19.9025444091117,11.132207699426,1.02696787862598,2.74349349448647,0.235023615727848,0.00232696649235493,0.021718353928646,0,0.00620524397961314,0.104713492155972,0.00155131099490329,0,3.95972131449064,0,0.000775655497451644,0.428161834593307,0,0,0.239677548712558,322.18912453191
2009-04-01,2009,"Q2","2008/09","Q4","April",107.729639651403,34.6329405931823,19.3887925196815,16.8488420300336,4.42290993559611,10.7821209445044,6.03027097349717,1.86962403910726,3.48587534823564,1.57446703435994,3.52499254163588,1.857177659389,1.17351580200741,1.66870390936962,0.192029858510303,0.0284488679274523,0,0.248927594365208,0,0,52.3325815796712,4.73051332006168,12.3930380908964,8.11592860342849,4.9038736089946,10.7385586154905,3.29917965246174,3.4983217279539,1.6571465567741,0.635654392754014,0.472073402171162,0.551196816094388,0.196474994123968,0.681883803136123,0.103127146237015,0.17869445166931,0,0,0.0204476238228564,0,0.00622318985913018,0.115573525955275,0.0213366509455892,0.00177805424546577,0.0115573525955275,0,0,37.6760804342969,29.3796793249537,0.716555860922704,4.99988853824973,0.0248927594365208,0.620540931667553,0.10490520048248,1.00904578430182,0.775231651023075,0.0222256780683221,0.00622318985913018,0,0,0.0168915153319248,39.2736621738479,33.578554425621,2.34614257689208,1.51756929850503,0.093347847886953,1.52557054260963,0.121796715814405,0.00622318985913018,0.0115573525955275,0.0240037323137879,0.00444513561366443,0.0293378950501853,0,0.00355610849093154,0,0,0.0115573525955275,18.7460259099456,16.7723856974786,1.70337596715621,0.093347847886953,0.0720111969413637,0,0.0133354068409933,0,0,0.00800124410459596,0,0.0115573525955275,0,0,0.0417842747684457,0,0.0275598408047194,0.00266708136819865,0,6.1342871468569,1.1166180661525,2.37725852618773,1.06149838454306,1.54868524780069,0.0168915153319248,0,0,0.0133354068409933,16.581244866091,9.65216747151093,1.87229112047545,1.52023637987323,0.152912665110056,0,0,0,0,0.0391171934002469,0,0.196474994123968,2.90445160996835,0,0.00800124410459596,0.225812889174153,0,0,0.00977929835006174,278.473521762112
2009-05-01,2009,"Q2","2008/09","Q4","May",112.311649649272,36.8980036996337,25.0402340980536,20.7446483575186,5.30707043774876,1.59645080170433,8.43088155637505,1.19019875118407,3.03813891749617,1.52275428460315,3.81747958584116,1.37812486979208,0.858564424228753,2.26340428147001,0.115150807970595,0.0994902980865938,0,0.0110544775651771,0,0,48.4416418970697,5.14493810012617,6.29368256044082,6.29460376690458,8.65934075938871,3.7953706307108,2.6189899764832,3.30989482430676,1.18835633825654,3.88288524476846,0.606153853157211,0.290180036085899,0.444942721998379,0.796843591156514,0.308604165361194,2.70742579700462,0,0.0101332711014123,1.90781858645681,0.0801449623475338,0.00829085817388282,0.0359270520868257,0.00276361939129427,0.0534299748983561,0,0,0.000921206463764758,42.8010947194382,24.7832174946633,4.20807112647741,12.0862288045936,0.0064484452463533,0.327028294636489,0.250568158144014,0.596941788519563,0.363876553187081,0.0110544775651771,0.00276361939129427,0.00552723878258854,0.159368718231303,0,45.9580692707601,37.3963763965304,6.23472534675989,0.257016603390367,0.118835633825654,1.51538463289303,0.194374563854364,0.0525087684345913,0.0248725745216485,0.0386906714781197,0,0.00368482585505905,0.00184241292752952,0.00552723878258854,0,0,0.11422960150683,18.5309892250918,15.1612159806404,3.16250179010441,0.0138180969564714,0.0377694650143549,0,0.0672480718548274,0.0128968904927066,0,0.0101332711014123,0.00184241292752952,0.0230301615941189,0.0128968904927066,0,0.0239513680578837,0.00276361939129427,0,0.000921206463764758,0,24.032434226695,0.843825120808517,22.1421185630497,0.693668467214863,0.28649521023084,0,0,0,0.0663268653910626,20.9731075605322,11.6247043662475,4.04501758239105,2.42093058677378,0.307682958897429,0.000921206463764758,0,0.00460603231882378,0.00736965171011806,0,0,0,2.31407063697707,0,0.126205285535772,0,0,0,0.121599253216948,313.048986548859
2009-06-01,2009,"Q2","2008/09","Q4","June",120.251607547746,31.2571956630368,29.824522286692,22.5624494800423,7.29561365492532,1.72687453121968,12.1063296076017,1.18255447920371,3.63870288293069,4.12264940805052,1.88978722284418,1.77287340885483,0.652609076448726,1.50167169279758,0.618109918222362,0.09008113536884,0,0.00862478955659108,0,0.000958309950732341,56.4454144080857,4.50309845849129,10.9371914677082,6.50213301571895,3.96356995622897,9.37131300821159,1.96070215919837,2.45423178382553,1.34930041063114,0.773356130240999,3.08288311150595,0.558694701276954,3.58312090578824,0.735023732211707,1.69812523269771,2.04695005476428,0,0.143746492609851,2.52706334008119,0,0.00958309950732341,0.172495791131822,0.0210828189161115,0.0162912691624498,0.0114997194087881,0,0.0239577487683085,53.0568304222961,31.9826362957411,3.60707865455655,13.1355544946882,0.0622901467976021,3.16529776726893,0.161954381673766,0.235744247880156,0.22903607822503,0.0325825383248996,0.0431239477829553,0,0.40153186935685,0,48.0017454321829,40.891085597749,1.19597081851396,2.62289433515442,0.497362864430086,1.8016227073768,0.620984848074557,0.114038884137149,0.0450405676844202,0.114997194087881,0,0.00287492985219703,0.00479154975366172,0.00766647960585873,0,0,0.0824146557629814,19.8130582313912,15.9692770190038,3.28987806086413,0.0574985970439405,0.21274480906258,0,0.257785376747,0,0,0.00383323980292936,0,0,0,0.00287492985219703,0.0191661990146469,0,0,0,0,3.93290403780553,0.836604586989334,0.891228254181079,1.67225086402794,0.456155536548596,0.0689983164527286,0,0,0.00766647960585873,14.8470960666962,6.95828855226753,4.9333796263701,1.07714038462315,0.346908202165108,0,0,0,0,0,0,0,0.934352201964033,0,0,0,0,0.000958309950732341,0.596068789355517,316.348656146204
2009-07-01,2009,"Q3","2009/10","Q1","July",119.661968428373,35.5797516255559,31.1889732716824,17.87674044077,5.47064283449065,2.90219293944064,13.7968460186578,1.77203841103842,2.82081449847963,2.6507427005162,0.266994435512497,1.57727877143513,1.03963244238941,2.49347200562527,0.0731491604143827,0.12892539523035,0,0.0219447481243148,0,0.00182872901035957,53.7106853987657,6.97751553902695,14.7450420105292,3.89153533404516,5.35726163584834,5.04912079760276,1.84244447793726,2.77966809574654,3.73426463915424,0.747950165237065,2.22922066362832,0.519359038942119,0.312712660771486,1.18410203420782,1.16672910860941,2.01068754689035,0,0.00457182252589892,0.959168365933593,0.0265165706502138,0,0.103323189085316,0.00182872901035957,0.0219447481243148,0.0320027576812925,0.0137154675776968,0,57.1916710699851,26.8439131430681,2.56662116603966,19.4439612026481,0.0649198798677646,3.76169557430963,0.145383956323586,0.632740237584412,0.236820406841564,0.0320027576812925,0.0438894962486298,0,3.41972324937239,0,46.1461478474133,41.0531375535619,2.19173171891594,1.49590033047413,0.354773428009757,0,0.133497217756249,0.269737529028036,0.0365745802071915,0.0731491604143827,0.0530331413004274,0.0658342443729445,0.000914364505179783,0.120696114683732,0,0,0.29716846418343,20.2870052764239,17.1827377813385,2.94059624865819,0,0.0365745802071915,0,0.0740635249195626,0,0.0155441965880563,0,0.0155441965880563,0,0.00548618703107871,0.0164585610932361,0,0,0,0,0,4.80772856823531,2.34260186227061,0.50930102938514,1.30205505537601,0.228591126294946,0.00182872901035957,0,0.00640055153625848,0.416950214361981,13.8248932354897,8.7797279787363,3.18930339406708,0.810126951589289,0.242922875549134,0,0,0.000914364505179783,0.0210303836191351,0.000914364505179783,0,0,0.471812084672769,0,0.156356330385743,0,0,0.000914364505179783,0.150870143354664,315.630099824686
2009-08-01,2009,"Q3","2009/10","Q1","August",118.163788707705,40.4476311975561,24.5427913348765,16.6864897851146,7.32955588155539,3.94889879557397,8.91148660214989,2.9216600567725,3.4721177486282,3.06986020457981,3.18249231691335,1.23302522975674,0.519123946319289,1.25504353743097,0.119406976233311,0.0491177632732768,0,0.00169371597494058,0,0.473393614995894,59.0285423006417,5.43428770559684,8.57274340716175,14.9792240823745,4.29441685446184,8.80478249572861,2.74466673739122,1.78771721154978,1.95370137709396,4.76950418543269,1.11107767956102,1.94353908124432,0.279463135865196,0.857867141307406,0.716441857399865,0.00931543786217321,0.359914644674874,0,0.258291686178439,0.00254057396241087,0.0101622958496435,0.00338743194988117,0.00169371597494058,0.0499646212607472,0.0838389407595588,0,0,46.9599691212026,30.4945092708177,0.710513851487575,10.5772562635039,0.136344135982717,1.04163532458846,0.0169371597494058,0.122794408183192,0.178687035356231,0.0186308757243464,0.0525051952231579,0.000846857987470292,3.60930874259839,0,43.8723248988859,38.5760750452466,3.14014941753985,0.566547993617624,0,0.0237120236491681,0.285391141777488,0.307409449451716,0.0270994555990493,0.0398023254111035,0.00931543786217321,0.0270994555990493,0.0118560118245841,0.162596733594296,0,0,0.695270407713108,14.8818354138154,11.9457787712559,2.00705343030459,0.032180603523871,0.790965360297254,0,0.0110091538371138,0,0,0.00169371597494058,0.000846857987470292,0.0228651656616979,0.066901781010153,0,0,0,0.00254057396241087,0,0,6.4251115509371,2.40422982642816,1.73351830035169,1.90288989784574,0.294706579639662,0.0660549230226826,0,0,0.0237120236491681,24.201507565926,5.59942501315358,4.34184090176018,1.92998935344479,0.197317911080578,0,0,0,0.0169371597494058,0.000846857987470292,0.032180603523871,11.6036481443179,0.43443814757226,0,0.000846857987470292,0,0,0.000846857987470292,0.043189757360985,313.533079559113
2009-09-01,2009,"Q3","2009/10","Q1","September",117.913482259873,41.8219181882465,26.7804820810613,19.2411772767184,4.94321119954512,2.74997461100962,6.32122425517207,1.66762056731769,1.78519257206378,2.6064676052166,7.35689529697954,0.88438353570036,0.223905509038507,1.10050854442479,0.129675005234657,0.127081505129964,0,0.012103000488568,0,0.161661506525872,70.5509833479674,8.09344932671239,12.9778745238844,5.71348073063898,2.08430958413838,21.9427398857737,2.08430958413838,2.08171608403369,3.3672276359266,0.773727531233454,6.1223892471456,0.871416035176893,0.200564008096269,1.75407057080746,0.452133518251505,0.0198835008026474,1.36850355524308,0.161661506525872,0.0933660037689529,0,0.0155610006281588,0.184138507433213,0.00259350010469314,0.159068006421179,0.0207480008375451,0,0.00605150024428398,60.6619674487725,34.7935329045283,0.957001538631766,15.669063132521,0.153016506176895,2.23127459007099,0.235144009492178,2.69032410860168,0.732231529558364,0.0164255006630565,0.0363090014657039,0,3.14764462706257,0,36.6055249776738,31.1513942575042,2.56237810343682,1.38320005583634,0.493629519926595,0.260214510504211,0.277504511202166,0.210938008515042,0.0198835008026474,0.0293930011865222,0.00259350010469314,0.00864500034897713,0.00345800013959085,0.14350700579302,0,0,0.0587860023730444,18.9169897636318,15.2082846139206,3.31103513365825,0.0380380015354992,0.244653509876053,0,0.0224770009073405,0,0,0.00345800013959085,0.0129675005234657,0,0,0,0.0302575012214199,0,0.0112385004536703,0.0345800013959085,0,5.03139020310468,0.989852539957879,2.60473860514681,1.18955204801925,0.157339006351384,0,0,0,0.089908003629362,14.5884380888989,7.09495178640551,5.4740142209723,0.71061902868592,0.958730538701563,0,0,0,0.0146965005932611,0.000864500034897713,0.0475475019193741,0.0691600027918171,0.0639730025824307,0,0.00864500034897713,0,0,0.00172900006979542,0.14350700579302,324.268776089922
2009-10-01,2009,"Q4","2009/10","Q2","October",126.308503908254,42.8582416955183,31.4911779602394,18.6077456424207,6.13475895596608,4.71310859604886,4.29740084120568,4.42106074296285,2.82663732881754,3.36775902657754,1.81630962084429,1.27781898482382,0.774409171996865,2.76963099112808,0.171896033648228,0.224517268438502,0,0.0350808231935159,0,0.520950224423713,51.787188218848,7.99404258522243,10.2769271545405,3.57912098631845,6.02425436290652,7.25734529815861,4.17549498060822,5.48488670630622,2.18816634669555,0.969984761300713,0.364840561212564,0.599882076609122,0.268368297430397,0.318358470481157,0.310465285262616,0.0877020579837899,0.0306957202943264,0.245565762354611,1.26641771728593,0,0.000877020579837899,0.132430107555523,0.00263106173951369,0.113135654799089,0.0929641814628172,0,0.00263106173951369,50.3295800151574,26.0308478301686,0.741959410542862,14.7628874204113,0.765638966198484,0.591111870810744,0.143831375093415,1.28220408772301,1.89787253476921,0.0228025350757853,0.00438510289918949,0,4.08603888146477,0,42.7354588143412,36.7497933569475,2.10046428871176,1.78035177707093,0.486746421810033,0.156986683790984,0.624438652844582,0.179789218866769,0.232410453657043,0.0324497614540022,0,0.388520116868188,0,0.00350808231935159,0,0,0,24.059305566693,17.9438410634834,5.91374976984693,0.03332678203384,0.0149093498572443,0.00175404115967579,0.0228025350757853,0,0.0114012675378927,0.00964722637821686,0.00175404115967579,0.025433596815299,0,0,0,0,0.0806858933450867,0,0,19.8803025037655,5.76114818895516,2.74419739431278,2.97573082738999,0.0210484939161095,0.00175404115967579,8.37554653745192,0,0.000877020579837899,14.7076351238815,8.55007363283966,3.92291305361491,0.82966146852665,0.456927722095543,0.0192944527564337,0.00789318521854108,0.000877020579837899,0.591988891390579,0.000877020579837899,0,0.0438510289918949,0.218378124379637,0,0.00877020579837899,0,0,0,0.0561293171096254,329.807974150941
2009-11-01,2009,"Q4","2009/10","Q2","November",137.844117032677,51.6754630428566,37.7102409686106,19.3137549779418,5.463081384335,5.720374894694,2.4742471818085,6.23143734677696,2.22312166656084,2.02045897004519,2.28039590688049,0.984235791339066,0.163011299371287,1.24945958112694,0.0414136814618943,0.185920995499143,0,0.0193851274928016,0,0.0881142158763712,46.4749620218332,8.23163004717058,11.3966926814498,3.39504073771658,3.42411842895577,9.50928617737797,1.03534203654736,1.3428606499559,1.15517737013922,3.5668634586755,1.24593501249189,0.474935623573639,0.367436280204466,0.0237908382866202,0.77892966834712,0.0502251030495316,0,0.130409039497029,0.0599176667959323,0.0229096961278565,0.00176228431752742,0.198256985721835,0.00969256374640081,0.0246719804453839,0.0176228431752742,0,0.0114548480639282,51.3212438950335,27.6229255350836,5.94859071381381,14.252474418003,0.318973461472463,0.220285539690928,0.0625610932722235,1.17984935058461,0.224691250484746,0.0167417010165105,0.00704913727010969,0,1.46710169434158,0,40.0294071304766,35.8078550478396,2.05129894560192,0.702270300534677,0,0.213236402420818,0.336596304647738,0.152437593466122,0.0616799511134597,0.0352456863505485,0.00352456863505485,0.0343645441917846,0.0317211177154936,0.00881142158763712,0,0,0.590365246371685,23.7080109236964,18.9110730113868,4.44007533801035,0.0801839364474977,0.0925199266701897,0,0.0704913727010969,0,0.0440571079381854,0.0167417010165105,0.00176228431752742,0.0334834020330211,0,0,0,0,0,0.0176228431752742,0,4.69208199541676,1.62218271428399,1.08380485527937,1.76052203320989,0.100450206099063,0.0757782256536793,0,0,0.0493439608907677,17.3955084983132,6.89846196096108,6.83766315200639,2.82934747179028,0.0793027942887339,0.0229096961278565,0,0,0.542783569798446,0.000881142158763712,0.0149794166989831,0,0.0643233775897508,0,0.000881142158763712,0,0,0,0.103974774734118,321.465331497447
2009-12-01,2009,"Q4","2009/10","Q2","December",124.485896873957,40.4241955619403,28.6371619947457,20.7145118976431,6.48756061141672,5.56418101020115,4.01577168850794,6.69586637340103,2.25400236308228,2.55412286625781,1.13585429372921,2.35669846446388,1.33770525161718,1.55903305631889,0.333762329490189,0.178832866198987,0.0575452292224465,0.00354124487522747,0,0.1755497708451,65.0987045413065,8.40868595622763,12.6307351587176,4.59742115926406,5.49866798000945,21.8167243650576,2.2947266791474,0.810059765208282,4.55315559832373,2.02205082375489,0.596699761475827,0.204506891544386,0.588731960506567,0.263822743204446,0.336418263146609,0,0,0.0256740253453991,0.131026060383416,0.0247887141265923,0,0.223983738358137,0,0.0416096272839228,0.0177062243761374,0,0.0115090458444893,62.9943197742026,30.2041628520339,3.07911241901028,21.8494808801535,0.0256740253453991,0.512595195689175,0.764023581830328,1.34213180771121,0.204506891544386,0.0212474692513648,0.100040167725176,0.00177062243761374,4.88868855025153,0.000885311218806868,45.6032661919605,39.5742967918858,2.965792583003,1.5085703168469,0.472756190842868,0.160241330604043,0.421408140152069,0.154929463291202,0.0725955199421631,0.0309858926582403,0.00177062243761374,0.00708248975045493,0.000885311218806868,0.231951539327399,0,0,0,24.6415895670061,21.8778108391553,2.52402228481838,0.000885311218806868,0.013279668282103,0,0.0451508721591503,0,0.000722413954546403,0.00531186731284122,0.000885311218806868,0,0,0,0.151388218415974,0,0,0.0221327804701717,0,8.12804229986585,5.46856739857003,0.50551270593872,1.34832898624286,0.683460260918901,0,0,0,0.122172948195348,21.1285335922848,10.3492881478523,7.87307266884946,1.78832866198987,0.556860756629519,0.000885311218806868,0,0,0.432031874777752,0,0.000885311218806868,0,0,0,0.0513480506907984,0,0,0.000885311218806868,0.0749474978386771,352.080352840584
2010-01-01,2010,"Q1","2009/10","Q3","January",139.027921888775,54.414417913707,26.5059588501074,20.2955472846901,5.74784553194363,4.09463452830879,3.49884947719472,9.06814452021752,4.04930305702838,4.39622758213361,1.47188511851317,3.80044253101955,0.439437731799973,0.85667229399321,0.107315319765888,0.174849960653042,0,0.0351550185439978,0,0,43.774474011746,4.81531240846076,7.30114227234819,6.33252899825434,8.20962196209042,5.14188402809314,3.40726140256695,1.67263877704074,0.398731920854292,4.41843075174037,0.265512903213878,0.401507317055132,0.472742486210075,0.431111543197447,0.210004979197039,0.026828829941472,0,0.0259036978745247,0.0277539620084193,0.00092513206694731,0.00370052826778923,0.144320602443781,0.00647592446863118,0.00185026413389462,0.0194277734058935,0,0.0388555468117869,62.1994042570685,29.3858949745144,0.926982331081203,26.5401887365844,0.0582833202176805,0.178550488920831,0.416309430126291,0.36820256264503,0.337673204435768,0,0.0814116218913633,0.00092513206694731,3.89573113391511,0.0092513206694731,38.4410876457946,31.7070513304852,2.55521476890847,2.94932102942802,0.332122412034085,0.108240451832835,0.549528447766704,0.146170866577675,0.0499571316151546,0.0231283016736828,0,0.00185026413389462,0,0.00740105653557847,0,0,0.00832618860252578,16.8845853538553,15.1453370679944,1.36364466668034,0.0638341126193645,0.289566336954508,0,0.0092513206694731,0,0,0.00370052826778923,0,0.00370052826778923,0,0,0,0,0,0.00462566033473655,0,8.49918829904494,5.03734410452811,2.52283514656531,0.889977048403312,0.0185026413389462,0,0.0305293582092613,0,0,10.9498631443883,6.85707888021348,2.48953039215521,1.02227093397678,0.257186714611352,0,0,0,0.165598639983568,0,0,0.014802113071157,0.0619838484854697,0.0157272451381043,0.0481068674812601,0,0,0.00092513206694731,0.0166523772050516,319.776524600673
2010-02-01,2010,"Q1","2009/10","Q3","February",140.199784217418,60.6279327879969,30.5307196830101,12.0840712585949,5.13038792596079,5.74217419190502,2.5686406461688,8.31339985046515,2.07576495022497,3.55611537965068,3.5612854044333,3.86804020820255,0.537682577393269,1.22184919029432,0.139590669130945,0.144760693913573,0.00258501239131379,0.0413601982610206,0,0.000861670797104596,55.4984926999128,4.76676284958264,13.4170759817157,3.69656771957871,3.61126231066536,13.6876406120065,1.49155214978806,1.07622682558364,3.98005741182613,4.45225300863945,0.462717218045169,0.859947455510387,0,0.34294497724763,3.04772960935896,0.0956454584786103,0,0.0499769062320668,0.057731943406008,0.0258501239131379,0.00430835398552298,0.0887520921017736,0,0,0.0103400495652552,0,0.273149642682157,52.4611031401192,26.5093020729229,0.415325324204415,22.2983168874728,0.0930604460872966,0.694506662466307,0.119772240797539,0.27918133826189,0.353285026812885,0.0301584778986609,0.132697302754108,0,1.53549736044039,0,38.9406266627511,33.8240254695438,2.5677789753717,0.908201020148247,0.429112056958089,0.358455051595513,0.304169791377923,0.120633911594644,0.0551469310146943,0.118910570000434,0.00517002478262759,0.241267823189287,0,0.00775503717394137,0,0,0,19.6909010554342,15.5221377390422,3.7499913089992,0,0.00172334159420919,0.00172334159420919,0.0180950867391965,0.0180950867391965,0.085305408913355,0.0206800991305103,0.00430835398552298,0,0,0.00172334159420919,0,0,0,0,0,14.2141214690374,10.536510506995,1.59926099942613,1.55186910558538,0.487705671161204,0,0.0387751858697069,0,0,12.1797167170735,7.22424796292494,3.52681857254912,0.572149409277453,0.461855547248063,0.00258501239131379,0,0,0.156824085073037,0,0,0.0741036885509954,0,0.0146484035507782,0.0396368566668115,0,0.0672103221741588,0,0.0396368566668115,333.184745961746
2010-03-01,2010,"Q1","2009/10","Q3","March",150.934533044825,61.0935890974392,28.5745326730725,19.2354881150615,5.96901210896365,9.95151875627408,1.7586080855553,7.45984077760393,3.42890593787268,4.15058096218262,3.43460337227513,4.3879740622846,0.274426423717864,0.768204071929935,0.0769153644330344,0.0617222060265092,0.112049543248124,0.0246888824106036,0,0,56.0266707688629,11.6275140429939,12.1393335668137,8.66199943652023,5.54835153558297,5.17422000982226,3.75271012641175,2.83922147721942,2.14413448012088,0.99040401362537,0.339946919346004,0.613423770663458,0.301014450929283,0.197511059284829,0.73591861031607,0.0655204956281405,0,0.138637570459544,0.221250369295025,0.0484281924207994,0.00379828960163131,0.223149514095841,0.0389324684167213,0.208905928089723,0.0123444412053018,0,0,60.9074729069592,29.9580596604667,0.246888824106036,26.1217871628191,0.441551166189642,1.01414332363556,0.266829844514601,0.70078443150098,0.300064878528875,0.044629902819168,0.118696550050979,0.00379828960163131,1.69023887272594,0,48.5051077852324,42.2274846461362,1.96086700684217,1.50127396504478,0.733069893114846,1.2116543829204,0.533659689029203,0,0.0655204956281405,0.0123444412053018,0.101604246843638,0.0978059572420068,0.017092303207341,0.017092303207341,0,0,0,30.4888706322947,16.4693837126734,13.6273135182528,0.194662342083606,0.105402536445269,0.00189914480081567,0.0237393100101958,0.00189914480081567,0.00759657920326267,0.0379828960163132,0.00189914480081567,0.00759657920326267,0,0.000949572400407833,0,0,0.00379828960163131,0.00474786200203916,0,11.5805706019784,4.47438515072169,5.49992334316217,0.777699795934016,0.693187852297718,0.022789737609788,0,0,0.112584722252994,16.8572706987609,8.81914032930861,3.64066058316363,1.41296373180685,0.721675024309954,0.022789737609788,0,0,1.41486287660767,0.000949572400407833,0,0.0417811856179445,0,0,0.0664700680285482,0,0,0.00949572400407833,0.706481865903428,375.300496438914
2010-04-01,2010,"Q2","2009/10","Q4","April",132.434008197116,49.7920612867919,23.416918896464,19.4416505334253,5.97119817970623,4.75837632103293,1.63175143365965,9.70921137750509,7.27776071555471,1.81757366098032,1.65746790261921,2.546759990511,1.10000122065719,2.95241654926014,0.046455556830168,0.0331825405929772,0,0.0671946447007787,0,0.179185719202076,54.0750977138304,10.1040836105615,8.12391550067561,5.24284141369038,3.27677588355649,11.906725128275,2.02911235726055,2.85701674505533,0.807165299924169,1.43265619010179,1.07843256927176,0.204902188161634,0.29034723018855,0.306938500485038,0.584842277951221,0.139366670490504,0,0,0.00165912702964886,0.00746607163341986,0.0107843256927176,0.011613889207542,0.0522625014339389,0.0522625014339389,5.55392773174954,0,0,54.2783407749622,31.5126292376355,2.7201387651093,15.9724159144295,0.228959530091542,0.619683945573849,0.440498226371773,1.87979092459215,0.616365691514549,0.0215686513854351,0.0962293677196336,0.00165912702964886,0.168401393509359,0,40.5017794842732,33.7665533074135,3.92632411566402,1.2294131289698,0.501056362953953,0.294495047762672,0.39902005063055,0,0.0987180582641069,0.0132730162371909,0.0812972244527941,0.00995476217789315,0.00746607163341986,0.17420833811313,0,0,0,19.8000219718295,15.8214353547315,3.82096954928133,0.0091251986630687,0.017420833811313,0,0.0141025797520153,0,0,0.0091251986630687,0.0564103190080612,0,0,0,0.00331825405929772,0,0,0.0306938500485038,0,5.97700512430999,4.12376023219224,0.74577759982716,0.729186329530673,0.374133145185817,0.00248869054447329,0.00165912702964886,0,0,15.8496405142355,9.27286096870746,3.95701796571253,1.42436055495354,0.12360496370884,0.0149321432668397,0,0,0.455430369638611,0,0,0,0.470362512905452,0,0,0,0.108672820442,0.00331825405929772,0.0190799608409619,322.915893780557
2010-05-01,2010,"Q2","2009/10","Q4","May",174.809602270782,59.2890315165966,34.5833835822228,27.7631402133811,9.22593668857182,5.6081440423623,10.3362566822934,11.517513786725,5.75104633785055,1.66239576837761,3.65685946080343,1.316962881442,0.1675760731265,3.48619916547215,0.0514037034130367,0.199446369242583,0,0,0,0,104.517094001591,26.2498151849013,14.3087348820529,6.63930233282781,11.201895047769,4.46389760438811,4.15650345797815,4.23463708716597,1.58631828732631,0.516093182266889,0.649742811140782,0.742269477284251,0.420482293918641,0.249821998587358,26.6836624417074,0.015421111023911,0,0,0.184025258218671,0.0030842222047822,0,0.0760774810512942,0.00205614813652147,0.0390668145939079,2.09418687704711,0,0,63.2203867536258,41.3532513217198,6.51490537056828,12.1323020795449,0.776195921536852,1.17406058595376,0.305337998273438,0.255990442996923,0.642546292662959,0.0421510367986901,0.0185053332286932,0.00411229627304294,0.00102807406826073,0,52.0596146685872,43.7548323451769,3.77611605272168,2.39232835684273,0.447212219693418,0.421510367986901,0.780308217809898,0.00102807406826073,0.131593480737374,0.0740213329147728,0.092526666143466,0.00514037034130367,0.0113088147508681,0.0030842222047822,0,0,0.058600221890862,22.86950764846,20.4278317363408,2.05409198838495,0,0.0688809625734693,0,0.0832739995291196,0.00205614813652147,0.00411229627304294,0.00102807406826073,0.00102807406826073,0,0,0,0,0.0257018517065184,0,0.00205614813652147,0,5.97105418845833,2.43859168991446,1.11134806778986,2.38204761616012,0.0236457035699969,0.015421111023911,0,0,0,22.9897923144465,13.4502930350552,5.51972967249188,2.74907005852921,0.114116221576942,0.0400948886621686,0,0,0.874891032089885,0,0,0.0411229627304294,0.00102807406826073,0.0174772591604325,0.019533407296954,0,0,0.00411229627304294,0.158323406512153,446.437051845951
2010-06-01,2010,"Q2","2009/10","Q4","June",166.395416782266,59.4701343629814,29.441716742929,25.8310300137479,11.4863840553741,7.12993955543369,6.44894746591524,9.56627209387871,4.55169398015196,1.91154003309584,6.96421560637605,1.2515015463318,0.331447898115272,0.32573327918225,0.300017493983651,1.08863490674068,0.00476218244418494,0.0800046650623071,0,0.0085719283995329,46.8894007819338,13.0540945159998,13.1493381648835,3.62878302246891,3.09065640627603,2.28965731916412,2.66586973225473,2.41061675324642,0.886718371107236,0.88195618866305,0.611464225833347,0.541936362148247,0.481932863351514,0.208583591055301,0.391451396912002,0.152389838213918,0,0.0438120784865015,0.34478200895899,0,0.0409547690199904,0.124769180037645,0,0.0161914203102288,1.64200050675497,0.0190487297767398,0.212393337010648,57.2528622169692,36.5307015293425,3.24114137151227,13.7065135108531,0.400975761800374,1.40674869401223,1.29245631535179,0.48955235526221,0.1390557273702,0.00190487297767398,0.0419072055088275,0.000952436488836989,0.000952436488836989,0,44.6445079777451,38.6165374398958,3.24590355395645,0.889575680573746,0.709565184183556,0.212393337010648,0.678134780051934,0.0085719283995329,0.110482632705091,0.0590510623078932,0.0133341108437178,0.0419072055088275,0.0190487297767398,0.0228584757320877,0,0,0.0171438567990658,28.2006919979744,20.9440783895254,7.08707991343604,0.0380974595534796,0.0476218244418494,0.000952436488836989,0.0438120784865015,0.00285730946651096,0,0,0.00380974595534796,0.0142865473325548,0,0,0.00666705542185891,0,0,0.000952436488836989,0,3.21637802280251,0.108577759727417,0.922910957683043,1.73914902861634,0.136198417903689,0.283826073673422,0.0257157851985987,0,0,13.4464983494006,9.07481486563882,1.58961649986893,1.86201333567631,0.391451396912002,0.0742900461292849,0,0,0.198106789678094,0.165723949057636,0,0.0323828406204576,0,0,0.0276206581762726,0,0.0085719283995329,0.00571461893302192,0.0161914203102288,360.045756129091
2010-07-01,2010,"Q3","2010/11","Q1","July",143.519461619825,50.2540147233504,29.3160028713092,25.7391179090193,7.19904694941888,6.91084127207761,2.80456340397656,7.53252965159928,3.98176604979349,2.61736032050715,4.83680524963979,0.85678062387859,0.909894056862933,0.212453731937374,0.098390457823456,0.203746611776006,0.0452770248391125,0.00087071201613678,0,0,52.3820348907886,14.6471175354529,8.58347905507635,11.5578313021996,3.66656829995196,2.61474818445874,2.44060578123139,1.98522339679185,2.17678004034194,1.08142432404188,1.14237416517145,0.247282212582845,0.231609396292383,0.732268805571029,0.191556643550091,0.0783640814523101,0,0.00522427209682067,0.00522427209682067,0.00957783217750455,0.0130606802420517,0.0792347934684469,0.0783640814523101,0.0217678004034194,0.791477222668331,0.00087071201613678,0,48.5230392352702,28.703892323965,7.6204715652291,8.87516758048218,1.79627888929017,0.764485150168092,0.141055346614158,0.258601468792623,0.229867972260109,0.0226385124195562,0.107097577984824,0.00174142403227356,0.00174142403227356,0,45.3449403763711,36.5272397889541,4.62086866963788,2.44844218937662,0.451899536374987,0.40575179951974,0.282981405244453,0.130606802420517,0.23248010830852,0.138443210565748,0.0304749205647872,0.0374406166938814,0,0.00261213604841034,0,0,0,18.1839497450005,13.5221576106041,4.24733321471519,0,0.136701786533474,0.023509224435693,0.0957783217750455,0,0,0,0.0200263763711459,0.10013188185573,0.00174142403227356,0,0.00087071201613678,0.00174142403227356,0.0121899682259149,0.0217678004034194,0,3.33830986986841,0.0165435283065988,1.02656946702526,2.09493311082509,0.0835883535491307,0.106226865968687,0,0.0104485441936413,0,13.6771443494765,9.47508815960042,2.64783524107194,0.664353268312361,0.374406166938814,0.0618205531457111,0,0.00261213604841034,0.180237387340313,0.0470184488713861,0,0.123641106291423,0.0478891608875229,0,0.0243799364518298,0.00087071201613678,0.00087071201613678,0.00087071201613678,0.0252506484679666,324.968880086601
2010-08-01,2010,"Q3","2010/11","Q1","August",127.310260417967,40.7908414774988,29.6357500073151,23.2393496191937,7.49103510564288,7.34847802615173,7.18131287936744,3.75400309326735,3.04970323625742,1.42387368682247,1.07342086640669,0.88758753064142,0.695814316564021,0.276628618536427,0.254566213377081,0.194318876211171,0.012728310668854,0,0,0,48.4617700405947,12.9701485715622,8.60773222832368,8.60264090405615,5.92969566359678,4.63225652941828,2.88423519756232,1.22785770252212,0.63217276321975,0.605019033792861,0.605019033792861,0.422579914205953,0.415791481849231,0.295296807517413,0.12473744455477,0.114554796019686,0.0992808232170612,0.0678843235672214,0.0610958912104992,0.0543074588537771,0.0483675805416452,0.0407305941403327,0.00933409449049294,0.0076369864013124,0.00339421617836109,0,0,50.3294374927381,29.8767393559788,13.3867886074561,4.37938742413037,0.895224517042733,0.582956628633513,0.554105791117446,0.28341705089315,0.272385848313476,0.0551560128983674,0.0415791481849231,0.000848554044590268,0.000848554044590268,0,46.5007616435467,39.9100423792142,2.63730597058655,1.40690260593066,0.706845519143694,0.685631668028936,0.461613400257105,0.216381281370518,0.165468038695102,0.140859971401985,0.110312025796735,0.050064688630826,0.00848554044590268,0.000848554044590268,0,0,0,25.8062256040792,23.3615414016147,2.24018267771831,0.0619444452550896,0.050064688630826,0.0492161345862356,0.0280022834714789,0.00424277022295134,0.00424277022295134,0.00254566213377081,0.00169710808918054,0.000848554044590268,0.000848554044590268,0.000848554044590268,0,0,0,0,0,8.05362643720622,4.09257615705887,2.01871007208025,1.41538814637657,0.25371765933249,0.182439119586908,0.0907952827711587,0,0,13.8687673047834,8.06126342360754,4.71796048792189,0.543074588537771,0.178196349363956,0.0653386614334507,0.0627929992996799,0.0458219184078745,0.0441248103186938,0.0339421617836109,0.0313964996498399,0.0305479456052497,0.0195167430255762,0.0144254187580346,0,0,0,0,0.0203652970701664,320.330848940915
2010-09-01,2010,"Q3","2010/11","Q1","September",164.930478852612,43.5452311227231,41.2503585628849,28.2101170284551,6.0263489500197,5.03297336503257,16.7027065092159,9.14352654400571,3.33393175783348,3.18327303408299,5.91554188868062,1.51630715516625,0.442256253590157,0.507379701921013,0.000971991766132212,0.0544315389034037,0.00583195059679325,0.0592914977340648,0,0,50.183934885406,10.1592579396138,10.7443969828254,10.2515971573964,5.46745368449367,4.06681354949718,2.29973251866881,3.35045561785773,0.519043603114602,0.951579939043433,1.16541812759252,0.16718258377474,0.337281142847877,0.0252717859194375,0.129274904895584,0.0903952342502956,0,0.00291597529839663,0.299373463968721,0.00680394236292545,0.0427676377098175,0.00874792589518991,0,0,0.0981711683793535,0,0,49.1925032839512,24.5738958313545,4.15429280844907,18.0294752699864,0.0563755224356683,0.584167051445458,0.655122450373111,0.240081966234656,0.111779053105204,0.0242997941533053,0.0515155636050072,0,0.711497972808777,0,48.8688300258292,38.2021923842943,4.93577418841938,0.774677437607374,0.894232424841633,2.70310910161368,0.960327864938626,0.077759341290577,0.138994822556906,0.117611003701998,0.0136078847258509,0.0106919094274543,0.0194398353226442,0.0194398353226442,0,0,0.000971991766132212,26.8979281441767,21.1602607486982,3.14244937990544,0.060263489500197,2.49704684719365,0,0.00971991766132212,0,0,0.00291597529839663,0.000971991766132212,0,0,0,0.0106919094274543,0.00291597529839663,0.0077759341290577,0.00291597529839663,0,6.50165292365836,1.32288079370594,3.0267823597357,1.91579577104659,0.116639011935865,0.117611003701998,0,0,0.00194398353226442,42.3768125663135,33.1225634144873,7.08970794216832,0.820361050615584,0.300345455734853,0.0787313330567089,0,0,0.0165238600242476,0.665814359800563,0,0.171070550839269,0,0,0.0126358929597187,0,0,0,0.0990587066269182,388.952140681947
2010-10-01,2010,"Q4","2010/11","Q2","October",147.487850686377,39.8673774019151,36.4189447711147,22.0998846885311,10.1984218749407,4.86763341300846,10.4155821216151,7.68080474129656,2.270721251533,2.64466939414657,8.32597792228767,0.956045733284331,1.07588935489302,0.257708840451761,0.118041461885247,0.0405485937773749,0.0504604722562889,0.199138649439998,0,0.00540647917031669,57.9871923412315,7.74478141147863,8.12143279367735,24.1065895405803,5.39025973280573,2.13195495282821,2.16709706743527,2.74288709907399,1.3903662266331,1.05156019862659,1.15788762230949,0.100920944512578,0.525329559382438,0.35772870510262,0.413595656529225,0.0819982674164694,0.0865036667250669,0.0360431944687777,0.0153183576492306,0.0234280764047056,0.00450539930859721,0.099118784789139,0,0.204545128610314,0.0315377951601806,0,0.00180215972343889,59.629860929146,29.5896604991432,3.10331904376177,25.1986983329843,0.0342410347453389,0.118942541746967,0.412694576667508,0.374849222475291,0.269422878654114,0.0531637118414473,0.0342410347453389,0.00180215972343889,0.438825892657371,0,50.7084531666061,42.0101453130842,3.11953848127272,2.1409657514454,0.437023732933931,0.835301031813925,0.512714441318365,0.108129583406333,0.676710976151302,0.101822024374297,0.00630755903203613,0.338806028006511,0,0.209951607780631,0,0,0.211036635986506,25.768180805591,22.0494242162748,2.52752901212305,0.109030663268053,1.01641808401953,0,0.0288345555750223,0,0,0,0.00270323958515834,0,0.0342410347453389,0,0,0,0,0,0,4.8838528505194,2.16889922715871,1.0794936743399,1.16509626120324,0.0189226770961084,0.418101055837822,0,0,0.0333399548836195,11.894375820478,6.08228906660627,3.75750302337008,1.19933729594858,0.166699774418098,0.0531637118414473,0.00360431944687777,0.000901079861719446,0.0126151180640722,0.00810971875547502,0.0189226770961084,0,0.0378453541922169,0,0.0207248368195472,0.167600854279817,0,0,0.365058989777709,358.359766599949
2010-11-01,2010,"Q4","2010/11","Q2","November",179.375829498751,63.9962821470551,38.0556327025698,31.1176886673026,9.53901911770948,6.26413375646887,8.2489444690163,9.85709105055841,3.18699706400604,2.42006704170912,3.61388307914539,1.61860947407004,0.944799195271653,0.326442246871269,0.0701013799370994,0.108814082290423,0.00732402476954772,0,0,0,67.3810278798388,5.74308170857818,13.5787419227415,20.590972494957,3.22152460934819,5.38525078412314,2.96623003166682,9.08283700349192,1.84565424192602,1.23462131829518,0.960493534063539,0.4760616100206,0.345275453421534,0.367247527730177,0.423747147380974,0.205072693547335,0,0.224952189350394,0.17786917297473,0.10776779303763,0,0.0973049005097053,0.037666413100531,0.279359230495605,0.0219720743086431,0,0.00732402476954772,70.6956722326856,27.338491886216,12.4550272652423,25.5828185200301,0.0355738345949459,0.0219720743086431,0.636143865697855,1.04628925279253,0.961539823316332,0.019879495803058,0.0136017602863029,0,2.5069090496909,0.0774254047066469,57.5689272671503,48.6911629572057,5.07136400828537,0.855864608784288,0.586968270816606,0.225998478603186,0.731356187701975,0.0544070411452117,1.21997326875609,0.037666413100531,0,0.0261572313198132,0.0104628925279253,0.0544070411452117,0,0,0.00313886775837758,28.2707356104541,23.2338991475109,3.41404183186202,0.102536346773668,1.45538835063441,0,0.00941660327513276,0.00104628925279253,0,0.019879495803058,0.00209257850558506,0.0324349668365684,0,0,0,0,0,0,0,9.36324252324033,5.83515516282393,1.18544572341393,2.26730881080141,0.075332826201062,0,0,0,0,18.225312494393,7.4631812401691,5.15925230551996,2.42425219872029,0.0941660327513276,0.0230183635614356,0.00313886775837758,0.00418515701117011,0.676949146556764,0,0.00104628925279253,0,0.00104628925279253,0,0,2.22336466218412,0,0,0.151711941654917,430.880747506513
2010-12-01,2010,"Q4","2010/11","Q2","December",139.489104018406,45.3449620484614,32.122504632622,23.235984301353,7.27699984232795,6.24182248811663,4.50393377474486,7.51087879473459,2.5279842904162,2.86525674516382,1.27420835473922,2.64347835296485,1.50096004242609,1.74926830462495,0.374321917220227,0.200953710413537,0.0649656584511612,0.00357405959684082,0,0,73.0225788734154,9.43167812632347,14.1681045274963,5.15685358788532,6.16749217781822,24.4723775365068,2.57439145324476,0.908474508481338,5.10770455827521,2.26768867801078,0.669187295845615,0.229795447804771,0.660804790411622,0.295475123719152,0.377178980143293,0,0,0.0287493818640016,0.147359698654075,0.0277215542222316,0,0.251537726441401,0,0.0470615960806576,0.0200828583570191,0,0.0128592658292559,70.6602744404312,33.8802537566293,3.45380674196429,24.5085858685325,0.0285259410723125,0.574342141659598,0.856606452703904,1.50592440028233,0.229415101923806,0.024019388571489,0.112281480499252,0.00188782642222684,5.48336016875425,0.00126517141605313,50.6544117940879,43.8358449275334,3.32649216500019,1.69219159572569,0.530306430433502,0.180153855382743,0.452991944228322,0.173335435490576,0.0813046422096559,0.0346929069229325,0.00181334615833046,0.00751754130260766,0.000846095797862845,0.260172471702454,0,0,0.069796944902573,27.7157119903316,24.5409202337654,2.83180517597249,0.000873901763050824,0.0144720118101588,0,0.0509891886634597,0,0,0.00606567269172096,0.000988104834358603,0,0,0,0.170007657299686,0,0,0.024761211999897,0,9.11777261303562,6.134169707751,0.567432359310385,1.51247171201392,0.766263878737966,0,0,0,0.137434955222336,23.8192958529261,11.6086041616799,8.83092627615637,2.00639205085858,0.625120799443778,0.00085900571027155,0,0,0.484854601123193,0,0.00139824282088132,0,0,0,0.0572306347779762,0,0,0.000535264829868633,0.203374815525263,394.479149582633
2011-01-01,2011,"Q1","2010/11","Q3","January",159.303781779752,56.6845772722743,34.908573414528,24.443074188721,5.71317436380792,7.79976750023937,10.2694417753508,11.6023246646116,1.85010510012982,2.24359995646502,0.410522144133289,1.45044584833112,0.786560807606583,0.0540647400101043,0.347282565366784,0.586072419203739,0.117179457945177,0.025846192106447,0,0,79.5288101360765,10.8094267644175,11.4891277807183,21.480644750209,3.66957227105082,6.17167549859593,2.81919947073623,16.3205868431683,1.31149358020881,1.15966037683351,0.394874811757911,0.347328780090107,0.879594288792803,1.07733492811952,0.487337500571868,0.0686831867030972,0,0.844308131359316,0.0790377170811461,0,0,0.0399619523352329,0.0130098500075303,0.0075200273476158,0.0254691772582916,0,0.0329624487134577,40.0806382310016,15.1772953970217,0.639175568654893,12.8675937920827,0.0687277798571804,9.65628752828018,0.418754851161611,0.467697053944523,0.413023414685029,0.0358212752824812,0.283764076691106,0.000744300280874535,0.0517531930593708,0,47.8282301193947,41.2041724775358,3.64544818547659,0.370069667103144,0.839076948993084,0.189039298788216,0.882578786977879,0,0.160592109621807,0.0940866904071943,0.00117644848316879,0.097836569273256,0,0.214724144755345,0,0,0.129428791979439,24.9084256427608,22.4861709169165,1.53790275290312,0.0871690760320074,0.145959879590279,0,0.283938395384339,0,0,0.00467174097864823,0.0183942706668851,0,0,0.0177051037401494,0.0076221862096966,0,0,0.113083374046508,0,5.28223747373547,2.42759293178029,1.67126790421115,1.0432990005696,0.140077637174435,0,0,0,0,21.5031513204669,8.02759068131043,4.10098671326425,2.33508889295072,0.270098301926247,0.2202650468463,0,0.00684545454403452,0.956626124724839,0.0328148859126743,0.0474349541749069,0,1.94950242979597,0,0.0101988597310683,0.0173394398766697,0,0,2.21960073172222,378.435274703188
2011-02-01,2011,"Q1","2010/11","Q3","February",183.061338931457,63.2287499448784,36.112353669044,21.0644369047472,1.93261903130783,15.5874163689285,16.5214030083415,17.4512627708897,1.31446565253433,5.41216195069361,0.566444563348186,1.36036396376173,1.91929968763201,0.296723311752766,0.181848190268887,0.09719443896624,0.00607957310880058,0.00851590125372483,0,0,57.2622125990259,9.05557562337264,12.7190474749266,6.361307292318,2.32652466959998,3.81210084599458,3.29231767676578,10.6115301908457,2.05062867582759,0.962754518371423,0.898055990315465,0.0632562840866439,0.247649814342167,2.16573047272837,0.44067258355986,0.0368814746058147,0,0.488445725430042,0.0148792512203149,0.0451404193755046,1.24781788892776,0.0716017461910255,0.011786256505079,0.0440156940245097,0.0138808411779702,0.0132665681016576,0.267344620411434,29.5514932790858,19.1635394542042,0.298568726501745,6.10349082597616,0.274255625106624,2.57330844542188,0.323989249780922,0.554735307270984,0.1258913737102,0.022022987545826,0.0950955284266141,0.00134707490115306,0.0152486802394493,0,49.9847931486423,41.1426929924087,3.05903233550251,2.21935564711711,0.762052470526475,1.41748530364537,0.329547988534877,0.000598699956068025,0.402979576354637,0.0668294500094199,0.00464425052626179,0.0118779648798525,0,0.000737127691575084,0,0,0.550709655687768,18.8151211697997,15.313236013903,1.98855248818615,0.085844229828008,0,0,0.00594979710676274,0.00270107118908147,0,0.0264570009487864,0,0,0,0.00219061891439919,0.0177031770246589,0,0.00412687686480415,0,0,2.05657587741432,0.550807420275971,0.724403587161944,0.722076270858729,0.012695553692691,0,0,0,0.0465930454249818,21.1676460288213,9.80985537655037,1.91619631083661,1.5946338722938,0.835849161498635,0,0.00596450505366035,0,0.353520211631312,0.0470178455383192,0.101237394016393,0,4.75127766031577,0,0.110508591601978,1.60227767881383,0,0,0.0393074206705759,361.899181034246
2011-03-01,2011,"Q1","2010/11","Q3","March",231.962991684508,101.165415874895,39.4995096385967,32.1655676890312,2.10629381567102,14.3842758001531,6.00118420405616,23.6485107318291,2.6197500114072,4.74683625857608,0.635426312810971,2.19374051560189,2.24160583818323,0.127227588403659,0.0773856360543836,0.287742480992394,0.028675147433261,0.00189853732930488,0,0.0130783176737585,71.0605813959719,16.5632678801035,18.8769734595098,7.40132799942791,4.21934446305394,3.43516493598764,3.43292137694123,7.67012881496597,2.55942288063392,1.89700320272921,1.04008142508514,0.220598443433913,0.633356925067203,0.850296956393663,0.466472042985333,0.0183963281752058,0,1.06691414994855,0.196331465649502,0,0.0461582004212069,0.21205258119584,0.121712933881168,0.0327204636393886,0.0199305372574141,0,0.0800039294850481,57.3737013733038,34.4552629891207,4.86351059034821,3.65618553443877,0.364189378279093,12.2812392497997,0.422715081918802,0.427093672973622,0.47996866880896,0.0702383421493309,0.0947669894203907,0.00364067320168794,0.254890202844537,0,65.490005107134,59.1465670637601,2.23277434862241,0.841188605829807,0.523928678466581,1.66032894814022,0.377467011123077,0,0.267599221252258,0.395305326952209,0.00587319699857977,0.00565814370614763,0,0.0333145622827108,0,0,0,30.1643024072321,23.7438766155853,3.0042535617208,0.139415598647795,2.5668742626997,0,0.0158065201269363,0.000881149203856623,0.118463444804838,0,0.000727088869962921,0,0,0,0,0,0,0,0,7.83103036413379,1.2752074547937,4.54685788016792,1.26628364041637,0.271891943627202,0.378924478811223,0,0,0.0918649663173637,47.1349898636866,29.3846912156324,2.21194741907817,4.02525427720772,4.62191329437058,0.0557453983075089,0,0.00346184027962898,0,0,0.0392418320039177,0.0680024562109981,3.8340204470955,0,0.0251931858715711,0.872679835492995,0,0,1.99283866213566,511.01760219597
2011-04-01,2011,"Q2","2010/11","Q4","April",161.919906249652,62.4565117120076,27.3680848598436,21.9441242284732,1.95308326323644,6.56106980188249,13.8415255557087,13.6121953208907,2.24305218064297,3.30271574112676,2.21753725999954,5.05792082311823,0.759103068494555,0.103724422105059,0.070783114340044,0.185520499717012,0,0.242121276353372,0,0.000833121711402678,48.1578484195301,7.84156348280109,7.77733998429891,11.8149829519397,3.04338877537564,1.99365266757041,1.70196686148585,5.87080019766103,0.656061575482219,1.00051493530204,1.08756887394159,0.0505061879756984,0.567278093259473,3.50229019235552,0.394586437441382,0.0723840495655134,0,0.499813118981929,0.0256191676678396,0.00587047464787557,0.0171940086041188,0.0850588300341091,0.118516263107967,0.0308912900301667,0,0,0,48.5875610883749,27.3874189829551,11.3610751895944,2.94434892402267,0.131245824533402,3.91529095235969,0.625093586985572,0.910530612806573,0.452482602983659,0.170859386191671,0.186956750278441,0.00258062654421254,0.499677649119235,0,49.3449953243605,43.392937621686,4.22853380408889,0.00553801208841655,0.288158411482669,0.67893863625608,0.516269690971302,0,0.14997627192527,0.0756989938585754,6.13263027973027e-05,0.00817937534159983,0,0.000703180358938058,0,0,0,23.8656878741019,21.1383380436364,2.62797403025921,0.00996358025390175,0.00292897395763565,0,0.00775835408042822,0.00183506378846877,0,0.00581400181309956,0.00167058420054272,0.0480660043899331,0.000434291394687601,0,0,0,0.020904946327658,0,0,5.30076529184127,0.0474808538791963,3.36018849285321,1.69548383303156,0.193388509704337,0.00422360237296507,0,0,0,18.2856643117553,9.46796083035958,1.55507640402091,2.13676562302327,3.15688364730464,0.034334723053222,0.0589593826531127,0,0.0181562257290176,0,0.168642684300675,0.0414544615711364,0.824272882177985,0,0.00204175487643923,0.0404337123054877,0,0,0.780681980379805,355.462428559615
2011-05-01,2011,"Q2","2010/11","Q4","May",196.508502762085,78.8208865237511,34.133604042301,24.4849093601688,3.13261036770123,7.93022733058482,17.3413203480487,15.1117117157348,2.42727775712344,4.13031409355577,1.15750580542765,6.63856283106097,0.493209779524729,0.41871035022202,0.0985728074881563,0.189079649391945,0,0,0,0,49.6621220804509,8.08878939836082,8.8334414681847,11.0740883071805,2.67390894208368,4.17780259427648,1.96525885446474,2.63911299599854,1.49519877103239,1.52544012051004,0.94307043504257,0.617009226140965,2.86564331384097,1.11735492624934,0.549486074318617,0.0976309525452216,0,0.496228930998235,0.0541669186039433,0.00199437788183478,0.0257087177558734,0.17727733141445,0.0163664669804381,0.0316044417610078,0.0610915617314877,0.0672234765470298,0.0672234765470298,44.7436274426221,22.92243188705,12.9571724830303,5.59069748431922,0.0358331080651855,1.31176894979422,0.174548270684921,0.457410767646465,0.262407267305367,0.0466302553482972,0.0718867005210249,0.00111752582495063,0.911722743032203,0,55.8804805206292,46.5441610275692,4.17599775391633,3.10025879043237,0.385351923158142,0.319067811022015,0.39426368948873,0.0104484245947019,0.288324619339803,0.0828870591500483,0,0.00232550616653043,0,0.577393915791329,0,0,0,21.2094745323338,18.5676392241441,1.84517932273022,0.0402045702285484,0.121782846761491,0.0336963761927519,0.00938151280783314,0.000419614477621646,0,0.016712554525278,0.00102256424873987,0.0657088153045453,0,0.00835214378286228,0.13857591777719,0,0,0.360799069352573,0,4.88116803804341,0.0544193782123057,2.34637239020981,2.42657954048509,0.053796729136207,0,0,0,0,34.1951918947608,17.4696384794073,3.70997245288639,3.11888831549712,3.78954386674144,0,0.000400831045711262,0.00498251018057425,0.165954199834002,0.153568350201269,0.0216840661950372,0.0524945102761034,0.304232892698037,0,0.0767154404335215,0.072382091444232,0,0,5.2547338879201,407.080567270925
2011-06-01,2011,"Q2","2010/11","Q4","June",204.988180467815,70.6568549706242,46.3588238968343,32.7599584852469,2.07533807469016,3.87154547064164,14.7694146246385,16.4426753180562,3.06665974757744,3.33045892607041,0.773728653457969,8.82667138266411,1.49023760817165,0.466067341782022,0.0677813575643872,0.0124838656944279,0,0.0194807441002252,0,0,49.8591878117618,7.10943731268026,7.68930121659513,3.82366788337786,6.73146286712035,3.38150338262979,3.70672600898555,5.72561370336021,4.08549269150739,1.45786838869296,1.04696342381675,0.0513275753261081,0.443589688597377,1.06664720342907,1.36959961428596,0.0150031071647818,0,1.7702754069907,0.165865381819204,0,0.00692222298593494,0.0878855311495062,0.00470615059507345,0.0180854819553918,0.0641115784999999,0.0371319901964511,0,74.4966880170255,42.6901750746588,2.19391468039961,24.6446535650602,0.222555149617202,0.480093629295719,0.588092564980131,1.23332160493012,0.50117969637748,0.211488375403142,0.193176476493529,0.00216568792452028,1.50011032227031,0.0357611896147215,60.2270760979098,54.459667222604,3.24038674901894,0.989917025489662,0.310537083832284,0.551097205547837,0.219241574479512,0.073117445600104,0.106626791758958,0.0335370934680961,0.00903084603207523,0.00164932656518234,0,0.232267733513162,0,0,0,20.9016513730104,16.8453540362552,3.06680738831415,0,0.359836128443543,0.361674975393738,0.082406159167534,0.00221564578846228,0.0244787542728886,0.002904209290734,0.000347862488295222,0.0775783088922761,0.0109794296419828,0,0.00314805340679535,0,0.0244062046350818,0.0395142170196902,0,5.94641566234298,0.111824905686793,3.73884998654457,2.05929127114073,0.0364494989708831,0,0,0,0,20.632171078571,17.5277991252276,0.967260789279389,1.55743465659881,0.371541789671983,0,0,0.00390479160312018,0.0500032471759526,0.0926508342517218,0,0,0,0,0.0270544434096406,0,0,0,0.0345214013527846,437.051370508436
2011-07-01,2011,"Q3","2011/12","Q1","July",184.445301300908,63.93034294686,42.3050466140627,19.919571126188,1.91995494305053,4.39435993060572,5.33535909266397,15.6024689497899,2.81894189008905,2.66593132473955,5.89417679162677,11.8511312079246,6.38792907537567,0.689701208240334,0.129487508917682,0.439836607706285,0.00986310449507626,0.15119897857199,0,0,44.2980605867986,6.05766760253181,6.24674967593762,3.37412647896596,2.18158647388561,4.93393274221672,2.62445146625171,8.06144398580992,2.15466073851859,1.26415196708194,2.49153244407055,0.160488244322124,0.275309177132889,1.27836064658798,0.829199587136995,0.0319528052952133,0,1.89321715701728,0.0977398493405893,0.00984523088932934,0.00880761597776509,0.225115884283796,0.00107858794859489,0.0259891845644414,0.00413689013301491,0.066516150898141,0,62.786726126681,35.8392366899682,0.648948457389195,16.5786718031119,0.0159526660182705,5.75362870619435,0.858953522485403,0.930389297730893,0.843085223092283,0.111695448491304,0.104724253330735,0,1.08920702646236,0.0122330324061436,70.6187878500189,62.1956218114693,4.02050237409578,0.285640690324583,1.85531669825952,0.362293596232334,0.550772834640067,0.276382194607944,0.762380671274771,0.235763840447909,0.0141067393282427,0.0108704144275691,0.0245277247445793,0.0246082601663485,0,0,0,18.7839036344608,15.6961882017879,2.65902663294628,0,0.147291006848723,0.151391813137311,0.0411953029324482,0.00071817430302406,0.0158512914149129,0.0221507355569814,0.000317789504152774,0.0429164349850413,0,0,0,0.00233936644976101,0.000209866588734552,0.00430701800547443,0,8.10851250327815,0.219580557826018,6.58755099724769,1.09034103861892,0.209334655386285,0,0,0,0.00170525419923649,18.6695172925941,15.6892301283808,0.830780864579618,1.84708124250093,0.195046142719618,0.000353464580018092,0.00152286326991922,0,0.00765676415947762,0.0349869821194099,0,0,0.000318847493371876,0.0136336338006979,0.0452491409117635,0,0,0,0.00365721807848993,407.710809294739
2011-08-01,2011,"Q3","2011/12","Q1","August",207.191351680018,60.3939270142091,39.5680806644121,24.8684157198772,1.51006724280152,21.4041226535102,5.16823029123981,19.5081679652548,5.54307384277997,5.8784395817559,4.40018529370206,11.5872948083016,3.83449847820697,3.1719442829465,0.12985657215195,0.225017040804289,0,3.02280644271368e-05,0,0,60.729442739156,6.74473360715296,14.5615213597561,4.31390120612433,4.71891370779068,3.20118001483519,5.13197666270986,7.29881760078382,2.81404985590022,0.481306576607848,2.22883070032043,0.989038147359515,0.423108786999462,4.38594860752667,0.732015783944084,0.00658783303660378,0,1.4721099896658,0.67271826992209,0.0016907252698503,0.00130317770901227,0.13040525397645,0,0.310091304406402,0.0873019955311285,0,0.0218915718275405,77.6182599700746,26.9773453387685,0.116459570417107,6.60368673936468,0.204293596864212,22.4803130802537,0.665449695700378,2.2416753027018,0.511396517460818,0.0506379601270168,0.0274823032895154,0.00982412093881947,17.7296957441881,0,83.84503137606,71.7616019188834,3.75904153126858,2.14234431340611,2.11158504648828,1.34243149987205,0.674972708198065,1.17599115801628,0.563272004312137,0.0831467065420931,0.000331048251653149,0.167282150109784,0.00512425978348238,0.0563352455160977,0,0,0.00157178541201265,27.1700109152959,21.7487953078321,4.63032406326764,0.0171870830612167,0.0513111291757036,0.00147422949493493,0.0412175027227104,0.00215248442706281,0.00180179642456136,0.020385271714813,0.0170708663427295,0.0340970783621943,0,0.0111606938662003,0,0,0.0311228236252094,0.561910584978829,0,9.62355810959875,0.0680216649325494,7.33477635430945,1.94993289341078,0.241048163623077,0,0,0,0.0297790333228952,19.1106812612031,14.1066326154086,0.557046337495595,1.67293436805257,0.296551130340093,0,0,0.00727656589892917,0.160755716591428,0.00048289332922351,0,0,0.0377981142639479,0.0144432408962247,0.000181708027736159,0,0,0,2.25657857089871,485.288336051407
2011-09-01,2011,"Q3","2011/12","Q1","September",178.315077331101,65.7440595495179,33.9667684989759,17.9258671423038,1.19694410547496,25.3316978608723,4.56481148375353,16.3848916292341,2.97977408675449,2.04214720748364,4.18753421858375,2.57803518301349,0.29741667576064,0.872456563510648,0.141010170937135,0.0858403411216729,0,0.00231938564588226,0,0.0135032281568816,55.2328310298109,12.7056554231129,13.4687885716916,3.89898282754892,2.45155829336284,3.96579068984474,4.51976468255136,3.42026884094984,6.15082627065869,1.1792169647445,0.32598132136544,0.41243075186631,0.226598064764612,1.00685812932719,0.489497091930828,0.0331280128596303,0,0.649636010238794,0.0303483440867174,0.0246636500377838,0.000523174293403573,0.163679080102788,0.0191876001801345,0.00579199537538463,0.0836552389165852,0,0,40.323674554716,11.9649756354119,0.139156766793078,6.05763962557721,0.167347075954978,8.08466065278873,0.399464729004286,0.382284240133152,0.0774175702419362,0.0443012715685327,0.229067265019545,0.0172485237019267,12.7601111985206,0,63.6101237544449,56.8982023908461,1.90702229712602,0.654594958964289,1.99782011813745,0.362126205591135,0.717214372123764,0.450370200172895,0.437163486929646,0.042092222253068,0.000420727424827127,0.00488788163006915,0.0246654307799069,0.11354346246577,0,0,0,42.287998363437,20.2334124187069,4.53462977205347,0.00987258917749149,0.00704358610541221,0.0102519646732779,0.0502126540897343,0.00174860359893602,0,0.00410347246720989,0.000302215165357688,0.000170331855251041,17.2347192608208,0,0.0665411767296651,0,0.0330324257194062,0.101957892274161,0,10.4376937612754,4.32540381352071,3.79261419897535,2.198440935905,0.119990546414093,0,0,0,0.0012442664602518,12.3407973365245,7.61798062727874,3.25791140224376,0.861130889210101,0.403937167578675,0.000910501189887385,0,0.010441226591533,0.036094868599107,0,0,0,0.0761679460706008,0.0131697493537282,0.043958749692337,0.00235558116512311,0,0,0.0167386275508757,402.548196131309
2011-10-01,2011,"Q4","2011/12","Q2","October",159.070380784815,59.2831368147824,31.1618476381981,19.0221814724339,1.44122492296984,8.45978155536192,4.90849286183384,15.5773143889792,5.92786455767619,1.68256192562403,5.26232612589369,2.24419663464687,1.4837177977002,2.32249617322033,0.10282613405096,0.139614458359925,0.0504916433396006,0.000305679743524242,0,0,54.7618323224345,6.31736059146106,9.33045361228613,3.75469220472476,2.89604936432087,13.4406157757162,3.18339528426246,6.8307916442795,2.88070562831683,1.65303992507354,1.01113899442774,0.150786503837503,0.0730010608456194,1.14341533075531,0.464690504106577,0.195110031644809,0,1.23007034550521,0.00124065683686672,0.00224240886449841,0,0.0482532908963442,0,0.101550105540898,0.0528108713048008,0,0.000418187426962389,72.6112817437918,21.806843434349,0.263384623358255,20.4836005016516,0.077114592018107,17.6372765551741,0.414526486789526,0.243161642721122,0.204990119340625,0.0279822018310895,0.0117628935258083,0.0133535467082874,11.4272851463242,0,63.5885013045353,52.9853729382854,2.95264101904738,1.77143381976937,1.77425305199769,0.781356212475929,0.807851285814527,1.04209541711885,0.526309134589527,0.138427975148756,0.000253898366251329,0.0414234936513285,0,0.767083058270366,0,0,0,18.4649041917239,14.3488655111539,3.98200262550318,0.0839805610194034,0.00681916414081336,6.25424947685963e-05,0.0181062402550337,0.00162096833057665,0.00620158800819304,0.00521538959573725,0.000240024925554291,0.0110174961194994,0,0,0.000772080177199636,0,0,0,0,9.13986557115877,0.281425180051638,6.0357799737431,2.76427506629689,0.0323147477473147,0.00011309174409033,0,0,0.0259575115757305,20.6765720258077,8.36710094826679,2.00345143438717,0.704932476200217,9.47824012561264,0.0059431771733413,0.00020016899167845,0.00340479357314188,0.0299018811815184,0.00148268997096482,0,0,0.0123036696830821,0.0136094132789283,0.0112368148948092,0.0039604112716458,0,0,0.0408040213217966,398.313337944266
2011-11-01,2011,"Q4","2011/12","Q2","November",161.298966283567,61.5566466414937,36.5707068859963,15.9358811587944,5.11913168276729,4.22758113734842,3.04881033290906,16.3782359990371,7.71451723825136,1.6802443518182,5.00332163445661,2.08916258388759,0.993244849311415,0.684318420359442,0.148501339806293,0.123986918169884,0,0.0244298589893873,0,0.000245250170108998,52.3699117175846,6.75569553303744,12.6769585540673,3.94957216924662,4.55880044095076,3.51132098253266,2.91609427340434,1.45861794974045,7.24854006759452,1.11820688507924,0.792136273067837,0.956290963945316,0.155283342836319,0.785053924060783,0.70328646782644,0.0321484775724643,0.0147795841979784,0.503888077494304,4.09786925065972,0.00325601637379289,0.00486039494914446,0.0827388401676063,0.00395434787428392,0,0.038063663242858,0.0024952376624883,0,81.0658211930269,29.0231733674126,0.196701547736709,34.5985466530199,0.0909349749410714,8.24060612620761,0.317484124137405,0.43885735065873,0.540061972860272,0.0363999968047227,0.62884764090269,0.00464270045843689,6.94725301981609,0.00231171807059098,58.3445478069277,51.2855892525876,1.60445053648971,0.899269548998262,1.87183386165277,0.744205626875908,1.21689884012388,0.131523581423625,0.364665709827013,0.164381610034949,9.56357765803489e-05,0.0184151230331471,0.0100714852353244,0.0314750910087462,0,0,0.00167190386019352,28.8563461320134,18.4683934931123,4.42767572856426,0.141419075562235,0.0175140923864997,0,0.015420639030407,0.000354463437490618,0.000117127048909943,0.0135009421102269,0.00288886930982163,0.000496364398390393,0.130185312421106,0,0,9.58515369336041e-05,9.58515369336041e-05,5.63818832155784,0,8.04113781794798,0.733147662188319,4.84677975995565,2.34950800140133,0.0915385414121219,0,0,0,0.0201638529905532,24.1725399928018,12.808944036996,6.76972799028198,1.30466024643662,3.14041260614841,0.00239108705768127,0,0.0621678628019143,0.0157144815143599,0.000212053898615311,0,0,0.00661280824400975,0.0131074414602509,0.00862549017071598,0.0116910517983998,0,0,0.0282728359927522,414.149270943869
2011-12-01,2011,"Q4","2011/12","Q2","December",161.876048584946,57.0301479434418,36.6822422296317,18.1182029708355,4.58024137041249,10.1031953831527,7.7948065809211,7.42530169586954,9.81206095630539,2.63077046168404,4.743264392389,1.41421305571283,0.676099851643422,0.34146408192871,0.31888517255724,0.204930845524457,0,0.000221592936535546,0,0,49.3995017630178,15.554574823915,10.296095970566,3.87478915159265,2.00822149227613,3.25216465398503,7.52495282861359,1.17723797163945,0.886568716565982,1.36233904888346,0.432737531689513,0.000181140269164399,0.478116619162955,1.42346307821297,0.370906585409331,0.0179034897138243,0,0.0212536640464531,0.543949728350563,0,0.0057474512123411,0.0351249354993176,0,0.00820322703310497,0.110677388232627,0,0.0142922661484063,70.1707431476049,33.9509067073215,0.850408591520092,29.5293451865107,0.136906293692589,1.44253598878,0.398898045733123,0.189720275928335,0.270578892821671,0.0136026099447375,0.232581984177837,0.00723829341708893,3.14802027775722,0,86.9905324909646,76.2868576554019,3.91358982150822,2.27506405404561,2.16883432738662,0.464977059408023,0.888383501381051,0.130078831985643,0.283593814095956,0.391274164664524,0.00500616704284711,0.00182571058089152,0.156019848230245,0.0250275352330943,0,0,0,39.2207786262874,25.9327892569464,4.8712340354966,0.0203136795632196,0.00757355237071068,0,0.00451061190383938,0.00226550879216305,0,0.0243688223308512,0.000892318088971518,0.00199274223503189,0,0.00939917527094387,0.0687148377420831,0,0.000242716004226884,8.27648136954237,0,4.91716036600567,1.00768318634902,1.45977794386858,1.66210995498215,0.000429005519326605,0,0,0,0.787160275286599,19.2432561830849,5.76363187610154,8.85538526047331,1.55053219189135,2.98306491754832,0,0,0.00129289116208869,0.0250314808627197,0,0,0,0,0.00871270745485111,0.0170397395775342,0,0,0,0.0385651180132183,431.818021161912
2012-01-01,2012,"Q1","2011/12","Q3","January",201.917991696138,77.1325315173935,41.6350071931956,17.5120427071367,13.7827934543616,7.09283627918922,5.15050323012543,15.123823548841,6.94668194941838,3.60764851914086,6.66560617788334,2.05411990435335,1.77522081153093,2.72957705264015,0.0844254028744764,0.282741054723405,0.130618531527917,0.208261727842517,0,0.00355263395972438,53.0300706546291,8.34492352852383,10.7424124528151,5.04984072733123,2.13775554875434,7.72397922932282,4.32327118253539,8.74194396669705,1.66242843101529,0.663406146762892,0.461844118211459,0.171025755204535,0.332102975651426,1.80807904507881,0.575371707487112,0.0112087778056397,0,0,0.00121752604578446,0,0.000327457630103718,0.0594121549301982,0.00583900435397174,0.157171188229679,0.0558111447880852,0,0.000698585454375017,66.6011584446556,31.4603493179096,0.000262356692502047,22.5137357812292,0.264831491697054,10.5436135569355,0.167325575179016,0.425163762513621,0.900350268665695,0.0266865751892348,0.0827075623149758,0.000104787818156253,0.216027408511155,0,67.2804795169211,56.1564739344674,3.50227437966771,2.19797645817629,2.87759700865918,1.03578462635173,0.668560667035461,0.348363057923965,0.238530992605335,0.161944677700346,0.00826470469198274,0.0226308564631307,0.0312263826634519,0.0300700086547327,0.000327457630103718,0,0.000454304230341468,36.2707408431328,17.5648249092434,4.49424011395357,0.0346681807068128,0.00762775791839529,0,0.0129869875047133,0.0421344417994829,0,0.00339152053849186,0,0.0219424658826896,0,0.00022562073326336,0,0.000544776208644516,0.0209734796791643,14.0671805889642,0,10.0240029895055,0.553291862094118,5.57992223777078,3.8563970545419,0.0244847749306587,0,4.53994512652336e-05,0,0.00986166071676106,22.3562020715867,8.05952873698818,6.94613663980708,1.35044643755182,0.937788127507772,0,0,0.0120987707947838,0.0814339171445749,0.0189091166451404,0,0,1.74942432196392,0,0.00160709067582824,0,0,0,3.19882891250757,457.480646216569
2012-02-01,2012,"Q1","2011/12","Q3","February",173.595952231907,61.3745418789271,37.0538187174108,20.8529692263252,5.64706245695354,5.16757708447117,2.88356034948231,16.1920413520015,6.26718908301797,4.42770225581676,9.57686250477489,2.15378876240197,1.48668450953362,0.247279152509096,0.20663123124504,0.0243811565001433,0.0197302004704873,0.000814966990572598,0,0.0133173430745516,55.8499676200181,13.4728459203448,9.5129989005639,4.7151992798931,2.15632883757811,3.65076758799292,8.85146212601614,4.49451403774466,4.0159307467595,1.77633575518287,0.61006475618707,0.278537164572999,0.444128287167976,0.712790129500048,0.209034468528626,0.0685628432007396,0,0.0558186024470225,0.408453959568988,0.0168661861045234,0,0.185467995757773,0.0027024421301718,0.00536937948182127,0.0133175777767574,0.000945242901188968,0.19152539261633,66.3422010182669,26.2017855465635,0.727978251804822,14.2573536623469,0.0826850830882007,7.78450920711071,0.317716133289598,0.892714022141687,0.392234779666472,0.046595509862985,0.154612449417859,0.00189218537007561,15.482124187604,0,70.4944977041371,58.3827058848725,5.15737948617603,2.10115411389341,3.0732085867439,0.468513215089773,0.545636231253296,0.044773492359285,0.399046842636469,0.0928149296740138,0.00703775606565191,0.00912696989096488,0.00201958820196496,0.1900838840406,0.000313057197250359,0,0.0206836660420612,27.5326680365499,21.4230238829296,4.18829254275082,0.0546299247992704,0.0134265362525373,0.054518999680869,0.0659045736443482,6.15081642967265e-05,0,0.0387162816438563,0.000418902971578758,0.00289646801580992,0,0,0.043712929743219,0,0,1.64706548595369,0,6.6651276585859,0.651333737592622,4.54584976164698,1.33476366494834,0.100363064225995,0,0,0,0.0328174301719535,31.7493359127715,10.2347143320133,7.10619164360483,1.64372129774657,1.86043459668389,0.00958051167085812,0,0,0.0142232126574111,0.000323136378404657,0,0,1.94797881082753,0,0.0331295193603232,0.00200306192939997,0,0,8.89703578989889,432.229750182236
2012-03-01,2012,"Q1","2011/12","Q3","March",190.530012015955,75.7431996383169,45.7361260216257,20.3941057387409,5.58201782565182,2.30222615224097,2.24199363599497,19.0822353470298,4.74698334196422,5.46038350060883,4.19819312887468,4.01248378824903,0.772420704935286,0.0840133522485393,0.0445843361556303,0.000242924830685847,0.050359337033741,0.0764162487054158,0,0.00202699274830067,47.9308239572956,4.4544538512582,10.1536491564765,5.04522050626422,2.30249868495885,6.76410541633546,5.28124842490017,5.85702470297591,2.08291743083615,1.70126360081201,1.30689983187224,0.544504646612594,0.351151723316754,0.810074193847272,0.408154500854821,0.0538978825012344,0,0.0101192400262617,0.0904609865095244,0.0047831366570463,0,0.169179835346331,0,0.0360678201177731,0.0470916686951707,0.0573826169477089,0.398674099173327,101.888263660914,36.3200356319082,1.09252088500366,45.3168411100784,0.126969885308948,2.09643060194833,0.527643576795325,0.871386924950505,0.479653448879437,0.0414807725977489,0.200761307217143,0,14.8020102730203,0.0125292432064428,54.7322713577865,47.070753333266,4.47277290804608,1.67763250363306,0.469786313880837,0.465891553995348,0.14721574981381,0.00269072624555645,0.102865692635416,0.106809139099908,0.0008365629689647,0.0456829552054688,0,0.0157049694195668,0,0,0.153628949576403,20.3180319253983,17.1443420428947,2.62425077489923,0.325105717508854,0.0360154982508437,0.0188440974810031,0.017921829314309,0.00128067251717405,0.0115295565465423,0.000374916441416206,0.000663812334825238,0,0,0.015596261171016,0.0122355907796766,0,0,0.109871155258686,0.109871155258686,6.53202398379028,1.46560597348003,1.70317145247341,2.93319313508052,0.428032167631131,0.000505313781297555,0.000505313781297555,0.000505313781297555,0.000505313781297555,26.9201613768939,9.32295815860034,6.51438243955487,2.43494320876601,2.23996086182491,0.00167486036445745,8.93492453842361e-05,0.0083813446451587,0.078273994711553,7.11290071098034e-05,0.000477037373052425,0,4.9710997798284,0.0305101393797347,0.0267890411402993,0,0,0,1.29055003245263,448.851588278034
2012-04-01,2012,"Q2","2011/12","Q4","April",168.493433326678,64.8281169490724,32.0788044475212,27.838386364628,4.11344683437715,1.61740858502997,3.12613009366487,14.7703137968735,4.18527043179273,2.16605421420978,7.88588691724077,4.38941928239974,1.00111207733779,0.19658290242656,0.0518367938784015,0.158912747350437,0.0122470956537048,0.0358919794022853,0.0358919794022853,0.0017198344165738,51.4207546468175,4.81477601443017,9.58483749488885,4.19428939128759,2.00573660889453,5.84453422288248,3.50108547288462,4.12403431000561,8.68711322952263,1.18015514981372,1.0820736192185,0.873845346580209,0.568058724301363,1.53520125606202,1.17546923481181,0.223228922830696,0.00105518359262984,0,0.0500632953418023,0.0178759124545008,0.00896160148907107,0.276110007098164,0.169817978334067,0,0.120998404930221,0.0177869394773099,1.36364632568496,91.1275613162013,43.439452280664,7.28247588788896,36.4727759724333,0.501107669552178,0.21827008136983,0.297683378450479,0.391980706221025,0.149290811361032,0.0339407175763789,0.0780277414487758,5.67108211556281e-05,2.2620992320649,0.000400126349264708,57.3310322418369,47.7079349583247,4.44571188487885,0.60761229300708,3.00744965147291,0.1975188171297,0.890649599682028,0.00271069848620963,0.326389849464207,0.0979929514431763,0.0330434814971704,0.00895716701791682,0,0.00495589564876681,0,0,0.000104993784167295,21.8593027080212,15.8610777214858,5.79918984082831,0.0740443654943016,0.0190123500514419,0.00179505501963439,0.0541007607474606,0.00213308301973369,8.03403299704729e-05,0.0016049634977219,0.00161287150667194,0,0.00166153690355701,0.0429860384151808,3.7807214103752e-06,0,0,0,0,4.35709263817545,1.11587134676054,2.40772003735588,0.757750995558359,0.0661376089082339,0,0,0,0.00961264959244064,19.9500377856771,4.87946051791016,5.51864178210735,1.06761190041561,1.30380343557401,0.00926276745541921,0,0.00849730527036822,0.00730017921828757,0.00116619502504198,0,0,7.00396209024157,0,0.0112287268358085,0.00389886895444942,0,0.0130788386109814,0.122125178058057,414.539214663408
2012-05-01,2012,"Q2","2011/12","Q4","May",194.079761328316,89.2282794164364,44.6784671825257,21.1549140064549,1.97256623383594,2.1344188365393,1.37760850226787,17.1200893140564,4.44980397408717,2.74894667335617,2.25442159289441,4.56729159162993,1.65041543784554,0.373723000354533,0.0798990947052347,0.0104137572502169,0.0568546416838194,0.00520913008603023,0.00520913008603023,0.21122981222069,63.9090452410502,6.44754748962465,8.71581262122808,5.25405602730121,2.28855076653173,29.7839657090148,2.47232445407457,2.78395544536693,0.952959375152428,1.82443854468276,0.978620664690413,0.156456380137781,0.715108380062553,0.492087554421443,0.559973814271373,0.0534676939704851,0,0.0414036158646018,0.0610458532822526,0.0189893858987065,0.00144168547691457,0.144916783204463,0.0577919999142549,0.0193235386046832,0.0598216469060234,0,0.0249858113670662,59.9844245539682,32.9099109543159,4.49826056896945,19.9103272960184,0.250490913948783,1.39083698248309,0.227663225488778,0.253511497844787,0.192156185778324,0.0299106583458773,0.210718730591445,0,0.109914821227462,0.000722718955892104,57.5247432357616,47.474014046281,4.77953881652657,1.13488093092301,2.02307905339231,0.487770753347415,0.989040827505176,0.000158352751498686,0.340586598994581,0.184019406007003,0.0776521367052963,0.0142389893563249,0.00701930466714314,0,0,0,0.0127440193042615,31.1918406388888,21.1874010615689,7.52889570320676,0.0175261223021271,1.51887006023511,0,0.203370945280684,0.000372992026041928,0.158317478610911,0.00181087253399869,0.000928472464664048,0.145724307188409,7.50486973927421e-06,0.00650672206395073,0.00837993755087356,0.000590633248480879,0.0316893124740853,0.381448513264142,0.381448513264142,8.32590066548446,0.393122282543649,7.11997077095477,0.782919162260596,0.028519783959114,0,0,0,0.00136866576632972,27.1862234105298,7.15713542537468,5.62180736042714,1.98341924563526,3.20451574719618,0.011012645855411,0,0.00362034916222587,0.0284959904000241,0,0,0,8.19149552512919,0.0417683525339305,0.834994809139542,0.00105143225047231,0,0.0192312287068901,0.0876752987187914,442.201939073999
2012-06-01,2012,"Q2","2011/12","Q4","June",259.370508228933,104.090042181292,79.6683901125688,34.1451589000033,4.67513025045357,3.56802353126092,3.53028303179237,14.8231892926472,3.26665956078252,4.16216637330849,1.68913393255236,4.66909106493075,0.253653690110283,0.512622817770084,0.185241659960872,0.0759448471577898,0,0.025199715250639,0.025199715250639,0.00537755184105566,41.1255571352104,6.91608821815251,8.15299904042,2.37229764249894,2.57822888060626,3.67939375752982,3.71845092923419,2.07453418908409,1.69453045288844,1.51380694172757,1.1493347261407,0.0518907444040152,2.58119355790914,1.0937537348978,2.63390880476033,0.188510611288192,0,0.0612984958473906,0.0033532063099938,0.00860098988440035,0.0161631870313718,0.0753203097305285,0.0843416566216837,0.0204135597980236,0.0656267631029239,0.0367045677790292,0.354812167563071,57.9719517689998,29.5321178962634,0.915578745245228,22.2931302829098,2.34095469315957,1.41411902381973,0.23666685089668,0.169143617645093,0.68532133902108,0.0888867988966602,0.174603286723277,0,0.121429234419302,0,62.3556185163618,52.6184125221678,3.69232140248581,0.881038238180609,2.35151249881895,1.26892385004628,0.842774190773656,0.0019192944177394,0.472676882230996,0.0634138964909075,0.0798359259340962,0.0265831502315142,0.0460515226903157,0.0101551418931792,0,0,0,28.6914756047747,22.7139689753652,5.07661924238561,0.0403121210539293,0.239668163976004,0,0.526866618282636,0.00057793428049881,0.0243300814978342,0.00758480028715832,0.000698433194228311,0.0134545403027137,0,0.0323016295724339,9.21010805575793e-05,0,0,0.0150009634958158,0.0150009634958158,5.49622071413858,0.542005828955502,2.70649943801547,2.18560267799191,0.0605617793040106,0,0,0.00155098987167968,0,31.8594263042302,10.7868379049037,1.69387721495197,3.07320074464666,1.60115220329925,0.0402519022974248,0,0.000871068994643448,0.0123707792127026,5.15827255360511,0,0,7.16557331461139,0.0137326548656374,0.0667013831606897,0.0406020092049843,0,0.0108739140760306,2.19510865640001,486.870758272649
2012-07-01,2012,"Q3","2012/13","Q1","July",208.036918239918,83.1861533558922,45.1837706976202,24.0414283717688,1.5898536397821,4.06020144660609,8.76964727264023,19.0398814714616,5.14492110288757,3.43685957710672,7.58170025895896,4.45643860127023,0.85331611165491,0.336331435114303,0.0673661287797577,0.173441463899132,0.0289089180018595,0.000842630470394882,0.0804767640979677,0.00537899190455439,42.3810602818017,12.8288008445102,8.35750116606747,3.43998783308297,3.14426343228869,3.6186541259747,2.52156686064146,1.53217625690088,1.19338736645901,0.799651819388964,1.00289614915832,0.086504383268374,0.623019913075282,1.44941167874101,0.610354819278773,0.109903565354132,0,0.10858156157222,0.0417117675442141,0.00447434348489914,0.00367518736423809,0.140243076723534,0.137496531157706,0.0950107359813567,0.0872219587848004,0.0015336222805332,0.443031282717951,54.8768391850322,31.7313375918059,0.135232212581455,20.0088487273564,0.758434231667665,0.549748959779904,0.398358531801555,0.469508674410199,0.387682714352961,0.0563814500389708,0.254615352673397,0.000122166292856714,0.12656857227093,0,57.5600874191464,49.5006941816963,4.26568795017271,0.76659288587148,1.27330027696066,0.415298459015616,0.609541191010852,0,0.62542296852752,0.0840825057199956,0.00142067563105858,0.0043119044417076,0,0.0136541795120585,0,0,8.02405864411912e-05,23.1083667085905,16.6899827413716,5.12731764380863,0.12508038221044,0.752983986122352,0,0.0574650020970197,8.02405864411912e-05,0.0534461202288781,0.00623804762299381,0.000586125387718324,0.00225674242148257,0.00025314069597694,0.00247946621726739,0,7.26899472570753e-05,0.0555833282487394,0.234541051623651,0,3.72373755676089,0.418027312975542,2.19005492866398,0.714906376129441,0.391270640079445,0.00947829891248606,0,0,0,18.3198937347862,6.82569101360118,0.47411541870547,2.33238902385535,1.0354951391532,0.000837711722446038,0,5.32235809864424e-05,0.0528668072669485,0.16872154409943,0,0,6.40680584506529,0.0138114109411901,0.0594449698334813,0.000258920324328436,0,0.00646154172840844,0.942941164908445,408.006903126035
2012-08-01,2012,"Q3","2012/13","Q1","August",256.176242444976,118.822710946158,55.0448583614852,22.6830717669697,2.32762767678004,3.22767211799103,17.5657612523718,18.0749130023899,4.30176676386586,3.90471187691231,3.14675151903047,4.76264769199984,0.945465860849807,0.805758853626364,0.165084851850669,0.0671847756399155,0.000105386241358263,0.170489478006208,0.159605138204221,5.51246036449293e-05,52.4588355895184,14.5729548953975,9.28795996934613,6.22821420533958,4.22458520376286,2.45100204265849,3.97824145472585,4.05581257831783,1.41672200499262,1.91985784300723,1.33874908872193,0.0897561907998384,0.287121288885429,1.0186341322656,0.689103124090539,0.00291913129863976,0,0.0869424622271874,0.0325111609201159,0.00142695080831764,0,0.568028420360256,0.00046051463140692,0.0490152677873816,0.0731558136917578,0.0397769348031425,0.0458849106786927,31.7751518377241,19.2312620743892,0.313012558205666,9.73019813495975,0.460666850482894,0.376696674244674,0.651084268337869,0.513460319129143,0.18724787678012,0.0993639690755212,0.0612844731365898,0,0.144412663914173,0.00646197506842471,66.2504403040487,56.1095346121112,3.07832574700759,1.83500880755138,3.28909410724749,0.229723798886874,0.769106245085385,0.00735121372175016,0.484689884095553,0.0981919778013765,0.0166990953164922,0.0188409762975905,0.0478455513922149,0.266005233778385,2.30537554418163e-05,0,0,29.9166440569951,24.8046745153843,3.61171900018139,0.0233430030069645,0.91736131754022,0,0.0992964397875931,0.00180061616511233,0.0322161190074255,0.0105432892861946,0.00104158960634171,0.0385933548339133,0,0,0.0329664581660403,0,0,0.17290662758598,0.170181726443574,3.94280869604942,1.86996992562403,1.225849429584,0.810864468725923,0.0355066984800877,0,0,0,0.000618173635372261,17.6288021427895,7.40714322488042,2.67375897816624,0.756015223672614,0.353815615854228,0.00870404963234421,0.000206057878457421,0.0198522353223902,0.107403960104118,0.0109225596860005,0.0220861076445802,0,4.64594579048839,0,0.0200800188053853,0.000164846302765936,0,0.0114215326911256,1.59128194166049,458.148925072102
2012-09-01,2012,"Q3","2012/13","Q1","September",184.271870928213,83.8275802594469,38.3339697830669,18.8539495802198,1.10426848354443,2.44081113334201,3.32248173609096,18.445724750461,3.10034585230357,2.27268476842332,6.95597393668776,3.78296576362184,0.545582238293701,0.628934231979273,0.184656523971981,0.0810209140650394,0.210297323500205,0.167714447073854,0.000407050846003337,0.0125021512748324,62.2255966508505,10.7651594252819,11.8055914148047,3.36909853130301,15.2541171832161,5.03138844640244,3.16014418617432,1.94105225271979,3.73889736377146,2.19536958247198,0.967383489602552,0.154813257448248,0.26929680681864,2.34242848110021,0.682727559151156,0.00808295260853649,0,0.022697139155405,0.015837565550893,0.0170250167616038,0,0.326251449289004,0.0341352158704401,0.0469541339934994,0.0379422485069257,0.0377038885014412,0.00149906034629955,57.4540811919373,32.602194841674,0.0350580780245958,20.7354384486357,0.688470944475164,1.82225214274348,0.667993551891901,0.286014272294172,0.349847810525243,0.0055811736597684,0.112536828820174,0,0.148693099193136,0,68.2830844248835,51.7728688048437,4.54827413316882,1.59009773052047,6.63003706757431,2.72671280356402,0.471705230540863,0,0.414806542233524,0.0617230599283782,0.00445038520824056,0.00347900531625723,0,0.0136150799450206,0.0277551333461096,0,0.0175594486937987,28.3466246280825,23.3220287724209,4.54158129690576,0.0941635747625794,0.156796858847376,0.00338294692280983,0.0083490873771089,0,0,0.00259946314293834,0,0.00178597813396447,0.0331412589723598,0.0343871268849053,0.00132050257725588,0,0,0,0.147087761134559,6.31067315169106,1.53358630695554,0.771793648164393,3.85308133562722,0.147928500731112,0.000602643482719391,0.00368071673007799,0,0,15.4344099417377,6.592903641165,0.881251010011658,1.67779207260836,0.325159018415583,0,0,0.00360290254375692,0.0465571663155259,0.0129332847945974,0,0,5.79733517122216,0.0137852684443334,0.0265122046890581,0.00065128135360534,0,0,0.0559269201740188,422.326340917396
2012-10-01,2012,"Q4","2012/13","Q2","October",198.227021113769,89.7379250790178,44.9077831626399,20.0391039178221,1.65524926571633,1.415817170326,0.624207475723134,14.4061255311591,3.03583683219034,2.33451575184488,12.8007491430521,2.75770793479064,1.37761539847465,0.979611827061183,0.142800725418623,0.282114072185259,0.209643404073539,0.0556342459088235,0.0056333942367941,1.4589467821273,46.4401195129115,11.042125702552,10.361402365925,4.21851293591641,3.23298052209574,3.63221348225209,1.86092986125559,2.97832844702664,1.32262605409368,1.80473971782824,0.702539484667783,0.399580781593415,0.488131925995973,2.25612536332812,1.61156812790974,0.0709353052356723,0,0.143906750058209,0.0122481931933438,0.0174455170633051,0,0.033037862238865,0.0877117979663108,0.0124437508505608,0.0922065560748358,0.0565877921670059,0.00179121562299125,57.4409773993532,18.670887686095,0.103946358176139,14.8773467669165,0.105173926779884,21.252182115653,0.845741228865356,0.624574666937901,0.588840034084903,0.0137344997427633,0.226992930654557,8.50458028053054e-05,0.131472139644399,0,47.3073087209734,40.2482741977529,2.85775835268847,2.26011935267404,0.453404656703101,0.592365166714771,0.314347917762967,0.0334142574760284,0.194635029479635,0.109783997459166,0.00820427321815739,0.0200731621309895,0.00113486073048104,0.192821566828415,0.0200479981112062,0,0.000923931243112141,35.1963034208202,30.6109445958379,2.94829949734283,0.0663681548680864,1.04634382694937,0.00656575057812807,0.0812958074831787,0.00200819369502696,0.0659812362063516,0.00400902735141862,0,0.0453869579057241,0,0.000684340525377269,0,0,0.027091952495482,0.112213970646871,0.179110108934467,6.67672350796224,1.44261284549949,2.53911469194375,2.30388722130309,0.161628507016514,0,0.0300608299375624,0,0.199419412261844,11.6535157504739,9.15981358581411,0.453331739862451,0.684441038388697,0.489813146397935,0.0037912941998253,0,0.00137945086970792,0.028912393671456,0.0146862894474486,0,0,0.70924096675755,0.0136796571222627,0.0197104298597161,0,0,0,0.0747157580826911,402.941969426263
2012-11-01,2012,"Q4","2012/13","Q2","November",236.13713322393,116.643314707097,49.8793057370987,26.6111494811581,1.12435968172222,5.12120028185209,2.01151141216642,15.4748335328748,5.98159098452169,3.80354207023864,3.46166592987994,3.79304144676836,1.34586435504413,0.335238710768401,0.0747073790051333,0.05956141567553,0.100455096350697,0.0752943336225967,0.23683373044821,0.0036629376372431,60.0202603958749,12.7282047168919,11.4435787703966,5.86321766128721,3.9826134053091,5.72603148637638,10.7148711456586,1.90787653791191,0.867689361604175,1.35924407495778,1.5221725125352,0.0356488471010592,0.49270989032608,1.03059610190961,0.880256932804012,0.097980410077293,0.00139014271454556,0.00897103825562958,0.140892287055511,0.145180939717609,0.512347964516881,0.309875713328505,0.0653729971029939,0.0362794247632295,0.144446839760471,0.000277434122868357,0.00253375938970293,65.1489620186423,36.2876183034113,1.42944030706574,9.29464967074101,0.470037541709666,8.68948142529161,6.93106694399052,0.53584217280982,0.253993924775978,0.0391314978433966,0.268024692368013,0,0.935630166873443,0.014045371761834,70.8198746645728,56.3110520616099,5.42478693430098,3.69066469418562,2.64362681263674,0.86570320000939,0.998373095515463,0.11767958652666,0.474627014862236,0.0500720097302164,0.111117690488876,0.0416886119613281,0,0.0844036712628569,0.00228689041567583,0,0.0037923910668291,29.3151456889643,24.8845179587879,3.54894376254928,0.00105430418471414,0.488505710988471,0.028067423968223,0.0120142050684256,0.00198418464787945,0.00473066903204948,0.0125803549844624,0.000785206011529765,0.0147198098849998,0,0.00199966067260921,0,0.0137889533770931,0,0.00754421032791785,0.293909274478741,11.740778533956,2.02611446641954,0.870946952020409,8.56489971639258,0.270974519104618,0,0.00155671222389536,0,0.00628616779491487,11.4806270838624,8.19375359858534,1.4397295684869,1.2000609528356,0.205066138451434,0.00151946424619353,0,0.00546368742609569,0.0178167734701235,0.000408241704618212,0,0,0.348945438970921,0.0149572261734676,0.0155129561523995,0,0,0,0.037393037359349,484.662781609802
2012-12-01,2012,"Q4","2012/13","Q2","December",189.970549966601,80.7713770173942,40.1729152866903,17.3419084600042,2.72795371642106,3.55644823513344,4.9273952413336,9.85139929617561,3.82837868206062,2.30201791527318,4.76397932230998,4.04791455658215,15.1194262298023,0.0340609169767017,0.138647107168763,0.0821928577319439,0.296843531629859,0.00237147912519209,0.00379883580901921,0.00152127897898299,43.7732984929206,9.80552400272276,7.55840558363412,9.15504425903824,3.347621889178,4.69870978237711,3.30495489137948,0.59994462777055,0.499102650385043,0.312005864238218,0.522449691640839,0.0935881549934234,0.0820028165213831,2.74135900680431,0.603697149534419,0.218266909167461,0,0,0.00567051785947507,0.0291528383563084,0.000114100125387537,0.0432518388099181,0.00229555804301259,0.0108169473661384,0.0997455026673065,0.039573910307664,0,51.389285646547,38.0107097892534,0.27759196549334,5.29209296703376,0.14778017837586,3.26331245492271,2.0231157354432,0.500712778029533,0.404111810134509,0.0656852664087429,0.309947691938877,0,1.09422500951309,0,53.6363637856878,45.5925939916742,3.01121383750064,0.450998776220963,2.25271608737258,0.525931007434458,0.756197415508074,0.0106887202384104,0.398720997927981,0.040144360511036,0.336058232858975,0.0178841714763079,0.00207694667365957,0.213304020131087,0.00651785095728536,0,0.0213173692021452,20.1369034994026,15.4598726132681,3.39594305186394,0.0360885073834098,0.0797127746500323,0.00170851848650558,0.0312978064201784,0.00140849827023284,0.0236417191012068,0.00868523229613571,0.00103283430139228,0.0408178764828218,0.000392008113204202,0.00248756257749953,0.0811406943970103,0.0137056378131873,0.018485279207662,0.0149382166664107,0.92554466810372,13.4677004560968,0.75670628328365,5.32072203418275,7.36180208577802,0.0232359606675351,0.000142799538232675,0.00252402721947172,0,0.00256726542711103,15.2597579285053,9.20092581650017,4.06803156169141,1.44767269984077,0.199916732269541,1.66733924113481e-05,0,0.000256387024034985,0.0518060118547158,0.000496756162013501,0,0,0.261953541981001,0,0.000156733250237723,0,0,0,0.0285250145390291,387.633859775761
2013-01-01,2013,"Q1","2012/13","Q3","January",224.46757294519,114.168111463922,47.9966494765061,17.3787113267745,4.32436279812849,3.39539456831825,9.72370525725208,7.84934541378982,2.07629085753107,2.58648795940129,4.79743763044009,4.96142179960321,4.0592683511449,0.268757765829761,0.302577596059039,0.144665854871426,0.244161266361993,0.0472485592554643,0.0184707707234418,0.124504229276569,36.3187986619082,6.8347137592571,6.37903438218155,3.12006396984873,2.7656087685844,4.69878607534653,4.31750754998539,1.29387952265648,1.03480488482653,1.59729409693576,1.09122821928667,0.52262200832809,0.634734527906919,0.252669559350548,0.507972590724455,0.0313534335307116,0,0.0467040524295815,0.00258333349122237,0.0054036558015183,0.0109230293911766,0.769549432005618,0.0245225385598015,0.194540819110999,0.100655075185097,0.0746788856913976,0.00696449149194647,36.2608483469474,21.5986302926589,4.96700866286678,5.23326665676975,0.0509559822244688,1.42495259577771,0.419573243527492,0.937698058553781,0.233979423585736,0.0147035846637709,0.126369746254838,0,1.25371010006411,0,55.0971344098141,43.2227834719157,4.58013245080144,2.94020876721814,2.43484978651428,0.529910720200815,0.603681632491269,0.00446171587430462,0.619328947115919,0.0361975025207446,0.00331519830690429,0.0111480910876362,0.000207517592253818,0.0575074463040513,1.99183744388599e-05,0,0.0533812434961444,22.1221707506925,18.5088881677557,3.08459999783446,0.0462944292830942,0.206399016182081,0,0.0802940825968065,0,0.000121103716588268,0.00385871497389235,0.00789038517671222,0.0173546804648343,0,0,0,0.000145802500892454,0.021852846964362,0.00132617333748907,0.143145349905562,4.49740530649399,1.36855613074999,0.861214261149125,2.13294459328338,0.119277817799389,0,0,0,0.0154125035120992,14.0475480522011,6.09399347567087,5.45168311344287,1.02067740101548,0.511617724952915,0.000894733379793588,0,0.00972391138055812,0.0410701503944224,0.0633969988989807,0,0.0223364650957375,0.00113341924436933,0.0139826988560796,0.0328458137518683,0.294152426430693,0,0,0.490039719686411,392.811478473247
2013-02-01,2013,"Q1","2012/13","Q3","February",220.099385315257,114.91560945477,37.0343445738502,14.4926415077258,2.94499361751702,2.38392099296069,5.24188304930403,14.2733972999352,4.72675249895581,1.47320466071588,4.91354144003656,7.34424958173413,0.887985201865357,8.95343298613838,0.165970300107057,0.0286206191275646,0.0824526853249546,0.0290373522307324,0.00269528761592896,0.204652205341203,37.6056787312386,6.1673024060911,8.27692053756307,6.79165695706193,2.38698961421424,3.12100017718138,2.43272539588216,0.880776864710668,1.53880302597906,1.01749332459126,1.11247162992259,0.0777596841711191,0.392446847423117,0.194009268435186,0.57887911095412,0.00838287357984512,0,0,0.0405731668497831,0.00104252338437791,0.00411179143084837,0.0168668929197108,2.32782729348844,0.00813873092351276,0.121903518343207,0.0953722468916854,0.0122248492462489,32.5356033769343,20.1683850841277,4.55878177243092,5.03265452973208,0.0248844540513926,0.149156672269898,0.701248698769663,0.566364876815274,0.0623140260643433,0,0.284504338804197,0.000231488063738389,0.987077435805034,0,65.0140380923149,56.3956240621674,4.38243565755903,0.607315833211274,2.39410809290272,0.25333435688236,0.416601680272881,0.00835729972343956,0.487221614200586,0.0323376865211881,5.58208139977986e-05,0.0228762198325845,0,0.00265785318058239,0.00388114700661623,0,0.00723076804038396,19.0384916869539,11.8519318427412,6.35390803948499,0.0135720919118992,0.304811006391188,8.27097555160741e-05,0.0228467668886452,0,0,0,0.00108473844359331,0.0400695681573173,0,0.00201067415659576,0.00480525483402176,0,0.0225175655197402,0.213343197573272,0.207508231096002,5.51701005989517,2.68428647405753,1.53592822197593,0.873081400179892,0.420858740211663,7.11552026704787e-05,0,0,0.00278406826749992,21.4704849118961,10.1184077959135,4.6548599636279,1.76978333514887,0.652410010745216,0,0,0.000478773690780347,0.0473931200014391,0.000224598341103899,0,0,0.0146172950923558,0.0170837000018451,0,0.593130382294417,0,0,3.6020959370386,401.28069217449
2013-03-01,2013,"Q1","2012/13","Q3","March",189.402406959514,93.1487964247357,38.0095794045025,14.1298743290538,6.31363238636362,1.47979836170668,8.46499420398153,6.46537124905944,4.79818620772283,2.70549964758945,0.897945639572098,3.59095814822361,0.333865149749238,8.55958720663735,0.318240719682627,0.00437212862488342,0.0152336356030593,0.0466020949516361,0.0336325040000598,0.0862375177534464,32.9438423397292,6.0704143534596,5.82393422368441,3.32165014632375,3.0932922761028,4.45753913024044,1.4956797416537,2.78273083892135,0.372058592114954,1.31521480319069,1.29644786822827,0.186974585394522,0.254201279745133,0.0929182306235403,0.449421997331504,0.0803861553059434,0,0,1.54551583308734,0.0409302940093983,0.0240319509680807,0.078070647519195,0.0922400873835771,0.0142326240560521,0.0553552481419785,0.000370090173665992,0.000231342069275045,64.9747762315065,46.5303538967758,0.401989635754739,6.16790020958362,0.0384427557143574,10.5921982248824,0.305091114889824,0.311460199856303,0.0352330035389457,0.00976093390533427,0.1790877788,0.000242039417977801,0.402651395330645,0.000365043056622258,55.4193505974264,48.794717744504,2.41653253212494,0.195273736122487,2.30382331188049,0.563123481835615,0.564507081350648,0.0090653126180661,0.505397123548208,0.0193918331253248,0.00133761298808742,0.0227305407283479,0,0.0069912014560874,0.0163667848008452,0,9.23003432950755e-05,19.0433542185463,14.0990957291899,4.28798617719056,0.15827513041872,0.360857782428053,0,0.0285602862783239,0.00259057566563158,0,0,0.00378032240863112,0,0,0.00118932614991256,0,0,0,0,0.101018888816506,6.44233906384591,1.8608433505304,3.20630552627958,1.06071415639625,0.207564315245871,0,0.0126382112133495,0,0.0942735041804609,14.2547163392453,8.6039014855231,3.1061029212366,0.411184395814971,1.44310844625953,0,0,0.00371394805807485,0.0355226175900637,0.00072663407564385,0,0,0.00723599456842711,0,0.00626136135012015,0.0465501556732538,0,0,0.590408379095569,382.480785749813
2013-04-01,2013,"Q2","2012/13","Q4","April",210.704352129577,94.260889658159,35.304744474255,19.910478950737,10.1975099718404,4.10805261494393,9.30783492742979,12.313608317985,7.61457617801965,2.35023694326194,0.714827077504761,5.46572098339284,0.350792648301548,8.45550502607036,0.110600229121966,0.077469887212094,0.0130776137989652,0.106175920953141,0.0339330202187252,0.00831768637098914,46.1883287189498,5.94661892325721,6.59734230621391,8.85167193011257,2.40758730870936,10.1467148086287,2.64964986003916,1.61072289916397,3.09265046223105,1.69133001213684,0.865864612884224,0.284923863353794,0.433042709667798,0.25380017583579,0.528342275972039,0.175827583496091,0,0.0290590975365317,0.0154338535770241,0.0181160282438607,0,0.160118180679261,0.333796000241536,0.0422385199617454,0.0523596768199379,0,0.00111763018723959,52.0890904006071,29.4431462659539,0.183848514786013,8.99151024401173,0.225225395014696,10.7015591691741,0.795547468599144,0.202101874211722,0.142277614571303,0.0315894184252266,0.271509131117286,0,1.10077530474198,0,55.4488119400976,47.6541715079658,3.88905762682688,0.0658189244947719,2.34814950471173,0.115346623770735,0.47961843810125,0.01154181360756,0.579954621344242,0.0112710709195253,0,0.0574696352438453,0.00296256213256211,0.231452017564367,0.000622666214235399,0,0.00137492719997137,18.7847273171575,14.4278286991474,4.09727218558405,0.0286917487008551,0.0335281533562021,0,0.00420832216201427,0.000782351425165414,0,0.00638519916546363,0.00373634570102683,0.0290348905698644,0.000736423912352059,0.00344546617418446,0,0,0,0.00398444137412255,0.145093089884812,6.66648346665456,2.06671588431967,2.51018048100541,1.83085787870331,0.236440798621277,0,0,0,0.0222884240049036,38.8019795305408,31.9174787243971,1.58726656226383,1.48243468243452,3.10481030601399,0.000874048080058285,0,0.00483969084807412,0.110098265162526,0.000465198193579127,0,0,0.0296002582525968,0,0.251264299308622,0.247476443526414,0,0,0.0653710520595003,428.683773503584
2013-05-01,2013,"Q2","2012/13","Q4","May",225.673670187601,106.271898524237,41.1714325147422,31.9453656934284,3.58535352362329,2.87521005160945,6.80979100803531,12.1866855987053,8.09584384236175,2.64518619794673,2.68569842573051,2.8846150965419,1.04715423119591,2.84100661672253,0,0,0.10653913098833,0.0156323568738165,0.0227807050258802,0.483476669833081,46.8196862025022,8.35137697350901,6.50364817086568,9.82214886352858,2.90335613777618,5.56298654569572,2.51878852913175,2.73536692230102,2.41930642536792,2.70782335845841,1.4217666626111,0.023882965304711,0.403079638565248,0.19003891480749,0.557543762597713,0.0648486532419708,0,0.0394810575683838,0.0172313508383566,0.184936209601484,0.0948608307169692,0.0117123345979132,0.0238296903871086,0.162785612164436,0.0477270365050222,0.0373491317891093,0.0138104245709714,55.75192071459,33.5980329538336,0.0750799149554445,9.37342486895711,0.538424459533282,10.5078017815008,0.927328300817956,0.14406535085874,0.167059000639968,0.0041713093183135,0.235566208992557,0.000565385919405904,0.180401179262771,0,59.643179212483,48.6388833166313,5.64584063207949,1.26433036584787,1.89692920090225,0.547557689381901,0.86633532451448,0.0166508614917216,0.637660834627002,0.0142934642546436,0.0157413683611986,0.00441348030685454,0.0617238716723149,0.0165614796952492,0.00115108443968035,0,0.0151062382770435,19.9160703075927,15.5422152402275,3.7863414756507,0.084780118886164,0.0330021160910389,0.195645468582074,0.0209240276244764,0.000704350155214939,0.17597763000443,0.00463148739999175,5.75153119979911e-05,0.0023425399750666,0,0.000813139299819725,0.00721025863512024,0,0.01243213757615,0,0.0489928021729057,7.59159462888488,2.38761585982167,1.03021235659946,3.84477038675052,0.328996025713232,0,0,0,0,15.564810263528,8.8376555481787,1.70305875817353,3.07785151739913,1.33948402834202,0,0,0.0127813189670775,0.136845261496539,0.21455867090577,0.0331262945321578,0,0.00805292982025275,0,0.0289848267908827,0.0805142424201791,0,0,0.0918968665018051,430.960931517182
2013-06-01,2013,"Q2","2012/13","Q4","June",269.48137783911,134.244365748323,58.1772821379433,26.9528454254898,3.04665110634463,2.87343864672999,4.29994413571229,15.269490173272,7.72203508749165,2.92084422608502,3.77364424354282,2.51437877893289,0.579652941145575,6.34239697404615,0.257757034588323,0.180733164012201,0.114922075436534,0.162830558970281,0.0425409465826006,0.00562443446092334,34.8890431125818,5.30710875137768,5.90610619823988,3.83239254235669,2.08124608029915,5.34587270790038,3.82165104640867,2.45638640407258,0.518572625197538,1.44792259339724,1.13385250419008,0.0615781471379432,0.250381055669303,0.373525299203395,0.482889695670191,0.233051554890857,0,0.162738677313101,0.0132665866914917,0.00166103277204846,0.00289719961284507,0.0736459869641748,1.20733477120202,0.0831044857211417,0.0912283516881617,0.000628814605243466,0,31.2569376155125,19.1804873309362,0.0827519460530928,4.6803801195544,0.182065191388642,5.72820929411944,0.490758200004247,0.469779241595468,0.0238418434505057,0.00102396639447824,0.293967833670126,0,0.123672648345931,0,53.7306180489168,47.0085941102253,2.25835406434107,0.586045311515585,2.16564398247297,0.344006448844594,0.631153848684669,0.00808844789805079,0.487129507352058,0.00320608964500488,0.0366072885758831,0.00956864941810161,0.0330139411556978,0.0538485307871233,0,0,0.105357828000654,20.6745489744502,17.6178769212446,2.69280164550921,0.120299485587709,0.0237499773480329,0.000284604483058914,0.0728197894210172,0,0.000253191751270234,0.00835615996876877,0.0186803948582083,0,0,0.00324471198371807,0,0.0112136141773064,0,9.48837157271344e-05,0.104873594401588,3.56542446820104,1.42036641119477,1.32088129533893,0.464058070168352,0.256635042427203,0.0151248064904701,0,0,0.0883588425813143,21.5327020308918,8.21304408204857,0.964161235119547,2.02656987898301,8.18624140179981,0.315583238508449,0,0.00157482858310424,0.0804205287200175,0.103579652726451,0.0829532861869245,0.00498968573477005,1.2475380162252,0.0149931825556369,0.00158271481980484,0,0,0,0.289470298880538,435.130652089664
2013-07-01,2013,"Q3","2013/14","Q1","July",222.089314004597,88.8051788586166,48.2358262335094,25.6653693005547,1.69724444687129,4.33445833377182,9.36201595044221,20.325979881365,5.49244820590131,3.66901121333425,8.0938259600578,4.75746035959978,0.910955572068005,0.359049818343179,0.0719165494971794,0.185157019548275,0.030861646201872,0.000899548141323419,0.0859127768428843,0.00574232992983043,45.2437994390881,13.6953556280482,8.92203036109191,3.67235077551233,3.35665089943995,3.86308554874286,2.69189266517952,1.63567109486222,1.27399782596751,0.853666385337496,1.07063938299431,0.0923475472574926,0.665103416627826,1.54731596759482,0.651582826066939,0.117327288073022,0,0.115915986100659,0.0445292975794342,0.00477657467525164,0.00392343747190437,0.149716160799422,0.146784092656144,0.101428483731127,0.0931135932821017,0.00163721479392897,0.472956985201711,58.583638291013,33.8747134779477,0.144366824781085,21.3603985555852,0.809664648244897,0.586883185855772,0.425266696912212,0.501222861313089,0.413869753554004,0.0601898820059373,0.27181401017035,0.000130418333460134,0.135117976309257,0,61.448133519361,52.8443475637625,4.5538249586979,0.818374400007496,1.35930866225356,0.443350875653602,0.650714239157432,0,0.667668792722693,0.0897620776789527,0.00151663886868858,0.0046031632635888,0,0.0145764866485454,0,0,8.56606459508269e-05,24.6692815558772,17.817351117964,5.47365567530614,0.133529262573065,0.803846251661462,0,0.061346625411369,8.56606459508269e-05,0.0570562776946634,0.00665941280538,0.000625716754412409,0.00240917996917322,0.000270239743944532,0.00264694822413893,0,7.75999791668543e-05,0.0593378489995639,0.250383738144697,0,3.97526711369778,0.446264057165356,2.33798789587165,0.763196590275363,0.417700035073437,0.0101185353119725,0,0,0,19.5573586968041,7.28675010014236,0.506140780156471,2.4899363184303,1.10544035671791,0.000894297143726635,0,5.68187064591837e-05,0.0564378335290922,0.180118280466091,0,0,6.83957024132734,0.0147443386842861,0.063460335228176,0.000276409772354129,0,0.00689800340254682,1.00663458309694,435.566792620438
2013-08-01,2013,"Q3","2013/14","Q1","August",240.438013348235,111.522818384231,51.6631685403582,21.2895335657718,2.18462949209494,3.0293795567555,16.4866058544708,16.9644777839625,4.03748702346405,3.66482526803283,2.95343032794594,4.47005365686069,0.887381012000491,0.756256927475568,0.154942837142238,0.063057268027412,9.89118204896024e-05,0.160015429211375,0.149799770594402,5.17380146593511e-05,49.236018497752,13.6776630425259,8.71735263884658,5.84558285322164,3.96504712505205,2.30042433375081,3.73383754428096,3.80664307328567,1.32968545832395,1.80191106434405,1.25650282083905,0.0842420046279411,0.269481945830418,0.95605417876816,0.646767961646478,0.00273979399279521,0,0.08160113792753,0.0305138324642123,0.00133928585345397,0,0.533131502020882,0.000432222840168549,0.0460040068433007,0.0686614743859312,0.0373332323476641,0.043065963732432,29.8230402194374,18.049786362756,0.293782580811271,9.13242183086873,0.432365707640846,0.353554252829399,0.61108480047704,0.481915800959094,0.17574427303249,0.0932595274834873,0.0575194515674881,0,0.13554064843194,0.00606498257968469,62.180333734783,52.662436232461,2.88920830435008,1.72227474317386,3.08702807611768,0.21561067996004,0.721856077898284,0.00689959071179496,0.454912882278504,0.0921595376837799,0.0156731836812408,0.0176834778560969,0.0449061521650116,0.249663159001347,2.16374442287986e-05,0,0,28.0787101663229,23.2807953044654,3.38983245631065,0.021908921822764,0.861003075877597,0,0.0931961468683401,0.00168999501831367,0.0302369164993878,0.00989556059505731,0.000977599379562924,0.0362223658062387,0,0,0.0309411584498235,0,0,0.1622840808138,0.159726584416017,3.70058160289351,1.7550880192747,1.1505391706124,0.761048878281554,0.0333253386872546,0,0,0,0.000580196037597385,16.5457738175383,6.95208417680892,2.50949616071591,0.709569305513987,0.332078895980547,0.00816931492831456,0.000193398679199129,0.0186326100183251,0.10080558035632,0.0102515304561997,0.0207292440312795,0,4.36052135563881,0,0.0188463995860156,0.000154718943359303,0,0.0107198489736455,1.49352127690743,430.002471386962
2013-09-01,2013,"Q3","2013/14","Q1","September",214.146092586229,115.526588199322,43.365352131311,20.8831622903746,4.0177288865107,2.90083148095726,3.36970104938308,10.7205273632598,3.26945005688409,1.99784328631285,3.09385671008956,3.40632619788505,0.406790434577383,0.222497811970203,0.280116248561399,0.111593408250091,0.174493586794761,0.0667636387895305,0.0621723624563236,0.270297442539638,54.0977078270075,7.35450442159319,7.55157311556817,14.1579017296892,5.36302712487658,5.2941212346575,3.97707395896698,1.17230450472988,4.29282997151774,0.504020196773447,1.41499856257517,0.51117393241368,0.304390556515271,0.521804622297956,0.952191724970647,0.103227306704818,0,0.000165046228305188,0,0,0.271235277916977,0.120477665970381,0.0709214634436051,0.0713437850410553,0.0880969521941625,0,0.00032467236298662,39.1382741030794,27.2790713849303,0.170590156344058,8.51811441764412,0.370953444094912,1.56484460584196,0.410165823748396,0.342195315730548,0.240318562468718,0,0.149429386565959,0,0.0925910057104038,0,59.476350977411,51.1300551622193,2.79875691116859,0.622527336371225,2.75822644246195,0.437731647893738,0.924150138845724,0.0168731255247625,0.507668444469902,0.043532106722384,3.18360858957782e-06,0.00657196300657287,0.00154229918122098,0.228139166390936,0.000119385322109168,0,0.00045366422401484,19.1398216826461,13.8247792412749,3.20365782009969,0.150711545130304,1.35680326599324,0,0.503283263016153,0.0207908065808457,0.00264702727984743,0.00687754963606498,0.000623907693342515,0.000977367837000394,0,0.0011503492097151,0,0.000195155206541121,0,0,0.0673243836884555,6.88060787950027,1.19958953274482,0.759237012014367,4.62736531923203,0.291059592686235,0,0,0,0.00335642282284158,11.1315543877727,6.46551856378737,1.55931536219771,1.10072082682258,0.495592404011604,0,0,0.000121176101940806,0.375381827724971,0.111381539098455,0.000682438337261901,0,0.0570287765672549,0.0164393588544325,0.00240543914202732,0.0178432506522216,0,0,0.929123424474821,404.010409443646
2013-10-01,2013,"Q4","2013/14","Q2","October",198.979066113221,90.0783779468346,45.0781568764466,20.1151294153059,1.66152904496205,1.421188578407,0.626575629711935,14.4607803133696,3.04735436343293,2.34337257109916,12.8493133565897,2.76817028472991,1.38284187449074,0.983328334386002,0.143342490970393,0.283184372672398,0.210438761199001,0.05584531428991,0.00565476652974349,1.46448181779399,46.616306691922,11.0840179499927,10.4007120462745,4.23451737133979,3.24524598833394,3.64599358130683,1.86798996329731,2.98962779967155,1.32764390839295,1.8115866424931,0.705204819108033,0.40109673399479,0.489983828788822,2.2646847806472,1.61768218715889,0.0712044236499401,0,0.144452711709455,0.0122946610885461,0.017511702862782,0,0.0331632031684202,0.0880445639973139,0.0124909606635773,0.0925563745759829,0.0568024781663726,0.00179801123917236,57.6589002616056,18.7417223666587,0.104340715809314,14.9337892951769,0.105572941632971,21.3328098585194,0.848949850265333,0.626944213997714,0.591074009052711,0.0137866064726809,0.227854109405319,8.53684544315309e-05,0.131970926160139,0,47.4867858919529,40.4009704002028,2.86860027962007,2.26869392261811,0.455124809197379,0.594612515532177,0.315540508855311,0.0335410263953417,0.195373446975979,0.110200502261817,0.00823539905868708,0.0201493168404685,0.00113916622996662,0.193553104306531,0.0201240573519891,0,0.000927436506255968,35.3298331678654,30.7270781465641,2.95948492444257,0.0666199461663213,1.05031350594845,0.00659066009784033,0.0816042321628752,0.00201581249501594,0.066231559590459,0.00402423702846146,0,0.0455591495400512,0,0.000686936815565869,0,0,0.0271947354929017,0.112639694420651,0.179789627100148,6.70205404311673,1.44808591254407,2.54874773034782,2.31262784028807,0.162241702481935,0,0.0301748764318644,0,0.200175981022968,11.6977275244134,9.19456460999047,0.455051615720653,0.687037709909302,0.49167142750081,0.00380567782839628,0,0.00138468430923966,0.0290220831626296,0.0147420071315333,0,0,0.711931725663476,0.0137315557871129,0.0197852084147777,0,0,0,0.0749992189949861,404.470673694097
2013-11-01,2013,"Q4","2013/14","Q2","November",199.379124881049,98.4861706924842,42.1149024372472,22.4687562823957,0.949337557938109,4.32401467992744,1.69839186057055,13.0659618220174,5.05047367861182,3.2114681797771,2.92280978559819,3.20260212347487,1.13636196753024,0.283054172237582,0.0630781429622731,0.0502898581512049,0.0848178722541288,0.0635737299814641,0.19996728711998,0.00309275077001477,50.6772773493193,10.7468837412971,9.66222757767355,4.95052679912899,3.36266458667076,4.83469554833812,9.04695336590176,1.61088918678976,0.732621520483952,1.14765894912359,1.28522532362353,0.0300996113613666,0.416012786351116,0.870169575192153,0.743232775535175,0.0827284051008263,0.00117374778842184,0.00757457216602045,0.11896045535955,0.122581519963045,0.432593922884174,0.261639275881018,0.0551967866099488,0.0306320308954592,0.121961692809936,0.000234247667338197,0.00213934472262374,55.0076256827756,30.638948997872,1.20692816754999,7.84780899186626,0.39686970214228,7.33684354760857,5.85215058266304,0.452430932952291,0.21445626003647,0.0330401393833405,0.226302944739195,0,0.789986400430448,0.0118590155316567,59.7957823999586,47.5454585557629,4.58034387417334,3.11616172733966,2.23210976274433,0.730944532391338,0.842962525084495,0.0993611324814354,0.400744760369386,0.0422776093905516,0.0938206862512645,0.0351992033479677,0,0.071265073321517,0.00193090431628099,0,0.0032020529841618,24.7518381096102,21.010898819564,2.99650161738065,0.000890187167248256,0.412463045631682,0.0236983415189636,0.0101440280060172,0.00167531888481709,0.00399427501653232,0.0106220488630921,0.000662977843817911,0.012428468039813,0,0.00168838585240973,0,0.0116425122123563,0,0.00636984972487338,0.248158233903964,9.91316409055623,1.71072174760622,0.735372021930049,7.2316547034935,0.228793590175876,0,0.00131438845155098,0,0.00530763889903341,9.69350880911857,6.91828260838453,1.21561576322719,1.0132548799658,0.173144759864645,0.0012829386363678,0,0.00461318896679211,0.015043346441021,0.000344693241149582,0,0,0.294627258760189,0.0126289272017455,0.0130981501289356,0,0,0,0.0315722943001998,409.218321322388
2013-12-01,2013,"Q4","2013/14","Q2","December",236.073208155819,102.528384157828,53.9186499833613,25.1368337257882,3.45475194585826,2.09242477861109,10.3359003867456,12.9129673241608,4.73907345568517,2.79561365336763,6.61837717628978,6.15405527643078,1.22408414057028,3.87161945036086,0.0236216355504645,0.0535096893972141,0,0.07347729100849,0.108386023562408,0.0314780612424308,52.1985219701856,11.5398273718602,5.97988814094853,4.00497110574381,2.47301837117265,17.1060737181795,2.96843050789264,1.82448706018712,0.609879805225042,2.54075020819329,0.976076196567744,0.2533687331056,0.561039210372034,0.258096135279356,0.30778246863274,0.00995138034167638,0,0.143585790079702,0.00368187246149059,0.0873806444324145,0,0.0411557501993382,0.0602073748854158,0.110902525950197,0.283164954515987,0.0500931662120488,0.00470947774705832,25.8319895066202,16.6595961532758,0.275797313329235,6.93186692113393,0.358678197655213,0.00187472401708594,0.217294057735272,0.292576238484531,0.323755278594286,0,0.444983532746474,0,0.3252838643461,0.000283225302230111,63.6745004759086,52.7153703939635,5.45659725554818,1.48063069866353,2.4201180357633,0.382304305204054,0.759817591783843,0.0174242851846197,0.327164268111746,0.0481071203729503,0.00364574933692729,0.00526068210198979,0.000387206337435994,0.0258336082206585,0,0,0.0318392753158836,22.7218140145766,17.5025722203358,4.5126426787453,0.00728367387911888,0.00262704173032798,0,0.110695717432013,0.000614690060679639,0.00626225582815752,0.0125110643028879,0.000121179450020073,0,0,0.000978099341960712,0,0,0.0106304273223573,0,0.554874966148047,7.13183584327828,2.49081493382683,1.41744644112191,2.6351169346288,0.411351968600295,0,0,0,0.177105565100445,11.8727994546801,7.42427648940561,1.45024155948214,1.37918152612643,0.380771339180547,0.00337758474785678,0,0,0.0756358534045139,0.626124852700431,0,0,0.0269008295546191,0.0155511745272731,0.13620602449451,0,0,0,0.354532221056212,419.504669421068
2014-01-01,2014,"Q1","2013/14","Q3","January",238.790794576077,130.176724622017,43.1845958726089,21.6125922846015,4.32072960047766,2.40415229970203,1.41328737981982,14.3534373890573,4.00298984296632,3.40118178482502,4.43567273428592,7.62804257258724,1.09740830621567,0.23244403605177,0.133906759692073,0.0976723904081324,0.137730418376736,0.000150102013897385,0,0.158076180370147,31.1506349100968,4.37432726846104,7.8337232792362,3.85424208433523,1.38663035287695,2.61650028747467,1.64671899330167,1.48552888019525,3.55160654600235,1.799200698592,0.743658600026446,0.0365303190006023,0.63435258129879,0.321710818591316,0.471406486476065,0.0447514350965408,0,0.0893804997662085,0.0430467768048222,0.00571480377751373,0.00266588707623919,0.0543203461915415,0,0.0597725194360329,0.0829550703795656,0.0100920014777157,0.00179837422199031,32.6548840718341,23.9202331996107,1.93890753890667,4.09986248577689,0.0325107672203801,1.13973112572266,0.35513113904308,0.44757583150991,0.0682286895267789,0,0.276670689995247,0.000209832721837859,0.375748939033658,7.38327663128866e-05,56.153347028347,45.9549478573792,5.87971299910169,0.781455574678369,1.46383293178484,0.111838537157271,1.01674847166111,0.0812798796948657,0.485778496491475,0.0535423260333293,0.00034594342652051,0.00516892860311681,0.000267215547809845,0.182873078535372,0.00122267061000526,0,0.134332117642029,21.6108013635664,17.8955509673212,2.83409511468348,0.0218742269413376,0.00524516831760301,1.47665532609331e-05,0.706181208912738,0.000909619680873479,0.0201625471535433,0.00251523869987115,0.000385311057514158,0.00387619069788842,0,0,7.38327663046657e-05,4.06080214675662e-05,0,0.00138802647342119,0.118488536285898,5.10323187060055,1.89829533850453,1.50036248318835,1.48320023166239,0.196856631957601,0,0,0,0.0245171852876743,9.60063958834352,6.83388847733058,1.28174868059126,0.961510124276445,0.0913555631812416,0.00997561888818968,0,0.000224820773397707,0.0312397509149986,0.130558377290667,0.000369163831523328,0,0,0.0147418192842211,0,0,0,0,0.245027191980987,395.064333408865
2014-02-01,2014,"Q1","2013/14","Q3","February",220.008505511564,102.825470444491,43.613552633987,26.8091857166,4.57019085621599,2.63512117805428,3.14421208400815,16.730353453123,3.73119497676872,2.10676230249596,3.90860211755914,7.90528652559545,0.801916292466528,0.549205705852426,0.157618289286149,0.0954930122097921,0.0234167220002959,0.326818380310215,0.0738235650539267,0.000281255486365597,44.6021475853346,5.18312805903488,7.37383102493733,5.32352944559917,5.3159050479426,2.5173709406202,2.89285712403808,1.49370604949981,6.88679935248031,0.646103565574851,0.556124270430338,0.255641000570276,0.428340398169472,0.296810581913701,1.78327751058261,0.115118027909465,0,0.0095132858445251,0.00196114396196309,0.0448725927073811,0.00436795395435502,0.0421581780733343,0.562657952772205,1.89015365054616,0.128349542262608,0.0178239183379512,0.831746967570993,83.223852527673,35.0899248957866,1.43577376019306,8.01265833555397,0.360165382430521,34.5854006485671,0.459507631954479,0.525653881040061,0.00914528708999791,0,0.375830410642772,0,2.23633515612132,0.133457138293338,55.5164662838287,46.9751193980672,2.55355324032222,1.24640344908419,1.90184896327438,0.571652017347131,1.29944524748216,0.0176090391463678,0.353372513988877,0.0354810366830549,0.0800235976808683,0.00392194226500961,0.00753952207117376,0.351981751871005,0,0,0.118514564545111,19.3900737274329,15.4393159311781,3.40634540944756,0.0557371660523666,0.0126211972848298,8.2827702651434e-05,0.0705334726142205,0,0.00042037260225496,0.00032609331752533,0.0034512656923599,0.0459834124736321,0,0.0226879588714908,0,0,0,0.000140220126535892,0.332428400069258,5.08341143526344,1.85955640097748,1.07704066083247,0.866977920027903,1.25663887591747,0,0,0,0.0231975775081193,8.68021903810759,5.25901353574658,1.082777653481,0.872245640814714,0.797100731456314,0.0033071071737816,0,0.0036155596580621,0.337400678311984,0,0.0126809538852663,0,0.123100227365812,0,0.00851321226030562,0.000903772288397781,0,0,0.179559965665351,436.504676109204
2014-03-01,2014,"Q1","2013/14","Q3","March",214.102561573165,88.0653515410246,40.7206362500579,21.4468104877939,4.43814527813199,11.44467460961,4.02526711053299,18.5026225212348,6.49212567969201,2.52801496411577,4.45649231388047,7.14757068102469,0.669536459625091,0.656550620656312,0.153433731908256,0.0902914995068593,0,0.167611245029858,3.09000046384693,0.00742611549222201,37.3289725767067,8.72847775470374,6.95996932810621,3.86143892514995,2.93962852853335,1.98956299339842,4.64687868160876,1.43792026212123,0.388689646746415,1.58471734148495,0.691689787450896,0.408032814412948,0.628073098070495,0.230667321973362,0.980543597092689,0.054655702638571,4.14025493277787e-05,0.00140530481283609,0.00332633764002223,0.0217746325079533,0.00441294917075915,0.238435731824429,0.109995122105853,0.0222986767520153,0.0107388065272599,0.0181396599698745,1.3674581693544,59.9756952743401,31.3684564824982,0.12975532331804,15.7505232655434,0.290881403723359,11.4728981860063,0.173068815428189,0.307274955825143,0.36953744575124,0,0.0784938917847906,0.000438379934058833,0.0343671245273075,0,67.3716771839112,55.8934387242985,3.25799007129479,1.53449559128686,2.91668773870426,0.498808908840693,1.37818060195416,0.0266510929602132,0.490989839566095,0.105969625298035,0.0876315399573411,0.0143193363366021,0.000521996847407091,0.83091569551237,0,0,0.335076421053873,26.0005631946765,19.3620853964882,5.78205193137759,0.0116145516270117,0.193761738954334,0,0.264441314390814,0.000818552754650968,0.0512954855359783,0.000968402381517975,0.00171603013372638,0,0,0.0215460084423799,0,0,0.0996742832440184,0,0.210589499346312,3.94464086315464,1.65808512112773,1.708604226775,0.14493503872589,0.277613783062929,0,0,0,0.155402693463085,10.7737641060884,6.32990649499095,0.832016297857518,2.13047724372503,0.62510341497942,0.00238403997176277,0.0156369294142661,0.00776541506666601,0.214002795868931,0.135015769684503,0,0,0.108783168822007,0.0167680324777504,0.00462774153759823,0,0.273488712312163,0,0.077788049379802,419.497874772042
2014-04-01,2014,"Q2","2013/14","Q4","April",221.855230462578,114.823430643902,34.5776798715968,23.6424044885334,6.55522841146299,3.9966229794716,2.37690200397755,16.8368343062758,6.73648741877354,2.04456835279707,1.11859618482559,7.00580977126569,0.853792896320516,0.238599665513367,0.0696048229903497,0.147091519917757,0,0.0327683222591889,0.792504926120271,0.00630387657420091,45.643216027848,9.81804153535792,5.9737678215791,2.97433703034109,2.05675203442611,3.91730516066862,9.8491091080135,1.66233251273362,0.191549548584814,1.7653181430896,1.10946375055317,0.0520850007088468,0.489597956751825,0.404254452696627,4.14134440273193,0.386077068554286,0,0.0295405051635713,0.00310865427563908,0.24682708858828,0.00191103239776593,0.0330421980142483,0.0749004924058952,0.0225041387641273,0.00549466083068112,0,0.434551730616865,51.3852738670291,34.8103399561862,0.154646661870131,8.34937704868405,0.190760321930178,4.5982948380886,0.360099365379842,1.0571448675278,0.254469866711587,0.000569896042037972,0.292833086373879,0,1.31673795823486,0,66.1336051517489,54.3875839778009,4.5448247188899,1.7225872166321,1.94306330962082,0.443539587148235,1.27236997652843,0.011723575721924,0.586629358685615,0.257649602492275,0,0.00283509277754001,0.0035170727165772,0.86105416323744,0,0,0.0962274994972723,25.9656221583201,19.2562383477145,5.73533295520561,0.218564087630794,0.0173150211832872,0,0.442753318675919,0.00296590183020619,0,0,0.00171680368526736,0,0,0.0124975759607319,0,0,0.0493845857639615,0,0.22885356066979,3.36984748517468,1.29410587373861,1.1365319872214,0.5316304219577,0.328656745877426,0.000100452318781222,0,0,0.0788220040607629,11.3676022840702,4.28064247188222,0.573619288488087,0.959495072506002,4.62256871719582,0.0271360803825877,0,0.0381821539200906,0.0201403296599227,0.542463360074443,0,0,0.150916662151916,0,0.0631119159696908,0.000720820796713685,0,0,0.0886054110427031,425.720397436769
2014-05-01,2014,"Q2","2013/14","Q4","May",283.522150780682,142.487701050138,57.5210761092173,28.4459574711493,5.83035017214173,4.25249497818881,4.56888511374751,17.1161092893571,6.82437370889947,3.66897576595586,1.44804569853683,5.39917459174967,5.26737175520259,0.113533427097566,0.267792294750051,0.044504693454776,0.000670782963909327,0.0167481570171486,0.247860574297805,0.00052514681593412,38.3315080483352,10.4187518499271,7.0457330489671,4.07663361242712,1.29887477752055,3.0918288367911,2.81253280817322,1.79782968431867,0.207447010077846,1.95182605101462,0.986060184216994,0.0950370469066571,0.652975636308752,0.343786410419529,3.0384981086114,0.0920239737877325,0,2.15472964345433e-05,0.083174771910004,0.0107424469575928,0.0103094604094638,0.0721370065415966,0.115438919320792,0.0430378230419227,0.0303647256448831,0.00567835340955323,0.0507639543345899,45.5094075128422,28.6168456228634,0.168121844932444,8.87304474595525,0.493530447829329,5.47389694255854,0.494397430098424,0.575057552856816,0.362952440182443,0.00145636147975205,0.296585205430533,0,0.153518918655169,0,71.9683720899645,57.9615772924488,6.83873623530066,1.33929742464635,2.24011651948442,0.268156309731865,1.68809422465496,0.0241841673961179,0.411452147839045,0.336687178492653,0.00406945348509519,0.00322178942268742,0.184317177412078,0.648267970099216,0,0,0.0201941995505379,29.1938014963339,20.9827279943428,7.60259224124428,0.184896183902266,0.0042976199247615,0.0011320640455402,0.128245010791479,0.00135347382462369,0.00854284510358084,0,0,0,0,0.00111368819039863,0.0451554266045252,0,0,0.00182702003996375,0.231917928319578,5.50333717572885,2.42745448012933,1.38328022325471,1.28905560674285,0.334545987014178,0,0,0,0.0690008785877817,12.1161424789618,4.06667362355965,0.342600567214516,2.48102526472754,4.20560589203664,0.0007232119771804,0.0147495150569947,0.00719039073199302,0,0.347194656089102,4.38621810372383e-05,0,0.338337294303671,0,0.0328168271688383,0,0,0,0.279181373914659,486.144719582848
2014-06-01,2014,"Q2","2013/14","Q4","June",214.132197149209,96.1011912346414,47.106076213976,19.6479984904925,4.87044886580594,5.0241430731734,5.39653853661785,14.3580809744962,4.3181438567557,2.48315725281231,5.07466265529432,4.61885036693509,4.24150308018673,0.379726105132666,0.282902338590722,0.00191752657247614,0,0.0451707893681547,0.179605137555069,0.00208065080316669,56.5581563187818,10.0063177394799,8.61186713186001,2.58476545714379,2.26834236352112,14.8462608141406,1.79576063683363,1.44125040414359,0.119220577146868,2.40628326229386,0.61987022986769,0.161160442767966,0.387261839782026,0.318733085592618,0.644067352621636,0.0422363489002368,0,0,0.00263074838943744,0.00900071074217298,0.0104509923294487,0.179894653606998,0.312198734526346,0.333488208883701,0.00744049344120661,0.00127353927751758,9.44838055148941,36.1471846140183,20.6639843542405,0.121370638607088,5.32027782564473,0.137827422638308,8.52159330167488,0.533238917013235,0.245397255242019,0.0895154672786318,0,0.170681306181249,0,0.343298125497671,0,58.153634287684,44.1241307330228,6.03373250730043,1.66827457412602,2.10799440506164,1.54568283438963,1.21540788913681,0.0122441018135923,0.408986396192835,0.19177868241454,0.00121438117179153,0.0199205379471224,0.0260296245615166,0.726846313539374,0,0,0.0713913070060416,25.585281911915,15.7269715113476,7.22376611757745,0.0332989001902889,0.00383650187676799,2.04877219507215,0.25209538193726,0,0,0,0.00149409569501894,0.00858094998531556,0,0.000585436241422394,0.0561111685055234,0,0.00762255816877382,0,0.222147095317419,3.52014489455195,0.613660573595118,1.28134836367706,1.31917422272894,0.287943180884096,0,0,0,0.0180185536667409,13.7154677710216,6.44584107797744,0.741815979245618,1.51474928075034,3.28566659122628,0.0134625551069011,0.00141576016545602,4.0861666596741e-05,0.00646192339076001,0.866814616668634,0.0172183633644739,0,0.13305533380382,0,0.00763191920512146,0,0,0,0.68129350845015,407.812066947182
2014-07-01,2014,"Q3","2014/15","Q1","July",204.424278554153,80.1725722084656,50.3189756471696,26.8967834225801,4.74632495484877,1.87855485718276,5.25850491928987,17.1870009152263,3.49581926403012,2.82485978384443,5.36363208458079,4.76692291379676,0.579318351913617,0.304316235376761,0.361792805786014,0.185710888666856,0,0.0223571706568819,0.0607993420212335,3.27887166072019e-05,58.9953259342124,5.02330906931261,9.90547640160106,4.31019860595206,2.19454130848818,14.2587953306406,4.83537557604749,1.15577829358826,0.217919052897827,2.32769428921634,9.26384638574123,2.45500099804957,0.604069194052258,0.292842486525739,0.533096564198643,0.170736110162002,0,0.000459961190272253,0.0122915487360917,0.167599425701209,0.0263058724429233,0.0380004916527632,0.230333101902435,0.0249983070667827,0.032272568034435,0.000724995859885862,0.91365999515158,47.3127325972385,21.8725917264555,0.0687123883571237,18.3165075734261,0.42983262037254,0.759727498697611,0.370130873115653,0.217748572118696,0.190568526051125,0,0.258883438051326,0,4.8280044901257,2.48904670846037e-05,69.3906046440543,56.3735909053128,4.73519690300242,2.16229770617381,1.98064745654967,0.984970326824072,0.871437920546075,0.0263546122072275,0.417986294533616,0.241592030567651,0.00403462270232071,0.0107248353671444,0.000800317992305283,1.08012919029366,0,0,0.500841521981325,23.5269385304491,18.5395620358956,4.13339453157484,0.0628464202561507,0.00350232460885128,0.408882608683281,0.198881767173381,0.00143811587599933,0,0.000616256241870463,0.00108192190422325,0,0,0.00212652437609873,0,0,0,0.0442843511741518,0.130321672684602,7.47467782209292,1.14654775861273,1.55700534682395,4.48434597007414,0.251363069743425,0,0,0,0.0354156768386599,10.199715188588,5.1575748524605,0.515765888342782,3.89144576062538,0.249759054023823,0,0.0146522859001449,0.0020388952905097,0,0.0798198048448094,0.031006526627386,0,0.0198568093602794,0.0162099166888482,0.0441308469458397,0,0,0,0.177454547477648,421.324273270788
2014-08-01,2014,"Q3","2014/15","Q1","August",213.601213376216,99.0750547065352,45.8967171347303,18.9132747294675,1.94078924455716,2.69125143769546,14.6464320093595,15.0709656451038,3.58683768507763,3.25577105368049,2.62377938033316,3.9711228339728,0.788334832129033,0.671846331964945,0.137648691888006,0.0560190494642653,8.78716496597796e-05,0.142155100029721,0.133079675367721,4.59632092073055e-05,43.7404765847141,12.1510129839708,7.74435404433795,5.19312055923086,3.5224832596597,2.04365949513014,3.31708043541751,3.38175968109643,1.18127089536106,1.60078842933404,1.11625663265292,0.0748392242773665,0.239403369753319,0.849342954529031,0.574578118728927,0.00243398834116269,0,0.0724931213308426,0.0271079915706772,0.00118979972996632,0,0.473625339583105,0.000383979728593086,0.0408692100931007,0.0609977350785764,0.0331662353122491,0.0382591004657006,26.4943029961459,16.0351361025519,0.260991657917241,8.11309475141827,0.384106649727602,0.31409183742216,0.542877779765255,0.428126145265328,0.156128348595575,0.0828502446512651,0.0510993435541133,0,0.120412103575859,0.00538803170133484,55.2399953274076,46.7844502703875,2.56672558100034,1.53004081919581,2.74246544297536,0.191545014929202,0.641285177725835,0.0061294839668475,0.404137192293406,0.081873031636372,0.0139238010045133,0.0157097135938445,0.039893893885286,0.221796682460479,1.92223528936653e-05,0,0,24.9446685989667,20.6822792126253,3.01147192046264,0.0194635291647047,0.76490110347794,0,0.0827939383454882,0.00150136403759389,0.026861983939579,0.00879105479498683,0.000868483359858909,0.0321793595772385,0,0,0.0274876210134706,0,0,0.144170533148044,0.141898495019945,3.28753639895917,1.55919159902627,1.02212025235683,0.676103422981228,0.0296056878887166,0,0,0,0.000515436706122592,14.6989958636694,6.17611830584058,2.2293954996023,0.630369809339547,0.295013480315798,0.00725748627199441,0.000171812235374198,0.0165529071416664,0.0895540350685639,0.00910729261947451,0.018415522636348,0,3.87381612227993,0,0.0167428343101284,0.000137449788299358,0,0.00952333915961993,1.32681996705977,382.007189146079
2014-09-01,2014,"Q3","2014/15","Q1","September",195.717297683132,89.0342481305041,40.7149552322691,20.024999170558,1.1728564019419,2.59241389782546,3.52884650117112,19.5914188301344,3.29291339497143,2.41384492989008,7.38802083456994,4.01793194346144,0.579469241859251,0.66799836395731,0.196125842155452,0.086053255316457,0.223359233604839,0.178131465200692,0.000432333438620382,0.0132786803021561,66.0905300514879,11.4338010529293,12.5388559719832,3.57835874164273,16.2015753061081,5.34389619730748,3.35642590098868,2.0616141771962,3.97112638334805,2.33172757151062,1.02746925754093,0.164428961624304,0.286023271157719,2.48792053842844,0.725132882505543,0.00858499799168952,0,0.0241068955248434,0.0168212626044687,0.0180824683485696,0,0.346515459458944,0.0362554098590313,0.0498705319155272,0.0402989035081228,0.0400457385735391,0.00159216943184988,61.0226479772044,34.6271703912809,0.037235592488293,22.023350384405,0.731232998868966,1.93543519843019,0.709483721999931,0.303779085707715,0.371577429216178,0.00592782946788273,0.119526674991508,0,0.157928670347888,0,72.5242582809267,54.988566213314,4.83077486532209,1.68886129663699,7.04183949437486,2.89607338756247,0.501003612539548,0,0.440570853805767,0.065556779952716,0.00472680589944813,0.00369509201644983,0,0.0144607347890733,0.0294790499926695,0,0.0186500947206136,30.1072797638643,24.7705980561985,4.82366632607167,0.100012228127293,0.16653576774486,0.00359306727935562,0.00886766282524303,0,0,0.00276092004276111,0,0.00189690815174315,0.0351997166752269,0.0365229674778875,0.00140252114824847,0,0,0,0.156223622121537,6.70263936426643,1.62883985629104,0.819731011721189,4.09240250811829,0.157116581427066,0.000640074653337291,0.00390933205550724,0,0,16.3930663422165,7.00239965022536,0.935986949018407,1.78200247748618,0.345355175920417,0,0,0.00382668470303039,0.0494489079269653,0.013736592228724,0,0,6.15741712372908,0.0146414939739367,0.0281589210074604,0.000691733501792611,0,0,0.0594006324951427,448.557719463098
2014-10-01,2014,"Q4","2014/15","Q2","October",217.120532769604,98.2910704772823,49.1880559521609,21.9490808791697,1.81301520054908,1.55076223512992,0.683702246678029,15.7792092768013,3.32519001043985,2.55702426920236,14.0208204621831,3.02055195432244,1.50891935714838,1.07298107293283,0.15641141862785,0.309003067848712,0.229625039655699,0.0609368846088154,0.00617032708821247,1.59800263777447,50.8664431008143,12.094578236491,11.3489734612856,4.62058992258154,3.54112395700236,3.97840880606734,2.03829972650794,3.26220035769067,1.44868884124008,1.97675396040199,0.769500274713845,0.437665822230484,0.53465699700583,2.47116229729184,1.76517070458045,0.0776963260528657,0,0.157622861233676,0.0134155990271254,0.0191082927945131,0,0.0361867832678282,0.0960718281373725,0.0136297957722692,0.100994992848773,0.0619813157385058,0.00196194085036415,62.9158201827415,20.4504565467882,0.113853744761217,16.2953437835156,0.115198315989492,23.2777805848121,0.926350934220396,0.684104435803055,0.64496384598954,0.0150435691598336,0.248628192875708,9.31517303299879e-05,0.144003077095976,0,51.8162862746084,44.0844375694764,3.130138427023,2.47553696372121,0.496619785085187,0.648824967800179,0.344309201622616,0.0365990536735766,0.213186179456292,0.120247784000298,0.00898624295570368,0.0219863852655573,0.00124302713644639,0.211199871157965,0.0219588228003027,0,0.00101199343368964,38.5509508608477,33.5285500527935,3.22930927393616,0.0726938691956846,1.14607346612471,0.0071915486372432,0.0890443136032018,0.00219959964347427,0.0722700723515292,0.00439113774467887,0,0.0497129020348171,0,0.000749566727234761,0,0,0.0296741540408453,0.122909363991593,0.196181540023012,7.31309867372774,1.58011187291845,2.78112404444372,2.52347645704324,0.177033723036378,0,0.0329260025947424,0,0.218426573691197,12.7642413943641,10.0328582584147,0.49653991835864,0.749676820391934,0.536498458716378,0.00415265190349572,0,0.00151092977172159,0.03166810600452,0.0160860763145332,0,0,0.776840491771544,0.0149834993524245,0.0215890800770461,0,0,0,0.0818371032871864,441.347373256708
2014-11-01,2014,"Q4","2014/15","Q2","November",190.190992523062,93.9475612854373,40.174090940216,21.4333123422882,0.905588548908463,4.12474798527845,1.62012364056526,12.4638336570115,4.81772904871487,3.06347176983768,2.78811582913049,3.05501429441797,1.08399417741942,0.270009982177308,0.0601712672962313,0.0479723142597199,0.0809091489258528,0.06064401582052,0.190752050056309,0.00295022530029913,48.3418797388333,10.2516273281202,9.21695615866403,4.72238809353833,3.20770048340127,4.61189477802073,8.6300360732211,1.53665341576255,0.698859593288551,1.09477055204257,1.22599735584939,0.0287125092097385,0.396841368350913,0.830068921547849,0.708981842201579,0.0789159721980081,0.00111965712049786,0.00722550768066851,0.113478314689798,0.116932507155231,0.412658384381374,0.249581963971975,0.0526531131867137,0.0292203928695156,0.116341243944939,0.000223452662729077,0.00204075575307862,52.4726694993059,29.2269921600133,1.15130842422606,7.48615273632551,0.378580468731642,6.99873448205072,5.58246169640445,0.431581231172862,0.204573317158726,0.031517526752948,0.21587406252544,0,0.753580885999108,0.0113125079451413,57.0401701287741,45.3543868149666,4.36926457594636,2.97255739355209,2.12924583478855,0.69725988705063,0.804115673600315,0.0947822015776929,0.382276949848898,0.0403292997513582,0.0894970797367503,0.0335770930119444,0,0.0679809134247854,0.00184192105667855,0,0.00305449046148887,23.6111812590485,20.0426383789105,2.85841166695157,0.000849164028437016,0.393455212899426,0.0226062337134402,0.00967655342953876,0.00159811395343464,0.00381020395318506,0.01013254530586,0.000632425356524939,0.0118557179616644,0,0.00161057874651261,0,0.0111059819048307,0,0.00607630333476085,0.236722178598804,9.45632858280274,1.63188532050247,0.701483341387965,6.89839313148789,0.218249929747788,0,0.00125381653826835,0,0.00506304313835978,9.24679583450482,6.59946238919797,1.15959566315076,0.966560322774532,0.165165604716495,0.00122381604765568,0,0.0044005960444158,0.0143500930310182,0.000328808493313139,0,0,0.281049737786643,0.0120469392191107,0.0124945386069107,0,0,0,0.0301173254359888,390.360017566331
2014-12-01,2014,"Q4","2014/15","Q2","December",250.578214954181,108.828018584166,57.2315646113142,26.6813120125457,3.66702169409778,2.22098928568037,10.9709673922229,13.7063766241283,5.03025555648197,2.96738407731565,7.02502902249525,6.53217786950034,1.29929533848403,4.10950271922842,0.0250730157681713,0.0567974763280062,0,0.077991943958434,0.115045567950785,0.0334121625150299,55.4057470592024,12.2488670625069,6.3473094117293,4.25104787815636,2.62496762694189,18.1571193557333,3.15081928904154,1.93658871466233,0.647352548490065,2.69686109994031,1.03604908369685,0.268936425961976,0.595511049104462,0.273954293119898,0.326693495575653,0.0105628213460865,0,0.152408107857837,0.00390809713773329,0.092749558810453,0,0.0436844761021907,0.0639066865898092,0.117716691375532,0.300563411640361,0.0531710322779757,0.00499884140366068,27.4191801342048,17.6832089441934,0.292743081703638,7.35778046550372,0.380716402397106,0.00198991237253429,0.230645220322995,0.310552951561842,0.343647720238558,0,0.472324581813706,0,0.345270226630055,0.00030062746728903,67.5868422003273,55.9543521145743,5.79186605163881,1.57160484400493,2.56881694503731,0.405794164935904,0.806502937488408,0.0184948826362911,0.347266167730995,0.0510629581552653,0.00386975450604564,0.00558391331594025,0.000410997391917581,0.0274208983066201,0,0,0.0337955706046188,24.1179066475662,18.5779798492999,4.78991223103849,0.00773120343979627,0.00278845461769315,0,0.117497175956019,0.000652458359669159,0.00664702656970035,0.0132797795424773,0.000128625058778873,0,0,0.00103819653687514,0,0,0.0112835908972706,0,0.588968056249598,7.57003604481609,2.64385766083028,1.50453836665383,2.79702598542648,0.436626599074791,0,0,0,0.187987432830705,12.6022978935376,7.88044507284211,1.53934851000773,1.46392234686131,0.404167009136411,0.00358511312480573,0,0,0.0802831345441352,0.664595737711021,0,0,0.0285536927432016,0.0165066827528898,0.14457490856528,0,0,0,0.376315685248662,445.280224933836
2015-01-01,2015,"Q1","2014/15","Q3","January",234.821445596627,105.659965979338,61.7145877246719,25.5902249787318,2.25820805174607,4.23791968781862,2.40893253343136,13.6775557094363,3.5802853229608,1.77875093420177,7.70035420535903,4.17648954384568,1.2525511705478,0.392533820419526,0.01626541918848,0.0817973531611239,0,0.0465391380126297,0.239793346450328,0.00869067730637956,42.0145031347304,4.3772951443309,5.82630862299113,4.57326040526078,2.66748796080632,2.65021155886204,2.19156490210363,1.75836138947703,5.32818379909936,2.80134899119002,0.77733077741883,1.70917675090147,0.220151665076489,0.818498703190348,3.3816457427971,1.98653124884765,0,0.0271287372512612,0.033232970468175,4.31165031383875e-05,0.0238581758018897,0.0164562827729331,0.13713654415927,0.0446861805770838,0.303560931401202,0.33300005284107,0.0280424806013002,39.2281665318037,21.1187911130152,0.13508980571439,15.9004669914249,0.160130677319377,0.234892164891089,0.290432276998019,0.357036979148838,0.525534257307209,0.00888206494980683,0.0246909324494322,0,0.471886221760776,0.000333046824696368,66.6115153886114,55.7011188197935,4.74919466368867,1.59368569290702,1.58022773816839,1.27554178440824,0.842385137413367,0.0326516494800361,0.0300016865042544,0.111495723800116,0,0.0139818991444828,0.00102689437614714,0.182437214086326,0,0,0.497766484840856,18.4917907298054,14.2829293980583,3.60902790320568,0.0877011468810833,0.0165362646209169,0,0.161995341187553,0,0,0,0,0.0260887740524096,0,0.00699470981782468,0,0,0.0484991275551717,0.00250699691224212,0.249511067514151,7.7968997314568,1.03406581546665,1.67833780427092,4.37195577990825,0.710334508815803,0,0,0,0.00220582299518569,8.63358069427734,4.35295648004524,1.46247891551362,1.35003319521905,0.700212664816697,0,0,0.00130524152505207,0.0488546142259731,0.109785143882127,0,0.0631758807382003,0.198161824004468,0.0168604955002536,0.065747524651248,0.00608595319095247,0,0,0.257922760964461,417.597901807312
2015-02-01,2015,"Q1","2014/15","Q3","February",224.491317403911,86.1558041969549,67.7576775634888,22.4094427288326,2.98817091108014,2.82543467965414,5.21715065548308,17.4068572231849,3.67938517926061,1.58663405892853,3.75673060414492,2.84154064499156,2.53747814918579,4.8719357201646,0.155212105882661,0.0479002547756879,0.0208953394219947,0.02346456350528,0.209602824970252,0,65.2050738962578,10.6741437220211,7.36246787076774,13.2089584779735,1.94433940137672,22.1038466635075,1.65991065305463,0.675295391664991,0.991327173073322,1.04468742478211,0.660209824123887,0.737962266039889,0.898131646779533,0.599063993702384,2.01148188868038,0.0524031730701202,0,0.0670354333184556,0.0109105276183255,0.265371197440116,0.0189677070643747,0.121942723236719,0.0378140660087257,0.0325399219013388,0.0126322750788904,0.00181141267908081,0.0118190612939028,26.0441646124774,15.2520518971344,0.127280472949637,8.44930507340894,0.0920404785283082,0.215622471644896,0.19462061559965,0.761716967399198,0.171509260277672,0.00854598227198841,0.176443938978144,0,0.59502745428455,0,63.3547059622864,53.984865906562,3.85441157260107,0.707155334152625,2.06165091695118,0.500017163445713,0.849523719362822,0.022531780001476,0.326432244797006,0.319054651195819,0.00747972211286854,0.0362367158744196,0.00345862823022657,0.349945962185065,0,0,0.331941644814083,21.1283581309547,16.8020951624017,3.93871357514123,0.232706904136702,0.00513163381770333,0.00267162534303216,0.0146149956163974,0,0.000140268377573475,0,0,0,0,0.000128753028579863,0,0,0.00895732405710822,0,0.123197889034665,6.41570855144723,1.25986333127117,2.004348183677,2.92000749948993,0.187201334986635,0,0,0,0.0442882020224863,9.443221085523,5.135757679318,1.44843017131186,1.90623728252028,0.174905144742953,0.0177425053150051,0,0,0.0494138029560943,0.176790905858387,0.088453330634366,0,0.102389713756191,0,0.0357668751507645,0.000817348366617831,0,0,0.306516325592471,416.082549642857
2015-03-01,2015,"Q1","2014/15","Q3","March",192.42064081429,73.5403563899176,56.3666447060845,23.3388406245788,2.67965772912008,2.9526439912817,2.85221639628778,17.6667689081665,2.23624190242638,2.12171860811033,1.13727370140769,5.12766708330929,0.696649532518052,1.09246612378587,0.170737935559046,0.00141209925241615,0,0.250466437919609,0.188878644564518,0,64.664484779796,5.57480744590213,6.08607849089096,7.20047978480698,2.66770842346793,31.7487426533954,2.51809369085663,1.58586921571013,0.127660915398136,1.31143625287604,0.852801465497215,0.152763675110369,0.381812386656331,0.468821629104382,2.30098967665857,0.1004065258949,0,0.00188637895653828,0.00300612479431299,0.0226873315272787,0.154374200217376,0.0955859901398731,0.0123396145187608,7.59412641616904e-05,0.00702700155493337,0.698588568489534,0.590441396107133,52.1210174842971,21.8766626089529,0.00189782206374525,26.8020308312654,0.119856370573456,0.0587245197896003,2.29449295342712,0.0341020271617022,0.583096265631002,0.00586802883690229,0.321778440927161,0,0.0225076156682133,0,66.3030004660865,53.3049203289942,4.62568157525764,1.43183056197631,3.37082758900693,1.14028239376246,1.07659942752476,0.0184095028503837,0.00975376176984251,0.582028936886013,0.000126993553824977,0.0899133468324536,0.018390378300826,0.292663772444462,8.05414766416734e-05,0,0.341491355449797,25.3385232983304,19.1696876568877,5.29371123583879,0.17614402219739,0.037080961370733,0.490107786097256,0.0388972602435454,0,0.00881355873252419,0.00395611193608175,0.000132516483343097,0,0,0.0466319621678281,0,0.0207021644236669,0.0219009602875254,0.000121286552877255,0.0306358151111838,3.3844195354173,1.03958775110515,1.43736446313324,0.458121436547189,0.418662497282181,0,0,0,0.0306833873495455,8.89852916642546,4.91985663136404,0.333370290464493,1.7265384185412,0.230121772971615,0.00226839954292747,0,0,0.0326975000787774,0.0413800786164286,0,0,1.43593282426761,0.0167272551761245,0.008293427458635,0,0,0,0.151342567943608,413.130615544643
2015-04-01,2015,"Q2","2014/15","Q4","April",189.89196197027,78.8347326709446,51.280411263051,22.0460832511708,1.57335922010313,2.44845425894994,1.85893154152074,15.5728244596588,3.67999417857216,4.27857224281835,1.70046752013235,3.0882407684264,0.530976186809074,2.45447960308564,0.21144794673793,0.0943802546040364,0.0099795744602051,0.0763605864343059,0.0525377872128871,0.0997286555778068,40.6800742339424,6.46912531153533,5.79665122686844,7.24036416443838,1.52185363364816,2.0124709305951,3.03620825667864,1.76250208511301,1.3549165827462,1.55013301245602,1.54132548401608,0.226494753981575,0.239218446287354,0.714997828427742,6.75586389488539,0.129176551952229,0,0.0500656446774782,0.0417014876247536,0.0805920473937252,0.00179427217095766,0.0365189149529732,0.101031004794043,0.00309061396562899,0.00537509985441086,0.00113574289949759,0.00746724197932271,68.6518008797334,36.8226764667124,0.0914514205502937,16.2165013444204,0.368204698032263,5.16350316052016,4.11138796259272,1.35501791700464,0.127482156485842,0,0.0758651069974568,0,4.31971064641721,0,59.6230328249687,47.129280159135,4.86803453016208,1.33887407440358,2.64393391795289,0.210714121005466,1.00544891397931,0.0366624598558227,6.40091203389443e-05,0.312199396833667,1.74026189304106,0.00601556184241547,0.00483176768853678,0.0745576293325162,0,0.252154390616018,0,21.6429424257087,16.8527556696486,4.17789391094868,0.0294067566068908,0.0028496432976456,0.104031161308348,0.119817401703259,0,0,0,0.000155351626460515,0,0,0.0161629529598217,0,0,0.0907221763992885,0.00199848612751175,0.247148915082246,6.77259419225703,3.82592512190805,1.09901090115411,1.5166203197419,0.208512003213245,0.000688565641271546,0,0,0.121837280598449,9.21730616677628,3.37674480992422,0.214328288402579,2.20197432997584,1.44642419270895,0.00257909530361159,0.00396335578668489,0,0.0427899634307871,0.00454285056394408,0,0,1.45601505319375,0.0155071181719161,0.00721521957449255,0,0,0,0.445221889739503,396.479712693657
2015-05-01,2015,"Q2","2014/15","Q4","May",203.595908619786,85.759616492613,46.1133494887153,29.0359419765655,3.12079803293269,3.37250218722116,2.22784471978039,15.3199633005863,4.30104199445994,3.5518884619538,1.20793693319503,5.42080763817363,0.454866964450263,3.1116069290992,0.122862440596409,0.0289899890547928,0.00904353783026366,0.434063316666754,0.00278421589178262,0,57.6304071220684,8.88715822973088,5.97962668023959,5.41149111714896,1.96336897120529,6.75783375093487,2.47059093245038,1.16787790620788,15.277371723358,1.46273581560814,1.15713564310915,0.153411908708734,0.285469076055199,0.578645838049431,5.16035034991204,0.0426919068794936,0,0.0432917215985278,0.0216266286456587,0.00751909092663246,0.642518320656619,0.0415663612018277,0.0772122900695931,0.0240200837153388,0,0.0136240432306258,0.00326873242545227,43.718941509089,25.3177588974091,0.109601818822685,12.6692055720046,0.546205285173007,2.67171330449164,0.46427938524862,0.221364487520568,0.0152467579198308,6.31690360936795e-05,0.305429591812022,0,1.39807323965084,0,57.2467209137199,43.805748691537,3.57962751567403,1.66961287110395,2.2666500647753,0.404240678810089,0.902332334799766,0.0153514242066741,0.00136383948403046,0.161891118715123,4.11161881389038,0.00897235424432514,0.0717437054703803,0,0,0.226731718960322,0.0208357820485064,19.7707583095542,13.7440290504773,5.90083991178513,0.0506579711180375,0.00133819263766852,0,0.0419387148364998,0,0,0,0.00139144755804819,0,0,0,0,0,0.00966379068866085,0,0.0208992304528605,4.83196317122152,1.68292587568511,2.25663431210826,0.219317061096952,0.447735647041565,0.000303211373249661,0,0,0.225047063916386,8.18754090058246,4.45632021364154,0.393162182464203,0.731847831512965,1.23909417898913,0,0.000840386749476177,0.000148404015720466,0.0260742972042528,0.478565356305329,0,0,0.0684784789782941,0.0151647176960524,0.14525778220852,0.0553511227798083,0,0,0.577235948037166,394.982240546022
2015-06-01,2015,"Q2","2014/15","Q4","June",224.413205363091,92.532512359842,59.1384259224292,30.5349076421181,1.49286133828803,3.05402462958737,2.89778277057514,12.6514974975263,2.59713932538144,4.21942127257386,3.81719622447552,8.43092508520873,1.32909712340124,1.40795953049179,0.123420637400147,0.0918573240243282,0,0.0677987817498841,0.0263778980180442,0,48.985363055609,8.91086093259407,5.67187850743149,5.20930048503439,2.57888803243291,3.76195838635646,3.34412697203897,1.20512422797297,1.22730283563342,2.60437280473289,0.922337589961666,0.307933772817874,0.711887938571849,0.174547784762097,4.87695536866883,0.0815398549202241,0,0.0256163219312994,0.0191388367914971,0.0422615741502657,0.0287380664720609,0.0383123861148141,0.103953051138248,4.71996317847886,1.82420935409899,0,0.594154792502857,38.767879537831,21.5722474326108,0.0313265293857201,13.9975376152377,0.24119616019398,0,0.776301605705526,1.33836886957608,0.0284035847752657,5.50695118556918e-05,0.236916711550263,0,0.545525959283806,0,62.2260629064854,51.2250118946134,4.29041918863874,1.19722777509077,2.61605295860875,0.326207296505979,0.87349828059361,0.0056419551114503,0.00430434394547887,0.193872561050221,0.584654364702171,0.00328264987656567,0,0.62458974709613,5.73545036758293e-05,0.276393573947811,0.00484896220066424,29.7331480044766,18.8667720559861,9.33867907220407,0.184256042001216,0.00526288020744783,0,0.0649929911444593,0.00099490236435315,0.000110195443262498,0,0.000286329221906103,2.04802970545646e-05,0,0.0180580404965336,0,0,0,4.10790751664697e-05,1.25367393603502,4.38002243155367,0.935022965671899,2.86660700798255,0.338419439721668,0.235249678137409,0.00100554147970617,0.000783487828410469,0,0.00293431073202321,12.3614827490244,8.87054969339458,0.449306354554677,1.6571877941641,0.282963933507027,0.0487626120346777,0.000386844682184528,0.000746429135880339,0.0409288540816594,0.12818981800535,0,0,0.0902852174123304,0.0175384204607369,0.0231527380520771,0,0,0,0.751484039539166,420.867164048071
2015-07-01,2015,"Q3","2015/16","Q1","July",180.250268088083,51.4127492748429,65.5156933974686,24.4107660289314,1.46295161978823,3.37218517510713,0.959533263540572,12.3228977931147,2.64429322905939,3.59706319126809,9.85066935668865,2.44216935849547,1.57320311788752,0.3610359923717,0.204553444823992,0.117680655945792,0,0.00132427089785305,0.00149891785114352,0,45.0617520085002,9.83521503134864,5.3729762729767,10.9209796243616,2.50239538129066,5.36846736906765,2.45875977222792,1.80159688368461,0.543665450004325,1.53109294293598,0.729435644649526,0.0824583497393544,0.360055659975195,0.561046425989404,2.12337044654235,0.0457486718021765,0,0.153158814712713,0.0645267216517178,0.0207275362141753,0.0228159082737911,0.132494903115376,0.0231855987367882,0.350489931877579,0.0540402883955259,9.765195746327e-05,0.00295072696895373,53.3412647101378,25.8155539472104,0.0994994070593749,23.028291058781,0.168598511720783,2.67658785866629,0.538916868865196,0.392347432017028,0.264919003004163,0,0.164127797895424,0,0.192422824918114,0,58.5577251335756,46.5798907094037,4.8681913989667,1.30734222920297,1.95241968759969,0.753539619066848,1.28772513545689,0.0127026936537587,3.04546639999572e-05,0.161062398947348,0.000158982150260323,0.113718657842252,0,1.11625433353661,0,0.401541692302794,0.00314714078173827,26.6505191388001,16.7417157500984,9.03689226515775,0.0549545600077452,0.00529912396158036,0.0166587888085511,0.279734767517511,0,0,0.000165928935852223,0.00121052700928553,0.0139658177539543,0,0.0222595874538779,0,0.0088420647992027,0,0.00497596267151864,0.463843994624828,3.72928267767894,1.65738513106117,0.659710907853132,1.11297198131403,0.209971243287946,0.0009904845984683,0,0,0.0882529295642059,8.98450338540341,5.24065665423861,0.514713402118049,2.1945122464737,0.244365780370598,0.000800364970389201,0.00231015156379022,0.0103622755405833,0.0492997495090023,0.267557496175271,0,0,0.0395528686651692,0.0170057311289694,0.0401610855460863,0,0,0,0.363205579103192,376.575315142179
2015-08-01,2015,"Q3","2015/16","Q1","August",228.299702763761,78.6235419125489,71.8578049743005,29.0192493282979,1.17166706925114,2.76762368759711,3.61814344287843,13.5493135831391,4.47646295055678,5.40831731579739,9.61478651195678,5.03997335236761,0.54832678288878,2.09066634260249,0.257708000749933,0.0995136221563232,0.0285344247841749,0.121063266272423,0.00456589439479827,0.00244030122068715,45.0750364923968,10.7548865302169,6.13635948549178,7.88419437166798,2.24029389552543,4.8699939422763,2.47884439895912,2.26777616834469,1.02501066768156,1.06508843661865,1.22903024399771,0.919341265557403,0.629438406430799,1.05501409355848,1.79647435471466,0.0288517808377367,0.0183298308878687,0.074510752801846,0.00992911615533973,0.0120837340364478,0.132427068941542,0.0365940190254036,0.00257964377289104,0.324000159098315,0.0380865134348452,0.0246157599085811,0.0212818524545127,65.9690894652836,49.7125320469373,0.063475241170262,14.5507309323386,0.127150471111822,0.0879137198610663,0.279024017421535,0.455218803627541,0.300883218481239,0,0.199672459568967,0,0.192488554765221,0,71.3548052991052,60.7423879859438,4.77106790139923,1.33851331524137,2.43214756124904,0.194343357586142,1.17529212304257,0.0154571732110033,0.0287873521308705,0.211872400633615,0.00120464513346629,0.0117941525909996,0,0.139247490588645,0,0.276631547337997,0.016058293016446,36.5186295913018,22.6310104103555,12.5770977852505,0.264248693933436,0.012763384010389,0.117846889367011,0.190268144392414,0.000382980448502378,0,0,0.00029401185771982,0,0,5.3134032912824e-05,0,0.00135952117867391,0,0.00397787744187191,0.719326759032816,2.84140206597915,0.739146644994978,0.612191621115716,1.06933573452174,0.335695403170084,0.00640317167951784,0.00330207727013361,0,0.0753274132269825,9.55170269205564,6.68206017062151,0.513369491088197,0.779582175381967,0.676096519554573,0.0324710769790198,0.00126145990574998,0,0.0586138906381221,0.323092026020335,0.0155004243137943,0,0.0294083733575251,0,0.00433529462410326,0.0294604060668466,0,0,0.406451383503901,459.610368369883
2015-09-01,2015,"Q3","2015/16","Q1","September",198.307931884252,78.2818208602771,60.3111595531902,23.3125359867975,1.58266360552302,2.42934747876155,3.83050422986668,11.6256754122148,2.38018971753132,2.95665360298903,5.51662438362186,4.27052142768631,0.559770085034604,0.520980873719298,0.23879269000843,0.151982818504725,0,0.0144994111747747,0.0924676056872984,0.231742141663414,41.7590836005056,7.74534964068144,5.27849578907514,9.69152519577486,2.13967946053874,6.65240498372507,1.88339276334948,0.611695460968686,3.14095258579281,0.444749608374204,1.89405747665779,0.459801323093445,0.215224382151611,0.339575450090813,0.753298169320543,0.0661992512654464,0.141074750277482,0.0211058491775684,0.00626071963285754,0.00074468331407332,0.000970837018652442,0.0488335084554766,0.123549059182376,0.0588474834846341,0.0113264063133931,0.00658677718831996,0.0233819856007143,34.059467477987,24.658082374911,0.0270409315763914,6.90486344858676,0.163410266573399,0.0352859758851378,0.295312101003592,0.388031465303995,0.843412830037824,0,0.256491810039794,0,0.487536274069133,0,57.8486282474119,47.8308418562377,4.34118286317172,1.43869239871013,2.01455658765191,0.37174442743387,0.73495281323078,0.0198405937795335,4.08573214829595e-05,0.145375252186615,0.0554115252182937,0.0209623517617038,0.000239727050159131,0.415010157683147,0,0.383887586404881,0.0758892495699368,27.5499949484958,19.5425988778892,6.93159648270612,0.151393858686074,0.00586018262874868,0.0818068558668032,0.160719968109316,0.000368412530684552,6.23769784514057e-06,0.187931615710847,0.000974522422503552,0.0141058592674301,0,0.000415526886942493,0,0,0.00113740177037351,0.00015981803343942,0.470919328289414,3.59082770220674,1.8380148827301,0.691427135858046,0.761246942958899,0.300126754307192,0,0,0,1.19863525079565e-05,7.0187250499614,4.3258453877754,0.286496148323072,1.73863601535425,0.146355931598856,0,0.00314514697997275,0.000187858107406367,0.0173587156110394,0.109400070621351,0.0370793819382801,0,0.00465816028434708,0,0.0416704586030907,0,0,0,0.307891774764332,370.13465891082
2015-10-01,2015,"Q4","2015/16","Q2","October",167.64904732751,58.6395229175741,56.5667457658484,19.1524526979459,1.22598154019848,2.01380788844819,2.94804021184739,6.71784859857135,2.89779611679107,2.58860258653305,9.6336965977052,3.17452128433702,0.649567948856584,0.815831313414309,0.275537361802854,0.117778875296103,0,0.159791726657815,0.00177770093168551,0.0697461947509274,25.4867786971486,3.69842592796831,6.30980076745319,3.04409054941599,1.55484985076193,1.8321531378055,2.10102460393345,1.30043338183657,0.499503815664546,2.53653365410743,0.642443112650187,0.182710531317308,0.597286681538194,0.120743266107371,0.682792446823033,0.0347792352059722,0,0.0284191902124477,0.00130454026393264,0.0445982630744226,0.00993309328523687,0.0977423262736269,0.10628970475177,0.0234114114188964,0.0249065173821269,0.00154695166906314,0.0110557362281449,59.0917003171857,40.8926980276192,0.00311547659938211,16.3938634926562,0.378238439826058,0.0111866260648963,0.165449683882049,0.357421194428015,0.308709671965309,0,0.346674088297532,0,0.234343615847157,0,55.1618072950823,46.4445670883656,4.06311993593917,0.921558255342657,1.35558308257589,1.02142243978281,0.783171451030471,0.0129746564154501,0.000538834935478348,0.178989324527666,0.0136652812637022,0.0119082399804123,0.00361756320686635,0.136094359277635,0,0.213935579653327,0.000661202785121966,23.9710834298559,16.7386415673135,6.7340137033052,0.0809916584568108,0.0466043647891775,0,0.0510736764601417,0,0.00834648772110114,0,0.000444273639660634,0,0,0,0.0101451487478983,0,0.0598469116267909,0,0.240975637795611,2.80587630525507,1.17158822564653,0.517182146212483,0.863733947208246,0.24976615646146,0.000411814847360783,0.00112468256132526,0,0.0020693323176671,6.77122714185179,4.22143737350484,0.479449022104608,1.16771334056611,0.256407898213103,0,0.00294219009983125,0,0.00586213571263181,0.116961974882972,0,0,0.00402875708931949,0.0174332249852236,0.0373054128653727,0,0.00598509649225324,0,0.455700715335523,340.93752051389
2015-11-01,2015,"Q4","2015/16","Q2","November",218.602085092464,84.7386942794108,53.9400911060751,27.2646199003054,1.86496090722925,4.65798060009882,3.48312583574395,15.0979067983019,3.12773335968311,3.9300633523955,12.3842023644141,2.61469586696822,1.09989752693613,3.93052085523492,0.19666457318079,0.210968183086652,0,0.0514637127571627,0.00849587064209297,0,35.009285210052,9.85638044314609,5.45804931015742,3.14935916776585,2.94809234373508,1.61734546651065,1.20842220054378,1.64703586500255,3.27985273082373,1.16366608026574,1.91207201329422,0.366661419142723,0.1275127023617,0.740876243068936,0.503276039894469,0.0455593736545555,0,0.0181693097324197,0.0078987097351431,0.0209731461817143,0.00337817541251206,0.00241252625117674,9.8930041096656e-05,0.089932798278487,0.838709605538807,0.00161619414413916,0.00193441536898008,41.747001853698,24.7648101924518,0.00135457802966215,15.3441996509061,0.290590854586291,0.000330673811848611,0.407010752579398,0.413094765094501,0.132856905556139,0,0.0987583045835604,0,0.293995176098678,0,65.5511623562006,51.2304860000373,7.45507960448982,1.20329433438979,2.53156212279203,1.00179112414928,0.830207433263583,0.0142117207325066,0.0200900236983961,0.200529112672343,0.00448538371116319,0.00692908822454937,0,0.599718248902161,0,0.264341894959116,0.188436264178536,26.5783598036533,21.4008037603424,4.75152185484993,0.0354287799041342,0.0041400388973633,0.0276274984471592,0.0229500823258713,0.000465347197155858,0,0.00369833168445028,0.00140553051476153,0,0,0,0.00200837611000439,0.0144053380961203,0,0,0.313904865283957,5.49070341755352,1.92352860019244,1.41328824704671,1.82622069255614,0.32361793774376,0,0,0,0.00404794001446993,7.94430543235389,5.33643006613596,0.68205802935436,1.17232936411149,0.370548090789613,0.0107931259730357,0.00655545948678676,0,0.00488453375302905,0.0469276399976743,0,0.00713272398471109,0,0,0.0487064786199138,0.0693466771144623,0.00176173342982841,0,0.186831509603025,400.922903165975
2015-12-01,2015,"Q4","2015/16","Q2","December",294.0744729029,120.749546162757,85.5466171259197,30.2148938840216,2.06305850393658,3.16856834185295,2.97075711890192,19.539836166682,3.58602430829607,4.80898261777496,7.59691210055173,4.84809294050724,1.8207987791587,0.807782890995632,5.90628747305815,0.112513028530874,0,0.105471938460532,0.228279254688121,5.02668063891097e-05,50.6229509199359,7.54921913992308,6.68579047462973,5.52789963503276,2.95930018640588,3.89126952606886,1.95662710331157,1.74254432562587,4.11472858918786,2.77383511508772,1.71437925647438,0.266761924938438,0.427414263246459,0.476591793911046,0.757845350186875,2.85377544769815,0,0.115333714628208,0.0792074234695051,0.00127453338277733,0.12485354143926,0.314141293501661,0.460439692352483,0.123059798511933,2.70794248149917,0.0175598503361734,2.98115645908601,51.6592623376711,30.6480764564691,0.0204834728665232,10.4550460439952,0.284634458738028,0.641548348705703,0.762782083092,0.679666229572608,0.17586027163646,0,0.687501236278753,0,7.30366373631672,0,76.8962963547779,61.2741752526715,6.48383255201511,3.68491941438083,1.97832404633854,0.446616274030027,0.696152392271707,0.0195813687596532,0.00157883435795494,0.181623783659979,0.134454752196619,0.0142301746929869,0.0142161095390852,1.46967660908347,0,0.466405206976249,0.0305095838041499,32.2530879126257,24.9767739467963,6.22906659155158,0.140270908252454,0.174903114033727,0.0341856001313291,0.142346422300289,0.000266736450055275,0.00061299355503504,0.00138776981154542,0.00154488641612364,0,0,0.000315736437404508,0,0,0.0911943744671749,0,0.460218832422663,5.25215320824193,1.55319187517479,1.80545309336159,1.77515991584728,0.00732848128248132,0.00121008082991057,0,0,0.109809761745883,37.3121009755492,35.6015549081533,0.319579714440471,0.938718088060109,0.27071690529592,0.000285720825864939,0.000441750903274176,0.000325408917180237,0,0.00124412494987667,0,0,0.0021792630646414,0.0255853268576969,0.0608239819572865,0,0.00716272141397314,0,0.0834830607096399,548.070324611702
2016-01-01,2016,"Q1","2015/16","Q3","January",199.615773660835,81.9639795271592,58.0684681437689,20.5096666813732,1.40039023212614,2.15080287218622,2.01652994492944,13.2635093250888,2.43416917354617,3.26430504590454,5.1567328215044,3.29085286983929,1.23594596088072,0.548317591609934,4.00914819895669,0.0763730867742808,0,0.071593642207288,0.15495442220969,3.41207699797005e-05,34.3625184910697,5.12435916070995,4.53826959189388,3.75230108031464,2.00875305623386,2.64136757366744,1.32814531345691,1.18282736432195,2.79305008227047,1.88286061364004,1.16370910487772,0.181076199862551,0.29012592623022,0.323507303176808,0.514420324890864,1.93712357357402,0,0.0782877495194539,0.0537654661401612,0.00086514468511404,0.084749743908993,0.213236996472845,0.312543365310887,0.0835321632783029,1.83813313728859,0.011919508264769,2.02358894707919,35.0659597090807,20.8037080970797,0.0139040435681129,7.09681491266621,0.193207955558539,0.435478702736653,0.517771345972312,0.461352863810372,0.119372769191386,0,0.466671213648243,0,4.95767780484923,0,52.1966886040466,41.5924979062369,4.40118191280463,2.501298506186,1.34287305240565,0.303160121958155,0.472543560130912,0.0132917013697646,0.00107170213971461,0.123285002375795,0.091266981173731,0.00965934684037449,0.00964979950853693,0.997606594198664,0,0.316592716501261,0.0207097002164699,21.8931790749329,16.95406611028,4.22824849291829,0.0952149487730852,0.118723057050449,0.0232049553669638,0.0966237937446078,0.000181058907683256,0.000416095900910882,0.000942008811102276,0.00104865850520272,0,0,0.000214319769421901,0,0,0.0619021278286595,0,0.31239344707648,3.5651262610428,1.05429619492716,1.22552941260808,1.20496660752516,0.00497452378821225,0.000821394725867621,0,0,0.0745381274683231,25.3272031047888,24.1660959428676,0.21692856001618,0.637195522439685,0.183760813919932,0.000193945374255162,0.000299857541023506,0.000220885383616807,0,0.000844503645450311,0,0,0.00147926910610331,0.0173671477318293,0.0412869097262494,0,0.0048620071047084,0,0.0566677399320941,372.026448905796
2016-02-01,2016,"Q1","2015/16","Q3","February",164.490941095982,61.3229064590858,62.2698589389437,13.0755378620465,3.95633822349911,1.95855127592071,1.32364026075649,9.91864111824014,2.24610612207864,2.0159491659306,1.35826277032001,3.14563486864409,1.55138350690243,0.17490484881205,0.126217496119962,0.002357051257652,0.0233738797982822,0.0178933424233733,0.00288912598672415,0.000494779215880749,31.9926002473158,4.3354629294436,6.14436833065356,3.52930032551756,2.89526352588735,1.62575221850592,1.69429511362206,1.03692088634867,0.596938243375097,2.32387256017134,0.601644765693929,0.266577339997575,0.164721561744588,0.834768906275375,0.906695141840783,0.0644164285475166,0,0.000106648523564401,0.187916472207806,0.0134345617184918,0.00200556657153519,0.14354896429361,0.140562676256909,0.0088371999989207,0.698140404887599,0,3.77704947523239,35.3946211325926,26.2632120763631,0.000168548375643051,7.23053515202768,0.911772900960582,0.0285140213110204,0.280387335114902,0.169515962840436,0.125833648851953,0,0.150547573468,0.00442074739370737,0.229713165885557,0,50.4685856147957,42.0835034218372,3.3347709235398,1.14560998692205,1.46778349313094,0.532174910499184,1.04301728484756,0.00277810662203006,0.000110088787462106,0.0798006319252892,0.142630550940871,0.212859539918412,0,0.0537050669447836,0,0.317614183454428,0.052227425425752,15.7708689603663,13.210226171607,2.25340669045953,0.0846971978260569,0.00547299242895085,0.0138793087901293,0.00570364171536453,0,2.51760449070062e-05,0.00309869907721046,6.99334580750173e-05,0.014189498643421,0,0.0189676130012375,0,0,0,0,0.161132037314383,3.31204554669945,1.65289660034627,1.32786044423745,0.301119001998468,0.0134939894228275,0,0,0,0.0166755106944362,7.07595156219287,3.39555352135351,1.22393186014132,1.74752283896695,0.429685636519549,0,0.00766725957624164,0,0,0.0613857852150318,0.000152990803726038,0,0.00111096291497973,0,0.195038262175249,0.00107579163057735,0.00313651559466451,0,0.00969013730106889,308.505614159945
2016-03-01,2016,"Q1","2015/16","Q3","March",224.559718182197,88.5269523257621,75.8746365096468,20.684636508371,5.00111545200533,2.45362287858581,3.20427162883974,12.686472304757,3.68477079752813,1.48509644246927,2.03618131771699,7.04074169972046,0.956378420061113,0.477216248594652,0.0587882472516503,0.204779014446659,0.00132490350276371,0.178703518653861,0.0010452216729443,0.00298474261102608,47.0003815499372,8.04393596848419,8.17853909706291,4.74188276778913,3.4590761347122,2.89268337139868,2.7252736038854,3.36903562257669,1.08551611686433,2.64935297425215,1.51465848121728,0.753703271822709,0.50699363076645,0.836493394615984,0.66893994162485,0.0836833017200115,0,0.346250624827255,0.0302042406422427,0.0439885610632209,0.00476969500686144,0.0160852930533014,0.0957043801439121,0.0142286633779665,3.35908125158745,0.00389541026399811,1.57640575117804,44.8638280863859,28.547988747336,0.00560696406570316,13.5489106889909,0.134823066536698,0.839454057900792,1.32020841678281,0.235792205130314,0.097232853479991,0,0.0898647895211936,0,0.0439462966414827,0,79.5304130963187,69.468624289839,3.90129022178074,1.40929959620867,1.97718822948663,0.518628049352104,1.38613975582844,0.000105992280221097,0.0113779952429591,0.083762615743301,0.0769434105492494,0.0972774094548275,0.00813289365364495,0.0806219680273749,0,0.508908179131424,0.00211248974017459,27.2713131692641,19.6470273527233,7.11531159600746,0.0536013305924637,0.00465171393982451,0,0.0634311341543783,0.000615285186683464,0.00101414473638347,0,0,0.00252115781548626,0,0,0,0,0,0,0.383139454108132,4.61483665946251,1.90960763140983,1.34645640971206,0.919201889574495,0.397840941628705,0.041514622808573,0,0,0.000215164328848826,6.92752240119144,5.12614738760264,0.27682107167817,0.574991561312743,0.422053121494543,0.059662344388178,0,0,0.119533853942144,0.0563443821866698,0,0,0.248738210348644,0,0.0355525008702278,0,0.00307775083692009,0,0.00460021653055632,434.768013144757
2016-04-01,2016,"Q2","2015/16","Q4","April",162.960440541475,57.9963742226752,52.1362588755517,18.2505528216397,4.89443462003059,2.68138578865804,4.40548178956311,12.1377452105731,1.30222104224778,2.64863351528697,1.89211401206366,3.16347094536472,0.710234558540191,0.163989510814873,0.367384982138427,0.0848789892923359,0.00210433385998714,0.111957090916189,0.0041448411320919,0.00707339112600719,46.6851248917818,9.53309758466792,5.98246110719488,5.41343269501314,1.9283859638088,1.71235199748396,5.51341375177673,0.948162516561554,2.58821488877446,1.33553304463455,1.26013599115642,0.417793715688675,0.983510769221473,0.696296556296371,2.30938022722097,3.80239123985064,0,0,0.000470373210198233,0.000692082778799525,0.00510789720329212,0.130013263081751,0.0654684869355215,0.0921112285260863,0.91274953318742,0.000192985322903834,1.05375699218527,45.1084599209384,24.8867633592733,0.00586122430773376,16.0114877056127,0.376805129538555,1.24655195765145,0.548542695393866,0.512221580179146,0.0251214515207862,0.000521142493254355,0.0155255277962893,0,1.47905814717136,0,59.9750233055839,51.7644070489584,2.49966631049259,1.48822573472502,1.60080653507865,0.646601549079817,0.915320728820375,0.00522200947034817,0,0.0911027593129433,0.359517919963426,0.00554788549030976,0.00507838824186088,0.0415969872080511,0,0.511959186374809,0.0399702623672956,21.3492072825921,14.9244507547489,5.7191005118717,0.157262964043202,0.0131364972431616,0,0.132381170182277,0,0,0.00011628392222631,0,0.000369591986015121,0,0,0.0117361355178012,0,0,0,0.390653373076869,4.29982641599894,1.37006710178447,1.60526105912144,0.872955357380949,0.416624261130283,0.0170883530523497,0.00259772843991049,0,0.0152325550895377,6.71915683940903,3.62892718661131,0.647742215520297,1.87242720686543,0.102271746096446,0,0,0,0.00467453337700398,0.106199248344082,0.000301111851339315,0,0,0.0198163534286714,0.0177215274035054,0.0595434360399052,0.0033627076605388,0,0.256169566210494,347.097239197779
2016-05-01,2016,"Q2","2015/16","Q4","May",187.322235092819,72.2960762451733,67.9501211080445,14.6597806209882,5.15817106843607,2.18683506261989,2.16165371949479,11.5928764700445,1.8586442556756,1.44795195195323,3.4341244340162,2.98081853163799,0.85594312254816,0.12363448852962,0.50902690079847,0.0844642815054193,0,0.00687059405494811,0.0151204307472601,0.000121806550317193,34.9373950298745,11.780341461976,4.82524954875093,2.38296627860409,3.22717681221102,1.51811669240334,1.50393876429741,0.608485972132134,0.29389588707361,0.824670077421525,0.990584201161171,0.607601965322602,0.712101083434281,0.544532342903159,1.21429075624214,1.15311196650903,0,0.00737459995440186,0.00263948365858312,0.158382193231755,0.0111670621243465,0.0376738017112512,0.00505448376608341,0.0381396787769402,0.0845323485283183,0.640121758857372,1.76524580882298,38.502943674244,18.8419728626151,0.0268552991811831,11.6847631817223,0.0661410498689059,1.26532245214696,0.31146030500413,0.147826964563773,0.281917043157338,0,0.0860681701025997,0,5.79061634588164,0,49.3568379800525,39.1039273829256,4.20104932641399,0.977459643856138,2.02405796863205,0.221463246857594,1.55424157474641,0.0622431472120853,0,0.135819281600535,0.16867542700643,0.100812328573626,0.00727082923231986,0.18329685268983,0,0.609835945992733,0.0066850243131763,20.7505374992636,13.2125978066463,6.34738701476507,0.120745006231178,0.00169905503988869,0,0.0218774647245232,7.61290939482455e-05,0.000585990166605471,0,3.21433952225925e-05,0,0,0.0676703057317738,0.0267872905239226,0,0,0.0128511899406695,0.938228103004457,4.15469218103549,1.0601734332764,2.68654517740696,0.180148622826876,0.202743206698816,0,0,0,0.0250817408264413,10.4695515852698,8.14090476653014,0.300595340337155,1.31917025976553,0.313873768149811,0,0.000429187071800273,0.000300286981684746,0.0129458200962049,0.0581896980675669,0,0,0.0028945888688884,0.0183056635792664,0.00978333040807613,0,0.00527803008343187,0,0.286880845330225,345.494193042558
2016-06-01,2016,"Q2","2015/16","Q4","June",170.148682646052,57.3379994751233,57.9587128111623,16.9323518440296,1.79149231035583,2.25357687471039,7.61021699372932,13.473783733785,3.88208782616635,1.59864531743064,1.58227198057741,3.93333793244169,0.939731932111999,0.385318641753316,0.288192294886044,0.0770128766344591,0.00399191748366328,0.0777532314727502,0.00150676532055052,0.0206978868774509,46.0846025994358,5.82026396630469,5.04148024992398,2.6859379919166,7.25948140404681,2.71354221727108,9.47190408780909,1.2498242350813,0.953668335434614,1.22142784809352,1.54186619704795,0.580176271147408,0.611616699363005,0.251672989195036,0.351621227243107,0.502802041753465,0,6.13397996068344e-05,0.0299786827917074,0.0690122055960237,0.00402292730818953,0.192889286341209,0.268964590102269,0.0451872421448083,2.48743265844225,1.92833047116328,0.801437434114806,76.7500163470502,36.2239478369809,0.00482965727737701,30.6692902817557,0.233227210098983,2.89161405787799,0.273995522004873,0.571888596926992,0.51775296958003,0,0.122397521329644,0,5.24107269321774,0,52.8855787967612,42.6688045649918,3.70886403613007,1.51324705372595,2.10993692484767,0.303134037929556,1.26447125433169,0.393597047477186,0,0.0733785872213371,0.0967476366483832,0.0849634202774908,0.00244478546332149,0.0736668161241562,0,0.547259765262802,0.045062866329747,23.7880878486086,16.7739200103624,6.30113693555734,0.0783018643678641,0.00366460149742792,0.202762115367036,0.0168674515279025,0.000346399479446374,0,0.000345036372788444,0.000625861902571789,0.000555540933972521,0,0,0,0,0.014446545137403,0.0405152784169785,0.354600207685402,6.35983442327947,2.23934519453653,2.29558658550957,1.61533748148562,0.192025315263747,0,0,0,0.0175398464840094,11.7339688089999,7.90842772246765,1.01174164843813,1.80565013712917,0.169009623975636,0.00351530724071818,0.00147820397635859,0,0.0361822946086682,0.456913181349687,0.00248937353404403,0,0.000141362679843917,0.0185237675396028,0.00233044892879602,0,0,0,0.317565737131571,387.750771470187
2016-07-01,2016,"Q3","2016/17","Q1","July",160.863401185306,37.7005545288488,64.9016521895815,17.1263295311563,2.61722948673193,2.13691890012875,4.68874968992744,19.0092700651434,4.99948504388907,1.51445952209508,1.47776887577532,2.37079430735864,0.501695154917303,1.33997755631295,0.235010546986297,0.065178992464258,0.000695730818438709,0.168586562531148,0.00904450063970322,0,50.2460092643471,7.33534634067979,4.54795574272235,3.70462013854014,3.37059611086657,1.89385252261316,6.25586504975489,1.62885231561101,8.39831317901965,1.17871447608116,1.11591561536419,0.263828449834258,0.545343109421458,0.897456138374439,0.44032437324871,2.93151672960875,0,0.00157454869436129,0.000915435287419355,0.0810343316423613,0.0153060780056516,0.0788739043640516,0.221535339555484,0.110584582720258,3.54837364368341,0.964356149179045,0.714954959474516,66.8835329694329,42.7292236497008,0.0513376109184774,21.4982287594021,0.289973281642955,0.295539128190464,0.270419583903677,0.287556532484168,0.451822240458697,0.00933743993167742,0.0603088767351871,0,0.939785866064709,0,48.5397310591698,38.2386336285129,4.10757737460414,1.89298803720334,1.94009576002323,0.308114975334825,1.40909243869027,0.0309569866541772,0.014339252007267,0.0520092434232225,0.00136754430291303,0.0130960478963387,0.00083658011382683,0.186788613739058,0,0.281473003054358,0.0623615736100138,24.4727741061753,16.2026926403316,7.61602655976148,0.136337554495087,0.00067221413672601,0.0880610646133504,0.24350362558622,0.000450520406561902,0.000390110516237141,0.00695456974120057,0,0.0147731241995357,0,0.0255947723077411,0,0,0.0529757752500994,0.0092031632343489,0.0751384115950675,4.71099126687828,1.0642704132612,2.81162286366959,0.624416403347779,0.208377812282255,0,0,0,0.00230377431745632,10.4577348890872,8.18952014943965,0.579673260385914,1.2520475335852,0.270151763214211,0.00209070704918174,0.00156934856102357,0,0,0.0545940273541971,0,0,0.045332162902725,0.0191471172788808,0.00553715821861832,0,0.0120477575352429,0,0.0260239035623191,366.174174740397
2016-08-01,2016,"Q3","2016/17","Q1","August",175.071682687669,48.1170680011485,66.5845274890928,20.6628995556758,2.43561758361953,3.04299183970828,3.29592575252167,17.7906832640644,4.28588431010737,1.75206173822868,3.82443925653168,2.3532170198316,0.377811812933623,0.192689687055878,0.129109998139433,0.120814841694128,0,0.0455144146564458,0.0594995278989731,0.000926594760028078,38.117919003751,9.77204352798995,5.66118755519926,3.38965682928087,2.01158807264206,2.22110029842783,1.857027161248,0.500075082777208,0.912975769685945,1.2313978348862,2.13478082616281,0.268377833532711,0.888436049206417,0.351604186839688,0.77055988880742,4.81085043307504,0,0.0708154526067901,0.00944743789887761,0.0292665868498997,0.00439785625256696,0.0138306987948643,0.22822388614866,0.293058206991276,0.483153701912274,0.0792026899501486,0.124861136584194,64.8450602372311,35.256949438644,0.0828317666260978,22.624499668885,0.155796799010353,3.8213239379333,0.874795441043438,0.634093425868855,0.988159960592775,0.0107549723290154,0.37308860359457,0,0.022766222703719,0,70.7233761941621,44.3704257051757,4.36492543934318,2.08460543475364,17.4713941562725,0.503044985579367,0.955272970229231,0.00556826898045042,0.115424878952254,0.0978232424333834,0.00135312416393058,0.00783555500382615,0.0015996001101821,0.245623844489951,0,0.485237829487821,0.0132411591866011,35.3279215260571,17.0775766775406,17.4920044566694,0.148598567193021,0.00689008555203842,0.061145683699543,0.106520075532055,0.000564770381762467,0.000838004470591138,0,0,0,0,0.000592543271012306,9.50694924209087e-05,0,0,0,0.433095592254668,4.61973188517368,1.43320198891347,1.93553442820197,0.65761180095421,0.509874520556455,0.000984017533888972,0,0,0.0825251290136808,11.5873859818209,4.61161974059872,4.34854299254371,2.05314716448529,0.0872991314063394,0.00528550532128692,0.00122571520932165,0.00274063238881544,0.000635130680582626,0.0731755086015062,0.00162598674481321,0.154599508074093,0.00677076276803954,0,0.158761786526854,0.0567754016889757,0.00510775573492658,0,0.0200732590475864,400.293077515865
2016-09-01,2016,"Q3","2016/17","Q1","September",198.595088879752,62.9756722178961,67.7712292161157,22.3518296957913,4.33028992757441,2.71018066448196,1.34031560975253,14.4160725124262,1.91370488121197,2.11928974344666,5.54215596568228,1.19747264584618,0.572455314978716,10.46402043701,0.354184668630229,0.143420633375212,0.00409474302701584,0.350038931886765,0.0214590858228638,0.0172019847957944,35.2614987085125,6.69068277608167,3.77418744828843,4.88843104335429,2.64093916088837,1.64149392721588,2.96018756495046,1.06535558900305,0.756644619859914,2.11915748609182,2.96079491428164,0.090808946469629,0.75671026034536,0.750060911214646,3.08103848664227,0.727544960945324,0,0.0173734927436981,0.0513951130088671,0.0692309221296116,0.0222045265457076,0.0759061224283248,0.0404648781198407,0.0449525007468551,0.011030780768438,0.00770029159262458,0.0172019847957944,65.493815269673,43.3199189370894,0.0298044127225956,16.0988716480523,0.197534570280071,0.0467729270816798,0.601511145454355,0.343928472045899,0.521542510109552,0.000409622689968431,0.108460854424382,0,4.22506016972272,0,73.7433945220608,45.0331599308331,5.56849804475912,1.36810565362237,14.5445175257401,0.439872322117693,1.0965288450676,0.0238455096354031,0.00860065710512871,5.22883282687482,0.00137289736119703,0.0122919707905157,0.00433226169887035,0.0941963828607277,0.000201711239645897,0.314669999662562,0.0043679826918944,33.4305703583679,18.6027995081784,13.7590413084077,0.164275779420375,0.00553284974889012,0,0.0197876410242805,5.82564087682883e-05,0.000632241407382484,0,0.00567887434469235,0,0,0.0005135027808432,0,0.000183683267213769,0.0358434485355182,0.0584426041743039,0.777780660669493,9.44043156852957,2.11648048542626,5.34426947617823,1.33228718240956,0.485275656610619,0.00434177901325491,0.014425542880429,0,0.143351446011229,14.3129649222321,7.53148967915434,3.84700301792946,2.16135044564063,0.395831226228465,0.000417627318622992,0,0.00283690702538112,0,0.018036668574259,0.00207994287874415,0,0.00317291234315643,0.0191336736681009,0.0104149943204101,0,0.0107033626434049,0,0.310494464507107,430.277764229128
2016-10-01,2016,"Q4","2016/17","Q2","October",150.651889373549,45.8313717073709,52.8905731643681,15.3061280612401,1.3773269782324,1.83718773659094,0.894301765344097,11.1689288613606,1.55842804709138,1.31491682333728,11.3525834176209,2.4362601899744,0.69152519329788,2.89542260749015,0.23446856716312,0.720346638872758,0.00152050443871004,0.139380269230287,0.00121884052479426,0,42.3091566432569,7.28223693481148,3.76057658942356,3.24967057703602,2.08104230380401,2.36317721618574,14.8626645561707,1.95911752116025,0.445830994126611,1.72677207750457,1.11592760878723,0.0323635139360586,0.653572891405739,0.177624436176299,0.57598180636306,1.38733070937754,0,0,0.0973004027250033,0.061349531286213,0.293755801245286,0.0897535021752948,0.0565161812013535,0.0135393072113739,0.0101852724347533,0.000137607985172,0.0127293007236425,58.6346303790316,28.7748263752844,0.0252493753099091,23.1924696445069,0.0997478832382666,4.81895495561054,0.588975783218918,0.215414929650875,0.270537295164696,0,0.163249848819075,0,0.485204288228001,0,56.878129779525,34.392285514039,3.64157015673184,1.0981113172292,11.5038161153138,0.455902213658014,1.22411852327531,0.0317489347894259,0.000209672693649996,4.07198426792747,0.0315617578136639,0.0133734242889515,0.00363408564999408,0.0638309820948437,0,0.33469695838289,0.0112858556368585,27.470209439215,10.9111885305496,16.1108252600708,0.141741337362696,0.00458433526660253,0.00149769280191162,0.0700217133404749,0.00018721528369395,0.0002073748328943,0.000503513564314095,0.000458958492666474,0.0447309595705078,0,0.000456748419668077,0,0,0.0261740418581792,0,0.157631757801002,3.96498657908762,0.895220467553556,0.930953116384485,0.709986304345729,0.434826818310732,0.000189214663066497,0,0,0.993810657830055,7.56167533540497,4.02536855722561,2.30906555308714,1.00436987134363,0.0602815366002775,0,0.00575565627516734,0,0.00127784947385138,0.105029157658003,0.00205151499457915,0,0.00728308929272736,0.0160178724013597,0.0122683642156425,0,0.00752618258873068,0,0.00538013024826323,347.47067752907
2016-11-01,2016,"Q4","2016/17","Q2","November",172.562369930269,49.3642118269562,63.3377651959902,19.9243726728018,3.1984739733649,1.83566975437278,1.41382143640429,15.5859171400353,1.80228887110756,0.740484049246521,8.00577348667078,4.20424342793932,1.00642580762476,0.895920933011049,0.474524815899035,0.23762138473494,0.00124255207474932,0.385710437117417,0.147288135778689,0.000614029139057739,32.2814135064806,5.87979735265565,8.00425716614411,3.21179277986211,1.73062900077516,2.70348837392499,1.8931826568812,0.667525572805268,0.214353162848969,3.08946804779634,1.60555295973071,0.163650117874088,0.563929176021463,0.705734742236798,0.539445211981615,0.400693302070233,0,0,0.00223424435070466,0.00864155714820962,0.00222722997077496,0.0609855673297965,0.214801795437644,0.0536218662228801,0.473921042852569,0.0261010025536857,0.0653795770055901,68.2974756783371,32.8895381497789,0.0539684658062296,29.2937231897949,0.29857054916663,3.46130264624782,0.763594838942893,0.443965719787431,0.341169103322762,0,0.27776742253216,0.00317726669053342,0.470698326266952,0,77.8753729498704,51.2694609343778,2.59922579389796,2.15979430004053,14.0958716865162,0.723805674881294,0.92750040830746,0.0162819307553454,0,5.05670422540467,0,0.0147563663295161,0.0116773298534875,0.137733056778847,0,0.438570410943431,0.423990831783723,32.3307181058613,16.7790490448233,13.9537993016409,0.24007040383671,0.104036410834838,0,0.0492140065780642,0.000174393305332678,0.00780169170374259,0,8.12685625223477e-05,0,0,0,0,0,0,0.0210799598658467,1.17541162471004,7.40534294214508,4.05212980394403,1.65018359714429,1.52088862102483,0.155163369210627,0,0,0,0.0269775508213073,6.08675993733524,4.6586177480865,0.282840251354006,0.660925497623154,0.344827988283435,0.000418831081719337,0,9.7892498478308e-05,0.000283229970230662,0.0264185278573008,0,0,0.00249042994929594,0.0473488704935759,0.045655615612854,0.000825327401615842,0.00707868142234236,0,0.00893104570073852,396.839453050299
2016-12-01,2016,"Q4","2016/17","Q2","December",193.153062393945,61.0836844842964,69.541525955215,17.8938241547711,1.72421929777175,1.55595077227707,0.928402651816424,14.8966722294606,3.61032150771386,0.911270861978119,3.66583334753571,6.19394266476387,0.538193248726648,9.93351009869036,0.357485891514315,0.0693137180693584,0,0.0383628567934551,0.0988827736777307,0.111665878873319,30.4127264558124,5.78035748037433,3.22337970017543,6.03077197834847,1.69268139736205,2.13285111688821,1.70043895215564,0.888932225182233,0.364460402732922,1.06637347377315,2.51871852857119,0.378069008275048,0.562201452552411,0.673353723794648,0.959189209987493,1.97409790126411,9.67788033621681e-06,0.01900040942742,0,0.00109963937097858,0.000791907123155653,0.121199577922209,0.118901332636824,0.0140014251174497,0.0982783183144241,0.0143570354827095,0.0792105810995439,47.837532626255,25.4816070641643,0.0491104283203908,16.8507548064209,0.0111380924860293,3.60212411090429,1.25145961881196,0.427638254869087,0.0956470826439294,0,0,0.00883878289466704,0.0592143847394163,0,63.2066976088008,42.788185325556,3.11711649005417,1.8264277919868,10.155497404952,0.371034324008609,0.790355429544832,0.00298513479869235,0,3.35140036504726,0.0534692628109857,0.0131739854783857,0.0275517514503222,0.199925406777817,0,0.507802835578905,0.00177210075594686,31.1957156279034,17.4757187840977,11.9695508859594,0.0417946001184987,0.0306324477089381,0,0.0165281101162582,0.000990134981028758,0.000119803115439678,0,0.00106104523632242,0,8.86921648062998e-05,7.44144653345404e-05,0.000130429654126911,0,0,0.000272163211611489,1.65875411707391,2.89259448998328,0.937789199259997,1.20743853885309,0.0926029223400277,0.279246793955259,0,0,0,0.375517035574897,12.9526253611235,7.0585725242942,1.68073988650856,0.811062513445761,0.0538716226424087,0.0491028318899449,0,0,0.120204604001011,0.0633849607527581,0.00221250430888562,0,2.98924640224187,0.0456008156758508,0.000175311367643009,0,0.00287774336913939,0,0.0755736406254419,381.650954563823
2017-01-01,2017,"Q1","2016/17","Q3","January",184.697574379741,66.1101137526082,66.798453774899,14.7464635476374,1.45077919309283,3.4727312591201,1.38419958727264,14.6327854932153,1.97058796201376,1.15156971648587,3.49215706775867,3.63291777101834,0.779508941270442,4.25930471637732,0.445663040673484,0.309568370581164,0.0081515757179733,0.0494054087145122,0.000130194541478617,0.00308300674221365,22.342919644125,5.41126124414799,4.12275163533514,2.61659194340722,1.75883937196663,1.22125754089534,1.64570776426609,0.677928008511866,0.19603541479082,0.588441664175143,1.50413779920345,0.262211778131853,0.25947910334627,0.341322574639872,0.866017935286121,0.137486717231331,0,0.0440379091262286,0.0267834403787387,0.0303422048034813,0.403803493748404,0.0796337422157852,0.0379172009750624,0.0571597474724513,0.0082537579175305,0.00164460876832179,0.0438730433838253,50.8207198503839,30.3343760195181,0.0433188328377747,15.1072298592171,0.100244802202489,0.366114730537702,0.351566285108699,0.413672392036231,0.152415030879478,0,0.448859441337923,0,3.50292245670839,0,63.3164640860484,39.6627555365252,3.30361450427434,0.871782910129902,12.9822596711864,0.291646538028038,0.748450315309393,0.0170207900610393,0.013308663621154,4.49392549875244,0.00148410730476043,0.00281767579008502,0.0169083808829845,0.471042572795956,0,0.438388463436145,0.00105845795048634,29.517648403241,14.65397559189,13.8269066041937,0,0.00153187292032654,0.0927932004720326,0.0493780315641417,0,0.000228037712044365,0,0,0,0,0.0327951244099285,0.000212565866169743,0,0,0,0.85982737421269,5.41723343746846,1.71554126202918,1.36853782070243,1.8432392854161,0.322637547208003,0,0,0,0.167277522112742,14.1692050584149,3.28488621444605,2.98518447300068,2.64825431384712,0.179700153910319,0.0159577713563121,8.91635344671741e-05,0.000174784199290475,0.00138781364756548,0.0915666495326296,0,0,4.75428167246026,0.0512179408243176,0.0113316752367591,0.040643563837159,0.00232550333757797,0,0.102203365244364,370.281764859422
2017-02-01,2017,"Q1","2016/17","Q3","February",144.023310003039,38.2417744108644,60.7069648038895,15.9859347581832,0.749195312509731,1.70671538724775,1.81355030979813,13.3250512970912,2.77645398680411,0.720947792158228,1.17560880256888,1.62448709151557,0.495072269380706,3.83389236857803,0.261616045586185,0.5866565908437,0,0.00103849139314322,0.00043562481117343,0.0179146598152198,29.0766554061499,7.96604898970435,6.22360903312113,2.94245000436227,1.34212696685409,1.27694859230248,2.97938412181561,1.90530673625369,0.366615573691744,1.43472164997505,0.684517172258678,0.0579396318191554,0.160936959941185,0.298710444136329,0.429176273193855,0.0683535552501483,0,0.0247972118177514,0.0385932423440918,0.0164695439234588,0.0575075263964937,0.0418436965949757,0.10687199546809,0.0429943980675972,0.487693736240679,0.00188061055369652,0.121157740063323,65.3807614971836,38.0878623663927,0.043095935143978,25.4560001234931,0.10212221204316,0.00924007912710804,0.394488531574456,0.435126761428636,0.259589828658546,0,0.147838000053439,0,0.445397659268519,0,62.8192737337606,43.0899176650055,3.50781752848593,1.49788678057125,9.95629977418958,0.115733898405693,0.658187440536407,0.00548068188766972,0.000878654935851744,3.23430278085788,0,0.0127656719294033,0.00477522989770589,0.253626981605243,0,0.4814816239744,0.000119021478127058,26.1987282759196,12.3242454781247,13.1126689876452,0.113678315999606,0.00119291729191791,0.0900326493277716,0.0220550791488709,0.00152498465118684,0.000335728380774748,0.152449636186931,0,0.00202485112622414,0,0,0,0,0.0263544551059456,0,0.35216519293044,5.80877566499332,2.34749739557137,1.45469372195901,1.6981928688113,0.285927403408327,0.00031869873577775,0.00185624431959656,0,0.02028933218794,17.4290478386313,3.92304203572973,2.08849117600107,1.05729296872111,0.340295286146315,4.21071064032943e-05,0.000344512688754228,0.00611578312609501,0,0.0626445489738377,0,0,9.92246197460421,0,0.000197329212280894,0,0.00922750441396853,0,0.0188926119075277,350.736552419677
2017-03-01,2017,"Q1","2016/17","Q3","March",140.044308059489,43.7708106392477,52.3531501027981,13.5383920256316,2.8252822782795,2.34360675151362,1.00035587576853,12.6197412979874,3.65767974864879,0.935716129461423,1.53617082933393,3.48855637866795,1.21838305765046,0.185769822443693,0.209467866129224,0.063889834765261,8.18502519124633e-05,0.268358573983554,0.028894996925818,0,26.4038479010415,5.3980470570167,4.62059633192738,2.61780760008866,1.91189442223855,1.04642678954132,2.50676793367479,0.809726804009126,0.926769139472056,2.98619866449936,1.16101221537303,0.365461429628818,0.234960499506007,0.355676915462286,0.524439655197877,0.166921835079294,0,0,0.0378722122357067,0.189707453900135,0.00364868287863791,0.085200799341023,0.257522869309248,0.0404846201779766,0.0294663288727199,0.000464343845622078,0.126773297765188,89.2420659120401,36.5018085885344,0.0467704371414847,39.0722102231887,0.0756365654834533,2.44203891916966,0.842609598803567,0.321346092981388,1.26292115194641,0,0.0517226229329446,0,8.62500171185801,0,74.6914001267077,50.1514042523265,4.98426469361229,2.36458667036653,10.2019077771077,0.204410467568449,0.695544132480574,0.0606412146369059,0,3.22047896774768,0.00160243149184144,0.00828932860426343,0,0.460612759183824,0,2.00728523229191,0.330372199289299,28.8088960386897,16.3390168592304,11.8165396996564,0.157546377368726,0.00163252782946966,0.104440921440303,0.020777844418965,0.000327556523128487,0,0.0219702536218711,0,0.00163214558879322,0,0,0,0,0.021579818916721,0.0391493847409909,0.284282649353959,2.905733215861,1.41066839269913,1.23672023789261,0.191354593636575,0.0339124525636603,0,0,0,0.0330775390690272,18.3661381014227,4.72114501063395,1.74096059915476,1.16994024552137,0.315538137342466,0.0177067795865759,0.00227416013923665,0,0.0110034158404742,0.219119726410984,0.0021836010205207,0,9.60242850004713,0.0180332475013539,0.04913184964926,0.00505696229893291,0,0,0.491615866275654,380.462389355251
2017-04-01,2017,"Q2","2016/17","Q4","April",164.499585808695,39.4036459734706,53.874242195243,25.752417945639,2.52234543583732,3.10545352392919,2.18047089704866,21.9408096051864,6.33759606904234,0.638617127218382,3.1263171915953,4.54846424772211,0.565455393547596,0.3276969185566,0.100448189831367,0.0406151793922146,0,0.00245915885604653,0.0316365860683891,0.000894170510145993,26.7579216577695,5.62324829007735,3.93831733627304,6.62119361779813,1.51117802876664,0.874910242621203,1.64090600207954,1.9455746241753,0.680960554098241,0.92882275425751,1.25473591061523,0.0678143946957053,0.234745610349158,0.352144554009302,0.424413170179484,0.203520302519993,0,0.0577588382718422,0.0165154533007438,0.0429472901224031,0.0519386586432388,0.070115138564811,0.0915708703660299,0.0189962252630762,0.0369936946975561,0.0649528752221901,0.00364722080179841,80.4523725920105,41.6528524970154,0.0637344546934338,33.2986074823184,0.0538023559417857,2.45342900229365,1.00785743862975,0.470660199363185,0.865101268881803,0.00212089809697809,0.0751922401460685,0,0.509014754629985,0,71.1726937807926,41.1752985098287,4.42139328943278,0.40636590164481,17.3920614803607,0.264376749976522,0.59921643944436,0.0166683884786518,0,5.62642132432378,0.116236082730306,0.0169877505957974,0.000442065064810805,0.217833947012022,0,0.853097575903056,0.0662942759962833,35.3599800512715,17.0416484959257,16.9417844283475,0.163802024214385,0.0114654658665919,0.000172399439240431,0.187209665349901,0.000127200766778478,7.30293522279718e-05,0.000105462155736037,0,0,0,0.000128896777002191,0,0,0,0,1.01346298307651,4.78927386445495,2.17866565559095,1.75937417931925,0.0844539484565385,0.766629832390495,0,0,0,0.000150248697713627,12.8467881854918,4.72004027380868,0.403937083563658,0.577770899276977,2.66307003719478,0.00206171242820117,7.62594036990334e-05,0,0.0286939320097869,0.150577408076441,0,0,3.3087051578335,0,0.0664926752722532,0.0867873362824252,0.00785507135112695,0,0.830720338990248,395.878615940486
2017-05-01,2017,"Q2","2016/17","Q4","May",223.449371263414,68.8075506625671,63.9655135398003,48.8920904933561,4.72462084128715,2.6332905946896,2.10742977688003,18.1927456247344,4.33298690516974,1.00955462833753,2.19193377986982,4.83092705942821,0.638952047011075,0.297714323382334,0.200779042183123,0.132755975381264,0,0.0617270004992361,0.272375658915214,0.156423309921775,37.8115604301273,7.45490602232499,4.8962055959882,2.89516061140058,3.10839734636944,1.98960913804746,5.78078264262952,1.13671867037436,0.380568610843757,1.81941227405811,1.58043057810035,0.299954359795787,0.399749469473855,0.390189416792754,4.24830598028439,0.609102519431765,0,0.0143758208353507,0.00137216637291344,0.0182407809157729,0.0173863716173996,0.0207812122810912,0.0291692627798234,0.086360994095568,0.0119535797475295,0.000586930454005499,0.621840075112504,51.6762025818045,30.1558497872446,0.0457071022906372,18.2270484475841,0.360860850533606,0.572846412796172,1.20015362672557,0.36014009734635,0.375679125890249,0,0.194870523466686,0,0.183046607926493,0,72.6695838064137,45.592626287046,4.93683794072624,1.61384900201817,14.2160002683742,0.117488347029662,0.611755734228465,0.0117570729697862,0.00385918361404207,4.39282829385549,0.000363471332004733,0.00533244864831837,0.00019693115935015,0.236642495494127,0,0.77435176381454,0.155694566103272,35.4473658694173,16.2623764693009,18.318716121046,0.0721495610943738,0.00266911357335439,0,0.0189616473563112,0,0,0,0.000483093236196491,5.997022020136e-05,0,7.13635504323001e-06,0,0,0.000374541441360717,0.000325927541366447,0.771242288252209,3.70437968827006,1.80233743763071,1.44055456333925,0.314388416314888,0.00805698514361042,0.00659553907894145,0,0,0.132446746762658,16.1667700976285,6.96372112687039,0.543715067197006,1.26622895129303,5.11004411132074,0.00153827722929136,0.000494947385618971,0.00147060563434933,0.0343686595699565,0.179961531293085,0,0,1.45865823938801,0.0181201076768979,0.0117322079908739,0,0.00801711136635952,0,0.568699153412943,440.925233737075
2017-06-01,2017,"Q2","2016/17","Q4","June",239.251051292718,50.39915588972,76.0412403215721,34.7448349398985,12.1573699345111,2.77888216882053,3.35530185552745,42.1905715160467,5.50450634906247,1.47736258025584,0.828586690054333,6.96884153894044,1.09079412796391,1.11381897294288,0.248051119450888,0.124292437813835,0,0.115501723533266,0.0681019708255925,0.0438371557780159,45.9411736355512,10.4099349018971,4.79283760850469,3.64210522878522,3.23543057275307,1.42928934263691,3.21161091317558,1.33909973499349,0.241440739050891,1.67653995179751,0.966301045387155,0.275200708734419,0.959886664553645,0.375024885205955,6.50624554189768,6.42254262423529,0,0.0491625143365887,0.0139075070689626,0.0623526562103678,0.0029116839997701,0.148454734590292,0.0593566762992273,0.0674619591567085,0.0190482844175735,0.000374615896838905,0.0346525399662639,86.4294234645402,62.6620888518123,0.0529556894092277,19.7085370364559,0.352792746646381,0.0390554205435208,0.367375364052121,0.64123010060145,1.1994255277653,0,0.0530638950968487,0,1.35289883215709,0,75.4862346539777,44.8088324124011,5.04848775608993,2.92125418732973,14.9835805737867,0.312937097854498,0.970423841060245,0.117122214419215,0.0192947314319962,4.84984215405673,0.00085155926980641,0.00719993276332126,0,0.583568041254986,0,0.692177120463219,0.170663031796118,36.2157034670862,19.7806905024406,16.0153492341217,0.119315804559516,0.0100183381468655,0,0.0223356364240951,0.000602969696211633,0.000251197424721655,0.000616853627155887,0.00250334532804671,0.000321753220466946,0,0.000441033646457867,0.001353302156468,0,0,0.0303465089178414,0.23155698737604,8.19513938303993,2.46423641518001,2.41198802235963,3.15742727452073,0.0665673549432215,0.0112662294267549,0,0,0.0836540866095835,15.4649539322702,7.35954672136659,2.35441980250282,1.77676029931021,0.708939960692045,0.0021829564355774,0.00498101482771921,0,0.00755733204887876,0.279065635926593,0,0,1.77279087785044,0.0211235941277385,0.00985149320087293,5.84848965954997e-05,0.000245636565701099,0,1.16743012251837,506.983679829183
2017-07-01,2017,"Q3","2017/18","Q1","July",143.414919382481,37.5649037782456,57.2702420888567,20.5765203928905,2.19562100328093,3.45823550190549,1.00917790678908,3.07292728996504,4.45263794440594,1.04988841988791,0.891787111325,9.96472314925488,1.29374286564923,0.190613682962352,0.163644529693878,0.0460985583081113,0,0.190765897564493,0.00442769271906115,0.0189615687768144,41.3584287966348,5.76583491941083,4.59193897758617,4.55415888974533,9.69993096115802,1.69377074612896,1.86782814372651,0.850955634430256,0.239438018393412,2.54199277865516,1.34611272050774,0.0469445993560527,0.384239550406208,0.282815613458827,1.97872573155149,0.60798090039288,0.000144548912201477,0.0533373178117356,0.000664572970888179,0.050167545004313,0.0142566449126202,0.0451059136152186,0.0607598897229537,4.62876343854936,0.000778986182204245,0.0119970645921057,0.03978468945333,82.3519018694864,48.4263590964718,0.0107883175013765,30.5720956577942,0.0394524987036335,1.09571086355055,0.772816774380575,0.256108022875839,0.792928017015689,0.0103493389324974,0.0444286060823741,0.00150273477328684,0.329361941404592,0,64.6222289505389,41.0923532128282,3.97385092744347,1.21562999001933,12.1183843160798,0.17715440868286,0.610414871066856,0.054306384190189,0.229071243424915,4.04427671685538,0,0.0462386396279852,0.00549064456105264,0.491345361850543,0,0.444581915944444,0.119130317963842,32.7693569388252,19.3528395881315,12.6124440380873,0.135315509440039,0.0429199170237001,0.00422107721752808,0.0975177326682858,0,0,0.00044340791244216,0.000875889655419645,0,0,9.68397252741147e-05,0,2.3374093356261e-05,0.0212979815955156,0.020810054852936,0.480551528421946,6.43623995129958,3.31216810175032,1.67420878765542,1.074084169901,0.0507585819928769,0.0135698337000867,0.282110368618386,0,0.0293401076814877,11.001901766285,5.29762231358465,0.700887061226844,0.644635745748501,0.549785878396637,0.00254603358032323,0.00150500943643454,0.00232087380267096,0.017150361358399,0.0102375601048548,0,0,0.239749876206839,0,0.0479122141255818,0,0,0,3.48754883871328,381.954977655551
2017-08-01,2017,"Q3","2017/18","Q1","August",179.676958988656,39.4022815611749,72.5947099373806,26.5989767648646,3.46820522546594,2.29588162056406,1.54885439227152,8.34434831715923,4.95911638516037,1.28028091233493,11.82064871777,4.58256591127124,1.83097968588097,0.436080948265345,0.227625840219357,0.223944331583395,0.00915489440378708,0.0470965862986879,0.00369607574441827,0.00251088084218577,47.5646049387551,6.28465878078202,3.51681187572897,9.53902262996158,3.74911939807444,1.37624236074068,15.3798759786437,1.54978032754459,0.400392330551266,1.03085147623922,1.16888892305181,0.124968994584295,0.415038484579685,0.145179167503344,1.65065137882135,0.301412772116612,0.00030382065403432,0,0.0343255512918373,0.198478037138555,0.0187117403488793,0.0180932108028275,0.268619337149648,0.119601021862608,0.267736030558397,4.28592247298888e-05,0.00579845079999084,76.7103117175856,44.8744021668265,0.0533538691542805,28.184936916243,0.139641506783747,0.564071341098474,1.06274059573411,0.44606107896789,0.614292372856786,0,0.198957285890387,0,0.571854584030422,0,60.2828450344701,33.2858874991477,3.99190521294281,2.65870041488291,13.5209357430453,0.387548331075511,0.967130803571729,0.195281453584818,2.11667224909178e-05,4.46307133205849,0,0.00531427642222757,0.000547084016341256,0.201358002945806,8.57182168995353e-05,0.514921806200849,0.0901361896362514,34.2254814601966,16.0380469958628,17.0649476425773,0.0645392902895901,0.00336897115892721,0,0.059397967989303,0,0,0.561176754693914,1.65217772920593e-05,0.00252868844505737,0,0.0646918119017086,0,0,0.0734378535384966,0.00013667867766913,0.293192283284535,6.27274429170828,2.64429062219743,0.862229472306011,2.50663738335253,0.0223489223049832,0.015378039508856,0,0,0.221859852038466,16.1057684457025,11.3703336460224,2.30302551421398,1.51050614988081,0.774773728307483,0.0175907048639668,0.000527116626499627,8.54240281930553e-05,0.00434094041230548,0.0725360021284059,4.20187520143009e-05,0,0.00209286148118151,0,0.0232147299008043,0,0,0,0.0266996090844822,420.838714877074
2017-09-01,2017,"Q3","2017/18","Q1","September",251.387992830663,70.4251134444729,70.9585035469828,50.827905264017,7.49344660158686,2.16028057081139,1.17808382190073,21.3340411513344,3.39622429374208,0.845549845315476,6.55120623596412,14.1264522295342,0.40244243133478,0.586932225363611,0.31307518995621,0.504051766795139,0,0.251095776341797,0.000750411697609469,0.0328380235114958,42.7426134664995,17.6972098803166,6.7990184130317,3.23567624088477,2.39824428786531,3.77895782762853,1.87077294244639,1.05274389510343,0.52965809282728,1.20933560799644,1.91328265448889,0.49734674980509,0.2384853843549,0.385643607801653,0.214616179625561,0.109922054181086,0,0.0612616348887503,0.0522722417120193,0.0019760746672603,0.0245414210783022,0.0202305997321133,0.205977476048773,0.235688613429729,0.0897854735367707,0.0962310304108418,0.0237350826373114,73.951107372068,61.2884465161437,0.00256490377770003,10.1331746182637,0.0124815438022158,0.302955809376947,1.01224995245485,0.160295588140873,0.494066635119108,0,0.147570685901042,0,0.387641118324714,0.00966000076312315,62.2108051239341,35.9894595289131,5.5564622597736,2.09651882606358,11.8613529896679,0.15002824052337,1.16405262980135,0.128283995727721,0,4.0886469609287,0.00323965970671336,0.0602598286882384,0.000161507502222386,0.317598804677774,0,0.484050522253016,0.310689369706825,33.3432539161614,15.2645611344654,16.7855050645512,0.154798397622178,0.0150863574249034,0.00298788890088745,0.0272664020119321,0.00091219286415991,9.21538196319096e-05,0.000904442100264013,0.00020188037105199,0,0,0,0,0,0.0341000909817248,0.0365879501388492,1.0202499609092,5.83449366299991,1.29753865375346,2.94461440697842,1.50309573514589,0.0598122301923946,0.00238328843875628,0.0259947139454699,0,0.00105463454552297,11.6515165780428,4.14082892817151,3.21141481391391,2.95293939848547,0.584103172521555,0.00763818532099,0.00149042127590354,0,0.0169597668189948,0.558335875952467,0.000244684279712311,0,0.0248843355697168,0.0348058620435699,0.0269295296633137,0.0801466179591412,0.00577126792073895,0,0.00502371814578622,481.121782950368
2017-10-01,2017,"Q4","2017/18","Q2","October",209.810200855281,56.5585082391636,83.5921510498109,19.567696408862,5.28173886204705,2.90442174460861,1.3308212658907,17.5453548453442,1.73853419506608,0.948416171958515,9.98477257269096,7.40092876257252,0.836025265041985,1.04518895846762,0.328755386721051,0.64305957079861,0,0.0948003641788689,0.00156636765549502,0.00746082440209786,38.0604769284857,5.60161552669194,5.15654641497173,8.09723293967054,3.61131849492494,2.11076512822349,1.80848047814934,2.61956807361967,0.530739831117798,2.45463710702861,1.44732044037415,0.334155155093206,0.225763136394888,0.22037854382173,0.55453672492322,0.147809314130657,0,0.164349415989652,0.00146378662460418,0.427181304822236,0.00906571283420219,0.119455094381194,1.75756720884488,0.535550925572068,0.00984426001984797,0.00245711049083824,0.112674799770278,92.8990446786767,61.4911740381788,0.00576917059013888,28.9223937922696,0.170843094171407,0.245418689621788,0.934569910690644,0.225715594470674,0.557361857570668,0,0.0288855153580481,0,0.316913015754844,0,80.8413285019225,42.2847564964433,5.09930891105418,1.82198238664732,20.1992387195103,0.247643740210591,3.01249158729285,0.0859261366893735,0.0142606169642113,7.14300808231156,0.0469833990684587,0.0521824124198914,0,0.323177455878276,0,0.478466529631907,0.0319020278002249,49.3466638351312,16.6287233763558,30.2746322922905,0.065301783729754,0.00252800248864556,0,0.0344714804332012,4.3451004957114e-05,0.00021471101156318,0.000169047946697489,0,0.00468575627835682,0,0.021665366249209,0,0.000314567860367824,0.000132508065406459,0.000744461353418149,2.3130370300633,4.87433204795904,1.89311144602716,1.45172881449403,1.4900446086285,0.0277643943987668,0.00188997955984312,0,0.000483800786846707,0.00930900406390127,12.5973685739238,5.24978570218892,5.06459283226501,1.18740339247542,0.740156916233342,0.0227022212221781,0.00198396636754849,0,0.000949456716905277,0.232167641813625,0,0,0.0418510063416496,0,0.00713198774201523,0.0372225557892758,0.00649715936172367,0,0.00492373540621825,488.42941542138
2017-11-01,2017,"Q4","2017/18","Q2","November",206.008557894888,52.2529573481971,83.9142220537196,18.2752728737773,4.64200981590916,2.14309283925658,0.935535464456863,23.6532574681876,3.55551448195765,2.48266437856116,7.06349370056182,5.12206258120346,0.401798782751802,0.776536549220494,0.461123428862578,0.146712120839831,0.0083853444438794,0.168489107394964,0.00421373684658824,0.00121581873930131,37.311171844129,8.55323334091065,4.64127405715695,4.38245720668986,5.07295676812403,3.36962957978463,1.67500637398307,1.05439825808916,0.463361826700676,2.28400280207543,1.41952394639958,0.0621839758977598,0.458126903073389,0.540555245867678,0.602323533035587,0.0845319119066839,0.00133856655884298,0.0105449618874436,0.166551460365542,0.231055644271566,0.0135014256861904,0.0793549914463549,0.155262235680878,0.0630078123677175,0.00315137064012293,0.00163493925158181,1.92220270627764,95.0940049951321,60.720275238071,0.00647423272001585,30.6616306056455,0.616311076316742,0.345426287267716,0.719342785629373,0.399078773748749,1.21746085319253,0,0.0211009228363826,0,0.386904219704057,0,70.5406862824144,48.5851098675178,7.01228903153564,1.3212403731052,8.36108726542239,0.245404884522387,1.2490777266951,0.0360931988321437,0.00656177946153409,2.45410509807983,0.336812858425875,0.0273046155908001,0.00169257541023173,0.291898691075398,0,0.597115430377091,0.0148928863630201,38.3224544809323,21.8636542010323,13.0883252502786,0.191294665601333,0.000762805242930857,0.000177410262916782,0.0486824369963229,0.000175460595687047,0.000267332057517727,0,0.00087169423044221,0,0,0,0.000226573054326401,0.0103890066917361,0.0464173338742486,0.00036066928508715,3.07084964172885,13.2817921206248,2.6975337965176,1.61063161126618,3.24592279114751,5.65625774009108,0.0510227317629888,0,0,0.0204234498393924,10.294158623366,5.28938092221412,2.84343247725403,0.708936681528392,0.422354961242641,0.013048782873878,0.0012270818131833,0.00427240650827226,0.154505749522297,0.579799239419195,0,0,0.0811900576630121,0,0.173636904791962,0,0.0120289483598335,0,0.0103444101751676,470.852826241486
2017-12-01,2017,"Q4","2017/18","Q2","December",210.018201359453,46.4674689618491,83.7543860309198,38.532977799821,6.52665153522865,2.94403631748071,1.32135963690382,15.141991872168,3.29450829166086,2.07293936366238,4.98730554300048,2.73913215245428,0.589371777056533,0.579577853116267,0.409757792749011,0.183160173186569,0.0233982013429838,0.287731649493562,0.162446407359013,0,54.4442811600286,8.87904987506784,4.92480088972804,3.06193238915913,5.24561348060399,5.14443588087084,5.44136930405788,1.44730833361764,8.8104823745163,3.1205561832337,2.33016509558971,0.20031727184954,0.944071681251233,0.247548641657599,0.599729640397358,0.154790021702893,1.318664993631,0.00135393938640245,0.05805435308337,0.000449680149236546,0.00403465206461047,0.0946795523586573,0.365730887100388,0.0821024725298871,1.24579216593023,0.000494682983704879,0.720752717507433,77.2641623420342,43.7882620765353,0.0112124822368222,29.7596201279528,0.332446626105368,0.49146066065806,0.831045666962326,0.289319807741646,1.34237643186309,0,0.0835690370464251,0,0.334807009932114,4.24150002427429e-05,69.742405348064,43.0032938626826,6.86980327366158,3.097157550585,10.7103580829442,0.218467148110325,1.53035649939095,0.0176814844307248,0.0013545233192684,3.35847950389898,0.0181492339828887,0.035469759022125,0.00145442151427744,0.172864284525426,0,0.705522475959551,0.00199324403606748,36.9656183336488,21.8068979491882,12.9761348617297,0.200359622462166,0.000676185968039822,0,0.0640658954142927,0.000512409214332904,0.00439844661820186,0.000118575048265359,0.00252390348663523,0,0,0.0122663787526564,0.00212053972491977,0.001660312564356,0,0,1.89388325347707,14.7552860878351,4.29237856740403,2.15999777476605,3.71114842643868,4.56968203748412,0.0103626202614418,0.0117166614807421,0,0,12.6910196577685,5.52627098117077,4.85121777435855,0.981702034291216,0.68390416348335,0.0155778421171072,0,0.000438026447200707,0.113555734410907,0.146157565893958,0.00668781392079352,0,0.216121911356327,0,0.0131959982629183,0.0135563262090338,0.00348298398489457,0,0.119150501861452,475.880974288832
2018-01-01,2018,"Q1","2017/18","Q3","January",188.96019615388,53.9792456536201,75.0954462332999,16.751701322133,4.73114392189176,3.82459526314208,0.944887634371453,15.9412392200127,1.99266742387826,1.00075422084826,9.59117940966358,2.61040205366169,0.657118930004965,1.154017648638,0.211853654374345,0.163627137712252,0.000238063375544966,0.0851379263007492,0.224940436951425,0,38.2829392229591,4.98387849097919,4.64775485273639,10.2860358414616,4.4209276834061,2.74112338892995,3.54616167335578,1.86599501573307,0.540327458000074,1.83790348339731,1.09928262897865,0.116998960919244,0.334471423256174,0.371581358985305,0.632078955725154,0.0759364454010752,4.84068979373782e-05,0.0941785317484188,0.0114604834871117,0.0289512779942079,0.0136960970826658,0.12242596960776,0.0989680853934407,0.0866057427808466,0.219390622829776,0.10641542739656,0.000340916475266763,72.5863173140143,41.0341992244968,0.00120136274705283,27.6925059114558,0.276683139270587,0.582913999793014,0.75391821531787,0.761792047810129,0.68838088202597,0,0.209880859580257,0,0.584841671516827,0,77.6793477947,42.7957182775076,6.37786690780842,0.223986925308044,19.2834188504789,0.258380054213564,1.00851882624875,0.01840224738314,0.0179727169109943,6.48243028766359,0.329765578165155,0.0254845765220069,0.0214507275832086,0.288933447856947,0,0.547018371049599,0,40.2974160605302,18.3591082341019,19.2429742329269,0.113762381261955,0.00224267365547003,0.000400183177804618,0.0213782622692808,0.000384048449483139,0.000112374278257125,0.00235853410395594,0.478845347345278,0,0,0.000182050884049461,0.00140867073093681,0.0210964515248576,0.0430198540532513,0.0089330424008418,2.00120971936608,12.2488574556158,1.33103621293797,3.02476458744282,0.906875713010968,6.96068268825951,0.00863933097649966,0,0,0.0168589229879951,13.0085214253231,4.37898863139406,3.04387237921153,1.06073692077972,0.816953339006819,0,0.000280576791930867,0,0.00117809719543784,0.643293859771267,0,0,2.29521340414417,0,0.000411522274291283,0.0629083209162701,0.00569829693934147,0,0.698986076898289,443.063595427023
2018-02-01,2018,"Q1","2017/18","Q3","February",217.653428859699,62.4099952335576,87.9293580947938,22.4141080850507,3.65311104361956,3.83303378876346,0.675305350249103,19.4569405878158,2.47259627020021,1.96919784314085,7.3958017262857,3.51365800761911,0.399781637943889,0.924514014983471,0.281126059414165,0.272817217913975,0.00856347327267518,0.0426204580751535,0.000899967000234892,0,40.317995277241,6.24205096853103,6.22686647344414,6.43892768900752,2.23652556617,1.63642861093835,4.13980810111305,1.20165859201067,0.271102082898259,1.10450441214327,2.9223567543274,0.0895433150559304,0.460051055724403,0.665253699519817,0.624932127393378,0.0909900512385398,0.00223292493078332,0.0191166577063735,0.0129526456890727,0.00131185887714663,0.238186930177282,0.032817490015965,1.1289965402642,0.0198283790275221,2.41531858308551,0.0075767416730298,2.08865702627832,96.256096459619,50.8714069825313,0.0636645861608327,41.6497975810478,0.272359890049991,0.114222246488115,0.978134957768599,0.179868590290758,1.22238876537716,0,0.168779057113921,0,0.735473802790583,0,78.7123090101527,49.4553470724109,5.43768192346345,3.30008284465152,13.1481255957084,0.390138786717649,1.23475065333688,0,0.0101742630660715,3.71142025029889,0.000740063530788969,0.0144059958856586,0.0250525986519641,0.617134247434816,0.0765334981325207,0.684786701289787,0.605934515573326,36.8442596493031,19.3366436045732,16.3803611578943,0.0304965080834558,0.0942406039753827,0.00463930420493437,0.0443379517789953,0,2.12614948275743e-05,0,0,0.000723583364385306,0,0,4.66476778955949e-05,0,0.030774138048206,0.0180762430346683,0.903898645172765,4.4070787601181,0.378329618928891,1.90539979395017,1.11491426543243,0.85564862213848,0.00392103455928845,0.011005267323747,0,0.137860157785098,20.335228550054,6.78038379852327,1.21710552219502,3.13195906126791,1.5558186278376,0,0.00051938303473046,0,0.248647556646631,0.134603120121744,0,0,6.98828288483867,0.00012328947761079,0.140144597525901,0,0.000503793495454268,0,0.137136915089408,494.526396566187
2018-03-01,2018,"Q1","2017/18","Q3","March",206.793462439935,55.1991210851456,80.8836703795084,20.7006660661267,2.48715812644927,3.74395124371585,1.03384620070427,22.1481707031813,3.96511690883053,1.35565726814228,4.35684279218917,4.54701805875936,2.13428729054179,3.40645062793947,0.469017486386439,0.0794150759202265,0.00111743692174451,0.139838346425808,0.142117343047039,0,35.8927338728292,8.29033054513942,4.93159694772584,3.95978554405335,2.08205973167967,1.75215882453289,3.14599454605333,1.08796401870237,2.14065628430574,0.722707984172536,1.33512731062699,0.196587919784988,0.199049484938074,0.825123007221552,0.913951920912342,0.177391983145938,2.07445646551441e-05,0,0.0131139495802141,0.0432554781019628,0.00233261916994681,0.129481605589963,0.105835829983264,0.167271579152341,0.940138107911248,0.18957726162744,2.54122064415313,114.529930099703,69.2116612712168,0.0554472270865641,37.1904287697465,0.0749607980277094,2.04296599333569,1.87555995775483,0.927862796113442,1.00770032361772,0.00134873837392035,0.249949974584041,8.68977870087431e-05,1.8919573520589,0,74.5540629809909,43.7909781835538,7.45764777622136,1.22897558005633,14.790410478136,0.238530122802415,1.63266192826613,0.0235419098559741,0.0304578545921237,4.2867755296343,0.155531741856045,0.000420005853771466,0.0108189822178266,0.145930785936799,0,0.761165598918249,0.000216503089766496,40.4117713271224,24.4062588501307,15.201354998153,0.174029055346798,0.0119164377888094,0.247062216094753,0.039101863044701,0.000369051050558969,0,0,0.0706383760781855,0.000341630933294198,0,0.0402226232631722,0.000223772487380086,0,0,0,0.220252452751011,5.89233470068021,1.40234138057688,2.62041494450933,1.3090100617358,0.503794729154695,0.055088952578813,0,0,0.00168463212468558,14.6826540943155,5.90180578507525,2.01827587184941,0.974996689476212,0.23275083749567,0,9.82030679605612e-05,0,0.0518750654129709,0.312103124494773,3.4077453630919e-05,0,4.36636580965811,0,0.00819682566655699,0.072726469270275,0.0151336001418117,0,0.728291735252903,492.756949515576
2018-04-01,2018,"Q2","2017/18","Q4","April",203.326348172933,64.4514990218525,69.3095431288155,20.0263502010476,4.64471823138911,3.90213316438856,0.618554755512381,17.8546174496027,4.73972310155765,0.809469269483792,8.61289561332164,5.70059975242827,1.21743142549104,0.494721824983368,0.674388730081653,0.112996126904197,0,0.129814464337909,0.0262182214699334,0.000673690265627291,39.1784534975898,8.22321980386104,4.3101147497911,4.84048250799659,5.69032755149325,2.45795746462535,3.03190707343578,1.81970246824313,0.387932166380486,1.88117939890227,1.15552776584072,0.112275640948738,0.772157769329797,0.590422101938178,0.968357394128372,0.139466164686434,0,0.0381062626177388,0.0102294891195281,0.000788609903876407,0.0189768699519017,0.039495939263266,0.928878624186598,0.0551149427068837,0.27352439263606,0.28045276648209,1.15185557912064,111.029194051548,66.2059956266595,0.00594835385966975,39.7869614679898,0.332676252394859,0.211257721198449,1.9548103605285,0.262895816595422,1.14147895330824,0,0.105008357324151,0,1.02216114168887,0,94.6251366763094,43.1079553528777,16.0717062274471,1.86713625140407,20.0592860537367,2.55982360777003,3.39816563702126,0.0897970639480077,0.00115465298011746,6.64058228632986,0.00227134148521808,0.0137585499789715,0.00413286639223485,0.0195493871154542,0,0.789817397822681,0,37.9899796167118,19.5064559595864,18.0519904284913,0.0410504149439112,0.000736302598027013,0,0.0307526890225338,0.00315270936956402,0,0.000190214200144494,0.000157505166969133,0,0,0.0132254149080094,0,0.00172949809259507,0,0.0390259395618003,0.301512540770578,4.16498905219372,0.309455052743862,2.8827350470514,0.77756530428779,0.0833870155844346,0.00629969363770085,1.94159909780495e-05,0,0.105527522897558,26.1307133229494,12.2356416069326,0.451399199790835,1.8425414692379,1.45006315225919,0.034898161195165,0,0.00402258440597981,1.18199668652999e-05,1.04764041136546,0,0,7.91751068105814,0,0.000856457439393409,0,0.00520841602896106,0,1.14091936326891,516.444814390235
2018-05-01,2018,"Q2","2017/18","Q4","May",188.224089990896,61.4724533727226,64.0835312135227,23.0494755282771,6.35071403386572,4.61902542697947,1.71120489004303,7.17271769545032,6.11494356251204,0.651278991580012,4.1326393478719,5.09909288364064,0.558064915286238,2.54639306361313,0.393458958861827,0.060872326367319,0.000492035833546385,0.206615633541023,0.00115515807171447,-3.90471446381424e-05,35.8782784511315,9.76346690165455,5.28041284004807,4.82230119837814,3.65423190950262,2.03042040122075,1.76554483830004,0.602008572688216,0.547773504604068,1.18245115804581,1.03251907839796,0.707729032098397,0.362619992838887,0.16034069718832,0.978588092092186,0.168996315538959,0.00600577744534318,0.0150137739905776,0.159879175378505,0.00692712241423374,0.0149485456354137,0.119044753975998,0.17267017631669,0.0207588920806125,0.00319782941843119,0.00244363521682512,2.29798423666194,110.722619092907,67.8035580072536,0.00507077016589788,36.8561013220082,0.377438432560469,0.0503010941586316,1.95191721036696,0.330939812862088,1.75032783608574,0,0.0805008282558014,4.38774350137233e-05,1.51641990175483,0,83.7081095695465,44.2219004193004,7.44505944164634,0.844031799063932,19.4688451131451,1.5305846031562,2.42467421674892,0.00287527671991685,0.00304266639077368,6.66082335834116,0.00155548940368973,0.0317249391050785,0.000524770848119813,0.293498380888523,0,0.673499389792778,0.105469704995512,41.662936558523,18.859120259859,22.354954938705,0.0724964043043967,0.0175140799127485,0,0.0131222871877297,0.0407545436380733,0,0.00326325093432889,0.000707970871111877,0.00898915218001822,0,0,-3.00315524157044e-05,0,0.044364809843563,0,0.247678892639475,4.0878539385543,0.405290077352065,2.56439419268465,0.968239644851905,0.133295128375943,0.0049923286735231,0.000248567894431574,0,0.0113939987217812,17.0393392573627,10.7729304468973,1.08858638108198,0.686896337788441,0.206055257608901,0.00197569857303014,0,0.000258966289560408,8.95937087596029e-05,0.0928069322716412,3.45288386080544e-05,0,3.80692049276638,0,0.00760695373494518,0.0775230523699045,0,0,0.297654615433169,481.323226858921
2018-06-01,2018,"Q2","2017/18","Q4","June",184.742077459511,53.2252712333593,69.851344086991,15.4276863486728,6.39568222791297,5.31381362596726,1.23669026787089,14.3394911133793,6.95893926775544,0.567409050302092,4.14174648101474,5.74781243854344,0.525814168652882,0.501224754354247,0.214957451664231,0.150706507727455,0.000625783834296805,0.132294298361461,0.01056835314695,0,42.7562136605577,7.44610511360924,4.96156481382164,7.46536430522285,1.98647917412837,2.09354856479077,5.65558040733564,0.737527562438623,3.95764681547549,2.07640507062438,1.14908392506788,0.152316337811074,1.38007905942845,0.340787534481004,1.04706578194959,0.13547335224204,0.000682014204539827,1.25831167082533,0.019901623653437,0.0790237022774036,0.0236349907325874,0.0735000105787103,0.313737667461641,0.0570789352223307,0.0111375097544973,0.179139719351826,0.155037998068354,115.288616778028,54.6990594448129,0.0559289135179422,52.0363695335587,0.247057009697269,0.943866063509598,0.977668529960152,0.39832247295771,0.238009956870484,0.000713313918656398,0.0697181086414722,0.000157487248522444,5.62174594333481,0,62.1395971345567,34.8641404245479,5.49162233740649,1.37272141660111,12.8100516215536,0.261761143235926,2.072755467153,0.0544355147771252,0.0176426524846006,4.25723404652564,0.142375929003171,0.015575470095415,0.0229737137065913,0.141464592447918,0.0301934745672671,0.580877390263934,0.00377194018700281,40.8697047482716,23.6172674551691,16.9288870557584,0.0570471522769422,0.00184999875897825,0,0.023940456564033,0.000767895541616244,0,0.000373587228677939,0.0134515731176221,7.59446450293476e-06,0,0.0102337627743451,0,0,0,0.0363871352236055,0.179491081393786,4.14136343971303,0.531030233200479,2.28354625268766,1.03725602918257,0.0317576752989272,0.00142816942519019,0,0,0.256345079918204,11.9581049484728,8.22842768729099,0.451795239466598,1.22363181353335,0.569076324372324,0.00188734829281946,0,0,0,0.10073398193915,0,0,0.867795283914372,0,0.0568986507269925,0,0.0103475664707301,0,0.44751105246552,461.895678169111
2018-07-01,2018,"Q3","2018/19","Q1","July",203.391951204015,66.1594278070574,77.8526915652576,20.8973909531928,4.09533335663207,3.30733544059912,0.511602942144904,12.8271157321343,6.4528463242539,0.806413382587235,5.3914701230227,3.18067614164625,0.897281728639302,0.491814997241767,0.234845137978401,0.167914008953877,0.00163915830429776,0.111971387891714,0.00340767688706137,0.000773339590500693,45.5008711817705,7.49893194850725,5.68434879348602,5.23936796445033,4.11951616072855,2.23539219281915,9.61631132346032,0.610196853289327,4.03060525312163,1.67093439087297,1.50550742603542,0.585511683937096,0.727464114539579,0.348041615596448,0.528747009583093,0.0757257241758749,0,0.483210646138196,0.016141328726929,0.0179949651335968,0.00137723491020663,0.0134477202783662,0.11359632458716,0.13957594036181,0.140812728249538,1.03177644623876e-05,0.0981015210171869,81.9401302012721,34.0741894570638,0.223627294150177,43.219920644818,0.356821592670508,0.0296732709306933,0.796240630238691,0.427940539535419,1.18480040551177,0,0.164823076983661,0,1.46209328936933,0,62.6363674457288,35.4999095062329,4.37833750387643,1.49217212683263,12.894042906603,1.15870341210117,1.37068936944781,0.00265223286922084,0.0206531502724366,4.4196867554535,0.247438305466684,0.0118689231359197,0.000159402741705093,0.568383403552519,5.69194184234753e-05,0.554184792844231,0.0174287348802532,35.1380462826873,22.0572838505415,12.0801973801881,0.0587919209595183,0.0040267054257002,0,0.0225205889715459,0.000737376731300026,0.00648107910983985,0.00123727316608479,0,0.0113941491884113,4.74826208254595e-05,0.0257608224278096,0,0,0.000113838836846951,9.1068083149207e-05,0.869362746436766,3.26223028785968,0.305652073256906,1.79932241788248,0.647300504852788,0.174320974859796,0.235442381074504,8.7178390468379e-05,0,0.100104757542738,19.3413009643425,11.8963209588117,1.85206037934496,2.27415196372392,2.19918136863633,0.0142522296710597,0,0.00718864280638055,0.481623838169938,0.0160410552866292,0,0,0.521050151405495,0,0.0137005876317244,0,0.00418633214203183,0,0.061543456712324,451.210897567676
2018-08-01,2018,"Q3","2018/19","Q1","August",261.554088811785,73.2270223198572,110.691654642082,22.7756176571868,4.44950303266437,8.34004143020492,6.98057724794636,9.8365869905972,4.37610467259798,0.819922684636939,13.0881087503886,5.20010626289208,0.750593577354544,0.445923525388739,0.135568197366903,0.0647160712374293,0,0.329087509481481,0.0269476297072257,0.0160066101946441,88.4377507233167,7.72283993210461,8.65405104729327,6.02391899518166,4.2187838087996,5.46688946756199,10.8942816846222,1.38625989506237,36.009164678213,3.28936662128136,1.96639491222343,0.349953051752674,0.442318761156597,0.573110127617552,0.686380493565778,0.217260699649039,4.03101641825955e-05,0.0667830235560896,0.0165757549627608,0.0641054765004873,0.0128343323240117,0.0193650584735453,0.0364104685492032,0.0685539324689711,0.0416601932812404,0.0983305781487293,0.112117418802291,89.1493144288647,34.4426976175689,0.0212905360159817,50.4759254125635,0.122443854261682,0.0738844373800245,1.28744503199115,0.381632031380605,0.758063057727611,0,0.275349884145274,5.03877052282443e-05,1.31053217812469,0,70.4374183509992,38.3470332579864,7.77755634895134,0.661720688076816,15.7073851600092,0.634825468533056,1.05191254931059,0.0488731194299864,0.000199558160497715,5.7049950212597,0,0.0225312411693522,8.59092999070795e-05,0.197515029825271,0,0.282784998987082,0,42.1049340753344,18.4056023489067,16.9904344496561,0.121327846516202,0.00102950769316687,0,0.0652345224990718,6.94168827337525e-05,5.06732576357943,0.000185836806910072,7.36703000578468e-05,0.00025503128873799,0,0.000194600792605633,0.000278001132293762,0,0.0124864208569743,0.0244146849405858,1.41602197348279,3.72038602473974,0.110841699406308,2.47094498463818,0.876001187787556,0.188174024979521,0.0136212770792239,8.16628326112923e-05,0,0.0607211880163392,9.95897496551211,6.27482431998081,1.05800228102483,1.45533854771851,0.408708333911914,0.0254404743686083,0.00439192443823161,0,0.33495647527188,0.102766864617647,0,0,0.0245785805081296,0.0139000566146881,0.0196954489192199,0,0.00339004310758643,0,0.232981615030053,565.362867380552
2018-09-01,2018,"Q3","2018/19","Q1","September",207.713241440429,63.4588448674343,87.5178294593365,21.0074765174313,3.42474527708367,2.81250836973819,0.879521546973999,8.09543170208581,3.69790313473945,0.653825522370969,9.07087417647498,3.15603267208787,0.90441942166028,0.374983343049395,0.261925393193454,1.09094411488983,0,0.065365627148438,0.167379142518973,1.07323115221132,38.7592754633068,8.82362249518178,5.54903340128092,3.69129373065103,4.72800553209369,1.39517657635394,2.80726872457259,1.97440021808616,0.324741798225177,0.546163322828907,1.56545291023531,0.0880479443509898,0.688470146409993,0.651335175341546,0.44706518387408,0.247415058339815,0.00282331504106313,0.164156191976721,0.0434002842339149,0.0445854879663867,0.607307826101505,0.0399520178889969,0.158203455694136,2.94778966376095,0.016450547925186,0.152897649979603,1.0542168049124,87.6546925233411,46.7675317382099,0.0212571554730867,38.0251216878515,0.168852627855458,0.000565662360166076,0.605579781365079,0.634668843520088,0.955000837395345,0,0.059925127579044,0,0.416189061731403,0,69.0790248623779,42.9291576458751,6.586928563178,1.02875443472823,16.342681113307,0.413297905755866,1.17146702460377,0.016777337633659,0.00311474023064254,0.107400144418212,0.00348257148977061,0.0172951460984205,0.0815683212119117,0.0958872530400867,0,0.281212660807313,0,55.4570605724395,15.895658614674,32.315351531688,0.0131409112945236,0.0131666672153604,0,0.0721341310292619,0,0,0.000499999915769292,4.29650570639557,0,1.62064488409429,0.000696509438868447,0,0.00080366847491411,0.0548979499354855,0.000227089368935645,1.1733329089146,2.58654935138611,0.393581161425936,1.30812515013713,0.721140259592488,0.0281730492558005,0,0.00119091330763747,0,0.134338817667113,10.5606890555827,7.29596840415165,0.265368687074034,2.63155560779669,0.0724823635494243,0.000275898884522647,0,0.000584961028764688,0.0495555148134521,0.0977073450561147,0,0,0.0307667262714794,0,0.000121477141829274,0,0,0,0.116302069814777,471.810533268863
2018-10-01,2018,"Q4","2018/19","Q2","October",251.439076272925,72.9009548558765,96.1561566771811,23.9715701245105,5.82418992989557,4.28329936908486,1.70905076961309,16.5583325849838,8.11695378070377,2.01775229410827,13.0157205515145,3.77012957383527,1.67433805519573,0.413732977162086,0.292821398411698,0.386692527309574,0.00254385175593563,0.239340657275697,0.0897288962990085,0.0157673982079839,56.5870176922749,11.0073071058056,9.71963747567205,4.800600109522,3.66448306159194,3.36150277702373,3.16122628496028,2.25293236453675,4.14388836037064,3.41257197687645,4.53607068920366,0.73469315477399,0.338779191097012,0.592279754853794,0.953811708401306,0.276224029025361,0,0.178557851459475,0.037697530301314,0.0391900797535207,1.53747527014648,0.107012654196174,0.177215459416176,0.493701712222753,0.0176504884987919,0.141579120075915,0.900929482489755,118.461229651247,64.4418513895634,0.0757575732865079,49.4199619883696,0.271371652456842,0.158172864974491,1.20922542597621,0.401805719385132,1.43044560733394,0,0.100424969662733,0,0.952212460237626,0,92.4477828213242,69.0492247066623,7.67952697927065,2.8024391462051,10.671280911105,0.263863274994734,1.19771765623618,0.0111199649675367,0.00224201654757226,0.119889673347524,4.63331873647363e-05,0.0627151416661726,4.56484604578683e-05,0.214440618085594,0,0.373230750587999,0,76.7705949999026,23.6569507419502,38.0946225399874,0.0607531617060011,0.0040054789410282,0,0.0362318038844723,0.0412458033920882,0,0.000517489207134578,6.94626309605298,0.0170629380345465,6.53579145488895,0.034019478637458,0,0.158874901777565,0,0,1.18425611144271,5.30405288642435,1.83787427647541,1.75792895269328,1.32850638680512,0.176790425237775,0.0276730644769215,0.000664276396582901,0,0.17461550433926,12.1622976521556,9.38990277057622,0.631449566142133,0.940385555822363,0.150229302479454,0.00466175772733888,0.000124245979674226,0.00213960724950493,0.336013204802797,0.223747334906824,0.00275889252346055,0,0.165097818593178,0,0.0269472356962572,0.0436467480777144,0.0196212694821395,0,0.225572342096545,613.172051976253
2018-11-01,2018,"Q4","2018/19","Q2","November",231.775650216683,71.838927984904,100.728448449031,21.0314652835071,6.52851556931881,4.72588046097607,0.330012918600277,10.2991073277274,4.66019482419485,1.94293793661157,5.86973103318734,2.22384033772651,0.579836248717555,0.298191004423986,0.17324825989859,0.328172180871714,0,0.162527955522565,0.0126383332881949,0.0419741081751379,64.7739174420725,18.3327540335918,5.58769604395406,4.11660160513457,2.79850126387085,11.8828455259464,2.37641204501369,1.34897031545789,9.38394267330787,1.90338853597525,2.03883852082671,0.191775522356584,0.208603710684196,0.680681726631549,0.660123638945316,1.48258473798813,0,0.0125737637599361,0.0190274589071059,0.013532864607073,0.0399807705108792,0.0163818193084102,0.180621872896753,0.341448902378294,0.00367327285574658,0.284371526985504,0.86858529017794,88.8284134869744,62.8924138247579,0.0204783524305811,21.7721587527151,0.279085478036985,1.91884470294487,0.65789817065873,0.578561563876353,0.249765000364241,0.0129859379898214,0.182929698156521,0,0.263292005043272,0,59.5180208448706,47.2425192992442,6.38689968338756,2.09822506929289,1.94653257849888,0.556008850287271,0.454154782478193,0.0286656258470032,0.00101787942583806,0.0602521855632136,0.00353532119426658,0.0139781996700641,0.000167381089686404,0.305143014094318,0,0.402656701756571,0.0182642730406859,61.4256564107344,24.7169830832593,27.3716246759007,0.0141305967355545,2.1149939704637,0,0.0417461079028751,0.00168904151825334,0.00194681994750208,0.000362465427225763,2.87253492861547,0.000277389395519922,3.43439090984827,0.000249841893262768,0,0,0.0614576014667353,0,0.793268978360118,12.6550766007002,5.04074162721664,6.75629331885454,0.638913026476397,0.188689261140808,0.0051334786679707,0.000922799144515811,0,0.024383089199286,9.41334655041086,6.27151210582783,0.674462649245651,2.10506842789344,0.117260567054954,0.0419714912481974,0,0.00231873394087306,0.0392329385644452,0.120470814743786,5.19151986000556e-05,0,0.0153551010567346,0,0.00431460077225254,0,0.0139211513562025,0,0.00740605350788848,528.390081552446
2018-12-01,2018,"Q4","2018/19","Q2","December",202.294953182978,44.2287322239774,92.5908897125112,24.4086081595621,2.81283421980812,2.88742561447914,3.44222208831588,15.2940383000421,2.94187878569613,0.771965974532428,5.75871746168027,3.61403458029112,0.904807784045822,0.423305534602129,0.398994128518293,1.24289141708946,0,0.570008233102719,0.00342274404807728,0.000176220675150872,47.362624308285,12.087383607176,5.94102936994391,5.55678157179832,5.61653267595298,2.73832965436713,1.78528400544387,0.951188685568233,5.14930611603082,2.35874522258306,2.11686754270577,0.248075375377527,0.402489185753998,0.453174978190685,0.884144089386909,0.268474282268073,2.72400362328996e-05,0.00602209253270705,0.0359860540879301,0.0254130484817773,0.0389629959333213,0.0755914311503772,0.107881183713618,0.322435950135031,0.00616801073382435,0.0523780656200239,0.13395187331288,111.894967285513,50.5454128964059,0.00214929192943085,56.7596263354967,0.311288606939637,1.24587596246469,0.764320163860027,0.683959291428947,0.0396867143664206,0,0.0203997595010706,0,1.52224826312065,0,82.5156072128653,67.2146828311127,7.10263757913686,2.05865615948315,2.60911321485931,0.787976886862887,1.07435354915066,0.00807369965638161,0.00141816828276272,0.0868037407132308,0.000107446326246027,0.0389326238584286,0,0.438174931640081,0,0.627810027194729,0.466866354587934,85.0164551043149,33.4013745203957,49.5000726282669,0.302587786142488,0.0047786644846578,0,0.0170767621842007,0.0005750944985842,0,0.000647488092162596,0,0,1.31621073653038,0.0135022708630559,0.00312660109268549,0.00112827342665716,0,0.000162726808591553,0.455211551528792,25.6380392025661,2.59321329940114,12.2384167823986,10.5554653112829,0.176268664943226,0.00211279497893675,0.06617541802537,0,0.00638693153603718,14.9785967961759,8.77738036968849,1.66806817912477,1.916965429041,0.63282793270733,0.0183688934334099,0,0,0,1.42036012228117,0,0,0.0361338167118137,0,0.0331013072805331,0.240366636525979,0.0159913193862163,0,0.219032789995158,569.701243092698
2019-01-01,2019,"Q1","2018/19","Q3","January",202.988716101547,54.4526988720499,90.4417501463665,22.802352888644,4.05699607983523,2.89447387718668,0.415660926049993,8.58584739212368,2.86854198698896,0.904614626898087,7.76597999432873,4.68679027856679,1.6237065289113,0.67943054143922,0.196475267117871,0.111608579272486,0,0.189479414092149,0.0144628364464785,0.297845865229384,44.3778212915948,9.89074272975159,7.66975117762061,7.60997682661728,6.35257573929721,1.80868253564251,2.25322034194599,1.30500000267672,0.554774221695122,1.13657949492557,1.92899393572443,0.505226378297056,0.487223352899006,1.18782793356796,0.786643544425552,0.152931603149507,0,0.0543321027415857,0.0637260575915823,0.0430145778670335,0.00729255825995745,0.000516296588391163,0.0984777523127069,0.183526652238524,0.015395171826157,0.00257011571833693,0.278820188214357,100.693762481229,50.3401190123806,0.0145874457520637,42.2609673310521,0.123640239814475,0.0506559489958944,0.414138975334785,1.12106065358415,0.915483315329982,0.00159316378680891,0.301508349629785,0,5.150008045568,0,82.7439197638192,65.9363391813634,8.55024430715123,2.28749889511943,2.65289042634112,0.824872929502935,1.48456260247862,0,1.82077017746953e-05,0.0452615276784497,0.00165184000907708,0.0215091131060527,0.00516185066926087,0.358394907289683,0,0.575326117500281,0.000187857907921573,62.6884819984144,21.6451428477549,33.5367231836828,0.058956220803704,0.000992525107544084,0.0889807146920607,0.0120837452552509,0.000173702647675775,0,0.00103719373227435,3.06979139451347,2.23042930153248e-05,3.17493858738161,0.000614610725675143,0.000193617195010887,0,0.0420303690744566,0.0652333825379432,0.991567599016978,6.37875275819249,1.23189869936747,3.63830483345743,0.95877364650536,0.381973292929097,0.0210297619858776,0.000586467487381162,0,0.146186056459881,19.6323063819042,9.02386510937904,2.08126510820566,3.56081709228267,0.511046608407158,0.000135689759722515,0.000835327636699647,0.00188566069224809,0.0849618315867322,0.0811784818156458,0.00362558672709784,0,3.91461049565268,0.000152989789430128,0.00119993910094873,0.0579894969836869,0.00318621605215274,0.00192665279648268,0.303624095036124,519.503760776701
2019-02-01,2019,"Q1","2018/19","Q3","February",211.155436443694,62.3332584976234,88.8501981178382,19.725278756309,7.39484798041181,3.18460389543315,1.33304929841431,9.99585086937427,6.39402246555276,0.810957481983872,3.59488646604952,4.04989155682509,0.435771205836804,1.79655438295619,0.190957195343868,0.202364969708277,0.0901619621675415,0.181300146940983,0.153647391601388,0.437833803323588,62.4413286361763,11.8778911331249,6.04789874372443,6.28942545130196,3.62371169329709,2.6554916165466,2.09457611254016,1.38228047054822,13.5014275280635,0.939497406523485,1.97195299645482,7.92162615351987,0.234642243528254,0.342496117770014,0.608688378423375,0.147959455642735,0,0.173394195278669,0.0317255391500634,0.0786251180722273,0.0246691658756724,0.0397971518004061,0.279718555113411,2.0344234470027,0.00647603454597369,0.0461713148034288,0.0867626135243466,71.9214947558367,46.8993781573078,0.000579241840405513,20.4323789770566,0.0535206575962838,0.0619170263437411,1.83163264528439,0.937552614675362,0.0549323833656682,3.9263956082804e-05,0.237897250978578,0,1.4116665374318,0,85.6115980373101,71.9660687533296,5.92812945947186,1.70357365805991,2.78611772897915,1.02801119235532,0.784888000278091,0.00838408669155101,0,0.0690206146558904,0.116389867704428,0.040579657803779,0.000175193099342513,0.398618342050205,0,0.781500756733808,0.000140726097170278,61.3430819214026,29.1588179890322,23.6148894255937,0.0771885438212726,0.00101796614685425,0,0.0218494607501831,3.86228173153689e-05,0,0.00341812705697361,3.3845944102733,0,4.30130227499443,0.00807626283754752,0,0,0,0.00258102383904377,0.769307814239828,7.95867089533803,0.333926698857909,5.39933583178792,1.71760154073678,0.292344022642648,0.000896420140762785,0.00333677195458051,0,0.211229609217429,22.3621554890456,7.15233756166406,1.71279903430909,3.04530594624708,0.631225257571897,0.388338732455014,0,0,0.161545340615954,0.0479046064252175,0,0,8.44355430516799,0,0.483033092593941,0.215671928419409,0.00614951724838957,0.00754681294103527,0.066743353386563,522.793766178803
2019-03-01,2019,"Q1","2018/19","Q3","March",223.782111618126,80.2213483937151,81.5054038707669,25.8832533508778,3.63037345050069,2.73827250556179,5.3818948524412,10.0222410361067,3.83954562995947,0.736412289940157,1.53031214333737,3.60093959518145,0.958589778559941,1.6655151728893,0.246058222905977,0.334323286357897,0.00261540203427431,0.203557365358709,0.210207615073563,1.07124765655775,70.439764825607,10.631870579063,3.82916697029206,3.63826356888348,2.84535937000693,1.11964904913846,1.69026204909334,1.52857802329164,37.9631551701032,2.63402907184002,1.10801756220631,0.724265437256277,0.185434676594318,0.552057017998809,0.428041977372229,0.292091082671637,2.9350906793136e-05,0.0211808098544719,0.13186501939474,0.107002403157105,0.0157735676475945,0.335821227782979,0.0737619070369852,0.248603555019351,0.0226292341521667,0.0645525660763537,0.248303578766666,78.8341830977526,46.0935310902044,0.156038640992298,26.8594573894382,0.119670505085544,0.128452124587864,0.828325148517147,1.39087973772525,0.331458430250912,0,0.184472439329515,0,2.74189759162156,0,71.0463612923159,56.8357749683557,6.48465328752557,0.815676203424458,2.79001221448342,0.860980988891462,1.74735259162178,0.00214762732632703,0.0194651200917663,0.0918033520562432,0.0881954373740004,0.0588739745515082,0,0.568016265740993,0,0.682021385347965,0.00138787552460782,57.0659114473657,23.2168195598843,25.2451240245311,0.207194021456714,0.00561195064890964,0,0.0276703025051921,0.000919606862375478,0,0.0109577601607831,0.000547795302126235,0.000690283216470278,6.96306658957794,0.227658368517608,0,0.0005194179863877,0.00812022187338899,0.0317711610910248,1.11924038375135,5.32621839562375,0.511506120158754,2.8134700192901,1.19038054642053,0.604118002795433,0.00746460852072341,0,0,0.199279098438207,241.067910894451,9.37442836711371,0.383625808505281,0.868072590339391,0.331079297167394,0.526039765722964,0.000154736548861862,0.000109156738239448,0.00460248705920064,0.23200435012771,0,0,7.65650283078986,0.000461739875160311,0.0236706830715224,0.00145611280352299,0.00328973553846773,0.0149941326567639,221.647419100393,747.562461571242
2019-04-01,2019,"Q2","2018/19","Q4","April",299.518361094656,127.723088024871,68.9034717571086,34.2835262285559,9.08353127219667,13.5157730597006,11.7053641736915,18.6784622718473,6.27273271090702,0.692316844845578,1.13112201214438,3.38744315047212,1.98758994643691,0.689461947652749,0.429759006271389,0.112806359962667,0.00429433009826838,0.472825544170351,0.305253222757978,0.13953923096529,63.9603153393345,10.2693483809019,6.71302628840476,4.42844259787461,15.3207641531057,4.89649732702657,1.99794629074797,1.20563866088265,12.4652755587067,1.57608372028329,1.39750927514048,0.0610808047357663,0.633614420915103,0.427193002306271,0.94534946438704,0.644267387939311,0,0.0479750337707316,0.0496710647682505,0.0044935100830836,0.00471117762802328,0.0976769031240255,0.15361281351403,0.0710684204384497,0.0427187176358138,0.00262368194465456,0.503726683069334,86.558590122764,56.425818838096,0.0492130189208588,25.6065982559998,1.42577428138778,0.0266378047280541,1.19627398966331,0.319105977886908,0.432233622232429,0,0.257544593239507,0,0.819389740609395,0,87.8242290198049,69.2173899734565,8.7290848268784,1.8073011029532,2.97202321410489,1.06781161004205,2.16295337297468,0.0355130180489503,0.00161876707761328,0.172120920073963,0.0941062883503523,0.122088860489261,4.79137861678106e-05,0.368331834720519,0,1.05161398329062,0.0222233335577615,84.4490195542883,33.8974796307262,43.4187969321051,0.148326782656435,0.00483522937459028,0.295758894171265,0.0506025347100633,0.000583139373909631,0,8.94727240613476e-05,0.000349340296481163,0.000114475400036493,5.93441645023172,0.000138492395068299,0,0,0.011368573298032,0,0.686159606825436,9.46416252058467,0.2413882235289,6.60911890447878,2.40699220206419,0.124809905116196,0.0125760984544727,0.0589009875508164,0,0.010376199391319,24.8050818921375,11.5274714115486,1.39290362966681,0.864821087328381,1.11094041968612,0.604321162739844,8.12747301038493e-05,0,0.00959745413023012,0.668172584315967,9.16284033013771e-05,0,8.41283667902133,0,0.00787738209861406,0.045893144143712,7.55209077355617e-05,0.000120405521023489,0.15987810789571,656.57975954357
2019-05-01,2019,"Q2","2018/19","Q4","May",255.659530398782,107.669149256233,60.1485169946052,28.5955740954041,7.95273485581945,11.2380632858289,10.1945510386625,16.2858470160591,5.41986995876257,0.59631787125072,0.990310175917821,2.96574497382126,1.74015758546569,0.60363177034802,0.376258893860473,0.0987632501035267,0.0037597348026258,0.405888510536664,0.252222948840006,0.122168182460426,54.2030768383941,8.87856112901884,5.79491952833759,3.80135634979534,12.6681123728578,4.26289774788882,1.73252030862374,1.05552654434659,10.201703584309,1.37987920803003,1.22353525195779,0.0534112640371919,0.55297056956196,0.374012328219222,0.827664199201663,0.5640634197206,0,0.0420026872647467,0.0434875816768714,0.00393411914322624,0.00412468954996088,0.0855172387024416,0.134489763914492,0.0622212097345907,0.037400722753865,0.00227353516930102,0.416491484578396,75.7486580126121,49.3670743182901,0.0430865573300582,22.4188677713947,1.24828158612839,0.0233217007563141,1.04735147263793,0.27938091002167,0.378425448275804,0,0.225483218164998,0,0.717385029612107,0,77.233527012869,60.6118687006837,7.64241296486977,1.5823126541562,2.92345938252045,0.934881199415265,2.13719722452746,0.0310920508786122,0.00141724897479242,0.150693821546177,0.0823911248935646,0.106890184805454,4.19490634661061e-05,0.32247870709076,0,0.686933018363343,0.01945678108005,73.8410604167292,29.5601650616822,38.036097808175,0.129861783827873,0.00423329826420328,0.258940272908707,0.0443030942027089,0.000510545149741029,0,7.83343859506732e-05,0.000305851400514796,0.00010022451440263,5.19564904202563,0.00012125166663677,0,0,0.00995331511790227,0,0.600740533407789,8.04087368711932,0.21133813288235,5.54475079815031,2.10384878423334,0.109272490291307,0.0110105171132633,0.0515684839644479,0,0.00908448048429709,21.4032951263848,9.77899677974787,1.21950295699168,0.756760171519586,0.972640962372146,0.529090045601518,7.11569496024835e-05,0,0.00840268015975354,0.584992690806654,8.02217079229732e-05,0,7.36553411757837,0,0.0068967375471943,0.040179969235647,6.61194136318085e-05,0.000105416403843158,0.139975100349412,566.13002149289
2019-06-01,2019,"Q2","2018/19","Q4","June",215.832264351338,63.8982347047217,95.2190783412721,22.0068599657569,3.96190004917909,2.38170840498432,0.422000451228771,11.61650945746,5.31398115225994,1.12990316481312,3.30102990030006,2.62342203101634,2.14565113183445,0.796204075519954,0.403051118160432,0.142045803795647,0.0986471667409239,0.312795099453039,0,0.0592423328410662,41.7294415360113,7.50760757475522,4.35122102726313,2.83567781386428,3.46550741314009,3.101030304664,1.78486245588156,3.37719155044564,2.92340211410486,3.14649750745155,0.611468346336363,1.50587469863433,0.488317842812542,0.504938894988696,1.05895368203138,0.420996339386651,0,0.0831736377845878,0.00925489423452799,0.120025269739979,0.717325630075198,0.081357763716473,0.192839984050335,0.0933841767754238,1.03060612272607,0.243042319567125,2.07488417158133,115.038803279351,66.848473432543,0.0221005341160103,44.5374364420625,0.135599959864123,0.0907649391007563,0.679951293790456,0.417033702698858,1.0362220115705,0,0.0697245529479365,0,1.20149641065692,0,101.565592367496,86.4070922318854,4.48582625563554,3.46030293759783,2.85247263108028,1.1486469428325,1.1573495992103,0.0725137029273619,0,0.120851798799106,0.00692238832135382,0.0415500432084298,0.00467792425004479,0.860510594473742,0,0.945274081791675,0.00160123548264479,107.766132005792,42.4252819682664,61.2329028896089,0.0383744129944562,0.0228924644546252,0,0.0202933644642664,0,0,0.0305105570747682,0,0.000188967624139219,3.36998775910216,0.0498934152742842,0,0.0258579829506567,0.000639990988310923,0,0.549308232989225,17.0652416569792,5.11755447008999,4.5252916260159,1.15157342294359,0.0845896864011057,0.0232841286475102,0.00023666763638237,0,6.16271165524474,16.4859350846338,7.20757658673861,0.918208288124555,3.83923359880788,0.104236482956523,0.757808926692154,0,0,0.311639589443079,1.94538423499011,0.000270591231872971,0,0.959955245794358,0,0.00619599802742729,0,0.000781353544498876,0.00153882859958861,0.433105359683142,615.483410281601
2019-07-01,2019,"Q3","2019/20","Q1","July",221.024180590896,66.5753433750742,84.4670332639631,21.0850032898837,4.35313837272847,2.72818302234025,2.40078146727664,15.5027418949524,8.52108783083301,0.837185036782852,6.52317919237562,4.28513132342796,2.42886741599124,0.625635796095213,0.238910647991007,0.12477619493197,0.00383947543613599,0.126867037784314,0.188155903579422,0.00832004944835302,36.6347060858118,7.09519798437506,4.72565247835686,4.26673426472951,3.21824215950949,1.96974099319828,4.47051957260011,1.18949512439049,0.678380777111663,2.33982116291264,1.12448426223075,0.805878487708588,0.463948417285634,0.610142002313839,0.774294715170509,0.15109242639349,0,0.431565402084038,0.00711561085081196,0.0744197735027677,0.230769123084144,0.11178132188657,0.168929803169633,0.0158941066265138,1.03607198759119,0.0213440124140777,0.653190116315098,89.6801210248612,51.6908927355094,0.0699622473610234,34.3155112874075,0.557478421830614,0.215523163322596,0.337356408665697,0.396359099785233,0.644664173587382,0.000122386278338342,0.167019982294257,5.13806029640136e-05,1.28517973821613,0,79.9723109695735,66.0198170301038,7.19910124779228,1.15163436437482,2.34528224103215,1.26390157796431,1.05610283799956,0.0276543230987046,0.00210577992800889,0.0493257602320325,0.0154528129215079,0.0404911988583886,0.00894822174642528,0.0752824731425497,2.31792193822618e-05,0.716554124037515,0.000633797121975647,94.7756384338471,35.262535749112,55.8116552427705,0.196156438765109,0.00314293216729256,0.000322044347690685,0.0209919664300999,0.145543315207655,0,0.000653823967521921,0.000603347354113816,0.00422170849015595,2.54247150680218,0,0,0.00854210637003508,0.0516128587422239,0,0.727185393320504,7.41554840591879,0.976408846882192,4.16429571320061,1.87649774973605,0.212530138893455,0.0541901484189311,0.000237007518183627,0,0.131388801269374,16.175337396511,11.6960746795877,0.375096543239669,2.03626083837689,0.506248960000906,0.344996117119554,0.00256711399939842,0.00775502507028456,0.0260503829287038,0.247277071330938,1.93160161518848e-05,0,0.44948670915288,0.000322600648955859,0.0684531101982957,0.044605224421701,0.00555911854288662,0.0166563707087124,0.347908215167425,545.677842907419
2019-08-01,2019,"Q3","2019/20","Q1","August",220.297398376454,70.3456954167421,87.8941984558465,20.5301984875348,3.19252110042278,2.14112870912228,2.0189460832278,12.1338557679211,6.53149513212157,0.784534612305509,6.89807541285384,3.42118526759475,2.59511513999009,0.845563401838357,0.2502680707228,0.294803938637166,0.00392214683205754,0.15324616541231,0.217589115089083,0.0450559522395056,42.3934816834131,5.76166743159875,5.00993833097103,3.50972193960654,2.72798187515307,1.75372501590771,2.02124168949965,1.20010836419077,8.416876754474,1.83715590573056,2.55588834952931,0.771285259220597,1.20122445646757,0.0792257585362485,2.4712934390027,0.72063878616728,0.0150848460836451,1.55513397136381,0.0170499513132986,0.100980548174063,0.0265341478103719,0.037002786504541,0.0862205354082596,0.0171445143400194,0.140453831218674,0.00266658962593993,0.357236605514697,66.155783011751,40.6493174826751,0.183493006680566,21.9430605497851,0.203530535545141,0.00198909141370232,0.404999107295415,0.100633407401706,0.53603162452743,0.000890434994556577,0.340740441896576,0,1.79109732953568,0,69.4916962698897,53.8451232214269,6.84825250459506,0.23882801475436,2.18386324721487,0.878871840808299,0.84121309942968,0.0177692566152947,0.0512119587860391,2.59069004337783,0.00389221710407959,0.00698459987770388,0.0275458843606289,0.34929945220115,0,1.60556304597747,0.00258788336032913,83.0467953492119,22.6869135628113,55.7348938455295,0.0687181510037614,0.00111066047711833,0,0.0193297646352812,0.0198332113175483,0.000263577531147313,0.00028180293707038,0.000102941011152308,0.000134800746015014,3.60898147318635,0.0592581491518224,0,0,0.000163304900725819,0,0.846810103973134,9.10479685916579,2.29437410540129,1.82445226665819,4.67657966760279,0.25798489025018,0.0257989868790667,0.00142313882664487,0,0.0241838035476332,27.4423413106102,23.6181162478911,0.496852879541078,1.43369953086102,0.478624757510878,0.409539338832316,0,0.000386732440164555,0.193794413136915,0.52678305206986,0.000118052087784069,0,0.0738097284847046,0,0.0104953043329663,0,0.00354872705301849,3.58001655857434e-05,0.196536746202838,517.932292860496
2019-09-01,2019,"Q3","2019/20","Q1","September",229.397298686267,63.4812338862043,88.6883442928485,21.9524430237676,12.8708382428274,3.25645902348748,1.62985179657277,14.1663998441084,6.99704110756156,0.429253664942563,9.17963507161057,2.93417814385814,1.6997528841297,0.847417518900368,0.398676000272113,0.427642614442289,0.00238543010068086,0.153787645360713,0.0512600464780204,0.230698448793763,37.2156700348553,10.6705376734012,4.13417616042566,4.26307084057688,2.90204086806304,1.57640128242097,1.60289704839223,4.04295201265503,1.24521701825418,1.66798101560567,1.36048191351146,0.347946918202437,0.488092489176101,0.20670171755161,0.952676536623039,0.537060873382324,0.0525565144898605,0.200711685167421,0.0383617946141242,0.000637867147910232,0.238517113296911,0.107955785442503,0.27901839004964,0.0783967599293943,0.0338243655171096,0.00216578129205976,0.185289609666576,79.9703301778011,52.4234323724316,0.063834233575063,21.4358382953275,0.252992537670111,0.102808146954878,0.440269972269238,0.376836076387111,0.16546118555011,0,0.0911261284436209,0,4.61773122919184,0,92.9972122479609,74.4871893703581,6.13928164138866,1.50311215963048,2.45653185869063,0.63550124607696,1.39468048882763,0.0264282873784054,0.00410134583599555,0.0471963246495519,0.00246707111658828,0.092081028574851,5.29203470062185,0.343329306221371,8.83995644238286e-05,0.573189019025461,0,62.2815333991778,16.3214940885088,23.912102258491,0.046176388436107,0.00203310158218363,0.0822484012782568,0.0189213497561231,0,0,0,0,0.00017760276125151,4.88769067296905,0,0,0.000108980590286503,0.0371560567006793,0,16.973424498104,9.69903412016944,3.61283928788909,4.98692508745003,0.807957458593454,0.181284482564901,0.000429637955747883,0,0,0.109598165716216,11.8093809068964,8.83440946610799,0.393732752883801,1.54649543521719,0.40298268239701,0.152664127078507,0.00299614250966489,0.00159334589447124,4.08486350878472e-05,0.329811558246317,0,0,0.00929552761580307,0,0.00862696171006566,0,0,0.00135455456199036,0.125377504038518,523.370459573128
2019-10-01,2019,"Q4","2019/20","Q2","October",238.173632817786,67.2373905019985,86.2879501303958,26.0174933111045,11.9849451271967,8.14328141782821,0.785541859593668,12.0471285196664,4.9964785329234,0.98104552107348,11.0904398712128,4.08310623999685,2.0860824160848,0.973080955649452,0.624038028817215,0.313088982474912,0.0127010732810683,0.466154975726074,0.0436057556684973,7.95970940925865e-05,42.5953522398433,9.06083876126329,4.72277803076616,5.47893690958192,3.18241549461086,2.5544642141653,2.6731091623559,0.716287226723891,7.84229059114361,1.4976113055306,1.0633857211063,0.12503977006349,0.473067111868886,0.304219947007214,1.05610449278455,0.425517400093087,0.00106816837146112,0.0632138206273759,0.104695065444545,0.298170736463027,0.476728823690794,0.0493849753326491,0.035185155772713,0.169839496804842,0.0450200152546577,0.00155900490047781,0.174420838115687,82.6099121517191,47.2557444609012,0.0693491551618461,30.1110748087025,1.09176967225576,0.00392385523863437,0.482878410376397,1.29638558313267,0.289393261844953,0,0.125838860971093,0,1.88353942166893,1.4661465111915e-05,73.4625327976187,51.9992576403612,11.5406196443228,1.13760180805517,2.03638109432167,0.406125684499917,0.818429143166494,0.0149946121091699,0.0303288958917181,0.0894641382254691,0.0325585029827855,0.102874624446006,4.23763001847063,0.467379331849912,0,0.534353433328761,0.0145342255869412,73.3275796430116,22.1264654486352,28.1959399355862,0.0362973818468354,0.00640078514683896,0.000447101378587848,0.0148676566265164,0.00162109620522677,0.000155213600407288,0.00697736192383012,0,0.00012755474647366,2.10612514464432,0.0395202064618761,0,0,0.000118024794150916,0.00592904517613051,20.786587686239,10.071667059836,5.30882460429964,2.50657824231585,2.05131526511807,0.0282204686854721,0.00822898187750408,0,0,0.168499497539473,16.7621666593648,11.3110461130965,1.38434705244786,2.96073150718068,0.304797309382408,0.493194107268152,0.0001434770975852,0.00152809120128934,3.7262113581932e-05,0.110297498286611,0,0,0.0379718604465347,0.000895573604163658,0.0505090991857098,0.0175818823475573,0.00821754593471679,0.00165009658321814,0.079218183188234,537.00284336918
2019-11-01,2019,"Q4","2019/20","Q2","November",198.029808557295,53.3940718474466,82.9224959116193,23.4345689751446,6.11011195380553,2.2525480474322,0.728649176526849,12.1010408247411,4.69555366145323,0.517583246568719,7.29329428401553,2.03517987302252,0.967631567672671,0.637870194052772,0.239932231862697,0.177924847370968,0.00435368320247256,0.106984756791753,0.410013474565463,0,52.7034399322265,6.88144279548253,5.08267617668079,8.25393699160986,6.16824582764779,2.23787095983891,6.02189468765204,2.78298754988386,2.43150795730167,2.73043775171183,2.39012674114344,0.172825911304588,0.572232778994862,0.300477844310618,2.65301815525748,0.392086268489733,0,0.0190821899058997,0.00950547426976789,0.0773294953916114,1.12912061382553,0.0724060658034116,0.880555800072723,0.0813321593897539,0.0865042128193054,0.000546953846047869,1.27528856959245,89.0154174589723,69.4945211942783,0.0114962634768638,17.0548573430267,0.164879143754795,0.121770541910145,0.464509259311584,0.666285475827587,0.0566222891437429,0.00608536154469605,0.139319119930093,0,0.83507146676768,0,92.7846763662544,60.5880004183118,8.7664483278299,3.67078914724497,2.17100479777719,0.980262728026817,0.976585261508829,0.0158521730226101,0.00109790023918406,2.91552689097219,0.011732030003915,0.0751188424595078,11.5800317033806,0.507577192447888,0,0.491300737649163,0.0333482153798981,65.0042442864048,25.8487508920866,25.3187106690916,0.104687141329958,0.00448741077124759,0,0.0251570784270966,8.44198563334271e-06,0,0.00258887559422509,0.000182576350446728,0.000143412979078824,0.488973063893707,0.00368222513851036,0,0,0,0.0257814675297941,13.1810910312269,10.1175885431552,5.41446280666981,2.74960144170585,1.77078366282726,0.102949658204179,0.0075511972319401,0,0,0.0722397765161564,13.7379151316941,9.02422357877702,0.930245955426863,1.92849423156383,0.479358272511483,0.1384194709322,0.113459054335711,0.000599078649903326,0.0488831821489447,0.223634935961238,0,0,0.245406483571353,0.00245767209850027,0.0218750142604808,0.000149614621417368,0,0,0.580708586835107,521.393090276002
2019-12-01,2019,"Q4","2019/20","Q2","December",227.430997748445,55.2828774096169,115.11027070466,24.1623401612783,6.33565189306516,6.16366761510797,0.568658687592801,8.794951944517,2.67490309138808,0.627658910090072,2.65568859081767,1.5389666529938,1.26058877023937,0.654865201054098,0.213212215689306,0.353580767991466,0.0775323867476491,0.243420013340083,0.0907605174075664,0.621402214848199,46.9948099471435,9.22073629051373,4.48290860902345,5.94274533511625,4.54127560741076,1.42424470185554,1.56369882122991,1.07213464355315,1.27889863214179,3.23464328717324,1.03590251862397,0.290999766379033,0.386930095685211,6.92144209249274,0.823671066714105,0.346727852560939,0.755597509752906,0.00301292256623168,0.0174461017647792,0.0475020924330356,0.022945762501508,0.000417575401168221,0.102830813778872,0.113993682077813,1.12821353717293,0.00521390369072084,2.23067672552974,93.2780823932624,59.0605674842959,0.0807118219944283,30.327895332902,0.451728488900309,0.322930424602483,0.575256761676048,0.352630682581809,0.0356835847989545,0.000548760422694943,0.210284352919488,0,1.85984469816823,0,88.1583315071673,67.3442923829231,7.25225492063043,1.40837107971393,2.74570868468794,0.832484683999625,0.8576741138011,0.0244114741718141,0.000616188218629809,2.77083845340961,0.0221372580532645,0.0469497791631283,3.87255526635055,0.484036413156229,0,0.492246947759177,0.00375386112879285,85.6241155919206,23.2730919847822,40.3900097609847,0.0443123153114363,0.00185674884751392,0,0.010881784019375,0.00105115618926831,0,0.0086255947386378,9.3594353303551e-05,0.00062020354598739,9.36251656027081,0.0360814805159985,0.00238873365250171,0,0.0306716527486766,0.0246787718594795,12.4372352501006,12.4623668153759,5.68614851292242,4.54085043200737,1.80569003210935,0.306403143191891,0,0.000106098830774953,0,0.123168596314123,22.2133905188155,16.9243695807818,0.789417718871935,1.97224053469455,1.16806173857991,0.0131194521531224,0,0.00040502458221144,8.58089837598989e-05,0.139217707854261,0,0,1.06832476732432,0,0.034958340552775,0,0.0139224728589296,0,0.089267371577916,576.16209452213
2020-01-01,2020,"Q1","2019/20","Q3","January",235.154335899317,60.4791674861617,111.974165041771,26.6199174367675,5.90380753976917,2.07121534573069,0.280813505785257,16.0248712482409,3.06312247710414,0.708069268815175,1.78868109729081,3.52243864871241,0.560787892218183,1.08802546602791,0.504479569432242,0.385608634431726,0.00228620920996599,0.132514183072255,0.0442472619938849,0.000117586782633597,47.0336140294628,8.05840743480807,5.08986225458371,4.5782471137721,5.93400597788025,0.935936052626512,2.10360270111749,1.23354984792098,0.199666708037585,0.958473519519091,1.42405205294631,0.115212367228877,0.20773215256454,0.450890743035731,2.46986432443017,10.4114727566337,0,0.169529004221917,2.01347230536981e-05,0.0204430430059859,0.0624835431820608,0.107991878356259,0.107015521473717,0.0633447649241945,0.535625183242864,0.000453200400381859,1.79573174882721,106.078311960892,63.1551257606649,0.018387971397676,37.1510359739437,0.194386721208432,0.0207305336705247,0.251275432155464,0.359977993750515,0.200705287242694,0,0.227513793114768,0,4.49917249374346,0,98.7503510658658,69.3798579412754,6.32881656539184,1.76262735359324,4.41764987213439,0.981087938417411,0.434507756550917,0.0234236092561814,0,5.97031901371537,0.00327940677486959,0.007452932090811,8.37587146298754,0.250247465950792,0.0230043237833112,0.792205423943688,0,78.2349920111935,21.1241526137038,33.8301789565572,0.0177085694646197,0.0509683936269937,0,0.033790229144833,0,0,0.227747847937045,0,0.0227564895041878,7.62187559953841,3.62425014966567e-05,0,0.00760176204723552,0.0275572517913272,0.000336934455580584,15.2702811209207,7.3402323959669,2.12336753520412,3.72897876934563,1.12586410112111,0.298328226190205,0.0264054731476526,0.025084232620869,0,0.0122040583373075,24.7387729149172,13.5591099870264,0.989885298260706,1.41799634564089,0.269476791820107,0.352375967983807,0,0.00309202498824265,0.0733904937045947,3.29963854728453,0,0,4.46826826284214,0,0.00258592664345412,0,0.00836105650249727,0.0152079979391348,0.279384214280678,597.330610277616
2020-02-01,2020,"Q1","2019/20","Q3","February",232.808269366447,78.708321764838,83.7828034332289,25.1784306559691,10.8369430430908,2.36211047225513,0.480948381139816,18.4192305028055,3.88613033414518,1.37702534724818,1.60075923517761,1.94682089475866,1.40517746055166,1.70087194951332,0.422947463652016,0.396349093141096,0.00225449210710173,0.137216000467981,0.131070950722855,0.032857891633954,55.6754033477244,10.4913852415493,5.32602438364668,11.2479123300795,5.66156155028634,4.91933991288732,4.64750662719347,1.7557364502106,3.02892238898249,1.94701238455081,1.09015097971679,0.147270326391284,0.343034187860072,0.620756172754892,2.27732877776806,0.613653404031871,0,0.0660761131803831,0.0579467314040298,0.0603919350186292,0.006346482520848,0.0931487211223945,0.019870298199793,0.143040936968992,0.0874259463950346,0.0596947269752075,0.96386633802955,63.5603926330035,39.0945298471244,0.0668448281120166,18.4351379343693,0.138586392972324,0.136104768812485,0.6492783120441,0.235243486316452,0.811946039415644,0,0.175278098939519,0,3.81744292489733,0,121.347127202347,70.8729347430705,5.84168552830451,1.74211358164646,2.63553240938014,3.10916785632274,0.551765803566213,0.0291810366675062,0.0391532907090358,3.6130664515391,8.06874704828913e-06,0.0307446502502783,31.9220696630953,0.455427410726887,0,0.504276708321623,0,48.5761922402511,12.7416886518327,32.322404828567,0.117932989516438,0.00228238328784345,0.000444003454700539,0.0485502148488473,8.88356343328364e-05,0,0,0.000247248328596835,0,0,0.0311610722497636,0.00071039917417673,0.000154553037703498,0.0001429502429815,8.92565433816153e-05,3.31029485353259,6.03850429781958,1.79767610153957,3.31980273626874,0.894925741198701,0.00562578298749643,0.00756946155795553,0,0,0.0129044742671189,19.9655888612464,7.92548032096826,1.04183304511901,2.08280686860149,1.66692306890704,0.00312475730301277,0.000147254633631276,0.000420114880762297,0,0.0421610108148228,0,0,7.03633911771556,0,0.0439633862856603,0,0,0,0.122389916017155,547.971477948839
2020-03-01,2020,"Q1","2019/20","Q3","March",238.86803438662,79.643874581685,81.1896833112475,22.8237507918061,6.93911703309849,3.16720051751929,4.38104954392158,15.6003086638584,3.74824751851761,0.792475208511578,2.41412091548735,2.73431813898173,1.82665711296178,11.7975469385253,0.54192250124417,0.814715457201049,0.00303578450431317,0.125889717977382,0.00066656195829631,0.323454087612663,37.2764954241176,8.76751394848664,4.59698628743725,4.98572685735421,3.87693483091275,1.78625730462975,2.63451710856383,1.65893355666937,1.03791976447755,3.03158493113642,0.813604869517958,0.491076786713604,0.189039133139196,0.445060115446511,1.34915907006476,0.15058104704078,6.94567998723066e-05,0.214266401998383,0.00200476385112515,0.030599916596338,0.00621444026872016,0.0455511357842165,0.129222364839145,0.0474516666242482,0.0468982948659884,0.000183048521865423,0.939138322377163,67.7191692212651,39.5189415134598,0.000413794834959125,20.3437052276459,0.151187007731143,0.00388666244771481,0.682782674328367,0.146703833214225,0.328763889861489,0.000117805550238624,0.135656706614632,0,6.40701010557668,0,89.4958375032057,65.3740566510858,8.06343302134599,1.78998656826433,2.05521864878252,0.766339048607842,0.447470216969411,0.0308291935247453,0.0502208301877112,0.0523625452992672,0.189283675328951,0.0178380187332893,8.98198430458524,0.902827775327437,5.14493524459955e-05,0.773935555810752,0,68.3190868222542,14.7220221590707,29.8469249425283,0.143320610046171,0.000847528136234155,0,0.0110182542957581,0.000246151294797776,0,0.000243397736131173,0.000347566689386474,8.83116210925962e-05,6.4790298110464,0.0176806020550088,0.0129247436752071,0.000685561838026935,0,0.00127618090824318,17.0824310013127,6.70660096490951,0.389647988468474,3.23750529578945,2.85161254865857,0.0960365906755822,0.0417921949178696,0,0,0.0900063463995677,21.1004526735447,8.85086830706847,0.966791750423537,2.32818398936736,0.816155415876022,0.00268633855291359,0,0,0.0568939026783368,0.139401077804201,0,0,7.61874835004941,8.80985591526148e-05,0.0129353779726233,0.0714921599286191,0,0.00307420992346715,0.233133695340558,529.485676995916
2020-04-01,2020,"Q2","2019/20","Q4","April",151.706425297643,45.537129653684,55.2921605940503,10.7123191281394,9.32423669438255,2.46649241536555,1.63486880832583,15.8469141583251,3.16657665452644,0.406837114480833,1.82492924846605,2.73621075596828,1.38583194274857,0.358673792748668,0.173997473929318,0.343997024376705,0,0.0887165677324193,0.406533270393156,0,27.9578727487449,7.75436574314809,3.81039978656512,2.94314882244519,3.95019614291251,3.37307501846459,1.17587865846717,0.483609571609184,0.337278690502269,0.0965544887119896,1.09845351556536,0.243121363022555,0.515397144014089,0.374286895247488,0.842558729941951,0.254562976461565,0,0.0442531754105022,0.00916912953937591,0.000716192080525881,0.00271678519694106,0,0.154941098944996,0.174790298907975,0.21250695488935,0,0.105891566696093,48.2582916707054,29.9570062403941,0.0294396358692115,15.1479319898927,0.49565585891249,0.164182690639142,0.609300386348156,0.276796520425622,0.0145669111071401,0,0.00952372515338418,0,1.55388771196349,0,42.4748036907302,26.2485077971774,6.71519743656493,2.13029175820297,1.99961140909399,0.555664703169741,0.0803097440766914,0.0573261363249074,0,0.00658276456912213,0.000930664085495587,0.37679342757252,3.7757437555234,0.305902106252495,0,0.162414306191044,0.0595276819254174,44.6036593771136,9.83950160475469,19.8224882737445,0.0873305095517749,0.00500157312048557,0,0.00025492101911563,0.000452165084326829,0,0.000473388233626485,8.62684663029888e-05,0.000192056635088071,10.9003080555691,0.0124603483088654,0.000190179149263826,0.00288674250844184,0,0,3.93203329096795,3.33227600820442,0.216870860834312,1.91559620792356,0.788877382653843,0.233794688676344,0.00776023039407629,0.137788153341878,0,0.0315884843804009,24.166722888822,15.3319272649733,0.627574649255477,0.621283112704026,0.35551906027975,0.0205548017165627,0,0.000185323567749759,0.117286520648629,0.0782615715992366,0,0,7.00194515824702,0,0.0013835729463381,0,0.00360412894499763,0,0.00719772393887788,342.500051681963
2020-05-01,2020,"Q2","2019/20","Q4","May",142.389646150124,26.2743973800827,68.34105497746,12.7185815120545,6.52204900272223,2.97036770334958,1.14621033079321,13.6226263989429,2.75539312548205,0.789264573106392,2.51538027297849,2.01516230627134,1.78807377315218,0.67539846108191,0.125344981326355,0.0430950416390244,0,0.0503322192620231,0.0368714121010499,4.26783182883328e-05,42.016867814848,5.81166802733343,3.31183549273926,3.71461393334139,2.2165956257718,11.5480094177385,2.60075548624882,2.83907203830279,0.440334909541056,3.47463637927664,1.1430150786305,0.303114083235879,0.49440019302231,0.16867194910824,1.05123147090256,0.272937681378845,0,0.0183445358225307,0.017509665710869,0.0102393178303737,0.0172678139105481,0.0155349158536401,0.0361003235645554,0.0468390344953798,0.511499852599531,1.91237084497704,0.0402697435114668,42.8068134588186,24.2966371015376,0.114718399940038,14.7240910279689,0.507097116661737,0.427671854704835,1.01625945769693,0.0793453350222354,0.00691025706683155,0,0.371992138921195,0,1.26209076929838,0,129.635041235312,56.8356144667525,3.57699242896284,0.849288570065875,0.662009020540762,0.337001035804415,0.131636337746318,0.0875939496534335,0,0.0494533922048656,0,0.812915299803361,11.4297381408848,0.219568168473585,0,54.6303731592093,0.0128572652095972,64.4507264195088,5.5125580689089,43.3864365632167,0.0105281341731916,0.000218389520789651,0,0.023350038033066,0.000134432304430422,0,0.40764751544595,0,0,5.14897016347871,0,0,0,0,0.000899907166681195,9.95998320726041,3.78523097833523,0.456979560464379,2.31401966507657,0.680246094693618,0.22186164228285,0.0131217636273797,0.0133400571879258,0,0.0856621950025072,13.6248238543228,6.43539324882396,1.46371641939281,0.487421546818269,0.164024878855007,0.00482450519795559,0.000163756155500933,0,0.211920920743442,0.182035970701767,6.45732471759954e-05,0,4.14685408615131,0,0.0226806673546618,0,0.00853165731750121,0,0.497191623563446,438.709149911269
2020-06-01,2020,"Q2","2019/20","Q4","June",202.284701456827,64.2446702837782,74.8500367787371,22.0422739009868,9.80843716906087,3.04448366551674,2.55266457413906,8.23308029621175,2.24672021591823,1.08451521711079,6.932953965216,2.41317233130494,1.44685722061133,1.49262331998032,0.0017823512872675,0.0806057961290427,0.00718715208900818,0.310192535135245,1.49239880973129,4.5873882764152e-05,36.7730545283652,9.21018702783646,4.42236777808856,4.12657962907931,2.25568305750538,2.19555295718281,2.87227123500165,2.62306713983981,0.972453730240127,1.00971486439096,1.10432650805713,0.228531414067858,0.250593896230506,0.0511700520952087,1.04729604753007,0.320329741346795,0,0.000231151150447794,0.023763687852486,0.114855987041854,0.0163156890751379,0.0828728887059933,1.41062128033744,0.0210511637848384,0.544395736492539,1.74588744031553,0.122934425116267,40.1041852266664,25.7312608363867,0.387898410964369,10.9568993810037,0.382614138032014,0.129558690955914,0.849935163077943,0.138205458806908,0.0643922729213701,7.27633228647132e-05,0.0618550488424369,0,1.4014930623522,0,118.300338320841,72.1336722611406,6.21177056091462,0.629878100775254,0.561333959360488,0.369519050727624,0.200190778982148,0.0902281698202136,0,0.0152394646402666,3.9033806098522,0.046397767796065,12.065168350903,0.373220806973274,0,21.4142598417444,0.286078597210573,113.621604516278,6.83928164420307,68.6608696938679,0.117868701384927,0.0199485955940947,0,0.0754429302636233,7.27633228647132e-05,0,7.57743799593072e-05,0,0.000585475543439567,18.302627406968,0.0100702820498831,0,0.00280876385309683,0.0946981346504488,1.94512732208921e-05,19.4972348989231,6.96206266284005,2.61345031196941,2.52852935980343,1.59864998508175,0.185752026579908,0.0211360180191372,0.000395444384580737,0,0.0141495170018305,13.6016776820672,7.63370003629216,0.788780800837163,2.55779425500037,0.130025107522366,0,0,0.00530677416521668,0.086348348838991,0.292061606560078,0,0,2.08267729633011,0,0.0171393415689126,0,0.000136104448981227,0,0.00770801050280796,531.647624393884
2020-07-01,2020,"Q3","2020/21","Q1","July",209.822258347101,64.4359835599904,85.5962373397336,26.9323735833549,8.12201494707701,2.68042331792196,0.490219333961168,4.74164296680758,3.91092582835763,0.906894615932407,4.49137471044407,2.53042920502081,1.94105662427778,0.822140588519901,0.266187397257073,0.863304203955505,0.168604898936241,0.289677687353966,0.623524746667892,0.0092427915308956,63.9722653636903,11.0953782082787,4.06086725474087,20.4129200209602,2.2432031384535,1.3839753527288,2.91426130299693,1.41370464714625,9.29933317423415,2.94821633819724,1.1397393312356,0.509236332264912,0.669507195037458,0.411635454972053,0.844672669219089,1.05393155512971,0,0.000391622816979797,0.0377253846315559,0.0308152792124448,0.0389242644125611,2.38836325827035,0.168073707245362,0.0193143794933162,0.0747579478782704,0.203211701333771,0.610105842800309,36.0766592991666,15.2500607254999,7.80228149075797,10.7777384701202,0.00359173979456731,0.138710795037081,0.255082358483136,0.215737725870781,0.148097159387277,0,0.165696303278325,0,1.31966253093735,0,166.857156301307,81.4577611057965,4.68754050932164,1.32014116633821,1.39687662126487,0.543387591959182,0.386380930055844,0.165754229214606,0.000271692583834107,0.129239697946523,52.0632156083357,0.0202008024813708,18.7329134832674,0.359659338764991,8.22485182705452e-05,5.5936032622942,0.000128013163557137,114.203291146318,10.1751147177669,82.0566329354441,0.0686998286844234,0.0226292496569753,0,0.215307826130339,0.103850264254314,0.000187185166913014,0.00142977040688505,0,0.0114491555701527,6.91745473080872,0,0,0,0.0264398036846553,1.78009582090703e-05,14.6040778777853,8.1028770607162,3.91055956006686,3.27937426039025,0.555464278994917,0.243404622426889,0.0157375601382659,0,0,0.0983367786990158,19.0147770575972,13.5801858081202,1.29482909381282,2.02240892903326,0.437795101360612,0,0.000113416377825699,0,0.130712921609882,0.0381392856711399,0,0,1.49876870869314,0,0.00487011560835169,0.00464220670386311,0.000499680988273243,0,0.00181178961786382,618.049284575896
2020-08-01,2020,"Q3","2020/21","Q1","August",226.93532387785,61.6699569459527,90.3358781658612,23.1882202440621,7.5118696800528,4.67989251360671,8.07940764129195,10.4547718932369,2.35220873222393,0.54460980204141,9.09412831069407,2.31711901924538,1.41313429237351,3.96782884599144,0.335622357921775,0.511661758740397,0.000237758710429042,0.0850871465174463,0.377861269588965,0.0158274997363547,74.2289033992863,13.9636302468555,5.55766985457988,23.9568923305268,4.11098238141949,2.10842453261041,3.91212329217934,3.3034858943764,0.388205625211142,1.7340110166637,1.3656040501464,0.328190829323023,0.837395791672664,0.516875220829587,0.50875261501612,4.98305926067898,0,0.0237930613721941,0.0198721362498098,0.165416850104757,0.0555279025254291,4.72419980821529,0.0327472627927741,0.982697470170999,0.046096493732523,0.195228939223499,0.40802053280964,45.4897218164792,17.8033483828623,0.256026577690328,21.1150258877382,0.0861952361564256,0.0994503875083634,3.35559377259754,0.438058578311885,0.237863398582735,8.67399500952379e-05,0.293531915894167,0.0987861042850615,1.70575483490207,0,166.225362795985,83.4981242153473,6.20499116629059,1.80725088613646,1.57822690509683,0.117412818189652,0.286859398742999,0.150414002572498,0,7.82806299011663,14.1220175697612,0.00092962177810532,9.45071813569766,38.8227476096361,0,2.35464181172798,0.0029656648914386,112.492994624087,12.8303098645366,63.742348047162,0,0.00107783389154778,0,0.00976058778413501,0.0498573636024213,0.00610416208958062,0.00218182904871643,0,0.000160621156476124,6.46184293227234,0,0,0,0,0.0751823793570858,29.3141690031863,20.6657546793407,1.0597719712688,4.40136762690749,0.325713817721892,0.199685518146703,0.0121460040788357,0.000312870977528913,0,14.6667568702395,20.4342237827655,8.64474392201069,1.23480603310156,1.18097595959655,0.982600837256104,0.178670753894492,0.698583446317124,1.52175279386824e-05,1.17948553533744,0.248692503640314,0.000190905095874501,0.0587952017998679,0.677820353766129,0,0.0169678983882714,0,0.00108393201249484,0,5.33079128302069,666.472284975794
2020-09-01,2020,"Q3","2020/21","Q1","September",257.356469842344,67.0727686390848,103.607285218849,27.9001858156847,16.0497545734284,5.89313256542481,3.24432146801452,14.7179359603872,2.80543515315793,0.888793371062979,8.23336661368375,2.59233314655084,0.716653161609129,1.27871633871458,0.523868043600677,0.428879713670709,0.0768253384215907,0.491884410883649,0.499399314794682,0.334930995320561,52.6513922843574,11.8544240985181,5.78351488357499,14.4856368822205,6.27055389762427,1.34951903395876,3.30100574278159,1.48599177716116,0.638483721800938,2.28677365548565,1.32843743811086,0.389065437393842,0.100125620770622,0.395435273522255,0.907590357389869,0.455006830135997,0.000274607784338268,0.08015403958906,0.0911356414991186,0.0526183582651587,0.0603835972340698,0.392080435988959,0.132201057091817,0.581079667612476,0.0223059051813785,0.031028555996692,0.176565767664949,77.7680762683456,38.4374248896415,0.23313807285828,33.6202232764855,0.0259686970376248,0.111355415418029,1.81486212506506,0.399825789213341,0.25993866671778,0.00038556763639655,0.112397231583845,0.214467361450822,2.53808917523745,0,152.910247181441,75.9357669456558,7.867801986189,3.12673535529137,1.57358736785525,0.229888959321954,0.321286254131575,0.211276025392321,1.60810302358648e-05,3.24751780732049,17.7146781366737,0.0723218136680561,8.24482159973415,33.8345443064036,6.19698233323358e-05,0.52635797742469,0.00358459552556589,150.307597317609,14.1653048262122,105.559339795256,0.0271048226701747,0.0202199112228025,0,0.0145273609451802,0.000329904638511184,0,0,0.000534029758202629,0.0100686408702476,19.297723132598,0.000313052874145625,0,0,0,0.0372542073826106,11.1748776331809,8.8619117193788,1.66774615597101,5.1555040140703,1.6266268117163,0.332817512674573,0.00214194071783849,0.00108074639604168,0,0.0759945378327474,12.8303650861246,7.72324866452883,2.02477600220356,1.24975583649417,0.685181881493757,0.357464092675516,0,0,0.255701962899452,0.0380895093410107,0.00230411621944392,0,0.314912206839008,0,0.0523191587814321,0.0575085910359403,0.0115006655440148,0,0.0576023980684718,712.686059699601
2020-10-01,2020,"Q4","2020/21","Q2","October",225.166307124518,61.6876197082645,95.6808642656712,22.795357609583,12.0962842815596,5.50880197063756,0.564581021188579,6.60028210769365,4.58372558361718,0.598542331932857,7.43582967036443,1.2488111292116,1.00761978912808,3.77964204391022,0.25718708624506,0.741752835363113,0.016427757158051,0.187722073703121,0.0345226215939473,0.34073323769239,46.6755538813831,10.4285093913481,6.84142489491052,4.85300384042656,3.19115114407273,2.20756184110306,10.1818234804136,1.84222260788071,0.368703484607143,1.63678428761497,1.00111237360609,0.265021386067924,0.55921011917879,0.251085290849701,0.799204718462787,0.299378446035425,0.000685899307479816,0.00790513046129434,0.129347406304156,0.0330169634533947,0.0189276596438872,0.258219376920504,0.0243203585019048,0.0857142637144798,0.326328809227038,0.0308706912985459,1.03402001597232,69.6452073349792,36.5966801919438,0.0891118425447985,18.8064562598368,0.598502644416173,2.71902786219547,0.973772981261411,0.434452457551481,0.0960007410018877,0,0.192757245714369,0,9.13844510851307,0,134.518154834122,58.1505645932565,9.28629564960834,3.17004802131746,2.01342526171665,0.0745150613828828,0.395746296129392,0.300996514874646,6.33557676608381e-05,0.122340922604886,36.3216897609612,0.09568296137885,3.78774795956767,20.3023624029545,0.000108202384524548,0.492559399089817,0.00400847112688748,125.749700512201,8.2920719956227,79.0259613298731,0.0345371630361775,0.00567879652731322,0,0.0267260448754741,0.00140567274891927,0,0.0015003238827768,0.000162622993420105,0.0163556887801665,18.6183404013227,0.0503442537486808,0.26470224093878,0,0.0399549961740987,0.0408846023873575,19.3310743792895,5.20681683773977,1.04866619999644,3.13274001481254,0.790713410825582,0.156388344940595,0.00642568844091838,0.0657972072398636,0,0.00608597148382704,14.344171158257,7.9816856148777,1.39542302051553,3.68221150445328,0.754091914547474,0,0,0.00412366873568092,0.0735775815496136,0.056986738244024,0.000624387649325379,0,0.119814025598456,0.00491103073672302,0.103452635231385,0,0.0192052285219299,0,0.148063807595926,621.3059116832
2020-11-01,2020,"Q4","2020/21","Q2","November",289.118713261418,81.3716054804084,122.826249771829,25.7197545681555,8.04550793169852,5.00695061857157,3.35637400369699,21.7605002262666,4.0059163069816,0.636976752934224,7.34160876015633,2.17831557836328,1.05342704226851,4.67141095943036,0.5769720441979,0.361694053743948,0.0243425555162869,0.136280178494504,0.00505456229097528,0.0397718664134617,71.6453424481841,13.3749157673952,6.67993992266054,12.3568309134995,7.69900349513306,3.98985176640422,4.34588259592602,2.52488504488399,1.8455710574086,5.03174966759439,1.59312416228532,0.0568710054892322,0.216169367103837,0.430232082888039,2.72280013602481,0.624022278174272,0.000121671003870106,0.0899695937987967,0.0406570906573048,0.0878879774755534,0.0561684536800036,0.0855131880643998,4.79338372015312,0.0558164513544072,0.205935782543596,0,2.73803925658211,56.8256497729724,35.7815687292716,0.239985704987054,14.4067112333662,0.0577605025428434,0.633118905330418,0.829073909978345,0.428269871138192,0.0121486956198252,0.00131729140190034,0.42925519620553,0.321921124737053,3.68451860839341,0,120.791854039941,72.248258192178,9.11407769602492,2.18652059607095,4.06829000274603,0.0523221574600608,0.469744797526402,0.236083894343746,0.000423498865250757,0.246505146242929,8.52494664228187,0.0951397307384713,2.19183741615506,20.6792926830089,0,0.67841158629813,0,142.86032654789,25.5910050836187,94.9556481130825,0.135295982448288,0.001999468274999,0,0.0732933473529113,7.54360223994659e-05,0,0.000130439427549011,0.00052230928541359,0.000178645479282347,1.73284512902326,0.018820070878628,0.00468847857453091,0.00926040842149337,0.000325672720358983,0.0479289076215794,20.2883090556578,8.46841985634996,1.63808563413375,4.93394230931954,1.52471210773749,0.275255496786033,0.0264528985214126,0,0,0.0699714098517346,14.0626173495167,8.57206670775487,1.87572303196632,2.56768457359193,0.540240856678555,0.028768151719856,4.64215436765743e-05,0,0.0110798158508263,0.392568164307495,0,0,0.022425490956509,0,0.00702946113459278,0,0.00443052793492603,0.00864865885409614,0.0319054872230483,703.772923276271
2020-12-01,2020,"Q4","2020/21","Q2","December",280.658529546131,75.4585476854142,120.665850679865,32.852979634703,8.77756036315662,5.12337977274678,3.66252114023385,9.98775138506532,3.35886129250618,1.09044703571307,10.3536105789591,2.17562783133387,4.11189533744392,1.81739338077669,0.596418409312885,0.384467351375166,0.0847098527640002,0.0359903226299116,0.0772566455760302,0.0432608465546484,93.9695633085545,5.93392057029333,6.15001547562307,56.1041917183442,5.05337785064656,6.1944436985537,2.17553723896453,0.985466103398817,1.07958429956445,3.67249016065467,0.847843123187757,0.43171168049386,0.352679024410195,0.275471732178429,1.60782502105485,0.475001164544307,0,0.00779629786417488,0.0159068802725451,0.300231847970983,0.740441974748484,0.0849810329359898,0.275956060955158,0.0527519525400239,0.0543615402411385,0.00715038639412629,1.09042647271915,58.0659075039449,39.9154877641181,0.125287101165412,9.32804966068507,0.094347025991827,1.97929852224694,0.917572985375618,0.337699919312062,0.00201814838389735,0,0.0419632300751914,0.0544499964508716,5.26973315013987,0,145.855328093782,76.0216600070311,8.6382200431047,1.97477649622962,3.6119755501055,0.156592867459383,0.32046287404853,0.247560820954652,0.00693735051556023,13.5075161113194,33.8376966050372,0.0456079898714053,6.02240106788187,0.547276112502527,0,0.912744677667221,0.0038995200536547,184.572687239199,38.4635758846196,118.646479698832,0.027402531213685,0.00837596780969908,0,0.0116456440931392,0.0139940767566268,0,0,0.000144282241985224,0.000718777985631823,5.95538413427744,0.000336566317921242,8.38626403536028,0.000936203483333122,0.0469212727508945,0.0275506123429483,12.9829575511144,8.02866345258817,2.98538612629595,4.19980467477196,0.691084791676926,0.0547489093385974,0.0124289947764337,0,0,0.085209955728301,17.0443620801658,11.122441468001,1.35191885456121,2.16785043268076,0.636941366331871,0.221321705259427,5.40146422915911e-05,0.00186213403749264,0.00014403904611091,0.134076162504354,0,0,1.35492930920083,0,0.0309986937653592,0,0.00694743524397899,0.0023656249719042,0.0125108399191428,788.195041224366
2021-01-01,2021,"Q1","2020/21","Q3","January",200.418679981229,56.4889569708767,80.7337541801605,16.2915255837462,7.50434066038252,5.60449018044783,2.17467258954667,11.4820154889125,1.82819376032667,1.25686958434564,7.21825942646736,1.20706334339142,3.70443053840984,2.29256666374264,0.482896249087588,0.889827628351318,0.113953153744061,0.261481448439918,0.883346558403244,3.59724465739909e-05,58.5376183383061,7.76108090539213,5.48592682791309,10.1153994133526,3.74266081567354,2.0266608428754,16.1803969476758,1.88362232178365,3.4750102475776,2.90385869763031,1.00949682891783,0.253630559574806,0.313813668746049,0.177328873319981,1.90340751403558,0.368295425753973,6.97140437480442e-05,0.0253133855683875,0.00708388101298753,0.137448355053136,0.470740566820864,0.0213008332682312,0.153891918094457,0.0164246077928261,0.0425481949111055,0.00256407555764869,0.0596429159604533,82.1368921372978,66.6854312002068,0.168712566082942,8.75986165695665,0.56469821305183,0.97182930910809,0.79555808846002,0.733352323909088,0.0280197264051758,0,0.184683286651137,0,3.24474576646608,0,67.6810736805896,53.2769956755818,8.09889228136086,2.12630319434336,2.03760769773406,0.194471479992177,0.351340668837064,0.251721029173907,0,0.0556965686325607,0.000761974498166125,0.0871390051228386,4.60600687043329e-05,0.429948586231844,0,0.55048715091059,0.219662308101719,133.010490805933,20.4172031263896,92.1772863173458,0.129760248480175,0.00274682395192982,0.0214621724796773,0.0107282663067691,0,6.76226224356032e-05,0.00353741606505452,0,0,0,0.018592784267434,0.00571336565554035,0,0.0107061251264747,0.00305246426252999,20.2096340729796,8.04331712150259,0.592441307160009,6.62904706920186,0.591722944070907,0.0913891577743501,0.0439455441577934,0.00344743614878891,0,0.0913236629888776,11.7838324368963,4.2304195514724,1.37245160924104,1.60761902618718,0.293322562192046,0.00679910611568111,0.228581460116204,0,8.85786639862652e-05,1.2377453933561,0,0,2.72378041396738,0,0.0133210222220157,0,0.00398748993149189,0,0.0657162234307995,561.611904501755
2021-02-01,2021,"Q1","2020/21","Q3","February",234.814282805699,49.1975973478359,117.959641932943,18.9958555890129,19.6857522224104,6.11373772039877,1.72789437304911,4.6509972514571,1.64279370006165,0.451747586001319,8.53110361606869,1.01124369578915,1.73092531775011,1.77455527840702,0.630136877591079,0.45585367972111,0.0215743717802453,0.138691495280915,0.0833430385995631,0.0108377115410083,55.8654240102863,9.84250985442337,8.40032138461542,5.19924210257653,5.13435694374627,2.42259571208388,15.5901641445392,0.729692132140897,0.513527482341667,1.70472325187495,0.818141903214533,0.145575414188536,0.289828124525685,0.234303842415335,2.22759596797783,1.48592637644344,3.68854218759324e-05,0.0924093417996089,0.0344699431389651,0.324740168954171,0.0205507275523444,0.207813529149153,0.167331144211061,0.010932005433492,0.00260106404859387,0.0779577670056765,0.188076796463851,66.0908597629361,35.5433683386876,0.361718800291184,24.2958821064886,0.0501478040010395,1.02538327226315,1.16399554503496,0.942451035358556,0.00933238796591402,0,0.582549497280813,0.0031729430064427,2.11285803255786,0,80.7171328084426,68.4543847845707,8.12208182235173,0.0127012146937711,1.82423246162369,0.273774843839758,0.246102866328448,0.324659950538675,0.000283820680397206,0.0555414867562664,0.00014754168750373,0.0373418568403939,0.102749045958469,0.66204928885635,0,0.588992476836716,0.0120893468797166,135.423000224308,18.3067808635566,85.0551708947332,0.0171831475517468,0.00191441241203589,0,0.00861304255245016,0,0,0.0174566382007881,0.000162295856254102,0.0122250017660996,13.7424296612368,0.000106731656740198,0.00265756513782342,6.81347512892221e-05,0,0.0304668494506982,18.2277649854451,7.03779828765203,0.225783501766188,4.90484306094599,1.10765655975828,0.20480425587801,0.04653460397617,0.0109886024248184,0.222896147827162,0.314291555075399,20.370365926471,9.08278820598333,0.706193598004522,0.713881391653317,2.23187040886184,0.109352550391592,0,0.00427993353361443,0.0465088505746163,2.66192722256864,0,0,3.18867353968721,0,0.0413485505458358,0,0.00344110002348073,0.000359942700834098,1.57974063194216,600.318863825795
2021-03-01,2021,"Q1","2020/21","Q3","March",274.014505542707,82.3900493684633,113.470733342686,25.6251371467053,22.7929910255053,2.77277411050125,3.70450510161444,7.27891536307438,2.51027034945451,1.77315787858115,6.0852298715773,1.50573204206098,0.989747264891952,1.59414279960527,0.393302349558759,0.905871154275929,0.0596038096334193,0.101395690991285,0.0207315493480991,0.0402153241780018,78.9670717674246,10.8285738844612,7.55057631820681,28.4870301811221,2.69687186598917,4.68662909279937,7.39493903781603,1.41181631865479,1.65976448247218,2.36410047036695,1.17958788121746,0.546676820102318,0.289238699714356,3.77885202864473,3.63929952719185,0.258060241313989,0,0.0394965653493801,0.0858753707051813,0.0944117527806981,0.0900178550475955,0.188946593887442,0.66984916057217,0.172980199657469,0.713919020709884,0.0176573180573062,0.121901080584079,84.1673425156006,49.8878710843995,7.46985434149923,16.8369186442993,0.913321698559934,1.01251594536467,1.29647370785844,0.781354195509856,0.728939840242638,0,0.279366585615217,0.0415208154673396,4.91912981772306,7.58390613562631e-05,75.1397382772416,58.5030078108584,9.38617673935247,2.98800501614546,1.42645127772267,0.133436161219312,0.340800806450778,0.440357200646648,0.000470297236754292,0.068615581353799,0,0.045501497005007,0.309491071823938,0.653175163091169,0.0655176225033753,0.774916577234867,0.00381545459691028,127.279449270741,15.3334623956596,94.7112351880456,0.0427607039168835,0.00623563460252884,0,0.0391721099533879,0.0802011988239872,0,0.161180351737577,0.000202911456144249,0,1.38029635056104,0.00029231425715085,0.000150156118923379,0,0.0889251454841072,9.39911947827057e-05,15.4352408189289,9.04913144105512,2.26443712558063,4.2741997943167,1.92958620685596,0.188273275152131,0.000508864060974317,0.0280209701329342,0.244356268412568,0.119748936543223,24.4760389143786,6.26195427214131,0.971860177098807,1.50441678915676,0.472952331221117,0.00313592466987353,0,0.00478303120184594,0.0545039330545268,2.92269819116689,0,0,12.2215466944814,0,0.0212754120354209,0,0.0141450406465517,0.00690230210538675,0.015864815398653,673.093277729148
2021-04-01,2021,"Q2","2020/21","Q4","April",250.783466520473,77.473585865812,82.5498268556567,23.4766160068838,14.9495594969416,8.4684174463237,1.78828218102282,19.3523143095841,4.33666236844382,1.16611832863605,11.20810813284,1.38654861013419,2.8104066813717,0.745068094752221,0.469888323507795,0.297854789673712,0.00749908940156131,0.248557954608851,0.0481519848781684,0,57.9995604346249,6.54163863147438,6.88327860276215,18.9795076642165,3.39340836393158,1.79493809660933,2.27377658041202,1.60004010977864,5.86633139338702,3.18344032854894,0.744322177524312,0.189072059129063,0.857077023985954,0.363812545531072,1.12692918937078,0.109597696550751,0.00112615232931204,0.0373806871762574,0.0497483289931033,1.86718253256343,0.0593416016869943,0.0749947716301675,0.278848134580332,0.203291070063649,1.39550592098686,9.42570545854236e-05,0.124876514347681,80.5629366807617,51.4997853790961,1.04717888473708,21.6714249003598,1.20600361929072,0.189746244461157,1.48624651631576,0.760216798669226,0.270314047812401,0,0.267123949829054,7.41089693613878e-05,2.16482223122101,0,112.471254897585,67.2092560381165,10.0103350541969,0.095571728779136,1.7191350204593,0.161369450125798,0.323541932955311,0.276729840280704,4.96435481103937e-05,0.150107117312064,10.440968977496,0.0279170721090332,0.017878083132586,21.2391907346235,3.60618153547985e-05,0.798438910686507,0.000729231948306892,170.286440773521,13.5138078081182,126.585545588786,0.0225487784364231,0.00444573161785599,0,0.0145983424559727,0.000275915541224306,0.000378175992249762,0,0.000200627777038417,0.0115739039216132,1.39951355399055,0.0333673230428626,0.00771342066843459,0,4.41427640859168e-05,0.0334805648983058,28.6589468955106,8.85378850101336,2.41501660870563,4.52491248667548,1.59790310513358,0.21447618628813,0.0010068691503933,0,0,0.100473245060134,19.8989451064552,4.35609643982329,0.757117166909021,0.820972655948231,3.70481547969099,0.180684631498803,0.12379736594394,0,0.0449896195941132,0.121271573130803,0,0,9.72407434235365,0,0.043530985082459,0.00372297528585474,0.0018552601939532,0.012949859935741,0.00306675106437582,700.856392914434
2021-05-01,2021,"Q2","2020/21","Q4","May",275.190753384834,74.6208723508103,117.044200328626,28.9622578356621,21.4050270806607,5.20504638493954,0.657580709292893,11.1169843726673,3.15568055826682,0.622541979252754,4.95771327282935,2.26587603317241,1.82732113717918,1.91427662411646,0.455041220035028,0.687017773422545,0.0691792498428462,0.214763974257059,0.007801183979686,0.00157131582035251,65.9889079267431,7.16176193652132,7.79307315169134,24.0475402326271,4.02559398890331,4.72590773232848,2.90978634665487,1.6743896831072,1.22178403595329,2.93588565867308,0.723549996017037,0.820314735380099,0.262122078744815,0.681061535253885,0.768788187610605,1.26850579069668,0.00566619555501635,0.0487236903581789,0.00526189513033292,0.322339320297839,0.017829031468054,0.223108121055781,1.53326187510021,0.0667380659898074,2.19104004157996,0.00275497445623152,0.552119625588579,91.7985273034643,61.2696104398252,2.33488284608223,22.9925389276642,0.703030541133267,0.568402234577227,1.00798319334154,0.235841957659604,0.0499910242776846,0,0.330506523007071,0.208843571259035,2.09689604463725,0,90.6436659968493,71.8382781275669,11.2697462003412,2.50163047549369,1.71267480143563,0.245489382961297,0.235340142049923,0.295510734606598,0.00116849935845356,0.0473544884793829,0.0739338269676496,0.10834147609703,0,1.35608903198345,0,0.958108809508149,0,203.758144989972,17.2277092082098,149.50089706405,0,0.0361635658357152,0,0.0302966256623733,0.117545553340152,0,0,0.000126182457092164,0,10.1426590593549,0.00148317005207735,0.00965773584266296,0.000191291033386442,0.030436270021682,0.00808895555791556,26.6528903085537,15.9932554180528,0.986454703468818,12.0672257599713,2.34479574830998,0.152331868245878,0.000795440430762669,0.0285620538270395,0,0.413089843799039,36.5076567246841,15.6122827202489,1.20182380217102,1.82814097638272,8.5686056872712,0.0379387412180558,0.0479469223377157,0,0.000133869258123571,1.52906364904728,0,0,7.56991796492181,0,0.0450404110345021,0,0.00387807674087163,0.0303926199841255,0.0324912840677133,779.880911744599
2021-06-01,2021,"Q2","2020/21","Q4","June",308.748817698138,97.0287573274858,117.65126645672,29.2655161068193,17.0126486156674,5.61756640690387,0.574798220258608,18.2676155103428,6.74764596962065,0.365227351567129,8.56784007722128,1.77169920822388,2.79558404944797,0.995632682543574,0.267866019188982,0.730747486391579,0,0.340019066482705,0.650350769181063,0.0980363740719398,52.1281875340694,8.61309233354986,4.67233832902844,19.6999184926057,4.75524631032618,2.155005449967,2.26806467950594,1.23711871491344,0.984415601939074,1.54770786856771,1.75855972155456,0.461503713231604,0.374168957997733,0.130815152000551,1.95918958424883,0.546306481954083,5.53278399693668e-05,0.00485716459015745,0.0489320994300096,0.0680099194516957,0.0889142249287336,0.0869750473174353,0.242490953390446,0.0480709020543434,0.11290833232241,0.0110370338889511,0.252485137464567,75.4351711590734,49.4689639892907,9.07947984902606,10.6012644264389,0.357957844274931,0.48529711828258,2.0606223850012,0.176369261197077,0.0443338925080837,0,0.391578739198831,0.0895738494368123,2.67972980441824,0,260.893519952787,80.0726059148062,11.5274289206704,1.10529735496436,1.74976992872026,0.163784550186943,0.130553213890162,0.247453072316698,0.000185042707071494,0.0446262444384281,164.299513094394,0.0871285267110126,0.000295682428745697,0.783109138131684,0,0.681680340163823,8.89282566884949e-05,169.660334134952,24.1260379335972,120.343479269055,0.0197150707150094,0.00132848115866684,0,0.0228797449220118,0.104888662280311,0,0.0124705157417309,0,0.00168254669424289,21.9472334405217,0.0374871591092286,0,0,0,0.000752989933959778,3.04237832122331,9.16504863792213,1.75952689267822,4.89659346203605,2.18806797331734,0.131020576680399,0.00711355952205489,0.00183300023254661,0,0.180893173455509,21.9043446292926,6.72325974146635,1.28745131295377,1.18094160974406,10.1083253508333,4.75976786786517e-05,8.47717138454843e-05,0.017510911949491,0.0474087662832021,0.151217310271519,4.21556504373423e-05,0,2.28916121968065,0,0.0396142013558151,0,0.0130206278624063,0,0.0462590518491456,897.935423746235
2021-07-01,2021,"Q3","2021/22","Q1","July",238.20369443617,56.2332001103888,111.810325980616,24.3321908005978,17.5671330897554,4.44565785862633,0.529965790872707,7.6067012462459,5.86443419109297,1.11384945569884,4.23557393836439,0.844205304924306,1.56624331805256,1.54697667154997,0.324797503972241,0.109094104569388,0,0.0728623387607288,7.72362448335235e-05,0.000405495837577273,65.9634462227127,9.04468286610736,5.07015128609661,14.5679708882258,1.39924001187348,6.30290026859487,14.0130625885804,2.41646113370918,0.422167017091076,4.00896144897339,1.89306977441338,0.321913671371224,0.130113841249046,0.366044505711319,0.96094037536489,0.478924458976216,4.55895517551765e-05,2.20819743390419,0.242727196233893,0.895701557463233,0.00714493413341132,0.276426472351095,0.349466307725991,0.0439068580735805,0.0314458503120071,0.00202456898023385,0.509755317645128,60.7004102152312,35.7683561005563,1.90281478368953,20.1649510610939,0.334280392331416,0.402278666654189,0.713724904761116,0.288692193177889,0.0570588641905546,0.00861552817413019,0.203548032420218,0.0308358169316882,0.825253871250218,0,63.6905506746226,50.3005129042767,7.49631570051432,1.23962686078304,1.52917172218953,0.435797401415464,0.377612668919987,0.10887876500552,0.000135973908061409,0.0221830589072433,0.00320530736378427,0.104112116501476,0.00849598500977177,1.35145474275912,0,0.688128659650006,0.0249188074185412,37.1240241702925,8.42130984565192,28.5221160270459,0.00100896608889765,0.0304472166561346,7.68791955823494e-05,0.0202389099239441,0.0649315375171138,0,0,0,3.84090606841664e-05,0,0,0,0.00113969160016858,0.0248031238882532,0.0360281902915609,0.00188537337237287,19.4077808851704,1.35114524990162,2.86306965588559,14.655374788535,0.206463903958668,0.000713258838678561,0.135085770887174,0,0.195928257163683,25.7992265234803,11.609277748202,1.20791630962532,1.69201890675256,9.49247467858484,0,0,0,0.0252728559184728,0.348072704779064,0.00467909456087444,0,1.33574868997,0,0.0616078288205177,0.0192724711342526,0,0,0.00288523513245799,510.88913312768
2021-08-01,2021,"Q3","2021/22","Q1","August",249.666593112228,83.8179197536893,94.5076549679171,31.8673405172273,10.9773514269976,3.82154527321356,0.431874160164832,5.51682500723041,5.88233222769983,0.22273238264234,4.37471408740867,1.23541013238269,1.38444026046901,4.05536517038372,0.635709850147779,0.328241182114205,0.000117770029255816,0.0492372302008166,0.0494627140873261,0.508318998222485,65.9868432348636,13.1857269528126,7.65071870508494,17.99314830823,3.41857808583889,2.31999312593588,7.72741479508452,5.61711598573838,0.534144744794455,2.77952315149669,1.70519180285801,0.744646542104284,0.0198268057881911,0.110427253480533,0.732906439212014,0.627700096433144,0.00236244847205555,0.00380901559041776,0.110914465781697,0.00809309376645565,0.0165674412462345,0.0819103239845285,0.111553009270646,0.0790062152620598,0.112431556508933,0.0742644406212731,0.218868429466759,79.5779173059882,55.4920125182201,1.72602639991264,19.4337743691112,1.04025927105315,0.237581362837343,0.483553594955859,0.392293364850643,0.153049421110419,0,0.153213779998796,0.0165002095902493,0.440094430626441,0.0095585837214114,72.318019369528,58.4491375734925,5.90205781448414,2.83561049612099,1.68603333696038,0.175513697802802,0.282840991280348,0.249840830004752,0,0.086522690244648,0.0490211671853042,0.112337784519429,0.00192161944663774,1.41354290345171,0,0.994870219230225,0.0787682453040874,46.8245375129535,22.9110405412984,22.4738983179495,0.0632329823115265,0.00112804383268073,0,0.0257600987825172,7.7971968734883e-05,0,0.249210616595886,0,0.000538181701149372,0,0.0164627224876401,0.00821830779074488,0.00333706381734583,0,0.00095527370349959,1.07067739071387,6.83322516960603,0.452315102988926,4.02374017990455,1.77609720108477,0.387984995318447,0.000703669115672626,0.000353743515136659,0,0.192030277678532,23.3906966824828,14.3604042549839,1.03169823081535,1.19979293979519,3.58506533916593,0.0966482824910127,0,0.00367534122101529,0.0333973902011108,1.99362537299717,0,0,1.04185603515888,0,0.0369623089252163,0,0.00591053249303608,0,0.00166065423502463,544.59783238765
2021-09-01,2021,"Q3","2021/22","Q1","September",227.196601876058,67.8843428699807,81.7464467737466,26.8180554606289,9.53950958994924,2.43749630275842,0.499561233514462,14.1158652071591,5.7416605968836,1.22931779709955,9.45525109560724,1.24912834727346,2.04606156256601,2.79278728366188,0.83062600324139,0.544931885169903,0,0.0778368627821695,0.0602128117559364,0.12751019227984,41.5214128062507,6.24440644302225,4.00549136910504,9.38375967304924,3.35446356742461,2.31801619167073,6.69995811976201,1.78183246318775,0.563043154325486,1.30636583087848,2.03238423125296,0.751307608001083,0.513547554337475,0.136833183289493,0.612757093247644,0.80686951249749,0.000680648346832525,0.0256388763556681,0.028533281810331,0.0504117452263663,0.0225589303631567,0.115580378964025,0.305141391272089,0.0670940213765813,0.0637923946278477,0.000590930945113457,0.330354211910964,98.3030163480464,56.8887857754118,9.06466722523728,28.8093612802361,0.104921056361038,0.666957449307788,0.630517786512585,0.420644517046531,0.0379229570459426,0,0.0352873451490907,0.00146854428269819,1.64248241145551,0,80.0294977514046,67.0662421325992,6.26392347430974,0.209316249875258,1.85529208539777,0.173616410995755,0.254976226868157,0.562915838487217,4.12728664456819e-05,0.0794174276760458,0.00187118517922766,0.925835069405435,0.0118833720187206,1.57679250908958,0.00444777000492131,1.03763126437028,0.00529546226078043,35.7994672935047,9.50717665429051,25.9559177847148,0.0771101426376192,0.002725708329648,0.0825669938304595,0.0123299416958253,0,0,0,0,0.000897434162362769,0.000106286192499132,5.52459729485146e-05,0.00932080871071794,0.000207593215178077,0,0,0.151052699752184,8.23376532240965,2.26849976119726,4.04482137764451,1.25752944638732,0.626441797079945,0.0139023016692744,0.0176652140644183,0,0.0049054243669099,23.481931599407,17.6719747257244,0.913448459285683,1.22535536571454,2.4353101453548,0.000169155778939736,0,9.01670624297004e-05,0.0382122139104922,0.661090461484042,0,0,0.360983051479302,0,0.0486976168821087,0.0882841257516567,0,0,0.0383161109785572,514.565692997082
2021-10-01,2021,"Q4","2021/22","Q2","October",235.074327913975,64.5104512972361,104.367438877941,20.9123105906014,12.0736849056733,2.61078498861989,0.657501283201116,15.1523988251085,2.70795335130703,0.931508192101694,4.54131892509931,1.67741881615679,1.52047292886571,1.58771187969331,0.169631203364713,0.241510606811206,0.0749401286526906,1.09520201235381,0.24195817859109,0.000130922595991664,40.045250194466,6.33615615331773,4.94543188123829,7.43373359447059,1.8406475441652,1.45289629492124,3.99773948855792,2.1034187117941,0.785309693509448,2.65642209330612,0.864446303318339,0.703796637182436,0.175001208545987,0.853744547677344,2.09129768076344,0.591893664749905,6.52263962648318e-05,0.00296787874590646,0.0243410354868086,0.212923247898434,0.0337278340440212,0.129762376251391,0.0454445610632132,0.0144776613372598,1.21509158739705,0.00137513480846981,1.53313815351903,111.126766863078,66.6173111554074,0.205181843304367,38.5162369771798,0.385672842966876,0.915312427304626,0.583477621247337,0.342614097642989,0.0565346191267921,0,0.694413245183949,0.0321243154767149,2.7778877182376,0,88.5245264167044,76.9893892431414,4.67176391481736,1.22157523457575,1.98803250507485,0.197108417959663,0.400583733961157,0.295065491711494,0.000586347519674363,0.0711143491206782,0,0.0968706632106028,0.00758703445103278,1.55518815064867,6.95526291205718e-05,1.02959177788289,0,31.4655610172661,8.91398766503402,21.8626636353356,0.100162298001645,0.00393426899506382,0.138898237070598,0.0986960346632737,0.158322545661201,0.00149689713692662,0.0019883869266234,0.000182473414255098,0,0,0,0.00662795642207799,0.00548507938113092,0.000141404543467952,0.00163590527409903,0.171338229406101,11.6493454001385,7.26722052292864,3.68558917914345,0.518797879173549,0.145858985127257,0.0271697116409867,0,0,0.00470912212457518,13.6104814874346,9.08438881650414,1.67539167116753,1.4713726824356,0.559813385371156,0.00224859586270713,0,0.0198143166371135,0.219924759237805,0.446588102619978,0,0,0.0704050907892357,0,0.047099735076977,0,0.0110703238955953,0,0.00236400783672238,531.496259293063
2021-11-01,2021,"Q4","2021/22","Q2","November",294.905197335181,71.4070310832233,140.267460878315,21.9448311872841,36.3115807410451,4.57341117389078,0.702859932062222,8.12548090073399,2.77730235877964,0.457997805615199,2.95081717969253,0.942726269498458,0.802592089098625,0.931532468657372,1.18256914462691,0.982776691429191,0.0678808917819706,0.476077446463844,0.000205190867537561,6.390211485243e-05,49.0499224108374,7.06658432730898,4.59241649253822,6.41492221454402,2.66127852931968,1.88523827192506,4.63957888670221,10.8671646165831,0.336440397909054,2.50345097123199,1.21070630708165,0.759076564955193,0.378768294616195,0.611667657945537,1.54886265868875,0.409459138155788,0.213100527475311,0.027762819636054,0.0250149395627759,0.616347772770137,0.0209875192649868,0.0208429151700918,0.726758586061731,0.427006008232686,0.852131593066557,0.0345373019164194,0.199817098175194,95.8706557240269,62.3212369183006,3.52508628318227,27.4065171171453,0.230408163656223,0.183877950155291,1.16969036488099,0.3452837903247,0.0348355662686519,0.000260111980972185,0.148966052678969,0.0607604035016981,0.443733001951245,0,91.4096303220699,73.4846159783026,10.5979591530614,1.50530673143938,2.11215143690591,0.175477287122082,0.456441662976414,0.421052779980482,4.89917793782139e-05,0.0594285519215128,0.00265451420161132,0.0447137544629991,0.00110223346194365,1.65010573538438,0,0.807496411508477,0.0910750995613555,34.8703840574539,7.38405134209428,25.7026655147465,0.0588283214013579,0.985202451676181,0.0656763259842845,0.227266631544084,0.00439901703867,0,0,0,0.00132420577492732,0,0.029901788914155,0.0997536638138755,0.000652186395940838,0.0596395959509409,0.000759740128401331,0.250263271990299,10.8193054559695,5.8895127820773,4.00260928884548,0.734475860382292,0.133398931839289,0.00561032947257092,0.000106739221228296,0,0.053591524131377,31.3827824035833,20.2415541940375,0.647219097404525,6.42784804537824,0.667901041320827,0.0910057244535834,0,0,0.137067286100125,0.13445566724801,0,0,3.02255768239914,0,0.00213508434783116,0,0.00831976415245326,0,0.0027188167410504,608.307877709122
2021-12-01,2021,"Q4","2021/22","Q2","December",298.798292586792,65.028554876252,129.914752227137,33.7982687202708,22.7514626368312,4.50683740080689,16.7491137355978,12.5837518586832,5.6357004409408,0.521286910850683,1.30382738327894,1.4667260329922,1.19611709773852,1.84439400998198,0.374021692239436,0.874659381548056,0.000585503955872631,0.216184634249525,0.0320480434369475,0,71.6159553344238,9.15433957967632,5.36060252002846,24.2640308295093,4.3536620157099,1.94938167090992,10.6637205765411,1.27454435975294,0.321954392171169,1.19863709879511,2.22080864982241,0.640257106771057,0.596992840961114,0.49874977380625,1.41581466301059,0.498447372120415,0.000120893383370735,0.0547467054346363,0.00546354417785717,0.426862856302836,0.0165386965381776,5.81141897821237,0.133603018536754,0.16957221164373,0.343583623228758,0.00011935625566123,0.241982001123576,92.4006278988535,60.23474438568,1.13170766601455,23.5840638972067,1.88330231226128,2.16738769248126,0.840462636594422,0.582131972389313,0.00396248166885859,0.0156066634117491,0.421501950710337,0.0273119680860593,1.50844427234893,0,87.0508867835672,67.4191042892729,11.812550689637,0.882507169040466,2.69408874460456,0.159522104557643,0.473573631727448,0.567863218275755,0,0.113865574901709,0.00074926903219368,0.0927756209906553,0.0211225264285794,1.45304321695354,0,1.35842751571525,0.00169321242950437,27.6130915134009,8.448192134403,18.1845530613205,0.0481323808249405,0.0405518156241595,0.106423118727251,0.127783033436109,0.000426378051781078,0,0.00275095770721044,0,0.0157251469518425,0,0.0617259583556798,0.006315900439892,0,0.0788553230292724,0.17519166234817,0.316464642181164,17.9322816781948,9.79020595167706,4.36515899189347,3.50738928248447,0.204438699842627,0.00437885855336553,0.00369864092039169,0,0.0570112528234441,21.3028329923583,12.4641332886485,2.08168959982016,3.03588835133176,1.03802874939919,0.0286255402866988,0,5.00173961556814e-05,0.00227538238224554,0.107922480129878,0,0,2.45655637952907,0.000655900408849306,0.0611895847553932,0,0.00367259013102715,0,0.0221451281393511,616.71396878759
2022-01-01,2022,"Q1","2021/22","Q3","January",224.652417522204,63.8417879138234,88.4352395361446,20.2931221128056,17.6332546539473,9.43871812893526,1.20977543766507,7.89554937240707,3.75453263471034,0.640322348589009,1.88445407384561,1.03864803972884,1.85243084689763,5.17295243780393,0.227897235657839,0.931207230874858,0.0687278749550197,0.271557351968317,0.00205508650412038,0.0601852049402869,58.9307634699068,7.77008186134679,4.82755276106182,4.06864965480364,3.08534893220058,1.42346287849141,10.847816166639,2.20089621970777,0.711171661363786,5.11537795360226,1.46085404600616,0.673665050591462,0.458789987002434,0.55072677303369,2.0375475634198,0.429143199651855,0.0008514189669567,0.0108864507246114,0.00810669172029048,0.570716320014488,0.213788740122282,12.0211796793934,0.229578496981877,0.000107271312729172,0.0439416160068769,0.00600793879171851,0.164514136949109,87.4874827905947,40.8018643104077,13.7376710375721,25.9786140734229,0.915861899851946,3.17715893413888,0.82229069184189,0.276638556906863,0.0151448755310533,0.000741147041940927,0.431892216478692,0.16972929290318,1.1598757544976,0,73.1383559387227,56.9768666818427,5.82728900257723,1.77592175430792,4.79393630461126,0.164020101930216,0.484386816983261,0.465089228982525,0.00213786447663199,0.0805321973647995,0.00011252243664133,0.086239792911784,0,1.10722505598188,0,1.2402604527731,0.134338161542741,46.2783326396108,11.4528278553352,34.0781057116055,0.0598552564560263,0.00313636017092939,0.0167073159208924,0.0265924493485987,0,0.000107271312729172,0,0.000703915172992211,0.0205180721413431,0,0.0372298513498469,0.0182334173089475,0,0,0.0201919227974344,0.544123240690348,23.9091689360909,1.0253806164671,21.3975805846735,1.30852549412811,0.153969474032657,0.0128815564293663,0.0105020843032101,0,0.000329126056956766,57.1003230246561,38.8071068677735,1.66919944922526,4.92696728067579,0.608263051618748,0.316227810263585,0,0,0.0499516635919295,0.138717970511135,0,0,10.4897187749457,0,0.0239670901167622,0.0687841513724177,0,3.37566261711775e-05,0.00138515793505931,571.496844321786
2022-02-01,2022,"Q1","2021/22","Q3","February",272.662888651032,68.6568122741256,137.353623333759,19.4119777691398,13.6366435052983,6.85467129595997,0.302087122233008,9.93118247027685,2.94732598743519,1.12897582758599,3.00030074687412,1.22950580098059,1.45381512254265,5.826483468503,0.452408199845332,0.288364406595057,0,0.0753881784460146,0.112935262448548,0.000387878982474792,84.6000975514342,7.39759281733807,4.34351460182037,29.8189505821181,3.26898037235393,1.87105375730373,18.5454783466136,6.00447627904431,1.42999602665921,3.94203636989709,0.800684089531295,1.8954225890092,0.487834417634682,0.218431488445471,2.46005319867981,0.687400138827292,0.00113788213536193,0.37876043452424,0.23392634448521,0.384485295130414,0.0754062299148169,0.0303480526881411,0.0755694184545364,0.106785847478278,0.0125601516923832,0.00216919930421718,0.127043620350499,103.810245217871,60.2981032304353,10.1010705123266,28.6248777794465,0.154542039359393,2.29398140514553,0.643164492845374,0.505303708876306,0.266697926811242,0,0.146718974201565,0.00112383421590539,0.774661314207325,0,76.8934421674055,63.5191931446913,5.44745007584721,1.58386096970398,2.50332397935583,0.298067284826179,0.708170302042033,0.539130297250975,0.00268318467943558,0.0652074639128063,0.00133455322754757,0.0950199304883197,0.039597294190709,0.848605945295002,0,1.21848846789293,0.0233092740012731,35.9943789195281,10.9864824765069,24.0278388469991,0.0222759714324046,0.107529307141317,0,0.0667137796222541,0.0639021749440844,0.000104925302596655,3.74610452860742e-05,0,0.00342186846339766,0,0,0.0476157423587516,0,0.00103054063633592,0.0316562257879659,0.635769599287724,9.52836948903385,1.01731463314176,7.2704433438678,1.1124272509092,0.0831789716200104,0.000608743689302902,0.0192701597735903,0,0.0251263860321894,46.1730684044642,26.5706839868786,0.915494027564925,1.06997144219961,0.519791270713988,0.0155853960389512,0,0,0,0.479136502055897,0,0,16.5230763333866,0,0.0164256552226855,0,0.0144763904511094,0.00125593925564877,0.0471714606961244,629.662490400769
2022-03-01,2022,"Q1","2021/22","Q3","March",280.807838105258,86.552709886093,113.120211688537,24.9782398621577,17.6072139062889,10.572607242076,1.60146310576414,14.8195994645743,3.15498395662885,0.245437049304532,1.13472724470345,1.47267726419845,0.887705534702515,3.80482001892206,0.112049605805641,0.351053716067096,0.0366916711539274,0.335665390425695,0,0.0199814978549357,44.8750539554418,7.55948173442713,6.5018192742253,7.2943986226551,6.00136816072126,3.71810756190958,2.38607055779771,1.51575410261198,1.12832390955406,1.60362251018623,1.66080719663785,0.653501799080008,0.53856383780684,0.225940565156695,1.04102306646211,1.06194302822652,0.00489615183125244,0.10353590045955,0.0762841902892172,0.155203927762741,0.554051715751855,0.402057360373275,0.141886885644857,0.268364239839685,0.0192622622178726,0.0137291714292519,0.245056222383855,143.632214408295,84.6061675021495,6.06505355082851,47.0655261834172,0.586371983584932,2.22132150123179,1.12691636381884,0.619783391683507,0.153902372562369,0,0.197710169722999,0.178315401618298,0.811145987677305,0,86.501408773467,63.1930915865981,12.7529449516158,3.30795803996022,2.45924801527294,0.0902529049940073,0.548190789751059,0.687782243905468,0.00753716384035475,0.0603239538976304,0,0.0582371495084045,8.61360044387002e-05,1.25240418368118,2.64452645206536e-05,1.98142281003536,0.101902399137479,36.9474591610393,12.6834254328932,23.8515150576458,0.0750033489892309,0.00342967124410384,0,0.0326067693686903,0.0309229389303413,6.04463189043511e-05,0.000195694957452837,7.70690566030476e-05,0.0575709555161799,0,0.0250340394247735,0.0694159196618955,0,0,0.0769664036419685,0.0412354133901776,9.78827065409267,0.058060778199655,7.59409965893117,1.63372076214674,0.371067159801573,0.00127163943395029,0.000405390793521894,0,0.129645264786052,54.1350671757821,35.0568446363037,1.26797097707914,1.89173227247273,1.04996339208627,0.0846951153118181,0,0.000958074154633962,0.0399940122272592,0.102514191442689,0,0,14.5510324575579,0.00033396591194654,0.0221958883016777,0,0.00526430769232925,0.0105432887285725,0.0510245965114691,656.687312233377
2022-04-01,2022,"Q2","2021/22","Q4","April",258.310737624691,80.9518151335685,98.1167981392999,21.9952639409031,14.0071438293163,11.7768294555856,1.25104332093292,10.2264650390356,8.04552338962576,1.37574848475793,0.843270285423052,1.26699474600388,1.78397702306301,4.94468461106921,0.344523965115145,0.82911013452477,0.0691597598113109,0.359802638986363,0.106249945487719,0.0163337821807561,36.3389664852765,5.38145766204065,3.34001168412379,8.40185347171786,5.31827036621407,1.46143689581836,5.52842415733917,0.485201033491811,0.226247513061477,1.54748660709424,0.976818497122239,0.816628035173084,0.443145654228861,0.43435016502848,0.660252816354416,0.371613723795725,6.33949116750688e-05,0.0158130473084604,0.0533187587667031,0.174735815125254,0.110104477173681,0.128898447102459,0.190643162866854,0.0126845907271161,0.0411062487113146,0.0021528169164486,0.216247443062265,141.887458927438,102.868436834188,0.837006228939896,33.2419330108346,0.229925580462504,0.652841529487914,2.36663605816297,0.515014735696613,0.135166534912343,0.015941454139559,0.330090742033354,0.00208569397673039,0.692380524602936,0,72.1394504255089,53.8519251885771,8.20266946776488,3.00500956839707,2.41616593425927,0.261074755016023,0.445263333687483,0.560168286987886,0.00131151847358472,0.100856750726319,0.063843475067168,0.0557366021119015,0.00176554948622724,1.19923373169231,0,1.96942994831502,0.00499631494665941,41.1976181822169,10.9985483957077,28.3523397339613,1.42501940932617,0.000372847135959253,0,0.094810957125901,0.0526713315128922,2.69428868412125e-05,0.0199274278381013,0,0.0392323112044916,0,0.0262956186985061,0.0541412729771675,0.000167402438967638,0.0394526289491363,0.0328681823957175,0.061743720058076,5.34739879324307,0.201435270096813,4.68827397051263,0.300754287688254,0.09885065695156,4.43764162261889e-05,0.0220396431362198,0,0.0360005884413649,22.4001039946805,10.6129204647224,2.01099850257852,0.582277468719017,0.927950436525651,0.00274341648712167,0.00384014935890109,0.00679910894075247,0.000377898090537034,0.133086931528248,0.000282899982637343,0,8.1014456581563,0,0.00604767701267575,0,0.00538223157846989,0.00401205760488313,0.00193909339436302,577.621734433054
2022-05-01,2022,"Q2","2021/22","Q4","May",299.730602568438,87.6701365146771,98.8239757529765,29.8546556571496,38.6769227377452,10.5694097570912,1.82996180210693,8.74378212087962,6.38451690032933,0.897368057741922,1.85710652866717,4.48584211444627,2.75441646017003,5.25425631005272,0.5147362250574,0.369370367111517,0.000111758117498148,0.219723491075742,0.787649099536102,0.0366609135062818,41.7958000795552,6.95061894037963,4.56461421539959,6.08859628142616,4.46331777237417,1.85613016243293,3.85142083265871,2.02117188085021,0.884178894518028,1.11958039923067,1.55380576861218,1.51752992227806,0.445043587013772,0.505804980487544,1.73162898506159,0.746092058844491,9.77885830159524e-05,0.113261117849164,0.0643646485758365,0.932519578505745,1.04798619085284,0.0970616195650083,0.401197749320639,0.638027098094213,0.00550912279256403,0.0047439717729831,0.191496512075429,123.214305003057,84.7372147364408,0.264281044276575,24.8550968826823,1.3680844649394,0.266455266048836,0.800091741558773,0.175535788108639,0.00691501533399705,5.01269245746493e-05,0.240101224854939,0,10.5002173948288,0.000261317059109289,95.7564544897541,71.5568734603234,13.8324732444438,1.99685926108171,3.44631678587641,0.0920801330167078,1.05857317834075,0.593915827582876,0.000442927159125041,0.0540878293716765,0.0120057901295613,0.0519480439926941,0.00475219055452131,1.32565345205475,0,1.71265731406127,0.0178150517648491,49.5150889216783,9.8466436608504,38.8449042528862,0.0290774977410428,0.560470720113498,0,0.0230530136991509,4.43745601951512e-05,0.000109294923210464,5.6832107753841e-05,0,0.0448755971639784,0,0,0.137457358085937,0,0,0.0113262019619467,0.0170701175850381,5.33702644054826,0.0573372007058602,4.29456483175864,0.743241231592627,0.187903694732484,0.000511129389459582,0.000525921907079951,0,0.0529424304621202,29.0731145837563,11.0923458000497,0.466108024831555,1.10821959853152,8.2000997136999,0.000130658414452107,0,0.000509485955439042,0.0253165221206484,0.288026814103757,0,0,7.86923662195945,0,0.0010354069416987,0,0,0,0.022085937148223,644.422392086787
2022-06-01,2022,"Q2","2021/22","Q4","June",323.41026588061,99.4975254144251,146.917999431959,34.2827848249845,12.8900925331323,8.58892402329803,0.421514695252435,6.99251347198151,3.19181242573925,0.360386176865429,2.03544332902694,0.886349053791177,0.870089643472073,4.72995957495239,0.360166841159108,1.04947171326468,0.00366866306319817,0.103399809214199,0.0971103604350154,0.131053894593366,48.640130728337,5.81053847310135,5.84990991080943,5.04799118230955,5.2534451772122,1.9742518692431,4.11886030039289,1.96075216031368,0.854790023923798,5.75631372165526,1.50122751596291,3.73779495424475,0.433180205753915,0.543966339817632,2.50239835436023,0.756784908443476,0,0.0558841508616478,0.0479027771532029,0.145517973833389,1.17892931073425,0.0699946451747497,0.0961317095256609,0.67407790056495,0.0472382249843828,0.000835647248435537,0.22141329071215,169.44460884438,133.155425425622,0.282299500620909,21.0168079179558,1.56511997408967,0.02269972491942,0.638290834363781,0.310997827659217,0.0820405512182082,0,0.460885063779003,0.0862335988707293,11.8238084252819,0,101.751514619706,81.1078566357597,9.38058877582244,1.72003790359856,3.83039703793014,0.165642025223577,1.0477604916589,0.977967763615652,0.00227335166767908,0.0514445394509013,0.0155402918519743,0.152935450423599,0.0438520407353246,1.62270899802002,0,1.49320783892489,0.139301475022913,39.1131579665178,5.24968086967421,33.2920484382312,0.0276710271835481,0.00109571011579236,0,0.0535655145924046,0.182259634410748,0,0,0,0.0384549509614815,0.0071452365772446,0.0101953795403474,0.0201471433569521,0.00160207630540981,0.000328943047689004,0.117278691351453,0.111684351169387,10.0991105808518,0.144897450389762,4.32088688185886,4.91201769923163,0.696194547133677,0.0166084828730182,6.06692031552789e-05,0,0.00844485016169362,37.780030417232,16.8371206258866,1.13747372314793,8.12297145871273,5.70182126033292,0.0448846498455642,0.0866844651956678,0,0,0.386587302081238,0,0,5.04642024307518,0,0.00118346124013844,0.0869159866884926,0.0311622011518713,0,0.296805039873656,730.238819037635
2022-07-01,2022,"Q3","2022/23","Q1","July",284.712546854322,69.2632553729614,116.685660137406,28.1504295072761,24.2035047266693,16.9307327067179,0.856307847343937,6.03733421860552,4.11592279297216,0.742087242535518,9.26830546015825,3.92347882482034,0.832668154001582,1.96524807235725,0.364410625931664,0.885420085527922,0.102271289318479,0.227809368329509,0.127967021015335,0.0297334003735931,60.6361839882119,7.97074649592919,5.90697434489732,13.3118472193413,6.15008511472176,1.57482820960598,4.37423789679401,2.56444355836706,0.717783493749088,3.15045990815824,2.01969115110365,3.01263320855082,0.965362676327836,0.666852450732358,1.18207458193551,4.26503712474533,0.000157659414280075,1.27792546491513,0.0218155453122324,0.0480365445883607,0.179183624150215,0.437391867927747,0.129201021167811,0.271414061796933,0.113132107747072,0.0203360145543703,0.304532641678285,178.555101338703,110.889397446756,1.34025068286713,29.4484948651978,0.652161232514579,0.384754716069409,1.63423269051341,0.501561005945533,0.137986005492674,0.000175434829863488,0.410693125228127,0,33.1552138358621,0.000180297427091526,84.9347116082762,64.4339940115784,7.30388183921184,1.37008849971676,6.77299442185359,0.200695866796479,1.32983822498193,0.966122105810411,0.00734121929288111,0.00112286695020052,0.0334706575058679,0.0380082100667516,0.00590130742840633,1.02012024796126,0,1.35611993265797,0.0950121964634537,29.2944884757088,11.5223348077548,14.9893950266046,0.0665904217336183,0.00219396062616436,0.000986381079132756,0.232543292641053,4.12338454041084e-05,0,3.23404477273597e-05,0,0.00200431160461573,0,0,0.138502471848958,0,0.075593978590754,0.0484871555649552,2.21578309336701,10.2885608487391,0.200150859762112,5.8389593241861,2.13737385554717,2.10522146096921,0.000489956430379848,0,0,0.00636539184414452,24.4346569848101,11.0237009054237,0.672338988760232,0.893134359986976,7.38121492123422,4.67143856189565e-05,0.0277879269039884,0,7.30795952017911e-05,0.241348875527192,0.0063370937913486,0,4.08040890224461,0,0.0161291274343674,0,0.000643573235015843,0,0.0914925162876766,672.856250098772
2022-08-01,2022,"Q3","2022/23","Q1","August",325.044351559656,75.5732194358609,135.702061509168,28.9636631151557,12.3365958842421,13.6304665834028,3.1493983558151,10.7651801121473,3.55367945038917,0.423291491679877,8.10638867107897,1.01408828363436,28.1245659021398,2.24943060684895,0.714696638584009,0.509026173507277,0.000138423803222869,0.22831284092052,0,0.000148081277866325,62.936494383818,9.01118829016886,4.33499904213084,24.2594620711586,3.87224942222443,1.77297533377667,4.02290024709296,1.56924721364754,0.523291857034368,4.30266296115174,0.840936685256938,2.07171591916833,0.349703464986629,0.0974732144949773,1.0592226040453,0.496237080419268,0.000334897077307922,1.29812038324274,0.509161299194087,0.680311940522966,0.680367479052365,0.0622138261425482,0.347946264738152,0.00231517834785152,0.0182601357604891,0.484900747574053,0.268296825407924,157.004815758175,100.390288930558,8.16500311192178,28.2197528862714,0.425620962399039,0.692601279379786,2.16796595198935,0.498843846958603,0.111429306043123,4.62659497962852e-05,0.22753558590155,0.191181506903005,15.9145461238988,0,209.695187573993,57.5882277563557,10.8317438571717,3.31024372806731,7.06240334936304,0.0429384838975048,1.38992366186254,1.0301226172633,0.000177637933496278,0.0249999213181603,125.669007895095,0.0408107772951708,0.0388350757210763,1.29215906063445,0,1.36529685366093,0.00829689835321664,25.7155405940991,10.5511161594314,14.6556404587505,0.0172042592945159,0.106297794515331,0,0.0249672061232505,0,0.00326281852348262,4.52859908833766e-05,0.000300669283733894,0,0,0.0818220453241485,0.00853777876059724,0,0.0484500710988676,0.0545256841801203,0.163370362822263,9.03083264452526,0.000608747652182512,6.17384407692317,0.903424548908639,0.261560193598328,0.0272587292295384,1.63120723580524,0,0.0329291124081708,25.9509204181331,16.9939413951718,3.66839990759043,0.781293846716716,3.59312359701712,0.149641246531126,0.00719527579740468,0.000893841524976807,0.0458488437814341,0.172364450146861,0,0,0.331638182835992,0,0.0390083131963302,0.019478729629337,0.00163029567180156,0,0.146462492521752,815.378142932399
2022-09-01,2022,"Q3","2022/23","Q1","September",314.117875269437,84.0378368251948,142.751631362672,26.7630761689072,17.1205866375397,7.17607502030275,2.23586534124313,11.0848216866586,4.98849960994748,0.692481638469174,6.06611111329773,0.764745178827609,6.66595365869483,2.51938431041401,0.527793042933717,0.554136828282835,0,0.15412782282458,0.0137651206507592,0.000983902576404698,53.011592421542,9.9481371902632,3.36833028719214,9.35162282258278,4.44215383199152,2.07134600312458,6.99589491085248,2.78137352754403,0.393113168902688,3.17637141138332,2.51752085295634,0.445122989746124,0.592203326391694,1.32615003025239,1.4391982540091,0.90457125777107,0.00116030997978404,1.12385671015801,0.00762721234874392,0.13873740807931,0.0156556460417067,0.295313829820591,0.0723879493095089,1.16983257637423,0.0606164881119378,0.00123895385236595,0.37205547250238,130.087971367466,90.8090486054175,3.80169286679797,24.3799599681955,0.72576629539852,1.0236368530743,1.87417340982378,1.98057185895253,0.237339839431359,0,0.0155697278169626,0,5.20087277627248,0.0393391662854141,98.8766296617716,69.6373326575715,8.35786192431218,1.1316326803904,5.656097794656,0.071461677405095,1.14675002528222,0.837223117903733,0.000835668604164867,0.0855061952829034,9.80690709237344,0.0929180590294138,0.00151865182031027,0.823188623008377,0.000118948554262934,1.2196420596524,0.00763448592518201,40.6974387234562,11.6844744914043,25.2927452596916,0.0187199410002138,0.240335273560984,0,0.2684711519022,0.000166079413543394,0.000236469194503747,0.0159973988297589,0.00517089750439025,0.245780968590642,0,0,0.00101719353229453,0,7.63066160567686e-05,0.00144391604542954,2.9228033761704,6.43706024614753,0.0652300424401738,3.46685565512449,2.50092011143375,0.295129185386102,0.0264968535433792,0.0133633886861926,0,0.069065009533437,31.3592441081578,13.7377941248761,2.22790697231764,1.78505686285255,11.436300397163,0.0793722516603435,0,0.000768303267476198,0.127065180991381,1.15302756794923,0,0,0.0193302544922722,0,0.00404503762304484,0.000185077089154013,0,0,0.788392077875556,674.587811797979
2022-10-01,2022,"Q4","2022/23","Q2","October",324.058957132118,58.016267382386,154.854007722191,21.7084527108101,20.3922167073362,8.61160883114206,2.96942781064722,7.9403439570716,4.19134245057,1.3227649483276,19.1211016137176,1.0912924192649,4.43331424971108,17.6229085431593,0.400003739927878,0.451519315514975,0.0641444305481614,0.266281577592931,0.0270553742013351,0.574903347997738,89.9470841457424,6.34925537910809,4.37375506435096,31.6479847748101,7.176257111674,14.223084599804,7.98121531498347,1.05568369526278,0.311708994058352,4.63686642593728,1.03195465820924,0.762040277324597,0.276282157599049,0.483291320663158,5.58774240512304,0.303423372199851,0.000224033512757167,0.761476283188574,0.0407468247640667,0.143342508099522,0.0164104853012462,0.0246082380360434,0.496307014050733,0.0319968030127011,2.0256224440384,0,0.205803960630314,118.441914247984,100.357582750042,1.38466893376006,13.1760191839926,0.121999877752205,0.154046005042371,0.795476858115844,0.168542114487625,0.774957415518373,0,0.307983765258019,0.00112648681454541,1.16679182515681,0.0327190320435208,79.8019608602457,59.2413625128095,7.96009299085271,2.21320684152665,5.75443975593571,0.154440257680969,1.02096946366408,0.902077499101721,0.0368662329786594,0.149536825353126,0.0839363218240341,0.151813303642474,0.00125009127163031,0.84795172789547,4.21379080324826e-05,1.2731121715745,0.0108627262263773,21.6088604980312,8.30330180910307,12.5711437011639,0.0149427234709846,0.00674276581907244,0.00185547249550587,0.0159155700956838,0,0,0,0,0.0181138037042183,0,0.000128520628642035,0.0190532581572649,0.000142566597986197,3.20107957699968e-05,0,0.657488295999057,7.7086083984011,1.82524737484684,4.2842507760269,1.24705740923797,0.166622430226935,0.0108266409602842,0.0335582734546303,0,0.141045493647537,14.3139654092341,9.50509786140763,1.17154385563808,1.35969736111417,1.85638596322245,0.00587056512114339,0.00680105842958639,0,0,0.243576109700535,0.00237868499072031,0,0.0263713075350917,0,0.0844603730035505,0,0.0172744353887733,0.00846122149553051,0.0260466121868076,655.881350691756
2022-11-01,2022,"Q4","2022/23","Q2","November",289.103604376488,65.8319714918637,133.861560255652,24.4348971465256,13.4350445488453,8.96262899406162,2.75354932663465,15.8866506894085,5.14476281383248,0.658282877360352,6.48415871982414,1.54794893158858,0.555173987506374,6.41123455674193,1.01767899640239,0.739801344799086,0.00179770598795608,0.166652847093236,1.1711475663486,0.0386615760109457,70.207895958568,15.8540713304631,5.72822202090924,4.66039024440811,4.7292302716068,4.81233375188333,11.8011344443211,1.2163452434308,0.939631079450191,2.82549716376517,0.86817770393958,0.453054956160478,0.259819176634085,0.613935309509893,10.310752008226,0.182981087143172,0,0.886795018061628,0.0273861724150285,0.563558323039363,0.0556613476040412,0.0493381560758662,0.203663515989882,0.410979893125902,2.61678749889041,0.00249946319752454,0.135650778317257,137.954398782673,115.086278947321,1.19368694333232,15.1325679689777,1.01289311645276,0.0576904964335949,1.6926919178915,0.241015272564245,0.0782043651163821,0,0.356374166357752,0.215389091976765,2.82543552626888,0.0621709699802926,83.7648749939349,63.0990644306497,6.83021730186718,1.22303626986868,5.89268713080989,0.631837088154074,1.13304450091603,1.21316427846513,0.00300458725556047,0.114884933168657,0.0290568770331129,0.072353718358324,0.000490365063702892,1.846329098169,0,1.67259959627289,0.00310481788295192,24.0366724355317,9.66530894620875,12.166945555441,0.0124582930368997,0.000682344243635045,0,0.0143842089422603,0.000241601497295586,0,0.0233301714505748,0,0,0,0.000915542700847389,0.0042344533749294,0.00442701700283117,0,0.064188977744611,2.07955532388806,12.9937114397161,5.14664831794873,6.34021085254781,0.843315789048605,0.611479614431885,0.0279210255342671,0.00278318604585695,0,0.021352654158984,18.1454367311272,13.5258674268442,0.490644062848607,2.07244987605471,0.563997932103357,0.14509896667224,0,0,0.0267106534084775,0.956559418859298,0,0,0.0671292053729401,0.000162127312401562,0.0544616809955126,0,0.00472474058107592,0,0.237630640074369,636.206594718039
2022-12-01,2022,"Q4","2022/23","Q2","December",306.25257533369,58.7692068621648,154.739196107007,24.2438026987846,12.4999771306622,6.68466111862587,3.82916160013423,16.9340600262917,7.38015100616118,0.465706922292145,13.3271333676307,1.4867953792802,0.943955968593456,3.28324286330345,0.486807617244154,0.835612689174714,0.073275593301663,0.266830024103717,8.03440038193745e-05,0.00291801493005772,67.4004685974904,16.0177758400963,5.86559283619786,5.08525084288036,7.32879327154739,4.04326891523231,8.01153815136622,2.34894055637805,0.902088994962036,7.32421637382961,1.37351262319895,0.328529958810899,0.227355475181543,0.515624421363473,2.9302154126761,0.72277597090346,4.07368327635063e-05,0.752263500628614,0.0173277187038489,0.202014386428093,0.0456046648228478,0.154382488886542,0.0212846790472306,0.00397486682853488,2.79634613492098,0.0051208985778072,0.376628877188521,145.069686514369,129.260737976539,0.117414408667994,10.1454018227783,0.435675668661298,0.507393797791324,1.44536922485964,0.24544557384409,0.0526647493940263,0.0874126689356552,0.413319064873838,0.202935589240116,2.15591596878372,0,90.4670602240136,59.3759704083742,5.73132848848567,1.22581852365887,8.57828023070263,0.296984655691515,1.2133014218919,0.234397920193471,0.000827091989446497,0.123998142290039,9.88133099782015,0.112409825321969,0.0194947982333966,1.40810804541734,0,2.256964234538,0.00784543940492864,35.0305570083598,14.2376425105767,20.1748675638106,0.00187395949624615,0.313449276115489,0,0.0262155141661519,0,0,0.00447355421759974,0.00020568081965154,0,7.23096034374372e-05,4.7402898550703e-05,0.0157876827491897,0,0.0369887732003278,0.0750750441763052,0.14385773652957,15.9736424080699,6.63290713774942,6.37577911367238,2.15201490564299,0.750422602256661,0.00203993419327119,6.51787200791839e-05,0,0.0604135358350875,14.3926594082501,10.4687530362459,0.934876749638814,1.04991813669975,0.37310628875912,8.39177268531244e-05,0,0.0122829911765005,0.0437053412361288,1.21933705888835,0.113782374280572,0,0.04713333408743,0,0.000824329224375867,0,0.00339453405519735,0,0.12546131623118,674.586649494243
2023-01-01,2023,"Q1","2022/23","Q3","January",309.392357109695,80.3415278627754,136.422711444115,24.5493990917509,13.8643632767976,4.17228571764227,3.13204540087896,12.9550025983568,6.1171541564035,0.66042800377404,20.5778117527108,1.49614033205773,1.28589760046747,2.92369954497232,0.446221504821439,0.12455228931491,0.121391522374106,0.111058964463626,0,0.0906660460184317,61.7728178722884,8.99991799114414,4.98161510644773,14.1093794645585,5.84056499197186,2.84434587316892,12.1307552051708,1.63439835636186,2.31837459264706,2.21789304233716,1.33331738548164,0.131816126412457,0.798946810178013,0.281828752206283,1.5234119639658,0.537982606276428,0.000100501007103271,0.155850218816127,0.074400903484615,0.101184378557184,0.0469099211935541,0.0456310441019471,0.0943432632546325,0.31670739482556,1.1361561750006,0.0101078558620317,0.106877947856349,139.570929213082,121.85420705813,0.451393048529804,12.0750203095161,1.06994166153197,0.544407188738128,0.425976837535313,0.212038561265883,0.0594328685401,0,0.501507867447274,0.186609941302402,2.19039387054541,0,93.024046128354,72.1987166918877,7.51873124343541,2.13262246364858,5.94740171337405,0.225585394976506,1.35268440652707,0.762678840836652,0.00115426603732713,0.115822519878377,0.107767602858166,0.152541620726801,0.000245218142422202,0.932332674212952,0.00210646465742784,1.56185919532101,0.0117958118335305,23.0823779295399,11.1936644995071,10.4288637362789,9.96952106982951e-05,0.00896131943851969,0.00335537134730251,0.0195265803035481,0,0.000152758853473434,0,1.52759070085371e-05,0.0638586730192552,0.000325617561788423,0.00033569954777585,0.00858971299642463,0.000448130890523449,0,0.0554734061668326,1.29870745251072,9.59686532450799,1.78756904535072,5.03879471562986,2.11828796583184,0.526635433505025,0.00598493279495049,0.000114167270809287,0,0.119479064124783,15.3681724710113,11.6191594660591,0.633363738856583,1.49353942755414,0.388724113423062,0.127992210990278,0.0219751718181412,0,0.025910762906135,0.328670000837716,0.150193280032524,0,0.0225988073317879,0,0.0482903030719797,0.190718681358706,0.00400549912481203,0.0190053840406154,0.294025623605686,651.807566048478
2023-02-01,2023,"Q1","2022/23","Q3","February",283.558207291863,82.3284171656921,134.36979876375,19.5178876110869,9.95966248208303,1.47732938813766,0,14.7995997667291,2.2837777408392,2.68268815393055,12.7653485047064,0.950029509345182,0.718136555171559,1.01567662687322,0.233572173513899,0.399737411577215,0,0.0405119415356415,0,0.0160334968915582,72.4090894664715,6.97647943100177,4.24205186486566,19.5081273811494,4.91160732320792,9.2619794912088,17.8439065574241,0.786348125230347,0.87132105142989,0,2.64198609449002,0.0764430019945178,0.354233611867782,0.192207481735945,2.11695801192697,0.517079272679031,0,0.0206615522363097,0.012256980382575,0.0139668629023289,0.0463235893256857,0.00550697947044262,0.0789821271611067,0.526948871610597,1.23462374441898,0.003627434391789,0.165462624359558,124.206146142655,105.666494637022,0.153860783364228,6.23217784870878,0.00109974350487221,0.0389388284344772,0.422663385827023,0.104305761540762,0.00124133928307407,0,0.0513391019284205,0,11.5340247130423,0,79.8854909432794,70.257627825991,3.89990143118861,1.28249676670378,0,0.0404576862085161,0.0649841976330522,0.300703086583537,0,0.0778716983379175,0.000161088767277055,0.0666022104121222,0,0.812391945318766,0.000110986322515577,3.08179451907664,0.000387500735628399,37.5395440894293,15.7879446634282,13.9544702394561,0.228794059283213,0.0291476941198569,0,0.161753055908708,0,0,0,0,0,0,0,0,0.00124660706865999,0,0.0277560937081527,7.3484316764564,28.3001816776992,2.56941468000307,22.1024356225879,3.37580489088048,0.0576532447334887,0.0190262267169561,0.0289356013008085,0,0.146911411476571,18.0734245799938,6.23773654436472,7.27418484639105,1.68244296563798,0.0754913917711719,0.0195278850856872,0,0,0.0185143580921393,2.57086394151434,0.097845655244411,0,0.0335108940509179,0,0.0314103981371444,0,0,0,0.03189569970427,643.972084191392
2023-03-01,2023,"Q1","2022/23","Q3","March",316.714850172456,88.8400158699962,116.642595951896,25.7348828845085,7.35951984094626,3.3590837188302,4.72208143521807,16.5454452762394,5.10852524775342,0.878748276040817,2.56037917954515,2.89997538581789,1.93732418711564,38.2069500344514,0.574754595020975,0.864074570784318,0.00321970593459694,0.133516681273204,0.000706945268958983,0.343050385815099,44.8189406523715,10.0602301202529,5.45507829604876,5.58922710633317,4.4330275940042,2.14563425102396,4.12105819524458,1.75943918612195,2.69016021865,3.21664678017242,0.862896698722235,0.52767777646623,0.200491971012625,0.472023851798313,1.43089717284975,0.159703921706627,7.36648040825194e-05,0.231658298721143,0.00212622142967076,0.0324537966787241,0.00659093891050852,0.0483108277296035,0.137051234817268,0.0503265012452436,0.0497396037459065,0.000194138421660677,1.13622228546002,71.9290545093973,41.9979087755138,0.000438864380502161,21.5762180616181,0.160346594211254,0.00412213387705979,0.724148708662174,0.177749884008468,0.34868187968029,0.000388718499643702,0.143875397853323,0,6.79517549109266,0,97.282389677918,69.4874845735375,8.55195193043727,1.89843197647964,4.31935541741941,0.812767302557357,0.48218526087321,0.0326969642309699,0.0532634331475192,0.0555349029587313,0.200751328664162,0.0189719860926931,9.52615316694641,0.957525128022343,5.45663847898913e-05,0.885261740166022,0,75.6266939670233,18.7850077825223,31.6526565621889,0.152003614900891,0.000898875188964826,0,0.0116857895198252,0.000261064243375348,0,0.000258143861784518,0.000368623837066139,9.36619348711113e-05,6.87155847307948,0.0187517721639594,0.013707782569904,0.000727096246552557,0,0.00135349766692992,18.1173612270984,7.26573873831941,0.413254609835866,3.43364787564217,3.17719784749825,0.101854917731253,0.0443241533797012,0,0,0.0954593342321711,25.4027085385351,11.3690495333553,1.02536432738736,3.50917179960063,0.867605699006993,0.00284908898140295,0,0,0.0603407902753183,0.147846619830133,0,0,8.08032626887809,9.34359646839588e-05,0.0137190611407158,0.0758234753726062,0,0.00326045933784862,0.247257979404021,639.040376256021
2023-04-01,2023,"Q2","2022/23","Q4","April",218.756345572699,65.2955465121345,89.1114585981807,17.5311587646768,9.06677694088331,8.81216269773506,3.77055393093695,7.51805456724952,6.63288010879986,0.853371218519164,6.08929864332659,1.04999988695699,0.608438017673309,1.12444890964485,0.400340213513286,0.669386149778067,0.0709747127289844,0.0059707611857385,0.098723166334224,0.0468017724415216,33.722428918322,5.37374463268084,4.81212112454314,5.39677097820403,2.36943391296679,1.72080834076151,3.57964840706955,0.672369140894526,0.505936262911435,1.79448622318569,0.735047300173594,0.434546091565457,0.350044324762864,1.02631145012223,1.87796024402442,0.731063684600411,6.61696533207161e-05,0.44386997210708,0.0350810748768696,0.724131786571767,0.0213518820954269,0.0127894293212454,0.195642981944308,0.804902295664676,0.0503859158164068,0.00419786179226105,0.0497174300121416,95.9166257114639,52.2688564386765,0.158640630575198,30.3364288807901,0.732474639826787,0.244113906120529,1.43106138710788,0.114464253493513,0.0657973225295909,0,0.138516360340656,0.0403248659980519,10.385947026005,0,189.166648608547,57.0300962140379,3.79246080090574,0.491475137399705,25.6052690331729,0.0362220470511969,0.753716823359837,0.209528714873296,0.00118672519458165,7.67042193623814,90.7770857032064,0.0368173958855688,0.000274155766252848,0.885168326227775,0.000218161578786963,1.87393984597488,0.00276758767404992,106.595283162832,21.1754433838273,83.5192254413798,0.00909465070039054,1.58043608979812,0,0.0211947625631595,0,0.00249485748546641,0,0.0848720420206508,0.0364814037158852,0,0,0.0115059657930752,0.00372708934140309,0,6.51228774521185e-05,0.150742353329434,7.3255738637119,3.54820270704367,2.6945479119023,0.707559666773718,0.211243150326451,0.00135416477498479,0.0210433241910798,0,0.141622938699697,10.2454771563532,5.81410484929708,0.643165210013525,1.14728294124816,0.333155601150518,1.64773124977782,0,0,0.0593896870599971,0.484802107840842,0,9.11719590870984e-05,0.0134550377086486,0,0.0530777351916244,0,0,0.00660459472278383,0.0426169703831058,661.72838299393
2023-05-01,2023,"Q2","2022/23","Q4","May",288.016494754941,52.1862706084916,138.706239370652,24.7892912718489,13.5582575663799,5.75957181304961,2.38408560834118,28.3346840217823,5.5822480141878,1.6366697332111,5.2319210071709,4.19148154905249,3.71914371620986,1.40481001409823,0.26071407492127,0.0896364880007328,0,0.104689616167934,0.076691511660427,8.87697150216791e-05,78.0978475658039,11.8700814598554,6.79520452812953,7.64445081524577,4.4200316965654,16.5583165112816,5.3844814045661,4.8151236703144,0.784277297424887,7.22714702834642,2.37401657564566,0.630468862576113,1.02833865066448,0.349740073608538,2.18650906179185,0.56770278601398,0,0.0381561242917158,0.0364196176798189,0.0212974962995941,0.0359165726618096,0.0323121929007776,0.0750876689509121,0.0974238890097542,1.06390546698987,3.97767816851367,0.083759946475826,89.0069919869661,50.513260888508,0.238611081196331,30.6256998149661,1.05474789869317,0.889545562888771,2.11379140664277,0.158115191448378,0.0143731425030605,0,0.773733302686547,0,2.62511369743303,0,269.023674857303,118.215028860825,7.44004476485053,1.76649660435489,1.38948323918292,0.700952781416103,0.273701931469197,0.182192979016332,0,0.102861680331986,0,1.06629928777719,23.7735374361303,0.456695683544788,0,113.629636854369,0.0267427540350415,133.230479965308,10.9493566179982,90.2504053802547,0.0218982262597662,0.000454244129144098,0,0.0485674296708941,0.000279615454230738,0,0.531443885965657,0,0,10.7097147310063,0,0,0,0,0.00187178187745263,20.7164880526917,7.80564759227447,0.950504775729291,4.81309654320573,1.41371890124235,0.46146604527935,0.0272929033874973,0.0277469479220039,0,0.111821475508237,27.2395902554908,12.6761833214382,3.04448944178695,1.01379813731052,0.337324211288867,0.0100348366271078,0.000340608248869017,0,0.440789620960066,0.37862851440882,0.000134310558141289,0,8.62534116216034,0,0.047175157277114,0,0.0177456099282208,0,0.647605323497608,892.420726978088
2023-06-01,2023,"Q2","2022/23","Q4","June",324.372922700833,75.0321744576955,166.139904810268,29.2924788876656,16.8549908696169,4.5165262878188,2.25974365834489,9.80941965943815,6.84511278795318,0.562772889284146,6.05732658250782,1.00605003478188,0.507393948788881,4.63121471874949,0.155923579441084,0.593069743807499,0,0.0508294284212448,0.0162586147183476,0.0417317415315658,57.7300798282693,14.017878507767,7.09870250396595,4.64372137528532,3.73091386437389,7.04040045470783,5.93580073958164,2.68498072676033,0.331150374957775,3.5823815170534,1.59313903366236,0.257652444758364,0.454678637279797,0.599811650016083,1.64141655178297,1.35739537778471,0.00141434950635469,0.10809472541472,0.0971255567759585,0.107974915863252,0.0247381805352938,0.0170114140119853,0.199290126945502,0.141335800181423,1.82113359774195,1.15960855889321e-05,0.241925805469851,134.978816661288,93.9189804188759,0.325985561632265,27.7263000426533,0.413471402834255,0.115578185064886,0.819539331204884,0.164966879051483,0.0833605080672018,0,0.0972303625884021,0.000371077628218783,11.3130328916875,0,101.481803575145,79.3584472693736,9.24344367769345,1.72492836115037,5.81028227969824,0.00220566269680139,0.906932801716816,0.179439022746085,0.000161614099287925,0.0717917989287975,0.0194831252173091,0.015696345424216,0.0479764840609154,1.366333451712,9.27695102465871e-06,2.73372152238762,0.000950881288514042,227.398206334652,28.9247973626526,147.829875536239,0.0220049086367987,13.8632412696883,0.000262846670520287,0.273375993505125,8.27192391887939e-05,0,0,3.7778965211975,5.06812125642635,5.73185022372897,0.0266828067537315,0.0340112887259323,0,0.00438352962577183,0.0697814751953914,21.7718385963668,10.2009471050993,5.42254334479364,2.74262975165393,1.84379637341065,0.0648929483353138,0.0197455863629237,0.0150177037181565,1.15960855889321e-05,0.0923098007390811,23.2039385199142,16.0567485118205,0.987371928678933,3.64655879614633,0.544149891536914,0.111159637477198,0.0322393022442811,8.04001046245205e-05,0.103877790635659,1.58665954680566,0,0,0.0221273699626863,0.00432305525619909,0.0283166458255729,0.00972892325304495,0,0,0.070596720166577,879.3667147252
2023-07-01,2023,"Q3","2023/24","Q1","July",284.87990232934,56.6740653368584,153.178422786553,29.3340970665015,13.1633863610577,3.66727782263117,2.19561823011257,8.08797271993196,4.14877628304586,0.387328704240004,7.71368169118235,1.33692953065813,0.640448433296233,2.93951546571523,0.637806908085381,0.480978146907365,0.0403048874193847,0.197585038212487,0.0316328756172541,0.0240740413135336,51.7418046934055,11.2588627459272,7.27395587435152,5.18795776256736,2.69989621332823,2.49222172371137,4.02474679971571,2.28102444163265,0.618531177444991,7.519616526073,1.21855624196548,0.111019501793456,0.473764362354035,0.683855623910166,1.10244458241191,1.73984748342005,8.03049164189417e-05,0.0183904080016439,0.0772749178697187,0.518500680784802,0.00297965402440717,0.109816536596623,0.586376013480642,0.178083107220441,1.48611408176238,0.00948115047495733,0.068406777666361,147.817522736126,110.905588352032,10.515123312433,19.1832679318899,0.00916306365083205,1.01142436744109,1.07096682458008,0.725899432838821,0.0737879702338993,0,0.25870640919412,0.183873142248658,3.87972192958379,0,112.095640083813,92.0768067843573,5.63274452908912,0.0119635559053957,6.87513045798137,0.681678018576247,1.82731579515168,0.0118077027830783,0.000357879731884923,0.128903263320891,0.0797020933626492,0.0912371087149268,0.000828372328409278,1.66775634975623,0.000160854945135232,3.00668792413722,0.00255939367108385,178.551779668067,25.4413753821638,112.09926495849,0.0493108877059312,10.5395668452153,0,0.0214962795396672,0,0.0033840816552736,0.0327739911441104,4.50544198261844,7.5594738936214,10.0764268683036,0.000107236630090155,0.427915853789305,0,0,0.00122479551081541,7.79401661167923,8.71844985894543,4.38703646601039,3.31478344931811,0.649106541938293,0.275939036918996,0,0.0280916386805834,0,0.0634927260790505,20.6012440956599,15.3838531128288,1.34186600539852,2.48316384725166,0.600564576265222,0.0554306140936011,0.000123322124603678,0.00100566511698547,0.0134267920632166,0.483182776240036,0.0024536200550185,0,0.151802932674618,0,0.000340782690907928,0.0581666801127585,0,0.00246849530756386,0.0233948734363762,804.406343465356
2023-08-01,2023,"Q3","2023/24","Q1","August",321.94876449607,70.4347030386577,164.393652547445,36.0618469388013,12.3257863582902,3.58324333734929,2.04422518304289,10.4209502367694,3.82693950969953,0.221204416941058,11.3296209019447,1.45620463852454,0.690336382641759,3.18868567455689,0.579132190793523,0.925322978151254,0,0.332339419446636,0.0889001738452525,0.045670569168998,54.7675102888956,11.1522506253796,6.64980465676674,6.85134892002591,2.373030865217,3.46275739505914,5.37630071915115,1.38684916526639,0.204974878087767,8.35135964619184,1.6543732097084,0.912995351146304,0.364818316735403,0.655615131469356,1.25660546890632,0.463808965366672,0.00618345150830903,0.0252085389713273,0.0599457691335918,0.477479891670816,0.27413774472075,0.257143077894351,0.553739100916599,1.29576421881727,0.46221754805028,0.00354090559911833,0.235256727135171,186.995246329622,142.246312278204,2.9882307851687,29.9824583895437,0.160001486265117,0.406573106927176,8.93967723456334,0.362948951046006,0.14256932124029,0.00730405974522844,0.0417654326080458,0.178472872301834,1.53893241200878,0,102.991478319931,78.1517488463376,6.21650590939345,4.08789013467419,5.46763845620561,0.118425709462776,1.39929029043991,0.100423826014066,0,0.10417242322077,0.254228864469854,0.255600350735686,0.000447755423535823,4.07889711896821,0,2.74948811217137,0.00672052241363291,269.586173466768,23.3928378586513,179.973898977682,0.00201850484743059,20.4417159717472,0,0.0440929616271946,0.000408624017062892,0,0.000169319379065927,10.7206731027961,11.206231831634,12.243517620833,0.0124167507205672,0.0116905587052177,0,0,0.0698548626410251,11.4666465214872,8.10500245570996,3.11617261825703,3.25762926054808,0.80045949353273,0.547371195884962,0.188750978779205,0.000286533779984395,0,0.194332374927969,21.881873235086,14.8525171135955,1.17501032479675,4.81842474242186,0.498089260212056,0.015793210853469,0.008733515715137,0.000216728748019211,0.186826808656406,0.152975113634636,0.00485532583776169,0,0.072873959649439,0.00414794746707961,0.013164615026613,0.014353921586449,0.00017308197974124,0.0331329951608672,0.0305845697443056,966.276048592083
2023-09-01,2023,"Q3","2023/24","Q1","September",308.022336420774,63.4759843990332,160.23517245601,30.0231087435068,11.9356148366948,2.3386786332979,1.33825425374699,10.505620050207,6.69290990498473,0.748970162232826,14.4692972882428,1.70824845340262,0.652936195884528,2.58512056157117,0.477828952883794,0.626679449863872,0.00991951059070996,0.141734520919326,0.0217134796834318,0.0345445680177684,49.6086165670405,7.31238456895349,7.02722874434557,4.33306159366524,13.8744973957399,2.23842485911814,1.69320666045117,1.4808294655612,0.455211399759135,2.9721918748022,1.2177143525378,0.49792549801895,0.199277000365352,0.776219674213412,1.63997868159672,1.97525999565343,0.00130586994228444,0.122869806424288,0.0780116372933384,0.0573931542432883,0.0305826707374516,0.0936076584223335,0.593975018748544,0.0825368498974813,0.0714663397967948,0.000282416356706447,0.783173380396368,160.427248652548,122.661190349519,3.44161054963407,26.941198695319,0.240623660529107,0.867456688319681,1.84887556747291,0.261925667062076,0.15421388830588,3.63938604003153e-05,2.79455573775058,0.650726227283265,0.564835227492565,0,110.162161683114,70.4788540177979,6.57711161155207,1.9373610307687,20.8784649815053,0.110831540530124,4.2870182094593,0.0212816738076884,0.00148573371739298,0.185337769122612,1.08959048259158,0.107020229895136,0.0387029198246604,1.90943016227979,0.0164843947673502,2.5073849078327,0.0158020176611942,218.646148416223,23.0840894006716,128.73534546528,1.12313824718477,33.2985667658403,0,0.17322181930143,0.0549864500931617,0,0.000683069088340745,11.957524121329,4.98568887226412,13.4955551183785,0.0416286222592903,0.00074263855715502,0.0586967459308365,0.438176505594701,0.00186191717647836,1.19624265727339,12.2968274285843,1.16512229818585,5.47267809192239,1.42341799064707,0.295278878654114,0.0457681181743109,0.0138409126539013,0,3.88072113834671,16.7398408959852,8.97195664942256,1.11093258826082,1.58726224760069,0.567234424331945,0.0694036668063759,1.99156639528336,0.00223326557160026,0.0063101130920418,1.42163900658485,0,0,0.0834656794420831,0,0.066874402692398,0.00470790978138479,0.0227562884861523,0,0.833498258628969,875.903180064269
2023-10-01,2023,"Q4","2023/24","Q2","October",365.344859619604,106.690394843068,159.350805318877,33.4581646098544,18.864651786418,3.51233131524217,1.37752779301073,11.1596333706953,3.82620227525022,0.298937956767479,16.472927451652,1.28755976465816,2.8732284027758,4.48506704472783,0.810748643312527,0.496225059767132,0.060101181218954,0.320313121496373,0,3.96808121844015e-05,49.099709499133,6.75204329946718,6.02052620193345,6.25887144655475,6.91425664873428,3.05354598962025,5.58236567200781,2.07857722901584,0.785418841800555,3.81128131979417,1.14856222504008,0.416369491750521,0.265166051493526,0.603717540245889,0.782839377557991,1.73048731585608,0.0273253404961417,0.249399041477412,0.0172526428450378,0.624817741458705,0.0461393746706946,0.00704839844629825,0.705122696643091,0.0991677025754775,0.167834025683212,0.00359200807330606,0.947981875891269,129.526884399916,87.8435967743905,2.49592593175892,35.9947303095622,0.142350964267204,0.426793275427265,1.13831407382449,0.188360577051937,0.166425802388626,0,0.159438189082016,0.00167793359747879,0.943287702428216,0.0259828661367089,93.1145345821696,69.7307534360342,9.69538084656959,1.9646378096277,5.57765547618317,0.105698553514877,0.89471819193418,0.00148276844976764,0.00596607849685145,0.122452177707775,0.0671916808993432,0.0043577758322513,0.00653357528916127,2.10652518814243,0.000153864717142841,2.82834989625618,0.00267726251497995,233.758046016277,26.3083896376088,150.136084012687,0.0112037695434361,26.5774130593634,0,0.166223913658643,0.151063529716496,1.51174448715833e-05,0.000289813221546841,11.2555275814649,8.69126888171359,9.3192486650589,0.063626066598603,0.00147548012175067,0.117198589731656,0.0538914689396421,0.0439516006935536,0.861174828710411,4.6913144450043,0.000542602680819791,3.90943863330092,0.442236851269755,0.291498605912443,0.016726900762201,0.0171537899763709,0,0.0137170611017847,21.1847469785943,11.4147468301235,1.57723748140771,6.58972312581886,1.03542400664912,0.0422943512309156,0,0,0.00269468632792311,0.430978503115372,0,0,0.0149675524567293,0,0.00989650371747728,0.0347280418153786,1.61962702072907e-06,0.00608975778956138,0.0259645185146649,896.720095540698
2023-11-01,2023,"Q4","2023/24","Q2","November",275.539805509132,78.8510558315243,129.441792126826,12.3816493719528,10.6192899854815,7.94284940475609,0.566656362927176,11.1629995862644,2.20808554478414,1.32851945389053,11.9510308250164,1.43423372469952,1.0277689713044,5.29868111235696,0.222267258274508,0.736238711522368,0.0247420956735001,0.341278649320438,0.000260843015436745,0.000405649541268877,33.5867678904779,7.8036719599566,3.15070619699492,3.68000830396298,4.54872891991302,2.73644099604475,2.91816667485061,0.981708653354648,0.347096835264485,0.485790158753382,0.864484439426185,1.42915721952359,1.20422420262048,0.593665067252596,1.07732930362816,0.581752136417919,0.0277471697899294,0.0167175348542113,0.0235662459629414,0.124987724524298,0.60153422205902,0.0877594570366726,0.034423627280094,0.0465962774251915,0.0668349459320861,0.0202681956493387,0.133401421999796,119.931358386532,84.1906148286103,16.7359843903657,9.29349564734085,0.322645437782699,0.0972318047366783,0.943993662204273,0.583232478309681,0.0826305804398357,0,0.202446679759451,0.208737172469976,7.27034570451258,0,61.1591967151135,38.9563292676846,6.26625557347132,2.91464100520143,5.39404602165175,0.00110378116828565,1.53533647850795,0.174556918982521,1.0036476646622e-05,0.515837664308009,0.0167507598628076,0.00543032441409614,0.000956344694543521,2.20603345781311,0.000127114148983076,3.16859422280479,0.00318774392262631,331.651546507723,29.9576525537214,192.056515618479,0.051038381559482,0.109500072855887,0,0.196053475628732,0.000505938221570007,0.0460178132319924,6.45532668816877e-05,20.0865342468961,19.7006889844045,23.1160349907322,0.000266979560560066,0.000143451704181528,0,0.0422677338250615,0.001992384780299,46.286269328855,4.45299065954855,0.118365412082923,2.60643935830488,1.00173831431651,0.320430159649529,0.0121025421094483,0.305093658260091,0.00160028345553616,0.087220931369636,75.066986072858,9.61683190740047,1.46905766989921,3.35537692723376,0.640765394118586,0.0339797159815043,0.0588032444057447,0,0.0462034030551338,0.410863612238919,59.1521807222119,0,0.00491367513194725,0.00200274518115656,0.0225522018051605,0.207638794649214,6.85380364422856e-05,0.0156433286456044,0.0301041928631796,901.388651741384
2023-12-01,2023,"Q4","2023/24","Q2","December",364.263254352601,72.4291138483695,157.506452765527,34.0574441379431,27.1463817876744,4.0797335068984,28.3773179946004,8.74328951244846,5.98761465099682,0.686625246429009,19.9111618287747,0.731914592996248,0.7178551240852,2.63301076987143,0.48517322631293,0.489008179628493,0.0138306031200511,0.26723313013735,0,9.34467877059417e-05,46.690516533385,7.93246524481203,5.31355730765108,13.4206595433633,2.49218766632363,1.81978495203409,2.03352638827122,2.02174287438885,1.24894594759987,2.34418071693407,1.54973686391385,0.223585548024669,0.611071741746834,1.57568588545842,1.52022997934188,1.48866281135383,0.000172855646892646,0.0797949203173382,0.0257606393644554,0.0599105134636636,0.025006691365889,0.0380767445766392,0.172571343371534,0.194490372498611,0.276496826824408,0.00618118377540791,0.216030970962541,91.2836095370279,70.8909819872225,1.35002076003416,15.7240311105158,0.221682459529223,0.668840743465021,0.732045804719769,0.137669807756029,0.0735708526841932,0,0.420367828102595,0.0221293436430806,1.0359686171724,0.00630022218317387,83.172478870921,62.501454936252,8.16505132821436,3.11140696963656,3.58844696815657,0.0761599931370304,1.07862963275841,1.3215221883276,0.000596069899630394,0.0954790931468306,0.00100444521970744,0.0695366935175465,0.015044032680917,1.22922830864007,0,1.90237040374954,0.0165478075842046,261.94784896989,26.2856934679983,141.461857899306,0.053686974748995,27.5466752318062,0,0.182743688207706,0.124035001476831,0,0.000146890473694877,4.70260885502846,10.0734807987813,15.4136036125011,0.0331784777167368,0.000989878581066033,0.00208267835008171,0.0207262458383472,0.0174249640478735,36.0289143050272,10.8406824411931,0.204799852075942,4.90271246473177,2.5855757235359,0.146866710080466,0.0141153747850542,0,0,2.986612315984,30.7897764204586,24.4859814089869,1.70842487219113,2.31884947106655,0.501536443648182,0.114900176698694,0,0,0.00451010878316376,0.45475708319109,1.55051055566815e-05,3.26424157617901e-05,1.18666344681565,0,0.00221830729141255,0.00980560456691156,0,0,0.00208134969765868,888.988167125477
2024-01-01,2024,"Q1","2023/24","Q3","January",360.014687115719,63.663853087892,166.130720224791,23.1489572191888,21.5352428406815,4.89952324063202,32.1075855085544,7.23415688473576,5.19390357975368,0.453114876351942,30.1952382908395,0.514732647486188,0.470741485253506,3.14145748262322,0.32641054007945,0.735592378038034,0.00272130130904884,0.260707970036069,0,2.75574729526088e-05,53.1466850675203,6.8298005599583,5.27070673001844,17.6040996878827,2.65990708569225,0.942144130941279,1.92734526853393,2.12710473480417,0.536991803837173,2.98838412994954,1.34731410097486,0.242610722526245,0.408374213564682,2.41593188349648,3.19854359530682,2.21806508096609,6.96592403865675e-05,0.0509932942258617,0.00785709149391119,0.636114645758077,0.0228895496548914,0.0253873291494707,0.144094999219208,1.05193669136703,0.296712749311417,0.00114822656443464,0.192157103082695,76.9636699464167,59.5767879585068,1.07189867147072,14.1207241232564,0.400443071583235,0.413582084593598,0.478175601175831,0.124613398188893,0.0436732529964315,0,0.311762282196579,0.0136799936762417,0.407080236396641,0.00124927237541355,62.5503117956673,48.6261398889582,6.86902517401731,3.37683157620442,0.562370520489125,0.050501380436555,0.530217210412166,0.911653950079589,0.000272512867661399,0.233058383909422,0.000710370637413321,0.0347723577359686,0.00394741341736297,0.69351376690005,0,0.654450448649259,0.00284684095275994,158.866646583332,17.5504734921321,83.0770859220032,0.0829499521054948,26.4777541301481,0,0.144657990608306,0.10906026040914,0,0.000122477612862381,6.73987452878402,9.74908091921053,14.5928248229199,0.0245552465859498,0.00150151322686705,0.000812586169926396,0.0101740912702237,0.00529434932201853,0.300424300823784,11.6211714842038,0.131100492099149,5.44107463652816,2.50868932025167,0.140205564447677,0.00344329342074766,0,0,3.39665817745637,20.5521533649318,13.4922666064882,0.924475270860018,4.21131546456149,0.296889156792505,0.108721917253888,0,0,0.00094001631240888,0.367265498726681,1.69160316047303e-05,0,1.11107274655393,0,0.000887962995009454,5.28678606558791e-07,0,0,0.0383012796774697,743.715325357791
2024-02-01,2024,"Q1","2023/24","Q3","February",345.675578353128,82.2248788106629,170.372684905463,25.2159216562795,32.5988382477592,7.17272560627974,1.15058018992751,6.94832553755115,2.84234886147323,0.414125491966182,11.2151042831264,1.52249723934016,1.17918236967556,1.56308197683517,0.127257649473822,0.853196844773911,5.24184702259097e-05,0.267060806291961,0.00683347535664985,0.000881982421094904,64.7701656690345,10.2678994291624,4.83786923992298,22.7909163194778,3.78791969049205,1.20481637400229,5.08921831358763,1.93727079524187,0.513277156978522,3.23410374465202,1.80076597073763,0.400286728603253,0.460303342935705,0.550680753947999,1.03797935876481,0.192826939024285,0.0218417876129279,0.264320427891846,0.0238683195807686,0.158792799084785,0.0165210128034194,0.0121458665656911,2.89233232629931,2.41629340239757,0.0171329810748343,0,0.840782588192081,110.026199940814,67.7872932429947,9.0766960327849,8.40721514625926,0.318496024504542,0.555684629288739,1.54342773992062,0.171206262645771,0.197085023137134,0.00541737990295833,0.0411051893941801,0.253391295283878,21.6691819746973,0,96.3491705135327,77.153657865706,6.08613940021942,4.38709923601947,2.74556252307761,0.122277114029744,1.03615254236823,0.0708797214582667,0.0319275644918249,0.101657901543682,0,0.164248759443968,0.00116734225291926,1.9344028407732,0.000213645628232806,2.49946938485723,0.0143146716629662,249.134625497328,20.85208241888,127.574581879879,0.0449656026170917,7.9587241710923,0.0170598621633898,0.259068675210512,0.000397904851846112,0.00040882861018088,0,12.7301649990416,12.4424884488408,22.712719832874,0.0367432648068619,0.00135811753367076,0.000355981244388273,0,0.13750322094949,44.3660022887328,5.54428862209442,0.252209593956148,4.04388744494804,1.11796894378752,0.0842281279465491,0.00201587165020006,0.0004885054073621,0,0.0434901343986008,22.2570292214009,18.3396830533202,0.802793734678998,1.970519313966,0.475716756712896,0.000868083381413616,0.0449846635581602,0.00203483335986444,0.000868345368928219,0.464601830851001,0,0,0.100969112691609,0,0.0451358440554942,0,0,0.00532772287616966,0.00352592658015741,893.757057817332
2024-03-01,2024,"Q1","2023/24","Q3","March",366.054610942144,73.0170771802118,211.513123587493,20.3891011370534,26.8461292069353,6.9071746720817,0.718460961067607,7.11141110282074,2.81270027547371,0.472384830402338,10.0521501262006,1.60929471656658,1.5592598296287,1.75688419614705,0.119985964939874,0.851530366981176,0.000111270591058302,0.312058976343332,0.00455274853735934,0.00121979266881872,65.2773029428783,9.54157055421645,3.41378263750648,22.6884079240918,5.0676694727838,1.47158579225109,5.0326104505515,1.89559169977586,0.231608360047076,3.6672246555599,1.9020717264999,0.412590265421677,0.530151523432222,0.576618609657826,1.28406860179287,0.244519176671721,0.0188435758119686,0.0161798461264877,0.0297002976584906,0.152386547532752,0.0119842312321871,0.00515967083982633,3.1910477305949,3.12631423329034,0.0046057017735772,0,0.761009657757521,102.336884341088,62.0579275551822,8.21448764026545,9.08822145020885,0.330435503142739,0.506504349056642,1.29462445411899,0.230805400925509,0.260000301213244,0.00422622921698287,0.0450881345018163,0.308157238080953,19.9964060851747,0,96.2064203784918,74.9343030827205,5.78199629575824,5.10644786029539,3.04012621598648,0.117312627898406,1.01397939513754,0.0757061931388465,0.488071712887668,0.125537774538919,0,0.203125463030926,0.00116040330575385,2.04232592427777,0.000322763659685639,2.74984065514653,0.526164010709196,325.319519882327,15.335063520821,210.024440918965,0.0669131033244918,8.35631189945394,0.0129326393161864,0.161219765721416,0.000572925023791365,0.000726809911342031,0,10.9660108766217,10.7926375511356,20.5532169845652,0.0394616982656244,0.00127132535598437,0.000467967640441215,0,0.123084916722773,48.8851869794828,13.3571706111747,0.278573426210366,4.85210638512981,8.10344481833294,0.101830273448203,0.00193421399655307,0.000763885102590275,0,0.0185176089542377,13.2319904268774,9.06978271031167,0.798721820633707,2.28524113964114,0.539181826955786,0.000826028833454108,0.0714885809539232,0.00230669426867445,0.00113074172847866,0.277250454581158,0,0,0.10339305003609,0,0.0746089854573262,0,0,0.00387862977906562,0.00417976369694471,981.783899524982
2024-04-01,2024,"Q2","2023/24","Q4","April",280.472904987037,75.0416002237934,133.286934651881,27.6796115930172,11.4593895651691,4.95065537106753,1.91822125591919,10.2293103548282,4.33120076242956,0.60735630898627,4.90532222890268,1.24105457518648,1.38767622433247,1.89964709314886,0.519594878167632,0.690456054281705,0.103016940153637,0.196104014375159,0.0207892175026499,0.00496367389468336,85.6344294920098,6.51599012136407,6.66115318295574,27.8980293860729,11.0347443997801,3.61504191461387,16.6672941382245,1.40565416494519,0.602807004330931,3.97584158490321,0.864363909831004,0.25827874806069,0.468301619600742,0.698473801460031,1.59077434696079,1.46079816825745,0.000189536203391908,0.34521847839996,0.0373123540977336,0.209828718673376,0.00520003258413161,0.00994648620198696,0.49924348909741,0.012745026141546,0.0254887222983376,0,0.771710156950672,124.894365907143,87.6104041168871,20.5946101896162,10.7755207279736,0.00289495715973699,0.946691088148489,1.45126405353624,0.217690596192409,0.000482657862292324,0,0.177488927502242,0.266313512390323,2.85100507987455,0,107.437512983529,87.5548326079305,8.2864846363018,1.37897282789052,3.36418443135954,0.258706749318941,0.814111659814614,0.58453229558842,0,0.187180785050944,0.0201749173272364,0.113917316923164,0.00249698478877119,2.02669837036594,0.0230570483880079,2.58431257919263,0.237849773287655,283.407126919586,22.2890024612328,157.649285382356,0.0526454481112535,25.754255785064,0,0.337216944071937,0.000155631126986965,0,0.0523463972573296,17.5032529052883,11.2515428617708,16.9003048547911,0.03796435776571,0,0,0.0418840460055007,0.102242877513904,31.4350269672296,6.16781399914557,0.0686894299263473,2.75056798726166,3.18729603308538,0.0870394180848892,0.00204579952759906,0.000332886293942601,0,0.0718424449657559,26.9743092318834,12.4330030804712,0.647676751816359,2.67382027908887,0.346682141392191,0.00601213768499624,0.0648719528317738,0,0.000206555001942195,0.408538496261147,0.00423543937415917,0,9.26740825375956,0,0.0211597518051943,1.09319985098109,0,0,0.00749454141490694,914.988463520333
2024-05-01,2024,"Q2","2023/24","Q4","May",295.914233551568,74.376128646098,139.568363460529,29.8709867525427,10.4700236796205,8.25883126233139,1.61071618140678,8.61083347079437,5.98751493678975,0.557215977077597,11.0596809374521,1.50064076960804,1.12098324880943,1.77638602869467,0.247246811311266,0.718463805356452,0,0.141022454035375,0.000216650909897439,0.0389784782009012,62.9302806178562,10.1344708085392,6.18099630621819,11.0880433726747,12.3494421684012,4.95756804042725,2.48725857608096,2.20535223311109,1.2210831047017,5.5695064148689,1.64086224654657,0.121319090634104,0.764631462479518,0.411826711112245,1.13464160596683,0.904871964710142,0,0.421138381689911,0.0155343072552081,0.0583387695416036,0.00541985953246372,0.0657741338715671,0.957571224048007,0.0642819870361139,0.11395450615031,0.00653112516483315,0.0498622170935946,167.982813507068,121.454493160685,18.7420922523479,10.3299490252272,0.0264127881749647,0.694515310645941,1.75503383706257,0.177063687485102,0.0286101860621946,0.00090606511568095,0.629783318576608,0.122045377078501,14.0219084986063,0,90.2704076477776,74.2729183918425,6.27646537939807,1.58508313018831,3.01289777067819,0.00740520369500308,0.730487716849921,0.470595799299528,3.7028433791936e-05,0.104776537468355,0.0191404299273121,0.16686823701005,0.0010213542895165,1.15967631764383,0.000224388442393775,2.44563279780703,0.0171771648037918,369.980774099023,25.1896971135384,230.079660444496,0.0142741998285229,23.9325523728073,0.000471989482276563,0.141039680682056,0.00213938096639333,0,0.00842539889985795,31.8651067570516,14.8883821703966,14.3487039740217,1.85701182311263e-05,0.00338903923339565,0,0.0383968232482741,0.166001803434411,29.3025143808188,3.59373515963652,7.55675466790642e-05,2.79849837172142,0.293799726293851,0.473216445240273,0.0181887482593481,4.99135934079961e-05,0,0.00990638698154129,16.404667634071,9.2937453292838,1.84603027325418,1.11473089840812,0.466219055404828,0.0618906082253349,0.00178195371378648,0,0.00451192860046576,0.447064955087325,3.48189968333101e-05,0,2.02361964996263,0,0.0603287368803928,1.0623967251598,0,0,0.0223127010935456,1007.076912217
2024-06-01,2024,"Q2","2023/24","Q4","June",328.931643352998,84.0131316088958,152.808235390242,30.1856391481172,17.1449181113253,10.9191082247791,3.47468983603583,8.26091959416474,3.61618164112441,0.360033647937514,12.2231887542386,1.07702714734388,1.09160244599333,2.48635619170291,0.258370729367566,0.614217585415922,0.0397386436785761,0.286499443677488,0.0651482350154724,0.00663697394218404,59.842190214345,9.46464414456932,5.704814728273,8.31966627726249,8.49973191158427,5.75301558346304,3.56351649952952,2.82463574247836,0.845834440478934,4.9904374866363,1.27639075329773,3.87554631677798,0.742246585820099,0.327825006429431,1.26527098476033,1.45089374961064,0.0165835130785213,0.119558101640277,0.273709787936164,0.096825399921497,0.0151031635684448,0.0143184441194308,0.180531650568968,0.0795994150423177,0.0661070494519209,7.72320864295474e-05,0.0753062459596228,162.983990855607,121.311411368626,19.4982702350954,9.60578602872781,0.148835447474373,0.237369885044954,3.24703342897133,0.237794680914472,0.0636253099015582,0.00238347201276119,0.254880973483098,0.355337542617607,8.02126248273826,0,102.13974220562,83.6666344835218,7.58120293412393,3.29271242352271,2.86436805766799,0.125148497480212,0.762914356773489,0.123606540697156,0.000272148741577456,0.196456122157387,0.000778016401624037,0.0521883912273302,0.00724420367843725,0.957757034195012,3.97245335460197e-05,2.5001124684733,0.00830680242451686,264.848523027883,35.842700986531,104.009420567849,0.000257678097155171,2.64501278031437,1.04600397847149e-05,0.114830997311661,0.000230402377935558,0.00512446482743655,0,43.177444051399,10.4576454641853,36.4518596297495,0.0206837342865615,0.0171655669685124,6.19702056368757e-05,0.0294774075717571,0.279149447538447,31.7974474186307,5.90946680682697,0.16695525304542,3.04781069939768,2.02749347456875,0.512077362311279,0.00345094413752976,0.00105979658214776,0,0.150619276784174,22.7359234431056,14.4795257166744,0.691673173992498,2.3259033243035,0.479790714129909,0.0111236638835565,0,0.00137764683171283,0.0161040777111036,1.63676186417269,0,0,1.72746215541039,0,0.0547104434311687,1.30262975156786,0,0,0.00886091099686954,947.391479906387
2024-07-01,2024,"Q3","2024/25","Q1","July",376.458606119387,70.1940410759804,206.464117351947,31.1491071457717,22.2119753363461,6.52611921721134,2.01915424911292,9.94776256306862,3.61627409207439,1.32645517866021,16.1280730209244,1.37831445848947,0.935818771032456,3.14941627734272,0.281657177039435,0.752756244358935,0.0307206193890853,0.344831174722893,0.000602441200508187,0.00140972471389522,44.2858406068941,8.34649065282805,7.09052550136801,4.72534878409772,5.58548238418471,4.37389957820261,4.333114722979,1.96448181122114,0.332369754886946,0.434573607421827,1.09376444489125,1.35996639746241,1.26604889420902,0.490430351399684,1.1497205935474,0.504656348349229,0.0285241166440224,0.0231199270355787,0.0270734768032228,0.17144140120378,0.546687814606565,0.132919561504102,0.0424780471222446,0.0478469899388429,0.0684967743173089,0.0255668965935332,0.120811774075862,144.019854396673,91.4832664606155,32.5006956011829,10.4390942368957,0.299927079592497,0.135021784699625,0.931535064083583,0.442345355324777,0.0796945068520365,0,0.205912056439196,0.254475559245703,7.24788669174176,0,101.824365070384,80.5823924240717,6.91845322625006,3.95893202545784,3.78319263621351,0.0023414761835069,0.972175024550448,0.183606711986969,7.4469170958932e-05,0.216926774927995,0.0237369976273864,0.0105891894000661,0.00165738452873836,2.10628427312823,0.000394992523375769,3.05443645525632,0.00917100910717548,355.111511914662,59.8417058776054,112.565965522939,0.0161984867496907,0.155761839910237,0,0.204002593985275,0.00150132393760695,0.0029546668135645,0.000114229799087571,36.4878681441861,32.8080914981136,47.5224503588692,0.000673064504711535,0.000460867702771846,0,0.0416223593652371,0.00465443632530709,65.4574866438555,4.88574467019647,0.169220416968871,3.7317277055431,0.523375987969076,0.328603303112667,0.0113609230217411,0.0111563444704246,0.00408710083037263,0.10621288828022,20.4192079985799,11.5141592225448,1.8434970838378,4.39225389908775,0.591225859909919,0.0326908303393348,0.0634402718252098,0,0.0455745878249599,1.60092637040944,1.26149279927799e-05,0,0.00952597070907388,0.00475979240206946,0.0261169634148049,0.25357824824417,0.000167148577188582,0.0168811058399073,0.0243980286854602,1047.00513077678
2024-08-01,2024,"Q3","2024/25","Q1","August",408.089507158791,148.263725677501,171.055898489567,29.9185021449613,11.5240633586707,5.51974758450319,1.23073316597581,11.038988243241,5.87833922717594,0.408853023012295,16.2682412289969,0.925401378698732,1.01841752684152,2.75472788079009,0.44230420720207,1.35461308683236,0.0328137978288992,0.447609085082023,0.000175952247923978,0.00635209966282714,54.0754072693532,11.4467844536254,6.20068435530244,7.95759060414526,5.90154762534071,2.91273017434005,3.62694109472721,1.62036571725439,0.43522958159852,8.20003610801383,1.08481656850865,0.361229084554547,0.225925188601811,0.453796285746723,1.0600630899488,1.50961653551127,0.178146434365545,0.00552316096536271,0.00587073269683309,0.055677358490155,0.102929003738284,0.283153586330414,0.132740150662063,0.0165675256448133,0.0956462047090033,0.000502722160068367,0.201293922371066,131.870807779331,96.5865019855798,15.3661249710011,10.1729864707286,0.56932580990949,0.48298585849019,4.09878884452874,0.266797284757242,0.0667837299564561,0,0.268757075851428,0.398886031541225,3.59286971698695,0,96.254164499903,77.9823343195327,7.86011010317418,1.52205423433694,1.8308548274088,0.0451191862211109,1.64039536451965,0.177580280729842,0.00203283176586441,0.19256468043472,0.013745187494285,0.0539099207743263,0.0053457350419009,1.83639202266582,7.69391962586811e-05,3.05926001478204,0.0323888518245903,315.621175709554,30.9812614404781,176.089646553367,0.0355572246154484,32.1712203341664,0,0.189736246221093,0,0,0.000523217081733099,32.0326056852644,23.0540534330291,20.4542768618604,0.00376431942223261,0.0264868030737954,0.0111307075690306,0.0863573232727062,0.385603865834713,0.0989516942973127,4.23874932804921,0.169541093050559,2.21318206253238,1.21686731264794,0.565726365757181,0.0594817845171235,0.0136830122143479,0,0.000267697329675931,17.3877466909639,9.63630029104626,1.10921312188511,3.72870877249178,0.558302543486401,1.05192637894549,0,0,0.0328866975974804,0.603750898203155,0.000143876363141052,0,0.356085310686572,0,0.0438733073983618,0.0338934392424591,0,0,0.232662053617696,1027.53755843595
2024-09-01,2024,"Q3","2024/25","Q1","September",387.488239946586,107.382261229958,184.020903959634,35.1897998210305,21.4918981722067,4.61822230651249,4.19013223930286,5.99594398375408,3.97555666723455,0.42687212275357,12.3127899622485,1.15095478079609,1.17082095407261,3.7528620566898,0.399618755707502,1.06936534628085,0.13333314302762,0.176800198656134,0.0170678691891683,0.0130363775306213,70.0962736953594,17.7668423553812,5.0542612178918,4.95148611185291,17.6210382081052,4.6046990559743,4.10419456045901,2.17478364685089,0.277351465720078,6.76884030728933,2.07841850639691,0.164704102638508,0.352654652391521,0.873701136546721,1.05669240040638,0.720953438437834,0.000212622978461381,0.0345820317409815,0.0120078589767804,0.18255377932134,0.170722793185785,0.468474451012995,0.295275014313293,0.120693515868327,0.000455488939182757,0.0109540541530399,0.229720918526708,139.804847802842,81.322633444049,43.1187482930331,9.01623589105061,0.0462464061339505,0.54004349174233,1.8158464611351,0.248237681122942,0.146849272368817,0.149152279576297,0.496842932707076,0.211487973339697,2.6873669756776,0.00515670090515032,100.715278343192,81.8264953894503,7.94234521369411,2.23907740715787,1.91806769079849,0.0168227873917338,1.22332625519565,0.05108090136479,0.00229140702389572,0.127147292474458,0.00892779524092458,0.0070338214334046,0.00784073968950845,1.60811652365366,0.026139055313569,3.65148094622918,0.0590851170801246,294.052996074577,37.9287868668789,166.320971875115,0.0135051186047106,14.2920877704813,0.000644192347133439,0.0427979465309839,0,0,0,30.736907355575,23.4677160947466,20.9456838423545,0.0872876762263447,0.000398371790532707,0.000706734887645338,0.0323598005600898,0.0282268958964007,0.15491553258187,5.59351771664661,0.0512977830569902,4.83972317342102,0.383854210953473,0.256719983944359,0.0161065017330942,0.00032015222160393,0,0.0454959113160638,17.835079231838,13.7451775602785,0.558988379556012,1.67723765408624,0.967855085975028,0.184861756946499,0,0,0.00609176797615849,0.391277435551748,0,0,0.119975881070927,0.000932695844378203,0.0014864591391942,0.136835953032765,0,0,0.0443586023805621,1015.58623281104
2024-10-01,2024,"Q4","2024/25","Q2","October",448.351778135056,110.508797156292,230.191819196023,40.3314883149111,21.5996265069435,4.8935012674656,2.55570667886462,5.47329398214762,6.45843195298414,0.548096444384297,13.8510172543098,4.33683951104297,2.29352712131355,3.5834689171935,0.568613824613122,0.590194708202144,0.0600872258016375,0.116213490846409,0.241516507984599,0.149538073731365,63.5873457787508,8.9000533583968,11.4568190043217,11.2104462651153,9.32386267870071,4.36202229565517,6.69171818241131,2.04252949801014,0.36841953917589,2.91810101298266,1.58135408990599,0.128025185539358,0.555993100240124,0.357384364081067,1.21446705869448,0.46070881968089,0.00262881594159859,0.378549516214657,0.0594575539368685,0.244018608859523,0.15205987512991,0.00218530570621475,0.436836445856498,0.305625148406357,0.176625914241502,0.0284123834105154,0.229041758135529,120.526615608655,82.4154684706722,2.28879883286299,12.4889118308305,0.46619596834857,0.364731254565611,2.27325159035362,0.0797660695720316,0.243139602754537,0.00131844056976566,0.182020302372625,0.000750719248790847,19.7222625265033,0,84.7465979489293,65.799404228929,8.38916559655971,0.767012931563859,2.04652820239656,0.00767875540723456,1.08384529024741,0.00449756762117754,0.000762556301211877,0.121926350452142,0.0335068977554219,0.00314648677365815,0.000743018444196653,1.89394541304489,0.00583413599900851,4.5542337732713,0.0343667441625682,277.991914795702,45.0757122273273,148.492663160501,0.313869398766098,17.3528663349044,0,0.0964074976888741,0.000943243381397398,0.00988253483620865,0.00363708528998404,35.1600921280335,15.6029519272977,14.1177158391869,0.186332587317075,0.00208419935298391,0,0.0779335322000755,0.279329394251073,1.21949370536724,8.22266652349666,0.336714594181116,2.52851928238299,4.58245797133819,0.733550481673066,0.0396575014040921,0.000165020780752084,0,0.00160167173645003,17.7449476340014,10.6724828457064,0.544934255848796,3.75342546928448,0.980512663080005,6.69334518604782e-05,0,0.0010970348340875,1.72522425394521e-05,0.572230489254354,0.00124890673224424,0,0.924021613671758,4.75058960981014e-05,0.153818441313883,0.108430485400282,0.00304527599403844,0,0.0295684612905369,1021.17186642459
2024-11-01,2024,"Q4","2024/25","Q2","November",379.884743987912,70.3300343358878,201.726507118352,36.0920622425594,30.2261763802018,4.30092404005974,1.81613839102382,4.76738558079294,7.0298040081828,0.558703475127866,14.1282282380977,3.13227377662622,0.717448469840266,3.75298088442045,0.267332554420466,0.786411161581032,0.0274870321701791,0.219585991743086,0.00225208556452608,0.00300822125991992,80.822784042321,9.92852733185239,5.45048873924208,41.7760791112345,3.52182065528309,2.61307012693349,3.27976088446702,1.58336401331874,0.201633747488828,3.29375518346739,1.84217755414555,0.424429716678222,0.668863032559453,0.436932664328015,2.75090490185887,0.915032314151148,0,0.0151459733718005,0.0362468351525621,0.925502146441624,0.0136730273452069,0.0900779821255874,0.265398571366172,0.208904589984203,0.0993603313431208,0.000616564085831515,0.481018044096164,114.822594726086,62.2087462997677,0.644363436370445,8.83799149496994,0.865052038398988,1.29256661025666,1.11162560026351,0.253415567360138,0.109677905455261,0,0.376928931457798,0,39.1184931813572,0.0037336604280133,86.0920906555295,67.5564538321289,7.31209103966653,2.5734287715761,2.22785278656026,0.00539912913065329,0.866294469815612,0.0957067222589054,0.000702153010598815,0.22945282682207,0.000777890727552901,0.0158755424589232,0.0149980339473509,1.7145012117478,0.000106199837362164,3.42293933217293,0.0555107136680567,353.343389632234,46.6159771555201,189.699304301688,0.0361008937183594,17.5029372025742,0,0.0505926313199802,0.0013447172046491,0,0,14.7686894031882,29.2087827097668,53.0242375171649,0.000544274192932071,0.0222217430059537,0.0371525673223398,0,0.444537207806889,1.93096730776061,8.42993493479965,0.633060139920238,5.61301735918493,1.99410445308381,0.0632189068942573,0.00499221974266905,0.023462346923651,0,0.0980795090500934,18.7259289790673,12.1594374463626,2.48841319376987,2.39156909493332,1.16863767095199,0.00241951094454359,0,0,9.0566817385412e-05,0.415595052702575,0.00270349793182299,0,0.0714044295498401,0.0046587395441851,0.0104039162628327,0,0,0.00124850867577431,0.00934735062052297,1042.12146695795
2024-12-01,2024,"Q4","2024/25","Q2","December",380.639617266495,73.7058981700707,197.125571458487,35.4003078725414,27.498326124862,3.39833710877991,4.90319111156616,7.01377741719644,4.68969870824029,0.792773586797679,16.5759858991829,1.34947125847388,2.86836038035288,3.5829898956155,0.384906942386658,1.02783677411401,0.0244358780804967,0.272797887166069,0.000961132843235285,0.0239896597379711,85.3678826157409,7.29506661421148,8.2559398964307,32.4836411482199,7.40196243309132,2.60713608577346,4.54491367594928,0.939293316499,2.11388027381889,9.17147568686392,2.89333329788464,0.305503353224475,0.587687434999457,0.517383180814286,2.18859195010713,0.64780408823253,4.97061470157188e-05,0.0209099060272499,0.0881626343393168,0.155237707599625,0.0219731298321389,0.0342138353103763,1.70823091795777,0.99401005531314,0.0391042284097816,0,0.352378058684064,118.402750452417,55.6364975911984,0.461069373122037,10.6857095101311,0.203544383762148,0.663056321114523,2.38663715856776,0.800166247354219,6.23100763362902e-05,0,0.423905686650071,0,47.1421018704403,0,85.1591190252264,62.152552229042,8.39936031130906,1.34613691398626,2.27224649446632,0.266160547774816,0.942074168504937,0.258155350555409,0.00148701510518129,0.158441725868792,0.0130851560503166,0.0125112007032698,0.00407487828730088,2.91634686372135,0.000100474922265476,6.39807227105796,0.0183134238712716,335.497199496486,74.3725262838731,166.089449092164,0.0603658549517243,25.8783730687178,0,0.328903845713727,0.000611417750427833,0.000958017381544466,0,4.04681825717838,0.00685231233220482,64.072361849181,0.019729755565197,0.0106702775795239,3.73859784001815e-05,0,0.5022498624474,0.107292215672447,6.04989429129809,0.163979126526231,4.55437963081465,0.572233648541652,0.724900368996666,0.0303323029444577,0.000485239652067267,0.000749278651093491,0.00283469517127034,20.8362308027328,12.8990408237212,2.51573782395468,3.41061038791159,0.550338679184972,0.0272460546794031,0,0,0.0959155452886663,0.684241765742514,0,3.11551224201359e-05,0.267344618777782,0.000176804909005816,0.0434353724761303,0.00138328372836644,0,0,0.340728487236143,1031.9526939504
2025-01-01,2025,"Q1","2024/25","Q3","January",426.69713301185,129.45132995231,189.384632439237,26.1713452033417,29.6315198495638,4.86984269060015,2.86289241338473,8.74229068004442,5.09798923435329,1.71664026567666,19.3225510988693,1.51969059154284,1.9289155084799,4.40654917126428,0.392127663945601,0.759568939879654,0.0340999956461355,0.395079642514989,0.000130558855244873,0.00993711234030296,86.2152430839478,8.42463811223207,7.53881897180932,19.5797187166787,9.99413103609784,6.36519730702028,8.8313789371421,1.74760229576861,3.63497868563071,4.29628381562714,1.53870603309766,0.390541976714162,0.536647566543337,0.361428493363126,1.99130297902251,0.519244971546149,4.36139352022373e-05,0.0220644736082346,0.0233864428156999,0.234229656200953,8.67561182134827,0.220179932030219,0.0457124227446073,1.05421118877922,0.107046739871312,0.0603669886186542,0.0217699057017703,98.6418465048712,66.5064831602188,0.0562022730708698,10.8017558041881,0.146735107835722,1.46681312251918,1.32982842119549,0.746560305304531,0.0437832792477788,0,0.155377204440313,0.0151903291222483,17.3731174977282,0,94.1572969980189,74.7892208329402,7.09460434979743,3.78668676131798,2.78234337968698,0.0447458689527125,1.06105499206459,0.27780317437002,0.00333985320833657,0.18238952886396,0.108690419057876,0.0465787989480295,0.00265631214891681,1.22592581368043,0.000604473893407854,2.72514525854225,0.025507180545797,322.954938250352,85.6457522628696,134.182544708306,0.105291255621238,27.3520819027776,0,0.107114204656122,0,0.00204552375067986,0,11.2584510434644,8.68947529649011,55.2382991325033,0.0630475058849412,0.000834939705238574,0,0.0841405110122522,0.015925703373491,0.209934259936907,6.92450606053196,0.177417854616874,4.648138432965,0.553842629905927,1.42870824588687,0.010467487299363,6.20149072352759e-05,0,0.10586939495069,19.9451968859419,14.7154671708573,1.14447372427825,2.78342700115243,0.340020155904667,0.0232871766487189,0,0,0.000272373545486931,0.385724316287701,0.00132457839072434,0,0.473976547444735,0.0110947793282833,0.05553514974679,0,0.000948259355848433,0,0.00964565300090598,1055.53616079551
2025-02-01,2025,"Q1","2024/25","Q3","February",307.807397968634,68.4864098551162,159.184889448141,25.6359881543416,19.777701252272,1.73898500279075,2.80863450786626,8.27587812664753,1.93054657606657,0.277942953979624,9.43149698141418,3.28737659813733,1.15775830788259,3.44548900917482,0.632484119696142,1.54981639963944,0.0832154202953466,0.0636709608979418,0.00212318994820379,0.0369911043264431,95.2595007964948,7.91085163134628,7.79481272147074,4.84523820663039,23.648921351617,2.05000680011744,38.964171396256,1.01624706079892,1.32129949923588,0.995637362326364,0.914684840111971,0.232790925645395,0.377751703867982,0.355279388131274,3.52008858412893,0.843411417228985,3.80129442192336e-05,0.0331742791604228,0.001824624100029,0.0246705005748367,0.014444219512813,0.0117456078532377,0.134252558554589,0.144838338222258,0.0333799914722788,0.000480649085906725,0.0694591261006376,100.125045134366,57.3617762486576,11.0757267554551,6.77810942740642,0.308486972581059,19.2281879374778,2.7943535017632,0.908758358633197,0.0230841416531867,0,0.132534151215084,0.0497163015775713,1.45535450223044,0.00895683571533716,104.618695811112,71.3426136013581,21.4915513714576,1.44855258011956,6.05635096194959,0.0136178068501788,0.849616156306747,0.221450124151638,0.00259412177921077,0.210243658812918,0.0627319071423739,0.0490666335066567,0.000497338049917408,1.33186036797989,0.000442694042000464,1.49976141565917,0.0377450719465629,319.830042028529,35.8166684456579,189.429728021035,0.0248305402447066,28.6317044213956,6.41471371446074e-05,0.0289570393535978,0,0,0,1.18791786024426e-05,5.25617209836474,30.5512426694573,0.00249302574029025,4.01556831077929e-05,0.000205112392840234,0,0.0336479278634715,30.0542765450252,5.92951435597479,0.705332216326932,4.12105859223039,0.87610710964247,0.111416954578112,0.0193998568117367,0.0685147312223031,0,0.0276848951628415,15.1042700451976,8.6291366868472,0.87495348525738,3.45845489688058,0.167665519195738,0.000114039259966284,0.0156740676687095,0,0,0.265779963597847,7.9201645825998e-07,0,1.67662181708146,0,0.0100829739416399,0,0,0,0.00578580345056518,948.674466140308
2025-03-01,2025,"Q1","2024/25","Q3","March",361.630425770617,72.0867572374067,202.568745022194,29.3516392965067,23.7773699576386,2.40805247978589,1.67372033959628,8.19798814216414,3.84151505264842,0.840476822118229,7.24203873160132,2.97033938593563,1.70245981683963,3.29197039304154,0.804495377704283,0.749577903282165,0.00739534735817579,0.113622448288742,0.000759750088989506,0.00150226641758329,49.0566047296574,9.89501578660902,6.50620357583735,6.56825644524739,8.17080015952889,2.69736776941521,3.5714307457495,0.734779096716057,2.30822901700945,1.02456308470147,1.23185286778187,0.716652253528272,0.536909818830138,0.381447363215879,2.3194510413351,0.334813290315661,0.0126999532085812,0.0428479214893859,0.0279744027113319,0.0580232331550922,0.0174088611573898,0.0438756267795153,0.138899638887687,1.18022164103327,0.0552723252766306,0.00783433267001032,0.473774477467281,146.340563813213,97.2056264148349,20.0256387621751,11.684720037133,0.505543753152633,0.912351832824936,1.80508238796914,0.0511193514629157,0.186053119338938,0,0.479058718315984,0.244152142820228,13.2412172931849,0,179.259677013235,129.264576374857,21.6746833588504,2.17358946709327,3.74551603938429,0.0752041946499588,2.67544065064041,0.173779630889352,0.000911043688441954,0.445090583693915,0.0670489050499626,4.4603822892767,4.73848880960752e-06,12.5688603958993,0.000466909174721791,1.91864318390012,0.0154792476979324,332.131734507419,55.0963276721356,193.221659749701,0.103434198629927,16.004365957351,0,0.0246012018252772,0.000133469356332254,0,9.72771571320453e-05,14.6975118759464,20.8789176544152,24.5207944671669,0.0225544362008799,0.00743480957155136,0.00111356301802513,0,0,7.55278817494372,8.36214314253209,0.642700338732979,5.78638878187791,1.69199212917896,0.231613859530942,0.000797553169421962,0.00846548618495566,0,0.000184993856915014,20.1142648131058,13.0892508645032,0.682934053410662,2.04494333078321,0.427125771357156,0.032991473841143,0.00198237200822078,0.00636231431055541,0.00959085699443863,0.230826736730419,0.00197772724729201,0,3.46608940071666,0,0.0220579139263843,0.0505762904132893,0,0.000872933870965302,0.0466827729922486,1096.89541378978
2025-04-01,2025,"Q2","2024/25","Q4","April",389.795512582395,120.315544054077,170.541515784051,37.5484045915784,25.0710918226755,2.98829127532853,2.13651983645511,12.3424031963799,5.26242806620729,0.544264967267366,1.49930286579024,2.85044464797141,0.988517257533286,4.47433094459654,1.05322646306916,1.94611761501829,0,0.207900807436726,0.0202295198702271,0.0049788670896111,46.8013544254903,7.64941653326406,6.49912615711496,4.46132552936175,6.431915519567,1.4441344296969,4.3049483308664,2.33656279068813,1.13485115275134,2.97672865753521,1.94961321980744,0.115739632882458,0.389804892867343,0.0837242859816881,3.75704944925813,1.31430896083981,0.00101828682428432,0.239645888766936,0.0326372714427074,0.104120093049139,0.0169139385292096,0.0469369178297319,0.0868505096526613,1.21689520385966,0.0121096651346643,8.98329726702129e-05,0.194887274945975,91.4101381120043,67.6571864537447,0.835718199799911,7.51400321416017,0.609309280852448,1.48904147652693,2.28500195303425,0.117693064690933,0.0604750512278597,0,0.374304416899676,0,10.4615651991469,0.00583980192059718,179.181401718039,133.8715858265,21.2695127432148,3.73956179226423,2.92149282582143,0.00150804609154723,2.46323597759482,0.19532792931492,0.00137421309682089,0.139910647794379,0.000350374254705422,0.0117056549870237,0.00172133712580383,12.4102328549818,0.000265877157123785,2.13349507735585,0.0201205404843757,495.459318781081,47.9546988995675,252.651444398875,0.103222062669153,49.0888827796338,8.071291530904e-05,0.0754096898025744,0.149009847521188,0,0,15.640870241397,29.2315329277805,34.5379389235905,0.00560618455871048,3.53402759143689e-05,0.000580937097589442,0.0384398254407051,0.0267984873914021,65.9547675225637,4.75272132640155,0.346375626640447,3.87609138579807,0.393704971965474,0.108104972405599,0.0210602687832245,7.91294677175127e-06,0,0.00737618786196544,18.8915035038093,11.4881290091779,0.575557112640218,1.43386310360374,0.92212599788634,0.0064694403304722,7.99214060725706e-05,0,0.000684499075820502,0.416065181520457,0.000273790103895537,0,3.96245672736332,0.000112364916955339,0.0357397534564715,0,0.00334513838571476,0.00125673064460525,0.0453447332973656,1226.29195044922
2025-05-01,2025,"Q2","2024/25","Q4","May",424.885417158437,118.697936270715,198.848616231804,39.1344456752218,26.1196871591882,4.10381754360823,1.78515591556415,11.1942193109654,5.91296061856247,1.05900367216312,6.56984023660443,5.00799505987585,0.665904452526131,3.38897154278862,0.61403275104328,1.10133703695083,0.000113550198202659,0.348793648610993,0.148295622887819,0.184290859159029,48.9782922053968,7.11609600470745,7.13811151239382,6.89994899716758,4.16413623168157,3.91894583378384,1.96023446216555,2.15544341231808,0.153709050633277,3.21924805826076,0.903582375482483,0.276179211729402,0.404992173166927,0.716517985193669,2.35927118752448,0.671262860789366,0.0436637754084636,0.851017774931033,0.0445378080141089,0.241972213712851,0.0576131759596679,0.117835258535387,2.21053745069521,2.82372189489775,0.0769418772779688,0,0.452771618966134,132.679887726255,109.900538565332,0.490154993605697,6.46339983024848,0.000235835043595649,1.38676577574934,2.44658989212041,0.19596002941929,0.167121563259355,0.0165370411267878,0.277396839235512,0.331551327185918,11.0036360339281,0,235.555876206207,172.436975844674,26.8543608399705,1.03994745506087,3.48341919515865,0.0778626003670093,8.07105221118301,0.114114633579722,0.000682508147424626,0.357942003561766,1.66751572645782e-05,0.00447679870103779,0.00253621949768415,20.3304923575819,0.000245363827902065,2.44181096273615,0.339940537001237,416.941628974609,72.7586359866037,220.891942518154,0.00102132060734674,39.664162766477,0.000214395709449512,0.0567104775658647,0.0185218323910326,0,0.00213457641708376,0,20.7781447852863,46.3838730383195,0.148199638174144,0.000981083537469066,0,0.0187000538524509,0.197497411409253,16.0208890901047,14.6338048508427,1.1212341008469,11.1651095260908,1.11043329379449,1.09336335911241,0.0252362186531979,0,0,0.118428352344931,26.3015065005217,13.2475607064573,0.532200512454256,2.35807630753074,2.53591546264446,0.139364231365954,0,0.00251954434041957,0.0152927305199169,0.268985995948133,0.0319941640573405,0,7.1167518727813,0.000428790988355725,0.0311374423061416,0,0.000612218364081034,0,0.020666520763322,1299.97641362227
2025-06-01,2025,"Q2","2024/25","Q4","June",436.300061277096,124.226574068705,209.284231196664,35.4458813765187,31.9041022927563,5.82650243606697,1.10051244598734,8.86500302312893,5.59911304380643,0.911067371812652,4.35474235152136,2.25920551546305,1.31615705178682,3.43067860165026,0.659471700910113,0.764264793821114,0.0266700957469643,0.293362883714353,0.0172031564536146,0.0153178705814812,65.3854558893785,8.10984124590748,6.86378453329391,6.96183280932533,8.24254922113713,2.40195600464393,2.83783390669286,1.28839372200472,12.681032251546,3.41860329709928,1.74872023970846,0.367500427620904,1.12878143236017,1.03977428175688,4.37298547891611,0.531224517212426,0.107085055546307,0.0912516220859007,0.0347115128771662,0.0732250457845329,0.0218073278007558,0.0442859869723653,0.0690416949640704,2.82963950583853,0.048984957375805,0.00614335544631623,0.0644664554611054,161.041714060649,87.9589111881299,0.105355786566525,18.5244434733779,0.0951686511106868,2.50733944179716,1.53601785153169,0.146025542222529,0.0218691284782161,0,0.157824516782357,0.250156606545108,49.7386018741065,0,230.629554020565,183.304081898342,17.2951221324503,2.44283133548615,3.89549657918381,0.157825132060452,2.65114203366482,0.120975652895202,0.000405539615690578,0.448955502713071,0.0455073231071459,0.00426110547658237,0.000198047248136923,17.1770103726849,0.0544567654021081,2.95530926136692,0.0759753388678409,471.082744103229,59.2139829951403,288.421806364227,0.0535261994755841,31.8494888009812,0,0.29886520398143,0.000134890499452066,0.000197464408894218,0.0600279745538338,7.45591158517401,28.909816946001,32.079879211376,7.87511437301218e-05,0.000625735702123273,0,0.126456105559699,0.128219703961693,22.4837261710423,23.7369506066774,0.016446598246208,20.0508125732341,1.79193242245498,1.82868368749823,0,0.00018743741132956,0,0.0488878878325849,25.0497928763159,11.2046074690456,2.53240630238544,2.00801496090024,4.66603181583195,0.021039785975165,0.0659741134410465,0,0,1.02961075842435,0.000139568690754461,0,3.26242766496239,0.00143935087444153,0.245246144369665,0,0,0,0.0128549414149517,1413.22627283391
2025-07-01,2025,"Q3","2025/26","Q1","July",377.078631583841,91.9859977590676,199.38435985852,29.8812299224914,16.2109414168961,2.76087280852828,2.85135291245252,13.7978222041559,4.51924502812929,0.660437626172766,0.120121059261498,7.66015625297436,1.22803081251776,3.29441715420342,0.543844976286658,1.79273297062474,0.00393802100826802,0.345767924413268,0,0.0373628761372492,69.1946555757699,9.23224477157103,6.88274075207656,6.01948041564671,5.28599561077302,5.05352291415937,5.94456218664914,1.68229363827176,0.373794689370222,2.4839269844538,17.5951663403567,0.430034816770389,0.577815829378119,0.264845846066631,3.68647244728635,0.615941450677957,0.17725718537514,0.271424925311684,0.0331889735810717,0.0794280416804651,0.0186512661258835,0.156400391281256,2.18990901630147,0.0469963889018321,0.0631359039880833,0.00431081236202142,0.0251139773531762,77.4451552995947,42.6099972998893,0.431230555382249,9.03192304162695,0.167201054208278,1.02331241189755,2.38524478824817,0.241859257253117,0.657677997725814,0.00336783471757222,0.771771978971129,0.136658175024385,19.975687381465,0.00922352318512951,206.138536315634,124.815318539204,23.4386919422553,2.6966183009911,3.74216453211091,0.0908303778598109,1.46182622177198,0.0771143811564388,0.000989235128407579,0.368748752044303,0.00717483147306803,0.0416736185979917,0.000529374289144434,47.3061154592654,0.000278509964997384,2.08968077786336,0.000781461657294122,506.941331722806,56.8258379065329,274.306560430885,0.0623660315428065,20.5602896711456,0,0.116035338218947,0.00133729792632199,0.0389596682131075,0.00509999145677628,34.790869599543,25.7665785334821,19.5253295262848,0.0180603369506253,0.0888399451075198,0,0,0.145862570160757,74.6893048753563,20.1972887447804,0.00684105276037038,18.4036344156096,1.10852201516834,0.607640430098392,0.0360707177461788,0.00130976446092931,0,0.0332703489366223,28.4390983646805,14.9617914719501,0.646427940392816,6.31420702843508,4.51744096864541,0.0331635088603437,0,0.00591776231860144,0.00267240046486033,0.649719591920046,0.000597487554090898,0,1.04706468466103,0,0.227878351329701,0,0.00381062066612271,0,0.0284065474823172,1285.43469760711
2025-08-01,2025,"Q3","2025/26","Q1","August",435.606458957636,73.8897848220921,252.801444508107,34.644442971149,26.8730218691961,4.64665221992096,4.14531384046126,13.9278344500695,7.00557669155004,0.880990235647121,5.2582969163555,3.75958107399169,0.726230510441031,3.9034034571444,1.17766317662074,1.56074740927269,0.0585807059307459,0.118900016477441,0.0629203265395213,0.16507375666857,95.7220803079861,8.96581936114844,5.57512492530952,6.14324092630346,8.95420944461334,2.91894993065359,2.5019004210887,0.789664700903883,0.792126223481652,6.69094889231593,43.8877507269256,0.355876964278976,0.778264437881523,0.661948557557254,3.00699765493462,0.507749657996026,0.154026205868684,0.173605535436561,0.0769742742333299,0.390225346631129,0.0733874794817534,0.144208491440572,0.649324982719493,1.32289656753797,0.0504205168391243,0.0254096915129538,0.131028390892029,122.238642878323,70.3495094628883,2.78762188523009,10.1461035600756,0.157371706919196,24.9831967303625,2.23746317381618,0.100410793859441,0.14523452146068,0,0.0464260985912632,0.746897681274685,10.5384072638451,0,220.153190500498,167.185387741724,18.9800244105638,2.73521733609028,4.13957906166929,0.0227672237161656,2.72685171724745,0.0847028654563858,0.0111510014979225,0.278048763173804,0.0626971964286404,0.00396969631570652,0.002478742254803,20.7809386255113,0.000115932504033942,3.10246852452669,0.0367916618179972,469.186746630037,69.9100759163526,232.488074380524,0.0207733397886272,21.6636107798217,0,0.122828006960271,0.00192616394571348,0.018335106465776,0.00079197116579281,17.8060625096219,19.5413375157173,43.5610601532715,0,0.00269338238163072,0.00621270679075154,0,0.03855403298572,64.0044106642429,21.3053051163299,0.412072451972892,17.99733684959,2.16075833646661,0.645465751082075,8.93242395257106e-05,0.000114446723157894,0,0.0894679562556036,22.5859205449743,9.91401373298835,1.19138242220435,4.57952629375284,5.2666888641052,0.0986905388240045,0.00246996358089042,0,0,0.442780706436699,0.000707505260267804,0,0.77543554442511,0.0128764371009897,0.192119505944843,0,0,0,0.109229030350747,1386.79834493578
2025-09-01,2025,"Q3","2025/26","Q1","September",448.554143564951,74.8521339663126,257.740258326817,40.5737849850424,23.1513447025385,2.58600541555891,3.26723977328088,16.638560129122,7.22755524368216,0.46332974743533,9.64256342602937,3.67385781404209,1.15643432780367,3.67285646685301,1.17417222528635,2.14447983263482,0.0696467816287179,0.184400421617102,0.0916684553275778,0.243851523937901,104.373251075615,12.7489451842191,9.72177359369876,5.87621595920362,8.81537054938108,35.8853735842499,3.11365830595123,1.15434983719231,0.320273255025674,4.41215406127717,10.8518148576083,0.313621779412168,0.913220960317008,0.611388907076965,3.14786424293223,2.7576982562045,0.0349191369382584,0.120405262493725,0.00368123063443625,0.511517864164178,0.0258710646941836,0.00952422092821233,0.347104583165641,2.59060308133574,0.0438984463560006,0.000421266120405106,0.0415815850337989,161.828469174131,57.6365334853305,35.8479691575247,7.9654571390781,0.20457540683287,16.7449742609911,3.37678943708452,0.381928326947455,0.0541896571140893,0,0.128974784763012,0.56704218859592,38.9200353298687,0,281.442124164784,163.891737585936,77.9252338527663,2.8211523348325,3.86690502683352,0.11251762153826,2.01189288630646,0.194484686529064,3.29999895044129e-05,0.277976619825091,0.0805374474043153,0.0675247333872686,0.0229733229760255,26.8404660484194,0.000291419101293313,3.30371212820337,0.0246854507360288,415.859314034084,37.0566093799995,185.900097812915,0.126913365180999,20.5348717501805,0,0.571076504859715,0.00694164512110122,0.00287766425407756,0.012458106863487,11.4498004558619,38.9258280480685,53.2194801133089,0.0481711947913565,0.00980230287116935,0,0.00144770353119157,0.224436865665437,67.7685011206106,13.8499063418283,0.788469806513634,9.11172019931079,3.47446977917725,0.455082955352945,0,0.000925023539473631,0,0.0192385779342075,29.4834357482613,15.3117004264742,1.40227109412982,2.58363431148489,1.59091002313167,0.0180409223300725,0.000133767186422802,0.000176630235586466,0.000940982722280874,1.36133988926898,0,0,6.96613360512495,0,0.216109734726169,0,0.000218683482851346,0.0011990268278769,0.0306266511355436,1455.39064410365
2025-10-01,2025,"Q4","2025/26","Q2","October",468.054723266712,104.706663472338,237.483566378833,37.5522075302211,23.5074510303673,3.2970280080089,3.04960578145324,27.3864480303707,6.14596899165362,0.728102538827139,11.3053129349317,5.26758446049636,0.795875558744306,4.98676796190884,0.319809076424888,1.27791175035599,0,0.230533608650408,0.00633298964141258,0.00755316348445563,69.4195132141344,11.3077565231812,9.70029084791066,9.09215091552548,9.79341481496553,2.91246363115834,2.57888421365566,1.56807263164925,0.435665788389848,4.35653498057453,1.62671971489604,0.430247682241381,0.953175068803517,0.608162875424376,3.52148839443435,4.43896732888039,0.0287859321702345,2.88595291480805,0.100150215433697,0.373178559253876,0.0618384211428287,0.0105128517408426,0.587335122420248,0.230496776206382,1.78571133527847,0.00436243175540123,0.0271932422337333,151.645872643643,79.1292392960975,32.6143658027847,10.0110576611194,0.300889399870266,21.2196548508107,2.58551424060475,0.331965199077849,2.23018767521184,0.0254728700127872,0.219669855866955,0.236104458854271,2.73169614399663,0.0100551893348819,230.519096467744,133.04881576317,43.0558002735057,2.69453589498254,7.39505738858707,0.120787748682881,2.73699066831421,0.180260317964903,0.000180705057185888,0.312419325116142,0.0654872789177523,0.0381211082938746,0.00227582310226558,37.5765555676263,0.000691631994092366,3.27234478667906,0.0187721857501897,603.538142535052,77.6597391305321,313.138282434868,0.296512715297801,38.1556250469652,0.000141343937820349,0.133796106813327,0.000317264367772033,0,0,23.0974463905217,52.2264540728001,53.4964305751476,0.00376784713969254,0.0023266158494428,0.000339860535112095,0.116875833964364,0.622895966158547,44.5871913301536,9.82693975495796,0.685631048892085,7.65102755334902,0.425537587074852,0.736586619927934,0.0221449369679326,0.0183758991474279,0,0.287636109598705,34.2734633448457,14.1041256855132,1.95756143380515,4.15757349347866,0.755148911206792,0.034873827395883,0.0974193066523356,0.00012340735493429,0,0.881708160182018,0.00193817787304664,0,12.2565016639503,0.000142138074379611,0.00387442471904774,0,0,0,0.0224727146399526,1567.27775122709
2025-11-01,2025,"Q4","2025/26","Q2","November",413.46316119731,87.7691785878028,216.587823818052,36.0954946009522,21.1482830254629,3.51189300127446,5.63797017996307,14.6251554898113,4.54809249750738,0.67697362606241,8.18224045012166,5.30692297572592,1.87352630304733,4.59709858402836,0.715155132328242,1.95807099392574,0.0353571960551519,0.0246267759423835,0.0545925734092783,0.114705385837423,65.7535785458352,7.18606504900069,5.4608849872755,9.42688120201675,11.2045522711203,3.06420232837036,2.59296494095184,2.00416946512371,0.26843629542387,5.09887335821221,2.28630232457661,0.240084028385946,0.462926953206517,2.04772921662558,2.56495531012619,7.71619399307928,0.673697957898308,0.454242293827179,0.00626571270732371,0.214969603604692,0.0355632935919159,0.0730388006784132,0.637856324084046,1.26395500500724,0.696565224622914,0.00150235232224789,0.0707002539955983,156.991022422972,72.0296164960251,26.1322221436272,10.2789606840592,0.111636356117775,32.0053471283988,3.5888482620191,0.122830981224489,0.00382422324854493,0,0.218717629913225,0.230950450662572,12.268068067676,0,213.557534529929,137.329430541573,38.5748924675028,1.23828644038578,10.1776445932952,0.0125148034619554,2.29080905332253,0.696495996797102,2.20000158669778e-05,0.437735490700234,0.00775719134265711,0.0495846996697698,0.0152756189640458,19.8670873515799,4.28791957463894e-05,2.84456034990602,0.01539505221563,533.555177853135,90.373186078105,242.414419309056,0.465015900975925,30.2023226134209,0,0.0384888431831778,0.00138477233543399,0,0,8.26448951560475,22.0261536848284,82.3572297830513,0.0162302768511818,0.00769684264236417,0.00216143681249286,0.037401234287466,0.426018262090706,56.9229792998899,8.45139523564355,1.14749730880155,5.51262147648258,0.918544603763412,0.535847800331312,3.49387811953336e-05,0.00248237409312942,0.070704079279833,0.263662654110541,27.0795343504643,15.1666043615263,0.462456174728923,2.48452051547504,0.373094450597347,0.0387922289160659,0.0773264738955488,0,0.00965781828605919,0.891630742528406,0.000505023310041216,0,7.33582404928559,0,0.163029669684803,0.0634924025299945,0.000439910406597192,0,0.0121605292936393,1418.85140413529
2025-12-01,2025,"Q4","2025/26","Q2","December",463.671550724085,77.0315170373882,259.846463034708,44.6179118679865,29.077471997843,4.78273531470898,2.81697490882038,13.281099452105,4.99051616220826,1.14422049858866,10.9774003509738,7.41459108767936,0.9662930999976,2.72395721984073,1.29421889200459,2.12580275231981,0,0.297126797820132,0,0.283250249091594,57.7912087359071,10.5572757393838,7.51716131067698,6.0234305442011,7.62800638537676,2.23030944774217,3.31400737214263,2.14878266427101,1.11037122758843,4.53840358808872,1.61376944942132,1.03395948020521,0.779308358819055,2.19821266038761,4.72161700215445,0.457834511443813,0.43722446595132,0.0917931217648363,0.015422778994728,0.0360646249606799,0.188973543006679,0.0667943556285528,0.136737132672404,0.429813209685861,0.332522065415124,0.000714987730485999,0.182698708193377,163.532389595529,78.7709307581752,1.55324781278315,54.2892771578421,0.25826389154685,4.30306584757375,0.823244342158681,0.367101082235999,1.59797938905744,0.0115854658037284,0.460270045322246,0.159073838102989,20.9383499649265,0,308.500518607312,190.529528277248,69.0819402516708,4.09806605272776,10.4306456399575,0.017295129669065,3.05729854771571,0.308663249821531,0.000106001382760881,0.443258367024335,0,0.0829889355746404,0.000452547915394736,26.7376067136104,0.000441502417422931,3.63541906055234,0.0768083300246324,560.247776942584,96.003334430746,261.362646505863,0.0721213234515431,43.8392719907595,0,0.0515176124245599,0.00109636958326694,0.0123120383405921,5.93077165259875e-05,58.2709506505277,24.944555292948,24.0267100331553,0.0534249555331024,0.00103466728413209,0.0200797596999891,0.0667791197775372,0.110619361097779,51.4112635236758,12.1025961398126,0.83857188404036,5.66548590491574,4.73606046095991,0.676890184949357,0.00199750841347642,0.0526191053266678,0,0.130971091207063,34.1436702269896,18.2743066010456,1.40946029044183,4.55879512778451,0.553143609043402,1.27443386705668,0.00292940780542723,0.00133721197284941,0.000592580930477231,0.906788330926574,0.00121254314153613,0,6.83759420369674,0.000813920960058304,0.260162457347912,0,0,0,0.0621000748359613,1599.98971097222
2026-01-01,2026,"Q1","2025/26","Q3","January",442.569644654354,98.5545976146424,231.79008727631,37.9029770566726,24.9151144843703,2.52208964234828,3.42735028999637,15.9786879777336,5.29531182282611,0.660593630506646,8.50671824882601,1.95337756227249,1.23015603179289,8.03879947562652,1.05010971335679,0.548909410545076,0.0351530507137612,0.132079952251272,0.000341783221239736,0.0271896303415872,74.5843046168845,14.1368431973275,7.63398567320988,4.48293063385147,7.4597135951444,20.57899387382,1.27905607057159,2.16532999585916,0.885041429606593,3.91658521938801,1.30719474793765,0.73605586074945,0.393850314577029,0.385847501501328,2.91916967496013,0.338730165527534,0.0489438511746775,0.520895903568243,0.0495735559063583,0.167126715606508,0.0646588392487345,0.139250238644915,0.210728760168838,1.22393240480438,3.46863471359216,0.000402623579212146,0.0708290565586764,150.686086040273,76.4620972038257,0.309475640009938,22.060060059799,0,1.10835556507287,0.692081420281954,0.151642934922158,0.146384628685486,0,0.141340081129899,0.312539524718174,49.3021089818278,0,270.929074244787,164.723374177404,55.4177282658505,2.03105716965623,3.08699580479142,0.00875547722221932,1.71195051543502,0.00106016117879709,0.000208238760027673,0.195798222319082,0,9.42301479960808,0.0014989573317604,31.2839001629968,0.000751606820657975,3.00564261546623,0.0373380699457951,328.436550931686,140.349709378058,46.1217030494511,0.688583198578229,0.578752305713381,7.19962371708009e-05,0.381559827034438,0.000784835904030269,0,0,31.9339249273025,29.0042690840576,78.9316661822161,0,0.00016693575162757,0,4.03493652324211e-05,0.232770674224121,0.212548187793243,12.1245435041617,0.690552173370017,9.59161123279334,1.29390792342197,0.382530019569644,0.0373201319017561,0.0965773559424812,0.0158945960550864,0.0161500711074127,26.5396742425155,9.72950935611133,3.03104760938987,2.31036664656183,0.796251318989296,0.0046457221208482,0,0.00629925708224141,0.00497636025620157,0.627201251372136,0.000340201230077495,0,8.39170338436574,0,0.0927969409184087,1.26327076148654,0.000653660597851918,0.0303192150414661,0.250292556991673,1305.86987823466
2026-02-01,2026,"Q1","2025/26","Q3","February",448.058785526861,107.948712662911,220.834164704153,38.7681846247058,30.9596795866488,2.14354956364847,2.98487118165657,14.3823109989593,5.83184324055323,0.353218759014882,8.32228461355264,6.56991476625751,0.898603001726554,6.23270032295355,0.692291290345608,0.896626152496324,0.104577707998334,0.0796882117551936,0.00606124029096615,0.0495028972327837,79.4638209586002,13.4691462574947,6.0238266016089,3.97595497596063,5.56947929247013,1.60007184243599,1.64871588063369,0.65156852988385,0.229041696751762,2.07185212899835,34.7000462019439,0.394711988235998,0.601523277328414,0.431787528499398,3.27374442451971,0.516550301660972,0.125069004774699,3.07301876744175,0.0277695132966835,0.05415014005443,0.0877644669300374,0.0648186246844975,0.0634620392342426,0.254016486460413,0.489758839801603,0.00147155840157775,0.0645005890938263,113.931754170476,19.587987736353,53.2324887883667,10.5302757420758,2.52911014834566,1.45893064479256,3.39254470528207,0.261642362324966,0.00518491805945944,0,0.551640211583117,0.391041099072368,21.9909078142207,0,275.123645080377,154.519466542032,74.4308001761529,2.38000488535523,3.27883660346774,0.000110303680650063,1.77735903213314,0.0466608712144394,8.70972317482881e-05,0.380069008695641,0.0100289126591049,7.01143230664873,2.18060121002428,25.9955408807492,0.00114509614127184,3.10672699958993,0.00477515460099414,474.605443215994,100.572104895847,166.000689321676,0.482235753484566,48.2544776172919,0,0.0556087540880575,0.000962268633217007,0,0,79.9468359455853,52.9231138558273,25.8792691502162,0.128689098238318,0.0800265651328443,0.00133991692289472,0.0310560784360255,0.117823454756538,0.131210539857141,17.145238594793,0.88617873481976,13.8302964931789,1.91859036924471,0.453574040751951,0.000531679930611114,0.0071898132725187,0,0.0488774635944804,26.8522314917221,9.59290881464985,2.1094689860738,2.92698333045229,1.0023169629023,0.0970186662362645,0.141797468365531,0,0.0306525405240592,0.813904852669705,0.00118397976924169,0,8.72775912120854,0,0.123117205978865,1.27135253176188,0.000546360732759643,0,0.0132206703969553,1435.18091903882
2026-03-01,2026,"Q1","2025/26","Q3","March",483.025600821676,96.9980838688896,266.240720916942,36.5695942554416,28.435696019142,4.02786869725761,3.95755597182743,14.681835824105,3.79274030145515,0.342734903379509,9.75664248301413,12.0548034360568,1.30232675580779,3.57295291123831,0.512591374073671,0.639652011726059,0,0.113766128890321,0.00571721381142515,0.0203177486168337,74.9037273443896,13.8749353769164,5.03627917906196,6.2376255339443,9.75787988686326,4.63752299658591,2.753739355675,1.72198160470103,0.423905495893627,6.71276772474592,10.0082235601638,0.413826940951617,0.683021055092858,0.592763191973177,4.34755288375252,0.403727151062282,0.331864584841329,1.41848707953047,0.0343560264392597,0.343367118408349,0.688788952933559,0.00685305853409003,0.484707385976726,2.9808782912687,0.700429244649788,0.00317335497569933,0.305070309447983,154.845421489304,87.9756464807268,15.6818823844804,9.01552137772817,0.741032256888143,27.7094537889135,1.01378430643346,0.314657227936202,0.250794042332737,0,0.115599680288005,0.0637802055958611,11.9632697379811,0,249.554883757098,173.775956152963,40.9731895922856,2.05529889766312,4.57649350386958,0.0371503701529406,1.91788922065581,0.22364549752698,0.00109699983374374,0.603916012649947,0.0207050490727526,0.0757743763298137,0.324174938020022,21.8469983019292,0.0918496225394934,2.98484738026762,0.0458978413380146,483.632137627893,47.7974759239211,135.163925276619,0.223218979924488,9.84648897932934,0,0.384706404763958,0.000356531681649394,4.31918214404144e-05,0,0,13.3839884606174,22.3896901099232,0.00342536536116653,0,0.00101603432340844,0,0.25813121568957,254.179671153917,12.0529899686617,0.484967914232007,9.29132654851332,1.62826784484948,0.439076218494304,0.0382959515770429,0.132446276671923,0,0.0386092143236402,34.3743931393846,10.0838800231015,10.6807777268022,7.17055008628541,0.611969749431573,0.00929624865194938,0.122479394870404,0.00025016010196691,0.158409698498018,1.42022521473955,0.00122523069981463,0,3.54466424079648,0,0.117225914842773,0.381339053435409,0,0.0149503784323746,0.0571500186951757,1492.38915414841
2026-04-01,2026,"Q2","2025/26","Q4","April",563.255619663877,166.732716963394,274.691931373856,40.52160897118,28.9707300436014,6.40143619475127,3.82200404163906,12.8476990195024,4.61090917333908,0.367837224818748,8.06837247929534,5.18774658446244,0.721839833137336,8.8903689752734,0.50856628298351,0.535837342223021,0.0443617839458421,0.197606411943676,0,0.134046964530142,107.477686038338,13.7631112393892,7.63195095909593,9.90045277204686,12.8574175843541,6.60413953130961,35.4056159003152,1.51862322631486,1.88918844675934,1.93310167271688,0.702440366387692,0.557636867856787,0.866870397799203,0.436887421170837,1.93678391066416,0.522483155626709,0.0319361491127998,3.01256038271768,0.951167933809127,0.167908645053815,3.4970371531721,0.145837673636485,1.75293999641653,0.0499369852724153,1.31095447327002,0.00282103803509219,0.0278821560345774,40.253484891818,25.6480718659356,1.20118877123969,5.87753435568719,0.668384621410801,3.48538019355298,0.298176802232319,0.297633117065888,0,0.0170891873559045,0.39116498021084,0,2.36886099712675,0,568.296805918464,505.88328559059,4.76507376439047,2.37649471067621,4.59193279250056,0.0031208213685216,2.14710959246053,1.06106696649392,8.22829539906039e-05,42.6440779632712,0.000937015085770403,0.0268890276581907,0.00458668500147005,1.90100836552381,0.000991591025958835,2.82768543290462,0.0624633165584813,191.79019328298,15.3177691874146,171.949306967047,0.000714867948947067,0.329443435233793,0,0.047832352536698,4.07397863378436e-05,0.019721131288372,0.000155272393212159,0,0.163950736377333,0,0.0555214107015555,0.000910111453283147,0.00265272805276639,0,0.126102706194263,3.77607163655213,5.19604281143903,0.759784716397361,3.82368876002893,0.326472968728458,0.118236852730203,0.0145494844491076,0.0200701098354924,0,0.133239919269483,33.0124310425104,16.1480784729146,6.36843054922494,5.29949915589112,0.229996165152939,0.0013251960688008,0.00140283226540688,0,0.347504996735308,0.544461109448006,0.000702569145524322,0,3.65424122719684,0.0116031523541462,0.000271342350514317,0.331184484593326,0,0,0.0737297891689299,1509.28226364943
2026-05-01,2026,"Q2","2025/26","Q4","May",520.398630387582,148.449463907091,249.272152812087,38.759414913791,28.0563333253657,4.1273032001133,5.11979719377283,12.8832390658759,5.00272390183687,0.627912751631335,11.7527990544346,5.44997666983334,2.08639170010185,7.67179733496341,0.587470296287683,0.406351369714832,0.0452910034834913,0.065308935664441,0.013198662730955,0.0217042888023009,135.638949659772,13.1080123504408,4.96091540402303,7.57370786682695,12.3052922868593,5.69849796852462,35.764653734396,1.63662916224814,1.96927094926193,5.72336404927696,1.0694872694401,8.94248810449141,1.69439007904384,0.813499795433298,4.37844747287867,1.01349712216904,0.127068811847414,1.22159670468242,0.00606281212688256,0.302636846473272,1.18026729919887,0.0874014671975357,0.314053005031584,0.871574527613487,1.62490497393655,0.00815906823237616,23.2430705281175,81.9522750263456,30.0749304107302,0.000894376664327791,8.59080322052437,0.00970131024103076,1.45360335578904,0.39151618341371,0.0545752946607037,0,0,0.232873828815979,0.149572475831608,40.9938045696746,0,491.188866676018,407.256143839304,6.6073263421116,2.43802273365102,4.95899346346437,0.00284047197452026,1.79281281521141,0.317989019249858,0.000493621209597229,63.2685438352636,0.000812501589751398,0.0262420426806369,0.733417765107701,0.968224499241583,0.000722707737327065,2.79439709401038,0.0218839242106306,195.704282115308,11.1935006939105,181.117930947572,0.250279390002344,0.0298534744635275,0,0.0299520616576183,9.85871940908208e-05,0,0.0199513925902058,4.37281909273802e-05,0.121155464489465,0,0.000846498270552394,7.75340578043294e-05,5.7244177214025e-05,4.05479588599343e-05,0.115086810498502,2.82540774027441,12.4382740066019,0.676663272052354,9.89414391453326,1.53620262942361,0.182824743811417,0.0487968606976357,0.0617879576321287,0.0158144990133913,0.0220401294381406,24.4897878092846,16.0070917024425,2.67217500793419,3.1397507224459,0.490085607963173,0.0449753984384307,0.0939802622144377,5.16787710959947e-05,0,0.411448049289342,0.0011448835442805,6.83749894500853e-05,1.53503211659708,7.15552215175312e-05,0.0190413373817855,0.00633731999602082,0.00109479488921823,0,0.0674389971661963,1461.81106568091
