"Date","Year","Quarter","FY","QFY","Month","CAB","CA_C","CA_D","CA_GS","CA_GS_C","CA_GS_D","CA_G","CA_G_X","CA_G_M","CA_G_GM","CA_G_XC","CA_G_X_COF","CA_G_X_NCOF","CA_G_X_NCOF_COT","CA_G_X_NCOF_TEA","CA_G_X_NCOF_TOB","CA_G_X_NCOF_FSH","CA_G_X_NCOF_FLO","CA_G_X_NCOF_CEM","CA_G_X_NCOF_BMP","CA_G_X_NCOF_OTH","CA_G_MD","CA_G_M_GOV","CA_G_M_GOV_PRO","CA_G_M_GOV_NPRO","CA_G_M_PRV","CA_G_M_PRV_OIL","CA_G_M_PRV_NOIL","CA_G_M_OTH","CA_G_NX_UM","CA_G_NX_UM_ACD","CA_G_NX_UM_SLD","CA_G_X_NMG","CA_G_X_NMG_C","CA_G_X_NMG_D","CA_S","CA_S_C","CA_S_D","CA_S_MAN","CA_S_MAN_C","CA_S_MAN_D","CA_S_MRS","CA_S_MRS_C","CA_S_MRS_D","CA_S_TRA","CA_S_TRA_C","CA_S_TRA_D","CA_S_TRV","CA_S_TRV_C","CA_S_TRV_D","CA_S_CON","CA_S_CON_C","CA_S_CON_D","CA_S_IPS","CA_S_IPS_C","CA_S_IPS_D","CA_S_FIN","CA_S_FIN_C","CA_S_FIN_D","CA_S_CIP","CA_S_CIP_C","CA_S_CIP_D","CA_S_ICT","CA_S_ICT_C","CA_S_ICT_D","CA_S_OBA","CA_S_OBA_C","CA_S_OBA_D","CA_S_PCR","CA_S_PCR_C","CA_S_PCR_D","CA_S_GOV","CA_S_GOV_C","CA_S_GOV_D","CA_S_ESO","CA_PI","CA_PI_C","CA_PI_D","CA_PI_COE","CA_PI_COE_C","CA_PI_COE_D","CA_PI_II","CA_PI_II_C","CA_PI_II_D","CA_PI_II_DI","CA_PI_II_DI_C","CA_PI_II_DI_D","CA_PI_II_PI","CA_PI_II_PI_C","CA_PI_II_PI_D","CA_PI_II_OI","CA_PI_II_OI_C","CA_PI_II_OI_D","CA_PI_II_OI_D_IPD","CA_PI_II_RA","CA_PI_II_RA_C","CA_PI_II_RA_D","CA_PI_OTH","CA_PI_OTH_C","CA_PI_OTH_D","CA_SI","CA_SI_C","CA_SI_D","CA_SI_GOV","CA_SI_GOV_C","CA_SI_GOV_C_BS","CA_SI_GOV_C_PA","CA_SI_GOV_C_HIPC","CA_SI_GOV_C_OT","CA_SI_GOV_D","CA_SI_OTH","CA_SI_OTH_C","CA_SI_OTH_C_PT","CA_SI_OTH_C_NGO","CA_SI_OTH_D","KAB","KA_C","KA_D","KA_GAD","KA_GAD_C","KA_GAD_D","KA_KT","KA_KT_C","KA_KT_D","NLB_CAB_KAB","FAB","FA_DI","FA_DI_NA","FA_DI_NA_EIF","FA_DI_NA_EIF_NRE","FA_DI_NA_EIF_NRE_DIDIE","FA_DI_NA_EIF_NRE_DIEDI","FA_DI_NA_EIF_NRE_BFE","FA_DI_NA_EIF_RE","FA_DI_NA_DBI","FA_DI_NA_DBI_DIDIE","FA_DI_NA_DBI_DIEDI","FA_DI_NA_DBI_BFE","FA_DI_NL","FA_DI_NL_EIF","FA_DI_NL_EIF_NRE","FA_DI_NL_EIF_NRE_DIDIE","FA_DI_NL_EIF_NRE_DIEDI","FA_DI_NL_EIF_NRE_BFE","FA_DI_NL_EIF_RE","FA_DI_NL_DBI","FA_DI_NL_DBI_DIDIE","FA_DI_NL_DBI_DIEDI","FA_DI_NL_DBI_BFE","FA_PI","FA_PI_NA","FA_PI_NA_EIF","FA_PI_NA_EIF_CBK","FA_PI_NA_EIF_GOV","FA_PI_NA_EIF_ODC","FA_PI_NA_EIF_OSE","FA_PI_NA_EIF_OSE_OFC","FA_PI_NA_EIF_OSE_OTH","FA_PI_NA_DBS","FA_PI_NA_DBS_CBK","FA_PI_NA_DBS_CBK_ST","FA_PI_NA_DBS_CBK_LT","FA_PI_NA_DBS_ODC","FA_PI_NA_DBS_ODC_ST","FA_PI_NA_DBS_ODC_LT","FA_PI_NA_DBS_GOV","FA_PI_NA_DBS_GOV_ST","FA_PI_NA_DBS_GOV_LT","FA_PI_NA_DBS_OSE","FA_PI_NA_DBS_OSE_ST","FA_PI_NA_DBS_OSE_LT","FA_PI_NA_DBS_OSE_OFC","FA_PI_NA_DBS_OSE_OFC_ST","FA_PI_NA_DBS_OSE_OFC_LT","FA_PI_NA_DBS_OSE_OTH","FA_PI_NA_DBS_OSE_OTH_ST","FA_PI_NA_DBS_OSE_OTH_LT","FA_PI_NL","FA_PI_NL_EIF","FA_PI_NL_EIF_CBK","FA_PI_NL_EIF_GOV","FA_PI_NL_EIF_ODC","FA_PI_NL_EIF_OSE","FA_PI_NL_EIF_OSE_OFC","FA_PI_NL_EIF_OSE_OTH","FA_PI_NL_DBS","FA_PI_NL_DBS_CBK","FA_PI_NL_DBS_CBK_ST","FA_PI_NL_DBS_CBK_LT","FA_PI_NL_DBS_ODC","FA_PI_NL_DBS_ODC_ST","FA_PI_NL_DBS_ODC_LT","FA_PI_NL_DBS_GOV","FA_PI_NL_DBS_GOV_ST","FA_PI_NL_DBS_GOV_ST_NI","FA_PI_NL_DBS_GOV_ST_NM","FA_PI_NL_DBS_GOV_LT","FA_PI_NL_DBS_GOV_LT_NI","FA_PI_NL_DBS_GOV_LT_NM","FA_PI_NL_DBS_OSE","FA_PI_NL_DBS_OSE_ST","FA_PI_NL_DBS_OSE_LT","FA_PI_NL_DBS_OSE_OFC","FA_PI_NL_DBS_OSE_OFC_ST","FA_PI_NL_DBS_OSE_OFC_LT","FA_PI_NL_DBS_OSE_OTH","FA_PI_NL_DBS_OSE_OTH_ST","FA_PI_NL_DBS_OSE_OTH_LT","FA_FDES","FA_FDES_CBK","FA_FDES_ODC","FA_FDES_GOV","FA_FDES_OSE","FA_FDES_OSE_OFC","FA_FDES_OSE_OTH","FA_FDES_NA","FA_FDES_NA_CBK","FA_FDES_NA_ODC","FA_FDES_NA_GOV","FA_FDES_NA_OSE","FA_FDES_NA_OSE_OFC","FA_FDES_NA_OSE_OTH","FA_FDES_NL","FA_FDES_NL_CBK","FA_FDES_NL_ODC","FA_FDES_NL_GOV","FA_FDES_NL_OSE","FA_FDES_NL_OSE_OFC","FA_FDES_NL_OSE_OTH","FA_OI","FA_OI_NA","FA_OI_NL","FA_OI_OE","FA_OI_OE_NA","FA_OI_OE_NL","FA_OI_CAD","FA_OI_CAD_NA","FA_OI_CAD_NA_CBK","FA_OI_CAD_NA_CBK_ST","FA_OI_CAD_NA_CBK_LT","FA_OI_CAD_NA_ODC","FA_OI_CAD_NA_ODC_ST","FA_OI_CAD_NA_ODC_LT","FA_OI_CAD_NA_GOV","FA_OI_CAD_NA_GOV_ST","FA_OI_CAD_NA_GOV_LT","FA_OI_CAD_NA_OSE","FA_OI_CAD_NA_OSE_ST","FA_OI_CAD_NA_OSE_LT","FA_OI_CAD_NA_OSE_OFC","FA_OI_CAD_NA_OSE_OFC_ST","FA_OI_CAD_NA_OSE_OFC_LT","FA_OI_CAD_NA_OSE_OTH","FA_OI_CAD_NA_OSE_OTH_ST","FA_OI_CAD_NA_OSE_OTH_LT","FA_OI_CAD_NL","FA_OI_CAD_NL_CBK","FA_OI_CAD_NL_CBK_ST","FA_OI_CAD_NL_CBK_LT","FA_OI_CAD_NL_ODC","FA_OI_CAD_NL_ODC_ST","FA_OI_CAD_NL_ODC_LT","FA_OI_CAD_NL_ODC_LT_IP","FA_OI_CAD_NL_GOV","FA_OI_CAD_NL_GOV_ST","FA_OI_CAD_NL_GOV_LT","FA_OI_CAD_NL_OSE","FA_OI_CAD_NL_OSE_ST","FA_OI_CAD_NL_OSE_LT","FA_OI_CAD_NL_OSE_OFC","FA_OI_CAD_NL_OSE_OFC_ST","FA_OI_CAD_NL_OSE_OFC_LT","FA_OI_CAD_NL_OSE_OTH","FA_OI_CAD_NL_OSE_OTH_ST","FA_OI_CAD_NL_OSE_OTH_LT","FA_OI_LN","FA_OI_LN_NA","FA_OI_LN_NA_CBK","FA_OI_LN_NA_CBK_IMF","FA_OI_LN_NA_CBK_OST","FA_OI_LN_NA_CBK_OLT","FA_OI_LN_NA_ODC","FA_OI_LN_NA_ODC_ST","FA_OI_LN_NA_ODC_LT","FA_OI_LN_NA_GOV","FA_OI_LN_NA_GOV_IMF","FA_OI_LN_NA_GOV_OST","FA_OI_LN_NA_GOV_OLT","FA_OI_LN_NA_OSE","FA_OI_LN_NA_OSE_ST","FA_OI_LN_NA_OSE_LT","FA_OI_LN_NA_OSE_OFC","FA_OI_LN_NA_OSE_OFC_ST","FA_OI_LN_NA_OSE_OFC_LT","FA_OI_LN_NA_OSE_OTH","FA_OI_LN_NA_OSE_OTH_ST","FA_OI_LN_NA_OSE_OTH_LT","FA_OI_LN_NL","FA_OI_LN_NL_CBK","FA_OI_LN_NL_CBK_IMF","FA_OI_LN_NL_CBK_OST","FA_OI_LN_NL_CBK_OLT","FA_OI_LN_NL_ODC","FA_OI_LN_NL_ODC_ST","FA_OI_LN_NL_ODC_LT","FA_OI_LN_NL_GOV","FA_OI_LN_NL_GOV_IMF","FA_OI_LN_NL_GOV_OST","FA_OI_LN_NL_GOV_OLT","FA_OI_LN_NL_GOV_OLT_DIS","FA_OI_LN_NL_GOV_OLT_DIS_BUD","FA_OI_LN_NL_GOV_OLT_DIS_PRO","FA_OI_LN_NL_GOV_OLT_PAY","FA_OI_LN_NL_OSE","FA_OI_LN_NL_OSE_ST","FA_OI_LN_NL_OSE_LT","FA_OI_LN_NL_OSE_OFC","FA_OI_LN_NL_OSE_OFC_ST","FA_OI_LN_NL_OSE_OFC_LT","FA_OI_LN_NL_OSE_OTH","FA_OI_LN_NL_OSE_OTH_ST","FA_OI_LN_NL_OSE_OTH_LT","FA_OI_IP","FA_OI_IP_NA","FA_OI_IP_NA_CBK","FA_OI_IP_NA_ODC","FA_OI_IP_NA_GOV","FA_OI_IP_NA_OSE","FA_OI_IP_NA_OSE_OFC","FA_OI_IP_NA_OSE_OTH","FA_OI_IP_NL","FA_OI_IP_NL_CBK","FA_OI_IP_NL_ODC","FA_OI_IP_NL_GOV","FA_OI_IP_NL_OSE","FA_OI_IP_NL_OSE_OFC","FA_OI_IP_NL_OSE_OTH","FA_OI_TCA","FA_OI_TCA_NA","FA_OI_TCA_NA_CBK","FA_OI_TCA_NA_CBK_ST","FA_OI_TCA_NA_CBK_LT","FA_OI_TCA_NA_ODC","FA_OI_TCA_NA_ODC_ST","FA_OI_TCA_NA_ODC_LT","FA_OI_TCA_NA_GOV","FA_OI_TCA_NA_GOV_ST","FA_OI_TCA_NA_GOV_LT","FA_OI_TCA_NA_OSE","FA_OI_TCA_NA_OSE_ST","FA_OI_TCA_NA_OSE_LT","FA_OI_TCA_NA_OSE_OFC","FA_OI_TCA_NA_OSE_OFC_ST","FA_OI_TCA_NA_OSE_OFC_LT","FA_OI_TCA_NA_OSE_OTH","FA_OI_TCA_NA_OSE_OTH_ST","FA_OI_TCA_NA_OSE_OTH_LT","FA_OI_TCA_NL","FA_OI_TCA_NL_CBK","FA_OI_TCA_NL_CBK_ST","FA_OI_TCA_NL_CBK_LT","FA_OI_TCA_NL_ODC","FA_OI_TCA_NL_ODC_ST","FA_OI_TCA_NL_ODC_LT","FA_OI_TCA_NL_GOV","FA_OI_TCA_NL_GOV_ST","FA_OI_TCA_NL_GOV_LT","FA_OI_TCA_NL_OSE","FA_OI_TCA_NL_OSE_ST","FA_OI_TCA_NL_OSE_LT","FA_OI_TCA_NL_OSE_OFC","FA_OI_TCA_NL_OSE_OFC_ST","FA_OI_TCA_NL_OSE_OFC_LT","FA_OI_TCA_NL_OSE_OTH","FA_OI_TCA_NL_OSE_OTH_ST","FA_OI_TCA_NL_OSE_OTH_LT","FA_OI_OAR","FA_OI_OAR_NA","FA_OI_OAR_NA_CBK","FA_OI_OAR_NA_CBK_ST","FA_OI_OAR_NA_CBK_LT","FA_OI_OAR_NA_ODC","FA_OI_OAR_NA_ODC_ST","FA_OI_OAR_NA_ODC_LT","FA_OI_OAR_NA_GOV","FA_OI_OAR_NA_GOV_ST","FA_OI_OAR_NA_GOV_LT","FA_OI_OAR_NA_OSE","FA_OI_OAR_NA_OSE_ST","FA_OI_OAR_NA_OSE_LT","FA_OI_OAR_NA_OSE_OFC","FA_OI_OAR_NA_OSE_OFC_ST","FA_OI_OAR_NA_OSE_OFC_LT","FA_OI_OAR_NA_OSE_OTH","FA_OI_OAR_NA_OSE_OTH_ST","FA_OI_OAR_NA_OSE_OTH_LT","FA_OI_OAR_NL","FA_OI_OAR_NL_CBK","FA_OI_OAR_NL_CBK_ST","FA_OI_OAR_NL_CBK_LT","FA_OI_OAR_NL_ODC","FA_OI_OAR_NL_ODC_ST","FA_OI_OAR_NL_ODC_LT","FA_OI_OAR_NL_GOV","FA_OI_OAR_NL_GOV_ST","FA_OI_OAR_NL_GOV_LT","FA_OI_OAR_NL_OSE","FA_OI_OAR_NL_OSE_ST","FA_OI_OAR_NL_OSE_LT","FA_OI_OAR_NL_OSE_OFC","FA_OI_OAR_NL_OSE_OFC_ST","FA_OI_OAR_NL_OSE_OFC_LT","FA_OI_OAR_NL_OSE_OTH","FA_OI_OAR_NL_OSE_OTH_ST","FA_OI_OAR_NL_OSE_OTH_LT","FA_OI_SDR","NEO","OB","R","R_RA","R_RA_MG","R_RA_MG_GB","R_RA_MG_UGA","R_RA_SDR","R_RA_IMF","R_RA_ORA","R_RA_ORA_CAD","R_RA_ORA_CAD_CMA","R_RA_ORA_CAD_COE","R_RA_ORA_SEC","R_RA_ORA_SEC_DBT","R_RA_ORA_SEC_DBT_ST","R_RA_ORA_SEC_DBT_LT","R_RA_ORA_SEC_EIF","R_RA_ORA_FDR","R_RA_ORA_OCL","R_UFC","R_UFC_DRW","R_UFC_PAY","R_EXF","MI_E_EP","MI_E_PA","MI_EX","MI_CAB_NGRA","MI_DBT_EXT","MI_DBT_EXT_ARR","MI_EDS_NIMF_PEX","MI_EDS_NIMF_PEX_GS","MI_EDS_PEX","MI_EDS_PEX_GS","MI_DBT_PEX","MI_R_EXT_MIM_GS","MI_R_EXT_GFER","MI_R_EXT_MIM_NOIL"
2001-07-01,2001,"Q3","2001/02","Q1","July",-90.3799478176238,442.591498429274,532.971446246898,-214.808994906157,168.353662562803,383.16265746896,-133.193589417679,113.44597573,246.639565147679,-142.169589417679,104.46997573,27.329374,77.14060173,0,0,0,0,0,0,0,0,246.639565147679,30.9476485536,25.865795,5.0818535536,182.262965,34.88296,147.380005,33.4289515940791,0,0,0,8.976,8.976,0,-81.6154054884779,54.9076868328027,136.523092321281,0,0,0,0,0,0,-31.1385085531246,7.70385401439291,38.8423625675175,41.3909196844444,41.3909196844444,0,0,0,0,-5.09227047725179,0.381578777715383,5.47384925496718,0,0,0,0,0,0,1.69,3.32,1.63,-16.02983387,0,16.02983387,0,0,0,2.11133435625,2.11133435625,0,74.547046628796,-33.2692561179713,5.45809726093815,38.7273533789095,-11.585298375,0,11.585298375,-21.6839577429713,5.45809726093815,27.1420550039095,-16.4277673353611,0,16.4277673353611,-0.00965545536037947,0,0.00965545536037947,-8.63952668224989,2.06510553093815,10.704632213188,4.45329816,3.39299173,3.39299173,0,0,0,0,157.698303206504,268.779738605533,111.081435399029,105.292209558585,105.292209558585,24.58863,69.57725,11.1263295585852,0,0,52.4060936479193,163.487529046948,120.980771494741,42.5067575522064,111.081435399029,0,0,0,0,0,0,0,0,0,-90.3799478176238,-90.5638062489765,-44.9914903379817,0,0,0,0,0,0,0,0,0,0,0,44.9914903379817,32.1565849879817,21.6288176526207,21.6288176526207,0,0,10.5277673353611,12.83490535,12.83490535,0,0,0,0,0,0,0,0,0,0,0,0,0,0,0,0,0,0,0,0,0,0,0,0,0,0,0,0,0,0,0,0,0,0,0,0,0,0,0,0,0,0,0,0,0,0,0,0,0,0,0,0,0,0,0,0,0,0,0,0,0,0,0,0,0,0,0,0,0,0,0,0,0,0,0,0,0,0,0,0,0,0,-45.5723159109948,-6.3468407185047,39.2254751924901,0,0,0,-6.10298271631182,-6.3468407185047,0,0,0,-0.974862233491706,-0.974862233491706,0,0,0,0,-5.371978485013,-5.371978485013,0,0,0,0,-5.371978485013,-5.371978485013,0,-0.24385800219288,0,0,0,-0.24385800219288,-0.24385800219288,0,0,0,0,0,0,0,0,0,0,0,0,0,0,-43.3261924764062,0,0,0,0,0,0,0,0,0,0,0,0,0,0,0,0,0,0,0,0,0,43.3261924764062,0,0,0,0,0,0,0,42.322467001121,0,0,42.322467001121,59.4275243447316,32.9372,26.4903243447316,-17.1050573436106,1.00372547528517,1.68895627376426,-0.685230798479088,0,0,0,1.00372547528517,1.68895627376426,-0.685230798479088,0,0,0,0,0,0,0,0,0,0,0,0,0,0,0,3.8568592817232,0,0,0,0,0,0,0,0,0,0,0,0,0,0,0,0,0,0,0,-3.8568592817232,0,0,0,0,0,0,0,0,0,-3.8568592817232,-3.8568592817232,0,0,0,0,-3.8568592817232,-3.8568592817232,0,0,0,0,0,0,0,0,0,0,0,0,0,0,0,0,0,0,0,0,0,0,0,0,0,0,0,0,0,0,0,0,0,0,0,0,0,0,0,0,0,-10.9934409860844,10.8095825547316,-10.8095825547316,-6.60228653499996,0,0,0,0,0,-6.60228653499996,-6.60228653499996,0,-6.60228653499996,0,0,0,0,0,0,0,-4.658580415,0,-4.658580415,8.86587643473164,1749.69,1743.08283333333,168.353662562803,-195.672157376209,0,0,27.6078545743581,18.6036938687428,31.7142853093604,21.3708332015518,0,5.97771568970992,757.9,5.97771568970992
2001-10-01,2001,"Q4","2001/02","Q2","October",19.595465316949,516.009937015165,496.414471698216,-199.416796072957,166.387726706992,365.804522779949,-133.453119738152,107.87843,241.331549738152,-148.183119738152,93.14843,15.2,77.94843,0,0,0,0,0,0,0,0,241.331549738152,31.9915601483667,28.7462666666667,3.2452934817,182.38143717975,31.03862,151.34281717975,26.9585524100356,0,0,0,14.73,14.73,0,-65.9636763348048,58.5092967069924,124.472973041797,0,0,0,0,0,0,-29.8818993161609,7.67224196439291,37.5541412805538,46.1324034177778,46.1324034177778,0,0,0,0,-4.88378766686057,0.3933169685717,5.27710463543227,0,0,0,0,0,0,1.13,2.2,1.07,-20.45376447,0,20.45376447,0,0,0,2.11133435625,2.11133435625,0,60.1179626558111,-31.793618026166,13.1588456417364,44.9524636679024,-11.585298375,0,11.585298375,-20.208319651166,13.1588456417364,33.3671652929024,-16.4277673353611,0,16.4277673353611,0,0,0,-15.7149120258049,1.22448593173636,16.9393979575413,4.17148917554069,11.93435971,11.93435971,0,0,0,0,250.805879416072,336.463364666436,85.6574852503637,181.514256298856,181.514256298856,93.71663595,69.57725,18.220370348856,0,0,69.2916231172161,154.94910836758,114.662340192009,40.2867681755708,85.6574852503637,0,0,0,0,0,0,0,0,0,19.595465316949,-228.088044126181,-44.9914903379817,0,0,0,0,0,0,0,0,0,0,0,44.9914903379817,32.1565849879817,21.6288176526207,21.6288176526207,0,0,10.5277673353611,12.83490535,12.83490535,0,0,0,0,0,0,0,0,0,0,0,0,0,0,0,0,0,0,0,0,0,0,0,0,0,0,0,0,0,0,0,0,0,0,0,0,0,0,0,0,0,0,0,0,0,0,0,0,0,0,0,0,0,0,0,0,0,0,0,0,0,0,0,0,0,0,0,0,0,0,0,0,0,0,0,0,0,0,0,0,0,0,-183.0965537882,-11.9743271335359,171.122226654664,0,0,0,-17.6714135936549,-11.9743271335359,0,0,0,-39.5425980892907,-39.5425980892907,0,0,0,0,27.5682709557548,27.5682709557548,0,0,0,0,27.5682709557548,27.5682709557548,0,5.69708646011904,0,0,0,5.69708646011904,5.69708646011904,0,0,0,0,0,0,0,0,0,0,0,0,0,0,-170.1590381088,0,0,0,0,0,0,0,0,0,0,0,0,0,0,0,0,0,0,0,0,0,170.1590381088,0,0,0,0,0,0,0,169.155312633515,0,0,169.155312633515,191.413815316427,165.769988,25.6438273164269,-22.2585026829116,1.00372547528517,1.68895627376426,-0.685230798479088,0,0,0,1.00372547528517,1.68895627376426,-0.685230798479088,0,0,0,0,0,0,0,0,0,0,0,0,0,0,0,4.73389791425575,0,0,0,0,0,0,0,0,0,0,0,0,0,0,0,0,0,0,0,-4.73389791425575,0,0,0,0,0,0,0,0,0,-4.73389791425575,-4.73389791425575,0,0,0,0,-4.73389791425575,-4.73389791425575,0,0,0,0,0,0,0,0,0,0,0,0,0,0,0,0,0,0,0,0,0,0,0,0,0,0,0,0,0,0,0,0,0,0,0,0,0,0,0,0,0,-8.04955400922717,-239.633955433903,239.633955433903,235.78948954783,0,0,0,0,0,235.78948954783,235.78948954783,0,235.78948954783,0,0,0,0,0,0,0,-14.7692947925,0,-14.7692947925,10.9248289064269,1727.4,1729.10438995215,166.387726706992,-161.918790981907,3654.07872056,0,29.8298742389929,19.340368810176,44.1935565640879,28.6531440305425,3387.21903958002,7.63017309286873,981.5,7.63017309286873
2002-01-01,2002,"Q1","2001/02","Q3","January",-97.8047095748207,420.54996431396,518.354673888781,-204.01344285006,185.44125709469,389.45469994475,-135.256546237612,127.60245069,262.858996927612,-149.506546237612,113.35245069,21.565253,91.78719769,0,0,0,0,0,0,0,0,262.858996927612,36.13965351195,28.41672,7.72293351195,200.081554547,25.852435,174.229119547,26.6377888686621,0,0,0,14.25,14.25,0,-68.7568966124477,57.8388064046905,126.595703017138,0,0,0,0,0,0,-33.1088850571794,7.75673618590289,40.8656212430823,46.4837198755555,46.4837198755555,0,0,0,0,-5.68179512119794,0.397015986982048,6.07881110817999,0,0,0,0,0,0,0.24,1.09,0.85,-19.398615357,0,19.398615357,0,0,0,2.11133435625,2.11133435625,0,59.4026553088759,-25.3307909879737,7.97709874622254,33.3078897341963,-11.585298375,0,11.585298375,-13.7454926129737,7.97709874622254,21.7225913591963,-15.625,0,15.625,0,0,0,-5.15846836297375,0.939122996222537,6.09759135919629,3.98405658,7.03797575,7.03797575,0,0,0,0,131.539524263213,227.131608473047,95.5920842098344,100.505137506099,100.505137506099,14.61,69.57725,16.3178875060993,0,0,31.0343867571136,126.626470966948,93.7035885155416,32.9228824514065,95.5920842098344,0,0,0,0,0,0,0,0,0,-97.8047095748207,-60.4105898583257,-57.892014799375,0,0,0,0,0,0,0,0,0,0,0,57.892014799375,47.167014799375,36.642014799375,36.642014799375,0,0,10.525,10.725,10.725,0,0,-0.375,-0.375,-0.375,0,0,0,-0.375,0,-0.375,0,0,0,0,0,0,0,0,0,0,0,0,0,0,0,0,0,0,0,0,0,0,0,0,0,0,0,0,0,0,0,0,0,0,0,0,0,0,0,0,0,0,0,0,0,0,0,0,0,0,0,0,0,0,0,0,0,0,0,0,0,0,0,0,0,0,0,0,0,0,0,-2.14357505895075,4.22076795962312,6.36434301857387,0,0,0,6.12213838043163,4.22076795962312,0,0,0,12.2891739112633,12.2891739112633,0,0,0,0,-8.06840595164022,-8.06840595164022,0,0,0,0,-8.06840595164022,-8.06840595164022,0,-1.90137042080851,0,0,0,-1.90137042080851,-1.90137042080851,0,0,0,0,0,0,0,0,0,0,0,0,0,0,-10.809836156716,0,0,0,0,0,0,0,0,0,0,0,0,0,0,0,0,0,0,0,0,0,10.809836156716,0,0,0,0,0,0,0,3.509836156716,0,0,3.509836156716,27.2349015100426,0,27.2349015100426,-23.7250653533266,7.3,0.899999999999999,6.4,0,0,0,7.3,0.899999999999999,6.4,0,0,0,0,0,0,0,0,0,0,0,0,0,0,0,2.54412271733362,0,0,0,0,0,0,0,0,0,0,0,0,0,0,0,0,0,0,0,-2.54412271733362,0,0,0,0,0,0,0,0,0,-2.54412271733362,-2.54412271733362,0,0,0,0,-2.54412271733362,-2.54412271733362,0,0,0,0,0,0,0,0,0,0,0,0,0,0,0,0,0,0,0,0,0,0,0,0,0,0,0,0,0,0,0,0,0,0,0,0,0,0,0,0,0,-12.9690338725477,50.3631535890426,-50.3631535890426,-45.851412779,0,0,0,0,0,-45.851412779,-45.851412779,0,-45.851412779,0,0,0,0,0,0,0,-4.617891,0,-4.617891,9.12963181004256,1778.055,1750.40333333333,185.441257094691,-198.30984708092,0,0,29.6546028664679,20.4053836739675,33.2735701943124,22.8956013700447,0,7.11973235598095,920.6,7.11973235598095
2002-04-01,2002,"Q2","2001/02","Q4","April",-100.771961069959,417.081248017399,517.853209087358,-214.384881485825,168.664706837586,383.049588323411,-132.320719617367,121.114932,253.435651617367,-151.032719617367,102.402932,21.159512,81.24342,0,0,0,0,0,0,0,0,253.435651617367,36.3736748955,27.80717,8.5665048955,188.841142595,31.455285,157.385857595,28.2208341268667,0,0,0,18.712,18.712,0,-82.0641618684583,47.5497748375864,129.613936706045,0,0,0,0,0,0,-31.7154455128006,7.75988586590289,39.4753313787035,34.9518879458586,34.9518879458586,0,0,0,0,-4.86641920884237,0.586666669574927,5.45308587841729,0,0,0,0,0,0,0.89,2.14,1.25,-20.502650267,0,20.502650267,0,0,0,2.11133435625,2.11133435625,0,62.9328691819239,-30.1195408261771,2.87178232488468,32.9913231510617,-11.585298375,0,11.585298375,-18.5342424511771,2.87178232488468,21.4060247760617,-15.625,0,15.625,-0.0367264549096973,0,0.0367264549096973,-4.61632489626735,1.12797342488468,5.74429832115203,2.72593596,1.7438089,1.7438089,0,0,0,0,143.732461242043,245.544758854928,101.812297612885,98.3617885874031,98.3617885874031,14.715,69.57725,14.069538587403,0,0,45.3706726546402,147.182970267525,108.915397997968,38.2675722695565,101.812297612885,0,0,0,0,0,0,0,0,0,-100.771961069959,-38.7605622973214,-42.252014799375,0,0,0,0,0,0,0,0,0,0,0,42.252014799375,31.527014799375,21.002014799375,21.002014799375,0,0,10.525,10.725,10.725,0,0,-0.375,-0.375,-0.375,0,0,0,-0.375,0,-0.375,0,0,0,0,0,0,0,0,0,0,0,0,0,0,0,0,0,0,0,0,0,0,0,0,0,0,0,0,0,0,0,0,0,0,0,0,0,0,0,0,0,0,0,0,0,0,0,0,0,0,0,0,0,0,0,0,0,0,0,0,0,0,0,0,0,0,0,0,0,0,0,3.8664525020536,24.2449482781217,20.378495776068,0,0,0,24.5126487977297,24.2449482781217,0,0,0,45.7637404726774,45.7637404726774,0,0,0,0,-21.5187921945557,-21.5187921945557,0,0,0,0,-21.5187921945557,-21.5187921945557,0,-0.267700519608056,0,0,0,-0.267700519608056,-0.267700519608056,0,0,0,0,0,0,0,0,0,0,0,0,0,0,-23.4193177976897,0,0,0,0,0,0,0,0,0,0,0,0,0,0,0,0,0,0,0,0,0,23.4193177976897,0,0,0,0,0,0,0,16.1193177976897,0,0,16.1193177976897,26.4836782937663,0,26.4836782937663,-10.3643604960766,7.3,0.899999999999999,6.4,0,0,0,7.3,0.899999999999999,6.4,0,0,0,0,0,0,0,0,0,0,0,0,0,0,0,2.7731215020136,0,0,0,0,0,0,0,0,0,0,0,0,0,0,0,0,0,0,0,-2.7731215020136,0,0,0,0,0,0,0,0,0,-2.7731215020136,-2.7731215020136,0,0,0,0,-2.7731215020136,-2.7731215020136,0,0,0,0,0,0,0,0,0,0,0,0,0,0,0,0,0,0,0,0,0,0,0,0,0,0,0,0,0,0,0,0,0,0,0,0,0,0,0,0,0,-10.1845553306288,72.1959541032662,-72.1959541032662,-85.2289501087794,0,0,0,0,0,-85.2289501087794,-85.2289501087794,0,-85.2289501087794,0,0,0,0,0,0,0,-8.897404477,0,-8.897404477,-4.13559152851313,1797.15,1795.65166666667,168.664706837586,-199.133749657362,3825.2114277412,0,16.4141610548896,11.7866982208336,24.5128651494433,17.6022242671008,3158.33181307586,6.80489885602023,872.9,6.80489885602023
2002-07-01,2002,"Q3","2002/03","Q1","July",-15.2667953087479,482.510091891853,497.776887200601,-215.550342855238,171.165739563025,386.716082418263,-138.396564149554,113.047403,251.443967149554,-153.667564149554,97.776403,25.984013,71.79239,1.478,5.49,4.113,26.31139,4.098,0,1.528,0,251.443967149554,29.1204699071,21.482045,7.6384249071,201.05710596375,32.90735,168.14975596375,21.2663912787038,0,0,0,15.271,15.271,0,-77.1537787056845,58.1183365630252,135.27211526871,0,0,0,0,0,0,-30.7486209383952,8.44369887570212,39.1923198140973,45.0291468274096,45.0291468274096,0,0,0,0,-5.3656266122956,0.388240988725993,5.75386760102159,0,0,0,0,0,0,0.46406815,1.99812211,1.53405396,-33.70310192108,0,33.70310192108,0,0,0,-5.4052833898925,2.2591277611875,7.66441115108,47.4243608214308,-29.8010789163761,5.15367096495719,34.9547498813333,-11.613425625,0,11.613425625,-18.1876532913761,5.15367096495719,23.3413242563333,-15.625,0,15.625,0,0,0,-6.08953129137611,1.62679296495719,7.7163242563333,5.6,3.526878,3.526878,0,0,0,0,230.084626462866,306.190681363871,76.1060549010041,130.065897284527,131.685543324527,48.92181433,66.76125,16.0024789945271,0,1.61964604,100.018729178339,174.505138039343,117.790968176557,56.7141698627866,74.4864088610041,0,0,0,0,0,0,0,0,0,-15.2667953087479,-65.0410617591453,-42.252014799375,0,0,0,0,0,0,0,0,0,0,0,42.252014799375,31.527014799375,21.002014799375,21.002014799375,0,0,10.525,10.725,10.725,0,0,-0.375,-0.375,-0.375,0,0,0,-0.375,0,-0.375,0,0,0,0,0,0,0,0,0,0,0,0,0,0,0,0,0,0,0,0,0,0,0,0,0,0,0,0,0,0,0,0,0,0,0,0,0,0,0,0,0,0,0,0,0,0,0,0,0,0,0,0,0,0,0,0,0,0,0,0,0,0,0,0,0,0,0,0,0,0,0,-22.4140469597703,3.29332844192173,25.707375401692,0,0,0,4.11851975089205,3.29332844192173,0,0,0,-28.1916020124969,-28.1916020124969,0,0,0,0,31.4849304544186,31.4849304544186,0,0,0,0,31.4849304544186,31.4849304544186,0,-0.825191308970321,0,0,0,-0.825191308970321,-0.825191308970321,0,0,0,0,0,0,0,0,0,0,0,0,0,0,-28.5004794465976,0,0,0,0,0,0,0,0,0,0,0,0,0,0,0,0,0,0,0,0,0,28.5004794465976,0,0,0,0,-9.58559738299424,0,-9.58559738299424,30.7860768295918,0,0,30.7860768295918,51.210690100232,21.4344741,29.776216000232,-20.4246132706402,7.3,0.899999999999999,6.4,0,0,0,7.3,0.899999999999999,6.4,0,0,0,0,0,0,0,0,0,0,0,0,0,0,0,1.96791273593524,0,0,0,0,0,0,0,0,0,0,0,0,0,0,0,0,0,0,0,-1.96791273593524,0,0,0,0,0,0,0,0,0,-1.96791273593524,-1.96791273593524,0,0,0,0,-1.96791273593524,-1.96791273593524,0,0,0,0,0,0,0,0,0,0,0,0,0,0,0,0,0,0,0,0,0,0,0,0,0,0,0,0,0,0,0,0,0,0,0,0,0,0,0,0,0,-63.4085883417093,13.6343218913119,-13.6343218913119,-9.24527489107993,0,0,0,0,0,-9.24527489107993,-9.24527489107993,0,-9.24527489107993,0,0,0,0,0,0,0,-2.876922,1.977,-4.853922,7.26596900023198,0,1807.10666666667,171.165739563025,-146.952338633275,0,0,20.5421828264017,13.5672034976417,24.8358878308413,16.4030058097117,0,6.84632352843871,867.956269171874,6.84632352843871
2002-10-01,2002,"Q4","2002/03","Q2","October",61.8435756475189,524.91551932548,463.071943677961,-212.013172317881,177.582180530601,389.595352848482,-156.611336653525,116.405159,273.016495653525,-168.275336653525,104.741159,27.926,76.815159,0.195,8.08,10.848,26.72502,2.875,0,1.582,0,273.016495653525,35.35756993355,28.158705,7.19886493355,225.33225766035,31.694095,193.63816266035,12.3266680596255,0,0,0,11.664,11.664,0,-55.4018356643552,61.1770215306012,116.578857194956,0,0,0,0,0,0,-33.925319991816,8.52347275570212,42.4487927475182,45.0291468274096,45.0291468274096,0,0,0,0,-5.5991931452467,0.479335396301989,6.07852854154869,-5.44460699,0.017921,5.46252799,-6.89561,0.002963,6.898573,-0.27710823,2.53541413,2.81252236,-17.36196919,2.32964066,19.69160985,0,0,0,-3.4385264888125,2.2591277611875,5.69765425,27.4886484558896,-25.7667842545016,8.15488853531184,33.9216727898135,-11.613425625,0,11.613425625,-14.1533586295016,8.15488853531184,22.3082471648135,-15.625,0,15.625,0,0,0,-5.87684719950163,0.806399965311841,6.68324716481347,3.83829168985816,7.34848857,7.34848857,0,0,0,0,299.623532219901,339.178450259567,39.5549180396661,159.101710786198,159.296812776198,75.3571584,66.76125,17.1784043761981,0,0.19510199,140.521821433703,179.881637483369,121.420105301274,58.461532182095,39.3598160496661,0,0,0,0,0,0,0,0,0,61.8435756475189,-39.1620720478244,-42.252014799375,0,0,0,0,0,0,0,0,0,0,0,42.252014799375,31.527014799375,21.002014799375,21.002014799375,0,0,10.525,10.725,10.725,0,0,-0.79051795606547,-0.375,-0.375,0,0,0,-0.375,0,-0.375,0,0,0,0,0,0,0,0,0,0,0,0,0,0,0,0,0,0,0,0.41551795606547,0.41551795606547,0,0,0.41551795606547,0,0,0,0,0,0,0,0,0,0,0,0,0,0,0,0,0,0,0,0,0,0,0,0,0,0,0,0,0,0,0,0,0,0,0,0,0,0,0,0,0,0,0,0,0,0,0,3.88046070761603,41.0837231465031,37.2032624388871,0,0,0,37.0484279178321,41.0837231465031,-5.34887121,-5.34887121,0,-30.306804549081,-30.306804549081,0,0,0,0,76.7393989055841,76.7393989055841,0,0,0,0,76.7393989055841,76.7393989055841,0,4.03529522867101,0,0,0,4.03529522867101,4.03529522867101,0,0,0,0,0,0,0,0,0,0,0,0,0,0,-36.4148848812728,0,0,0,0,0,0,0,0,0,0,0,0,0,0,0,0,0,0,0,0,0,36.4148848812728,0,0,0,0,19.9410846569466,0,19.9410846569466,9.17380022432619,0,0,9.17380022432619,29.5598650988866,0,29.5598650988866,-20.3860648745604,7.3,0.899999999999999,6.4,0,0,0,7.3,0.899999999999999,6.4,0,0,0,0,0,0,0,0,0,0,0,0,0,0,0,3.24691767105677,0,0,0,0,0,0,0,0,0,0,0,0,0,0,0,0,0,0,0,-3.24691767105677,0,0,0,0,0,0,0,0,0,-3.24691767105677,-3.24691767105677,0,0,0,0,-3.24691767105677,-3.24691767105677,0,0,0,0,0,0,0,0,0,0,0,0,0,0,0,0,0,0,0,0,0,0,0,0,0,0,0,0,0,0,0,0,0,0,0,0,0,0,0,0,0,-50.3945570825387,-50.6110906128047,50.6110906128047,39.175013412566,0,0,0,0,0,39.175013412566,39.175013412566,0,39.175013412566,0,0,0,0,0,0,0,-16.477632393,0,-16.477632393,5.04155519276137,0,1834.84233333333,177.582180530601,-97.4532371286792,3961.44369836,0,19.2351852373817,12.6086682191969,33.9746798357268,22.2704102204127,3403.15131424716,7.14508320963616,917.481348991803,7.14508320963616
2003-01-01,2003,"Q1","2002/03","Q3","January",-80.8683165042132,374.301466612488,455.169783116701,-186.879580797939,212.000387795193,398.879968593133,-137.354516579659,146.204005611615,283.558522191274,-147.674516579659,135.884005611615,29.85577,103.336070090562,11.347,7.33290408,17.82,29.80264,4.115,0,2.095,2.69216552105244,283.558522191274,38.71683231475,23.35328,15.36355231475,232.4189625883,34.937235,197.4817275883,12.4227272882239,0,0,0,10.32,10.32,0,-49.5250642182801,65.7963821835786,115.321446401859,0,0,0,0,0,0,-51.654486873989,2.71175338199724,54.3662402559863,40.8782833332479,40.8782833332479,0,0,0,0,-5.98112111602558,0.677810685742984,6.65893180176856,1.02,1.41,0.39,-1.917987,0,1.917987,0.826447903403,3.767389841403,2.940941938,-1.528974798,14.09201718,15.620991978,0,0,0,-3.4643637388125,2.2591277611875,5.7234915,27.7028619281039,-37.3493513768262,1.05995243,38.4093038068262,-11.613425625,0,11.613425625,-25.7359257518262,1.05995243,26.7958781818262,-20.6484375,0,20.6484375,-0.00360814182624519,0,0.00360814182624519,-5.23483254,0.909,6.14383254,4.30783254,0.15095243,0.15095243,0,0,0,0,143.360615670552,161.241126387295,17.8805107167423,102.424424629353,102.445878931353,21.05138264,66.76125,14.6332462913528,0,0.021454302,40.9361910411995,58.7952474559418,39.6867920327607,19.1084554231811,17.8590564147423,0,0,0,0,0,0,0,0,0,-80.8683165042132,-4.6365297914213,-50.548148404625,0,0,0,0,0,0,0,0,0,0,0,50.548148404625,38.498148404625,25.523148404625,25.523148404625,0,0,12.975,12.05,12.05,0,0,0.692844355186743,1.075,1.075,0,0,0,1.075,0,1.075,0,0,0,0,0,0,0,0,0,0,0,0,0,0,0,0,0,0,0,0.382155644813256,0,0,0,0,0,0,0,0.382155644813256,0,0,0,0,0,0,0.382155644813256,0.382155644813256,0,0,0,0,0,0,0,0,0,0,0,0,0,0,0,0,0,0,0,0,0,0,0,0,0,0,0,0,0,0,0,0,0,0,0,45.2187742580169,50.7788343691781,5.56006011116112,0,0,0,54.3702179151509,50.7788343691781,-7.12567495,-7.12567495,0,56.9045093191781,56.9045093191781,0,0,0,0,1,1,0,0,0,0,1,1,0,-3.59138354597282,0,0,0,-3.59138354597282,-3.59138354597282,0,0,0,0,0,0,0,0,0,0,0,0,0,0,-5.24258865889315,0,0,0,0,0,0,0,0,0,0,0,0,0,0,0,0,0,0,0,0,0,5.24258865889315,0,0,0,0,-15.6546425954158,0,-15.6546425954158,10.1722312543089,0,0,10.1722312543089,29.9982695604525,0.33980573,29.6584638304525,-19.8260383061436,10.725,2.65,8.075,0,0,0,10.725,2.65,8.075,0,0,0,0,0,0,0,0,0,0,0,0,0,0,0,-3.9088549982408,0,0,0,0,0,0,0,0,0,0,0,0,0,0,0,0,0,0,0,3.9088549982408,0,0,0,0,0,0,0,0,0,3.9088549982408,3.9088549982408,0,0,0,0,3.9088549982408,3.9088549982408,0,0,0,0,0,0,0,0,0,0,0,0,0,0,0,0,0,0,0,0,0,0,0,0,0,0,0,0,0,0,0,0,0,0,0,0,0,0,0,0,0,-31.7680589104053,107.999845623197,-107.999845623197,-107.03225598175,0,0,0,0,0,-107.03225598175,-107.03225598175,0,-107.03225598175,0,0,0,0,0,0,0,-5.041495375,0,-5.041495375,6.0090850164472,0,1898.63803429027,212.000387795193,-183.314195435566,3889.8383979,0,15.1075539935826,10.4187776816209,18.5558147672256,12.7968371877527,2660.55528480745,6.24194463029228,810.899690752078,6.24194463029228
2003-04-01,2003,"Q2","2002/03","Q4","April",-48.9998254487948,383.709619982189,432.709445430984,-185.601488624636,185.815246591592,371.416735216228,-157.018617576208,130.68274532982,287.701362906028,-167.947617576208,119.75374532982,21.707314,94.3744843952939,3.86,8.55258298,7.11,28.59234,5.952,0,2.184,3.67194693452602,287.701362906028,36.79039018755,32.368775,4.42161518755,248.1022853758,34.86793,213.2343553758,2.80868734267814,0,0,0,10.929,10.929,0,-28.5828710484278,55.1325012617722,83.7153723102001,0,0,0,0,0,0,-50.6812483113349,2.89702297001664,53.5782712813515,41.0454759377743,41.0454759377743,0,0,0,0,-6.49230029289689,0.609409682062857,7.10170997495975,1.11,1.56,0.45,-3.27949495,0,3.27949495,0.428544864731001,3.386795770731,2.958250906,-1.68542424,3.37466914,5.06009338,0,0,0,-2.7650105688125,2.2591277611875,5.02413833,6.2634134878888,-32.8605517920652,5.89056159979448,38.7511133918597,-11.613425625,0,11.613425625,-21.2471261670652,5.89056159979448,27.1376877668597,-20.6484375,0,20.6484375,-0.0724176168596782,0,0.0724176168596782,-5.57683265,0.84,6.41683265,4.02374977,5.05056159979448,5.05056159979448,0,0,0,0,169.462214967906,192.003811790803,22.5415968228963,117.826620328881,117.841377838881,35.52240427,66.76125,15.5577235688807,0,0.01475751,51.6355946390257,74.1624339519221,50.0596429175474,24.1027910343747,22.5268393128963,0,0,0,0,0,0,0,0,0,-48.9998254487948,-158.680620239303,-50.548148404625,0,0,0,0,0,0,0,0,0,0,0,50.548148404625,38.498148404625,25.523148404625,25.523148404625,0,0,12.975,12.05,12.05,0,0,0.694655772639717,1.075,1.075,0,0,0,1.075,0,1.075,0,0,0,0,0,0,0,0,0,0,0,0,0,0,0,0,0,0,0,0.380344227360282,0,0,0,0,0,0,0,0.380344227360282,0,0,0,0,0,0,0.380344227360282,0.380344227360282,0,0,0,0,0,0,0,0,0,0,0,0,0,0,0,0,0,0,0,0,0,0,0,0,0,0,0,0,0,0,0,0,0,0,0,-108.827127607318,93.2488107781359,202.075938385454,0,0,0,83.5922890828826,92.7459722546709,-1.743253,-1.743253,0,75.4892252546709,75.4892252546709,0,0,0,0,19,19,0,0,0,0,19,19,0,9.15368317178827,0,0,0,9.15368317178827,9.15368317178827,0,0,0,0,0,0,0,0,0,0,0,0,0,0,-192.571932880898,0.50283852346496,0,0,0,0,0.50283852346496,0,0.50283852346496,0,0,0,0,0,0,0,0,0,0,0,0,0,193.074771404363,0,0,0,0,-0.124113012628297,0,-0.124113012628297,182.473884416992,0,0,182.473884416992,199.099816840001,169.48125075,29.6185660900009,-16.6259324230092,10.725,2.65,8.075,0,0,0,10.725,2.65,8.075,0,0,0,0,0,0,0,0,0,0,0,0,0,0,0,0.15251619069798,0,0,0,0,0,0,0,0,0,0,0,0,0,0,0,0,0,0,0,-0.15251619069798,0,0,0,0,0,0,0,0,0,-0.15251619069798,-0.15251619069798,0,0,0,0,-0.15251619069798,-0.15251619069798,0,0,0,0,0,0,0,0,0,0,0,0,0,0,0,0,0,0,0,0,0,0,0,0,0,0,0,0,0,0,0,0,0,0,0,0,0,0,0,0,0,13.668986651169,-123.349781441677,123.349781441677,108.022133911795,0,0,0,0,0,108.022133911795,108.022133911795,0,108.022133911795,0,0,0,0,0,0,0,-17.366161,0,-17.366161,2.03851347011724,0,1990.87060923141,185.815246591592,-166.841203287675,4215.52276014487,0,17.0813185019522,12.0131885657071,30.8583812921166,21.7025139629776,3225.76844365003,6.93763069677999,954.845520140203,6.93763069677999
2003-07-01,2003,"Q3","2003/04","Q1","July",-8.73384995701576,460.359435577907,469.093285534923,-172.079588535577,220.640511157781,392.720099693359,-153.626494992575,152.320930824475,305.94742581705,-162.787494992575,143.159930824475,25.998368,111.607349180977,2.975,9.04220841,7.457,27.13333,6.307,0,4.424,5.55421364349723,305.94742581705,35.2362630123,32.29446,2.9418030123,261.14139364,33.27308,227.86831364,9.5697691647496,0,0,0,9.161,9.161,0,-18.4530935430024,68.3195803333066,86.772673876309,0,0,0,0,0,0,-55.8185951344399,2.74391961498786,58.5625147494277,52.5441318904007,52.5441318904007,0,0,0,0,-7.25657457075969,0.786313983447251,8.04288855420694,0.99,1.53,0.54,-2.665001,0,2.665001,0.85394688033333,3.53810802433333,2.684161144,-4.73853395126115,3.11067685,7.84921080126115,0,0,0,-2.36246765727565,4.0664299701375,6.42889762741315,0,-26.4808709849577,12.7731421010573,39.254013086015,-12.063,0,12.063,-14.4178709849577,12.7731421010573,27.191013086015,-20.6484375,0,20.6484375,-0.121622740350936,0,0.121622740350936,-5.25062610460677,1.17032674105734,6.42095284566411,4.42848641,11.60281536,11.60281536,0,0,0,0,189.826609563519,226.945782319068,37.1191727555492,106.464889148148,106.5860961843,23.9894,68.5563803875,14.0403157968,0,0.121207036152,83.3617204153713,120.359686134769,82.2177015986604,38.1419845361081,36.9979657193972,0,0,0,0,0,0,0,0,0,-8.73384995701576,-14.0476881731345,-50.548148404625,0,0,0,0,0,0,0,0,0,0,0,50.548148404625,38.498148404625,25.523148404625,25.523148404625,0,0,12.975,12.05,12.05,0,0,-9.16923077666927,1.075,1.075,0,0,0,1.075,0,1.075,0,0,0,0,0,0,0,0,0,0,0,0,0,0,0,0,0,0,0,10.2442307766693,0,0,0,0,0,0,0,10.2442307766693,0,0,0,0,0,0,10.2442307766693,10.2442307766693,0,0,0,0,0,0,0,0,0,0,0,0,0,0,0,0,0,0,0,0,0,0,0,0,0,0,0,0,0,0,0,0,0,0,0,45.6696910081598,113.285796671767,67.6161056636073,0,0,0,113.311863508997,113.289543519678,28.75,28.75,0,-4.46045648032218,-4.46045648032218,0,0,0,0,89,89,0,0,0,0,89,89,0,-0.0223199893196183,0,0,0,-0.0223199893196183,-0.0223199893196183,0,0,0,0,0,0,0,0,0,0,0,0,0,0,-68.2384420955624,-0.0037468479107444,0,0,0,0,-0.0037468479107444,0,-0.0037468479107444,0,0,0,0,0,0,0,0,0,0,0,0,0,68.2346952476517,0,0,0,0,11.5290050476517,0,11.5290050476517,45.9806902,0,0,45.9806902,67.29230582,0,67.29230582,-21.31161562,10.725,2.65,8.075,0,0,0,10.725,2.65,8.075,0,0,0,0,0,0,0,0,0,0,0,0,0,0,0,0.596269594724766,0,0,0,0,0,0,0,0,0,0,0,0,0,0,0,0,0,0,0,-0.596269594724766,0,0,0,0,0,0,0,0,0,-0.596269594724766,-0.596269594724766,0,0,0,0,-0.596269594724766,-0.596269594724766,0,0,0,0,0,0,0,0,0,0,0,0,0,0,0,0,0,0,0,0,0,0,0,0,0,0,0,0,0,0,0,0,0,0,0,0,0,0,0,0,0,13.8158370659281,-19.1296752820468,19.1296752820468,17.2967603420468,0,0,0,0,0,17.2967603420468,17.2967603420468,0,17.2967603420468,0,0,0,0,0,0,0,-2.2958304,2.82,-5.1158304,0.46291546,1993.56166666667,1995.77135532342,220.640511157781,-115.319946141316,4293.37564485,0,20.752965248372,14.3269745316148,24.2092399878342,16.7130412731096,2818.63800438393,6.55996406198231,973.530311509441,6.55996406198231
2003-10-01,2003,"Q4","2003/04","Q2","October",100.16603555464,616.673516564586,516.507481009946,-200.117064311958,215.550542713206,415.667607025163,-177.254153418396,143.010054014331,320.264207432728,-192.600153418396,127.664054014331,21.547939,98.5405118047748,1.571,11.34620886,6.02,26.85004,5.285,0,3.155,7.57560320955653,320.264207432728,54.4534316009,40.560125,13.8933066009,263.3060214878,33.658015,229.6480064878,2.50475434402772,0,0,0,15.346,15.346,0,-22.8629108935613,72.5404886988741,95.4033995924354,0,0,0,0,0,0,-58.8882511161846,2.82110449836557,61.7093556145501,49.7166643385772,49.7166643385772,0,0,0,0,-6.59728120009133,1.14496775779392,7.74224895788525,1.17,2.04,0.87,0.504184,0.589212,0.085028,0.950688764,4.364142994,3.41345423,-1.15456456,7.79796714,8.9525317,0,0,0,-8.5643511198625,4.0664299701375,12.63078109,0,-33.6920241518657,7.83946297163799,41.5314871235037,-12.063,0,12.063,-21.6290241518657,7.83946297163799,29.4684871235037,-20.6484375,0,20.6484375,-0.762632388825213,0,0.762632388825213,-6.71218957304045,1.34522766163799,8.05741723467844,5.4914104,6.49423531,6.49423531,0,0,0,0,333.975124018463,393.283510879742,59.3083868612788,205.389423988662,207.628339418662,122.344158571005,68.5563803875,16.727800460157,0,2.23891543,128.585700029802,185.65517146108,126.821047625064,58.8341238360164,57.0694714312788,0,0,0,0,0,0,0,0,0,100.16603555464,-107.812598293921,-50.548148404625,0,0,0,0,0,0,0,0,0,0,0,50.548148404625,38.498148404625,25.523148404625,25.523148404625,0,0,12.975,12.05,12.05,0,0,-8.23593713774998,1.075,1.075,0,0,0,1.075,0,1.075,0,0,0,0,0,0,0,0,0,0,0,0,0,0,0,0,0,0,0,9.31093713774998,0,0,0,0,0,0,0,9.31093713774998,0,0,0,0,0,0,9.31093713774998,9.31093713774998,0,0,0,0,0,0,0,0,0,0,0,0,0,0,0,0,0,0,0,0,0,0,0,0,0,0,0,0,0,0,0,0,0,0,0,-49.0285127515457,-9.92908181158213,39.0994309399636,0,0,0,-9.9978716980627,-9.91717496104033,8.33,8.33,0,3.75282503895967,3.75282503895967,0,0,0,0,-22,-22,0,0,0,0,-22,-22,0,0.0806967370223695,0,0,0,0.0806967370223695,0.0806967370223695,0,0,0,0,0,0,0,0,0,0,0,0,0,0,-38.8765044592708,-0.0119068505418039,0,0,0,0,-0.0119068505418039,0,-0.0119068505418039,0,0,0,0,0,0,0,0,0,0,0,0,0,38.864597608729,0,0,0,0,-5.12728211127102,0,-5.12728211127102,33.26687972,0,0,33.26687972,46.58586652,0,46.58586652,-13.3189868,10.725,2.65,8.075,0,0,0,10.725,2.65,8.075,0,0,0,0,0,0,0,0,0,0,0,0,0,0,0,-0.154136594212281,0,0,0,0,0,0,0,0,0,0,0,0,0,0,0,0,0,0,0,0.154136594212281,0,0,0,0,0,0,0,0,0,0.154136594212281,0.154136594212281,0,0,0,0,0.154136594212281,0.154136594212281,0,0,0,0,0,0,0,0,0,0,0,0,0,0,0,0,0,0,0,0,0,0,0,0,0,0,0,0,0,0,0,0,0,0,0,0,0,0,0,0,0,-134.142302361744,-73.8363314868169,73.8363314868169,57.4271367628169,0,0,0,0,0,57.4271367628169,57.4271367628169,0,57.4271367628169,0,0,0,0,0,0,0,-17.831049844,2.954910436,-20.78596028,1.42185512,1959.63666666667,1969.36980063796,215.550542713206,-107.462303864022,4485.59174042,0,14.0128202790496,9.29700366222844,29.0922184276433,19.3016434863243,3136.55691646022,6.73447496761914,1062.83434269578,6.73447496761914
2004-01-01,2004,"Q1","2003/04","Q3","January",-45.1429721585471,469.397861377899,514.540833536446,-123.7189415206,298.523295130842,422.242236651441,-106.625465926044,201.439423239531,308.064889165575,-121.418465926044,186.646423239531,36.528394,139.785375929402,25.342,8.962,15.188,34.12115,7.625,0,4.043,10.3326533101286,308.064889165575,32.611726719784,22.8001943645341,9.81153235525,271.8723964406,35.4708,236.4015964406,3.58076600519101,0,0,0,14.793,14.793,0,-17.0934755945551,97.083871891311,114.177347485866,0,0,0,0,0,0,-57.2272488919726,2.77592239836798,60.0031712903406,43.6039519348949,74.9401365188949,31.336184584,0,0,0,-8.292278742745,0.866836873141287,9.15911561588629,1.29,1.86,0.57,-0.92774,0,0.92774,-1.44614350486991,3.98394127076936,5.43008477563927,5.95810287,8.59060486,2.63250199,0,0,0,-0.0521192598625005,4.0664299701375,4.11854923,0,-67.7729074446179,11.7916323509099,79.5645397955278,-12.063,0,12.063,-55.7099074446179,11.7916323509099,67.5015397955278,-54.7068126547349,0,54.7068126547349,-1.13287017775835,0,1.13287017775835,-10.7304588621247,0.931398100909896,11.6618569630346,6.12577849,10.86023425,10.86023425,0,0,0,0,146.348876806671,159.082933896147,12.7340570894769,114.06879795254,114.06879795254,31.7305,68.5563803875,13.78191756504,0,0,32.2800788541305,45.0141359436074,28.297904643282,16.7162313003254,12.7340570894769,0,0,0,0,0,0,0,0,0,-45.1429721585471,-72.5608323281405,-73.8541199501729,0,0,0,0,0,0,0,0,0,0,0,73.8541199501729,76.4628820125,41.7128820125,41.7128820125,0,0,34.75,-2.60876206232707,-2.60876206232707,0,0,2.30241303233239,0,0,0,0,0,0,0,0,0,0,0,0,0,0,0,0,0,0,0,0,0,0,0,0,0,0,0,-2.30241303233239,0,0,0,0,0,0,0,-2.30241303233239,0,0,0,0,0,0,-2.30241303233239,-2.30241303233239,0,0,0,0,0,0,0,0,0,0,0,0,0,0,0,0,0,0,0,0,0,0,0,0,0,0,0,0,0,0,0,0,0,0,0,-1.00912541030002,34.0943104046958,35.1034358149959,0,0,0,25.8762892622717,34.0986397011655,8.44862936014258,8.44862936014258,0,28.6500103410229,28.6500103410229,0,0,0,0,-3,-3,0,0,0,0,-3,-3,0,8.22235043889378,0,0,0,8.22235043889378,8.22235043889378,0,0,0,0,0,0,0,0,0,0,0,0,0,0,-17.4815832240972,-0.00432929646968291,0,0,0,0,-0.00432929646968291,0,-0.00432929646968291,0,0,0,0,0,0,0,0,0,0,0,0,0,17.4772539276275,0,0,0,0,-3.59764153592268,0,-3.59764153592268,18.01295689,0,0,18.01295689,39.78948745,1.38184556,38.40764189,-21.77653056,3.06193857355024,2.01690113630441,1.04503743724583,0,0,0,3.06193857355024,2.01690113630441,1.04503743724583,0,0,0,0,0,0,0,0,0,0,0,0,0,0,0,-9.40383144847453,0,0,0,0,0,0,0,0,0,0,0,0,0,0,0,0,0,0,0,9.40383144847453,0,0,0,0,0,0,0,0,0,9.40383144847453,9.40383144847453,0,0,0,0,9.40383144847453,9.40383144847453,0,0,0,0,0,0,0,0,0,0,0,0,0,0,0,0,0,0,0,0,0,0,0,0,0,0,0,0,0,0,0,0,0,0,0,0,0,0,0,0,0,-41.5544863453335,14.13662617574,-14.13662617574,-13.4399836829,0,0,0,0,0,-13.4399836829,-13.4399836829,0,-13.4399836829,0,0,0,0,0,0,0,-5.29252733,0,-5.29252733,5.98916982284,1913.97666666667,1909.95772727273,298.523295130842,-159.211770111087,4436.05283313,0,14.1276912331703,9.53317218500039,16.8411844178089,11.3642001516401,2202.17709214502,6.29977859875043,1046.80053171817,6.29977859875043
2004-04-01,2004,"Q2","2003/04","Q4","April",71.3177154288664,628.568494471112,557.250779042245,-179.179754360739,273.738984777949,452.918739138688,-161.335894061152,174.153019536703,335.488913597855,-180.522894061151,154.966019536703,30.054281,110.818639746546,12.948,9.9,7.495,30.01943,7.94,0,4.897,14.0930987901571,335.488913597855,38.5203134839245,26.2477064957245,12.2726069882,291.849581071403,36.76004,255.089541071403,5.11901904252756,0,0,0,19.187,19.187,0,-17.8438602995873,99.5859652412458,117.429825540833,0,0,0,0,0,0,-62.4804622685667,2.82599762080965,65.3064598893764,45.1841748597952,74.8111637735952,29.6269889138,0,0,0,-7.88263397278388,0.906724942276231,8.78935891506011,2.01,2.61,0.6,-0.214237,0,0.214237,1.40163876020692,4.23763266442728,2.83599390422036,6.70581521162368,10.12801627,3.42220105837632,0,0,0,-2.5681558898625,4.0664299701375,6.63458586,0,-72.1625862463448,7.64000098960652,79.8025872359513,-12.063,0,12.063,-60.0995862463448,7.64000098960652,67.7395872359513,-54.7068126547349,0,54.7068126547349,-0.841847068145323,0,0.841847068145323,-11.4411154634646,0.749812049606517,12.1909275130711,6.3843833,6.89018894,6.89018894,0,0,0,0,322.66005603595,347.189508703556,24.529452667606,265.403702039354,266.526299956104,180.902142,68.5563803875,17.0677775686038,0,1.12259791675,57.2563539965962,80.6632087474522,52.01523277968,28.6479759677723,23.406854750856,0,0,0,0,0,0,0,0,0,71.3177154288664,-167.725475383737,-73.8541199501729,0,0,0,0,0,0,0,0,0,0,0,73.8541199501729,76.4628820125,41.7128820125,41.7128820125,0,0,34.75,-2.60876206232707,-2.60876206232707,0,0,7.34058652117444,0,0,0,0,0,0,0,0,0,0,0,0,0,0,0,0,0,0,0,0,0,0,0,0,0,0,0,-7.34058652117444,0,0,0,0,0,0,0,-7.34058652117444,0,0,0,0,0,0,-7.34058652117444,-7.7016421257167,0,0,0.361055604542267,0,0,0,0,0,0,0,0,0,0,0,0,0,0,0,0,0,0,0,0,0,0,0,0,0,0,0,0,0,0,0,0,-101.211941954738,-44.3594327559317,56.8525091988065,0,0,0,-42.7727558193879,-44.7901781494844,1.11237936014258,1.11237936014258,0,17.097442490373,17.097442490373,0,0,0,0,-63,-63,0,0,0,0,-63,-63,0,-2.0174223300965,0,0,0,-2.0174223300965,-2.0174223300965,0,0,0,0,0,0,0,0,0,0,0,0,0,0,-54.2957934980841,0.430745393552662,0,0,0,0,0.430745393552662,0,0.430745393552662,0,0,0,0,0,0,0,0,0,0,0,0,0,54.7265388916367,0,0,0,0,-2.4553678019135,0,-2.4553678019135,54.11996812,0,0,54.11996812,71.8070242,29.2929405,42.5140837,-17.68705608,3.06193857355024,2.01690113630441,1.04503743724583,0,0,0,3.06193857355024,2.01690113630441,1.04503743724583,0,0,0,0,0,0,0,0,0,0,0,0,0,0,0,-4.14339263726625,0,0,0,0,0,0,0,0,0,0,0,0,0,0,0,0,0,0,0,4.14339263726625,0,0,0,0,0,0,0,0,0,4.14339263726625,4.14339263726625,0,0,0,0,4.14339263726625,4.14339263726625,0,0,0,0,0,0,0,0,0,0,0,0,0,0,0,0,0,0,0,0,0,0,0,0,0,0,0,0,0,0,0,0,0,0,0,0,0,0,0,0,0,-134.885251653999,-104.157939158604,104.157939158604,82.088071054704,0,0,0,0,0,82.088071054704,82.088071054704,0,82.088071054704,0,0,0,0,0,0,0,-23.4342526439,0,-23.4342526439,1.36438454,1844.37166666667,1864.32716269841,273.738984777949,-195.208584527237,4464.91749444,0,14.6831279629985,9.34142089068632,28.4608119260625,18.1067973909914,2563.78988220701,6.40557295246621,1121.84360379145,6.40557295246621
2004-07-01,2004,"Q3","2004/05","Q1","July",-53.5412776010897,589.85830220195,643.39957980304,-237.155086001602,278.157186049962,515.312272051564,-203.748019524614,185.662698701595,389.410718226209,-223.140019524614,166.270698701595,27.636714,119.411871315246,5.481,6.021,9.619,33.211430306455,7.368,0,5.996,19.2221133863492,389.410718226209,37.3858629722849,30.8190599560349,6.56680301625,344.706768587615,35.4541,309.252668587615,7.31808666630871,0,0,0,19.392,19.392,0,-33.4070664769885,92.4944873483672,125.901553825356,0,0,0,0,0,0,-67.9262643978898,2.88644306440501,70.8127074622948,39.8073605951911,62.9080251073911,23.1006645122,0,0,0,-9.04797348948099,1.14730526574101,10.195278755222,1.56,2.28,0.72,-0.082564,0,0.082564,2.33740213809441,6.77013512458261,4.4327329864882,-4.204050675914,9.18300484,13.387055515914,0,0,0,4.14902335301082,7.3195739462475,3.17055059323668,0,-67.501277402256,10.2902849030161,77.7915623052721,-15.1138706966145,0,15.1138706966145,-52.3874067056415,10.2902849030161,62.6776916086576,-54.5882739915048,0,54.5882739915048,-0.583159767315373,0,0.583159767315373,-6.25086838682134,1.25538946301612,7.50625784983746,6.03321025,9.03489544,9.03489544,0,0,0,0,251.115085802768,301.410831248972,50.2957454462033,139.237724004,139.879566244,53.10579374,73.045178414,13.72859409,0,0.64184224,111.877361798768,161.531265004972,110.342007124896,51.1892578800755,49.6539032062033,0,0,0,0,0,0,0,0,0,-53.5412776010897,-126.505872893966,-73.8541199501729,0,0,0,0,0,0,0,0,0,0,0,73.8541199501729,76.4628820125,41.7128820125,41.7128820125,0,0,34.75,-2.60876206232707,-2.60876206232707,0,0,4.3506413657715,0,0,0,0,0,0,0,0,0,0,0,0,0,0,0,0,0,0,0,0,0,0,0,0,0,0,0,-4.3506413657715,0,0,0,0,0,0,0,-4.3506413657715,0,0,0,0,0,0,-4.3506413657715,-4.60311784494259,0,0,0.252476479171092,0,0,0,0,0,0,0,0,0,0,0,0,0,0,0,0,0,0,0,0,0,0,0,0,0,0,0,0,0,0,0,0,-57.0023943095647,-30.4468692471805,26.5555250623842,0,0,0,-27.0896560256899,-31.0066321604555,-0.0341578398574245,-0.0341578398574245,0,-22.9724743205981,-22.9724743205981,0,0,0,0,-8,-8,0,0,0,0,-8,-8,0,-3.91697613476558,0,0,0,-3.91697613476558,-3.91697613476558,0,0,0,0,0,0,0,0,0,0,0,0,0,0,-31.2737775010784,-0.0287070867249552,0,0,0,0,-0.0287070867249552,0,-0.0287070867249552,0,0,0,0,0,0,0,0,0,0,0,0,0,31.2450704143534,0,0,0,0,-4.52969367823414,0,-4.52969367823414,26.423339394,0,0,26.423339394,49.644195106,0,49.644195106,-23.220855712,9.3514246985876,2.9514246985876,6.4,0,0,0,9.3514246985876,2.9514246985876,6.4,0,0,0,0,0,0,0,0,0,0,0,0,0,0,0,0.772569217203676,0,0,0,0,0,0,0,0,0,0,0,0,0,0,0,0,0,0,0,-0.772569217203676,0,0,0,0,0,0,0,0,0,-0.772569217203676,-0.772569217203676,0,0,0,0,-0.772569217203676,-0.772569217203676,0,0.58847,0.58847,0,0,0,0,0,0,0.58847,0,0.58847,0,0,0,0,0,0,0,0,0,0,0,0,0,0,0,0,0,0,0,0,0,0,0,0,0,0,0,0,0,-46.1368386348764,-26.8277566579999,26.8277566579999,29.4950917599999,0,0,0,0,0,29.4950917599999,29.4950917599999,0,29.4950917599999,0,0,0,0,0,0,0,0.4602181,2.9155454,-2.4553273,2.207117002,1753.15,1733.65031818182,278.157186049962,-193.42084384509,4512.4612179,0,16.7731110544999,11.1956160767338,18.0955777196787,12.0783282348727,2430.46193417269,6.06305433946393,1155.32774883781,6.06305433946393
2004-10-01,2004,"Q4","2004/05","Q2","October",25.6915140792864,687.472198934491,661.780684855204,-246.950132041667,281.866987182647,528.817119224315,-195.922176477839,197.868150825722,393.790327303561,-216.368176477839,177.422150825722,28.91984954,122.28452984033,1.057,10.576,8.032,40.6929570105591,6.866,0,6.928,26.2177714453917,393.790327303561,50.0375010203797,38.7071009764297,11.33040004395,333.29097958742,38.31982,294.97115958742,10.4618466957611,0,0,0,20.446,20.446,0,-51.027955563828,83.9988363569258,135.026791920754,0,0,0,0,0,0,-70.0060724365696,2.974457633263,72.9805300698326,30.3100941464597,54.3505091692596,24.0404150228,0,0,0,-9.80670862303964,1.20007862315569,11.0067872461953,1.5,2.4,0.9,-0.192962,0,0.192962,1.5855283842,9.725419895,8.1398915108,-5.75676707750455,6.02879709,11.7855641675045,0,0,0,1.3389320426261,7.3195739462475,5.9806419036214,0,-72.9067825491877,5.9474079673774,78.8541905165652,-15.1138706966145,0,15.1138706966145,-57.7929118525732,5.9474079673774,63.7403198199506,-54.5882739915048,0,54.5882739915048,-0.298984442039088,0,0.298984442039088,-7.49216316902936,1.3608982173774,8.85306138640676,7.18555713,4.58650975,4.58650975,0,0,0,0,345.548428670142,399.657803784466,54.1093751143244,224.003074428758,224.167655371758,125.777781519758,79.135734012,19.25413984,0,0.164580943,121.545354241384,175.490148412708,119.877320380721,55.6128280319871,53.9447941713243,0,0,0,0,0,0,0,0,0,25.6915140792864,-136.289566260355,-73.8541199501729,0,0,0,0,0,0,0,0,0,0,0,73.8541199501729,76.4628820125,41.7128820125,41.7128820125,0,0,34.75,-2.60876206232707,-2.60876206232707,0,0,-20.2168746929135,0,0,0,0,0,0,0,0,0,0,0,0,0,0,0,0,0,0,0,0,0,0,0,0,0,0,0,20.2168746929135,23.9791426142838,0,0,23.9708830476235,0.0082595666603397,0,0.0082595666603397,-3.76226792137026,0,0,0,0,0,0,-3.76226792137026,-3.86493446286013,0,0,0.102666541489871,0,0,0,0,0,0,0,0,0,0,0,0,0,0,0,0,0,0,0,0,0,0,0,0,0,0,0,0,0,0,0,0,-42.2185716172682,15.6755688593553,57.8941404766235,0,0,0,5.46556511272767,15.2073586122498,-0.916305539857425,-0.916305539857425,0,-18.8763358478928,-18.8763358478928,0,0,0,0,35,35,0,0,0,0,35,35,0,9.74179349952212,0,0,0,9.74179349952212,9.74179349952212,0,0,0,0,0,0,0,0,0,0,0,0,0,0,-47.9844237385347,-0.0121296988945329,0,0,0,0,-0.0121296988945329,0,-0.0121296988945329,0,0,0,0,0,0,0,0,0,0,0,0,0,47.9722940396402,0,0,0,0,8.20598997305257,0,8.20598997305257,30.414879368,0,0,30.414879368,45.830676248,5.10632373,40.724352518,-15.41579688,9.3514246985876,2.9514246985876,6.4,0,0,0,9.3514246985876,2.9514246985876,6.4,0,0,0,0,0,0,0,0,0,0,0,0,0,0,0,-0.180052937461214,0,0,0,0,0,0,0,0,0,0,0,0,0,0,0,0,0,0,0,0.180052937461214,0,0,0,0,0,0,0,0,0,0.180052937461214,0.180052937461214,0,0,0,0,0.180052937461214,0.180052937461214,0,0.480339946,0.480339946,0.667339946,0,0.667339946,0,0,0,-0.187,0,-0.187,0,0,0,0,0,0,0,0,0,0,0,0,0,0,0,0,0,0,0,0,0,0,0,0,0,0,0,0,0,-70.2725432064273,-91.7085371332138,91.7085371332138,68.1070588682264,0,0,0,0,0,68.1070588682264,68.1070588682264,0,68.1070588682264,0,0,0,0,0,0,0,-24.37745134,0,-24.37745134,0.775973075012622,1738.59,1734.78019653052,281.866987182647,-198.476141292472,4753.78556519,0,12.3199478204344,8.64849522771219,24.9014430565863,17.480594445443,2402.50163826367,6.67038621172417,1295.25421189527,6.67038621172417
2005-01-01,2005,"Q1","2004/05","Q3","January",-23.1797512079381,589.193788031054,612.373539238992,-167.862563079977,348.26451048841,516.127073568387,-161.023504465317,224.355991176533,385.37949564185,-170.603504465317,214.775991176533,37.772841,141.691501256534,18.0515966259228,6.277069482104,8.74001312215098,45.3927189813839,7.80097245467176,0,6.563,35.31164892,385.37949564185,33.46824937919,21.75854797169,11.7097014075,340.10145978456,39.763535,300.33792478456,11.8097864781,0,0,0,9.58,9.58,0,-6.8390586146609,123.908519311876,130.747577926537,0,0,0,0,0,0,-70.1975664073376,2.81222044596706,73.0097868533046,65.5690448327726,97.7397536199458,32.1707087871732,0,0,0,-9.554711225285,1.55009141390751,11.1048026391925,1.41,2.16,0.75,1.594347,1.648223,0.053876,2.07723510381445,9.60437213580821,7.52713703199376,-1.65927403015113,1.07428475,2.73355878015113,0,0,0,3.92186611152579,7.3195739462475,3.39770783472171,0,-61.5928797912839,11.4133834268124,73.0062632180963,-15.1138706966145,0,15.1138706966145,-46.4790090946694,11.4133834268124,57.8923925214818,-50.3360166118197,0,50.3360166118197,-0.250586192715225,0,0.250586192715225,-4.67489986013444,2.63088985681238,7.30578971694682,6.1416865483979,8.78249357,8.78249357,0,0,0,0,206.275691663323,229.515894115832,23.2402024525086,135.983597334664,135.992618,34.91706,87.36805318,13.70750482,0,0.009020665336,70.2920943286592,93.5232761158319,51.6248484159392,41.8984276998927,23.2311817871726,0,0,0,0,0,0,0,0,0,-23.1797512079381,-141.112688534632,-94.9520851667653,0,0,0,0,0,0,0,0,0,0,0,94.9520851667653,95.307556399625,63.307556399625,63.307556399625,0,0,32,-0.355471232859674,-0.355471232859674,0,0,0.151207396865882,0,0,0,0,0,0,0,0,0,0,0,0,0,0,0,0,0,0,0,0,0,0,0,0,0,0,0,-0.151207396865882,0,0,0,0,0,0,0,-0.151207396865882,0,0,0,0,0,0,-0.151207396865882,-1.32282346205096,0,0,1.17161606518508,0,0,0,0,0,0,0,0,0,0,0,0,0,0,0,0,0,0,0,0,0,0,0,0,0,0,0,0,0,0,0,0,-46.3118107647327,-36.8513137904738,9.46049697425889,0,0,0,-30.3995637500592,-39.8468975217194,-0.913629360142522,-0.913629360142522,0,-34.2666014949102,-34.2666014949102,0,0,0,0,-4.66666666666667,-4.66666666666667,0,0,0,0,-4.66666666666667,-4.66666666666667,0,-9.4473337716602,0,0,0,-9.4473337716602,-9.4473337716602,0,0,0,0,0,0,0,0,0,0,0,0,0,0,-3.98993452236828,2.99558373124563,0,0,0,0,2.99558373124563,0,2.99558373124563,0,0,0,0,0,0,0,0,0,0,0,0,0,6.98551825361391,0,0,0,0,-8.9476378695461,0,-8.9476378695461,6.53399797,0,0,6.53399797,31.0768199,0,31.0768199,-24.54282193,9.39915815316001,2.74915815316001,6.65,0,0,0,9.39915815316001,2.74915815316001,6.65,0,0,0,0,0,0,0,0,0,0,0,0,0,0,0,-11.9223124923052,0,0,0,0,0,0,0,0,0,0,0,0,0,0,0,0,0,0,0,11.9223124923052,0,0,0,0,0,0,0,0,0,11.9223124923052,11.9223124923052,0,0,0,0,11.9223124923052,11.9223124923052,0,0,0,0,0,0,0,0,0,0,0,0,0,0,0,0,0,0,0,0,0,0,0,0,0,0,0,0,0,0,0,0,0,0,0,0,0,0,0,0,0,-97.7867424875029,-20.1461948391912,20.1461948391912,18.1978424607933,0,0,0,0,0,18.1978424607933,18.1978424607933,0,18.1978424607933,0,0,0,0,0,0,0,-2.52523348,0,-2.52523348,0.576881101602097,1742.46,1724.54191553035,348.26451048841,-159.172369207938,4651.77530803,0,15.1423018704531,9.75484450045005,16.3451898146741,10.5297587075323,2073.3902774942,6.24543325130678,1292.91998085976,6.24543325130678
2005-04-01,2005,"Q2","2004/05","Q4","April",118.155078586938,766.02273616529,647.867657578352,-156.041392565307,402.637864310884,558.679256876191,-145.709604519996,270.333366597054,416.04297111705,-167.617669519996,248.425301597054,50.198,145.642557917054,17.0259519708702,9.70284346163259,7.88060103312006,47.098675972633,8.49303909046506,0,6.683875,52.58474368,416.04297111705,36.952689686751,25.048557560651,11.9041321261,367.870108099749,44.05126,323.818848099749,11.22017333055,0,0,0,21.908065,21.908065,0,-10.3317880453106,132.30449771383,142.636285759141,0,0,0,0,0,0,-77.5004157166237,2.80772436590585,80.3081400825295,71.0807650997382,105.527327054778,34.44656195504,0,0,0,-8.90644892244105,1.44629867109023,10.3527475935313,1.53,2.28,0.75,2.531946,2.568852,0.036906,1.61409450381445,9.44131681580821,7.82722231199376,-4.277280216448,0.91340486,5.190685076448,0,0,0,3.5955512066495,7.3195739462475,3.724022739598,0,-59.256305077825,14.3588452968124,73.6151503746374,-15.1138706966145,0,15.1138706966145,-44.1424343812105,14.3588452968124,58.5012796780229,-50.3360166118197,0,50.3360166118197,-0.264387597654247,0,0.264387597654247,-5.26998561173654,2.63088985681238,7.90087546854892,6.20893501,11.72795544,11.72795544,0,0,0,0,333.452776230069,349.026026557594,15.5732503275245,286.340859377543,286.343859377543,188.514157105543,79.847954142,17.98174813,0,0.003,47.1119168525258,62.6821671800503,34.6005562833878,28.0816108966625,15.5702503275245,0,0,0,0,0,0,0,0,0,118.155078586938,-85.7021069652932,-94.9520851667653,0,0,0,0,0,0,0,0,0,0,0,94.9520851667653,95.307556399625,63.307556399625,63.307556399625,0,0,32,-0.355471232859674,-0.355471232859674,0,0,4.25083311556682,0,0,0,0,0,0,0,0,0,0,0,0,0,0,0,0,0,0,0,0,0,0,0,0,0,0,0,-4.25083311556682,0,0,0,0,0,0,0,-4.25083311556682,0,0,0,0,0,0,-4.25083311556682,-4.75799325473435,0,0,0.50716013916753,0,0,0,0,0,0,0,0,0,0,0,0,0,0,0,0,0,0,0,0,0,0,0,0,0,0,0,0,0,0,0,0,4.99914508590533,47.5234598620598,42.5243147761545,0,0,0,35.9085627506499,47.0794688733032,-2.65093331014252,-2.65093331014252,0,36.7304021834457,36.7304021834457,0,0,0,0,13,13,0,0,0,0,13,13,0,11.1709061226533,0,0,0,11.1709061226533,11.1709061226533,0,0,0,0,0,0,0,0,0,0,0,0,0,0,-25.6651025406573,0.443990988756657,0,0,0,0,0.443990988756657,0,0.443990988756657,0,0,0,0,0,0,0,0,0,0,0,0,0,26.109093529414,0,0,0,0,6.62338794825395,0,6.62338794825395,10.086547428,0,0,10.086547428,40.242902028,1.338,38.904902028,-30.1563546,9.39915815316001,2.74915815316001,6.65,0,0,0,9.39915815316001,2.74915815316001,6.65,0,0,0,0,0,0,0,0,0,0,0,0,0,0,0,-5.24431512408722,0,0,0,0,0,0,0,0,0,0,0,0,0,0,0,0,0,0,0,5.24431512408722,0,0,0,0,0,0,0,0,0,5.24431512408722,5.24431512408722,0,0,0,0,5.24431512408722,5.24431512408722,0,0,0,0,0,0,0,0,0,0,0,0,0,0,0,0,0,0,0,0,0,0,0,0,0,0,0,0,0,0,0,0,0,0,0,0,0,0,0,0,0,-113.123398858277,-90.733786693954,90.733786693954,66.379480813954,0,0,0,0,0,66.379480813954,66.379480813954,0,66.379480813954,0,0,0,0,0,0,0,-25.23918055,0,-25.23918055,0.884874670000002,1740.25,1763.87334235209,402.637864310884,-168.188780790606,4416.29930614,0,14.3122392019297,9.60931931630905,23.907997156835,16.0519661285748,1633.6493573591,5.96280264255195,1306.62689829048,5.96280264255195
2005-07-01,2005,"Q3","2005/06","Q1","July",-84.6196843504904,671.5579311616,756.17761551209,-250.200611066228,384.567307561614,634.767918627842,-227.747027890962,242.550298719488,470.29732661045,-248.547027890962,221.750298719488,45.193018,132.069721139488,1.8525597897532,8.3704529496713,6.43471234765493,43.2734386550775,8.48166956022347,0,10.043,44.48755958,470.29732661045,53.3387988769757,39.3718751523757,13.9669237246,407.568700321324,58.591115,348.977585321324,9.38982741215,0,0,0,20.8,20.8,0,-22.4535831752659,142.017008842126,164.470592017392,0,0,0,0,0,0,-99.5710883346729,0.888762818051063,100.459851152724,70.270464808021,100.794621196026,30.5241563880055,0,0,0,-10.762300898008,1.30686792656337,12.0691688245714,3.42,4.17,0.75,1.127183,1.732767,0.605584,4.48094684381445,12.6698889658082,8.18894212199376,0.154092062523298,8.26667136630589,8.11257930378259,0,0,0,8.42711934305625,12.1874295693713,3.760310226315,0,-69.1185185974817,10.0039380448475,79.1224566423292,-17.5564514555134,0,17.5564514555134,-51.5620671419683,10.0039380448475,61.5660051868158,-50.5150448063237,0,50.5150448063237,-2.0598997034476,0,2.0598997034476,-8.33492009219702,0.656140584847475,8.9910606770445,6.8694311412145,9.34779746,9.34779746,0,0,0,0,234.699445313219,276.986685555138,42.287240241919,106.74819826883,106.74819826883,10.24224982,84.3465232088297,12.15942524,0,0,127.951247044389,170.238487286308,93.9716449820421,76.2668423042661,42.287240241919,0,0,0,0,0,0,0,0,0,-84.6196843504904,-106.626729959208,-94.9520851667653,0,0,0,0,0,0,0,0,0,0,0,94.9520851667653,95.307556399625,63.307556399625,63.307556399625,0,0,32,-0.355471232859674,-0.355471232859674,0,0,10.5119373816402,0,0,0,0,0,0,0,0,0,0,0,0,0,0,0,0,0,0,0,0,0,0,0,0,0,0,0,-10.5119373816402,0,0,0,0,0,0,0,-10.5119373816402,0,0,0,0,0,0,-10.5119373816402,-10.5119373816402,0,0,0,0,0,0,0,0,0,0,0,0,0,0,0,0,0,0,0,0,0,0,0,0,0,0,0,0,0,0,0,0,0,0,0,-22.1865821740831,18.9057250703477,41.0923072444308,0,0,0,27.4011009273656,22.4201873522609,-0.913629360142522,-0.913629360142522,0,10.3338167124034,10.3338167124034,0,0,0,0,13,13,0,0,0,0,13,13,0,-4.98091357510464,0,0,0,-4.98091357510464,-4.98091357510464,0,0,0,0,0,0,0,0,0,0,0,0,0,0,-50.4295621362379,-3.51446228191325,0,0,0,0,-3.51446228191325,0,-3.51446228191325,0,0,0,0,0,0,0,0,0,0,0,0,0,46.9150998543247,0,0,0,0,26.0261731661461,0,26.0261731661461,12.6640103119023,0,0,12.6640103119023,36.7124561449023,0,36.7124561449023,-24.048445833,8.22491637627628,2.34991637627628,5.875,0,0,0,8.22491637627628,2.34991637627628,5.875,0,0,0,0,0,0,0,0,0,0,0,0,0,0,0,0.841879034789261,0,0,0,0,0,0,0,0,0,0,0,0,0,0,0,0,0,0,0,-0.841879034789261,0,0,0,0,0,0,0,0,0,-0.841879034789261,-0.841879034789261,0,0,0,0,-0.841879034789261,-0.841879034789261,0,0,0,0,0,0,0,0,0,0,0,0,0,0,0,0,0,0,0,0,0,0,0,0,0,0,0,0,0,0,0,0,0,0,0,0,0,0,0,0,0,-92.9017205019036,70.8946748931857,-70.8946748931857,-92.0300020395145,0,0,0,0,0,-92.0300020395145,-92.0300020395145,0,-92.0300020395145,0,0,0,0,0,0,0,0.395595984343327,2.92082946,-2.52523347565667,-21.5309231306721,1862.68,1803.88347727273,384.567307561614,-191.36788261932,4357.83580751,0,13.2765973217434,8.37367759309929,14.5187000468065,9.15708372534331,1796.67303256958,5.35434625782129,1237.16310328398,5.35434625782129
2005-10-01,2005,"Q4","2005/06","Q2","October",43.189102443485,810.811604202439,767.622501758954,-233.96168333072,406.553242482667,640.514925813388,-195.229371304022,278.617919763828,473.84729106785,-215.951371304022,257.895919763828,38.525,151.448074753828,1.27989161345383,9.61863410659213,8.13226449707403,53.304622224891,9.02031889463972,0,10.561,67.92284501,473.84729106785,23.8325648754658,7.85232092261583,15.98024395285,427.431766649834,67.682595,359.749171649834,22.58295954255,0,0,0,20.722,20.722,0,-38.7323120266986,127.935322718839,166.667634745538,0,0,0,0,0,0,-99.9150948247649,0.769869454546894,100.684964279312,48.5238350726303,75.8044033286796,27.2805682560493,0,0,0,-11.2529555144226,3.13434659043334,14.387302104856,1.65,2.67,1.02,0.70683192,1.47396592,0.767134,9.54419747381445,17.7796058158082,8.23540834199376,-0.0863651175310003,10.49565064,10.582015757531,0,0,0,12.0972389635753,15.8074809693712,3.710242005796,0,-49.3416148104066,14.040811661504,63.3824264719105,-4.413466130625,0,4.413466130625,-44.9281486797816,14.040811661504,58.9689603412855,-50.5150448063237,0,50.5150448063237,-0.265070214341901,0,0.265070214341901,-5.91235358911601,2.27649173150396,8.18884532061997,6.1353235741023,11.76431993,11.76431993,0,0,0,0,326.492400584612,390.217550058268,63.7251494736558,133.67508035756,133.67508035756,73.930879,39.28465739756,20.45954396,0,0,192.817320227052,256.542469700708,141.611443274791,114.931026425917,63.7251494736558,0,0,0,0,0,0,0,0,0,43.189102443485,-203.427924422275,-94.9520851667653,0,0,0,0,0,0,0,0,0,0,0,94.9520851667653,95.307556399625,63.307556399625,63.307556399625,0,0,32,-0.355471232859674,-0.355471232859674,0,0,-1.55452806986688,0,0,0,0,0,0,0,0,0,0,0,0,0,0,0,0,0,0,0,0,0,0,0,0,0,0,0,1.55452806986688,0,0,0,0,0,0,0,1.55452806986688,0,0,0,0,0,0,1.55452806986688,1.36360377074821,0,0,0.190924299118669,0,0,0,0,0,0,0,0,0,0,0,0,0,0,0,0,0,0,0,0,0,0,0,0,0,0,0,0,0,0,0,0,-106.921311185643,-79.5579101079769,27.3634010776662,0,0,0,-94.4543367908293,-88.4223455772446,4.94787063985748,4.94787063985748,0,-64.370216217102,-64.370216217102,0,0,0,0,-29,-29,0,0,0,0,-29,-29,0,6.03199121358471,0,0,0,6.03199121358471,6.03199121358471,0,0,0,0,0,0,0,0,0,0,0,0,0,0,-12.2707682946672,8.86443546926769,0,0,0,0,8.86443546926769,0,8.86443546926769,0,0,0,0,0,0,0,0,0,0,0,0,0,21.1352037639349,0,0,0,0,-25.2396706247814,0,-25.2396706247814,38.14995801244,0,0,38.14995801244,58.33803498244,32.629397,25.70863798244,-20.18807697,8.22491637627628,2.34991637627628,5.875,0,0,0,8.22491637627628,2.34991637627628,5.875,0,0,0,0,0,0,0,0,0,0,0,0,0,0,0,-0.196206100146569,0,0,0,0,0,0,0,0,0,0,0,0,0,0,0,0,0,0,0,0.196206100146569,0,0,0,0,0,0,0,0,0,0.196206100146569,0.196206100146569,0,0,0,0,0.196206100146569,0.196206100146569,0,0,0,0,0,0,0,0,0,0,0,0,0,0,0,0,0,0,0,0,0,0,0,0,0,0,0,0,0,0,0,0,0,0,0,0,0,0,0,0,0,-124.499059266687,-122.117967599073,122.117967599073,99.0426948616266,0,0,0,0,0,99.0426948616266,99.0426948616266,0,99.0426948616266,0,0,0,0,0,0,0,-15.282224770624,0,-15.282224770624,-7.79304796682241,1816.855,1835.8245,406.553242482667,-90.4859779140751,4347.112661482,0,10.3494877003119,7.0926816770012,15.9688525715648,10.943728937777,1560.24159004807,5.39731121162246,1329.61487666325,5.39731121162246
2006-01-01,2006,"Q1","2005/06","Q3","January",-104.552495941213,703.799669091082,808.352165032294,-301.885214658173,384.120842011277,686.00605666945,-256.372161813293,244.64247503,501.014636843293,-284.079161813293,216.93547503,50.394,135.066,4.723,3.966,5.49,39.2676324,8.061,0,3.736,31.47547503,501.014636843293,18.047037916985,6.00326064669144,12.0437772702936,468.126077130308,76.869265,391.256812130309,14.841521796,0,0,0,27.707,27.707,0,-45.5130528448795,139.478366981277,184.991419826156,0,0,0,0,0,0,-103.661091180599,0.90638268249415,104.567473863094,57.4003917345969,91.4071633397807,34.0067716051838,0,0,0,-12.5813724635471,1.12677725455915,13.7081497181063,1.5,2.25,0.75,-1.816781,0.90603,2.722811,3.51442548121978,14.0193914062637,10.504965925044,-7.84209845221175,7.33354841,15.1756468622118,0,0,0,17.9734730356623,21.5290738881793,3.555600852517,0,-62.498569901753,13.1100384610914,75.6086083628444,-4.7066814598875,0,4.7066814598875,-57.7918884418655,13.1100384610914,70.9019269029569,-62.3383767979937,0,62.3383767979937,-0.30915929458966,0,0.30915929458966,-5.81628239747751,2.43810841289601,8.25439081037351,6.59550103146957,10.6719300481954,10.6719300481954,0,0,0,0,259.831288618713,306.568788618713,46.7375,135.23016300688,135.73016300688,90.167653,28.11986647688,17.44264353,0,0.5,124.601125611833,170.838625611833,102.75,68.0886256118333,46.2375,126.81,126.81,0,0,0,0,126.81,126.81,0,22.2575040587873,-237.783245645002,-161.065624986628,0,0,0,0,0,0,0,0,0,0,0,161.065624986628,159.940598624369,120.666776690698,120.666776690698,0,0,39.2738219336702,1.12502636225885,1.12502636225885,0,0,-1.86681656690903,0,0,0,0,0,0,0,0,0,0,0,0,0,0,0,0,0,0,0,0,0,0,0,0,0,0,0,1.86681656690903,0,0,0,0,0,0,0,1.86681656690903,0,0,0,0,0,0,1.86681656690903,1.41188338827375,0,0,0.454933178635282,0,0,0,0,0,0,0,0,0,0,0,0,0,0,0,0,0,0,0,0,0,0,0,0,0,0,0,0,0,0,0,0,-74.8508040914658,-45.4191935930725,29.4316104983934,0,0,0,-45.6494166474794,-44.0527752501626,10.91605,10.91605,0,-20.9688252501626,-20.9688252501626,0,0,0,0,-34,-34,0,0,0,0,-34,-34,0,1.59664139731674,0,0,0,1.59664139731674,1.59664139731674,0,0,0,0,0,0,0,0,0,0,0,0,0,0,-16.2094836637564,-1.36641834290985,0,0,0,0,-1.36641834290985,0,-1.36641834290985,0,0,0,0,0,0,0,0,0,0,0,0,0,14.8430653208465,0,0,0,0,11.3636862140896,0,11.3636862140896,-4.4872299505315,0,0,-4.4872299505315,22.22853597312,0,22.22853597312,-26.7157659236515,7.96660905728846,2.09160905728846,5.875,0,0,0,7.96660905728846,2.09160905728846,5.875,0,0,0,0,0,0,0,0,0,0,0,0,0,0,0,-12.9919037802301,0,0,0,0,0,0,0,0,0,0,0,0,0,0,0,0,0,0,0,12.9919037802301,0,0,0,0,0,0,0,0,0,12.9919037802301,12.9919037802301,0,0,0,0,12.9919037802301,12.9919037802301,0,0,0,0,0,0,0,0,0,0,0,0,0,0,0,0,0,0,0,0,0,0,0,0,0,0,0,0,0,0,0,0,0,0,0,0,0,0,0,0,0,-70.3413104321353,-189.699439271655,189.699439271655,60.2136161316545,0,0,0,0,0,60.2136161316545,60.2136161316545,0,60.2136161316545,0,0,0,0,0,0,0,-123.91201627,2.89798373,-126.81,-5.57380687,1823.51,1818.63537280701,384.120842011277,-240.282658948093,4313.57879636,0,16.0276906576884,10.2078655534057,67.862516145147,43.2209140867829,1763.21744448957,5.52958192695909,1422.03318256988,5.52958192695909
2006-04-01,2006,"Q2","2005/06","Q4","April",-152.615939999072,674.664463451354,827.280403450426,-310.631294944659,395.782211096575,706.413506041234,-250.809572856493,272.99747279,523.807045646493,-283.134572856493,240.67247279,39.261,143.55,4.729,4.203,12.508,49.53298434,8.282,0,3.726,57.86147279,523.807045646493,24.3081246531458,14.0869226502032,10.2212020029426,469.770094606647,87.288395,382.481699606647,29.7288263867,0,0,0,32.325,32.325,0,-59.8217220881667,122.784738306575,182.606460394741,0,0,0,0,0,0,-107.465988060253,0.831759351877366,108.29774741213,50.729629637332,82.2534585407282,31.5238289033962,0,0,0,-11.1806181564968,1.48119106514834,12.6618092216452,1.71,2.46,0.75,-1.266245,0.417037,1.683282,7.58343058836945,13.9685686014355,6.38513801306609,-9.21302863275754,8.25514451,17.4681731427575,0,0,0,9.28109753563925,13.1175792373853,3.836481701746,0,-58.2526880433118,16.33002921479,74.5827172581019,-4.2876884762323,0,4.2876884762323,-53.9649995670795,16.33002921479,70.2950287818696,-62.3383767979937,0,62.3383767979937,-0.36666393549237,0,0.36666393549237,-5.6429755143865,1.94701253399703,7.58998804838353,5.94978126825595,14.383016680793,14.383016680793,0,0,0,0,216.2680429889,262.55222313999,46.28418015109,84.2555429888997,84.3022231399896,44.7251,31.2372925599897,8.33983058,0,0.04668015109,132.0125,178.25,102.75,75.5,46.2375,0,0,0,0,0,0,0,0,0,-152.615939999072,-180.123152887857,-161.065624986628,0,0,0,0,0,0,0,0,0,0,0,161.065624986628,159.940598624369,120.666776690698,120.666776690698,0,0,39.2738219336702,1.12502636225885,1.12502636225885,0,0,-1.51083079781296,0,0,0,0,0,0,0,0,0,0,0,0,0,0,0,0,0,0,0,0,0,0,0,0,0,0,0,1.51083079781296,0,0,0,0,0,0,0,1.51083079781296,0,0,0,0,0,0,1.51083079781296,0.133344156616476,0,0,1.37748664119649,0,0,0,0,0,0,0,0,0,0,0,0,0,0,0,0,0,0,0,0,0,0,0,0,0,0,0,0,0,0,0,0,-17.5466971034168,15.026979066133,32.5736761695499,0,0,0,-1.70537892863264,16.5580039439702,8.76134999999999,8.76134999999999,0,21.7966539439702,21.7966539439702,0,0,0,0,-14,-14,0,0,0,0,-14,-14,0,18.2633828726028,0,0,0,18.2633828726028,18.2633828726028,0,0,0,0,0,0,0,0,0,0,0,0,0,0,-10.1265176669699,-1.53102487783712,0,0,0,0,-1.53102487783712,0,-1.53102487783712,0,0,0,0,0,0,0,0,0,0,0,0,0,8.59549278913275,0,0,0,0,-6.44040902269407,0,-6.44040902269407,5.34929275453835,0,0,5.34929275453835,24.2588573245384,1.46,22.7988573245384,-18.90956457,9.68660905728846,3.81160905728846,5.875,0,0,0,9.68660905728846,3.81160905728846,5.875,0,0,0,0,0,0,0,0,0,0,0,0,0,0,0,-5.71480050781432,0,0,0,0,0,0,0,0,0,0,0,0,0,0,0,0,0,0,0,5.71480050781432,0,0,0,0,0,0,0,0,0,5.71480050781432,5.71480050781432,0,0,0,0,5.71480050781432,5.71480050781432,0,0,0,0,0,0,0,0,0,0,0,0,0,0,0,0,0,0,0,0,0,0,0,0,0,0,0,0,0,0,0,0,0,0,0,0,0,0,0,0,0,-70.1995408356347,42.6923279468489,-42.6923279468489,-43.0897844135353,0,0,0,0,0,-43.0897844135353,-43.0897844135353,0,-43.0897844135353,0,0,0,0,0,0,0,0,0,0,-0.39745646668647,1862.295,1841.25743386243,395.782211096575,-236.918163139061,4464.3795298,0,10.1681128740849,7.01362779791866,10.1788518489554,7.02103518743189,1635.31899551106,5.08045704897206,1397.02681278154,5.08045704897206
2006-07-01,2006,"Q3","2006/07","Q1","July",-16.5643059956955,874.099454721908,890.663760717604,-308.966390449249,459.587186694837,768.553577144086,-265.25750947275,305.90278324,571.16029271275,-296.54350947275,274.61678324,42.076,165.714,1.077,9.36,6.228,43.613328,8.744,0,13.002,66.82678324,571.16029271275,20.46339359533,13.98496492498,6.47842867035,536.94340869907,101.471705,435.47170369907,13.75349041835,0,0,0,31.286,31.286,0,-43.7088809764994,153.684403454837,197.393284431336,0,0,0,0,0,0,-122.727469451967,1.09744637676581,123.824915828733,59.7938061560589,88.3212196580038,28.5274135019449,0,0,0,-13.5340199767814,1.66095693484367,15.194976911625,3.66,4.53,0.87,-2.769129,0.429791,3.19892,6.20330382829957,13.6886344314857,7.48533060318612,-6.42565847129267,8.03104565,14.4567041212927,0,0,0,32.090285939183,35.925309403738,3.83502346455493,0,-53.7113745749688,22.1613089985485,75.8726835735173,-7.223474352,0,7.223474352,-46.4879002229688,22.1613089985485,68.6492092215173,-61.919265566819,0,61.919265566819,-2.44389160541873,0,2.44389160541873,-1.34899864978408,2.93705339949546,4.28605204927954,1.89363459758435,19.224255599053,19.224255599053,0,0,0,0,346.113459028523,392.350959028523,46.2375,190.234822168523,190.234822168523,144.69863279,32.269900100314,13.2662892782088,0,0,155.87863686,202.11613686,102.75,99.36613686,46.2375,3428.10438616129,3428.10438616129,0,0,0,0,3428.10438616129,3428.10438616129,0,3411.54008016559,3256.30007617953,-161.065624986628,0,0,0,0,0,0,0,0,0,0,0,161.065624986628,159.940598624369,120.666776690698,120.666776690698,0,0,39.2738219336702,1.12502636225885,1.12502636225885,0,0,0.180872328983661,0,0,0,0,0,0,0,0,0,0,0,0,0,0,0,0,0,0,0,0,0,0,0,0,0,0,0,-0.180872328983661,0,0,0,0,0,0,0,-0.180872328983661,0,0,0,0,0,0,-0.180872328983661,-1.2516286036411,0,0,1.07075627465744,0,0,0,0,0,0,0,0,0,0,0,0,0,0,0,0,0,0,0,0,0,0,0,0,0,0,0,0,0,0,0,0,3417.18482883717,32.7247393105066,-3384.46008952667,0,0,0,42.6279652775098,32.7226879603589,1.75749999999999,1.75749999999999,0,22.9651879603589,22.9651879603589,0,0,0,0,8,8,0,0,0,0,8,8,0,-9.90527731715097,0,0,0,-9.90527731715097,-9.90527731715097,0,0,0,0,0,0,0,0,0,0,0,0,0,0,3373.4882204242,0.00205135014770497,0,0,0,0,0.00205135014770497,0,0.00205135014770497,0,0,0,0,0,0,0,0,0,0,0,0,0,-3373.48616907405,0,0,0,0,17.1970117176086,0,17.1970117176086,-3404.37669955357,0,0,-3404.37669955357,43.38075095336,28.47766416,14.90308679336,-3447.75745050693,13.6935187619146,3.65376382417317,10.0397549377414,0,0,0,13.6935187619146,3.65376382417317,10.0397549377414,0,0,0,0,0,0,0,0,0,0,0,0,0,0,0,1.06864313546899,0,0,0,0,0,0,0,0,0,0,0,0,0,0,0,0,0,0,0,-1.06864313546899,0,0,0,0,0,0,0,0,0,-1.06864313546899,-1.06864313546899,0,0,0,0,-1.06864313546899,-1.06864313546899,0,0,0,0,0,0,0,0,0,0,0,0,0,0,0,0,0,0,0,0,0,0,0,0,0,0,0,0,0,0,0,0,0,0,0,0,0,0,0,0,0,48.4805375751216,-203.720541561183,203.720541561183,180.58785941815,0,0,0,0,0,180.58785941815,180.58785941815,0,180.58785941815,0,0,0,0,0,0,0,0,0,0,-23.1326821430335,1861.085,1853.37758971705,459.587186694837,-206.799128164218,1556.36984439,0,7.41422025633816,4.93493003640719,7.41422025633816,4.93493003640719,508.779236300354,5.25073084814315,1581.29372487662,5.25073084814315
2006-10-01,2006,"Q4","2006/07","Q2","October",-44.4580388038629,902.012392099426,946.470430903289,-340.748594553761,484.335693306543,825.084287860304,-267.263818941163,352.33030201,619.594120951163,-298.881818941163,320.71230201,58.524999,186.61,1.321,12.861,3.363,48.85364759,6.821,0,13.953,75.57730301,619.594120951163,23.5104426539746,9.45985032341912,14.0505923305555,571.448850884989,93.766325,477.682525884989,24.6348274122,0,0,0,31.618,31.618,0,-73.4847756125977,132.005391296543,205.49016690914,0,0,0,0,0,0,-131.756103262716,1.07344800970233,132.829551272418,55.0123865994231,83.8771513397857,28.8647647403626,0,0,0,-10.8432535055752,4.52905575856924,15.3723092641445,1.71,2.64,0.93,-2.402649,0.625765,3.028414,4.9535126420371,11.4848261142873,6.53131347225021,-5.74331816226,8.80326473,14.54658289226,0,0,0,15.584649076493,18.971880344198,3.387231267705,0,-54.8991596110611,20.2494834319239,75.148643042985,-4.900917670275,0,4.900917670275,-49.9982419407861,20.2494834319239,70.2477253727101,-62.0834497429383,0,62.0834497429383,-0.378704058000616,0,0.378704058000616,-4.54063595125014,3.24493562052095,7.78557157177109,5.14172875883761,17.004547811403,17.004547811403,0,0,0,0,351.189715360959,397.427215360959,46.2375,205.362523297959,205.362523297959,154.9790188,31.476717698596,18.9067867993633,0,0,145.827192063,192.064692063,102.75,89.314692063,46.2375,0,0,0,0,0,0,0,0,0,-44.4580388038629,-129.484842793648,-161.065624986628,0,0,0,0,0,0,0,0,0,0,0,161.065624986628,159.940598624369,120.666776690698,120.666776690698,0,0,39.2738219336702,1.12502636225885,1.12502636225885,0,0,-18.4576273322704,0,0,0,0,0,0,0,0,0,0,0,0,0,0,0,0,0,0,0,0,0,0,0,0,0,0,0,18.4576273322704,19.1261272854649,0,0,19.1261272854649,0,0,0,-0.66849995319452,0,0,0,0,0,0,-0.66849995319452,-0.871774962907999,0,0,0.20327500971348,0,0,0,0,0,0,0,0,0,0,0,0,0,0,0,0,0,0,0,0,0,0,0,0,0,0,0,0,0,0,0,0,50.0384095252496,81.150004451056,31.1115949258064,0,0,0,88.0734985625231,82.4712039940808,1.75749999999999,1.75749999999999,0,85.7137039940808,85.7137039940808,0,0,0,0,-5,-5,0,0,0,0,-5,-5,0,-5.60229456844228,0,0,0,-5.60229456844228,-5.60229456844228,0,0,0,0,0,0,0,0,0,0,0,0,0,0,-37.8091301519946,-1.32119954302479,0,0,0,0,-1.32119954302479,0,-1.32119954302479,0,0,0,0,0,0,0,0,0,0,0,0,0,36.4879306089698,0,0,0,0,12.9469328279498,0,12.9469328279498,9.84747901910537,0,0,9.84747901910537,30.3172765048,5.599811,24.7174655048,-20.4697974856946,13.6935187619146,3.65376382417317,10.0397549377414,0,0,0,13.6935187619146,3.65376382417317,10.0397549377414,0,0,0,0,0,0,0,0,0,0,0,0,0,0,0,-0.225958885278933,0,0,0,0,0,0,0,0,0,0,0,0,0,0,0,0,0,0,0,0.225958885278933,0,0,0,0,0,0,0,0,0,0.225958885278933,0.225958885278933,0,0,0,0,0.225958885278933,0.225958885278933,0,0,0,0,0,0,0,0,0,0,0,0,0,0,0,0,0,0,0,0,0,0,0,0,0,0,0,0,0,0,0,0,0,0,0,0,0,0,0,0,0,120.477007894136,-205.503811883921,205.503811883921,206.34950917314,0,0,0,0,0,206.34950917314,206.34950917314,0,206.34950917314,0,0,0,0,0,0,0,0,0,0,0.84569728921839,1741.44,1812.53700717703,484.335693306543,-249.820562101822,1617.36256280567,0,7.72900135412589,5.62246685298774,7.80334522932075,5.67654835134104,459.047250145339,5.52149928805724,1813.74094743833,5.52149928805724
2007-01-01,2007,"Q1","2006/07","Q3","January",-86.8821748407147,824.138229182292,911.020404023007,-224.418076369551,590.105365349666,814.523441719217,-194.694167812672,419.17522001644,613.869387829112,-229.565167812672,384.30422001644,72.73553,240.496,8.384,11.507,21.885,43.03531509032,8.99,0,15.497,71.07269001644,613.869387829112,24.658091852595,9.20396893850558,15.4541229140894,578.198572525917,96.815745,481.382827525917,11.0127234506,0,0,0,34.871,34.871,0,-29.7239085568786,170.930145333226,200.654053890105,0,0,0,0,0,0,-128.533540749135,1.43212911175127,129.965669860886,57.1038070368422,84.70390335993,27.6000963230878,0,0,0,-13.3587732662713,2.81684690808193,16.1756201743532,2.1,3.03,0.93,-3.729333,0.138978,3.868311,3.35336633382502,11.7125105357847,8.35914420195965,0.793769466782009,10.33713805,9.543368583218,0,0,0,52.546795621078,56.758639367678,4.2118437466,0,-53.3963432924367,21.2646958916701,74.6610391841068,-4.76958419641005,0,4.76958419641005,-48.6267590960266,21.2646958916701,69.8914549876967,-65.4772171638662,0,65.4772171638662,-0.395952046836842,0,0.395952046836842,-0.0955183289816066,3.92276744801209,4.0182857769937,1.62461317951312,17.341928443658,17.341928443658,0,0,0,0,190.932244821273,212.768167940956,21.8359231196832,58.19701297416,58.19701297416,14.75375661,24.07436017,19.36889619416,0,0,132.735231847113,154.571154966796,48.5242735992959,106.0468813675,21.8359231196832,0,0,0,0,0,0,0,0,0,-86.8821748407147,-220.276108246464,-198.076445222811,0,0,0,0,0,0,0,0,0,0,0,198.076445222811,185.534563760455,144.298886422824,144.298886422824,0,0,41.2356773376313,12.541881462356,12.541881462356,0,0,-15.6810804471701,0,0,0,0,0,0,0,0,0,0,0,0,0,0,0,0,0,0,0,0,0,0,0,0,0,0,0,15.6810804471701,0,0,0,0,0,0,0,15.6810804471701,0,0,0,0,0,0,15.6810804471701,17.1109700775841,0,0,-1.42988963041396,0,0,0,0,0,0,0,0,0,0,0,-0.824362367030427,0,-0.824362367030427,0,0,0,0,0.392574421814796,0,0.392574421814796,0,0,0,0,1.21693678884522,0,1.21693678884522,0,0,0,0,-5.69422020945258,39.6653657868952,45.3595859963478,0,0,0,45.8234449492089,39.8901029696026,-1.43750000000006,-1.43750000000006,0,4.32760296960265,4.32760296960265,0,0,0,0,37,37,0,0,0,0,37,37,0,-5.9333419796063,0,0,0,-5.9333419796063,-5.9333419796063,0,0,0,0,0,0,0,0,0,0,0,0,0,0,-35.3341171354361,-0.224737182707374,0,0,0,0,-0.224737182707374,0,-0.224737182707374,0,0,0,0,0,0,0,0,0,0,0,0,0,35.1093799527287,0,0,0,0,-7.44413411803852,0,-7.44413411803852,29.16656463484,0,0,29.16656463484,43.910509637,13.67117542,30.239334217,-14.74394500216,13.3869494359272,3.34719449818584,10.0397549377414,0,0,0,13.3869494359272,3.34719449818584,10.0397549377414,0,0,0,0,0,0,0,0,0,0,0,0,0,0,0,-16.1835480232254,0,0,0,0,0,0,0,0,0,0,0,0,0,0,0,0,0,0,0,16.1835480232254,0,0,0,0,0,0,0,0,0,16.1835480232254,16.1835480232254,0,0,0,0,16.1835480232254,16.1835480232254,0,0,0,0,0,0,0,0,0,0,0,0,0,0,0,0,0,0,0,0,0,0,0,0,0,0,0,0,0,0,0,0,0,0,0,0,0,0,0,0,0,-37.9752782500818,-95.4186551556675,95.4186551556675,96.3318921647544,0,0,0,0,0,96.3318921647544,96.3318921647544,0,96.3318921647544,0,0,0,0,0,0,0,0,0,0,0.913237009086881,1746.56,1764.87932936508,590.105365349666,-145.079187814875,1280.41706890317,0,5.18351646889359,3.6820571102922,5.18351646889359,3.6820571102922,305.461059662104,5.39692845912711,1890.8954197806,5.39692845912711
2007-04-01,2007,"Q2","2006/07","Q4","April",-135.765596997163,890.939820778304,1026.70541777547,-369.58412767759,544.445163180165,914.029290857756,-301.601848495972,388.93400605032,690.535854546292,-319.968848495972,370.56700605032,55.181296,259.637,8.891,12.216,15.261,39.88229443944,8.054,0,17.856,55.74871005032,690.535854546292,25.2519356453806,9.62987187214133,15.6220637732393,652.643969143612,110.98987,541.654099143612,12.6399497573,0,0,0,18.367,18.367,0,-67.982279181618,155.511157129845,223.493436311463,0,0,0,0,0,0,-144.576758922763,1.71446981022737,146.291228732991,74.8321279049364,104.046537187211,29.2144092822742,0,0,0,-13.9579218385304,3.15127719705337,17.1091990355838,2.46,3.54,1.08,-0.729615,0.012046,0.741661,2.26423472269629,8.32240023189592,6.05816550919964,-8.449672914247,9.66848689,18.118159804247,0,0,0,20.17532686629,25.055939813458,4.880612947168,0,-56.4369153921545,24.2501892613171,80.6871046534715,-4.9881827936568,0,4.9881827936568,-51.4487325984977,24.2501892613171,75.6989218598147,-65.6823121847197,0,65.6823121847197,-4.47787757974836,0,4.47787757974836,-0.988255524877636,4.55047657046908,5.53873209534672,2.75072865769764,19.699712690848,19.699712690848,0,0,0,0,290.255446072582,322.244468336822,31.9890222642398,85.8310342134244,85.8310342134244,44.593562,15.5334291939244,25.7040430195,0,0,204.424411859158,236.413434123397,71.0867161427551,165.326717980642,31.9890222642398,0,0,0,0,0,0,0,0,0,-135.765596997163,-482.466664695506,-198.076445222811,0,0,0,0,0,0,0,0,0,0,0,198.076445222811,185.534563760455,144.298886422824,144.298886422824,0,0,41.2356773376313,12.541881462356,12.541881462356,0,0,-43.6258952798186,0,0,0,0,0,0,0,0,0,0,0,0,0,0,0,0,0,0,0,0,0,0,0,0,0,0,0,43.6258952798186,-4.47632738078446,0,0,-4.46671963412918,-0.00960774665528388,0,-0.00960774665528388,48.102222660603,0,0,0,0,0,0,48.102222660603,35.978341469826,0,0,12.123881190777,0,0,0,0,0,0,0,0,0,0,0,0.31343843649387,0,0.31343843649387,0,0,0,0,3.09623182263793,0,3.09623182263793,0,0,0,0,2.78279338614406,0,2.78279338614406,0,0,0,0,-241.07776262937,56.9838391664029,298.061601795773,0,0,0,-9.64698299101141,-1.53238081348229,124.6925,124.6925,0,-86.2248808134822,-86.2248808134822,0,0,0,0,-40,-40,0,0,0,0,-40,-40,0,8.11460217752912,0,0,0,8.11460217752912,8.11460217752912,0,0,0,0,0,0,0,0,0,0,0,0,0,0,-208.917226920176,73.9215425698852,0,0,0,0,-1.07845743011479,0,-1.07845743011479,75,0,0,75,0,0,0,0,0,0,0,0,0,282.838769490061,0,0,0,0,8.20533620384637,0,8.20533620384637,261.246483850288,0,0,261.246483850288,275.900476980288,216.265085,59.6353919802876,-14.65399313,13.3869494359272,3.34719449818584,10.0397549377414,0,0,0,13.3869494359272,3.34719449818584,10.0397549377414,0,0,0,0,0,0,0,0,0,0,0,0,0,0,0,-7.10823012818284,0,0,0,0,0,0,0,0,0,0,0,0,0,0,0,0,0,0,0,7.10823012818284,0,0,0,0,0,0,0,0,0,7.10823012818284,7.10823012818284,0,0,0,0,7.10823012818284,7.10823012818284,0,-15.40532259,-15.40532259,-15.40532259,0,-15.40532259,0,0,0,0,0,0,0,0,0,0,0,0,0,0,0,0,0,0,0,0,0,0,0,0,0,0,0,0,0,0,0,0,0,0,0,-147.498866875079,-199.202200823264,199.202200823264,199.207175642412,0,0,0,0,0,199.207175642412,199.207175642412,0,199.207175642412,0,0,0,0,0,0,0,0,0,0,0.00497481914818979,1590.13,1689.20561669325,544.445163180165,-221.596631210587,1466.82519171005,0,5.09657176515628,3.64082594134321,5.10240049077742,3.64498979430639,377.139866633382,5.59432611580641,2101.29606525064,5.59432611580641
2007-07-01,2007,"Q3","2007/08","Q1","July",-239.627511210425,964.836866711696,1204.46437792212,-452.416502370273,601.273599499584,1053.69010186986,-377.444789035721,415.380088204461,792.824877240183,-385.679789035721,407.145088204462,70.598168,236.800763526676,3.377,10.816,7.315,38.0544681703438,10.281,0,19.88,99.7461566777853,792.824877240183,39.2823312653132,21.8584697152591,17.4238615500541,740.262845177719,118.77207,621.490775177719,13.27970079715,0,0,0,8.235,8.235,0,-74.9717133345519,185.893511295123,260.865224629674,0,0,0,0,0,0,-165.845082956266,1.80342199058653,167.648504946853,80.5043044766161,121.141840749615,40.6375362729987,0,0,0,-16.5481424636944,2.47643039633837,19.0245728600327,3.18,4.23,1.05,0.17985593,0.36146227,0.18160634,1.17108308465175,6.98394130614441,5.81285822149265,-13.7138405056438,7.84261405724564,21.5564545628894,0,0,0,36.1001090997848,41.0538005251928,4.953691425408,0,-61.6805092691056,22.4981547019063,84.1786639710119,-10.8523686301173,0,10.8523686301173,-50.8281406389883,22.4981547019063,73.3262953408946,-65.0264727131206,0,65.0264727131206,-3.55578024019818,0,3.55578024019818,-0.575385517209514,4.16865687036625,4.74404238757576,1.78056330173109,18.32949783154,18.32949783154,0,0,0,0,274.469500428954,341.065112510206,66.595612081252,75.8955842968,75.8955842968,34.31159298,28.9568507868,12.62714053,0,0,198.573916132154,265.169528213406,147.990249069449,117.179279143957,66.595612081252,0,0,0,0,0,0,0,0,0,-239.627511210425,-390.415698204188,-198.076445222811,0,0,0,0,0,0,0,0,0,0,0,198.076445222811,185.534563760455,144.298886422824,144.298886422824,0,0,41.2356773376313,12.541881462356,12.541881462356,0,0,-5.49404929305996,0,0,0,0,0,0,0,0,0,0,0,0,0,0,0,0,0,0,0,0,0,0,0,0,0,0,0,5.49404929305996,-6.89651723356651,0,0,-6.92558851557313,0.0290712820066168,0,0.0290712820066168,12.3905665266265,0,0,0,0,0,0,12.3905665266265,-1.23622570928836,0,0,13.6267922359148,0,0,0,0,0,0,0,0,0,0,0,-0.543320970249635,0,-0.543320970249635,0,0,0,0,1.37158862610284,0,1.37158862610284,0,0,0,0,1.91490959635247,0,1.91490959635247,0,0,0,0,-186.301882718067,-115.713584629568,70.5882980884987,0,0,0,-132.586847747053,-116.09749854232,-121.86640272196,-121.86640272196,0,1.76890417964074,1.76890417964074,0,0,0,0,4,4,0,0,0,0,4,4,0,16.4893492047338,0,0,0,16.4893492047338,16.4893492047338,0,0,0,0,0,0,0,0,0,0,0,0,0,0,-54.9157875476644,0.38391391275126,0,0,0,0,0.38391391275126,0,0.38391391275126,0,0,0,0,0,0,0,0,0,0,0,0,0,55.2997014604157,0,0,0,0,-1.47725857058969,0,-1.47725857058969,42.567144108,0,0,42.567144108,67.78106388,0,67.78106388,-25.213919772,14.2098159230054,3.75745013310029,10.4523657899051,0,0,0,14.2098159230054,3.75745013310029,10.4523657899051,0,0,0,0,0,0,0,0,0,0,0,0,0,0,0,1.20075257665073,0,0,0,0,0,0,0,0,0,0,0,0,0,0,0,0,0,0,0,-1.20075257665073,0,0,0,0,0,0,0,0,0,-1.20075257665073,-1.20075257665073,0,0,0,0,-1.20075257665073,-1.20075257665073,0,0,0,0,0,0,0,0,0,0,0,0,0,0,0,0,0,0,0,0,0,0,0,0,0,0,0,0,0,0,0,0,0,0,0,0,0,0,0,0,0,92.8239580028451,-243.612144996608,243.612144996608,223.531428282459,0,0,0,0,0,223.531428282459,223.531428282459,0,223.531428282459,0,0,0,0,0,0,0,0,0,0,-20.0807167141491,1752.09,1717.71015250329,601.273599499584,-315.523095507225,1527.10696641,0,8.51571048074355,5.88294010174208,8.51571048074355,5.88294010174208,367.640869116075,5.59995368542394,2158.61004065944,5.59995368542394
2007-10-01,2007,"Q4","2007/08","Q2","October",-100.567499365416,1224.60860937874,1325.17610874415,-461.156193251975,692.016950160955,1153.17314341293,-319.468331827858,541.479844124871,860.948175952729,-323.776331827858,537.171844124871,68.134931,264.737,1.845,13.09,20.835,42.4286339163383,8.002,9.009,21.095,204.299913124871,860.948175952729,30.9302009324081,23.7027336720154,7.22746726039274,819.156121983271,114.472655,704.68346698327,10.8618530370499,0,0,0,4.308,4.308,0,-141.687861424118,150.537106036084,292.224967460202,0,0,0,0,0,0,-176.465558594999,1.54155367899485,178.007112273994,53.8360579129741,88.367487096739,34.5314291837649,0,0,0,-20.7130551040277,2.45418308015839,23.1672381841861,2.79,3.93,1.14,-0.001308,0,0.001308,-0.0259513713145862,6.7456343082547,6.77158567956929,-32.8609438486322,10.13363254,42.9945763886322,0,0,0,31.7528975818824,37.3646153319374,5.611717750055,0,-60.172287624418,29.0438910208317,89.2161786452497,-11.8963376549808,0,11.8963376549808,-48.2759499694372,29.0438910208317,77.3198409902689,-65.3796252930627,0,65.3796252930627,-4.61707063916368,0,4.61707063916368,-4.90547217164379,2.41767288639872,7.32314505804251,3.91231637125643,26.626218134433,26.626218134433,0,0,0,0,420.760981510977,503.547768196951,82.7867866859746,171.575701372508,171.575701372508,112.770040418308,47.9038041942,10.90185676,0,0,249.185280138469,331.972066824444,183.970637079944,148.0014297445,82.7867866859746,0,0,0,0,0,0,0,0,0,-100.567499365416,-198.499874903468,-198.076445222811,0,0,0,0,0,0,0,0,0,0,0,198.076445222811,185.534563760455,144.298886422824,144.298886422824,0,0,41.2356773376313,12.541881462356,12.541881462356,0,0,-2.86920659129148,0,0,0,0,0,0,0,0,0,0,0,0,0,0,0,0,0,0,0,0,0,0,0,0,0,0,0,2.86920659129148,-11.7368969391306,0,0,-11.843326278461,0.106429339330418,0,0.106429339330418,14.6061035304221,0,0,0,0,0,0,14.6061035304221,0.137229457663299,0,0,14.4688740727588,0,0,0,0,0,0,0,0,0,0,0,-0.304337326956926,0,-0.304337326956926,0,0,0,0,2.78361149931336,0,2.78361149931336,0,0,0,0,3.08794882627029,0,3.08794882627029,0,0,0,0,2.75011423759173,111.387778210685,108.637663973094,0,0,0,182.924089085142,184.833053824877,30.7462848812598,30.7462848812598,0,140.086768943618,140.086768943618,0,0,0,0,14,14,0,0,0,0,14,14,0,1.9089647397359,0,0,0,1.9089647397359,1.9089647397359,0,0,0,0,0,0,0,0,0,0,0,0,0,0,-179.920082126294,-73.445275614192,0,0,0,0,1.55472438580802,0,1.55472438580802,-75,0,0,-75,0,0,0,0,0,0,0,0,0,106.474806512102,0,0,0,0,59.2858173790964,0,59.2858173790964,32.97917321,0,0,32.97917321,52.25792221,0,52.25792221,-19.278749,14.2098159230054,3.75745013310029,10.4523657899051,0,0,0,14.2098159230054,3.75745013310029,10.4523657899051,0,0,0,0,0,0,0,0,0,0,0,0,0,0,0,-0.253892721256058,0,0,0,0,0,0,0,0,0,0,0,0,0,0,0,0,0,0,0,0.253892721256058,0,0,0,0,0,0,0,0,0,0.253892721256058,0.253892721256058,0,0,0,0,0.253892721256058,0.253892721256058,0,0,0,0,0,0,0,0,0,0,0,0,0,0,0,0,0,0,0,0,0,0,0,0,0,0,0,0,0,0,0,0,0,0,0,0,0,0,0,0,0,95.7875180613589,-193.71989359941,193.71989359941,194.262269977926,0,0,0,0,0,194.262269977926,194.262269977926,0,194.262269977926,0,0,0,0,0,0,0,0,0,0,0.542376378516243,1697.34,1722.17055555556,692.016950160955,-272.143200737924,1590.28091737,0,4.61686839366797,3.61254327306133,4.66524249343217,3.65039436904085,293.691618372274,5.79494265904053,2578.10658296099,5.79494265904053
2008-01-01,2008,"Q1","2007/08","Q3","January",-116.472651312879,1104.4175115504,1220.89016286328,-381.48228615345,715.670655737641,1097.15294189109,-297.496522893901,540.037999824986,837.534522718887,-309.043522893901,528.490999824986,113.05,274.613493449642,5.942,10.471,20.103,39.4092772017699,9.456,11.599,23.687,140.827506375344,837.534522718887,50.2465927392775,20.960508178686,29.2860845605915,774.11125265146,147.428435,626.68281765146,13.17667732815,0,0,0,11.547,11.547,0,-83.9857632595485,175.632655912655,259.618419172204,0,0,0,0,0,0,-170.661135718399,8.28905151394343,178.950187232343,60.5903085005738,95.3072100711128,34.716901570539,0,0,0,-20.6405550349376,1.91796608651692,22.5585211214545,2.94,4.02,1.08,-0.04347136,0.21455664,0.258028,7.43777586274332,14.096720567658,6.65894470491468,8.79325633436226,19.19483558,10.4015792456377,0,0,0,27.5980581561088,32.5923154534238,4.994257297315,0,-39.2420730408796,43.6703175711004,82.91239061198,-10.4818492532826,0,10.4818492532826,-28.760223787597,43.6703175711004,72.4305413586974,-62.4627521337568,0,62.4627521337568,-4.81334077709066,0,4.81334077709066,-0.534252547003578,4.6201959008464,5.15444844784997,2.08063045209839,39.050121670254,39.050121670254,0,0,0,0,304.25170788145,345.076538241659,40.8248303602096,128.03123481769,128.03123481769,69.314662222,44.92035861569,13.79621398,0,0,176.22047306376,217.045303423969,90.7218452449102,126.323458179059,40.8248303602096,0,0,0,0,0,0,0,0,0,-116.472651312879,-265.541131923193,-182.215225163102,0,0,0,0,0,0,0,0,0,0,0,182.215225163102,144.409417622962,103.227569577513,103.227569577513,0,0,41.1818480454488,37.8058075401401,37.8058075401401,0,0,-11.2519048734381,0,0,0,0,0,0,0,0,0,0,0,0,0,0,0,0,0,0,0,0,0,0,0,0,0,0,0,11.2519048734381,3.46791198253994,0,0,3.30699821639871,0.160913766141231,0,0.160913766141231,7.7839928908982,0,0,0,0,0,0,7.7839928908982,-7.96435225482412,0,0,15.7483451457223,0,0,0,0,0,0,0,0,0,0,0,1.02124678,0,1.02124678,0,0,0,0,2.05434103,0,2.05434103,0,0,0,0,1.03309425,0,1.03309425,0,0,0,0,-73.0952486666526,-42.9372117256555,30.158036940997,0,0,0,-54.3572044612516,-40.5651879585534,-15.2483430665234,-15.2483430665234,0,5.68315510797005,5.68315510797005,0,0,0,0,-31,-31,0,0,0,0,-31,-31,0,13.7920165026983,0,0,0,13.7920165026983,13.7920165026983,0,0,0,0,0,0,0,0,0,0,0,0,0,0,2.73077124397307,-2.37202376710215,0,0,0,0,-2.37202376710215,0,-2.37202376710215,0,0,0,0,0,0,0,0,0,0,0,0,0,-5.10279501107522,0,0,0,0,-50.3738875179991,0,-50.3738875179991,31.439664,0,0,31.439664,47.32960597,2.414071,44.91553497,-15.88994197,13.8314285069238,3.37906271701875,10.4523657899051,0,0,0,13.8314285069238,3.37906271701875,10.4523657899051,0,0,0,0,0,0,0,0,0,0,0,0,0,0,0,-18.1842154253962,0,0,0,0,0,0,0,0,0,0,0,0,0,0,0,0,0,0,0,18.1842154253962,0,0,0,0,0,0,0,0,0,18.1842154253962,18.1842154253962,0,0,0,0,18.1842154253962,18.1842154253962,0,-3.28460002397785,0,0,0,0,0,0,0,0,0,0,0,0,0,0,0,0,0,0,0,3.28460002397785,0,0,0,0,0,0,0,0,0,3.28460002397785,3.28460002397785,0,0,0,0,3.28460002397785,3.28460002397785,0,0,-44.9579996663106,-104.110480944003,104.110480944003,103.010763030796,0,0,0,0,0,103.010763030796,103.010763030796,0,103.010763030796,0,0,0,0,0,0,0,0,0,0,-1.09971791320645,1693.515,1700.89032334624,715.670655737641,-244.503886130569,1723.21492325,0,4.03456848411918,3.04444548180467,4.03456848411918,3.04444548180467,319.091420197922,5.79902136096461,2698.55910667104,5.79902136096461
2008-04-01,2008,"Q2","2007/08","Q4","April",-401.695737527036,1092.91170029981,1494.60743782685,-587.116855220029,741.924309968442,1329.04116518847,-447.852747783327,571.206271337351,1019.05901912068,-468.614747783327,550.444271337351,96.846,313.276152894939,8.74,12.38,16.235,48.6340018439801,11.244,19.578,29.774,140.322118442412,1019.05901912068,56.1047895054049,28.6740953846089,27.430694120796,946.870263340173,162.408335,784.461928340173,16.0839662751,0,0,0,20.762,20.762,0,-139.264107436702,170.718038631091,309.982146067793,0,0,0,0,0,0,-209.664976776986,8.91998993820313,218.584966715189,65.8067268196087,102.283690540024,36.4769637204155,0,0,0,-20.8106591837502,1.56222442828394,22.3728836120341,3.6,4.89,1.29,-0.03507981,0.29761019,0.33269,4.96479848910207,12.8667028697555,7.90190438065344,-2.75310691806946,13.43060381,16.1837107280695,0,0,0,19.6281899433928,26.4672168548238,6.839026911431,0,-89.4222017959356,20.4893044819534,109.911506277889,-14.3156346217194,0,14.3156346217194,-75.1065671742162,20.4893044819534,95.5958716561696,-62.9039020512436,0,62.9039020512436,-26.0602606960082,0,26.0602606960082,-3.7488901349904,2.88281877392743,6.63170890891783,2.96921418,17.606485708026,17.606485708026,0,0,0,0,274.843319488928,330.498085849418,55.6547663604902,51.0966309393123,51.0966309393123,15.7965956741123,25.0325870152,10.26744825,0,0,223.746688549616,279.401454910106,123.677258578867,155.724196331239,55.6547663604902,0,0,0,0,0,0,0,0,0,-401.695737527036,-292.922372001452,-182.215225163102,0,0,0,0,0,0,0,0,0,0,0,182.215225163102,144.409417622962,103.227569577513,103.227569577513,0,0,41.1818480454488,37.8058075401401,37.8058075401401,0,0,-69.4332854845986,12.0639494227989,12.0639494227989,0,0,0,12.0639494227989,0,12.0639494227989,0,0,0,0,0,0,0,0,0,0,0,0,0,0,0,0,0,0,0,81.4972349073975,5.11288677194329,0,0,-0.0822443770303565,5.19513114897365,0,5.19513114897365,76.3843481354542,0,0,0,0,0,0,76.3843481354542,39.2508217582899,0,0,37.1335263771643,0,0,0,0,0,0,0,0,0,0,0,-0.0562766781096031,0,-0.0562766781096031,0,0,0,0,3.59799055072956,0,3.59799055072956,0,0,0,0,3.65426722883917,0,3.65426722883917,0,0,0,0,-41.2175846756413,28.3939611204061,69.6115457960474,0,0,0,58.4879396640549,29.3276440528179,-19.305278978901,-19.305278978901,0,24.6329230317188,24.6329230317188,0,0,0,0,24,24,0,0,0,0,24,24,0,-29.160295611237,0,0,0,-29.160295611237,-29.160295611237,0,0,0,0,0,0,0,0,0,0,0,0,0,0,-88.4339496573389,-0.933682932411785,0,0,0,0,-0.933682932411785,0,-0.933682932411785,0,0,0,0,0,0,0,0,0,0,0,0,0,87.5002667249271,0,0,0,0,8.39731073800327,0,8.39731073800327,65.27152748,0,0,65.27152748,78.67376984,0,78.67376984,-13.40224236,13.8314285069238,3.37906271701875,10.4523657899051,0,0,0,13.8314285069238,3.37906271701875,10.4523657899051,0,0,0,0,0,0,0,0,0,0,0,0,0,0,0,-7.98697465837947,0,0,0,0,0,0,0,0,0,0,0,0,0,0,0,0,0,0,0,7.98697465837947,0,0,0,0,0,0,0,0,0,7.98697465837947,7.98697465837947,0,0,0,0,7.98697465837947,7.98697465837947,0,-3.28460002397785,0,0,0,0,0,0,0,0,0,0,0,0,0,0,0,0,0,0,0,3.28460002397785,0,0,0,0,0,0,0,0,0,3.28460002397785,3.28460002397785,0,0,0,0,3.28460002397785,3.28460002397785,0,0,129.696707237374,-20.9233417117898,20.9233417117898,17.4963444217898,0,0,0,0,0,17.4963444217898,17.4963444217898,0,17.4963444217898,0,0,0,0,0,0,0,0,0,0,-3.42699729,1619.48,1645.03462007291,741.924309968442,-452.792368466349,1785.33506239,0,3.96335897310721,3.05138336968133,3.96335897310721,3.05138336968133,312.555227765627,5.97149808792571,2703.97492561995,5.97149808792571
2008-07-01,2008,"Q3","2008/09","Q1","July",-376.709548590278,1319.99791212995,1696.70746072023,-637.569085693832,842.050699881723,1479.61978557555,-545.058390765591,577.315857437665,1122.37424820326,-557.004390765591,565.369857437665,110.382114,322.593889634458,1.96,11.025,13.306,42.7878498314611,12.499,22.918,35.888,132.393853803207,1122.37424820326,67.3132885845328,41.1583680227932,26.1549205617396,1035.09392326892,196.047145,839.046778268918,19.967036349805,0,0,0,11.946,11.946,0,-92.510694928241,264.734842444058,357.245537372299,0,0,0,0,0,0,-239.350961454771,13.2944712988033,252.645432753574,130.748089224369,176.384583585854,45.6364943614851,0,0,0,-22.5988695455705,2.39631570166594,24.9951852472364,3.57,4.8,1.23,-0.19278415,0.79044989,0.98323404,4.31608874320351,13.1035676529704,8.78747890976689,1.64132723811228,17.89435979,16.2530325518877,0,0,0,29.3564150164156,36.0710945247646,6.714679508349,0,-53.15789484597,38.4508816462942,91.6087764922642,-14.7437552082633,0,14.7437552082633,-38.4141396377067,38.4508816462942,76.8650212840009,-61.9779868858571,0,61.9779868858571,-8.3659790982299,0,8.3659790982299,-2.53587178988872,3.98518351002518,6.5210552999139,2.16111884,34.465698136269,34.465698136269,0,0,0,0,314.017431949523,439.496330601935,125.478898652411,53.48123608976,53.48123608976,18.241485,23.19360938976,12.0461417,0,0,260.536195859763,386.015094512175,254.406385547281,131.608708964893,125.478898652411,0,0,0,0,0,0,0,0,0,-376.709548590278,-552.610218391468,-182.215225163102,0,0,0,0,0,0,0,0,0,0,0,182.215225163102,144.409417622962,103.227569577513,103.227569577513,0,0,41.1818480454488,37.8058075401401,37.8058075401401,0,0,-11.2500603325203,0,0,0,0,0,0,0,0,0,0,0,0,0,0,0,0,0,0,0,0,0,0,0,0,0,0,0,11.2500603325203,5.11288677194329,0,0,-0.0822443770303565,5.19513114897365,0,5.19513114897365,6.13717356057701,0,0,0,0,0,0,6.13717356057701,4.74386940002146,0,0,1.39330416055555,0,0,0,0,0,0,0,0,0,0,0,-0.147622780752281,0,-0.147622780752281,0,0,0,0,2.59135741925162,0,2.59135741925162,0,0,0,0,2.7389802000039,0,2.7389802000039,0,0,0,0,-358.997310115094,-146.158381696374,212.838928418719,0,0,0,-144.180328908987,-143.667842868679,-19.9183039678358,-19.9183039678358,0,-114.749538900843,-114.749538900843,0,0,0,0,-9,-9,0,0,0,0,-9,-9,0,0.512486040307703,0,0,0,0.512486040307703,0.512486040307703,0,0,0,0,0,0,0,0,0,0,0,0,0,0,-212.828495939198,-2.49053882769504,0,0,0,0,-2.49053882769504,0,-2.49053882769504,0,0,0,0,0,0,0,0,0,0,0,0,0,210.337957111503,0,0,0,0,161.684451681883,0,161.684451681883,33.2331253,0,0,33.2331253,48.98147568,8.727539,40.25393668,-15.74835038,15.4203801296206,4.08006566083721,11.3403144687834,0,0,0,15.4203801296206,4.08006566083721,11.3403144687834,0,0,0,0,0,0,0,0,0,0,0,0,0,0,0,1.29611475706952,0,0,0,0,0,0,0,0,0,0,0,0,0,0,0,0,0,0,0,-1.29611475706952,0,0,0,0,0,0,0,0,0,-1.29611475706952,-1.29611475706952,0,0,0,0,-1.29611475706952,-1.29611475706952,0,-3.28460002397785,0,0,0,0,0,0,0,0,0,0,0,0,0,0,0,0,0,0,0,3.28460002397785,0,0,0,0,0,0,0,0,0,3.28460002397785,3.28460002397785,0,0,0,0,3.28460002397785,3.28460002397785,0,0,-187.361391024129,11.4607212229384,-11.4607212229384,-26.5968161129384,0,0,0,0,0,-26.5968161129384,-26.5968161129384,0,-26.5968161129384,0,0,0,0,0,0,0,0,0,0,-15.13609489,1670.045,1634.19000500345,842.050699881723,-430.190784680038,1775.10024416,0,3.60076991514901,2.46871307308692,3.60076991514901,2.46871307308692,307.474707526402,5.82651290030169,2547.58169956648,5.82651290030169
2008-10-01,2008,"Q4","2008/09","Q2","October",-328.96122668409,1263.1663999962,1592.12762668029,-654.276502884069,740.073907791421,1394.35041067549,-544.7291262734,519.068614736447,1063.79774100985,-550.7481262734,513.049614736447,77.841731,294.666637397751,0.883,13.47,23.082,39.0118652437303,13.282,23.475,28.559,140.541246338697,1063.79774100985,84.6169070971689,46.3458501159404,38.2710569812285,963.18341976864,135.593145,827.59027476864,15.9974141440387,0,0,0,6.019,6.019,0,-109.547376610669,221.005293054973,330.552669665643,0,0,0,0,0,0,-226.255867979405,10.5145980454637,236.770466024869,85.59088799633,124.303318041093,38.7124300447633,0,0,0,-19.839534399713,1.74341321311909,21.5829476128321,3.93,5.31,1.38,1.24457323,1.46831159,0.22373836,4.54862274448566,13.1198853010086,8.57126255652295,-4.13989066884963,14.28630175,18.4261924188496,0,0,0,45.373832466483,50.2594651142886,4.88563264780564,0,-68.4246311045984,27.6335550393297,96.0581861439281,-17.8251278018204,0,17.8251278018204,-50.599503302778,27.6335550393297,78.2330583421076,-62.5476980526131,0,62.5476980526131,-6.01240378323918,0,6.01240378323918,-6.85241845138669,2.82053805486867,9.67295650625536,5.17394149939581,24.813016984461,24.813016984461,0,0,0,0,393.739907304577,495.458937165449,101.719029860872,146.724493646776,146.724493646776,70.337707258022,65.991740265426,10.3950461233281,0,0,247.015413657801,348.734443518673,254.715513328857,94.018930189816,101.719029860872,0,0,0,0,0,0,0,0,0,-328.96122668409,-68.47883712885,-182.215225163102,0,0,0,0,0,0,0,0,0,0,0,182.215225163102,144.409417622962,103.227569577513,103.227569577513,0,0,41.1818480454488,37.8058075401401,37.8058075401401,0,0,74.3388131747268,0,0,0,0,0,0,0,0,0,0,0,0,0,0,0,0,0,0,0,0,0,0,0,0,0,0,0,-74.3388131747268,-0.626671089894212,0,0,-0.765328550980412,0.1386574610862,0,0.1386574610862,-73.7121420848326,0,0,0,0,0,0,-73.7121420848326,-29.3936280473355,0,0,-44.3185140374972,0,0,0,0,0,0,0,0,0,0,0,-7.70320539,0,-7.70320539,0,0,0,0,17.50689527,0,17.50689527,0,0,0,0,25.21010066,0,25.21010066,0,0,0,0,47.1007802495252,122.044713326203,74.9439330766776,0,0,0,129.54330726755,121.46819649197,9.26860784729683,9.26860784729683,0,122.199588644673,122.199588644673,0,0,0,0,-10,-10,0,0,0,0,-10,-10,0,-8.07511077558038,0,0,0,-8.07511077558038,-8.07511077558038,0,0,0,0,0,0,0,0,0,0,0,0,0,0,-78.8838704489007,0.57651683423297,0,0,0,0,0.57651683423297,0,0.57651683423297,0,0,0,0,0,0,0,0,0,0,0,0,0,79.4603872831337,0,0,0,0,6.54050580795304,0,6.54050580795304,57.49950134556,0,0,57.49950134556,76.6356061470689,2.158825,74.4767811470689,-19.1361048015089,15.4203801296206,4.08006566083721,11.3403144687834,0,0,0,15.4203801296206,4.08006566083721,11.3403144687834,0,0,0,0,0,0,0,0,0,0,0,0,0,0,0,-0.274056545146388,0,0,0,0,0,0,0,0,0,0,0,0,0,0,0,0,0,0,0,0.274056545146388,0,0,0,0,0,0,0,0,0,0.274056545146388,0.274056545146388,0,0,0,0,0.274056545146388,0.274056545146388,0,-3.28460002397785,0,0,0,0,0,0,0,0,0,0,0,0,0,0,0,0,0,0,0,3.28460002397785,0,0,0,0,0,0,0,0,0,3.28460002397785,3.28460002397785,0,0,0,0,3.28460002397785,3.28460002397785,0,0,209.367838538939,51.1145510163007,-51.1145510163007,-50.9470511725417,0,0,0,0,0,-50.9470511725417,-50.9470511725417,0,-50.9470511725417,0,0,0,0,0,0,0,0,0,0,0.167499843758942,1949.18,1901.66056818182,740.07390779142,-475.685720330866,1818.64381898103,0,4.98862712008436,3.49889347725614,4.99312412143395,3.50204755718846,350.366746774785,5.27906365735247,2318.2992985204,5.27906365735247
2009-01-01,2009,"Q1","2008/09","Q3","January",-245.021396276641,1258.19103330633,1503.21242958297,-516.20304238462,777.883927641287,1294.08697002591,-403.656829263046,563.9825282034,967.639357466446,-408.694829263046,558.9445282034,85.870062,299.613,11.683,12.187,16.082,32.94740134176,11.031,20.421,23.057,173.4614662034,967.639357466446,72.3170631658307,42.3399043973828,29.9771587684479,879.507765174215,109.01259,770.495175174215,15.8145291264001,0,0,0,5.038,5.038,0,-112.546213121574,213.901399437887,326.447612559462,0,0,0,0,0,0,-214.749273090076,8.0766731277089,222.825946217785,89.717881513489,135.605839925363,45.8879584118737,0,0,0,-17.8830774170914,4.83424385016352,22.7173212672549,3.69,5.01,1.32,0.015520393222,0.28903127,0.273510876778,4.11503205560762,11.56438936154,7.44935730593238,-12.2148314635772,10.4780783336,22.6929097971772,0,0,0,34.7625348868513,38.0431435695123,3.280608682661,0,-77.985211509091,11.3727191420829,89.3579306511739,-16.9016606828974,0.691178359728543,17.5928390426259,-61.0835508261936,10.6815407823544,71.7650916085479,-61.6486741594997,0,61.6486741594997,-3.14655975753135,0,3.14655975753135,-5.00733431260051,1.96252337891638,6.96985769151689,2.41726307070857,8.719017403438,8.719017403438,0,0,0,0,349.16685761707,468.93438652296,119.76752890589,116.751497006096,116.766128256096,81.4388967091193,22.232797674776,13.0944338722007,0,0.01463125,232.415360610974,352.168258266864,235.463639030563,116.704619236301,119.75289765589,0,0,0,0,0,0,0,0,0,-245.021396276641,-377.626363989645,-203.180080424894,7.21262026201565,6.42708340002998,6.42708340002998,6.42708340002998,0,0,0,0.785536861985672,0.785536861985672,0,0,210.39270068691,192.64270068691,158.249843544052,158.249843544052,0,0,34.3928571428573,17.75,17.75,0,0,-36.9584033175574,0,0,0,0,0,0,0,0,0,0,0,0,0,0,0,0,0,0,0,0,0,0,0,0,0,0,0,36.9584033175574,125.052953740924,0,0,124.027388262098,1.02556547882671,0,1.02556547882671,-88.0945504233671,0,0,0,0,0,0,-88.0945504233671,-49.5923403702119,0,0,-38.5022100531551,0,0,0,0,0,0,0,0,0,0,0,-1.87000890736419,0,-1.87000890736419,0,0,0,0,5.5885941169929,0,5.5885941169929,0,0,0,0,7.4586030243571,0,7.4586030243571,0,0,0,0,-135.617871339829,50.6267562719371,186.244627611766,0,0,0,54.373737592889,50.7240655318291,19.1994760280226,19.1994760280226,0,27.5245895038065,27.5245895038065,0,0,0,0,4,4,0,0,0,0,4,4,0,-3.64967206105995,0,0,0,-3.64967206105995,-3.64967206105995,0,0,0,0,0,0,0,0,0,0,0,0,0,0,-160.013822520329,-0.0973092598920452,0,0,0,0,-0.0973092598920452,0,-0.0973092598920452,0,0,0,0,0,0,0,0,0,0,0,0,0,159.916513260437,0,0,0,0,2.62640686715076,0,2.62640686715076,142.27590970913,0,0,142.27590970913,156.933173966909,95.103125,61.8300489669091,-14.6572642577786,15.0141966841562,3.67388221537278,11.3403144687834,0,0,0,15.0141966841562,3.67388221537278,11.3403144687834,0,0,0,0,0,0,0,0,0,0,0,0,0,0,0,-19.628381747327,0,0,0,0,0,0,0,0,0,0,0,0,0,0,0,0,0,0,0,19.628381747327,0,0,0,0,0,0,0,0,0,19.628381747327,19.628381747327,0,0,0,0,19.628381747327,19.628381747327,0,-10.3494046650621,0,0,0,0,0,0,0,0,0,0,0,0,0,0,0,0,0,0,0,10.3494046650621,0,0,0,0,0,0,0,0,0,10.3494046650621,2.5948340189425,7.75457064611957,0,0,0,10.3494046650621,2.5948340189425,7.75457064611957,0,-13.5486802142692,-119.056287498735,119.056287498735,117.923801265644,0,0,0,0,0,117.923801265644,117.923801265644,0,117.923801265644,0,0,0,0,0,0,0,0,0,0,-1.13248623309093,2118.41,1997.44932575758,777.883927641287,-361.787524532737,1904.80093113,0,3.59692312984476,2.60784640026475,3.59692312984476,2.60784640026475,337.741124214939,5.39773621814824,2429.04200234893,5.39773621814824
2009-04-01,2009,"Q2","2008/09","Q4","April",-259.793241905887,1152.62969604698,1412.42293795287,-440.831436857185,785.650905192537,1226.48234204972,-352.374632088565,556.02959993,908.404232018566,-357.207632088565,551.19659993,62.559,284.321,5.584,13.483,10.165,34.0044998373,11.725,19.311,24.386,204.31659993,908.404232018566,84.3403320451561,59.6991531987895,24.6411788463666,810.926095825521,96.777335,714.148760825521,13.1378041478885,0,0,0,4.833,4.833,0,-88.4568047686198,229.621305262537,318.078110031157,0,0,0,0,0,0,-188.819207161548,11.2295728843156,200.048780045864,103.401697073489,150.118308945363,46.7166118718736,0,0,0,-15.8321822112511,3.77497836207857,19.6071605733296,3.60248993473035,5.05779490827856,1.45530497354821,-0.78674369814,0.29121764186,1.07796134,6.55907841772,12.0770128739,5.51793445618,-33.1230318892414,9.4719322409,42.5949641301414,0,0,0,36.5410947656216,37.6004874058416,1.05939264022,0,-96.881920667118,16.871752620183,113.753673287301,-25.6639210411728,0.691178359728543,26.3550994009014,-71.2179996259452,16.1805742604544,87.3985738863996,-62.3603439829141,0,62.3603439829141,-15.1012953696194,0,15.1012953696194,-8.86312680790162,1.07380772596442,9.93693453386603,5.11467445060585,15.10676653449,15.10676653449,0,0,0,0,277.920115618417,350.107038234263,72.1869226158461,84.3930785391899,86.0862809091899,54.3695721620191,23.294947247851,8.42176149931982,0,1.69320237,193.527037079227,264.020757325073,152.711124696996,111.309632628077,70.4937202458461,0,0,0,0,0,0,0,0,0,-259.793241905887,-155.034622066716,-203.180080424894,7.21262026201565,6.42708340002998,6.42708340002998,6.42708340002998,0,0,0,0.785536861985672,0.785536861985672,0,0,210.39270068691,192.64270068691,158.249843544052,158.249843544052,0,0,34.3928571428573,17.75,17.75,0,0,8.54911279976569,-0.0123455881880986,-0.0123455881880986,0,0,-0.0123455881880986,0,0,0,0,0,0,0,0,0,0,0,0,0,0,0,0,0,0,0,0,0,0,-8.56145838795379,1.24987459640362,0,0,0.710436141515466,0.539438454888154,0,0.539438454888154,-9.81133298435741,0,0,0,0,0,0,-9.81133298435741,-9.00819677050943,0,0,-0.803136213847983,0,0,0,0,0,0,0,0,0,0,0,3.37154857475832,0,3.37154857475832,0,0,0,0,7.92683703915141,0,7.92683703915141,0,0,0,0,4.55528846439309,0,4.55528846439309,0,0,0,0,36.2247969836541,149.129524409963,112.904727426309,0,0,0,153.841291534123,149.312159430921,29.3804177612635,29.3804177612635,0,44.9317416696571,44.9317416696571,0,0,0,0,75,75,0,0,0,0,75,75,0,-4.52913210320237,0,0,0,-4.52913210320237,-4.52913210320237,0,0,0,0,0,0,0,0,0,0,0,0,0,0,-98.6458002705714,-0.182635020957442,0,0,0,0,-0.182635020957442,0,-0.182635020957442,0,0,0,0,0,0,0,0,0,0,0,0,0,98.4631652496139,0,0,0,0,37.6560790053237,0,37.6560790053237,45.792889560134,0,0,45.792889560134,61.9842471674962,12.051063,49.9331841674962,-16.1913576073622,15.0141966841562,3.67388221537278,11.3403144687834,0,0,0,15.0141966841562,3.67388221537278,11.3403144687834,0,0,0,0,0,0,0,0,0,0,0,0,0,0,0,-8.62128961483545,0,0,0,0,0,0,0,0,0,0,0,0,0,0,0,0,0,0,0,8.62128961483545,0,0,0,0,0,0,0,0,0,8.62128961483545,8.62128961483545,0,0,0,0,8.62128961483545,8.62128961483545,0,-10.3494046650621,0,0,0,0,0,0,0,0,0,0,0,0,0,0,0,0,0,0,0,10.3494046650621,0,0,0,0,0,0,0,0,0,10.3494046650621,2.5948340189425,7.75457064611957,0,0,0,10.3494046650621,2.5948340189425,7.75457064611957,0,-35.3560578453952,140.114677684566,-140.114677684566,-139.57699469707,0,0,0,0,0,-139.57699469707,-139.57699469707,0,-139.57699469707,0,0,0,0,0,0,0,0,0,0,0.537682987496181,2064.075,2186.82408333333,785.650905192537,-345.879522815077,2046.36878939296,0,4.17075795880187,2.95177522728003,4.17490593255594,2.95471087741644,368.032347495633,5.08941391115764,2442.4408329057,5.08941391115764
2009-07-01,2009,"Q3","2009/10","Q1","July",-300.845344119724,1220.45308664079,1521.29843076051,-467.300562421563,851.858457839845,1319.15902026141,-395.886917928967,559.1144029169,955.001320845867,-404.848917928967,550.1524029169,65.272064,301.696,1.337,11.229,17.212,38.70063984246,13.13,20.56,23.691,183.1843389169,955.001320845867,78.0410563675366,55.4481996341881,22.5928567333485,854.98847649833,116.496963543807,738.491512954523,21.97178798,0,0,0,8.962,8.962,0,-71.4136444925968,292.744054922945,364.157699415542,0,0,0,0,0,0,-220.608107841855,10.5536409172723,231.161748759127,152.408487765327,205.7025362672,53.2940485018736,0,0,0,-8.24376624193514,4.26873597224098,12.5125022141761,3.6210835525351,5.15811574728221,1.53703219474711,0.362081954,0.56769844866,0.20561649466,5.47319415952,14.37552617,8.90233201048,-36.4501719544992,14.5073855379,50.9575574923992,0,0,0,32.0235541143107,37.6104158623892,5.58686174807849,0,-104.661655095793,6.97362625916138,111.635281354955,-24.8806196455653,0.691178359728543,25.5717980052939,-79.7810354502279,6.28244789943284,86.0634833496607,-61.3315573977953,0,61.3315573977953,-14.6498548461662,0,14.6498548461662,-8.29889598379036,1.78317512190884,10.0820711056992,2.66480682,4.499272777524,4.499272777524,0,0,0,0,271.116873397633,361.621002541779,90.5041291441457,93.1320378356689,93.1320378356689,34.9782109332744,43.8564418023944,14.2973851,0,0,177.984835561964,268.48896470611,171.109096887186,97.3798678189237,90.5041291441457,0,0,0,0,0,0,0,0,0,-300.845344119724,-556.669548616256,-203.180080424894,7.21262026201565,6.42708340002998,6.42708340002998,6.42708340002998,0,0,0,0.785536861985672,0.785536861985672,0,0,210.39270068691,192.64270068691,158.249843544052,158.249843544052,0,0,34.3928571428573,17.75,17.75,0,0,-0.352591470004196,0,0,0,0,0,0,0,0,0,0,0,0,0,0,0,0,0,0,0,0,0,0,0,0,0,0,0,0.352591470004196,2.03705676130848,0,0,1.128711838348,0.908344922960475,0,0.908344922960475,-1.68446529130428,0,0,0,0,0,0,-1.68446529130428,6.53050149371418,0,0,-8.21496678501846,0,0,0,0,0,0,0,0,0,0,0,2.34534723344522,0,2.34534723344522,0,0,0,0,4.39768608182555,0,4.39768608182555,0,0,0,0,2.05233884838034,0,2.05233884838034,0,0,0,0,-355.482223954803,82.4652749109826,437.947498865785,0,0,0,80.3587120601754,82.1332617815543,111.004399634292,111.004399634292,0,-36.8711378527377,-36.8711378527377,0,0,0,0,8,8,0,0,0,0,8,8,0,1.77454972137887,0,0,0,1.77454972137887,1.77454972137887,0,0,0,0,0,0,0,0,0,0,0,0,0,0,-202.978391567131,0.332013129428319,0,0,0,0,0.332013129428319,0,0.332013129428319,0,0,0,0,0,0,0,0,0,0,0,0,0,203.310404696559,0,0,0,0,-14.245621378089,0,-14.245621378089,146.789591074317,0,0,146.789591074317,160.515285784317,110.86121704,49.6540687443167,-13.72569471,70.7664350003311,4.92441030284475,65.8420246974864,0,0,0,70.7664350003311,4.92441030284475,65.8420246974864,0,0,0,0,0,0,0,0,0,0,0,0,0,0,0,1.48686021721442,0,0,0,0,0,0,0,0,0,0,0,0,0,0,0,0,0,0,0,-1.48686021721442,0,0,0,0,0,0,0,0,0,-1.48686021721442,-1.48686021721442,0,0,0,0,-1.48686021721442,-1.48686021721442,0,-10.3494046650621,0,0,0,0,0,0,0,0,0,0,0,0,0,0,0,0,0,0,0,10.3494046650621,0,0,0,0,0,0,0,0,0,10.3494046650621,2.5948340189425,7.75457064611957,0,0,0,10.3494046650621,2.5948340189425,7.75457064611957,224,-71.3187209120301,-184.505483584502,184.505483584502,172.328054064502,0,0,0,224,0,-51.6719459354979,-51.6719459354979,0,-51.6719459354979,0,0,0,0,0,0,0,0,0,0,-12.17742952,1923.985,2048.11291674509,851.858457839845,-393.977381955392,2244.87790988,0,3.51764390031697,2.30879361576963,3.51764390031697,2.30879361576963,401.506006314355,5.64568574563102,2784.08728018753,5.64568574563102
2009-10-01,2009,"Q4","2009/10","Q2","October",-242.382903255343,1353.25334634149,1595.63624959683,-450.113868993218,938.352239668696,1388.46610866191,-356.762375894509,647.43546328922,1004.19783918373,-361.003375894509,643.19446328922,66.506826,334.106,1.033,21.715,18.236,49.84187356932,11.012,22.392,25.245,242.58163728922,1004.19783918373,63.2761815718257,41.5390306314417,21.7371509403839,915.541359401903,116.372098008726,799.169261393178,25.3802982100001,0,0,0,4.241,4.241,0,-93.3514930987088,290.916776379476,384.268269478185,0,0,0,0,0,0,-225.852646508462,11.3228793528952,237.175525861357,130.017885088313,175.631251700187,45.6133666118737,0,0,0,-8.63855575401727,4.89169424302001,13.5302499970373,1.30421594198627,2.31828329073679,1.01406734875053,0.20148315785,1.89877652205,1.6972933642,4.83389890969686,17.696338625,12.8624397153031,-46.5890229621289,20.004458891,66.5934818531289,0,0,0,51.3712490280525,57.1530937545872,5.78184472653468,0,-86.4029751144679,9.43625253738974,95.8392276518577,-20.3230512849918,0.691178359728543,21.0142296447204,-66.0799238294761,8.7450741776612,74.8249980071373,-61.7400315336046,0,61.7400315336046,-1.14368731634125,0,1.14368731634125,-10.5848665938532,1.35641256333824,11.9412791571915,6.61490069,7.38866161432296,7.38866161432296,0,0,0,0,294.133940852343,405.464854135403,111.33091328306,106.702005940148,106.702005940148,62.9837219421113,34.6492885580372,9.06899544,0,0,187.431934912195,298.762848195254,219.048745315255,79.71410288,111.33091328306,0,0,0,0,0,0,0,0,0,-242.382903255343,-400.54632463524,-203.180080424894,7.21262026201565,6.42708340002998,6.42708340002998,6.42708340002998,0,0,0,0.785536861985672,0.785536861985672,0,0,210.39270068691,192.64270068691,158.249843544052,158.249843544052,0,0,34.3928571428573,17.75,17.75,0,0,0.0326853037038575,0,0,0,0,0,0,0,0,0,0,0,0,0,0,0,0,0,0,0,0,0,0,0,0,0,0,0,-0.0326853037038575,2.72154238908686,0,0,1.82035961736708,0.901182771719784,0,0.901182771719784,-2.75422769279072,0,0,0,0,0,0,-2.75422769279072,-2.42077502812598,0,0,-0.33345266466474,0,0,0,0,0,0,0,0,0,0,0,2.32723686108781,0,2.32723686108781,0,0,0,0,3.28227620446333,0,3.28227620446333,0,0,0,0,0.955039343375522,0,0.955039343375522,0,0,0,0,-199.726166375138,-68.9102164226274,130.81594995251,0,0,0,-65.7333956524373,-68.0897614522417,9.1366341106608,9.1366341106608,0,-62.2263955629025,-62.2263955629025,0,0,0,0,-15,-15,0,0,0,0,-15,-15,0,-2.35636579980438,0,0,0,-2.35636579980438,-2.35636579980438,0,0,0,0,0,0,0,0,0,0,0,0,0,0,-123.328977403375,-0.820454970385659,0,0,0,0,-0.820454970385659,0,-0.820454970385659,0,0,0,0,0,0,0,0,0,0,0,0,0,122.50852243299,0,0,0,0,30.4956346858575,0,30.4956346858575,21.2464527468011,0,0,21.2464527468011,46.5224200868011,5.42474496,41.0976751268011,-25.27596734,70.7664350003311,4.92441030284475,65.8420246974864,0,0,0,70.7664350003311,4.92441030284475,65.8420246974864,0,0,0,0,0,0,0,0,0,0,0,0,0,0,0,-0.314388654262884,0,0,0,0,0,0,0,0,0,0,0,0,0,0,0,0,0,0,0,0.314388654262884,0,0,0,0,0,0,0,0,0,0.314388654262884,0.314388654262884,0,0,0,0,0.314388654262884,0.314388654262884,0,-10.3494046650621,0,0,0,0,0,0,0,0,0,0,0,0,0,0,0,0,0,0,0,10.3494046650621,0,0,0,0,0,0,0,0,0,10.3494046650621,2.5948340189425,7.75457064611957,0,0,0,10.3494046650621,2.5948340189425,7.75457064611957,0,-124.834513643806,-33.328907736091,33.328907736091,33.905031736091,0,0,0,0,0,33.905031736091,33.905031736091,0,33.905031736091,0,0,0,0,0,0,0,0,0,0,0.576124,1899.71,1889.56597150072,938.352239668696,-349.084909195491,2274.2489017,0,5.11967151932066,3.53242285985304,5.13741419739647,3.54466478619411,351.27036294026,5.37862918336418,2769.21091651357,5.37862918336418
2010-01-01,2010,"Q1","2009/10","Q3","January",-351.191250937302,1288.34205214724,1639.53330308455,-544.269318005597,903.639274021638,1447.90859202724,-440.849946645713,587.393731426686,1028.2436780724,-451.398946645713,576.844731426686,73.542,335.470560646686,5.981,18.378,23.217,46.55300407,12.36,19.652,19.691,167.83217078,1028.2436780724,110.888495531782,47.7805823728309,63.1079131589513,900.809228950617,125.169659086919,775.639569863698,16.54595359,0,0,0,10.549,10.549,0,-103.419371359884,316.245542594953,419.664913954836,0.108402913100266,0.109140044826159,0.00073713172589279,0,0,0,-237.09809308228,8.24076745754185,245.338860539822,123.800929890081,203.40519684,79.6042669499195,0,0,0,-12.6909034206527,4.61105003275347,17.3019534534062,3.5774670814813,5.11174747948074,1.53428039799944,1.4638975987,2.8450324081,1.3811348094,5.94924744195017,14.3105413876658,8.36129394571564,-42.5161173296075,16.2562161593,58.7723334889075,0,0,0,53.9857975473445,61.3558507852845,7.37005323794,0,-61.2567025052272,14.4527816502571,75.7094841554843,-19.9388274942763,0.697283005573819,20.6361104998501,-41.3178750109509,13.7554986446832,55.0733736556342,-36.4981952986276,9.2018737090838,45.7000690077114,-1.05747337458654,0,1.05747337458654,-7.11310306747874,1.20272820585745,8.31583127333619,2.99361455,3.350896729742,3.350896729742,0,0,0,0,254.334769573522,370.249996475348,115.915226901826,88.3514877600147,88.3661190100147,18.68778087,55.7547978500147,13.92354029,0,0.01463125,165.983281813508,281.883877465333,234.61093739591,47.2729400694237,115.900595651826,0,0,0,0,0,0,0,0,0,-351.191250937302,-229.94078347642,-126.66460586491,9.30357595327188,9.2018737090838,0,0,0,0,9.2018737090838,0.101702244188076,0.101702244188076,0,0,135.968181818182,61.9931818181818,34.175,34.175,0,0,27.8181818181818,73.975,73.975,0,0,15.898166393655,0,0,0,0,0,0,0,0,0,0,0,0,0,0,0,0,0,0,0,0,0,0,0,0,0,0,0,-15.898166393655,2.37510695125331,0,0,1.05973781854593,1.31536913270738,0,1.31536913270738,-18.2732733449083,0,0,0,0,0,0,-18.2732733449083,-11.9363439858045,0,0,-6.33692935910379,0,0,0,0,0,0,0,0,0,0,0,0.372739780015097,0,0.372739780015097,0,0,0,0,3.70889845358935,0,3.70889845358935,0,0,0,0,3.33615867357425,0,3.33615867357425,0,0,0,0,-119.54708378518,192.120165421018,311.667249206198,0,0,0,-171.147317640735,-130.674981666434,82.0250248927635,82.0250248927635,0,-186.700006559197,-186.700006559197,0,0,0,0,-26,-26,0,0,0,0,-26,-26,0,40.4723359743013,0,0,0,40.4723359743013,40.4723359743013,0,0,0,0,0,0,0,0,0,0,0,0,0,0,64.6916381249452,322.795147087452,0,0,0,0,322.795147087452,0,322.795147087452,0,0,0,0,0,0,0,0,0,0,0,0,0,258.103508962507,0,0,0,0,64.5073574941306,0,64.5073574941306,115.004588074009,0,0,115.004588074009,128.278816594009,3.40668025,124.872136344009,-13.27422852,78.5915633943671,4.48117282964651,74.1103905647206,0,0,0,78.5915633943671,4.48117282964651,74.1103905647206,0,0,0,0,0,0,0,0,0,0,0,0,0,0,0,6.90859573060956,0,0,0,0,0,0,0,0,0,0,0,0,0,0,0,0,0,0,0,-6.90859573060956,0,0,0,0,0,0,0,0,0,-6.90859573060956,1.13049748319065,-8.03909321380021,0,0,0,-6.90859573060956,1.13049748319065,-8.03909321380021,-20,0,0,0,0,0,0,0,0,0,0,0,0,0,0,0,0,0,0,0,20,0,0,0,0,0,0,0,0,0,20,0,20,0,0,0,20,0,20,0,33.2410407761927,88.0094266846891,-88.0094266846891,-89.4923736246891,0,0,0,0,0,-89.4923736246891,-89.4923736246891,0,-89.4923736246891,0,0,0,0,0,0,0,0,0,0,-1.48294694,2084.345,2006.17613875598,903.639274021638,-439.557369947317,2357.79785941,0,3.29700227528172,2.1431543810408,3.29700227528172,2.1431543810408,401.39990150785,4.8606934185051,2672.96855491736,4.8606934185051
2010-04-01,2010,"Q2","2009/10","Q4","April",-602.760692209465,1131.47896551346,1734.23965772293,-825.197297167879,776.506143549492,1601.70344071737,-606.044603838737,523.354097916862,1129.3987017556,-620.768603838737,508.630097916862,56.81,340.285219626862,8.683,19.61,17.95,40.49928318,12.678,16.032,22.975,111.53487829,1129.3987017556,180.983144357706,31.1587113909495,149.824432966756,931.011114747893,143.157442655689,787.853672092205,17.40444265,0,0,0,14.724,14.724,0,-219.152693329141,253.152045632631,472.304738961772,0.108402913100266,0.109140044826159,0.00073713172589279,0,0,0,-260.459262116832,10.7640860502998,271.223348167131,88.7524251680234,167.71981968,78.9673945119766,0,0,0,-11.0208449681159,2.10041621384368,13.1212611819596,3.38963762433195,5.05720302093213,1.66756539660018,0.05707015767,0.20169995996,0.14462980229,6.24135324589575,17.6580703627741,11.4167171168784,-64.84002494851,24.2051266147,89.04515156321,0,0,0,18.6185495952947,25.3364836852947,6.71793409,0,-75.5525647954704,14.1910925318772,89.7436573273476,-15.5397452323943,0.697283005573819,16.2370282379681,-60.0128195630761,13.4938095263034,73.5066290893795,-37.0084516057946,9.2018737090838,46.2103253148784,-15.7170144858542,0,15.7170144858542,-10.3595635533973,1.21972573524963,11.5792892886469,7.00427654,3.07221008197,3.07221008197,0,0,0,0,297.989169753885,340.781729432092,42.792559678207,142.805942439617,142.805942439617,71.3230452541,62.9027583355167,8.58013885,0,0,155.183227314268,197.975786992475,152.701480808864,45.2743061836113,42.792559678207,0,0,0,0,0,0,0,0,0,-602.760692209465,-323.379587234209,-126.66460586491,9.30357595327188,9.2018737090838,0,0,0,0,9.2018737090838,0.101702244188076,0.101702244188076,0,0,135.968181818182,61.9931818181818,34.175,34.175,0,0,27.8181818181818,73.975,73.975,0,0,15.6821953809124,0,0,0,0,0,0,0,0,0,0,0,0,0,0,0,0,0,0,0,0,0,0,0,0,0,0,0,-15.6821953809124,2.14275075368524,0,0,1.27393011489551,0.868820638789736,0,0.868820638789736,-17.8249461345976,0,0,0,0,0,0,-17.8249461345976,-0.97058346055313,0,0,-16.8543626740445,0,0,0,0,0,0,0,0,0,0,0,0.297523025708278,0,0.297523025708278,0,0,0,0,3.45765922586242,0,3.45765922586242,0,0,0,0,3.16013620015414,0,3.16013620015414,0,0,0,0,-212.69469977592,-119.836860922012,92.8578388539079,0,0,0,-232.857508018019,-195.725391721266,-220.864212684603,-220.864212684603,0,-22.8611790366625,-22.8611790366625,0,0,0,0,48,48,0,0,0,0,48,48,0,37.1321162967535,0,0,0,37.1321162967535,37.1321162967535,0,0,0,0,0,0,0,0,0,0,0,0,0,0,33.2542125114897,75.8885307992536,0,0,0,0,75.8885307992536,0,75.8885307992536,0,0,0,0,0,0,0,0,0,0,0,0,0,42.6343182877639,0,0,0,0,-56.3887943163949,0,-56.3887943163949,20.4315492097917,0,0,20.4315492097917,35.3683838397917,0.25136817,35.1170156697917,-14.93683463,78.5915633943671,4.48117282964651,74.1103905647206,0,0,0,78.5915633943671,4.48117282964651,74.1103905647206,0,0,0,0,0,0,0,0,0,0,0,0,0,0,0,6.90859573060956,0,0,0,0,0,0,0,0,0,0,0,0,0,0,0,0,0,0,0,-6.90859573060956,0,0,0,0,0,0,0,0,0,-6.90859573060956,1.13049748319065,-8.03909321380021,0,0,0,-6.90859573060956,1.13049748319065,-8.03909321380021,-20,0,0,0,0,0,0,0,0,0,0,0,0,0,0,0,0,0,0,0,20,0,0,0,0,0,0,0,0,0,20,0,20,0,0,0,20,0,20,0,379.140547075251,-99.7594420999958,99.7594420999958,100.229003239996,0,0,0,-0.114870664000001,0,100.343873903996,100.343873903996,0,100.343873903996,0,0,0,0,0,0,0,0,0,0,0.46956114,2283.335,2171.66944444444,776.506143549492,-745.566634649081,2343.36548245,0,4.51126132650452,3.04052597859391,4.53321026403214,3.05531925034768,447.759077797889,4.37404898678044,2384.19670955223,4.37404898678044
2010-07-01,2010,"Q3","2010/11","Q1","July",-391.909096046499,1217.57912138459,1609.48821743109,-741.988725877075,736.361721609555,1478.35044748663,-529.881369403441,504.384192644266,1034.26556204771,-532.655369403441,501.610192644266,70.15,312.545404824266,0.8,13.341,11.598,38.92078103,12.09,16.312,24.18,118.914787819999,1034.26556204771,124.400472866529,26.6562634310756,97.7442094354529,894.714892211179,136.553266787527,758.161625423651,15.15019697,0,0,0,2.774,2.774,0,-212.107356473633,231.97752896529,444.084885438923,0.108402913100266,0.109140044826159,0.00073713172589279,0,0,0,-250.999279641034,10.6709987974887,261.670278438523,67.4570011424605,147.60340322285,80.14640208039,0,0,0,-10.4128091887006,2.74786688207618,13.1606760707768,3.90894940383382,5.57685048029404,1.66790107646022,-0.891893846677,0.025830196453,0.91772404313,-2.11236972834191,14.0874387329629,16.1998084613048,-37.7405343438122,28.8421040028,66.5826383466122,0,0,0,18.5751768155381,22.3138966055382,3.73871979,0,-57.0948270437424,13.4759432942404,70.5707703379828,-11.6887102976655,0.697283005573819,12.3859933032393,-45.4061167460769,12.7786602886666,58.1847770347435,-36.1216676410521,9.2018737090838,45.3235413501359,-0.33755332238414,0,0.33755332238414,-11.6010043431656,0.9226780190578,12.5236823622234,7.34042694889,2.654108560525,2.654108560525,0,0,0,0,407.174456874318,467.741456480795,60.5669996064771,244.774100076903,244.774100076903,77.19647065748,29.9635445842229,16.1365848352,121.4775,0,162.400356797415,222.967356403892,162.42084655775,60.5465098461422,60.5669996064771,0,0,0,0,0,0,0,0,0,-391.909096046499,-117.341890198579,-126.66460586491,9.30357595327188,9.2018737090838,0,0,0,0,9.2018737090838,0.101702244188076,0.101702244188076,0,0,135.968181818182,61.9931818181818,34.175,34.175,0,0,27.8181818181818,73.975,73.975,0,0,81.2486124102122,0.000189761002197624,0.000189761002197624,0,0,0.000189761002197624,0,0,0,0,0,0,0,0,0,0,0,0,0,0,0,0,0,0,0,0,0,0,-81.24842264921,-77.1929850047537,0,0,-77.8502645842711,0.657279579517383,0,0.657279579517383,-4.05543764445624,0,0,0,0,0,0,-4.05543764445624,-3.59396764430368,0,0,-0.461470000152561,0,0,0,0,0,0,0,0,0,0,0,0.551895833592042,0,0.551895833592042,0,0,0,0,1.21006859948427,0,1.21006859948427,0,0,0,0,0.658172765892229,0,0.658172765892229,0,0,0,0,-72.4777925774733,45.2407386420563,117.71853121953,0,0,0,111.642052451727,95.8576040075484,114.643791311707,114.643791311707,0,3.21381269584144,3.21381269584144,0,0,0,0,-22,-22,0,0,0,0,-22,-22,0,-15.7844484441783,0,0,0,-15.7844484441783,-15.7844484441783,0,0,0,0,0,0,0,0,0,0,0,0,0,0,-171.02844075981,-50.6168653654921,0,0,0,0,-50.6168653654921,0,-50.6168653654921,0,0,0,0,0,0,0,0,0,0,0,0,0,120.411575394317,0,0,0,0,16.4688721530515,0,16.4688721530515,23.9112216473165,0,0,23.9112216473165,39.1982262339965,0.700917,38.4973092339965,-15.28700458668,80.0314815939495,5.9210910292289,74.1103905647206,0,0,0,80.0314815939495,5.9210910292289,74.1103905647206,0,0,0,0,0,0,0,0,0,0,0,0,0,0,0,6.90859573060956,0,0,0,0,0,0,0,0,0,0,0,0,0,0,0,0,0,0,0,-6.90859573060956,0,0,0,0,0,0,0,0,0,-6.90859573060956,1.13049748319065,-8.03909321380021,0,0,0,-6.90859573060956,1.13049748319065,-8.03909321380021,-20,0,0,0,0,0,0,0,0,0,0,0,0,0,0,0,0,0,0,0,20,0,0,0,0,0,0,0,0,0,20,0,20,0,0,0,20,0,20,0,219.271579122411,55.2956267255095,-55.2956267255095,-56.7690465415095,0,0,0,0,0,-56.7690465415095,-56.7690465415095,0,-56.7690465415095,0,0,0,0,0,0,0,0,0,0,-1.473419816,2244.08,2246.51005772006,736.361721609555,-515.205696123402,2555.69906290565,0,5.32226457959263,3.64558075771407,5.32226457959263,3.64558075771407,506.696898946661,4.04738710289234,2440.74372136319,4.04738710289234
2010-10-01,2010,"Q4","2010/11","Q2","October",-263.912664679151,1502.79224195752,1766.70490663667,-598.814698479361,1051.57049538855,1650.38519386791,-634.940962074301,548.842048540369,1183.78301061467,-636.970962074301,546.812048540369,84.135,332.622105140369,5.722,16.926,16.586,48.92295696,9.425,19.381,23.979,130.0549434,1183.78301061467,172.427763879963,66.8180974378249,105.609666442139,993.962038034706,157.505266842512,836.456771192193,17.3932087,0,0,0,2.03,2.03,0,36.1262635949393,502.728446848177,466.602183253238,0.108402913100266,0.109140044826159,0.00073713172589279,0,0,0,-268.513103868096,12.3779763640002,280.891080232096,183.933961378993,265.180910542851,81.2469491638577,0,0,0,-10.4924439749878,2.91380958731218,13.4062535622999,3.67897128140417,5.58290513223697,1.9039338508328,0.7193348578004,1.0861056788,0.3667708209996,-2.3722819943344,10.8208532783231,13.1931352726575,-21.4846754913374,43.4737208128,64.9583963041374,0,0,0,150.548098492397,161.183025407028,10.634926914631,0,-67.6989152048765,17.8913337285991,85.5902489334756,-31.1539044383849,0.697283005573819,31.8511874439587,-36.5450107664916,17.1940507230253,53.7390614895169,-36.3476217469007,9.2018737090838,45.5494954559845,-0.297160708467956,0,0.297160708467956,-6.77238892177296,1.12001640329146,7.89240532506442,2.82403546896,6.87216061065001,6.87216061065001,0,0,0,0,402.600949005086,433.330412840377,30.7294638352902,150.980867009754,150.980867009754,85.64765265,54.911421357454,10.4217930023,0,0,251.620081995332,282.349545830623,218.266735237477,64.082810593146,30.7294638352902,0,0,0,0,0,0,0,0,0,-263.912664679151,-397.344968128006,-126.66460586491,9.30357595327188,9.2018737090838,0,0,0,0,9.2018737090838,0.101702244188076,0.101702244188076,0,0,135.968181818182,61.9931818181818,34.175,34.175,0,0,27.8181818181818,73.975,73.975,0,0,-2.3046144878015,0,0,0,0,0,0,0,0,0,0,0,0,0,0,0,0,0,0,0,0,0,0,0,0,0,0,0,2.3046144878015,2.182197465,0,0,1.2849185,0.897278965,0,0.897278965,0.122417022801503,0,0,0,0,0,0,0.122417022801503,3.40703508023777,0,0,-3.28461805743626,0,0,0,0,0,0,0,0,0,0,0,0.203606547285389,0,0.203606547285389,0,0,0,0,1.59306879073622,0,1.59306879073622,0,0,0,0,1.38946224345083,0,1.38946224345083,0,0,0,0,-268.57935432258,-10.4535484924642,258.125805830116,0,0,0,26.3778319046581,25.8088160210926,24.8816599116983,24.8816599116983,0,18.9271561093943,18.9271561093943,0,0,0,0,-18,-18,0,0,0,0,-18,-18,0,-0.569015883565438,0,0,0,-0.569015883565438,-0.569015883565438,0,0,0,0,0,0,0,0,0,0,0,0,0,0,-281.865781957848,-36.2623645135568,0,0,0,0,-36.2623645135568,0,-36.2623645135568,0,0,0,0,0,0,0,0,0,0,0,0,0,245.603417444291,0,0,0,0,22.1785549869814,0,22.1785549869814,143.39338086336,0,0,143.39338086336,167.428366188,100.916624,66.511742188,-24.03498532464,80.0314815939495,5.9210910292289,74.1103905647206,0,0,0,80.0314815939495,5.9210910292289,74.1103905647206,0,0,0,0,0,0,0,0,0,0,0,0,0,0,0,6.90859573060956,0,0,0,0,0,0,0,0,0,0,0,0,0,0,0,0,0,0,0,-6.90859573060956,0,0,0,0,0,0,0,0,0,-6.90859573060956,1.13049748319065,-8.03909321380021,0,0,0,-6.90859573060956,1.13049748319065,-8.03909321380021,-20,0,0,0,0,0,0,0,0,0,0,0,0,0,0,0,0,0,0,0,20,0,0,0,0,0,0,0,0,0,20,0,20,0,0,0,20,0,20,0,-131.979530184403,-1.4527732644525,1.45277326445251,1.45375567245252,0,0,0,-0.0932577282531894,0,1.54701340070571,1.54701340070571,0,1.54701340070571,0,0,0,0,0,0,0,0,0,0,0.000982407999999997,2308.3,2285.07820175439,1051.57049538855,-414.893531688905,2705.4986731223,0,5.66561264134136,2.9570308999218,5.6826043657366,2.96589932373762,492.946682987848,4.01125122169114,2484.72086346943,4.01125122169114
2011-01-01,2011,"Q1","2010/11","Q3","January",-737.493797868269,1322.19898352137,2059.69278138964,-866.940485604834,1005.25907074317,1872.199556348,-637.661260293405,613.69079764,1251.3520579334,-638.797203293405,612.55485464,91.915773,435.53565661,53.40678351,14.46713206,17.089677,46.2694334,12.199065,20.1973123500001,26.28435864,85.1034250299993,1251.3520579334,179.337937905092,37.7267877442898,141.611150160802,1058.92259986831,178.402734128188,880.519865740124,13.09152016,0,0,0,1.135943,1.135943,0,-229.279225311429,391.568273103168,620.847498414597,-5.26902886144806,0.204280421321879,5.47330928276994,-3.75869229286601,0.0416715006306344,3.80036379349664,-281.534359109454,19.3695935887323,300.903952698186,121.897250152897,214.298734087376,92.4014839344791,15.751049744745,67.1080480611096,51.3569983163646,-18.6595423091841,3.77111799091495,22.4306603000991,3.75214964460884,5.33128563977624,1.5791359951674,-0.844922662535333,1.94543533876467,2.7903580013,-0.493016788403775,13.704580834032,14.1975976224358,-85.3408425922654,29.3760129039,114.716855496165,-3.13169425271326,0,3.13169425271326,28.3524240151908,36.4175127366098,8.065088721419,0,-91.1652392536988,2.00839290460073,93.1736321582996,-19.5323898418261,0.82204944869426,20.3544392905204,-71.6328494118727,1.18634345590647,72.8191928677792,-63.0877122669825,-2.63280438777285,60.4549078792097,-0.0967648546963651,0,0.0967648546963651,-11.1939490891608,1.07357104471232,12.2675201338731,7.36461808491,2.745576798967,2.745576798967,0,0,0,0,220.611926990264,314.931519873603,94.3195928833387,42.0761710465811,42.0761710465811,0.753250338372,26.0654334537091,15.2574872545,0,0,178.535755943683,272.855348827022,203.928603803737,68.926745023285,94.3195928833387,0,0,0,0,0,0,0,0,0,-737.493797868269,-187.723287505241,-226.535106896819,-2.96164239681903,-2.63280438777285,0,0,0,0,-2.63280438777285,-0.328838009046182,-0.328838009046182,0,0,223.5734645,143.26184725,99.2002105,99.2002105,0,0,44.06163675,80.31161725,80.31161725,0,0,-22.0160908455278,-0.0565800126645759,-0.0565800126645759,0,0,0.0243698073684777,-0.0809498200330536,0,-0.0809498200330536,0,0,0,0,0,0,0,0,0,0,0,0,0,0,0,0,0,0,0,21.9595108328632,7.07619938055768,0,0,7.10418702445713,-0.0279876438994505,0,-0.0279876438994505,14.8833114523056,0,0,0,0,0,0,14.8833114523056,5.29546388276488,0,0,9.58784756954068,0,0,0,0,0,0,0,0,0,0,0,0.0170965419929079,0,0.0170965419929079,0,0,0,0,1.87938297271362,0,1.87938297271362,0,0,0,0,1.86228643072072,0,1.86228643072072,0,0,0,0,60.810813695113,59.7256244140594,-1.08518928105362,0,0,0,236.628433707617,219.112345507488,17.0030945633415,17.0030945633415,0,188.109250944147,188.109250944147,0,0,0,0,14,14,0,0,0,0,14,14,0,-17.5160882001291,0,0,0,-17.5160882001291,-17.5160882001291,0,0,0,0,0,0,0,0,0,0,0,0,0,0,-172.32388205283,-159.371435027863,0,0,0,0,-159.371435027863,0,-159.371435027863,0,0,0,0,0,0,0,0,0,0,0,0,0,12.952447024967,0,0,0,0,-46.3627313265261,0,-46.3627313265261,38.8462668514931,0,0,38.8462668514931,52.7395657454731,0.36934173,52.3702240154731,-13.89329889398,20.4689115,-0.22929125,20.69820275,0,0,0,20.4689115,-0.22929125,20.69820275,0,0,0,0,0,0,0,0,0,0,0,0,0,0,0,-1.88496737910851,0,0,0,0,0,0,0,0,0,0,0,0,0,0,0,0,0,0,0,1.88496737910851,0,0,0,0,0,0,0,0,0,1.88496737910851,2.96151453691225,-1.07654715780373,0,0,0,1.88496737910851,2.96151453691225,-1.07654715780373,-1.60877058056557,-0.0152860655655731,0,0,0,0,0,0,-0.0152860655655731,-0.0152860655655731,0,0,0,0,0,0,0,0,0,0,1.593484515,0,0,0,0,0,0,0,0,0,1.593484515,1.548729165,0.04475535,0,0,0,1.593484515,1.548729165,0.04475535,0,186.153774989906,363.616735373122,-363.616735373122,-365.739854583122,0,0,0,0,0,-365.739854583122,-365.739854583122,0,-365.739854583122,0,0,0,0,0,0,0,0,0,0,-2.12311921,2397.29,2356.12508994709,1005.25907074317,-779.56996891485,2829.03431551871,0,4.07642640474547,2.48857776533125,4.07642640474547,2.48857776533125,460.986921491736,3.51984016742292,2205.98927589007,3.51984016742292
2011-04-01,2011,"Q2","2010/11","Q4","April",-339.259600048425,1669.39744477884,2008.65704482727,-803.594489850229,1035.38572290667,1838.9802127569,-570.865504864683,630.853380147707,1201.71888501239,-571.773693864683,629.945191147707,124.843075,420.817044817397,23.02224852,18.86882024,12.846221,43.45272742,14.123474,21.3856327099999,35.57235742,84.2850713303097,1201.71888501239,83.7793733495171,41.806283259453,41.9730900900641,1104.57187321364,206.217490097796,898.354383115842,13.367638449236,0,0,0,0.908189,0.908189,0,-232.728984985545,404.532342758963,637.261327744508,-5.26902886144806,0.204280421321879,5.47330928276994,-5.97954387922406,0.0416715006306344,6.02121537985469,-237.390962303377,51.2808202551464,288.671782558523,106.876289498873,197.391438313449,90.5151488145751,11.64029532194,63.8553343374994,52.2150390155594,-16.2797437003633,2.61422135742767,18.893965057791,4.82574403418535,6.39100344498483,1.56525941079948,-0.36015028634,0.71317171626,1.0733220026,0.0881521623301502,17.712899469304,17.6247473069738,-125.296978296096,24.3809832720166,149.677961568112,-2.98623277114879,0.00623587249389642,2.99246864364268,37.4031740951221,39.9402827984291,2.537108703307,0,-95.593083039061,1.72901334835418,97.3220963874152,-21.2872346436957,0.82204944869426,22.1092840923899,-74.3058483953653,0.906963899659918,75.2128122950252,-63.6438916417946,-2.63280438777285,61.0110872540217,-5.09227660468973,0,5.09227660468973,-8.576777886713,0.532670549600768,9.10944843631377,3.8167878699,3.007097737832,3.007097737832,0,0,0,0,559.927972840865,632.282708523816,72.3547356829512,396.97340828169,396.97340828169,8.449784785,49.2354638889899,11.3406596077,327.9475,0,162.954564559175,235.309300242126,166.773441733396,68.5358585087299,72.3547356829512,0,0,0,0,0,0,0,0,0,-339.259600048425,-98.6303859664902,-226.535106896819,-2.96164239681903,-2.63280438777285,0,0,0,0,-2.63280438777285,-0.328838009046182,-0.328838009046182,0,0,223.5734645,143.26184725,99.2002105,99.2002105,0,0,44.06163675,80.31161725,80.31161725,0,0,-59.0227722159806,0.115678547125854,0.115678547125854,0,0,0.004527272895978,0.111151274229876,0,0.111151274229876,0,0,0,0,0,0,0,0,0,0,0,0,0,0,0,0,0,0,0,59.1384507631065,22.0864410219109,0,0,22.8802253918191,-0.793784369908122,0,-0.793784369908122,37.0520097411956,0,0,0,0,0,0,37.0520097411956,16.735644242194,0,0,20.3163654990016,0,0,0,0,0,0,0,0,0,0,0,1.96617553102904,0,1.96617553102904,0,0,0,0,4.63905998249551,0,4.63905998249551,0,0,0,0,2.67288445146647,0,2.67288445146647,0,0,0,0,184.96131761528,250.803893189259,65.8425755739787,0,0,0,192.596767785556,241.294998707946,317.635535972853,317.635535972853,0,-43.3405372649074,-43.3405372649074,0,0,0,0,-33,-33,0,0,0,0,-33,-33,0,48.6982309223893,0,0,0,48.6982309223893,48.6982309223893,0,0,0,0,0,0,0,0,0,0,0,0,0,0,-4.65047165665195,9.50889448131348,0,0,0,0,9.50889448131348,0,9.50889448131348,0,0,0,0,0,0,0,0,0,0,0,0,0,14.1593661379654,0,0,0,0,-38.5303168658979,0,-38.5303168658979,32.2207715038633,0,0,32.2207715038633,44.9418841977233,0,44.9418841977233,-12.72111269386,20.4689115,-0.22929125,20.69820275,0,0,0,20.4689115,-0.22929125,20.69820275,0,0,0,0,0,0,0,0,0,0,0,0,0,0,0,-1.39149399862398,0,0,0,0,0,0,0,0,0,0,0,0,0,0,0,0,0,0,0,1.39149399862398,0,0,0,0,0,0,0,0,0,1.39149399862398,2.46804115642771,-1.07654715780373,0,0,0,1.39149399862398,2.46804115642771,-1.07654715780373,-1.593484515,0,0,0,0,0,0,0,0,0,0,0,0,0,0,0,0,0,0,0,1.593484515,0,0,0,0,0,0,0,0,0,1.593484515,1.548729165,0.04475535,0,0,0,1.593484515,1.548729165,0.04475535,0,52.1310378453695,188.498176236565,-188.498176236565,-188.502415037565,0,0,0,-0.0932563270214488,0,-188.409158710544,-188.409158710544,0,-188.409158710544,0,0,0,0,0,0,0,0,0,0,-0.00423880099999999,2623.165,2405.43725271512,1035.38572290667,-408.285508330115,2904.92186269096,0,3.02935853194373,1.84576726071803,3.04414109948734,1.85477417717035,460.474962028547,3.20517922638989,2043.49094031133,3.20517922638989
2011-07-01,2011,"Q3","2011/12","Q1","July",-627.480901164015,1419.73985742853,2047.22075859255,-776.075232022941,1113.55605831627,1889.63129033921,-649.686104832886,648.95175369,1298.63785852289,-651.467116342887,647.17074218,147.81796698,400.78564794,5.53502869,18.5203772,9.67483184,34.19726175,15.25219702,26.6894640199999,29.586839,98.5671272599996,1298.63785852289,112.45929403873,55.1474198949561,57.3118741437743,1172.13450767383,215.682773130597,956.45173454323,14.0440568103286,0,0,0,1.78101151,1.78101151,0,-126.389127190054,464.604304626274,590.993431816328,-5.26902886144806,0.204280421321879,5.47330928276994,-8.02655996757017,0.0416715006306344,8.0682314682008,-254.186064584096,42.3496545540531,296.535719138149,148.317629851573,261.396322163188,113.078692311615,10.1539278699516,56.1409200345875,45.9869921646359,-18.9912856525937,4.71354103970372,23.7048266922974,4.73940694930048,6.37932105098678,1.6399141016863,0.373385428900921,1.30297114812,0.929585719219079,0.937385600360428,24.1650910681325,23.227705467772,-30.4198472014326,35.1400662290384,65.5599134304711,-2.7318412682743,0,2.7318412682743,28.7137646452738,32.7704654165118,4.056700771238,0,-103.556237170549,2.75096570250901,106.307202873058,-24.3428457280378,0.82204944869426,25.1648951767321,-79.2133914425115,1.92891625381475,81.1423076963263,-72.9128123309451,-2.63280438777285,70.2800079431723,-1.65387270347182,0,1.65387270347182,-7.88335723789598,1.32506981178617,9.20842704968216,3.46026368211299,3.23665082980143,3.23665082980143,0,0,0,0,252.150568029476,303.43283340975,51.2822653802747,68.2308608216573,68.2308608216573,19.5726110898725,32.929790844448,15.7284588873368,0,0,183.919707207818,235.201972588093,163.625609355039,71.5763632330543,51.2822653802747,2.113054898729,2.113054898729,0,0,0,0,2.113054898729,2.113054898729,0,-625.367846265286,-591.340145344817,-226.535106896819,-2.96164239681903,-2.63280438777285,0,0,0,0,-2.63280438777285,-0.328838009046182,-0.328838009046182,0,0,223.5734645,143.26184725,99.2002105,99.2002105,0,0,44.06163675,80.31161725,80.31161725,0,0,-16.1412062242704,-2.54582154087409,-2.54582154087409,0,0,-0.00149223526042559,-2.54432930561367,0,-2.54432930561367,0,0,0,0,0,0,0,0,0,0,0,0,0,0,0,0,0,0,0,13.5953846833963,2.99859409942533,0,0,1.42594663482388,1.57264746460145,0,1.57264746460145,10.596790583971,0,0,0,0,0,0,10.596790583971,11.3779950372692,14.4929134126356,-3.11491837536638,-0.78120445329822,0.760170028224672,-1.54137448152289,0,0,0,0,0,0,0,0,0,2.64583564464127,0,2.64583564464127,0,0,0,0,5.9849458501947,0,5.9849458501947,0,0,0,0,3.33911020555343,0,3.33911020555343,0,0,0,0,-351.309667868369,-197.881960167169,153.4277077012,0,0,0,-242.312322979365,-255.29116686145,-446.538105489667,-446.538105489667,0,68.2469386282169,68.2469386282169,0,0,0,0,123,123,0,0,0,0,123,123,0,-12.9788438820852,0,0,0,-12.9788438820852,-12.9788438820852,0,0,0,0,0,0,0,0,0,0,0,0,0,0,-106.334430527575,57.409206694281,0,0,0,0,57.409206694281,0,57.409206694281,0,0,0,0,0,0,0,0,0,0,0,0,0,163.743637221856,0,0,0,0,72.4948336815378,0,72.4948336815378,70.7798920403182,0,0,70.7798920403182,88.6298226174526,0,88.6298226174526,-17.8499305771344,20.4689115,-0.22929125,20.69820275,0,0,0,20.4689115,-0.22929125,20.69820275,0,0,0,0,0,0,0,0,0,0,0,0,0,0,0,-1.06942984642896,0,0,0,0,0,0,0,0,0,0,0,0,0,0,0,0,0,0,0,1.06942984642896,0,0,0,0,0,0,0,0,0,1.06942984642896,2.1459770042327,-1.07654715780373,0,0,0,1.06942984642896,2.1459770042327,-1.07654715780373,-1.593484515,0,0,0,0,0,0,0,0,0,0,0,0,0,0,0,0,0,0,0,1.593484515,0,0,0,0,0,0,0,0,0,1.593484515,1.548729165,0.04475535,0,0,0,1.593484515,1.548729165,0.04475535,0,320.90543433918,-286.877733418712,286.877733418712,283.984415546974,0,0,0,-0.961474,0,284.945889546974,284.945889546974,0,284.945889546974,0,0,0,0,0,0,0,-0.961474,0,-0.961474,-1.93184387173857,2845.03339994917,2718.15994297895,1113.55605831627,-695.711761985672,2943.39778398879,0,3.75099833044202,2.18598509383462,3.89915633980604,2.27232776089835,453.561881488471,3.54943512428498,2256.00114274211,3.54943512428498
2011-10-01,2011,"Q4","2011/12","Q2","October",-383.019129407898,1674.71288235063,2057.73201175853,-714.493086446943,1144.27849380863,1858.77158025557,-619.378831181693,625.630711160002,1245.00954234169,-623.096089181693,621.913453160002,102.08448299,431.947909150001,3.91177746,19.95828784,14.90793044,46.07740573,10.90067937,25.8803372500003,30.53293619,87.8810610200016,1245.00954234169,116.980081248369,72.2288874405758,44.7511938077927,1114.59817760023,202.207257689933,912.390919910293,13.4312834931,0,0,0,3.717258,3.717258,0,-95.1142552652509,518.647782648625,613.762037913876,-5.26902886144806,0.204280421321879,5.47330928276994,-9.58181617496849,0.0416715006306344,9.62348767559912,-258.177510515087,36.8581800376577,295.035690552745,178.039451299321,286.700142694777,108.660691395456,10.8952550665649,58.7607260840246,47.8654710174598,-17.3003578889112,7.03633342223767,24.3366913111488,2.05590486145728,6.70974853374814,4.65384367229085,-0.5977704015,2.8846841765,3.482454578,-2.55645933298027,18.987899270844,21.5443586038243,-38.3606030212367,40.9539984846817,79.3146015059185,-2.53936443925015,4.54077844235839,7.08014288160854,48.2780441427884,54.9693395798434,6.691295437055,0,-111.117075622627,10.6501798640448,121.767255486672,-31.7709552271426,0.82204944869426,32.5930046758368,-79.3461203954845,9.82813041535054,89.174250810835,-72.9263673314799,-2.63280438777285,70.293562943707,-4.88988094722163,0,4.88988094722163,-12.032583096783,1.95822382312339,13.9908069199064,9.4182173209299,10.50271098,10.50271098,0,0,0,0,442.591032661672,519.784208677959,77.1931760162868,172.275099083815,172.275099083815,103.41447995,59.8682487215055,8.99237041230971,0,0,270.315933577857,347.509109594144,278.615958107828,68.8931514863153,77.1931760162868,9.93158890497981,9.93158890497981,0,0,0,0,9.93158890497981,9.93158890497981,0,-373.087540502919,-629.169742720129,-226.535106896819,-2.96164239681903,-2.63280438777285,0,0,0,0,-2.63280438777285,-0.328838009046182,-0.328838009046182,0,0,223.5734645,143.26184725,99.2002105,99.2002105,0,0,44.06163675,80.31161725,80.31161725,0,0,-162.135921605238,-0.0693892026172404,-0.0693892026172404,0,0,0,-0.0693892026172404,0,-0.0693892026172404,0,0,0,0,0,0,0,0,0,0,0,0,0,0,0,0,0,0,0,162.06653240262,73.3518396881315,0,0,72.8693713221272,0.482468366004297,0,0.482468366004297,88.7146927144888,0,0,0,0,0,0,88.7146927144888,74.3730190765239,82.1798687504159,-7.80684967389195,14.3416736379649,14.7659891218432,-0.424315483878247,0,0,0,0,0,0,0,0,0,-10.0874130432928,0,-10.0874130432928,0,0,0,0,2.14132562993282,0,2.14132562993282,0,0,0,0,12.2287386732257,0,12.2287386732257,0,0,0,0,-230.411301174779,-115.792979725964,114.618321448815,0,0,0,-109.136645035161,-124.716742968124,25.6005754464005,25.6005754464005,0,-40.317318414524,-40.317318414524,0,0,0,0,-110,-110,0,0,0,0,-110,-110,0,-15.580097932963,0,0,0,-15.580097932963,-15.580097932963,0,0,0,0,0,0,0,0,0,0,0,0,0,0,-119.424102584196,8.92376324215955,0,0,0,0,8.92376324215955,0,8.92376324215955,0,0,0,0,0,0,0,0,0,0,0,0,0,128.347865826355,0,0,0,0,1.16823201063924,0,1.16823201063924,106.710722315716,0,0,106.710722315716,131.474050852509,48.661011,82.8130398525086,-24.7633285367927,20.4689115,-0.22929125,20.69820275,0,0,0,20.4689115,-0.22929125,20.69820275,0,0,0,0,0,0,0,0,0,0,0,0,0,0,0,-0.25706904042322,0,0,0,0,0,0,0,0,0,0,0,0,0,0,0,0,0,0,0,0.25706904042322,0,0,0,0,0,0,0,0,0,0.25706904042322,1.33361619822695,-1.07654715780373,0,0,0,0.25706904042322,1.33361619822695,-1.07654715780373,-1.593484515,0,0,0,0,0,0,0,0,0,0,0,0,0,0,0,0,0,0,0,1.593484515,0,0,0,0,0,0,0,0,0,1.593484515,1.548729165,0.04475535,0,0,0,1.593484515,1.548729165,0.04475535,0,-72.2966379574287,-183.785564259782,183.785564259782,183.930352823717,0,0,0,-0.000208196885143493,0,183.930561020602,183.930561020602,0,183.930561020602,0,0,0,0,0,0,0,0,0,0,0.144788563935542,2490.99,2611.48584444942,1144.27849380863,-555.294228491714,2989.68376500362,82.8631005435409,5.62165726232192,3.07362364140741,5.62169054024154,3.07364183600656,477.867168550653,3.76813137527552,2398.59219200479,3.76813137527552
2012-01-01,2012,"Q1","2011/12","Q3","January",-435.112492496644,1696.18564263153,2131.29813512818,-749.434751180148,1217.16450326806,1966.59925444821,-669.271140630423,681.13950222,1350.41064285042,-672.005762630423,678.40488022,100.05310401,484.94683011,37.02988569,14.64122385,18.92208597,45.10830947,13.98693985,23.5724608699999,32.12760799,93.4049460999997,1350.41064285042,148.423299969429,85.5619802731821,62.8613196962471,1186.28703525099,273.353563857292,912.933471393702,15.70030763,0,0,0,2.734622,2.734622,0,-80.1636105497242,536.02500104806,616.188611597784,1.647244091365,1.86516852233068,0.217924430965684,-2.62472526002383,1.39615672002724,4.02088198005107,-224.109662148132,98.1181737062303,322.227835854363,140.136353261108,257.900493956491,117.764140695383,11.9341145947781,64.3819538660898,52.4478392713117,-9.64058234827366,10.9750623179649,20.6156446662386,2.1227131469978,8.22656667094639,6.10385352394859,1.57942135577,4.4470627571,2.86764140133,3.85905388121939,19.5373766944013,15.6783228131819,-28.9070494963763,34.732713163446,63.6397626598223,-3.94970447355516,0.337190590719071,4.28689506427423,27.7892128453991,34.1070820823131,6.317869236914,0,-106.591497658363,18.330780887295,124.922278545658,-36.7116659235509,0.736836937998874,37.4485028615498,-69.8798317348125,17.5939439492961,87.4737756841086,-58.8984356516447,11.7516878048,70.6501234564447,-10.0066076879852,0,10.0066076879852,-3.88844547518256,2.92859906449613,6.81704453967869,3.1102690274413,2.91365708,2.91365708,0,0,0,0,420.913756341867,460.690358476179,39.7766021343125,235.862354532068,235.862354532068,11.12643278,35.4704332628386,16.1064169516326,173.159071537597,0,185.051401809799,224.828003944111,171.794292107335,53.0337118367766,39.7766021343125,3.23220269104775,3.23220269104775,0,0,0,0,3.23220269104775,3.23220269104775,0,-431.880289805596,-371.096440327361,-356.388108149361,11.5842570183038,11.7516878048,0,0,0,0,11.7516878048,-0.167430786496157,-0.167430786496157,0,0,367.972365167665,265.097483217237,221.947321258715,221.947321258715,0,0,43.1501619585214,102.874881950428,102.874881950428,0,0,-59.1573891064715,-1.05086525579715,-1.05086525579715,0,0,0,-1.05086525579715,0,-1.05086525579715,0,0,0,0,0,0,0,0,0,0,0,0,0,0,0,0,0,0,0,58.1065238506744,0.917067451530517,0,0,-0.0132519468219651,0.930319398352482,0,0.930319398352482,57.1894563991439,0,0,0,0,0,0,57.1894563991439,30.6303655476819,30.6303655476819,0,26.559090851462,26.9980474136255,-0.438956562163579,0,0,0,0,0,0,0,0,0,-3.49448110908717,0,-3.49448110908717,0,0,0,0,5.74040981499981,0,5.74040981499981,0,0,0,0,9.23489092408698,0,9.23489092408698,0,0,0,0,47.9435380375592,266.443746208816,218.500208171257,-8.9777228409338,0,8.9777228409338,225.570137536669,230.356430115746,156.731123586447,156.731123586447,0,69.6253065292997,69.6253065292997,0,0,0,0,3.99999999999999,3.99999999999999,0,0,0,0,3.99999999999999,3.99999999999999,0,4.78629257907702,0,0,0,4.78629257907702,4.78629257907702,0,0,0,0,0,0,0,0,0,0,0,0,0,0,-171.786373316017,36.0873160930694,0,0,0,0,36.0873160930694,0,36.0873160930694,0,0,0,0,0,0,0,0,0,0,0,0,0,207.873689409086,0,0,0,0,89.3127999282779,0,89.3127999282779,81.7852977573567,0,0,81.7852977573567,99.2471796840576,0,99.2471796840576,-17.4618819267008,36.7755917234518,3.27716899925917,33.4984227241926,0,0,0,36.7755917234518,3.27716899925917,33.4984227241926,0,0,0,0,0,0,0,0,0,0,0,0,0,0,0,2.94231004439832,0,0,0,0,0,0,0,0,0,0,0,0,0,0,0,0,0,0,0,-2.94231004439832,0,0,0,0,0,0,0,0,0,-2.94231004439832,-2.4111773282605,-0.531132716137823,0,0,0,-2.94231004439832,-2.4111773282605,-0.531132716137823,0.195186613442304,0,0,0,0,0,0,0,0,0,0,0,0,0,0,0,0,0,0,0,-0.195186613442304,0,0,0,0,0,0,0,0,0,-0.195186613442304,0,-0.195186613442304,0,0,0,-0.195186613442304,0,-0.195186613442304,0,153.972325466592,-93.188475988356,93.188475988356,90.3394772735825,0,0,0,-0.929568821882904,0,91.2690460954654,91.2690460954654,0,91.2690460954654,0,0,0,0,0,0,0,-0.929568821882904,0,-0.929568821882904,-1.91942989289069,2518.44,2409.06015873016,1217.16450326806,-497.815775491115,3109.07440432313,82.9913772685289,3.42922667208686,1.9190353827714,3.56569927701627,1.9954070498211,456.451930065707,4.01222774286184,2520.81089254658,4.01222774286184
2012-04-01,2012,"Q2","2011/12","Q4","April",-585.313923300896,1581.17925079576,2166.49317409666,-744.336144193319,1223.26149828149,1967.5976424748,-635.708006230395,711.709373768134,1347.41737999853,-638.948567230395,708.468812768134,94.25499701,510.732895638135,31.11408908,18.46563128,13.72947459,42.9738479,15.40967467,27.4537459200002,31.50931084,103.480920119999,1347.41737999853,105.563588800084,90.9887633921409,14.5748254079429,1228.96368559845,255.713685819619,973.249999778827,12.8901056,0,0,0,3.240561,3.240561,0,-108.628137962924,511.552124513352,620.180262476276,1.647244091365,1.86516852233068,0.217924430965684,-3.42914280899074,1.39615672002724,4.82529952901797,-287.03541791238,34.7405499966128,321.775967908992,136.028753833745,251.081698084244,115.052944250499,12.6576884006983,61.2239936143295,48.5663052136312,-10.6569548434191,14.7956534202902,25.4526082637093,1.47205541733038,7.06036464078141,5.58830922345102,3.35877091834614,6.41352084,3.05474992165386,4.18049532674596,19.0006347880775,14.8201394613315,2.8147756984812,73.6383187007726,70.8235430022914,0.599415227798864,3.93011196161958,3.33069673382071,29.7341786873544,36.4059532242664,6.671774536912,0,-139.776123157288,19.4067715664151,159.182894723703,-37.6640103996574,0.736836937998874,38.4008473376563,-102.112112757631,18.6699346284162,120.782047386047,-68.6456249393377,11.7516878048,80.3973127441377,-25.5623887264435,0,25.5623887264435,-9.89369125110946,4.92865466435626,14.8223459154657,10.073996988532,1.98959215926,1.98959215926,0,0,0,0,298.798344049711,338.510980947859,39.7126368981486,99.911711348844,99.911711348844,40.63048454,48.0126425488848,8.89305379506142,2.3755304648978,0,198.886632700867,238.599269599015,177.935464359235,60.6638052397806,39.7126368981486,2.32020084612894,2.32020084612894,0,0,0,0,2.32020084612894,2.32020084612894,0,-582.993722454767,-506.752140260618,-434.408456206113,11.5842570183038,11.7516878048,0,0,0,0,11.7516878048,-0.167430786496157,-0.167430786496157,0,0,445.992713224417,374.658075915256,322.358882743004,322.358882743004,0,0,52.2991931722515,71.3346373091616,71.3346373091616,0,0,-27.2339612863668,2.56674718562501,2.56674718562501,0,0,0,2.56674718562501,0,2.56674718562501,0,0,0,0,0,0,0,0,0,0,0,0,0,0,0,0,0,0,0,29.8007084719918,0.0981179694996192,0,0,0.0837344572659448,0.0143835122336744,0,0.0143835122336744,29.7025905024921,0,0,0,0,0,0,29.7025905024921,37.8408482294206,53.0413751605063,-15.2005269310856,-8.13825772692849,-5.34971464542373,-2.78854308150476,0,0,0,0,0,0,0,0,0,-1.38735987340266,0,-1.38735987340266,0,0,0,0,4.35498553694579,0,4.35498553694579,0,0,0,0,5.74234541034844,0,5.74234541034844,0,0,0,0,-43.7223628947349,192.721591513529,236.443954408264,-10.8812491029876,0,10.8812491029876,275.988053877752,254.879059038753,55.9158171245915,55.9158171245915,0,218.963241914161,218.963241914161,0,0,0,0,-20,-20,0,0,0,0,-20,-20,0,-21.1089948389997,0,0,0,-21.1089948389997,-21.1089948389997,0,0,0,0,0,0,0,0,0,0,0,0,0,0,-312.808923691926,-62.1574675252236,0,0,0,0,-62.1574675252236,0,-62.1574675252236,0,0,0,0,0,0,0,0,0,0,0,0,0,250.651456166702,0,0,0,0,-5.56190527101171,0,-5.56190527101171,211.640324205142,0,0,211.640324205142,226.478290602184,0,226.478290602184,-14.8379663970419,44.5730372325714,3.97201972764606,40.6010175049253,0,0,0,44.5730372325714,3.97201972764606,40.6010175049253,0,0,0,0,0,0,0,0,0,0,0,0,0,0,0,3.74318443294126,0,0,0,0,0,0,0,0,0,0,0,0,0,0,0,0,0,0,0,-3.74318443294126,0,0,0,0,0,0,0,0,0,-3.74318443294126,-3.09943684867735,-0.64374758426391,0,0,0,-3.74318443294126,-3.09943684867735,-0.64374758426391,0.236571589484862,0,0,0,0,0,0,0,0,0,0,0,0,0,0,0,0,0,0,0,-0.236571589484862,0,0,0,0,0,0,0,0,0,-0.236571589484862,0,-0.236571589484862,0,0,0,-0.236571589484862,0,-0.236571589484862,0,258.942016830135,-182.700434635985,182.700434635985,182.834454400915,0,0,0,-0.000207059312495387,0,182.834661460228,182.834661460228,0,182.834661460228,0,0,0,0,0,0,0,0,0,0,0.134019764929914,2472.36,2489.87439888798,1223.26149828149,-682.850104184843,3254.08372464192,80.8908073351144,3.68898894511174,2.146301519055,3.68901803835122,2.14631844587831,457.220860730445,4.26380534982535,2643.16321704157,4.26380534982535
2012-07-01,2012,"Q3","2012/13","Q1","July",-404.806250155746,1704.95479079566,2109.7610409514,-687.325547519809,1250.50906981355,1937.83461733336,-569.130220585532,719.351948530001,1288.48216911553,-570.745331585532,717.736837530001,95.56808701,509.202656740001,4.3772856,19.38704345,15.3106411,34.71686222,13.51730793,29.96982831,38.15893024,112.96609378,1288.48216911553,78.6080798147452,67.8283868937079,10.7796929210372,1198.95331290079,256.725960612109,942.227352288678,10.9207764000001,0,0,0,1.615111,1.615111,0,-118.195326934277,531.157121283548,649.352448217825,1.647244091365,1.86516852233068,0.217924430965684,-0.475786860618082,1.39615672002724,1.87194358064532,-283.540046428992,27.0833217310475,310.62336816004,178.389336803406,327.713398182489,149.324061379083,12.086402267753,60.981127953883,48.89472568613,-13.1854945473308,4.63635535868266,17.8218499060135,1.12133809061043,7.94141409444011,6.82007600382968,1.49316107047649,4.82586013,3.33269905952351,-1.44156898084076,13.1725433968267,14.6141123776674,-43.0642775053971,42.8782251373528,85.9425026427498,-0.758978892761201,2.47629185928372,3.23527075204492,29.5333439580527,36.1872581971847,6.653914239132,0,-97.7517720357501,19.7501210047917,117.501893040542,-33.3341841816716,0.736836937998874,34.0710211196704,-64.4175878540785,19.0132840667928,83.4308719208714,-51.4932523448948,11.7516878048,63.2449401496948,-12.3479510236094,0,12.3479510236094,-3.11005203415133,4.72792871341589,7.83798074756722,5.5383795339603,2.53366754857698,2.53366754857698,0,0,0,0,380.271069399812,434.695599977318,54.4245305775055,70.0664402390581,70.0664402390581,15.951918344246,38.4725964493469,13.1723352407433,2.46959020472188,0,310.204629160754,364.62915973826,294.707095913948,69.9220638243119,54.4245305775055,10.1688504928917,10.1688504928917,0,0,0,0,10.1688504928917,10.1688504928917,0,-394.637399662855,-446.601367741182,-294.695171099223,11.5842570183038,11.7516878048,0,0,0,0,11.7516878048,-0.167430786496157,-0.167430786496157,0,0,306.279428117526,220.652182720773,184.736423335384,184.736423335384,0,0,35.9157593853896,85.627245396753,85.627245396753,0,0,64.0746807745283,5.15801601982244,1.73787762195958,0,0,0,1.73787762195958,0,1.73787762195958,3.42013839786285,0,0,0,0,0,0,0,0,0,3.42013839786285,0,3.42013839786285,3.42013839786285,0,3.42013839786285,0,0,0,-58.9166647547058,7.60771938261126,0,0,0.132182465126017,7.47553691748524,0,7.47553691748524,-66.5243841373171,0,0,0,0,0,0,-66.5243841373171,-77.6156175427897,-63.4201955052369,-14.1954220375528,11.0912334054726,12.7672357878469,-1.67600238237424,0,0,0,0,0,0,0,0,0,-0.562773483091456,0,-0.562773483091456,0,0,0,0,1.33116956059577,0,1.33116956059577,0,0,0,0,1.89394304368723,0,1.89394304368723,0,0,0,0,-215.418103933396,-72.6287629344929,142.789340998903,-7.47254978309573,0,7.47254978309573,3.39086471401473,-9.49101186245457,-9.8059841222773,-9.8059841222773,0,-56.6850277401773,-56.6850277401773,0,0,0,0,57,57,0,0,0,0,57,57,0,-12.8818765764693,0,0,0,-12.8818765764693,-12.8818765764693,0,0,0,0,0,0,0,0,0,0,0,0,0,0,-214.954473278456,-63.1377510720383,0,0,0,0,-63.1377510720383,0,-63.1377510720383,0,0,0,0,0,0,0,0,0,0,0,0,0,151.816722206418,0,0,0,0,63.4615515010523,0,63.4615515010523,57.7452437979191,0,0,57.7452437979191,72.7445038358806,8.997714,63.7467898358805,-14.9992600379614,30.6099269074465,2.72773050900233,27.8821963984442,0,0,0,30.6099269074465,2.72773050900233,27.8821963984442,0,0,0,0,0,0,0,0,0,0,0,0,0,0,0,3.4555920935972,0,0,0,0,0,0,0,0,0,0,0,0,0,0,0,0,0,0,0,-3.4555920935972,0,0,0,0,0,0,0,0,0,-3.4555920935972,-3.01350719822992,-0.442084895367288,0,0,0,-3.4555920935972,-3.01350719822992,-0.442084895367288,0.162462320544278,0,0,0,0,0,0,0,0,0,0,0,0,0,0,0,0,0,0,0,-0.162462320544278,0,0,0,0,0,0,0,0,0,-0.162462320544278,0,-0.162462320544278,0,0,0,-0.162462320544278,0,-0.162462320544278,0,158.399001404259,-210.362969482586,210.362969482586,207.547712604543,0,0,0,-0.922530000099134,0,208.470242604642,208.470242604642,0,208.470242604642,0,0,0,0,0,0,0,-0.922530000099134,0,-0.922530000099134,-1.8927268779437,2545.225,2494.03178540773,1250.50906981355,-472.403100190083,3484.04574863865,81.2005281276073,3.14915609070388,1.81154349437124,3.27740068668841,1.88531585015564,484.331175547423,4.67727519194568,2879.71672492962,4.67727519194568
2012-10-01,2012,"Q4","2012/13","Q2","October",-230.359526936839,1787.98926471383,2018.34879165067,-629.37047639807,1244.90177872464,1874.27225512271,-576.954767252125,698.280052265502,1275.23481951763,-577.184144152125,698.050675365502,82.62759102,471.549274680001,3.47652809,21.4093474,13.62666832,36.42717514,9.76074175,26.01146426,31.8594737,143.873809665501,1275.23481951763,164.06501902222,144.662294127856,19.4027248943648,1097.79712322541,254.265516799182,843.531606426224,13.37267727,0,0,0,0.2293769,0.2293769,0,-52.4157091459451,546.621726459134,599.03743560508,1.647244091365,1.86516852233068,0.217924430965684,-1.07302591856721,1.39615672002724,2.46918263859445,-273.730283542072,31.8455793306493,305.575862872721,196.70194788115,298.756556821281,102.054608940131,11.5309306136466,58.0075817364002,46.4766511227536,-12.8188811746145,3.26797999334139,16.0868611679559,5.19730109402142,7.06192122810096,1.86462013407955,2.53557669630351,4.59345763,2.05788093369649,3.18319791225728,22.5844959183221,19.4012980060648,-45.9050776799814,46.235020107401,92.1400977873824,-1.96402434828409,1.87174156423048,3.83576591251456,62.27938522883,69.13606688705,6.85668165822,0,-112.568766415683,17.6619296866163,130.230696102299,-66.9572279879521,0.736836937998874,67.694064925951,-45.6115384277309,16.9250927486174,62.5366311763484,-25.5767678105791,11.7516878048,37.328455615379,-8.50194662429363,0,8.50194662429363,-12.7996403242582,3.90658861241746,16.7062289366757,9.93105931423895,1.2668163314,1.2668163314,0,0,0,0,511.579715876915,525.425556302577,13.8458404256625,195.317320681002,195.317320681002,9.33303875,176.249701334085,8.03419127205801,1.70038932485873,0,316.262395195913,330.108235621575,265.879990588143,64.2282450334324,13.8458404256625,6.0800129448564,6.0800129448564,0,0,0,0,6.0800129448564,6.0800129448564,0,-224.279513991982,-294.424777334429,-73.5597242658285,11.5842570183038,11.7516878048,0,0,0,0,11.7516878048,-0.167430786496157,-0.167430786496157,0,0,85.1439812841323,61.3400822619774,51.3557004714329,51.3557004714329,0,0,9.98438179054449,23.8038990221549,23.8038990221549,0,0,19.2459731901954,2.23953892227213,2.42973179785003,0,0,0,2.42973179785003,0,2.42973179785003,-0.190192875577898,0,0,0,0,0,0,0,0,0,-0.190192875577898,0,-0.190192875577898,-0.190192875577898,0,-0.190192875577898,0,0,0,-17.0064342679232,5.4450166047691,0,0,-0.102405722859376,5.54742232762847,0,5.54742232762847,-22.4514508726923,0,0,0,0,0,0,-22.4514508726923,-39.0216583426671,-15.30605681996,-23.7156015227071,16.5702074699748,16.8530088683674,-0.282801398392556,0,0,0,0,0,0,0,0,0,1.65311674045857,0,1.65311674045857,0,0,0,0,3.51916873412628,0,3.51916873412628,0,0,0,0,1.86605199366771,0,1.86605199366771,0,0,0,0,-241.764142999254,-58.9434206888287,182.820722310425,-2.07732736993524,0,2.07732736993524,-17.0268808000094,-11.9522623582088,23.1032205012465,23.1032205012465,0,-59.0554828594553,-59.0554828594553,0,0,0,0,24,24,0,0,0,0,24,24,0,5.07461844180053,0,0,0,5.07461844180053,5.07461844180053,0,0,0,0,0,0,0,0,0,0,0,0,0,0,-226.369447425297,-46.9911583306199,0,0,0,0,-46.9911583306199,0,-46.9911583306199,0,0,0,0,0,0,0,0,0,0,0,0,0,179.378289094677,0,0,0,0,45.9870967522419,0,45.9870967522419,124.881802535438,0,0,124.881802535438,150.991589203624,0,150.991589203624,-26.1097866681863,8.50938980699743,0.758293943651779,7.75109586334565,0,0,0,8.50938980699743,0.758293943651779,7.75109586334565,0,0,0,0,0,0,0,0,0,0,0,0,0,0,0,3.66434897247912,0,0,0,0,0,0,0,0,0,0,0,0,0,0,0,0,0,0,0,-3.66434897247912,0,0,0,0,0,0,0,0,0,-3.66434897247912,-3.54145182496745,-0.122897147511671,0,0,0,-3.66434897247912,-3.54145182496745,-0.122897147511671,0.0451636235081738,0,0,0,0,0,0,0,0,0,0,0,0,0,0,0,0,0,0,0,-0.0451636235081738,0,0,0,0,0,0,0,0,0,-0.0451636235081738,0,-0.0451636235081738,0,0,0,-0.0451636235081738,0,-0.0451636235081738,0,-22.2683509588663,-47.8769123835803,47.8769123835803,48.017834851234,0,0,0,0,0,48.017834851234,48.017834851234,0,48.017834851234,0,0,0,0,0,0,0,0,0,0,0.140922467653697,2685.95,2625.28694674274,1244.90177872464,-423.976458292982,3593.94694701986,81.3658160204571,5.24101049737451,2.93974444134858,5.24101049737451,2.93974444134858,514.685610072871,4.78469744913724,2951.26432330232,4.78469744913724
2013-01-01,2013,"Q1","2012/13","Q3","January",-334.016359954865,1581.81676324011,1915.83312319497,-523.139615292093,1210.78573847169,1733.92535376378,-418.07953548755,758.493420910001,1176.57295639755,-419.81922242755,756.753733970001,122.95396499,522.07749135,14.82627969,20.98213461,20.97730405,35.31801036,14.18009808,25.49889527,31.42333395,111.72227763,1176.57295639755,81.8678777388654,68.5200146505437,13.3478630883218,1080.37670608868,271.420350683635,808.95635540505,14.32837257,0,0,0,1.73968694,1.73968694,0,-105.060079804544,452.292317561685,557.352397366229,-0.128488992162237,0.00260962048091724,0.131098612643154,-0.695429950894869,0.0542139407318279,0.749643891626697,-244.584022414882,37.0749349505519,281.658957365434,157.860379455712,206.389849455712,48.52947,11.3257940351377,56.8095657957345,45.4837717605968,-14.6584232621768,4.92933717083582,19.5877604330126,4.84520027026758,6.56159565430529,1.71639538403771,2.473185848,3.53791185,1.064726002,-1.15883569922443,17.0629860944807,18.2218217937051,-60.6385872765828,66.926051947579,127.564639224162,-2.75444267553719,1.8562124806832,4.61065515622039,43.0535908577995,51.0870486005905,8.033457742791,0,-114.99110698936,23.379559630937,138.370666620297,-28.49850552827,2.2735123949848,30.7720179232548,-86.4926014610905,21.1060472359522,107.598648697043,-74.4571986955553,11.4480541823905,85.9052528779458,-7.55868361879878,0,7.55868361879878,-10.8291279496923,3.30558425060571,14.134712200298,7.50369895265375,6.352408802956,6.352408802956,0,0,0,0,304.114362326589,347.651465137486,43.5371028108973,48.9334748517774,48.9334748517774,0.457555,33.6736173972596,13.290565730758,1.51173672375976,0,255.180887474812,298.717990285709,206.173506682304,92.5444836034052,43.5371028108973,11.2523574266354,11.2523574266354,0,0,0,0,11.2523574266354,11.2523574266354,0,-322.764002528229,-281.558335464144,-262.905730623361,11.0942693766393,11.4480541823905,0,0,0,0,11.4480541823905,-0.353784805751153,-0.353784805751153,0,0,274,212.05,180.35,180.35,0,0,31.7,61.95,61.95,0,0,-28.2105916300836,31.8472792639401,3.37812488787456,0,0,0,3.37812488787456,0,3.37812488787456,28.4691543760656,0,0,0,0,0,0,0,0,0,28.4691543760656,0,28.4691543760656,28.4691543760656,0,28.4691543760656,0,0,0,60.0578708940237,14.506766538214,0,0,0.0163724373409254,14.490394100873,0,14.490394100873,45.5511043558097,0,0,0,0,0,0,45.5511043558097,21.7511486247054,26.3283583180193,-4.57720969331381,23.7999557311043,26.4542614052094,-2.65430567410512,0,0,0,0,0,0,0,0,0,-1.748612624283,0,-1.748612624283,0,0,0,0,0.693361746109669,0,0.693361746109669,0,0,0,0,2.44197437039267,0,2.44197437039267,0,0,0,0,11.3065994135833,137.853495297061,126.546895883477,-1.00748381587744,0,1.00748381587744,92.8748182848367,86.6281603126849,37.2562438916985,37.2562438916985,0,-22.6280835790136,-22.6280835790136,0,0,0,0,72,72,0,0,0,0,72,72,0,-6.24665797215179,0,0,0,-6.24665797215179,-6.24665797215179,0,0,0,0,0,0,0,0,0,0,0,0,0,0,-84.4226339411862,51.2253349843756,0,0,0,0,51.2253349843756,0,51.2253349843756,0,0,0,0,0,0,0,0,0,0,0,0,0,135.647968925562,0,0,0,0,31.3580821835321,0,31.3580821835321,112.66911174203,0,0,112.66911174203,129.067700367365,0,129.067700367365,-16.3985886253357,-8.379225,0.23065,-8.609875,0,0,0,-8.379225,0.23065,-8.609875,0,0,0,0,0,0,0,0,0,0,0,0,0,0,0,3.86189888581017,0,0,0,0,0,0,0,0,0,0,0,0,0,0,0,0,0,0,0,-3.86189888581017,0,0,0,0,0,0,0,0,0,-3.86189888581017,-5.34127388581017,1.479375,0,0,0,-3.86189888581017,-5.34127388581017,1.479375,0,0,0,0,0,0,0,0,0,0,0,0,0,0,0,0,0,0,0,0,0,0,0,0,0,0,0,0,0,0,0,0,0,0,0,0,0,0,0,0,154.901849767949,-113.696182703864,113.696182703864,110.706497011764,0,0,0,-0.917815999784982,0,111.624313011549,111.624313011549,0,111.624313011549,0,0,0,0,0,0,0,-0.917815999784982,0,-0.917815999784982,-2.07186969231488,2594.77,2659.41005589139,1210.78573847169,-381.438098082882,3556.79001278118,81.5825356151726,3.42109615613765,2.14313634880295,3.54210129269952,2.21893968630704,468.928261568035,4.78653558398063,2998.06263074855,4.78653558398063
2013-04-01,2013,"Q2","2012/13","Q4","April",-495.510201902342,1586.96996934117,2082.48017124351,-625.743901930557,1244.2453238412,1869.98922577175,-558.79499191043,735.980365200001,1294.77535711043,-560.15313841043,734.622218700001,121.53929907,513.09640552,13.77513595,24.4168322,22.80802805,42.04419111,15.53366562,26.3001021699999,35.50665294,99.9865141100006,1294.77535711043,113.56923698325,77.604393988475,35.9648429947754,1168.55992083718,245.657091107299,922.90282972988,12.64619929,0,0,0,1.3581465,1.3581465,0,-66.9489100201272,508.264958641197,575.213868661325,-0.128488992162237,0.00260962048091724,0.131098612643154,-2.88392371328009,0.0542139407318279,2.93813765401192,-247.399910592193,60.2023594858774,307.60227007807,172.086920699047,221.241920699047,49.155,21.3093159264164,62.3971887450978,41.0878728186814,-13.9403633513506,5.07783153498857,19.0181948863392,5.62771524693839,7.46681662473041,1.83910137779202,1.248021357,6.22947872,4.981457363,-3.09801031940559,27.5378932530001,30.6359035724057,-41.9550537338558,64.8639827029593,106.819036436815,-0.0731203645777767,3.84497746438401,3.91809782896179,42.257987817296,49.3456858499,7.087698032604,0,-146.736226892196,18.2802401045877,165.016466996783,-35.0797101196221,2.2735123949848,37.3532225146069,-111.656516772574,16.0067277096029,127.663244482177,-75.114402978125,11.4480541823905,86.5624571605154,-24.5176054978706,0,24.5176054978706,-14.3132402733815,2.26994155040906,16.5831818237906,9.51165528024187,2.28873197680339,2.28873197680339,0,0,0,0,276.969926920411,324.444405395386,47.4744784749752,28.7265459345704,28.7265459345704,0,16.09254382133,11.0351532322348,1.5988488810056,0,248.243380985841,295.717859460816,209.225222596708,86.4926368641083,47.4744784749752,5.24357699987,5.24357699987,0,0,0,0,5.24357699987,5.24357699987,0,-490.266624902472,-417.711067159867,-262.905730623361,11.0942693766393,11.4480541823905,0,0,0,0,11.4480541823905,-0.353784805751153,-0.353784805751153,0,0,274,212.05,180.35,180.35,0,0,31.7,61.95,61.95,0,0,-8.59443922150756,36.4313992293613,1.71196549745798,0,0,0,1.71196549745798,0,1.71196549745798,34.7194337319034,0,0,0,0,0,0,0,0,0,34.7194337319034,0,34.7194337319034,34.7194337319034,0,34.7194337319034,0,0,0,45.0258384508689,75.9554319039163,0,0,63.5190000954757,12.4364318084406,0,12.4364318084406,-30.9295934530474,0,0,0,0,0,0,-30.9295934530474,-56.7499663551065,-11.3582141828948,-45.3917521722117,25.8203729020591,30.4727122711522,-4.65233936909313,0,0,0,0,0,0,0,0,0,-0.10297158473355,0,-0.10297158473355,0,0,0,0,2.08943508259626,0,2.08943508259626,0,0,0,0,2.19240666732981,0,2.19240666732981,0,0,0,0,-146.107925730265,122.907658973374,269.015584703639,-1.00748381587744,0,1.00748381587744,146.240055002964,157.528016647541,120.051115212917,120.051115212917,0,29.4769014346241,29.4769014346241,0,0,0,0,8,8,0,0,0,0,8,8,0,11.2879616445769,0,0,0,11.2879616445769,11.2879616445769,0,0,0,0,0,0,0,0,0,0,0,0,0,0,-295.806149352857,-34.6203576741669,0,0,0,0,-34.6203576741669,0,-34.6203576741669,0,0,0,0,0,0,0,0,0,0,0,0,0,261.18579167869,0,0,0,0,23.3656158141201,0,23.3656158141201,246.19940086457,0,0,246.19940086457,264.254707145485,110.993447,153.261260145485,-18.0553062809149,-8.379225,0.23065,-8.609875,0,0,0,-8.379225,0.23065,-8.609875,0,0,0,0,0,0,0,0,0,0,0,0,0,0,0,4.46565243550494,0,0,0,0,0,0,0,0,0,0,0,0,0,0,0,0,0,0,0,-4.46565243550494,0,0,0,0,0,0,0,0,0,-4.46565243550494,-5.94502743550494,1.479375,0,0,0,-4.46565243550494,-5.94502743550494,1.479375,0,0,0,0,0,0,0,0,0,0,0,0,0,0,0,0,0,0,0,0,0,0,0,0,0,0,0,0,0,0,0,0,0,0,0,0,0,0,0,0,38.6668399853144,33.8887177572902,-33.8887177572902,-33.9794026029628,0,0,0,0,0,-33.9794026029628,-33.9794026029628,0,-33.9794026029628,0,0,0,0,0,0,0,0,0,0,-0.0906848456725796,2593.33125024803,2585.73556206597,1244.2453238412,-522.637898955906,3827.39895819675,81.6153398176946,3.94022147747071,2.33067031588691,3.94022147747071,2.33067031588691,520.040905868006,4.6308221612787,2911.71632787672,4.6308221612787
2013-07-01,2013,"Q3","2013/14","Q1","July",-573.054860752203,1543.97658509783,2117.03144585003,-695.796576353132,1214.2072087457,1910.00378509883,-591.045383900521,678.534289550525,1269.57967345105,-591.185783900521,678.393889550525,106.00326099,473.00268845568,1.54249784,16.00975457,23.74411224,23.50807129,14.77202544,27.89612405,37.78843369,99.387940104845,1269.57967345105,102.177116279064,91.2352451596093,10.9418711194548,1153.86534383906,251.079178255312,902.78616558375,13.53721333292,0,0,0,0.1404,0.1404,0,-104.751192452611,535.672919195171,640.424111647781,-0.128488992162237,0.00260962048091724,0.131098612643154,-0.71162867534409,0.0542139407318279,0.765842616075918,-254.811082543099,54.9128258171514,309.723908360251,198.321946759515,254.309491759515,55.987545,15.616471252733,60.2845271312565,44.6680558785235,-13.2354272488051,1.48769460589343,14.7231218546986,5.34799437881659,7.30422368002892,1.95622930121233,-2.1251977816,1.2490986484,3.37429643,-19.0544015742149,25.020987955336,44.0753895295509,-91.911346473248,58.4826469272154,150.393993400463,-1.44995237893968,2.59095981627683,4.04091219521651,59.389920823738,69.973639292884,10.583718469146,0,-135.716364372407,20.5699631306452,156.286327503052,-45.0792610389194,2.2735123949848,47.3527734339042,-90.6371033334874,18.2964507356604,108.933554069148,-74.2035895282417,11.4480541823905,85.6516437106322,-6.68064775082706,0,6.68064775082706,-14.5976303574937,2.00363225019485,16.6012626076886,8.0484400050133,4.84476430307515,4.84476430307515,0,0,0,0,258.458079973335,309.199413221488,50.7413332481525,30.7987063267399,30.7987063267399,2.78181723,12.1282668929397,14.5524926536347,1.33612955016541,0,227.659373646595,278.400706894748,221.661998917775,56.7387079769732,50.7413332481525,9.3189451279603,9.3189451279603,0,0,0,0,9.3189451279603,9.3189451279603,0,-563.735915624243,-377.853101069338,-262.905730623361,11.0942693766393,11.4480541823905,0,0,0,0,11.4480541823905,-0.353784805751153,-0.353784805751153,0,0,274,212.05,180.35,180.35,0,0,31.7,61.95,61.95,0,0,43.6132623813339,85.5078132419897,6.2510330866311,0,0,0,6.2510330866311,0,6.2510330866311,79.2567801553586,0,0,0,0,0,0,0,0,0,79.2567801553586,0,79.2567801553586,79.2567801553586,0,79.2567801553586,0,0,0,41.8945508606558,6.99236398632556,0,0,0,6.99236398632556,0,6.99236398632556,34.9021868743303,0,0,0,0,0,0,34.9021868743303,8.24213378380062,3.06453482565184,5.17759895814878,26.6600530905297,27.1033649611044,-0.44331187057473,0,0,0,0,0,0,0,0,0,0.11852460448606,0,0.11852460448606,0,0,0,0,2.50388070074007,0,2.50388070074007,0,0,0,0,2.38535609625401,0,2.38535609625401,0,0,0,0,-158.679157431797,-70.9740153507864,87.7051420810111,-1.00748381587744,0,1.00748381587744,-72.4063256743894,-66.9830169969542,-132.896011641925,-132.896011641925,0,5.91299464497131,5.91299464497131,0,0,0,0,60,60,0,0,0,0,60,60,0,5.42330867743524,0,0,0,5.42330867743524,5.42330867743524,0,0,0,0,0,0,0,0,0,0,0,0,0,0,-90.1424153383619,-3.99099835383219,0,0,0,0,-3.99099835383219,0,-3.99099835383219,0,0,0,0,0,0,0,0,0,0,0,0,0,86.1514169845297,0,0,0,0,50.0127052392552,0,50.0127052392552,44.5179367452745,0,0,44.5179367452745,62.6269260786074,0,62.6269260786074,-18.1089893333329,-8.379225,0.23065,-8.609875,0,0,0,-8.379225,0.23065,-8.609875,0,0,0,0,0,0,0,0,0,0,0,0,0,0,0,4.8770673968313,0,0,0,0,0,0,0,0,0,0,0,0,0,0,0,0,0,0,0,-4.8770673968313,0,0,0,0,0,0,0,0,0,-4.8770673968313,-6.3564423968313,1.479375,0,0,0,-4.8770673968313,-6.3564423968313,1.479375,0,0,0,0,0,0,0,0,0,0,0,0,0,0,0,0,0,0,0,0,0,0,0,0,0,0,0,0,0,0,0,0,0,0,0,0,0,0,0,0,206.347365952824,-20.4645513979191,20.4645513979191,17.3447049736285,0,0,0,-0.907404,0,18.2521089736285,18.2521089736285,0,18.2521089736285,0,0,0,0,0,0,0,-0.907404,0,-0.907404,-2.21244242429064,2561.03,2578.87874756119,1214.2072087457,-602.517437528778,3974.71426989021,81.6484025013145,4.15141562562196,2.3199317479512,4.28514563956143,2.39466396774566,585.779426493412,4.53627244032915,2964.39440121264,4.53627244032915
2013-10-01,2013,"Q4","2013/14","Q2","October",-348.90383432112,1762.51628442646,2111.42011874758,-625.301935843996,1262.53754442232,1887.83948026631,-577.483194829795,655.706663929931,1233.18985875973,-577.494895269795,655.694963489931,74.90956799,484.2842103801,1.27799983,24.21468224,47.41105949,26.46604256,12.31659603,23.24630783,32.9053793,96.5011851198309,1233.18985875973,110.752260103715,88.054176289614,22.6980838141007,1109.298493069,245.435409173181,863.863083895821,13.13910558701,0,0,0,0.01170044,0.01170044,0,-47.8187410142017,606.830880492384,654.649621506586,-0.128488992162237,0.00260962048091724,0.131098612643154,-1.14966511048156,0.0542139407318279,1.20387905121338,-228.437844456515,72.9017740717887,301.339618528304,202.707428013704,256.784453013704,54.077025,14.1353157497814,60.8940659523498,46.7587502025684,-13.1736237143907,6.93632771739246,20.1099514317832,5.06851309652035,7.4461956500684,2.37768255354805,-2.34281590075,3.01386735,5.35668325075,-5.62562350872139,32.4990814698991,38.1247049786205,-64.0748578453332,107.022390369276,171.097248214609,-1.17288778357382,3.66024797051277,4.83313575408659,46.37580943772,55.61565336618,9.23984392846,0,-140.732268290779,17.0591888116223,157.791457102401,-42.3251328369454,2.2735123949848,44.5986452319302,-98.4071354538331,14.7856764166375,113.192811870471,-74.2193588325069,11.4480541823905,85.6674130148973,-8.13532235492019,0,8.13532235492019,-18.1288536838003,1.26122281685279,19.3900765006531,10.5451050634987,2.07639941739425,2.07639941739425,0,0,0,0,417.130369813655,482.919551192518,65.789181378863,100.384449795775,100.384449795775,19.77618761,69.23261936412,9.74857835067106,1.62706447098404,0,316.74592001788,382.535101396743,294.50960149965,88.0254998970928,65.789181378863,54.17651198588,54.17651198588,0,0,0,0,54.17651198588,54.17651198588,0,-294.72732233524,-193.487319745777,-262.905730623361,11.0942693766393,11.4480541823905,0,0,0,0,11.4480541823905,-0.353784805751153,-0.353784805751153,0,0,274,212.05,180.35,180.35,0,0,31.7,61.95,61.95,0,0,7.67954573320363,40.4770769026489,6.91556719927763,0,0,0,6.91556719927763,0,6.91556719927763,33.5615097033713,0,0,0,0,0,0,0,0,0,33.5615097033713,0,33.5615097033713,33.5615097033713,0,33.5615097033713,0,0,0,32.7975311694453,-2.60504042648973,0,0,-1.50307344569776,-1.10196698079198,0,-1.10196698079198,35.402571595935,0,0,0,0,0,0,35.402571595935,9.88026229609664,43.2499326118077,-33.369670315711,25.5223092998384,26.4244067399058,-0.90209744006744,0,0,0,0,0,0,0,0,0,0.0571773542893319,0,0.0571773542893319,0,0,0,0,2.19715689516604,0,2.19715689516604,0,0,0,0,2.13997954087671,0,2.13997954087671,0,0,0,0,61.6816877900905,269.010199551942,207.328511761852,-1.00748381587744,0,1.00748381587744,210.545148356787,260.496584126208,104.546505725601,104.546505725601,0,40.9500784006071,40.9500784006071,0,0,0,0,115,115,0,0,0,0,115,115,0,49.9514357694215,0,0,0,49.9514357694215,49.9514357694215,0,0,0,0,0,0,0,0,0,0,0,0,0,0,-153.732776004878,8.51361542573389,0,0,0,0,8.51361542573389,0,8.51361542573389,0,0,0,0,0,0,0,0,0,0,0,0,0,162.246391430612,0,0,0,0,60.7417082800163,0,60.7417082800163,109.883908150595,0,0,109.883908150595,138.553839667047,0,138.553839667047,-28.6699315164512,-8.379225,0.23065,-8.609875,0,0,0,-8.379225,0.23065,-8.609875,0,0,0,0,0,0,0,0,0,0,0,0,0,0,0,5.8767992540591,0,0,0,0,0,0,0,0,0,0,0,0,0,0,0,0,0,0,0,-5.8767992540591,0,0,0,0,0,0,0,0,0,-5.8767992540591,-7.3561742540591,1.479375,0,0,0,-5.8767992540591,-7.3561742540591,1.479375,0,0,0,0,0,0,0,0,0,0,0,0,0,0,0,0,0,0,0,0,0,0,0,0,0,0,0,0,0,0,0,0,0,0,0,0,0,0,0,0,230.689697670104,-129.449695080641,129.449695080641,129.344248894438,0,0,0,0,0,129.344248894438,129.344248894438,0,129.344248894438,0,0,0,0,0,0,0,0,0,0,-0.105446186202981,2527.95547939149,2523.53390874389,1262.53754442232,-447.661219645911,4106.28338037384,81.8748851534017,6.107370826401,3.17190072299572,6.107370826401,3.17190072299572,626.237860046003,4.81853490080415,3121.82122135811,4.81853490080415
2014-01-01,2014,"Q1","2013/14","Q3","January",-539.401222303207,1493.88209278139,2033.2833150846,-650.5026190109,1197.90517215326,1848.40779116416,-552.746947816004,698.319936474108,1251.06688429011,-552.747987816004,698.318896474108,113.28705417,506.206337185608,9.739315064,16.7528740682446,19.541663217657,31.9144199349773,16.180217419,20.0297565070001,29.968807278,78.8255051185,1251.06688429011,68.5566267369583,61.725368381852,6.83125835510626,1168.82241469532,300.067441570336,868.754973124987,13.68784285783,0,0,0,0.00104,0.00104,0,-97.7556711948957,499.585235679151,597.340906874047,-0.19353,0.01926,0.21279,-1.3202193875098,0,1.3202193875098,-242.599068479212,32.883261863254,275.482330342466,153.598928943615,202.017908943615,48.41898,16.448675805857,60.941237920981,44.492562115124,-12.6914102405805,3.54321910080284,16.2346293413833,5.03870298016597,7.18065995292693,2.14195697276096,-2.04914504383873,1.87320807,3.92235311383873,-5.77264123250594,13.5266948754775,19.2993361079835,-37.3421578010881,133.155413892804,170.497571693892,-5.75460205473993,0.808881074348578,6.56348312908851,34.880795314941,43.635489984941,8.75469467,0,-137.890136896824,7.96717597510083,145.857312871925,-29.3594285371874,0.736836937998874,30.0962654751863,-108.530708359637,7.23033903710196,115.761047396739,-86.7801191987007,0.144820068977202,86.9249392676779,-8.95303835382325,0,8.95303835382325,-19.0938052237604,0.789264551477076,19.8830697752375,10.5120321817388,6.29625441664768,6.29625441664768,0,0,0,0,248.991533604517,288.009744653034,39.0182110485174,31.8050993342088,31.8050993342088,1.70719089,11.94586547103,16.3614353024142,1.79060767076465,0,217.186434270308,256.204645318825,189.372770425665,66.83187489316,39.0182110485174,10.31684860897,10.31684860897,0,0,0,0,10.31684860897,10.31684860897,0,-529.084373694237,-561.510122707299,-257.886560748728,6.75457433798404,0.144820068977202,0,0,0,0,0.144820068977202,6.60975426900684,2.39856102586944,0,4.2111932431374,264.641135086712,185.357162660388,146.288893419727,146.283384581482,0,0.00550883824531923,39.0682692406602,79.283972426325,79.283972426325,0,0,-59.8984456217378,35.358825588058,4.86727385612929,0,0,0,4.86727385612929,0,4.86727385612929,30.4915517319287,0,0,0,0,0,0,0,0,0,30.4915517319287,0,30.4915517319287,30.4915517319287,0,30.4915517319287,0,0,0,95.2572712097958,-0.470467604243529,0,0,-0.738429161146988,0.267961556903459,0,0.267961556903459,95.7277388140393,0,0,0,0,0,0,95.7277388140393,21.2800284470393,28.3069618030393,-7.026933356,74.447710367,91.76239019,-17.314679823,0,0,0,0,0,0,0,0,0,-0.980295810827141,0,-0.980295810827141,0,0,0,0,2.32413636197231,0,2.32413636197231,0,0,0,0,3.30443217279946,0,3.30443217279946,0,0,0,0,-242.744820526006,-159.019173825537,83.725646700469,-0.154985960980353,0,0.154985960980353,-213.746251182044,-190.30032916268,-35.8427282032898,-35.8427282032898,0,-62.4576009593902,-62.4576009593902,0,0,0,0,-92,-92,0,0,0,0,-92,-92,0,23.4459220193636,0,0,0,23.4459220193636,23.4459220193636,0,0,0,0,0,0,0,0,0,0,0,0,0,0,-32.1798863874955,31.2811553371431,0,0,0,0,31.2811553371431,0,31.2811553371431,0,0,0,0,0,0,0,0,0,0,0,0,0,63.4610417246386,0,0,0,0,5.36473707057561,0,5.36473707057561,59.4017499259771,0,0,59.4017499259771,79.8912747720031,0,79.8912747720031,-20.489524846026,-1.30544527191411,-0.186610114011562,-1.11883515790255,0,0,0,-1.30544527191411,-0.186610114011562,-1.11883515790255,0,0,0,0,0,0,0,0,0,0,0,0,0,0,0,3.33630300451355,0,0,0,0,0,0,0,0,0,0,0,0,0,0,0,0,0,0,0,-3.33630300451355,0,0,0,0,0,0,0,0,0,-3.33630300451355,-3.33610983216998,-0.000193172343565993,0,0,0,-3.33630300451355,-3.33610983216998,-0.000193172343565993,0,0,0,0,0,0,0,0,0,0,0,0,0,0,0,0,0,0,0,0,0,0,0,0,0,0,0,0,0,0,0,0,0,0,0,0,0,0,0,0,138.934646087109,-171.360395100171,171.360395100171,168.255307002106,0,0,0,-0.92297600006857,0,169.178283002174,169.178283002174,0,169.178283002174,0,0,0,0,0,0,0,-0.92297600006857,0,-0.92297600006857,-2.18211209799692,2549.54874617274,2502.02712386351,1197.90517215326,-569.415713966651,4175.33519786292,77.8294519325385,4.80448515405605,2.80077909801525,4.93665609059393,2.87782826864447,597.911498695661,5.19530629914256,3327.41773861915,5.19530629914256
2014-04-01,2014,"Q2","2013/14","Q4","April",-531.839593824072,1558.99904794394,2090.83864176801,-665.0218038635,1233.9523107834,1898.9741146469,-645.909004377488,673.768179589311,1319.6771839668,-646.010050997488,673.667132969312,109.80510098,478.769104022191,9.19100852776283,26.2425945516007,3.34355946007319,28.288549926709,15.77673393136,21.0971755894116,34.6350168024681,85.09292796712,1319.6771839668,79.4950834280228,59.5349358318697,19.9601475961531,1224.01649179762,293.255728544088,930.760763253529,16.16560874116,0,0,0,0.10104662,0.10104662,0,-19.1127994860121,560.18413119409,579.296930680102,-0.19353,0.01926,0.21279,-1.65985611150294,0,1.65985611150294,-249.841757902649,42.0519824928361,291.893740395485,191.147971249254,238.647796249254,47.499825,17.861044526352,59.0112398983962,41.1501953720442,-14.0031623693678,8.25118691076512,22.254349280133,7.30635343215958,9.61599621744086,2.30964278528128,-0.719271793,3.61019016,4.329461953,-4.42578046402248,11.4128025332894,15.8385829973119,-7.68691680140367,133.981820627636,141.668737429039,-2.10720455896102,2.18343158147112,4.29063614043214,45.20931130713,51.398424523002,6.189113215872,0,-146.59592296383,6.67793286219875,153.273855826029,-28.4121245312947,0.736836937998874,29.1489614692935,-118.183798432535,5.94109592419988,124.124894356735,-87.4759905594418,0.144820068977202,87.620810628419,-11.1814567086051,0,11.1814567086051,-24.6425818085835,0.680045211127641,25.3226270197111,13.0205782231861,5.11623064409503,5.11623064409503,0,0,0,0,279.778133003258,318.368804298341,38.5906712950827,42.4434071308354,42.4434071308354,5.999848,22.0058300823849,12.2014377067295,2.23629134172101,0,237.334725872423,275.925397167505,184.131096684427,91.7943004830786,38.5906712950827,17.23581289075,17.23581289075,0,0,0,0,17.23581289075,17.23581289075,0,-514.603780933322,-546.354597745407,-257.886560748728,6.75457433798404,0.144820068977202,0,0,0,0,0.144820068977202,6.60975426900684,2.39856102586944,0,4.2111932431374,264.641135086712,185.357162660388,146.288893419727,146.283384581482,0,0.00550883824531923,39.0682692406602,79.283972426325,79.283972426325,0,0,-16.4745736824248,48.3813448427248,0.385890289087415,0,0,0,0.385890289087415,0,0.385890289087415,47.9954545536374,0,0,0,0,0,0,0,0,0,47.9954545536374,0,47.9954545536374,47.9954545536374,0,47.9954545536374,0,0,0,64.8559185251496,1.35353371314956,0,0,0,1.35353371314956,0,1.35353371314956,63.502384812,0,0,0,0,0,0,63.502384812,27.370268082,28.44044817,-1.070180088,36.13211673,60.5104562,-24.37833947,0,0,0,0,0,0,0,0,0,-0.436657132531746,0,-0.436657132531746,0,0,0,0,1.90993464617777,0,1.90993464617777,0,0,0,0,2.34659177870951,0,2.34659177870951,0,0,0,0,-271.556806181722,-184.467307476255,87.0894987054672,-0.154985960980353,0,0.154985960980353,-140.673081654884,-152.138956542257,3.14262029585482,3.14262029585482,0,-101.281576838112,-101.281576838112,0,0,0,0,-54,-54,0,0,0,0,-54,-54,0,-11.4658748873729,0,0,0,-11.4658748873729,-11.4658748873729,0,0,0,0,0,0,0,0,0,0,0,0,0,0,-134.768977973502,-32.328350933998,0,0,0,0,-32.328350933998,0,-32.328350933998,0,0,0,0,0,0,0,0,0,0,0,0,0,102.440627039504,0,0,0,0,7.18551194710252,0,7.18551194710252,96.5605603643158,0,0,96.5605603643158,121.946726094125,0,121.946726094125,-25.3861657298089,-1.30544527191411,-0.186610114011562,-1.11883515790255,0,0,0,-1.30544527191411,-0.186610114011562,-1.11883515790255,0,0,0,0,0,0,0,0,0,0,0,0,0,0,0,4.0402394076446,0,0,0,0,0,0,0,0,0,0,0,0,0,0,0,0,0,0,0,-4.0402394076446,0,0,0,0,0,0,0,0,0,-4.0402394076446,-4.04004623530104,-0.000193172343565993,0,0,0,-4.0402394076446,-4.04004623530104,-0.000193172343565993,0,0,0,0,0,0,0,0,0,0,0,0,0,0,0,0,0,0,0,0,0,0,0,0,0,0,0,0,0,0,0,0,0,0,0,0,0,0,0,0,25.4628487384673,-57.2136655505526,57.2136655505526,57.0988138242697,0,0,0,0,0,57.0988138242697,57.0988138242697,0,57.0988138242697,0,0,0,0,0,0,0,0,0,0,-0.114851726283012,2599.68,2547.67837710402,1233.9523107834,-572.046709613186,4300.74496091816,75.950428030939,5.92224863392767,3.23369278236,5.92224863392767,3.23369278236,638.312269887788,5.33764162202865,3392.88819928671,5.33764162202865
2014-07-01,2014,"Q3","2014/15","Q1","July",-747.145209637487,1666.97125694207,2414.11646657956,-985.510518019876,1221.11033145651,2206.62084947639,-606.106024259262,645.783157620702,1251.88918187996,-606.160610855262,645.728571024702,97.03191204,457.415119852023,1.718413697,19.6268546625224,5.57051745290992,32.4553299473651,14.2883144988106,25.329614071296,35.4797092382851,91.28153913268,1251.88918187996,46.0265274686811,42.4267142338409,3.59981323484013,1191.19174995778,265.339090144359,925.852659813425,14.6709044535,0,0,0,0.054586596,0.054586596,0,-379.404493760613,575.327173835807,954.73166759642,-0.19353,0.01926,0.21279,-0.174258742653897,0,0.174258742653897,-243.504742387906,37.5946010316299,281.099343419536,222.676715175844,270.571955175844,47.89524,13.6233876926673,52.1889615757711,38.5655738831037,-7.93474402921988,8.13864320265409,16.073387231874,6.91595732163727,9.24804865854372,2.33209133690645,1.38988161356355,4.00610138,2.61621976643645,-10.0651784356158,15.1674361311115,25.2326145667273,-397.788343598332,133.228375449308,531.01671904764,-1.93920655907687,2.28982085431812,4.22902741339499,37.5895681884784,42.8739703766264,5.284402188148,0,-141.114521607231,6.5801364495339,147.694658056765,-17.5175659179599,0.0241315784667919,17.5416974964267,-123.596955689271,6.55600487106711,130.152960560338,-86.3922537328571,0.144820068977202,86.5370738018343,-11.5390518514192,0,11.5390518514192,-31.5298822830399,0.546952624044919,32.0768349070848,16.69447393216,5.86423217804499,5.86423217804499,0,0,0,0,379.479829989619,439.280789036028,59.8009590464088,54.5130841368039,54.5130841368039,8.63273743,25.8460423125201,17.726494024,2.30781037028385,0,324.966745852816,384.767704899224,269.430564146931,115.337140752293,59.8009590464088,25.860787926797,25.860787926797,0,0,0,0,25.860787926797,25.860787926797,0,-721.28442171069,-279.734170691701,-257.886560748728,6.75457433798404,0.144820068977202,0,0,0,0,0.144820068977202,6.60975426900684,2.39856102586944,0,4.2111932431374,264.641135086712,185.357162660388,146.288893419727,146.283384581482,0,0.00550883824531923,39.0682692406602,79.283972426325,79.283972426325,0,0,-7.52808423204332,32.3210582322057,3.2505690724592,0,0,0,3.2505690724592,0,3.2505690724592,29.0704891597465,0,0,0,0,0,0,0,0,0,29.0704891597465,0,29.0704891597465,29.0704891597465,0,29.0704891597465,0,0,0,39.849142464249,-0.0016035127509864,0,0,-0.0016035127509864,0,0,0,39.850745977,0,0,0,0,0,0,39.850745977,12.68383569,16.116180188,-3.432344498,27.166910287,48.047287794,-20.880377507,0,0,0,0,0,0,0,0,0,-1.42002752220122,0,-1.42002752220122,0,0,0,0,2.57754208471371,0,2.57754208471371,0,0,0,0,3.99756960691493,0,3.99756960691493,0,0,0,0,-12.899498188728,56.7844633804962,69.6839615692242,-0.154985960980353,0,0.154985960980353,59.1680202695575,77.1657188235197,-18.7863692954363,-18.7863692954363,0,-6.04791188104397,-6.04791188104397,0,0,0,0,102,102,0,0,0,0,102,102,0,17.9976985539623,0,0,0,17.9976985539623,17.9976985539623,0,0,0,0,0,0,0,0,0,0,0,0,0,0,-76.3044177889143,-20.3812554430236,0,0,0,0,-20.3812554430236,0,-20.3812554430236,0,0,0,0,0,0,0,0,0,0,0,0,0,55.9231623458907,0,0,0,0,-3.46152590183707,0,-3.46152590183707,60.6901335196419,0,0,60.6901335196419,99.0596866174619,0,99.0596866174619,-38.36955309782,-1.30544527191411,-0.186610114011562,-1.11883515790255,0,0,0,-1.30544527191411,-0.186610114011562,-1.11883515790255,0,0,0,0,0,0,0,0,0,0,0,0,0,0,0,4.39188529160918,0,0,0,0,0,0,0,0,0,0,0,0,0,0,0,0,0,0,0,-4.39188529160918,0,0,0,0,0,0,0,0,0,-4.39188529160918,-4.39169211926562,-0.000193172343565993,0,0,0,-4.39188529160918,-4.39169211926562,-0.000193172343565993,0,0,0,0,0,0,0,0,0,0,0,0,0,0,0,0,0,0,0,0,0,0,0,0,0,0,0,0,0,0,0,0,0,0,0,0,0,0,0,0,156.503869967061,285.046381051929,-285.046381051929,-288.194347676119,0,0,0,-0.915666000190225,0,-287.278681675929,-287.278681675929,0,-287.278681675929,0,0,0,0,0,0,0,-0.915666000190225,0,-0.915666000190225,-2.232300624,2651.60655661537,2621.60539794176,1221.11033145651,-799.350483404007,4280.10443309224,75.4644246309452,8.85901236645165,4.68508113643108,9.00080392440492,4.76006748095722,662.777339821262,5.10971268244059,3039.99000966022,5.10971268244059
2014-10-01,2014,"Q4","2014/15","Q2","October",-347.601700767456,1673.86060070982,2021.46230147727,-568.202325669816,1252.32710102306,1820.52942669288,-570.081604044689,706.901859060283,1276.98346310497,-570.162072044689,706.821391060282,87.2728343,497.435411362592,1.185768509,22.077321366693,36.8146712356819,41.426741485855,11.2476217591499,22.9419526681047,31.9475036660079,122.11314539769,1276.98346310497,76.9080116920401,63.5181731447706,13.3898385472695,1178.79023878683,246.646426068209,932.143812718623,21.2852126261,0,0,0,0.080468,0.080468,0,1.87927837487257,545.425241962782,543.54596358791,-0.19353,0.01926,0.21279,-0.108743541777757,0,0.108743541777757,-244.579829595485,55.6873344287726,300.267164024258,208.723896778382,253.611981778382,44.888085,12.6867321331962,49.1131952237854,36.4264630905891,-15.3483348558376,6.98061037713906,22.3289452329767,5.61613868888329,8.28121829955839,2.66507961067511,2.0770229700444,3.39250681,1.3154838399556,1.17480294117464,16.7693652503217,15.5945623091471,-5.43173103772743,108.516888867731,113.948619905458,-2.84362131285994,1.64965572021279,4.49327703307273,40.1064752068795,41.4032252068795,1.29675,0,-138.050602744235,6.87100567880129,144.921608423036,-31.3843074897863,0.179681571642864,31.5639890614292,-106.666295254448,6.69132410715843,113.357619361607,-86.4078765127467,0.144820068977202,86.5526965817239,-11.5545921931133,0,11.5545921931133,-14.7303553677728,0.519975218996713,15.2503305867695,6.3724140388765,6.02652881918451,6.02652881918451,0,0,0,0,358.651227646595,414.662494007953,56.0112663613577,78.5737128860317,78.5737128860317,28.26235519,35.9618248192148,12.0386144381942,2.31091843862266,0,280.077514760564,336.088781121921,242.999391157412,93.0893899645091,56.0112663613577,41.2549888512532,41.2549888512532,0,0,0,0,41.2549888512532,41.2549888512532,0,-306.346711916203,-437.570989225136,-257.886560748728,6.75457433798404,0.144820068977202,0,0,0,0,0.144820068977202,6.60975426900684,2.39856102586944,0,4.2111932431374,264.641135086712,185.357162660388,146.288893419727,146.283384581482,0,0.00550883824531923,39.0682692406602,79.283972426325,79.283972426325,0,0,50.760221309558,31.88655482868,17.7838506197992,0,0,0,17.7838506197992,0,17.7838506197992,14.1027042088808,0,0,0,0,0,0,0,0,0,14.1027042088808,0,14.1027042088808,14.1027042088808,0,14.1027042088808,0,0,0,-18.873666480878,3.963230454122,0,0,0.217002331217439,3.74622812290456,0,3.74622812290456,-22.836896935,0,0,0,0,0,0,-22.836896935,-20.041368617,25.945552999,-45.986921616,-2.795528318,33.338549827,-36.134078145,0,0,0,0,0,0,0,0,0,0.223932235535467,0,0.223932235535467,0,0,0,0,3.27001908254644,0,3.27001908254644,0,0,0,0,3.04608684701097,0,3.04608684701097,0,0,0,0,-230.668582021501,-171.122951765277,59.5456302562246,-0.154985960980353,0,0.154985960980353,-195.360562348941,-181.092461498327,-105.96527056386,-105.96527056386,0,1.87280906553298,1.87280906553298,0,0,0,0,-77,-77,0,0,0,0,-77,-77,0,14.2681008506144,0,0,0,14.2681008506144,14.2681008506144,0,0,0,0,0,0,0,0,0,0,0,0,0,0,-40.6676067423876,9.9695097330504,0,0,0,0,9.9695097330504,0,9.9695097330504,0,0,0,0,0,0,0,0,0,0,0,0,0,50.637116475438,0,0,0,0,-1.12866876555992,0,-1.12866876555992,53.071230512912,0,0,53.071230512912,77.132972066252,0,77.132972066252,-24.06174155334,-1.30544527191411,-0.186610114011562,-1.11883515790255,0,0,0,-1.30544527191411,-0.186610114011562,-1.11883515790255,0,0,0,0,0,0,0,0,0,0,0,0,0,0,0,5.51457303080812,0,0,0,0,0,0,0,0,0,0,0,0,0,0,0,0,0,0,0,-5.51457303080812,0,0,0,0,0,0,0,0,0,-5.51457303080812,-5.51437985846455,-0.000193172343565993,0,0,0,-5.51457303080812,-5.51437985846455,-0.000193172343565993,0,0,0,0,0,0,0,0,0,0,0,0,0,0,0,0,0,0,0,0,0,0,0,0,0,0,0,0,0,0,0,0,0,0,0,0,0,0,0,0,141.120554420163,-272.344831729097,272.344831729097,273.860658674424,0,0,0,0,0,273.860658674424,273.860658674424,0,273.860658674424,0,0,0,0,0,0,0,0,0,0,1.51582694532732,2773.065,2727.8419035334,1252.32710102306,-423.864495214865,4248.45007877248,75.5564436982943,4.29060200548521,2.42191878758153,4.29060200548521,2.42191878758153,600.995742806525,5.51539383058159,3234.27161075444,5.51539383058159
2015-01-01,2015,"Q1","2014/15","Q3","January",-371.269839274534,1542.14861306704,1913.41845234157,-553.372444165106,1206.09676900311,1759.46921316821,-550.688339655747,696.122727339065,1246.81106699481,-550.786939655747,696.024127339065,117.53932099,492.247965469095,9.145280725,13.0476215513796,15.6195648033993,32.6011747906718,14.6821555296875,21.4988344872634,33.7251650888393,86.23684087997,1246.81106699481,60.1255144008308,51.7612442022439,8.36427019858698,1169.95977437753,203.662849894568,966.296924482963,16.72577821645,0,0,0,0.0986,0.0986,0,-2.68410450935883,509.974041664043,512.658146173401,-4.16268,0,4.16268,-0.917223350249347,0,0.917223350249347,-260.996861635143,23.9835051801244,284.980366815267,191.722917225764,236.592297225764,44.86938,12.7101437797117,45.1167778817721,32.4066341020605,-8.73523639784666,8.17152237354407,16.9067587713907,4.43024394054263,6.77397575094267,2.34373181040003,0.07033536925,0.46208717,0.39175180075,-5.64295942640564,12.4764605852016,18.1194200116072,7.49595992838842,103.477204123378,95.9812441949892,-3.46832303040364,1.63001131671933,5.09833434712298,64.8095790870326,71.2902000565966,6.480620969564,0,-109.470994771442,4.75973849170054,114.230733263143,-28.8444214064105,0.113163323973635,28.9575847303842,-80.6265733650319,4.64657516772691,85.2731485327588,-57.553656744851,-0.0012353672049436,57.5524213776461,-9.80210561157781,0,9.80210561157781,-17.0376578880946,0.880963655440324,17.9186215435349,8.94208990216335,3.76684687949153,3.76684687949153,0,0,0,0,291.573599662014,331.292105572232,39.7185059102172,31.6385190218169,31.6385190218169,2.5207935,11.2757264365709,15.8815779629305,1.96042112231556,0,259.935080640197,299.653586550415,220.226937453467,79.4266490969479,39.7185059102172,12.6474858558711,12.6474858558711,0,0,0,0,12.6474858558711,12.6474858558711,0,-358.622353418663,151.598274978002,-184.414270405062,-0.0012353672049436,-0.0012353672049436,0,0,0,0,-0.0012353672049436,0,0,0,0,184.413035037857,137.979019422574,127.350102846598,127.350102846598,0,0,10.6289165759765,46.4340156152825,46.4340156152825,0,0,102.698106036602,41.5554519745069,28.1631930718499,0,0,0,28.1631930718499,0,28.1631930718499,13.392258902657,0,0,0,0,0,0,0,0,0,13.392258902657,0,13.392258902657,13.392258902657,0,13.392258902657,0,0,0,-61.1426540620956,2.58116999539857,0,0,0.0785611663985733,2.502608829,0,2.502608829,-63.7238240574942,0,0,0,0,0,0,-63.7238240574942,-8.57889007349416,13.5275724745058,-22.106462548,-55.144933984,-27.027044091,-28.117889893,0,0,0,0,0,0,0,0,0,-2.73697667763645,0,-2.73697667763645,0,0,0,0,3.88180606133521,0,3.88180606133521,0,0,0,0,6.61878273897165,0,6.61878273897165,0,0,0,0,236.051416024098,462.905363011381,226.853946987283,0.778567662604325,0,-0.778567662604325,385.050870047447,423.553343564663,40.2979638023626,40.2979638023626,0,316.2553797623,316.2553797623,0,0,0,0,67,67,0,0,0,0,67,67,0,38.5024735172155,0,0,0,38.5024735172155,38.5024735172155,0,0,0,0,0,0,0,0,0,0,0,0,0,0,-146.649295076905,39.3520194467182,0,0,0,0,39.3520194467182,0,39.3520194467182,0,0,0,0,0,0,0,0,0,0,0,0,0,186.001314523623,0,0,0,0,122.24809497821,0,122.24809497821,63.0220804614208,0,0,63.0220804614208,87.8248840170808,0,87.8248840170808,-24.80280355566,0.731139083993019,-0.919011012637799,1.65015009663082,0,0,0,0.731139083993019,-0.919011012637799,1.65015009663082,0,0,0,0,0,0,0,0,0,0,0,0,0,0,0,-3.12872660904856,0,0,0,0,0,0,0,0,0,0,0,0,0,0,0,0,0,0,0,3.12872660904856,0,0,0,0,0,0,0,0,0,3.12872660904856,3.40711805042574,-0.278391441377178,0,0,0,3.12872660904856,3.40711805042574,-0.278391441377178,0,0,0,0,0,0,0,0,0,0,0,0,0,0,0,0,0,0,0,0,0,0,0,0,0,0,0,0,0,0,0,0,0,0,0,0,0,0,0,0,154.826512747877,355.394115648789,-355.394115648789,-356.165199619839,0,0,0,-0.847300001953344,0,-355.317899617885,-355.317899617885,0,-355.317899617885,0,0,0,0,0,0,0,-0.847300001953344,0,-0.847300001953344,0.0762160309030638,2970.63,2893.76535418385,1206.09676900311,-400.947937174036,4165.24348212313,75.8004007875331,4.784272089685,2.76133774751461,4.90598913305638,2.83158915882166,598.349014985447,4.81547988319668,2807.23752176685,4.81547988319668
2015-04-01,2015,"Q2","2014/15","Q4","April",-394.596426130106,1584.8325766807,1979.42900281081,-608.687674918214,1232.52948618736,1841.21716110557,-522.767780883291,689.561336404458,1212.32911728775,-522.767780883291,689.561336404458,98.64849683,493.872412901878,6.132833878,18.6210912115334,5.21689965207002,30.3331299948444,15.0623122455497,22.4357845254759,26.8511441635612,97.04042667258,1212.32911728775,40.7658348642006,36.4147819126378,4.35105295156278,1152.72850385525,217.379006171412,935.349497683837,18.8347785683,0,0,0,0,0,0,-85.9198940349222,542.968149782902,628.888043817824,-4.16268,0,4.16268,-1.20494639641848,0,1.20494639641848,-246.403595213858,28.474661074963,274.878256288821,220.398040280027,266.406250280027,46.00821,11.1278898516346,40.2674004036853,29.1395105520507,-7.03908144816922,9.92846626077916,16.9675477089484,4.85923930579059,7.1394336083978,2.28019430260721,0.822715129162217,1.52774309,0.705027960837784,-2.46283514795482,19.9749747056088,22.4378098535636,-114.433524402577,111.221041840036,225.654566242613,-2.28054648830317,2.02106169032744,4.30160817863061,54.8594304957439,56.0071168290772,1.14768633333333,0,-101.057784730081,6.42995057329865,107.48773530338,-21.2339058457267,0.0616862655075119,21.2955921112342,-79.8238788843545,6.36826430779114,86.1921431921456,-58.2430622454078,-0.0012353672049436,58.2418268782028,-9.10051838731591,0,9.10051838731591,-17.852337926974,0.997459999652867,18.8497979266269,9.77094493446006,5.37203967534322,5.37203967534322,0,0,0,0,315.149033518189,345.873139920042,30.7241064018535,69.364471338111,69.364471338111,0,17.6493259524,13.8365207082478,37.8786246774632,0,245.784562180078,276.508668581931,183.823053960798,92.685614621133,30.7241064018535,19.3144863976,19.3144863976,0,0,0,0,19.3144863976,19.3144863976,0,-375.281939732506,-381.125016298314,-184.414270405062,-0.0012353672049436,-0.0012353672049436,0,0,0,0,-0.0012353672049436,0,0,0,0,184.413035037857,137.979019422574,127.350102846598,127.350102846598,0,0,10.6289165759765,46.4340156152825,46.4340156152825,0,0,50.0018322950774,97.9098456741437,87.5699872485114,0,0,0,87.5699872485114,0,87.5699872485114,10.3398584256323,0,0,0,0,0,0,0,0,0,10.3398584256323,0,10.3398584256323,10.3398584256323,0,10.3398584256323,0,0,0,47.9080133790663,2.502608829,0,0,0,2.502608829,0,2.502608829,45.4054045500663,0,0,0,0,0,0,45.4054045500663,47.9093238670663,67.3903732816521,-19.4810494145858,-2.503919317,26.244298636,-28.748217953,0,0,0,0,0,0,0,0,0,-1.3065712836879,0,-1.3065712836879,0,0,0,0,2.37566060251703,0,2.37566060251703,0,0,0,0,3.68223188620493,0,3.68223188620493,0,0,0,0,-245.406006904642,-71.4957583760126,173.910248528629,0.778567662604325,0,-0.778567662604325,-74.5499591034748,-37.2417874339951,-12.526825300362,-12.526825300362,0,15.2850378663669,15.2850378663669,0,0,0,0,-40,-40,0,0,0,0,-40,-40,0,37.3081716694797,0,0,0,37.3081716694797,37.3081716694797,0,0,0,0,0,0,0,0,0,0,0,0,0,0,-169.5114868994,-34.2539709420175,0,0,0,0,-34.2539709420175,0,-34.2539709420175,0,0,0,0,0,0,0,0,0,0,0,0,0,135.257515957383,0,0,0,0,36.6911580290518,0,36.6911580290518,97.8352188443381,0,0,97.8352188443381,120.903088962458,0,120.903088962458,-23.06787011812,0.731139083993019,-0.919011012637799,1.65015009663082,0,0,0,0.731139083993019,-0.919011012637799,1.65015009663082,0,0,0,0,0,0,0,0,0,0,0,0,0,0,0,-2.12312856437069,0,0,0,0,0,0,0,0,0,0,0,0,0,0,0,0,0,0,0,2.12312856437069,0,0,0,0,0,0,0,0,0,2.12312856437069,2.40152000574787,-0.278391441377178,0,0,0,2.12312856437069,2.40152000574787,-0.278391441377178,0,0,0,0,0,0,0,0,0,0,0,0,0,0,0,0,0,0,0,0,0,0,0,0,0,0,0,0,0,0,0,0,0,0,0,0,0,0,0,0,12.6261930133202,-18.469269579128,18.469269579128,15.8620688028396,0,0,0,0,0,15.8620688028396,15.8620688028396,0,15.8620688028396,0,0,0,0,0,0,0,0,0,0,-2.60720077628836,3301.77,3067.69458333333,1232.52948618736,-426.082272790754,4380.09667146546,75.7373790393706,5.32411304014082,2.97867316301253,5.32411304014082,2.97867316301253,635.20044414096,5.0347489100329,2883.40977361276,5.0347489100329
2015-07-01,2015,"Q3","2015/16","Q1","July",-412.977357203884,1588.01623101084,2000.99358821472,-698.660729942793,1144.9504855028,1843.61121544559,-561.279269979564,645.041072443319,1206.32034242288,-561.293069979564,644.981072443319,104.92555796,452.292298257989,3.990069603,17.9782067960565,14.2879030939309,26.3684508011002,12.7581902962046,18.2065793515306,30.6341359613245,87.76321622533,1206.27414242288,132.431405495969,116.814828970065,15.6165765259034,1060.07839625047,177.310684242133,882.767712008341,13.76434067644,0,0,0,0.0138,0.06,0.0462,-137.381459963229,499.90941305948,637.290873022709,-4.16268,0,4.16268,-0.053409104523192,0,0.053409104523192,-234.370807510155,43.5514893926869,277.922296902842,219.244336825788,266.082961825788,46.838625,8.95489187810829,33.841554962336,24.8866630842277,-6.50166441086261,7.6739607794257,14.1756251902883,5.44878880253661,7.79421887511603,2.34543007257942,-5.35055810767652,1.18248038337349,6.53303849105002,-5.64720257099184,17.7585621824581,23.4057647534499,-165.646993665007,65.8689214010996,231.515915066106,-1.90041444544449,2.41831091219775,4.31872535764223,52.6042523449985,53.7369523449985,1.1327,0,-102.962306173368,16.6435816791616,119.60588785253,-34.1916329283335,0.047954873038189,34.2395878013716,-68.7706732450348,16.5956268061234,85.3663000511582,-56.6751790508597,0.142544916401607,56.8177239672613,-7.66080603120527,0,7.66080603120527,-19.4459189365138,1.4418511161778,20.8877700526916,12.2857653907245,15.011230773544,15.011230773544,0,0,0,0,388.645678912277,426.422163828879,37.7764849166016,76.410246720889,76.410246720889,26.7290762529752,30.8914404093346,17.2575688523382,1.53216120624105,0,312.235432191388,350.01191710799,238.760676870497,111.251240237493,37.7764849166016,37.4884217137654,37.4884217137654,0,0,0,0,37.4884217137654,37.4884217137654,0,-375.488935490118,-168.640279932241,-184.270490121455,0.142544916401607,0.142544916401607,0,0,0,0,0.142544916401607,0,0,0,0,184.413035037857,137.979019422574,127.350102846598,127.350102846598,0,0,10.6289165759765,46.4340156152825,46.4340156152825,0,0,41.0714082890077,3.36642530778312,-7.98725775939772,0,0,0,-7.98725775939772,0,-7.98725775939772,11.3536830671808,0,0,0,0,0,0,0,0,0,11.3536830671808,0,11.3536830671808,11.3536830671808,0,11.3536830671808,0,0,0,-37.7049829812246,2.51486318846569,0,0,0.0122543594656947,2.502608829,0,2.502608829,-40.2198461696903,0,0,0,0,0,0,-40.2198461696903,-32.1173797816903,-13.0104257282263,-19.106954053464,-8.102466388,13.618520684,-21.720987072,0,0,0,0,0,0,0,0,0,2.89976182544615,0,2.89976182544615,0,0,0,0,5.55246403926185,0,5.55246403926185,0,0,0,0,2.6527022138157,0,2.6527022138157,0,0,0,0,-28.3409599252395,203.826573564093,232.167533489333,0.778567662604325,0,-0.778567662604325,168.319378290859,189.631626959175,76.7391710889182,76.7391710889182,0,69.8924558702573,69.8924558702573,0,0,0,0,43,43,0,0,0,0,43,43,0,21.3122486683166,0,0,0,21.3122486683166,21.3122486683166,0,0,0,0,0,0,0,0,0,0,0,0,0,0,-195.572178229248,14.1949466049179,0,0,0,0,14.1949466049179,0,14.1949466049179,0,0,0,0,0,0,0,0,0,0,0,0,0,209.767124834166,0,0,0,0,13.7692723720384,0,13.7692723720384,195.266713378134,0,0,195.266713378134,222.481539705088,0,222.481539705088,-27.2148263269537,0.731139083993019,-0.919011012637799,1.65015009663082,0,0,0,0.731139083993019,-0.919011012637799,1.65015009663082,0,0,0,0,0,0,0,0,0,0,0,0,0,0,0,-1.86672764945494,0,0,0,0,0,0,0,0,0,0,0,0,0,0,0,0,0,0,0,1.86672764945494,0,0,0,0,0,0,0,0,0,1.86672764945494,2.14511909083211,-0.278391441377178,0,0,0,1.86672764945494,2.14511909083211,-0.278391441377178,0,0,0,0,0,0,0,0,0,0,0,0,0,0,0,0,0,0,0,0,0,0,0,0,0,0,0,0,0,0,0,0,0,0,0,0,0,0,0,0,11.074192247007,195.774463310871,-195.774463310871,-196.891971265783,0,0,0,-0.557734,0,-196.334237265783,-196.334237265783,0,-196.334237265783,0,0,0,0,0,0,0,-0.557734,0,-0.557734,-0.559773954912216,3695.25,3525.28334776335,1144.9504855028,-487.855442718532,4590.17775358048,75.8304324571153,6.44286750087094,3.62977632220222,6.52933238253923,3.67848882174364,711.610151613072,4.80524103023166,2691.05737550511,4.80524103023166
2015-10-01,2015,"Q4","2015/16","Q2","October",-492.428086130868,1564.91023523548,2057.33832136635,-744.336573191703,1145.07195120253,1889.40852439423,-653.469717674546,636.461030617021,1289.93074829157,-661.655664785856,600.869956220021,81.52031206,435.646737319941,1.29728801015773,20.293796337999,38.010528745572,28.2569367971638,8.93881181256537,17.9894132489952,28.7848622194909,83.70290684008,1262.52562100588,245.447682568369,226.021797285757,19.4258852826118,1002.13412361526,176.318518258348,825.81560535691,14.94381482225,0,0,0,8.18594711131,35.591074397,27.40512728569,-90.8668555171577,508.610920585504,599.477776102662,-4.16268,0,4.16268,-0.0525569155362389,0,0.0525569155362389,-254.242818150557,41.5179712826185,295.760789433175,219.914875691985,267.825340691985,47.910465,8.61562926839924,32.6137189340542,23.998089665655,-9.53341343372172,13.4865791105157,23.0199925442374,4.7899639921087,7.25716412287263,2.46720013076394,-5.21624726,0.91573036,6.13197762,-1.93334693351088,15.1486102386988,17.0819571722096,-120.873727446817,53.1913825666196,174.065110013436,-2.22277342492387,1.81908418272391,4.04185760764778,74.0502390954154,74.8353390954154,0.7851,0,-120.603589196194,4.38070191340348,124.984291109597,-42.5033931612619,0.0615216081002711,42.5649147693622,-78.1001960349317,4.31918030530321,82.4193763402349,-56.6875018423626,0.142544916401607,56.8300467587642,-8.39260420555206,0,8.39260420555206,-16.927975905974,0.268749469944632,17.1967253759186,9.12256381395154,3.90788591895697,3.90788591895697,0,0,0,0,372.512076257029,415.457582119549,42.9455058625202,56.9251231990905,56.9251231990905,7.8994,38.1470082,9.20019415798004,1.67852084111041,0,315.586953057939,358.532458920459,259.062546103199,99.4699128172601,42.9455058625202,38.6566918,38.6566918,0,0,0,0,38.6566918,38.6566918,0,-453.771394330868,-478.108666080282,-184.270490121455,0.142544916401607,0.142544916401607,0,0,0,0,0.142544916401607,0,0,0,0,184.413035037857,137.979019422574,127.350102846598,127.350102846598,0,0,10.6289165759765,46.4340156152825,46.4340156152825,0,0,18.2997685817771,22.0148920967771,3.43409426443343,0,0,0,3.43409426443343,0,3.43409426443343,18.5807978323437,0,0,0,0,0,0,0,0,0,18.5807978323437,0,18.5807978323437,18.5807978323437,0,18.5807978323437,0,0,0,3.715123515,2.502608829,0,0,0,2.502608829,0,2.502608829,1.212514686,0,0,0,0,0,0,1.212514686,10.383967838,15.591926128,-5.20795829,-9.171453152,12.500455935,-21.671909087,0,0,0,0,0,0,0,0,0,-3.82206199422726,0,-3.82206199422726,0,0,0,0,3.12156917490742,0,3.12156917490742,0,0,0,0,6.94363116913469,0,6.94363116913469,0,0,0,0,-308.315882546377,-67.0734745448918,241.242408001485,0.778567662604325,0,-0.778567662604325,-66.2102874758789,-56.5825591420665,-63.5241451967134,-63.5241451967134,0,-8.05841394535308,-8.05841394535308,0,0,0,0,15,15,0,0,0,0,15,15,0,9.62772833381244,0,0,0,9.62772833381244,9.62772833381244,0,0,0,0,0,0,0,0,0,0,0,0,0,0,-241.772306517943,-10.4909154028252,0,0,0,0,-10.4909154028252,0,-10.4909154028252,0,0,0,0,0,0,0,0,0,0,0,0,0,231.281391115118,0,0,0,0,-120.376007147919,0,-120.376007147919,350.926259179044,0,0,350.926259179044,369.9897886822,0,369.9897886822,-19.0635295031556,0.731139083993019,-0.919011012637799,1.65015009663082,0,0,0,0.731139083993019,-0.919011012637799,1.65015009663082,0,0,0,0,0,0,0,0,0,0,0,0,0,0,0,-1.11185621515932,0,0,0,0,0,0,0,0,0,0,0,0,0,0,0,0,0,0,0,1.11185621515932,0,0,0,0,0,0,0,0,0,1.11185621515932,1.3902476565365,-0.278391441377178,0,0,0,1.11185621515932,1.3902476565365,-0.278391441377178,0,0,0,0,0,0,0,0,0,0,0,0,0,0,0,0,0,0,0,0,0,0,0,0,0,0,0,0,0,0,0,0,0,0,0,0,0,0,0,0,121.590604952129,-145.927876701544,145.927876701544,145.580928445051,0,0,0,0,0,145.580928445051,145.580928445051,0,145.580928445051,0,0,0,0,0,0,0,0,0,0,-0.34694825649319,3377,3475.84087301587,1145.07195120253,-547.674688488848,4913.25776140448,76.1269062480637,4.57950355695579,2.54540821693648,4.57950355695579,2.54540821693648,771.965214687424,5.18453320457324,2819.82974554739,5.18453320457324
2016-01-01,2016,"Q1","2015/16","Q3","January",-287.897341796918,1552.791952678,1840.68929447491,-437.283907496805,1205.00646989716,1642.29037739397,-415.772406526934,699.527669683564,1115.3000762105,-435.742545084334,612.700980303564,80.341023828,438.193019645418,7.346025971,15.7598346774133,15.280275894,32.6212158524111,12.5215581481023,14.8343102601842,16.4377066493996,94.1669368301464,1048.4435253879,158.996497217683,149.888658188248,9.10783902943518,874.420494029771,137.07031805805,737.350175971721,15.0265341404439,0,0,0,19.9701385574,86.82668938,66.8565508226,-21.5115009698706,505.478800213598,526.990301183469,0,0,0,-0.8412291559425,0,0.8412291559425,-221.460835340438,26.2712545208063,247.732089861244,217.376024242218,272.264759242218,54.888735,9.62004930708329,35.4835031168773,25.863453809794,-5.78581312576222,11.398296190433,17.1841093161952,5.60953332209833,7.97679737427171,2.36726405217338,-5.16237501,0.37227456,5.53464957,-3.59850786162229,8.98469475328149,12.5832026149038,-96.6182322251171,49.4260522928788,146.044284517996,-9.45973912238797,3.56744416283139,13.0271832852194,88.809624,89.733724,0.9241,0,-161.408787368204,3.09844117577788,164.507228543982,-53.8268380329713,0.059948798920572,53.8867868318919,-107.581949335232,3.0384923768573,110.62044171209,-83.3274208900876,-0.00121595933628296,83.3262049307513,-7.50684698444831,0,7.50684698444831,-18.9676814606965,0.819708336193587,19.7873897968901,11.8151682295525,2.22,2.22,0,0,0,0,310.795353068091,344.687041605056,33.891688536965,30.5130575738322,30.5130575738322,0,14.3774836,14.6342045769425,1.50136939688966,0,280.282295494259,314.173984031223,233.52,80.6539840312234,33.891688536965,13.8241164,13.8241164,0,0,0,0,13.8241164,13.8241164,0,-274.073225396918,-265.168450333291,-156.427306426104,-0.00121595933628296,-0.00121595933628296,0,0,0,0,-0.00121595933628296,0,0,0,0,156.426090466767,98.9326097671344,70.6670331364563,70.6670331364563,0,0,28.2655766306782,57.4934806996328,57.4934806996328,0,0,67.6525035314208,48.2848929329866,19.7203437793385,0,0,0,19.7203437793385,0,19.7203437793385,28.5645491536481,0,0,0,0,0,0,0,0,0,28.5645491536481,0,28.5645491536481,28.5645491536481,0,28.5645491536481,0,0,0,-19.3676105984342,3.810309033,0,0,0,3.810309033,0,3.810309033,-23.1779196314342,0,0,0,0,0,0,-23.1779196314342,-30.8709345272796,-20.8018834164326,-10.069051110847,7.6930148958454,35.9747224909512,-28.2817075951058,0,0,0,0,0,0,0,0,0,-1.714354762,0,-1.714354762,0,0,0,0,2.092790946,0,2.092790946,0,0,0,0,3.807145708,0,3.807145708,0,0,0,0,-174.679292676608,2.45161783235596,177.130910508964,-0.313432024112096,0,0.313432024112096,-28.2661921774652,-66.0162106270851,-45.054670391,-45.054670391,0,-87.9615302360851,-87.9615302360851,0,0,0,0,66.99999,66.99999,0,0,0,0,66.99999,66.99999,0,-37.7500184496199,0,0,0,-37.7500184496199,-37.7500184496199,0,0,0,0,0,0,0,0,0,0,0,0,0,0,-142.595544317323,68.467828459441,0,0,0,0,68.467828459441,0,68.467828459441,0,0,0,0,0,0,0,0,0,0,0,0,0,211.063372776764,0,0,0,0,12.0482258037707,0,12.0482258037707,213.125705746735,0,0,213.125705746735,235.17382546533,0,235.17382546533,-22.0481197185949,-14.1105587737422,-0.587030489383267,-13.5235282843589,0,0,0,-14.1105587737422,-0.587030489383267,-13.5235282843589,0,0,0,0,0,0,0,0,0,0,0,0,0,0,0,-3.50412415770811,0,0,0,0,0,0,0,0,0,0,0,0,0,0,0,0,0,0,0,3.50412415770811,0,0,0,0,0,0,0,0,0,3.50412415770811,1.78213900483963,1.72198515286849,0,0,0,3.50412415770811,1.78213900483963,1.72198515286849,0,0,0,0,0,0,0,0,0,0,0,0,0,0,0,0,0,0,0,0,0,0,0,0,0,0,0,0,0,0,0,0,0,0,0,0,0,0,0,0,38.85257427655,-29.9477992129228,29.9477992129227,29.0786918311839,0,0,0,-0.276482,0,29.3551738311839,29.3551738311839,0,29.3551738311839,0,0,0,0,0,0,0,-0.276482,0,-0.276482,-0.592625381738868,3374.4,3417.27132045089,1205.00646989716,-316.909029973861,5196.39979006897,76.01,5.06975305038773,2.94308173923044,5.10927714814431,2.96602618035229,742.844066828636,5.23431104595264,2870.95456742525,5.23431104595264
2016-04-01,2016,"Q2","2015/16","Q4","April",-163.507677886916,1570.24149277984,1733.74917066676,-378.89499851571,1177.51354766632,1556.40854618203,-373.543495809573,706.798707900951,1080.34220371052,-392.354526339373,625.011618640951,85.24701406,456.075632846883,11.658720708,20.4647223065347,5.655594789,27.8986920656002,14.8830355431646,17.4458422343018,23.7032378452761,83.6889717340685,1017.36614498032,74.7245689548153,73.7855404019297,0.939028552885602,926.021014199937,155.225289606469,770.795724593468,16.6205618255719,0,0,0,18.8110305298,81.78708926,62.9760587302,-5.35150270613759,470.714839765365,476.066342471503,0,0,0,-0.66,0,0.66,-199.257169718204,38.465856,237.723025718204,224.107288917234,269.299873917234,45.192585,8.97,33.78,24.81,-5.52640802997155,11.5104202646105,17.0368282945821,4.95657313656952,7.36026460844759,2.40369147187808,-3.33190951249671,0.3670684,3.69897791249671,-10.1845304760985,9.03487788730165,19.2194083634001,-83.0812532793466,37.2854724315955,120.366725710942,1.72565025617607,5.89565025617607,4.17,56.930256,57.715356,0.7851,0,-127.105829503594,17.3262083129768,144.432037816571,-30.9057171731729,0.184621310717664,31.0903384838906,-96.2001123304211,17.1415870022591,113.34169933268,-83.8712037702385,-0.00121595933628296,83.8699878109023,-7.99425704196356,0,7.99425704196356,-20.7609879100015,0.716466569812917,21.4774544798144,13.4532729178473,16.4263363917825,16.4263363917825,0,0,0,0,342.493150132389,375.401736800549,32.9085866681602,74.4717368005489,74.4717368005489,8.48,17.3995232,10.9343621921562,37.6578514083927,0,268.02141333184,300.93,222.24,78.69,32.9085866681602,29.8456768,29.8456768,0,0,0,0,29.8456768,29.8456768,0,-133.662001086916,-330.968879117243,-156.427306426104,-0.00121595933628296,-0.00121595933628296,0,0,0,0,-0.00121595933628296,0,0,0,0,156.426090466767,98.9326097671344,70.6670331364563,70.6670331364563,0,0,28.2655766306782,57.4934806996328,57.4934806996328,0,0,19.145557864615,52.71,29.34,0,0,0,29.34,0,29.34,23.37,0,0,0,0,0,0,0,0,0,23.37,0,23.37,23.37,0,23.37,0,0,0,33.564442135385,4.266309033,0,0,0.456,3.810309033,0,3.810309033,29.298133102385,0,0,0,0,0,0,29.298133102385,-36.4307096399926,1.19044401930723,-37.6211536592998,65.7288427423776,88.6402733506894,-22.9114306083118,0,0,0,0,0,0,0,0,0,-0.0718067059999998,0,-0.0718067059999998,0,0,0,0,1.957612985,0,1.957612985,0,0,0,0,2.029419691,0,2.029419691,0,0,0,0,-193.615323849755,-42.8904516759138,150.724872173841,-0.313432024112096,0,0.313432024112096,35.6902549285877,51.5306709980859,39.605221309,39.605221309,0,36.925449679086,36.925449679086,0,0,0,0,-24.99999999,-24.99999999,0,0,0,0,-24.99999999,-24.99999999,0,15.8404160694982,0,0,0,15.8404160694982,15.8404160694982,0,0,0,0,0,0,0,0,0,0,0,0,0,0,-226.628429077852,-94.4211226739997,0,0,0,0,-94.4211226739997,0,-94.4211226739997,0,0,0,0,0,0,0,0,0,0,0,0,0,132.207306403852,0,0,0,0,4.1302237125508,0,4.1302237125508,142.187641465044,0,0,142.187641465044,164.04245943741,0,164.04245943741,-21.8548179723661,-14.1105587737422,-0.587030489383267,-13.5235282843589,0,0,0,-14.1105587737422,-0.587030489383267,-13.5235282843589,0,0,0,0,0,0,0,0,0,0,0,0,0,0,0,-2.36371767637844,0,0,0,0,0,0,0,0,0,0,0,0,0,0,0,0,0,0,0,2.36371767637844,0,0,0,0,0,0,0,0,0,2.36371767637844,0.641732523509951,1.72198515286849,0,0,0,2.36371767637844,0.641732523509951,1.72198515286849,0,0,0,0,0,0,0,0,0,0,0,0,0,0,0,0,0,0,0,0,0,0,0,0,0,0,0,0,0,0,0,0,0,0,0,0,0,0,0,0,-75.9547680549826,-121.352109975345,121.352109975345,120.993709412755,0,0,0,0,0,120.993709412755,120.993709412755,0,120.993709412755,0,0,0,0,0,0,0,0,0,0,-0.358400562590163,3404.9,3353.5,1177.51354766632,-200.321563279072,5309.23175231976,76.10253105,5.15272550154366,3.09290685774037,5.15272550154366,3.09290685774037,751.16602407029,5.21381619261126,2924.50043143128,5.21381619261126
2016-07-01,2016,"Q3","2016/17","Q1","July",-416.989249157697,1579.48069965736,1996.46994881506,-599.634042254857,1177.71464810001,1777.34869035487,-519.632830088664,677.11212662407,1196.74495671273,-540.781881635763,585.159728593201,80.00617717,422.026583773841,6.61185670795709,16.1071647131901,13.4778199465508,26.0687201798962,12.8075436212589,14.9128787744318,29.5848572615162,83.1269676493601,1125.94161022896,142.200410541094,128.795186833502,13.4052237075915,968.784168549741,154.505722250906,814.278446298835,14.95703113813,0,0,0,21.1490515470999,91.9523980308692,70.8033464837693,-80.0012121661936,500.602521475939,580.603733642132,0,0,0,-0.0105904374831655,0,0.0105904374831655,-236.512552309703,38.5885505550392,275.101102864742,219.013008177075,274.243653177075,55.230645,9.15030267961884,34.6212020975343,25.4708994179154,-8.01355931106334,9.51341888688551,17.5269781979488,4.65536265364299,7.15818216364299,2.50281951,-4.50438355537092,0.22191175,4.72629530537092,1.57968889491775,15.7530874240153,14.1733985290976,-93.8525210238479,79.7054637670502,173.557984790898,-0.566510933979938,3.881408654696,4.44791958867594,29.060543,36.915643,7.8551,0,-166.543989628585,4.27595471730284,170.819944345888,-43.2770405956933,0.12926431313417,43.4063049088275,-123.266949032892,4.14669040416867,127.413639437061,-83.5723433035141,0.0739148118116578,83.6462581153258,-10.1908572019495,0,10.1908572019495,-32.9909885274286,0.585535592357009,33.5765241197856,23.9131411303691,3.48724,3.48724,0,0,0,0,349.188782725746,397.490096840052,48.3013141143065,32.3118468400523,32.3118468400523,0.497066,14.930373207148,14.8462361925144,2.03817144038989,0,316.876935885694,365.17825,272.31,92.86825,48.3013141143065,19.8575625730224,19.8575625730224,0,0,0,0,19.8575625730224,19.8575625730224,0,-397.131686584675,-390.350033925419,-156.352175654956,0.0739148118116578,0.0739148118116578,0,0,0,0,0.0739148118116578,0,0,0,0,156.426090466767,98.9326097671344,70.6670331364563,70.6670331364563,0,0,28.2655766306782,57.4934806996328,57.4934806996328,0,0,-79.6473729162585,5.207889,-3.357156,0,0,0,-3.357156,0,-3.357156,8.565045,0,0,0,0,0,0,0,0,0,8.565045,0,8.565045,8.565045,0,8.565045,0,0,0,84.8552619162586,4.392309033,0,0,0.582,3.810309033,0,3.810309033,80.4629528832586,0,0,0,0,0,0,80.4629528832586,54.8445352584115,56.8021228591876,-1.95758760077613,25.6184176248471,66.646674169892,-41.0282565450449,0,0,0,0,0,0,0,0,0,-1.702272308,0,-1.702272308,0,0,0,0,0.290848257,0,0.290848257,0,0,0,0,1.993120565,0,1.993120565,0,0,0,0,-152.648213046205,14.5913795955765,167.239592641781,-0.313432024112096,0,0.313432024112096,22.8990817686246,15.7686513942037,-4.44137130900001,-4.44137130900001,0,-47.7899770967963,-47.7899770967963,0,0,0,0,67.9999998,67.9999998,0,0,0,0,67.9999998,67.9999998,0,-7.13043037442094,0,0,0,-7.13043037442094,-7.13043037442094,0,0,0,0,0,0,0,0,0,0,0,0,0,0,-173.15825004436,-1.17727179862712,0,0,0,0,-1.17727179862712,0,-1.17727179862712,0,0,0,0,0,0,0,0,0,0,0,0,0,171.980978245733,0,0,0,0,-30.2043969814553,0,-30.2043969814553,216.29593400093,0,0,216.29593400093,244.360676976845,0,244.360676976845,-28.0647429759143,-14.1105587737422,-0.587030489383267,-13.5235282843589,0,0,0,-14.1105587737422,-0.587030489383267,-13.5235282843589,0,0,0,0,0,0,0,0,0,0,0,0,0,0,0,-2.07561274635761,0,0,0,0,0,0,0,0,0,0,0,0,0,0,0,0,0,0,0,2.07561274635761,0,0,0,0,0,0,0,0,0,2.07561274635761,0.353627593489122,1.72198515286849,0,0,0,2.07561274635761,0.353627593489122,1.72198515286849,0,0,0,0,0,0,0,0,0,0,0,0,0,0,0,0,0,0,0,0,0,0,0,0,0,0,0,0,0,0,0,0,0,0,0,0,0,0,0,0,34.4802061637065,-27.6985535044511,27.6985535044511,26.9358670909932,0,0,0,0,0,26.9358670909932,26.9358670909932,0,26.9358670909932,0,0,0,0,0,0,0,0,0,0,-0.762686413457864,3388.6,3377.91723090278,1177.71464810001,-447.262924557359,5385.485691063,76.19539205,7.909247462367,4.54732169450318,7.909247462367,4.54732169450318,795.360986652805,5.08831418265762,2941.51679875783,5.08831418265762
2016-10-01,2016,"Q4","2016/17","Q2","October",34.9305750279152,1823.45066864711,1788.5200936192,-292.397377261761,1276.24402442178,1568.64140168354,-288.152818477125,837.808266666068,1125.96108514319,-306.317236821025,758.832534736068,126.05509977,516.629446057088,5.81435103855605,19.2449325485233,27.314663409,35.2076458246946,11.4370682556947,13.6511748646261,30.0997846470945,116.14798890898,1065.14977155709,120.955681447185,116.668954402334,4.28672704485123,925.927860132767,151.532595030906,774.395265101862,18.26622997714,0,0,0,18.1644183439,78.97573193,60.8113135861,-4.24455878463615,438.435757755708,442.680316540344,0,0,0,-0.005728272,0,0.005728272,-215.181192353074,39.3191398690364,254.50033222211,232.739987275304,285.900467275304,53.16048,0,0,0,-10.7356070812337,6.357351819,17.0929589002337,4.08556941364299,6.50521854364299,2.41964913,-5.216,0.566,5.782,-1.764794704,6.167927095,7.932721799,-55.305598693,32.275,87.580598693,1.63714743662483,2.09489496062483,0.457747524,45.5016581931,59.2497581931,13.7481,0,-154.66825056788,-0.80052998860938,153.86772057927,-39.7208320863297,0.136592880221953,39.8574249665517,-114.94741848155,-0.937122868831333,114.010295612718,-83.5723433035141,0.0739148118116578,83.6462581153258,-12.5030852367932,0,12.5030852367932,-17.2630599412425,0.597892319357009,17.8609522605995,8.36346927118293,-1.60893,-1.60893,0,0,0,0,481.996202857555,548.007174213948,66.0109713563926,57.0751742139479,57.0751742139479,6.152405,39.17677995962,9.24537220696927,2.50061704735865,0,424.921028643607,490.932,417.47,73.462,66.0109713563926,75.508649904456,75.508649904456,0,0,0,0,75.508649904456,75.508649904456,0,110.439224932371,-108.356448289882,-156.352175654956,0.0739148118116578,0.0739148118116578,0,0,0,0,0.0739148118116578,0,0,0,0,156.426090466767,98.9326097671344,70.6670331364563,70.6670331364563,0,0,28.2655766306782,57.4934806996328,57.4934806996328,0,0,59.5375442842731,16.1970740493288,-8.46510343083717,0,0,0,-8.46510343083717,0,-8.46510343083717,24.6621774801659,0,0,0,0,0,0,0,0,0,24.6621774801659,0,24.6621774801659,24.6621774801659,0,24.6621774801659,0,0,0,-43.3404702349443,3.810309033,0,0,0,3.810309033,0,3.810309033,-47.1507792679443,0,0,0,0,0,0,-47.1507792679443,-31.9095151186855,-30.3807041881778,-1.52881093050772,-15.2412641492588,1.92976422700458,-17.1710283762634,0,0,0,0,0,0,0,0,0,2.11035064286513,0,2.11035064286513,0,0,0,0,3.9122513226613,0,3.9122513226613,0,0,0,0,1.80190067979617,0,1.80190067979617,0,0,0,0,-13.6521675620648,279.176604329158,292.828771891222,-0.313432024112096,0,0.313432024112096,275.542918676112,279.448004532778,70.520488866,70.520488866,0,165.927515666778,165.927515666778,0,0,0,0,42.9999999999999,42.9999999999999,0,0,0,0,42.9999999999999,42.9999999999999,0,3.90508585666568,0,0,0,3.90508585666568,3.90508585666568,0,0,0,0,0,0,0,0,0,0,0,0,0,0,-287.654167184533,-0.27140020362031,0,0,0,0,-0.27140020362031,0,-0.27140020362031,0,0,0,0,0,0,0,0,0,0,0,0,0,287.382766980913,0,0,0,0,-3.45514717038381,0,-3.45514717038381,304.948472925039,0,0,304.948472925039,321.30672022,72.10309974,249.20362048,-16.3582472949611,-14.1105587737422,-0.587030489383267,-13.5235282843589,0,0,0,-14.1105587737422,-0.587030489383267,-13.5235282843589,0,0,0,0,0,0,0,0,0,0,0,0,0,0,0,-1.22748702953169,0,0,0,0,0,0,0,0,0,0,0,0,0,0,0,0,0,0,0,1.22748702953169,0,0,0,0,0,0,0,0,0,1.22748702953169,-0.494498123336797,1.72198515286849,0,0,0,1.22748702953169,-0.494498123336797,1.72198515286849,0,0,0,0,0,0,0,0,0,0,0,0,0,0,0,0,0,0,0,0,0,0,0,0,0,0,0,0,0,0,0,0,0,0,0,0,0,0,0,0,-78.907710096027,-139.887963126226,139.887963126226,139.541992971749,0,0,0,0,0,139.541992971749,139.541992971749,0,139.541992971749,0,0,0,0,0,0,0,0,0,0,-0.345970154477493,3610.5,3532.00026041667,1276.24402442178,-19.6439821386741,5540.90488865764,69.77992276,3.05951220286408,2.00845964131866,3.05951220286408,2.00845964131866,661.357151643638,4.88992487681738,2995.88034384937,4.88992487681738
2017-01-01,2017,"Q1","2016/17","Q3","January",-258.707778845718,1511.43250449815,1770.14028334387,-389.91405943397,1139.91144082694,1529.82550026091,-322.638687233477,778.842019400873,1101.48070663435,-339.887094063727,703.848946225873,147.92672719,429.636223641373,20.644862114,13.7668430657318,2.22114806802304,34.3825467547239,13.7151969422883,9.79374750704412,20.8173532461915,126.2859953945,1043.7360402896,27.1644898650346,26.2470278991765,0.917461965858035,997.685017411726,195.818403714298,801.866613697428,18.88653301284,0,0,0,17.24840683025,74.993073175,57.74466634475,-67.2753722004923,361.069421426071,428.344793626563,0,0,0,-0.171553677,0,0.171553677,-214.854847232433,39.8297196170364,254.68456684947,189.841,238.872,49.031,0,0,0,-12.0145793590043,0.683634888,12.6982142470043,5.34254121364299,7.53554121364299,2.193,-6.09652337,0.38974128,6.48626465,-2.011694682,5.926058319,7.937753001,-57.9556040410896,30.17989062,88.1354946610896,-5.293886385,0.000960156,5.294846541,35.9397753323917,37.6518753323917,1.7121,0,-196.668582912209,6.79829907855055,203.466881990759,-10.489821861781,0.135516067381881,10.6253379291629,-186.178761050428,6.66278301116867,192.841544061596,-140.625321391377,0.0739148118116578,140.699236203189,-10.6033366685265,0,10.6033366685265,-40.6935675005235,0.845403689357009,41.5389711898805,32.682458132464,5.74346451,5.74346451,0,0,0,0,327.87486350046,364.722764592655,36.8479010921953,58.7823145926554,58.7823145926554,0,6.46188862698,14.1412376319701,38.1791883337053,0,269.092548907805,305.94045,233.51,72.43045,36.8479010921953,13.016079111624,13.016079111624,0,0,0,0,13.016079111624,13.016079111624,0,-245.691699734094,-96.4630044034746,-200.602120440331,0.0739148118116578,0.0739148118116578,0,0,0,0,0.0739148118116578,0,0,0,0,200.676035252142,177.096035252142,90.6360352521424,90.6360352521424,0,0,86.46,23.58,23.58,0,0,137.826154106145,41.5992733471275,7.77179790724497,0,0,0,7.77179790724497,0,7.77179790724497,33.8274754398825,0,0,0,0,0,0,0,0,0,33.8274754398825,0,33.8274754398825,33.8274754398825,0,33.8274754398825,0,0,0,-96.2268807590176,4.29915,0,0,0,4.29915,0,4.29915,-100.526030759018,0,0,0,0,0,0,-100.526030759018,-0.488920035167195,-2.36287061112207,1.87395057595487,-100.03711072385,-52.9277368204955,-47.109373903355,0,0,0,0,0,0,0,0,0,-0.758217044991549,0,-0.758217044991549,0,0,0,0,0.46156294774681,0,0.46156294774681,0,0,0,0,1.21977999273836,0,1.21977999273836,0,0,0,0,-32.9288210242974,-10.0799675700091,22.8488534542883,-0.852358034936105,0,0.852358034936105,16.5519613148254,-10.2724509699015,-68.089862426,-68.089862426,0,-24.1825885439013,-24.1825885439013,0,0,0,0,81.9999999999999,81.9999999999999,0,0,0,0,81.9999999999999,81.9999999999999,0,-26.8244122847269,0,0,0,-26.8244122847269,-26.8244122847269,0,0,0,0,0,0,0,0,0,0,0,0,0,0,-46.435698734332,0.192483399892381,0,0,0,0,0.192483399892381,0,0.192483399892381,0,0,0,0,0,0,0,0,0,0,0,0,0,46.6281821342244,0,0,0,0,-0.145338067518658,0,-0.145338067518658,46.7889805718288,0,0,46.7889805718288,75.0765723718288,0,75.0765723718288,-28.2875918,-0.015460370085786,8.73100492331617,-8.74646529340196,0,0,0,-0.015460370085786,8.73100492331617,-8.74646529340196,0,0,0,0,0,0,0,0,0,0,0,0,0,0,0,-2.14630369556032,0,0,0,0,0,0,0,0,0,0,0,0,0,0,0,0,0,0,0,2.14630369556032,0,0,0,0,0,0,0,0,0,2.14630369556032,1.84695757351495,0.299346122045362,0,0,0,2.14630369556032,1.84695757351495,0.299346122045362,-0.0464218742943588,0,0,0,0,0,0,0,0,0,0,0,0,0,0,0,0,0,0,0,0.0464218742943588,0,0,0,0.0464218742943588,0.0464218742943588,0,0,0,0,0,0,0,0,0,0,0,0,0,0,300.745835269805,-151.517139939186,151.517139939186,150.756918904683,0,0,0,0,0,150.756918904683,150.756918904683,0,150.756918904683,0,0,0,0,0,0,0,0,0,0,-0.760221034502292,3614.19,3598.37056810036,1139.91144082694,-279.310905104668,5668.12917428902,76.37740081,8.01450299656918,5.475891788413,8.01450299656918,5.475891788413,727.763658495115,4.85499125945055,3158.02525277803,4.85499125945055
2017-04-01,2017,"Q2","2016/17","Q4","April",-387.804665189664,1725.44702131586,2113.25168650552,-483.411422476534,1371.73623377684,1855.14765625338,-363.459648685465,980.327880821279,1343.78752950674,-406.640602148675,792.584604894279,136.52540001,534.920593503249,15.2389700322488,18.7436595506882,3.93240165215182,35.9397689033806,15.6179642100963,11.8048011963625,25.5872995079612,121.13861138103,1199.22520704295,127.550475791666,119.938049102537,7.61242668912856,1052.33741406311,191.947995201255,860.389418861853,19.33731718818,0,0,0,43.18095346321,187.743275927,144.56232246379,-119.95177379107,391.408352955566,511.360126746635,0,0,0,-1.1388,0,1.1388,-258.228417218257,41.2806226880364,299.509039906293,182.199,231.554,49.355,-0.1581,3e-04,0.1584,-13.0412066898379,2.1624,15.2036066898379,5.24354121364299,7.79054121364299,2.547,-0.9089316,0.3850684,1.294,-1.0294,6.3332,7.3626,-82.4837327204676,44.9618474300364,127.445580150504,-0.59783327275034,4.08456672724966,4.6824,50.1921064966,52.8558064966,2.6637,0,-205.829775598213,12.1895578632258,218.019333461439,-42.4109390253741,0.0967932562828111,42.5077322816569,-163.418836572839,12.092764606943,175.511601179782,-140.625321391377,0.0739148118116578,140.699236203189,-13.8968699039265,0,13.8968699039265,-19.9154062863095,1.00008878635701,20.9154950726665,12.12761825,11.0187610087743,11.0187610087743,0,0,0,0,301.436532885084,341.521229675788,40.0846967907044,35.5954397265064,35.5954397265064,0,22.1791866674264,10.6354000782947,2.7808529807853,0,265.841093158578,305.925789949282,240.59,65.335789949282,40.0846967907044,42.1459203774043,42.1459203774043,0,0,0,0,42.1459203774043,42.1459203774043,0,-345.658744812259,-538.446454194679,-200.602120440331,0.0739148118116578,0.0739148118116578,0,0,0,0,0.0739148118116578,0,0,0,0,200.676035252142,177.096035252142,90.6360352521424,90.6360352521424,0,0,86.46,23.58,23.58,0,0,58.8808479763556,57.352934417766,20.2201779794367,0,0,0,20.2201779794367,0,20.2201779794367,37.1327564383293,0,0,0,0,0,0,0,0,0,37.1327564383293,0,37.1327564383293,37.1327564383293,0,37.1327564383293,0,0,0,-1.52791355858961,4.43058091241594,0,0,0.131430912415945,4.29915,0,4.29915,-5.95849447100555,0,0,0,0,0,0,-5.95849447100555,-10.9767339334878,2.290526613356,-13.2672605468438,5.0182394624823,25.5556233481988,-20.5373838857165,0,0,0,0,0,0,0,0,0,-0.593428525011411,0,-0.593428525011411,0,0,0,0,0.630205735503899,0,0.630205735503899,0,0,0,0,1.22363426051531,0,1.22363426051531,0,0,0,0,-396.131753205693,-75.1600959072927,320.9716572984,-0.852358034936105,0,0.852358034936105,-77.1633146099106,-98.7763052882683,29.776015898,29.776015898,0,-96.5523211862682,-96.5523211862682,0,0,0,0,-32.0000000000001,-32.0000000000001,0,0,0,0,-32.0000000000001,-32.0000000000001,0,-21.6129906783577,0,0,0,-21.6129906783577,-21.6129906783577,0,0,0,0,0,0,0,0,0,0,0,0,0,0,-317.281523985056,23.6162093809756,0,0,0,0,23.6162093809756,0,23.6162093809756,0,0,0,0,0,0,0,0,0,0,0,0,0,340.897733366032,0,0,0,0,8.29071095695763,0,8.29071095695763,332.62248277916,0,0,332.62248277916,351.35931365,71.40903218,279.95028147,-18.73683087084,-0.015460370085786,8.73100492331617,-8.74646529340196,0,0,0,-0.015460370085786,8.73100492331617,-8.74646529340196,0,0,0,0,0,0,0,0,0,0,0,0,0,0,0,-0.86501522641435,0,0,0,0,0,0,0,0,0,0,0,0,0,0,0,0,0,0,0,0.86501522641435,0,0,0,0,0,0,0,0,0,0.86501522641435,0.565669104368987,0.299346122045362,0,0,0,0.86501522641435,0.565669104368987,0.299346122045362,0.0304586506244943,0,0,0,0,0,0,0,0,0,0,0,0,0,0,0,0,0,0,0,-0.0304586506244943,0,0,0,-0.0304586506244943,-0.0304586506244943,0,0,0,0,0,0,0,0,0,0,0,0,0,0,-90.6428416021253,-102.144867780295,102.144867780295,101.79514780284,0,0,0,-0.000103833250000444,0,101.79525163609,101.79525163609,0,101.79525163609,0,0,0,0,0,0,0,0,0,0,-0.349719977454709,3590.9,3611,1371.73623377684,-420.619251935385,6226.64516576861,76.46753621937,3.64196355594661,2.60277327879515,3.64197414763252,2.60278084827152,635.159448954179,5.03193510601857,3326.94222030623,5.03193510601857
2017-07-01,2017,"Q3","2017/18","Q1","July",-448.553449098994,1647.29500982469,2095.84845892368,-613.99803030914,1199.81435742116,1813.8123877303,-497.200304008829,786.715171474164,1283.91547548299,-514.981759351571,709.404496070938,135.13938984,457.450486885992,2.76567070870599,18.2624464780014,14.7752461995432,32.2030116391955,15.3091788768676,10.2924037042817,28.3256712153156,116.814619344945,1224.38625542251,148.560291582893,146.233526240513,2.32676534237993,1052.61620288631,195.863990830936,856.752212055375,23.209760953305,0,0,0,17.781455342742,77.310675403226,59.529220060484,-116.797726300311,413.099185946994,529.896912247305,0,0,0,-0.0165,0,0.0165,-270.166965118603,39.8511359575838,310.018101076187,169.197,233.047,63.85,-4.007712435,4.5057,8.513412435,-12.1612359485329,0.7071,12.8683359485329,5.34990453047746,7.86090453047746,2.511,-5.311,0.374,5.685,2.3295,10.4617,8.1322,-68.6320599273661,48.0207328602193,116.652792787585,1.43331682343072,1.65591682343072,0.2226,65.1880257752829,66.6149957752829,1.42697,0,-217.576107744821,17.3537532150556,234.929860959877,-50.5891216130787,0.0849143555700705,50.6740359686488,-166.986986131743,17.2688388594856,184.255824991228,-140.738571613539,0.0781513147229605,140.816722928262,-9.96485215893675,0,9.96485215893675,-32.7253877505069,0.748862153522536,33.4742499040295,24.0802099446726,16.4418253912401,16.4418253912401,0,0,0,0,383.020688954967,430.126899188473,47.1062102335065,27.8613991884734,27.8613991884734,0,7.9825087087974,17.8859200478887,1.99297043178735,0,355.159289766494,402.2655,293.52,108.7455,47.1062102335065,16.5682049881231,16.5682049881231,0,0,0,0,16.5682049881231,16.5682049881231,0,-431.985244110871,-377.32421904888,-200.597883937419,0.0781513147229605,0.0781513147229605,0,0,0,0,0.0781513147229605,0,0,0,0,200.676035252142,177.096035252142,90.6360352521424,90.6360352521424,0,0,86.46,23.58,23.58,0,0,108.90441240535,56.9224896058515,12.7689141687885,0,0,0,12.7689141687885,0,12.7689141687885,44.153575437063,0,0,0,0,0,0,0,0,0,44.153575437063,0,44.153575437063,44.153575437063,0,44.153575437063,0,0,0,-51.981922799498,1.86915,0,0,-2.43,4.29915,0,4.29915,-53.851072799498,0,0,0,0,0,0,-53.851072799498,-24.700015340535,0.46322997156185,-25.1632453120969,-29.151057458963,-9.44855164945404,-19.7025058095089,0,0,0,0,0,0,0,0,0,-0.635734992408351,0,-0.635734992408351,0,0,0,0,0.391936881855667,0,0.391936881855667,0,0,0,0,1.02767187426402,0,1.02767187426402,0,0,0,0,-284.995012524402,135.79585648836,420.790869012762,-0.852358034936105,0,0.852358034936105,48.6572618631463,87.6825590520571,42.671684665194,42.671684665194,0,-1.9891256231369,-1.9891256231369,0,0,0,0,47.00000001,47.00000001,0,0,0,0,47.00000001,47.00000001,0,39.0252971889108,0,0,0,39.0252971889108,39.0252971889108,0,0,0,0,0,0,0,0,0,0,0,0,0,0,-332.256362840647,48.1132974363029,0,0,0,0,48.1132974363029,0,48.1132974363029,0,0,0,0,0,0,0,0,0,0,0,0,0,380.36966027695,0,0,0,0,40.1712615075619,0,40.1712615075619,340.213859139474,0,0,340.213859139474,368.377561841474,56.48786807,311.889693771474,-28.163702702,-0.015460370085786,8.73100492331617,-8.74646529340196,0,0,0,-0.015460370085786,8.73100492331617,-8.74646529340196,0,0,0,0,0,0,0,0,0,0,0,0,0,0,0,-0.541071636887615,0,0,0,0,0,0,0,0,0,0,0,0,0,0,0,0,0,0,0,0.541071636887615,0,0,0,0,0,0,0,0,0,0.541071636887615,0.241725514842252,0.299346122045362,0,0,0,0.541071636887615,0.241725514842252,0.299346122045362,-0.00248187507696191,0,0,0,0,0,0,0,0,0,0,0,0,0,0,0,0,0,0,0,0.00248187507696191,0,0,0,0.00248187507696191,0.00248187507696191,0,0,0,0,0,0,0,0,0,0,0,0,0,0,198.426908827084,-143.765883765093,143.765883765093,142.648912282928,0,0,0,0,0,142.648912282928,142.648912282928,0,142.648912282928,0,0,0,0,0,0,0,0,0,0,-1.11697148216507,3603.08,3602.6279765625,1199.81435742116,-474.42187785568,6638.58517751059,76.5614037757937,6.89982226030028,4.52419561332853,6.89982226030028,4.52419561332853,843.835916507251,4.86015619268634,3464.59852245008,4.86015619268634
2017-10-01,2017,"Q4","2017/18","Q2","October",-406.121156369564,1931.97975124364,2338.10090761321,-648.571953963621,1384.04305038234,2032.61500434596,-531.137312727697,904.025903224001,1435.1632159517,-549.048288509097,826.152095478781,135.847816,545.914463364771,12.0466748843769,28.9516023334533,25.2885805017041,34.5478927968355,13.0774899603818,9.72864488974147,24.0435598154873,144.38981611401,1375.20038398788,162.34226452864,160.341520741112,2.00074378752884,1193.37733622552,209.414693140721,983.962643084796,19.48078323372,0,0,0,17.9109757814006,77.8738077452199,59.9628319638193,-117.434641235924,480.017147158338,597.451788394262,0,0,0,-0.0072,0,0.0072,-297.355968707409,41.3463359575838,338.702304664993,185.728,237.443,51.715,-3.4527,14.7636,18.2163,-14.1357866678725,0.8634,14.9991866678725,5.27490453047746,7.75290453047746,2.478,-3.75295284274893,0.417711536647497,4.17066437939643,3.12505720728166,16.3920796865824,13.2670224793007,-85.8856546336878,56.8810992903289,142.766753924017,-3.55118396429794,1.36821682343072,4.91940078772866,96.5788438423335,102.788799333287,6.20995549095339,0,-236.914633481904,4.77773671961974,241.692370201524,-52.4225137800343,0.122187099650841,52.5447008796851,-184.49211970187,4.6555496199689,189.147669321839,-140.738571613539,0.0781513147229605,140.816722928262,-15.1255186034323,0,15.1255186034323,-32.1492632076222,1.05616458252254,33.2054277901447,23.3565629547878,3.5212337227234,3.5212337227234,0,0,0,0,479.365431075961,543.158964141683,63.7935330657223,37.0160141416832,37.0160141416832,0,24.4663838378456,9.52452658315109,3.02510372068646,0,442.349416934278,506.14295,397.68,108.46295,63.7935330657223,50.6177541087676,50.6177541087676,0,0,0,0,50.6177541087676,50.6177541087676,0,-355.503402260797,-346.32634510088,-200.597883937419,0.0781513147229605,0.0781513147229605,0,0,0,0,0.0781513147229605,0,0,0,0,200.676035252142,177.096035252142,90.6360352521424,90.6360352521424,0,0,86.46,23.58,23.58,0,0,136.838368410247,63.9959487555235,17.5429026734524,0,0,0,17.5429026734524,0,17.5429026734524,46.4530460820711,0,0,0,0,0,0,0,0,0,46.4530460820711,0,46.4530460820711,46.4530460820711,0,46.4530460820711,0,0,0,-72.842419654724,4.33515,0,0,0.036,4.29915,0,4.29915,-77.177569654724,0,0,0,0,0,0,-77.177569654724,-2.90860920838267,-2.3911443342638,-0.517464874118877,-74.2689604463413,-37.3897768622951,-36.8791835840462,0,0,0,0,0,0,0,0,0,0.854409404739735,0,0.854409404739735,0,0,0,0,1.98061298352631,0,1.98061298352631,0,0,0,0,1.12620357878657,0,1.12620357878657,0,0,0,0,-283.421238978448,-40.993892641049,242.427346337399,-0.852358034936105,0,0.852358034936105,-53.2495200951641,-63.9481939535646,-70.5377577719175,-70.5377577719175,0,14.5895638193529,14.5895638193529,0,0,0,0,-8.000000001,-8.000000001,0,0,0,0,-8.000000001,-8.000000001,0,-10.6986738584005,0,0,0,-10.6986738584005,-10.6986738584005,0,0,0,0,0,0,0,0,0,0,0,0,0,0,-229.590435426408,22.9543013125156,0,0,0,0,22.9543013125156,0,22.9543013125156,0,0,0,0,0,0,0,0,0,0,0,0,0,252.544736738923,0,0,0,0,-10.3770611854028,0,-10.3770611854028,262.937258294412,0,0,262.937258294412,332.84161177553,0,332.84161177553,-69.904353481118,-0.015460370085786,8.73100492331617,-8.74646529340196,0,0,0,-0.015460370085786,8.73100492331617,-8.74646529340196,0,0,0,0,0,0,0,0,0,0,0,0,0,0,0,0.412564237159621,0,0,0,0,0,0,0,0,0,0,0,0,0,0,0,0,0,0,0,-0.412564237159621,0,0,0,0,0,0,0,0,0,-0.412564237159621,-0.711910359204984,0.299346122045362,0,0,0,-0.412564237159621,-0.711910359204984,0.299346122045362,-0.141489659100123,0,0,0,0,0,0,0,0,0,0,0,0,0,0,0,0,0,0,0,0.141489659100123,0,0,0,0.141489659100123,0.141489659100123,0,0,0,0,0,0,0,0,0,0,0,0,0,0,97.238794744759,-88.0617375848428,88.0617375848428,87.6951729611083,0,0,0,0,0,87.6951729611083,87.6951729611083,0,87.6951729611083,0,0,0,0,0,0,0,0,0,0,-0.366564623734499,3635.08,3633.75464157706,1384.04305038234,-440.112066790561,6908.35260929898,76.0123788651074,10.4133943320491,6.80179580689906,10.4133943320491,6.80179580689906,764.176400771474,4.84161960913388,3613.37707464654,4.84161960913388
2018-01-01,2018,"Q1","2017/18","Q3","January",-417.26050016344,1874.35139400355,2291.61189416699,-540.359458994747,1458.04182364231,1998.40128263706,-465.196097470321,965.150844038467,1430.34694150879,-484.552700627474,880.991699876931,121.025865,613.148420475201,18.4288788437109,17.4803903880204,11.0684758728972,34.9030648369873,16.2539400892035,11.7411678303766,28.0643783020412,146.81741440173,1365.54440050441,135.276757434503,133.269774025902,2.00698340860117,1211.7760578996,226.251825379929,985.524232519673,18.4915851703,0,0,0,19.3566031571531,84.1591441615352,64.8025410043821,-75.1633615244261,492.890979603844,568.05434112827,0,0,0,-0.0117,0,0.0117,-289.036529968645,46.7141906035067,335.750720572152,234.23385,314.04385,79.81,-2.652,0,2.652,-13.8969909980582,4.3284,18.2253909980582,4.75590453047746,7.42290453047746,2.667,0.409,0.409,0,3.8293,12.8201,8.9908,-54.2444739890488,56.8810992903289,111.125573279378,-0.965483964297941,1.64571682343072,2.61120078772866,42.4157628651466,48.6257183561,6.20995549095339,0,-249.051875648295,5.55983331328647,254.611708961581,-43.0878779304537,0.142291870750976,43.2301698012047,-205.963997717841,5.4175414425355,211.381539160377,-150.335685042403,0.0781513147229605,150.413836357126,-19.3007303245835,0,19.3007303245835,-40.3237921091444,1.34318036952254,41.6669724786669,31.96476591631,3.99620975829,3.99620975829,0,0,0,0,372.150834479602,410.749737047953,38.5989025683515,40.4580870479534,40.4580870479534,0,10.89530312552,14.8850815575167,14.6777023649167,0,331.692747431648,370.29165,276.14,94.15165,38.5989025683515,22.583075729376,22.583075729376,0,0,0,0,22.583075729376,22.583075729376,0,-394.677424434064,-133.17439218365,-263.76018684286,0.0781513147229605,0.0781513147229605,0,0,0,0,0.0781513147229605,0,0,0,0,263.838338157583,177.37575309766,107.8739243711,107.8739243711,0,0,69.5018287265607,86.4625850599228,86.4625850599228,0,0,63.8164283655447,124.455268540871,38.0697187601256,0,0,0,38.0697187601256,0,38.0697187601256,86.3855497807455,0,0,0,0,0,0,0,0,0,86.3855497807455,0,86.3855497807455,86.3855497807455,0,86.3855497807455,0,0,0,60.6388401753264,4.247426706,0,0,0,4.247426706,0,4.247426706,56.3914134693264,0,0,0,0,0,0,56.3914134693264,-0.708729865259835,0.114446676512071,-0.823176541771905,57.1001433345862,107.153786849096,-50.0536435145101,0,0,0,0,0,0,0,0,0,-0.544056354399828,0,-0.544056354399828,0,0,0,0,0.906437196362349,0,0.906437196362349,0,0,0,0,1.45049355076218,0,1.45049355076218,0,0,0,0,67.3134226480654,170.323554601401,103.010131953335,-0.68836225767605,0,0.68836225767605,185.585171065024,148.457590116314,-17.3683877838555,-17.3683877838555,0,54.8259779001692,54.8259779001692,0,0,0,0,111,111,0,0,0,0,111,111,0,-37.1275809487106,0,0,0,-37.1275809487106,-37.1275809487106,0,0,0,0,0,0,0,0,0,0,0,0,0,0,-116.97869458916,21.8659644850871,0,0,0,0,21.8659644850871,0,21.8659644850871,0,0,0,0,0,0,0,0,0,0,0,0,0,138.844659074247,0,0,0,0,-99.2653911908498,0,-99.2653911908498,196.356123162447,0,0,196.356123162447,261.139123162447,0,261.139123162447,-64.783,41.7539271026496,62.4280834290767,-20.6741563264271,0,0,0,41.7539271026496,62.4280834290767,-20.6741563264271,0,0,0,0,0,0,0,0,0,0,0,0,0,0,0,-0.625676939213519,0,0,0,0,0,0,0,0,0,0,0,0,0,0,0,0,0,0,0,0.625676939213519,0,0,0,0,0,0,0,0,0,0.625676939213519,0.625676939213519,0,0,0,0,0.625676939213519,0.625676939213519,0,0.0209853690906761,0,0,0,0,0,0,0,0,0,0,0,0,0,0,0,0,0,0,0,-0.0209853690906761,0,0,0,-0.0209853690906761,-0.0209853690906761,0,0,0,0,0,0,0,0,0,0,0,0,0,0,163.372652904304,98.1303793461097,-98.1303793461097,-99.2736360182926,0,0,0,0,0,-99.2736360182926,-99.2736360182926,0,-99.2736360182926,0,0,0,0,0,0,0,0,0,0,-1.14325667218285,3686.89,3645.95267592593,1458.04182364231,-443.040884846476,7308.91905114813,76.7423798590247,10.1615058833406,6.72640922981781,10.1615058833406,6.72640922981781,757.282563269129,4.54818350753347,3559.52322041439,4.54818350753347
2018-04-01,2018,"Q2","2017/18","Q4","April",-525.738070068323,1852.04771558614,2377.78578565446,-644.032956935529,1445.12515524822,2089.15811218375,-584.29221132314,875.371508095128,1459.66371941827,-630.156852368154,771.409565622653,100.460753,538.178972934433,7.917141475864,26.9150700480775,3.08201859628883,44.6566508908592,17.2193093082495,13.6041738520128,30.6506185090395,132.76983968822,1401.56641799081,148.642005287272,148.034071045839,0.607934241432977,1238.76731541235,279.156360330481,959.610955081865,14.15709729119,0,0,0,45.8646410450143,103.961942472474,58.0973014274601,-59.7407456123888,569.753647153095,629.494392765484,0,0,0,0,0,0,-295.527103949223,46.9517906035067,342.47889455273,309.43985,393.32185,83.882,-4.6725,14.3742,19.0467,-15.2108451568564,0.9126,16.1234451568564,5.07990453047746,7.48290453047746,2.403,0.115,0.172,0.057,8.9466,16.6037,7.6571,-114.717337203019,34.1286595741973,148.845996777216,-1.33478396429794,1.45551682343072,2.79030078772866,48.1404701305296,54.350425621483,6.20995549095339,0,-222.006753740592,20.5175965796509,242.524350320243,-49.562259363949,0.101632919096952,49.6638922830459,-172.444494376643,20.415963660554,192.860458037197,-150.335685042403,0.0781513147229605,150.413836357126,-19.0995070226386,0,19.0995070226386,-21.2047304899098,2.14238416752254,23.3471146574324,13.7144750050755,18.1954281783085,18.1954281783085,0,0,0,0,340.301640607798,386.404963758267,46.1033231504697,26.1292137582673,26.1292137582673,0,11.1913668891549,11.1175017645847,3.82034510452772,0,314.17242684953,360.27575,285.06,75.21575,46.1033231504697,15.6137876714774,15.6137876714774,0,0,0,0,15.6137876714774,15.6137876714774,0,-510.124282396846,-267.05900069741,-263.76018684286,0.0781513147229605,0.0781513147229605,0,0,0,0,0.0781513147229605,0,0,0,0,263.838338157583,177.37575309766,107.8739243711,107.8739243711,0,0,69.5018287265607,86.4625850599228,86.4625850599228,0,0,20.569788080749,8.31274938071076,-6.7541698399584,0,0,0,-6.7541698399584,0,-6.7541698399584,15.0669192206692,0,0,0,0,0,0,0,0,0,15.0669192206692,0,15.0669192206692,15.0669192206692,0,15.0669192206692,0,0,0,-12.2570387000382,4.247426706,0,0,0,4.247426706,0,4.247426706,-16.5044654060382,0,0,0,0,0,0,-16.5044654060382,-0.120085697730375,-0.0344172191010109,-0.0856684786293639,-16.3843797083078,9.38379271167215,-25.76817241998,0,0,0,0,0,0,0,0,0,0.567401294503897,0,0.567401294503897,0,0,0,0,1.17438205732906,0,1.17438205732906,0,0,0,0,0.606980762825159,0,0.606980762825159,0,0,0,0,-24.4360032298031,288.248008477892,312.684011707695,-0.68836225767605,0,0.68836225767605,262.257743497211,286.099816572881,88.373680721779,88.373680721779,0,225.726135850102,225.726135850102,0,0,0,0,-27.999999999,-27.999999999,0,0,0,0,-27.999999999,-27.999999999,0,23.8420730756702,0,0,0,23.8420730756702,23.8420730756702,0,0,0,0,0,0,0,0,0,0,0,0,0,0,-285.367282356891,2.14819190501093,0,0,0,0,2.14819190501093,0,2.14819190501093,0,0,0,0,0,0,0,0,0,0,0,0,0,287.515474261902,0,0,0,0,-6.37911957266612,0,-6.37911957266612,252.140666731919,0,0,252.140666731919,318.164666731919,0,318.164666731919,-66.024,41.7539271026496,62.4280834290767,-20.6741563264271,0,0,0,41.7539271026496,62.4280834290767,-20.6741563264271,0,0,0,0,0,0,0,0,0,0,0,0,0,0,0,-0.623195227664348,0,0,0,0,0,0,0,0,0,0,0,0,0,0,0,0,0,0,0,0.623195227664348,0,0,0,0,0,0,0,0,0,0.623195227664348,0.625676939213519,-0.00248171154917109,0,0,0,0.623195227664348,0.625676939213519,-0.00248171154917109,-0.0149068847825121,0,0,0,0,0,0,0,0,0,0,0,0,0,0,0,0,0,0,0,0.0149068847825121,0,0,0,0.0149068847825121,0.0149068847825121,0,0,0,0,0,0,0,0,0,0,0,0,0,0,-51.3086936912172,294.373975390653,-294.373975390653,-294.935688227129,0,0,0,0,0,-294.935688227129,-294.935688227129,0,-294.935688227129,0,0,0,0,0,0,0,0,0,0,-0.561712836476152,3879.54,3753.95051075269,1445.12515524822,-548.046938722063,7350.2291117084,76.83385595,9.22005652823054,5.58496595158444,9.22005652823054,5.58496595158444,839.669676672827,3.80112944132838,3084.12864451918,3.80112944132838
2018-07-01,2018,"Q3","2018/19","Q1","July",-461.916305904944,2039.94770240823,2501.86400831318,-637.928184270675,1574.71588761705,2212.64407188772,-615.908532614748,872.475758136523,1488.38429075127,-617.509537394747,745.304753356523,105.278954,525.828537530063,7.75152509,21.00414492,38.98788969,43.65350759,14.57651112,13.49591049,38.11363147,114.19726182646,1362.81429075127,74.9783355523703,74.0764760611837,0.901859491186603,1274.98773091666,236.811384562694,1038.17634635397,12.84822428224,0,0,0,1.60100477999999,127.17100478,125.57,-22.0196516559276,702.240129480525,724.259781136452,0,0,0,-0.0057,0,0.0057,-310.240159733655,48.04503,358.285189733655,383.88685,471.96885,88.082,-0.676500000000001,41.034,41.7105,-20.4343923027975,1.1247,21.5590923027975,6.099679102847,9.378679102847,3.279,2.8584,6.7802,3.9218,6.0453,8.502,2.4567,-151.4466991,51.81,203.2566991,0.6759,0.924,0.2481,61.217670377678,62.672670377678,1.455,0,-227.912994167565,9.16936519683312,237.082359364399,-26.1142953635674,0,26.1142953635674,-201.798698803998,9.16936519683312,210.968064000831,-150.40807146414,0.0810823776801155,150.48915384182,-18.5703148773497,0,18.5703148773497,-40.2901995095079,1.618395772153,41.9085952816609,31.3906259346,7.469887047,7.469887047,0,0,0,0,403.924872533297,456.06244959435,52.137577061054,32.7104495943505,32.7104495943505,0,14.710568783167,14.2858178357136,3.71406297546995,0,371.214422938946,423.352,314.02,109.332,52.137577061054,25.482242099803,25.482242099803,0,0,0,0,25.482242099803,25.482242099803,0,-436.434063805141,-517.615121244908,-263.757255779903,0.0810823776801155,0.0810823776801155,0,0,0,0,0.0810823776801155,0,0,0,0,263.838338157583,177.37575309766,107.8739243711,107.8739243711,0,0,69.5018287265607,86.4625850599228,86.4625850599228,0,0,-39.1768820943601,8.86786978927605,-16.9603901239141,0,0,0,-16.9603901239141,0,-16.9603901239141,25.8282599131901,0,0,0,0,0,0,0,0,0,25.8282599131901,0,25.8282599131901,25.8282599131901,0,25.8282599131901,0,0,0,48.0447518836361,53.4595450860822,0,0,49.2121183800822,4.247426706,0,4.247426706,-5.41479320244608,0,0,0,0,0,0,-5.41479320244608,-0.118394035451604,-0.013149694598775,-0.105244340852829,-5.29639916699448,20.2033249311069,-25.4997240981014,0,0,0,0,0,0,0,0,0,-1.59342561668516,0,-1.59342561668516,0,0,0,0,1.03980867019006,0,1.03980867019006,0,0,0,0,2.63323428687522,0,2.63323428687522,0,0,0,0,-213.087557753959,24.3102484374555,237.397806191415,-0.68836225767605,0,0.68836225767605,7.35835234537297,13.4476519797317,22.636859037899,22.636859037899,0,-96.1892070581673,-96.1892070581673,0,0,0,0,87,87,0,0,0,0,87,87,0,6.08929963435873,0,0,0,6.08929963435873,6.08929963435873,0,0,0,0,0,0,0,0,0,0,0,0,0,0,-219.136379446517,10.8625964577238,0,0,0,0,10.8625964577238,0,10.8625964577238,0,0,0,0,0,0,0,0,0,0,0,0,0,229.998975904241,0,0,0,0,15.6953261157827,0,15.6953261157827,172.549722685809,0,0,172.549722685809,217.296217785809,0,217.296217785809,-44.7464951,41.7539271026496,62.4280834290767,-20.6741563264271,0,0,0,41.7539271026496,62.4280834290767,-20.6741563264271,0,0,0,0,0,0,0,0,0,0,0,0,0,0,0,-0.623195227664348,0,0,0,0,0,0,0,0,0,0,0,0,0,0,0,0,0,0,0,0.623195227664348,0,0,0,0,0,0,0,0,0,0.623195227664348,0.625676939213519,-0.00248171154917109,0,0,0,0.623195227664348,0.625676939213519,-0.00248171154917109,0.00202683252536136,0,0,0,0,0,0,0,0,0,0,0,0,0,0,0,0,0,0,0,-0.00202683252536136,0,0,0,-0.00202683252536136,-0.00202683252536136,0,0,0,0,0,0,0,0,0,0,0,0,0,0,-11.6111232703942,-69.5699341693725,69.5699341693725,68.2230040926589,0,0,0,0,0,68.2230040926589,68.2230040926589,0,68.2230040926589,0,0,0,0,0,0,0,0,0,0,-1.34693007671357,3822.14,3762.4224691358,1574.71588761705,-490.912692523824,7509.46548340591,76.92538008,8.86629989863959,4.91239834865537,8.86629989863959,4.91239834865537,860.707637246564,3.86175040204145,3153.61597325552,3.86175040204145
2018-10-01,2018,"Q4","2018/19","Q2","October",-679.311862574263,2088.81474854877,2768.12661112304,-972.902180626967,1451.74642511119,2424.64860573816,-788.079162507312,923.184214114084,1711.2633766214,-795.675463707312,723.590150784084,109.59348898,501.000181024364,10.23859882,23.47707117,25.32638178,48.31871449,12.84361845,17.50975498,31.41647624,112.99648077972,1519.2656144914,217.131163312955,217.131163312955,0,1287.64393109381,265.587317155238,1022.05661393857,14.49052008463,0,0,0,7.5963012,199.59406333,191.99776213,-184.823018119655,528.562210997104,713.385229116759,0,0,0,0,0,0,-347.145656498093,48.06603,395.211686498093,244.96185,326.64185,81.68,-2.82,13.77,16.59,-18.3030888867578,0.48945,18.7925388867578,4.701679102847,7.788679102847,3.087,-4.044,3.024,7.068,5.78124961822263,14.468,8.68675038177737,-124.014124548076,51.81,175.824124548076,-1.81512880205497,0.93,2.74512880205497,57.8742018942572,61.5742018942572,3.7,0,-262.59621918357,8.28451481083583,270.880733994406,-71.0566674459824,0,71.0566674459824,-191.539551737588,8.28451481083583,199.824066548424,-150.40807146414,0.0810823776801155,150.48915384182,-18.7562277940553,0,18.7562277940553,-28.6839155473951,1.894769365153,30.5786849125481,20.2107986954871,6.30866306800271,6.30866306800271,0,0,0,0,556.186537236274,628.783808626748,72.597271390474,33.5368086267484,33.5368086267484,0,20.4803268334,9.30523623453739,3.75124555881106,0,522.649728609526,595.247,462.59,132.657,72.597271390474,31.4758460666,31.4758460666,0,0,0,0,31.4758460666,31.4758460666,0,-647.836016507663,-746.57145375829,-263.757255779903,0.0810823776801155,0.0810823776801155,0,0,0,0,0.0810823776801155,0,0,0,0,263.838338157583,177.37575309766,107.8739243711,107.8739243711,0,0,69.5018287265607,86.4625850599228,86.4625850599228,0,0,35.0450986811579,23.5837768175137,-17.5205931713069,0,0,0,-17.5205931713069,0,-17.5205931713069,41.1043699888206,0,0,0,0,0,0,0,0,0,41.1043699888206,0,41.1043699888206,41.1043699888206,0,41.1043699888206,0,0,0,-11.4613218636443,4.24742670483579,0,0,0,4.24742670483579,0,4.24742670483579,-15.70874856848,0,0,0,0,0,0,-15.70874856848,0,0,0,-15.70874856848,20.1620785684854,-35.8708271369655,0,0,0,0,0,0,0,0,0,-1.56340809564648,0,-1.56340809564648,0,0,0,0,0.684783241636214,0,0.684783241636214,0,0,0,0,2.24819133728269,0,2.24819133728269,0,0,0,0,-516.295888563898,-133.254222844464,383.041665719434,-0.68836225767605,0,0.68836225767605,-123.7811101304,-87.781484916138,1.08533473290101,1.08533473290101,0,-2.86681963903899,-2.86681963903899,0,0,0,0,-86.00000001,-86.00000001,0,0,0,0,-86.00000001,-86.00000001,0,35.9996252142615,0,0,0,35.9996252142615,35.9996252142615,0,0,0,0,0,0,0,0,0,0,0,0,0,0,-391.232727957287,-45.472737928326,0,0,0,0,-45.472737928326,0,-45.472737928326,0,0,0,0,0,0,0,0,0,0,0,0,0,345.759990028961,0,0,0,0,11.7533811424219,0,11.7533811424219,292.252681783889,0,0,292.252681783889,382.384813096889,0,382.384813096889,-90.132131313,41.7539271026496,62.4280834290767,-20.6741563264271,0,0,0,41.7539271026496,62.4280834290767,-20.6741563264271,0,0,0,0,0,0,0,0,0,0,0,0,0,0,0,-0.623195227664348,0,0,0,0,0,0,0,0,0,0,0,0,0,0,0,0,0,0,0,0.623195227664348,0,0,0,0,0,0,0,0,0,0.623195227664348,0.625676939213519,-0.00248171154917109,0,0,0,0.623195227664348,0.625676939213519,-0.00248171154917109,0.0295070091284376,0,0,0,0,0,0,0,0,0,0,0,0,0,0,0,0,0,0,0,-0.0295070091284376,0,0,0,-0.0295070091284376,-0.0295070091284376,0,0,0,0,0,0,0,0,0,0,0,0,0,0,-62.7977965511507,-35.9376406994763,35.9376406994763,35.56740711224,0,0,0,0,0,35.56740711224,35.56740711224,0,35.56740711224,0,0,0,0,0,0,0,0,0,0,-0.370233587236234,3713.35,3745.37951058201,1451.74642511119,-709.0974256422,7729.09185887691,77.017,12.0487240395967,7.66193850466732,12.0487240395967,7.66193850466732,837.22097287961,3.94147189386197,3169.80463047185,3.94147189386197
2019-01-01,2019,"Q1","2018/19","Q3","January",-666.119602667614,2108.95190723613,2775.07150990374,-783.667450244746,1718.95888620476,2502.62633644951,-583.76008337814,1206.099616057,1789.85969943513,-575.34763357814,712.792065856995,106.020872,492.785548266875,13.55928784,22.66917289,9.74958205,52.9892108617929,14.66904953,16.67773439,25.611091759263,113.98564559012,1288.13969943513,114.642093824668,112.855226613677,1.78686721099076,1159.69233155475,226.743000294318,932.949331260429,13.80527405572,0,0,0,-8.41244980000005,493.3075502,501.72,-199.907366866606,512.85927014777,712.766637014376,0,0,0,-0.0123,0,0.0123,-371.407153056405,45.14792,416.555073056405,226.07812,327.66612,101.588,2.4,28.62,26.22,-17.5815113066851,0.9,18.4815113066851,5.595679102847,8.292679102847,2.697,-7.38201,1.449,8.83101,2.04740354528218,5.38198429157162,3.33458074628944,-69.5469865014,51.81,121.3569865014,-2.9139754035962,0.84,3.7539754035962,32.815366753351,42.751566753351,9.9362,0,-219.669700557705,12.5280162679331,232.197716825638,-41.8243090079437,0,41.8243090079437,-177.845391549761,12.5280162679331,190.373407817694,-117.999174815276,0.0810823776801155,118.080257192956,-19.0298322678152,0,19.0298322678152,-50.8261418967699,2.437176460153,53.2633183569229,42.922285238862,10.0097574301,10.0097574301,0,0,0,0,337.217548134837,377.465004763432,40.2474566285954,29.1183907602088,29.1183907602088,0,10.25438526354,15.0580390431058,3.80596645356304,0,308.099157374628,348.346614003224,256.177614003224,92.169,40.2474566285954,16.88561312646,16.88561312646,0,0,0,0,16.88561312646,16.88561312646,0,-649.233989541154,-575.878689373142,-325.67016895715,0.0810823776801155,0.0810823776801155,0,0,0,0,0.0810823776801155,0,0,0,0,325.75125133483,233.92614828,154.0179315,154.0179315,0,0,79.90821678,91.8251030548301,91.8251030548301,0,0,85.5553835393439,58.5552688218,6.6778007928,0,0,0,6.6778007928,0,6.6778007928,51.877468029,0,0,0,0,0,0,0,0,0,51.877468029,0,51.877468029,51.877468029,0,51.877468029,0,0,0,-27.0001147175438,-0.231262146029729,0,0,-0.253593231527568,0.0223310854978396,0,0.0223310854978396,-26.7688525715141,0,0,0,0,0,0,-26.7688525715141,4.90334136782005,4.90334136782005,0,-31.6721939393342,16.5439775723658,-48.2161715116999,0,0,0,0,0,0,0,0,0,-0.760220233390918,0,-0.760220233390918,0,0,0,0,1.49095190092089,0,1.49095190092089,0,0,0,0,2.25117213431181,0,2.25117213431181,0,0,0,0,-335.003683721945,-100.41487313205,234.588810589895,-2.3354869251846,0,2.3354869251846,-93.3811311268442,-91.4541768629805,-4.97323324000006,-4.97323324000006,0,-98.4809436229805,-98.4809436229805,0,0,0,0,12,12,0,0,0,0,12,12,0,1.92695426386364,0,0,0,1.92695426386364,1.92695426386364,0,0,0,0,0,0,0,0,0,0,0,0,0,0,-243.686492189728,-8.96069626906943,0,0,0,0,-8.96069626906943,0,-8.96069626906943,0,0,0,0,0,0,0,0,0,0,0,0,0,234.725795920658,0,0,0,0,32.9080771145032,0,32.9080771145032,211.115371390244,0,0,211.115371390244,260.15733701255,0,260.15733701255,-49.0419656223059,-9.2976525840889,-72.3061011924987,63.0084486084098,0,0,0,-9.2976525840889,-72.3061011924987,63.0084486084098,0,0,0,0,0,0,0,0,0,0,0,0,0,0,0,4.4992387429527,0,0,0,0,0,0,0,0,0,0,0,0,0,0,0,0,0,0,0,-4.4992387429527,0,0,0,0,0,0,0,0,0,-4.4992387429527,-4.4992387429527,0,0,0,0,-4.4992387429527,-4.4992387429527,0,-0.0998122231407239,0,0,0,0,0,0,0,0,0,0,0,0,0,0,0,0,0,0,0,0.0998122231407239,0,0,0,0.0998122231407239,0.0998122231407239,0,0,0,0,0,0,0,0,0,0,0,0,0,0,157.584112808402,-84.2288126403898,84.2288126403898,83.2559979882519,0,0,0,0,0,83.2559979882519,83.2559979882519,0,83.2559979882519,0,0,0,0,0,0,0,0,0,0,-0.972814652137872,3715.13,3694.11709677419,1718.95888620476,-691.432026974259,7966.00840139765,77.10937689,7.73420422173965,5.42666890826113,7.73420422173965,5.42666890826113,660.476820931283,4.30262453445573,3378.59020631249,4.30262453445573
2019-04-01,2019,"Q2","2018/19","Q4","April",-846.489972132029,2035.56897929648,2882.05895142851,-1069.13921193766,1526.52995184115,2595.66916377881,-877.544262340399,960.648928977663,1838.19319131806,-840.729355982749,711.613835335314,95.295809,505.399039455403,22.7113794444516,21.5753063546939,11.6111762722797,41.093225416209,16.0975760895698,13.8649608342631,26.620063882059,110.91898687991,1552.34319131806,299.880040083933,230.559138211846,69.3209018720871,1239.19958874126,250.610173924351,988.589414816909,13.26356249287,0,0,0,-36.8149063576502,249.03509364235,285.85,-191.594949597261,565.881022863485,757.475972460746,0,0,0,-0.0039,0,0.0039,-370.126503846521,43.9344,414.060903846521,261.86312,373.62812,111.765,-0.787349999999993,36.8943,37.68165,-17.8040136385378,0.4819773,18.2859909385378,5.613679102847,8.418679102847,2.805,2.9915,4.337,1.3455,-4.5531,5.5867,10.1398,-103.415498873632,51.81,155.225498873632,-2.35212880205497,1.005,3.35712880205497,36.979246460638,39.784846460638,2.8056,0,-228.685814160092,15.6688437894308,244.354657949523,-78.1492039304843,0.063362303643919,78.2125662341282,-150.536610229608,15.6054814857868,166.142091715395,-117.999174815276,0.0810823776801155,118.080257192956,-17.8456622114635,0,17.8456622114635,-26.2065979278222,4.009574383153,30.2161723109752,19.7880359179143,11.5148247249537,11.5148247249537,0,0,0,0,451.335053965724,493.3701836659,42.0351297001766,55.0615516776647,55.0615516776647,24.16402052,17.9151292515318,9.41326946384021,3.56913244229269,0,396.273502288059,438.308631988236,336.263631988236,102.045,42.0351297001766,25.8840390772982,25.8840390772982,0,0,0,0,25.8840390772982,25.8840390772982,0,-820.605933054731,-582.371656648448,-325.67016895715,0.0810823776801155,0.0810823776801155,0,0,0,0,0.0810823776801155,0,0,0,0,325.75125133483,233.92614828,154.0179315,154.0179315,0,0,79.90821678,91.8251030548301,91.8251030548301,0,0,74.4424209106471,61.5073707909,7.4472681939,0,0,0,7.4472681939,0,7.4472681939,54.060102597,0,0,0,0,0,0,0,0,0,54.060102597,0,54.060102597,54.060102597,0,54.060102597,0,0,0,-12.9350501197471,0,0,0,0,0,0,0,-12.9350501197471,0,0,0,0,0,0,-12.9350501197471,2.6108518896201,2.6108518896201,0,-15.5459020093672,11.5899075696458,-27.135809579013,0,0,0,0,0,0,0,0,0,-1.01486947035567,0,-1.01486947035567,0,0,0,0,0.779136314922371,0,0.779136314922371,0,0,0,0,1.79400578527804,0,1.79400578527804,0,0,0,0,-330.129039131589,143.834364292281,473.96340342387,-2.3354869251846,0,2.3354869251846,117.472759683123,142.125477301814,63.048064187,63.048064187,0,89.0774131138137,89.0774131138137,0,0,0,0,-9.999999999,-9.999999999,0,0,0,0,-9.999999999,-9.999999999,0,24.6527176186903,0,0,0,24.6527176186903,24.6527176186903,0,0,0,0,0,0,0,0,0,0,0,0,0,0,-449.769092407259,1.70888699046692,0,0,0,0,1.70888699046692,0,1.70888699046692,0,0,0,0,0,0,0,0,0,0,0,0,0,451.477979397726,0,0,0,0,-17.8869636092908,0,-17.8869636092908,478.662595591106,0,0,478.662595591106,538.957696747746,50.49270707,488.464989677746,-60.2951011566402,-9.2976525840889,-72.3061011924987,63.0084486084098,0,0,0,-9.2976525840889,-72.3061011924987,63.0084486084098,0,0,0,0,0,0,0,0,0,0,0,0,0,0,0,4.4992387429527,0,0,0,0,0,0,0,0,0,0,0,0,0,0,0,0,0,0,0,-4.4992387429527,0,0,0,0,0,0,0,0,0,-4.4992387429527,-4.4992387429527,0,0,0,0,-4.4992387429527,-4.4992387429527,0,0.00354177477857612,0,0,0,0,0,0,0,0,0,0,0,0,0,0,0,0,0,0,0,-0.00354177477857612,0,0,0,-0.00354177477857612,-0.00354177477857612,0,0,0,0,0,0,0,0,0,0,0,0,0,0,117.23965560589,120.994620800393,-120.994620800393,-121.560657475959,0,0,0,0,0,-121.560657475959,-121.560657475959,0,-121.560657475959,0,0,0,0,0,0,0,0,0,0,-0.566036675565612,3694.76,3745.0858287037,1526.52995184115,-897.982391367401,8400.22946625774,77.19837434,8.41577905905311,5.29606977566419,8.41577905905311,5.29606977566419,874.432814409879,4.23074269140683,3209.34661595482,4.23074269140683
2019-07-01,2019,"Q3","2019/20","Q1","July",-657.167497745333,1951.81062642253,2608.97812416786,-914.619706748368,1437.50571076003,2352.1254175084,-646.791642797002,940.188952544041,1586.98059534104,-643.148551757002,682.322043584041,126.262606,438.831371281531,7.64432602,14.98573197,21.59796702,38.59820047,13.1332912,13.04645707,28.73760693,117.22806630251,1325.47059534104,92.7299948171993,92.7299948171993,0,1219.33942145998,231.76277578057,987.576645679414,13.40117906386,0,0,0,-3.64309104,257.86690896,261.51,-267.828063951367,497.316758215993,765.144822167359,0,0,0,-0.005198518710116,0,0.005198518710116,-306.132927747269,43.7594066666667,349.892334413936,213.83512,340.83512,127,-3.21324933364372,19.9635798359438,23.1768291695875,-14.2271717444166,2.94041536790876,17.1675871123254,5.97926638009609,9.01526638009608,3.036,-6.545,0.594,7.139,-2.29237396737372,10.9437221491075,13.2360961164812,-163.81745792336,40.1825,203.99995792336,-1.47856747710719,0.919951435851855,2.39851891295905,10.069496380418,28.162796380418,18.0933,0,-219.206566981994,10.8834466361805,230.090013618175,-35.1322946957691,0,35.1322946957691,-184.074272286225,10.8834466361805,194.957718922406,-118.048188457566,0.0806616380309323,118.128850095597,-18.4769967648176,0,18.4769967648176,-53.8893141690875,4.46255789290391,58.3518720619914,46.8830008134386,6.34022710524565,6.34022710524565,0,0,0,0,476.65877598503,503.421469026318,26.7626930412878,29.1160357048033,29.1160357048033,0,12.216814251497,13.2038221003428,3.69539935296351,0,447.542740280227,474.305433321515,350.183650753676,124.121782567839,26.7626930412878,11.839955987496,11.839955987496,0,0,0,0,11.839955987496,11.839955987496,0,-645.327541757837,-334.605360628534,-325.670589696799,0.0806616380309323,0.0806616380309323,0,0,0,0,0.0806616380309323,0,0,0,0,325.75125133483,233.92614828,154.0179315,154.0179315,0,0,79.90821678,91.8251030548301,91.8251030548301,0,0,62.1297290426241,115.6814155341,0.2926502061,0,0,0,0.2926502061,0,0.2926502061,115.388765328,0,0,0,0,0,0,0,0,0,115.388765328,0,115.388765328,115.388765328,0,115.388765328,0,0,0,53.5516864914759,14.6903891513357,0,0,12.513456400128,2.17693275120775,0,2.17693275120775,38.8612973401402,0,0,0,0,0,0,38.8612973401402,-2.39817092003083,-2.39817092003083,0,41.259468260171,71.9481520022249,-30.6886837420539,0,0,0,0,0,0,0,0,0,-0.961101807096186,0,-0.961101807096186,0,0,0,0,0.212111187653686,0,0.212111187653686,0,0,0,0,1.17321299474987,0,1.17321299474987,0,0,0,0,-70.1033981672626,44.6837351754319,114.787133342695,-2.3354869251846,0,2.3354869251846,-0.350654240027637,-15.8970317702154,-89.402009287,-89.402009287,0,-33.4950324832154,-33.4950324832154,0,0,0,0,107.00001,107.00001,0,0,0,0,107.00001,107.00001,0,-15.5463775301878,0,0,0,-15.5463775301878,-15.5463775301878,0,0,0,0,0,0,0,0,0,0,0,0,0,0,-125.594635651582,6.90234568564733,0,0,0,0,6.90234568564733,0,6.90234568564733,0,0,0,0,0,0,0,0,0,0,0,0,0,132.49698133723,0,0,0,0,21.0092453646821,0,21.0092453646821,120.785388556636,0,0,120.785388556636,163.703469152088,0,163.703469152088,-42.9180805954513,-9.2976525840889,-72.3061011924987,63.0084486084098,0,0,0,-9.2976525840889,-72.3061011924987,63.0084486084098,0,0,0,0,0,0,0,0,0,0,0,0,0,0,0,58.1776600029527,53.67842126,53.67842126,53.67842126,0,0,0,0,0,0,0,0,0,0,0,0,0,0,0,0,-4.4992387429527,0,0,0,0,0,0,0,0,0,-4.4992387429527,-4.4992387429527,0,0,0,0,-4.4992387429527,-4.4992387429527,0,-0.000281353420909503,0,0,0,0,0,0,0,0,0,0,0,0,0,0,0,0,0,0,0,0.000281353420909503,0,0,0,0.000281353420909503,0.000281353420909503,0,0,0,0,0,0,0,0,0,0,0,0,0,0,283.698443044719,27.0237380845835,-27.0237380845835,-28.3525897629263,0,0,0,0,0,-28.3525897629263,-28.3525897629263,0,-28.3525897629263,0,0,0,0,0,0,0,0,0,0,-1.32885167834276,3684.235,3688.89045454545,1437.50571076003,-682.588134097172,8440.30222843114,77.29037271,9.66260699814645,6.31974974737931,9.66260699814645,6.31974974737931,897.724037874799,3.89698610392364,3139.53335072435,3.89698610392364
2019-10-01,2019,"Q4","2019/20","Q2","October",-461.972219613551,2165.79872851624,2627.7709481298,-855.154783763303,1488.82469110415,2343.97947486746,-645.849327638276,988.708637195673,1634.55796483395,-635.277243655144,731.100721178805,110.964768,480.868007229655,14.28357796,18.72707452,24.2105677691831,43.8257324,10.6188072705168,13.39871198,22.12399435,139.26794594915,1366.37796483395,101.952021465927,99.8585683041307,2.09345316179653,1247.13312275548,247.532468979041,999.60065377644,17.29282061254,0,0,0,-10.5720839831313,257.607916016869,268.18,-209.305456125027,500.11605390848,709.421510033507,0,0,0,-0.005198518710116,0,0.005198518710116,-331.401110885504,43.168,374.569110885504,232.86612,342.37512,109.509,-3.21324933364372,19.9635798359438,23.1768291695875,-15.3166966650566,2.94041536790876,18.2571120329654,4.95626638009608,8.70026638009609,3.744,-3.897,1.154,5.051,0.582618233626282,5.85527936610752,5.27266113248124,-125.7364793813,40.1825,165.9189793813,-1.47856747710719,0.919951435851855,2.39851891295905,33.337841522572,34.856941522572,1.5191,0,-188.73526620999,18.8877155478348,207.622981757825,-38.9923133113837,0,38.9923133113837,-149.742952898606,18.8877155478348,168.630668446441,-118.048188457566,0.0806616380309323,118.128850095597,-19.6291760214212,0,19.6291760214212,-26.8855693375189,3.98707299190391,30.8726423294228,20.32078338787,14.8199809179,14.8199809179,0,0,0,0,581.917830359742,658.086321864256,76.1684915045146,39.9795812777734,39.9795812777734,0,26.9035389147762,9.150207158713,3.92583520428424,0,541.938249081968,618.106740586483,481.820403622139,136.286336964343,76.1684915045146,32.5663822032177,32.5663822032177,0,0,0,0,32.5663822032177,32.5663822032177,0,-429.405837410333,-261.612362274327,-325.670589696799,0.0806616380309323,0.0806616380309323,0,0,0,0,0.0806616380309323,0,0,0,0,325.75125133483,233.92614828,154.0179315,154.0179315,0,0,79.90821678,91.8251030548301,91.8251030548301,0,0,59.8132875259882,42.5082938643,1.8344636643,0,0,0,1.8344636643,0,1.8344636643,40.6738302,0,0,0,0,0,0,0,0,0,40.6738302,0,40.6738302,40.6738302,0,40.6738302,0,0,0,-17.3049936616882,0,0,0,0,0,0,0,-17.3049936616882,0,0,0,0,0,0,-17.3049936616882,0.150161875761505,0.150161875761505,0,-17.4551555374497,10.3976467744342,-27.8528023118839,0,0,0,0,0,0,0,0,0,-0.371572536188258,0,-0.371572536188258,0,0,0,0,0.688027546114944,0,0.688027546114944,0,0,0,0,1.0596000823032,0,1.0596000823032,0,0,0,0,4.616512432672,116.705769566013,112.089257133341,-2.3354869251846,0,2.3354869251846,130.782623396316,112.90841818105,100.9518647,100.9518647,0,75.9565434810499,75.9565434810499,0,0,0,0,-63.99999,-63.99999,0,0,0,0,-63.99999,-63.99999,0,-17.8742052152661,0,0,0,-17.8742052152661,-17.8742052152661,0,0,0,0,0,0,0,0,0,0,0,0,0,0,-128.3333414808,3.79735138496349,0,0,0,0,3.79735138496349,0,3.79735138496349,0,0,0,0,0,0,0,0,0,0,0,0,0,132.130692865764,0,0,0,0,-55.6645258396974,0,-55.6645258396974,197.09287128955,0,0,197.09287128955,246.905528299,0,246.905528299,-49.81265700945,-9.2976525840889,-72.3061011924987,63.0084486084098,0,0,0,-9.2976525840889,-72.3061011924987,63.0084486084098,0,0,0,0,0,0,0,0,0,0,0,0,0,0,0,4.4992387429527,0,0,0,0,0,0,0,0,0,0,0,0,0,0,0,0,0,0,0,-4.4992387429527,0,0,0,0,0,0,0,0,0,-4.4992387429527,-4.4992387429527,0,0,0,0,-4.4992387429527,-4.4992387429527,0,0.00347869938809607,0,0,0,0,0,0,0,0,0,0,0,0,0,0,0,0,0,0,0,-0.00347869938809607,0,0,0,-0.00347869938809607,-0.00347869938809607,0,0,0,0,0,0,0,0,0,0,0,0,0,0,215.357877988799,-47.5644028527927,47.5644028527927,47.1894790367897,0,0,0,0,0,47.1894790367897,47.1894790367897,0,47.1894790367897,0,0,0,0,0,0,0,0,0,0,-0.374923816002999,3665.20833333,3690.356005291,1488.82469110415,-498.02596568704,8715.829683892,77.3823743,7.16747257039974,4.75982301983568,7.16747257039974,4.75982301983568,881.536719312291,3.73335385584799,3185.90795080485,3.73335385584799
2020-01-01,2020,"Q1","2019/20","Q3","January",-799.956876970105,1958.12240530034,2758.07928227044,-1040.65401849309,1488.80430180125,2529.45832029434,-632.586441673393,1042.20132354898,1674.78776522237,-628.116298133084,787.378002900455,140.782257,518.971004188175,17.9734328612795,17.6737966273234,9.09894470239258,36.9857700815943,12.979938459135,15.773419186775,27.2662349703619,127.62474171228,1415.49430103354,136.679252381069,121.947151239311,14.7321011417577,1261.29302666779,240.089670588971,1021.20335607882,17.52202198468,0,0,0,-4.47014354030861,254.823320648522,259.29346418883,-408.067576819697,446.602978252269,854.670555071966,0,0,0,-0.005198518710116,0,0.005198518710116,-339.232680360389,43.168,382.400680360389,237.850095021239,281.754882290491,43.904787269252,-3.21324933364372,19.9635798359438,23.1768291695875,-15.662474814826,2.94041536790876,18.6028901827348,6.05726638009609,9.22826638009609,3.171,0.971,0.971,0,0.8331,1.2147,0.3816,-315.860850658334,40.1825,356.043350658334,-1.47856747710719,0.919951435851855,2.39851891295905,21.673982941977,46.259682941977,24.5857,0,-196.044078425614,11.5752529114556,207.619331337069,-44.7656711839519,0,44.7656711839519,-151.278407241662,11.5752529114556,162.853660153117,-106.890337213148,0.0806616380309323,106.970998851179,-19.9274032895734,0,19.9274032895734,-32.6513115419406,3.30394647042467,35.9552580123652,25.402152429,8.190644803,8.190644803,0,0,0,0,436.741219948599,457.742850587635,21.0016306390362,36.2720969004147,36.2720969004147,3.47146229,14.09881775148,14.71633620102,3.98548065791467,0,400.469123048184,421.470753687221,272.919753687221,148.551,21.0016306390362,17.060937619964,17.060937619964,0,0,0,0,17.060937619964,17.060937619964,0,-782.895939350141,-516.114176570121,-297.790694291907,0.0806616380309323,0.0806616380309323,0,0,0,0,0.0806616380309323,0,0,0,0,297.871355929938,257.609537862346,179.199275107944,179.199275107944,0,0,78.4102627544022,40.2618180675913,40.2618180675913,0,0,125.245584431807,67.694983356,40.742671524,0,0,0,40.742671524,0,40.742671524,26.952311832,0,0,0,0,0,0,0,0,0,26.952311832,0,26.952311832,26.952311832,0,26.952311832,0,0,0,-57.5506010758068,0,0,0,0,0,0,0,-57.5506010758068,0,0,0,0,0,0,-57.5506010758068,-5.38343271903878,0.0501794079931398,-5.43361212703192,-52.167168356768,-20.051724367781,-32.115443988987,0,0,0,0,0,0,0,0,0,1.30796740220023,0,1.30796740220023,0,0,0,0,4.79010337967374,0,4.79010337967374,0,0,0,0,3.4821359774735,0,3.4821359774735,0,0,0,0,-344.877034112222,268.59957813396,613.476612246182,-1.46008142996142,0,1.46008142996142,280.738471890802,282.332974343432,-34.4441009,-34.4441009,0,253.777075243432,253.777075243432,0,0,0,0,63,63,0,0,0,0,63,63,0,1.59450245262956,0,0,0,1.59450245262956,1.59450245262956,0,0,0,0,0,0,0,0,0,0,0,0,0,0,-625.446434130718,-13.7333962094722,0,0,0,0,-13.7333962094722,0,-13.7333962094722,0,0,0,0,0,0,0,0,0,0,0,0,0,611.713037921246,0,0,0,0,12.3417362911679,0,12.3417362911679,596.85918807496,0,0,596.85918807496,649.58750175596,386.376249488,263.21125226796,-52.728313681,2.51211355511774,-1.00396962237835,3.51608317749608,0,0,0,2.51211355511774,-1.00396962237835,3.51608317749608,0,0,0,0,0,0,0,0,0,0,0,0,0,0,0,1.25049380438985,0,0,0,0,0,0,0,0,0,0,0,0,0,0,0,0,0,0,0,-1.25049380438985,0,0,0,0,0,0,0,0,0,-1.25049380438985,-1.25049380438985,0,0,0,0,-1.25049380438985,-1.25049380438985,0,0.0405157532652225,0,0,0,0,0,0,0,0,0,0,0,0,0,0,0,0,0,0,0,-0.0405157532652225,0,0,0,-0.0405157532652225,-0.0405157532652225,0,0,0,0,0,0,0,0,0,0,0,0,0,0,320.680157905984,-53.8983951259645,53.8983951259645,53.0740710639445,0,0,0,0,0,53.0740710639445,53.0740710639445,0,53.0740710639445,0,0,0,0,0,0,0,0,0,0,-0.824324062019998,3796.43,3711.223984375,1488.80430180125,-832.243493212605,9235.18799946914,77.47179688,7.61623208051988,5.38450277260565,7.61623208051988,5.38450277260565,886.123226942452,3.63636390273628,3220.50737578575,3.63636390273628
2020-04-01,2020,"Q2","2019/20","Q4","April",-700.317611973719,1363.91674692817,2064.23435890189,-905.022775777194,972.35797097174,1877.38074674893,-476.861946709181,835.994879277935,1312.85682598712,-477.840134620154,487.914507966962,119.400505,366.018195663786,1.78774760042133,19.649759232391,5.76492803533212,27.1922912854222,14.2026147064267,17.7163575285345,24.2280495461337,2.49580730317625,965.754642587116,65.8599951674607,65.8599951674607,0,899.572064314064,131.125816719988,768.446247594076,0.322583105591258,0,0,0,0.978187910972899,348.080371310973,347.1021834,-428.160829068013,136.363091693805,564.523920761818,0,0,0,-0.005198518710116,0,0.005198518710116,-232.668730919645,32.7126666666667,265.381397586312,14.63900001,14.63900001,0,-2.35638284467206,14.6399585463588,16.9963413910308,-11.131994780895,2.94041536790876,14.0724101488037,10.4102663800961,16.1912663800961,5.781,1.076899,1.077,0.000101,0.4653,0.6597,0.1944,-227.842186537335,29.4671666666667,257.309353204002,-1.47856747710719,0.919951435851855,2.39851891295905,20.7307666202563,23.1159666202563,2.3852,0,-165.707655069015,6.76673924779283,172.474394316808,-13.0028625522925,0.066200818757749,13.0690633710502,-152.704792516723,6.70053842903508,159.405330945758,-106.890337213148,0.0806616380309323,106.970998851179,-18.0568433577194,0,18.0568433577194,-32.5806119715272,1.79687676533293,34.3774887368601,23.8445045385701,4.82300002567122,4.82300002567122,0,0,0,0,370.412818872491,384.792036708636,14.379217836146,43.2310496109343,43.2310496109343,17.27488663,13.0697391563669,9.27505515302356,3.61136867154387,0,327.181769261556,341.560987097702,186.723720097532,154.83726700017,14.379217836146,8.7464949190774,8.7464949190774,0,0,0,0,8.7464949190774,8.7464949190774,0,-691.571117054641,-656.286076122871,-297.790694291907,0.0806616380309323,0.0806616380309323,0,0,0,0,0.0806616380309323,0,0,0,0,297.871355929938,257.609537862346,179.199275107944,179.199275107944,0,0,78.4102627544022,40.2618180675913,40.2618180675913,0,0,47.3820606429864,39.6725525475,4.5279377625,0,0,0,4.5279377625,0,4.5279377625,35.144614785,0,0,0,0,0,0,0,0,0,35.144614785,0,35.144614785,35.144614785,0,35.144614785,0,0,0,-7.70950809548636,-0.0151785493539002,0,0,0,-0.0151785493539002,0,-0.0151785493539002,-7.69432954613246,0,0,0,0,0,0,-7.69432954613246,0,0,0,-7.69432954613246,30.2100708304723,-37.9044003766048,0,0,0,0,0,0,0,0,0,-3.39597366413802,0,-3.39597366413802,0,0,0,0,3.27925095524587,0,3.27925095524587,0,0,0,0,6.67522461938389,0,6.67522461938389,0,0,0,0,-402.481468809813,18.0357266371376,420.51719544695,-1.46008142996142,0,1.46008142996142,8.16245282628597,12.4277259336748,74.664831330718,74.664831330718,0,-37.2371053970432,-37.2371053970432,0,0,0,0,-25,-25,0,0,0,0,-25,-25,0,4.26527310738882,0,0,0,4.26527310738882,4.26527310738882,0,0,0,0,0,0,0,0,0,0,0,0,0,0,-410.445482282918,5.60800070346284,0,0,0,0,5.60800070346284,0,5.60800070346284,0,0,0,0,0,0,0,0,0,0,0,0,0,416.053482986381,0,0,0,0,14.124310782169,0,14.124310782169,399.417058649094,0,0,399.417058649094,443.874345938991,280.906764204046,162.967581734945,-44.4572872898974,2.51211355511774,-1.00396962237835,3.51608317749608,0,0,0,2.51211355511774,-1.00396962237835,3.51608317749608,0,0,0,0,0,0,0,0,0,0,0,0,0,0,0,1.25049380438985,0,0,0,0,0,0,0,0,0,0,0,0,0,0,0,0,0,0,0,-1.25049380438985,0,0,0,0,0,0,0,0,0,-1.25049380438985,-1.25049380438985,0,0,0,0,-1.25049380438985,-1.25049380438985,0,0.0111482723906892,0,0,0,0,0,0,0,0,0,0,0,0,0,0,0,0,0,0,0,-0.0111482723906892,0,0,0,-0.0111482723906892,-0.0111482723906892,0,0,0,0,0,0,0,0,0,0,0,0,0,0,137.367464943278,-102.082424011508,102.082424011508,600.238195798403,0,0,0,0,0,600.238195798403,600.238195798403,0,600.238195798403,0,0,0,0,0,0,0,498.72348891,498.72348891,0,-0.56771712310429,3730.14,3771.71697222222,972.35797097174,-739.937292913109,10026.4211906653,77.5643786017066,8.25350936562145,7.20450547074697,8.25350936562145,7.20450547074697,1199.34002458548,3.97480192330093,3864.52203926109,3.97480192330093
2020-07-01,2020,"Q3","2020/21","Q1","July",-945.066329488376,2064.93572044506,3010.00204993343,-1197.86376523419,1567.80251246392,2765.66627769811,-686.514389511725,1310.6889415319,1997.20333104362,-707.20711899239,645.265253371189,140.673009,450.161603790432,6.24561950100276,18.4793729586097,9.02698346581072,28.0236187085745,15.6349486630735,17.1531482247184,25.5490498546183,54.430640580758,1352.47237236358,177.705449817625,177.705449817625,0,1168.59884532763,168.808394229689,999.790451097938,6.168077218328,0,0,0,20.692729480665,665.423688160706,644.730958680041,-511.349375722463,257.113570932023,768.462946654486,0,0,0,-0.00700669653466897,0,0.00700669653466897,-375.704710490801,41.6114219545725,417.316132445374,88.17590001,98.97650001,10.8006,-9.69272366604666,19.4630448333683,29.1557684994149,-18.3762517856255,3.07145579625311,21.4477075818787,6.62942394321958,9.85442394321958,3.225,0.710999,0.711,1e-06,0.1242,0.5193,0.3951,-239.157717270089,39.175027998171,278.33274526826,-2.27183583567548,0.960949327348988,3.23278516302447,38.2203470690897,42.7704470690897,4.5501,0,-209.497850962774,10.3139671629184,219.811818125692,-22.0452427973668,0,22.0452427973668,-187.452608165407,10.3139671629184,197.766575328325,-106.681146785144,0.0842563463547593,106.765403131499,-17.0721447620409,0,17.0721447620409,-71.1965319505141,2.73249548427137,73.9290274347855,62.8492423556766,7.49721533229225,7.49721533229225,0,0,0,0,462.295286708587,486.819240818218,24.5239541096319,49.6934932228778,49.6934932228778,4.49893150376785,26.431678186494,15.3484545802078,3.41442895240817,0,412.601793485709,437.125747595341,291.172147595341,145.9536,24.5239541096319,45.7860217766043,45.7860217766043,0,0,0,0,45.7860217766043,45.7860217766043,0,-899.280307711771,-977.701798482095,-297.787099583583,0.0842563463547593,0.0842563463547593,0,0,0,0,0.0842563463547593,0,0,0,0,297.871355929938,257.609537862346,179.199275107944,179.199275107944,0,0,78.4102627544022,40.2618180675913,40.2618180675913,0,0,105.103807772249,84.730309269,16.579793139,0,0,0,16.579793139,0,16.579793139,68.15051613,0,0,0,0,0,0,0,0,0,68.15051613,0,68.15051613,68.15051613,0,68.15051613,0,0,0,-20.3734985032485,0.160817351579733,0,0,0,0.160817351579733,0,0.160817351579733,-20.5343158548282,0,0,0,0,0,0,-20.5343158548282,5.98171961001783,5.98171961001783,0,-26.5160354648461,26.6050314301999,-53.121066895046,0,0,0,0,0,0,0,0,0,-3.21670639933342,0,-3.21670639933342,0,0,0,0,0.834856742624419,0,0.834856742624419,0,0,0,0,4.05156314195784,0,4.05156314195784,0,0,0,0,-781.801800271428,32.8669507010195,814.668750972447,-1.46008142996142,0,1.46008142996142,30.0349013698697,37.9384905182002,55.571784338645,55.571784338645,0,-17.6332938204448,-17.6332938204448,0,0,0,0,0,0,0,0,0,0,0,0,0,7.90358914833047,0,0,0,7.90358914833047,7.90358914833047,0,0,0,0,0,0,0,0,0,0,0,0,0,0,-811.529685267107,-5.07153981718071,0,0,0,0,-5.07153981718071,0,-5.07153981718071,0,0,0,0,0,0,0,0,0,0,0,0,0,806.458145449926,0,0,0,0,91.3513583225635,0,91.3513583225635,712.594673572245,0,0,712.594673572245,791.922479597345,374.929408924592,416.993070672753,-79.3278060251001,2.51211355511774,-1.00396962237835,3.51608317749608,0,0,0,2.51211355511774,-1.00396962237835,3.51608317749608,0,0,0,0,0,0,0,0,0,0,0,0,0,0,0,1.25049380438985,0,0,0,0,0,0,0,0,0,0,0,0,0,0,0,0,0,0,0,-1.25049380438985,0,0,0,0,0,0,0,0,0,-1.25049380438985,-1.25049380438985,0,0,0,0,-1.25049380438985,-1.25049380438985,0,-0.0974287486187906,0,0,0,0,0,0,0,0,0,0,0,0,0,0,0,0,0,0,0,0.0974287486187906,0,0,0,0.0974287486187906,0.0974287486187906,0,0,0,0,0,0,0,0,0,0,0,0,0,0,70.5749361497076,-148.996426920032,148.996426920032,147.958653332785,0,0,0,0,0,147.958653332785,147.958653332785,0,147.958653332785,0,0,0,0,0,0,0,0,0,0,-1.03777358724662,3715.52,3688.89045454545,1567.80251246392,-991.345393758845,11340.232947914,77.6563770300192,10.9418038627462,9.2336068986413,10.9418038627462,9.2336068986413,865.211614180544,4.16009829712567,3963.69831425154,4.16009829712567
2020-10-01,2020,"Q4","2020/21","Q2","October",-1152.85937529772,2105.70907346942,3258.56844876714,-1443.49074405121,1592.68045241885,3036.17119647006,-840.863612087215,1272.41026409662,2113.27387618384,-801.007954527215,721.462905366622,114.678132,502.333813904759,8.79193219,22.86955756,14.91841259,35.4326882,11.6210186499999,18.79016745,28.560537620214,104.450959461862,1522.47085989384,112.289954699582,112.289954699582,0,1397.21128973485,200.756952861393,1196.45433687346,12.969615459405,0,0,0,-39.85565756,550.94735873,590.80301629,-602.627131963997,320.270188322226,922.897320286222,0,0,0,-0.00700669653466897,0,0.00700669653466897,-401.387956469668,41.7428456582762,443.130802127944,111.27200001,166.73300001,55.461,-9.69272366604666,19.4630448333683,29.1557684994149,-19.5160167776073,3.07145579625311,22.5874725738604,5.24342394321958,9.21842394321958,3.975,0.4109999,0.411,1e-07,1.54388579744333,12.3735644798154,10.8296786823721,-313.781678444901,39.175027998171,352.956706443072,-2.27183583567548,0.960949327348988,3.23278516302447,25.559776275773,27.120876275773,1.5611,0,-180.739103154547,14.2958555813955,195.034958735942,-31.6785116170282,0,31.6785116170282,-149.060591537519,14.2958555813955,163.356447118914,-106.681146785144,0.0842563463547593,106.765403131499,-25.0406526016519,0,25.0406526016519,-30.2064243289829,1.34396705678042,31.5503913857633,20.9588205474037,12.8676321782604,12.8676321782604,0,0,0,0,471.370471908037,498.732765469178,27.3622935611409,65.8934873498606,65.8934873498606,6.33286454,45.1357833996041,9.41670888992613,5.00813052033038,0,405.476984558176,432.839278119317,311.020678119317,121.8186,27.3622935611409,75.6086739885493,75.6086739885493,0,0,0,0,75.6086739885493,75.6086739885493,0,-1077.25070130917,-447.45524880811,-297.787099583583,0.0842563463547593,0.0842563463547593,0,0,0,0,0.0842563463547593,0,0,0,0,297.871355929938,257.609537862346,179.199275107944,179.199275107944,0,0,78.4102627544022,40.2618180675913,40.2618180675913,0,0,-85.3426681953814,30.9183549777,1.3867480257,0,0,0,1.3867480257,0,1.3867480257,29.531606952,0,0,0,0,0,0,0,0,0,29.531606952,0,29.531606952,29.531606952,0,29.531606952,0,0,0,116.261023173081,0.160817351579733,0,0,0,0.160817351579733,0,0.160817351579733,116.100205821502,0,0,0,0,0,0,116.100205821502,9.56151696552712,9.56151696552712,0,106.538688855975,142.883440690995,-36.3447518350207,0,0,0,0,0,0,0,0,0,-3.73174648750332,0,-3.73174648750332,0,0,0,0,1.5572171196479,0,1.5572171196479,0,0,0,0,5.28896360715122,0,5.28896360715122,0,0,0,0,-60.593734541642,156.743012900005,217.336747441647,-1.46008142996142,0,1.46008142996142,162.025255786703,161.264763134867,137.802699935051,137.802699935051,0,69.462063189816,69.462063189816,0,0,0,0,-45.99999999,-45.99999999,0,0,0,0,-45.99999999,-45.99999999,0,-0.76049265183551,0,0,0,-0.76049265183551,-0.76049265183551,0,0,0,0,0,0,0,0,0,0,0,0,0,0,-222.535211141938,-4.52175023486166,0,0,0,0,-4.52175023486166,0,-4.52175023486166,0,0,0,0,0,0,0,0,0,0,0,0,0,218.013460907076,0,0,0,0,-47.9827600416438,0,-47.9827600416438,263.484107393602,0,0,263.484107393602,311.959707735311,0,311.959707735311,-48.4756003417087,2.51211355511774,-1.00396962237835,3.51608317749608,0,0,0,2.51211355511774,-1.00396962237835,3.51608317749608,0,0,0,0,0,0,0,0,0,0,0,0,0,0,0,1.25049380438985,0,0,0,0,0,0,0,0,0,0,0,0,0,0,0,0,0,0,0,-1.25049380438985,0,0,0,0,0,0,0,0,0,-1.25049380438985,-1.25049380438985,0,0,0,0,-1.25049380438985,-1.25049380438985,0,0.125808439164786,0,0,0,0,0,0,0,0,0,0,0,0,0,0,0,0,0,0,0,-0.125808439164786,0,0,0,-0.125808439164786,-0.125808439164786,0,0,0,0,0,0,0,0,0,0,0,0,0,0,551.346295616764,78.4491568842981,-78.4491568842981,-78.7620865883173,0,0,0,0,0,-78.7620865883173,-78.7620865883173,0,-78.7620865883173,0,0,0,0,0,0,0,0,0,0,-0.312929704019133,3650.07,3698.5379765625,1592.68045241885,-1213.74473212725,11727.49,77.7488142885017,5.51162386195923,4.44414610471196,5.51162386195923,4.44414610471196,921.67521206898,4.2266452379852,3849.55152581128,4.2266452379852
2021-01-01,2021,"Q1","2020/21","Q3","January",-782.10363135373,2098.88438556119,2880.98801691492,-854.661467524217,1747.99525751779,2602.65672504201,-519.549261328118,1315.47488967223,1835.02415100035,-601.878743257087,813.945407743263,143.7998,556.505552022743,7.94430302,20.88630518,22.62155576,27.65195808,16.7170536799999,19.71281833,30.7224386,113.64005572052,1415.82415100035,71.511564010999,63.7973446448315,7.71421936616747,1329.34271170444,206.044978891946,1123.2977328125,14.96987528491,0,0,0,82.329481928969,501.529481928969,419.2,-335.112206196098,432.520367845559,767.632574041658,0,0,0,-0.00700669653466897,0,0.00700669653466897,-334.33189176325,41.8085575101281,376.140449273378,194.076,260.946,66.87,-9.69272366604666,19.4630448333683,29.1557684994149,-16.5582698870596,3.07145579625311,19.6297256833127,8.09342394321958,11.3034239432196,3.21,2.532,2.532,0,0.724885797443334,7.1035644798154,6.37867868237206,-199.45803204545,39.175027998171,238.633060043621,-2.27183583567548,0.960949327348988,3.23278516302447,21.7812439572549,46.1563439572548,24.3751,0,-254.476767841469,8.89264966389333,263.369417505363,-17.2598774689477,0,17.2598774689477,-237.216890372522,8.89264966389333,246.109540036415,-137.085663726788,0.0842563463547593,137.169920073142,-34.0913229136675,0,34.0913229136675,-72.3991449928247,2.44915205678042,74.8482970496051,63.9281392112455,6.35924126075815,6.35924126075815,0,0,0,0,327.034604011956,341.996478379503,14.9618743675471,44.5533783795034,44.5533783795034,0,23.1749290049833,14.5601847917865,6.81826458273349,0,282.481225632453,297.4431,170.4,127.0431,14.9618743675471,40.1445491507088,40.1445491507088,0,0,0,0,40.1445491507088,40.1445491507088,0,-741.959082203021,-709.845441401237,-411.975809316297,0.0842563463547593,0.0842563463547593,0,0,0,0,0.0842563463547593,0,0,0,0,412.060065662652,390.051333916354,281.914749179359,281.914749179359,0,0,108.136584736995,22.0087317462976,22.0087317462976,0,0,2.70887878118175,40.2273413163,10.5286513983,0,0,0,10.5286513983,0,10.5286513983,29.698689918,0,0,0,0,0,0,0,0,0,29.698689918,0,29.698689918,29.698689918,0,29.698689918,0,0,0,37.5184625351182,0.160817351579733,0,0,0,0.160817351579733,0,0.160817351579733,37.3576451835385,0,0,0,0,0,0,37.3576451835385,35.5890839888156,35.5890839888156,0,1.76856119472291,56.0743842178861,-54.3058230231632,0,0,0,0,0,0,0,0,0,-3.35344470433629,0,-3.35344470433629,0,0,0,0,2.97217884083233,0,2.97217884083233,0,0,0,0,6.32562354516862,0,6.32562354516862,0,0,0,0,-297.225066161785,-300.837516516203,-3.61245035441833,-2.05131111832538,0,2.05131111832538,-302.145661786422,-305.719583379176,-182.707134304414,-182.707134304414,0,-144.012449074762,-144.012449074762,0,0,0,0,21,21,0,0,0,0,21,21,0,-3.57392159275414,0,0,0,-3.57392159275414,-3.57392159275414,0,0,0,0,0,0,0,0,0,0,0,0,0,0,7.87844730046214,4.88206686297305,0,0,0,0,4.88206686297305,0,4.88206686297305,0,0,0,0,0,0,0,0,0,0,0,0,0,-2.99638043748909,0,0,0,0,6.83795389542416,0,6.83795389542416,-9.89049651493973,0,0,-9.89049651493973,104.786986160489,0,104.786986160489,-114.677482675429,0.0561621820264787,0.0180300658102198,0.0381321162162589,0,0,0,0.0561621820264787,0.0180300658102198,0.0381321162162589,0,0,0,0,0,0,0,0,0,0,0,0,0,0,0,-0.879152512577293,0,0,0,0,0,0,0,0,0,0,0,0,0,0,0,0,0,0,0,0.879152512577293,0,0,0,0,0,0,0,0,0,0.879152512577293,0.879152512577293,0,0,0,0,0.879152512577293,0.879152512577293,0,-0.0273880449222334,0,0,0,0,0,0,0,0,0,0,0,0,0,0,0,0,0,0,0,0.0273880449222334,0,0,0,0.0273880449222334,0.0273880449222334,0,0,0,0,0,0,0,0,0,0,0,0,0,0,-136.115763901266,168.22940470305,-168.22940470305,-169.060003012561,0,0,0,0,0,-169.060003012561,-169.060003012561,0,-169.060003012561,0,0,0,0,0,0,0,0,0,0,-0.830598309511254,3663.93,3672.73641,1747.99525751779,-819.8387451505,11703.7245814099,77.83808,13.6629152790132,10.3671154815227,13.6629152790132,10.3671154815227,889.695780078781,3.99666114204067,3616.58039370685,3.99666114204067
2021-04-01,2021,"Q2","2020/21","Q4","April",-1233.6817879375,2272.11301654648,3505.79480448398,-1388.57786697823,1852.3914966241,3240.96936360233,-998.516106878434,1380.15693195327,2378.6730388317,-854.956638234356,848.326833301658,155.735833,564.362617484066,6.03174076630726,23.2593849406632,14.6917714981864,27.5470428234261,18.4401372391578,22.37943066235,34.316840157261,128.228382817592,1703.28347153601,129.156482826586,125.707577299969,3.44890552661734,1560.70600565114,254.759683707693,1305.94632194345,13.4209830582884,0,0,0,-143.559468644078,531.830098651607,675.389567295685,-390.061760099798,472.234564670838,862.296324770636,0,0,0,-0.00700669653466897,0,0.00700669653466897,-441.297366821172,41.8085575101281,483.1059243313,212.473,295.599,83.126,-9.69272366604666,19.4630448333683,29.1557684994149,-21.2809917084444,3.07145579625311,24.3524475046975,5.96334989115573,11.2643479268516,5.30099803569585,5.264,5.264,0,-0.0821142025566663,7.3045644798154,7.38667868237206,-185.587587859426,39.175027998171,224.762615857597,-2.27183583567548,0.960949327348988,3.23278516302447,46.457516798902,48.323616798902,1.8661,0,-241.655080080143,2.73122698017131,244.386307060315,-36.3151728502949,0.0738471670361345,36.389020017331,-205.339907229849,2.65737981313518,207.997287042984,-137.085663726788,0.0842563463547593,137.169920073142,-36.7030431714817,0,36.7030431714817,-32.9819957415792,1.14232805678042,34.1243237983596,23.43638396,1.43079541,1.43079541,0,0,0,0,396.551159120879,416.99029294221,20.4391338213309,31.9666929422097,31.9666929422097,0,15.20742724538,9.41865706253332,7.34060863429633,0,364.584466178669,385.0236,241.8,143.2236,20.4391338213309,18.26170172596,18.26170172596,0,0,0,0,18.26170172596,18.26170172596,0,-1215.42008621154,-1318.72267430541,-411.975809316297,0.0842563463547593,0.0842563463547593,0,0,0,0,0.0842563463547593,0,0,0,0,412.060065662652,390.051333916354,281.914749179359,281.914749179359,0,0,108.136584736995,22.0087317462976,22.0087317462976,0,0,-168.354552220031,66.94419321708,22.2791282541,0,0,0,22.2791282541,0,22.2791282541,44.66506496298,0,0,0,0,0,0,0,0,0,44.66506496298,0,44.66506496298,44.66506496298,0,44.66506496298,0,0,0,235.298745437111,3.93496904824801,0,0,3.78496904824801,0.15,0,0.15,231.363776388863,0,0,0,0,0,0,231.363776388863,77.6910081072493,77.6910081072493,0,153.672768281614,206.623817906738,-52.951049625124,0,0,0,0,0,0,0,0,0,-4.23980017653385,0,-4.23980017653385,0,0,0,0,3.00741486946615,0,3.00741486946615,0,0,0,0,7.247215046,0,7.247215046,0,0,0,0,-734.15251259255,-10.930691274756,723.221821317793,-2.05131111832538,0,2.05131111832538,-19.5900819652243,-1.41229801706947,85.247339,85.247339,0,-48.6596370070695,-48.6596370070695,0,0,0,0,-38.00000001,-38.00000001,0,0,0,0,-38.00000001,-38.00000001,0,18.1777839481548,0,0,0,18.1777839481548,18.1777839481548,0,0,0,0,0,0,0,0,0,0,0,0,0,0,-711.611931532936,-9.51839325768653,0,0,0,0,-9.51839325768653,0,-9.51839325768653,0,0,0,0,0,0,0,0,0,0,0,0,0,702.093538275249,0,0,0,0,-52.4647465867771,0,-52.4647465867771,754.50212268,0,0,754.50212268,798.20970868,558.18461877,240.02508991,-43.707586,0.0561621820264787,0.0180300658102198,0.0381321162162589,0,0,0,0.0561621820264787,0.0180300658102198,0.0381321162162589,0,0,0,0,0,0,0,0,0,0,0,0,0,0,0,-0.879152512577293,0,0,0,0,0,0,0,0,0,0,0,0,0,0,0,0,0,0,0,0.879152512577293,0,0,0,0,0,0,0,0,0,0.879152512577293,0.879152512577293,0,0,0,0,0.879152512577293,0.879152512577293,0,-0.0200354634868314,0,0,0,0,0,0,0,0,0,0,0,0,0,0,0,0,0,0,0,0.0200354634868314,0,0,0,0.0200354634868314,0.0200354634868314,0,0,0,0,0,0,0,0,0,0,0,0,0,0,494.08220338956,-597.384791483435,597.384791483435,596.949607860902,0,0,0,0,0,596.949607860902,596.949607860902,0,596.949607860902,0,0,0,0,0,0,0,0,0,0,-0.43518362253332,3556.71,3573.03,1852.3914966241,-1258.30787224541,12588.3040739307,77.929,4.99123027444722,3.7477744076501,4.99123027444722,3.7477744076501,912.092225346804,4.92193055936622,4154.23333561765,4.92193055936622
2021-07-01,2021,"Q3","2021/22","Q1","July",-846.489627783301,1763.38938462016,2609.87901240346,-1013.53856355356,1301.32457563486,2314.86313918843,-685.342553761836,884.710104750575,1570.05265851241,-685.342553761836,884.710104750575,211.645313979322,536.354158176335,1.62856634727244,16.8647529404155,11.0854973816134,24.3909947639253,20.0539812886212,19.5769774312392,38.9744104498351,136.710632594918,1570.05265851241,92.9589542665121,92.9589542665121,0,1461.60144776685,223.286663810333,1238.31478395652,15.4922564790428,0,0,0,0,0,0,-328.196009791733,416.614470884291,744.810480676024,0,0,0,-0.00642387889038884,0,0.00642387889038884,-330.44571878116,44.4176301084866,374.863348889647,153.692958066195,206.73740483328,53.0444467670853,-6.07724210633142,20.6533469622451,26.7305890685765,-15.593584244232,3.25929692822047,18.8528811724525,7.44577020344985,11.0468091570091,3.60103895355928,6.504,6.504,0,2.50976753258009,10.4969731489615,7.98720561638144,-203.715707938975,41.5708565863623,245.286564525337,-1.94416366436877,1.01971813972542,2.96388180409419,59.43433502,70.90843502,11.4741,0,-262.30192747222,7.1581108547837,269.460038327003,-34.0292153323623,0.0194265177014312,34.0486418500637,-228.272712139857,7.13868433708226,235.41139647694,-137.156448471774,0.0894092147418019,137.245857686516,-41.4722882669023,0,41.4722882669023,-55.9765214011806,0.716729122340467,56.6932505235211,45.106815644134,6.33254599999999,6.33254599999999,0,0,0,0,429.350863242488,454.90669813051,25.5558348880217,60.9156981305099,60.9156981305099,2.823505,31.4731909499999,18.3245445271295,8.29445765338047,0,368.435165111978,393.991,287.5,106.491,25.5558348880217,54.51913405,54.51913405,0,0,0,0,54.51913405,54.51913405,0,-791.970493733301,-1177.50742015666,-411.97065644791,0.0894092147418019,0.0894092147418019,0,0,0,0,0.0894092147418019,0,0,0,0,412.060065662652,390.051333916354,281.914749179359,281.914749179359,0,0,108.136584736995,22.0087317462975,22.0087317462975,0,0,-128.112309179187,47.5901272092,2.92612720919999,0,0,0,2.92612720919999,0,2.92612720919999,44.664,0,0,0,0,0,0,0,0,0,44.664,0,44.664,44.664,0,44.664,0,0,0,175.702436388387,1.14597340938719,0,0,0.981901834469126,0.164071574918066,0,0.164071574918066,174.556462979,0,0,0,0,0,0,174.556462979,22.366186803,29.326381541,-6.960194738,152.190276176,195.662821966,-43.47254579,0,0,0,0,0,0,0,0,0,-0.427925152734371,0,-0.427925152734371,0,0,0,0,1.78620579809371,0,1.78620579809371,0,0,0,0,2.21413095082808,0,2.21413095082808,0,0,0,0,-636.996529376832,95.5793017477079,732.57583112454,-2.05131111832537,0,2.05131111832537,59.591463551856,91.9904605351898,139.861837352085,139.861837352085,0,-120.871376806895,-120.871376806895,0,0,0,0,72.9999999899999,72.9999999899999,0,0,0,0,72.9999999899999,72.9999999899999,0,32.3989969833337,0,0,0,32.3989969833337,32.3989969833337,0,0,0,0,0,0,0,0,0,0,0,0,0,0,-202.888499460729,3.58884121251814,0,0,0,0,3.58884121251814,0,3.58884121251814,0,0,0,0,0,0,0,0,0,0,0,0,0,206.477340673247,0,0,0,0,28.4018704524551,0,28.4018704524551,178.019308038765,0,0,178.019308038765,316.544082541426,32.68783,283.856252541426,-138.524774502661,0.0561621820264787,0.0180300658102198,0.0381321162162588,0,0,0,0.0561621820264787,0.0180300658102198,0.0381321162162588,0,0,0,0,0,0,0,0,0,0,0,0,0,0,0,-0.879152512577293,0,0,0,0,0,0,0,0,0,0,0,0,0,0,0,0,0,0,0,0.879152512577293,0,0,0,0,0,0,0,0,0,0.879152512577293,0.879152512577293,0,0,0,0,0.879152512577293,0.879152512577293,0,0.00168477343359314,0,0,0,0,0,0,0,0,0,0,0,0,0,0,0,0,0,0,0,-0.00168477343359314,0,0,0,-0.00168477343359314,-0.00168477343359314,0,0,0,0,0,0,0,0,0,0,0,0,0,490.77071461049,-50.2584910458936,-335.278435377468,335.278435377468,334.07760763003,0,0,0,490.77071461049,0,-156.693106980459,-156.693106980459,0,-156.693106980459,0,0,0,0,0,0,0,0,0,0,-1.20082774743871,3542.67,3539.80184615385,1301.32457563486,-899.110868260431,12541.8277968188,69.78,20.9192820046538,14.3802797159713,20.9192820046538,14.3802797159713,1417.62004632632,5.11997251765339,4418.50108539102,5.11997251765339
2021-10-01,2021,"Q4","2021/22","Q2","October",-742.641980737401,2014.26372615188,2756.90570688928,-1131.86275046321,1329.63696267087,2461.49971313408,-843.006141284207,913.511940908027,1756.51808219223,-843.006141284207,913.511940908027,207.777571,584.423183711609,4.75590933939975,23.8116374808474,11.309964202025,38.9369000087178,13.9099946942673,23.9410256960656,44.7894456231065,121.311186196418,1756.51808219223,101.863176294866,85.0769580716646,16.786218223202,1630.50386222706,297.435906012018,1333.06795621504,24.1510436703055,0,0,0,0,0,0,-288.856609179005,416.125021762842,704.981630941847,0,0,0,-0.00642387889038884,0,0.00642387889038884,-368.814349698423,44.4176301084866,413.23197980691,171.659113145794,221.007865212744,49.3487520669492,-6.07724210633142,20.6533469622451,26.7305890685765,-17.2876296396411,3.25929692822047,20.5469265678615,7.44577020344985,11.0468091570091,3.60103895355928,0.48,0.48,0,7.76876753258009,16.6059731489615,8.83720561638144,-136.394876592262,41.5708565863623,177.965733178625,-1.94416366436877,1.01971813972542,2.96388180409419,54.314425519088,56.0635255190879,1.74909999999999,0,-250.670915894771,1.84127828418253,252.512194178954,-30.9756088976895,0.0193057824951778,30.9949146801846,-219.695306997082,1.82197250168735,221.517279498769,-137.156448471774,0.0894092147418019,137.245857686516,-36.8197305154101,0,36.8197305154101,-46.7533281605974,0.698363136245554,47.451691296843,35.9169618376672,1.0342001507,1.0342001507,0,0,0,0,639.891685620583,682.78548519683,42.8937995762469,73.7374851968304,73.7374851968304,37.6918820307,22.8250893587894,5.856567704259,7.36394610308203,0,566.154200423753,609.048,455.4,153.648,42.8937995762469,39.5385427690505,39.5385427690505,0,0,0,0,39.5385427690505,39.5385427690505,0,-703.10343796835,-343.642180316977,-411.97065644791,0.0894092147418019,0.0894092147418019,0,0,0,0,0.0894092147418019,0,0,0,0,412.060065662652,390.051333916354,281.914749179359,281.914749179359,0,0,108.136584736995,22.0087317462975,22.0087317462975,0,0,109.727973940952,106.737829466699,2.8952376327,0,0,0,2.8952376327,0,2.8952376327,103.842591833999,0,0,0,0,0,0,0,0,0,103.842591833999,0,103.842591833999,103.842591833999,0,103.842591833999,0,0,0,-2.99014447425261,1.14597340938719,0,0,0.981901834469126,0.164071574918066,0,0.164071574918066,-4.1361178836398,0,0,0,0,0,0,-4.1361178836398,-4.23199707597635,2.29984834710639,-6.53184542308275,0.0958791923365538,50.1601531861876,-50.064273993851,0,0,0,0,0,0,0,0,0,-1.86922132980016,0,-1.86922132980016,0,0,0,0,2.19977525933249,0,2.19977525933249,0,0,0,0,4.06899658913266,0,4.06899658913266,0,0,0,0,-39.53027648022,530.973252801036,570.503529281256,-2.05131111832537,0,2.05131111832537,519.670374232487,535.642922284997,116.345024547914,116.345024547914,0,405.297896737083,405.297896737083,0,0,0,0,14.000001,14.000001,0,0,0,0,14.000001,14.000001,0,15.9725480525103,0,0,0,15.9725480525103,15.9725480525103,0,0,0,0,0,0,0,0,0,0,0,0,0,0,-556.296408536589,-4.66966948396194,0,0,0,0,-4.66966948396194,0,-4.66966948396194,0,0,0,0,0,0,0,0,0,0,0,0,0,551.626739052627,0,0,0,0,-11.7767997165421,0,-11.7767997165421,563.347376587142,0,0,563.347376587142,619.528146626388,397.454692743895,222.073453882493,-56.1807700392459,0.0561621820264787,0.0180300658102198,0.0381321162162588,0,0,0,0.0561621820264787,0.0180300658102198,0.0381321162162588,0,0,0,0,0,0,0,0,0,0,0,0,0,0,0,-0.879152512577293,0,0,0,0,0,0,0,0,0,0,0,0,0,0,0,0,0,0,0,0.879152512577293,0,0,0,0,0,0,0,0,0,0.879152512577293,0.879152512577293,0,0,0,0,0.879152512577293,0.879152512577293,0,0.0262214547842583,0,0,0,0,0,0,0,0,0,0,0,0,0,0,0,0,0,0,0,-0.0262214547842583,0,0,0,-0.0262214547842583,-0.0262214547842583,0,0,0,0,0,0,0,0,0,0,0,0,0,0,329.837401354692,29.6238562966797,-29.6238562966797,-29.7562218652795,0,0,0,0,0,-29.7562218652795,-29.7562218652795,0,-29.7562218652795,0,0,0,0,0,0,0,0,0,0,-0.13236556859979,3544.41,3561.77426515152,1329.63696267087,-809.015519831149,12945.0676226416,69.779785731527,10.1016618453279,7.01578552153564,10.1016618453279,7.01578552153564,1417.06605496303,4.982463241957,4333.20071394962,4.982463241957
2022-01-01,2022,"Q1","2021/22","Q3","January",-979.023719876568,1864.05114821788,2843.07486809444,-1117.5628955176,1447.57669127339,2565.13958679099,-874.19253183568,983.654115120251,1857.84664695593,-874.19253183568,983.654115120251,215.141138,648.202420379389,12.3672146493595,19.9929442145576,9.5480878122765,35.4974270509831,16.860847802439,25.2257176322147,49.3243885329492,120.310556740861,1857.84664695593,99.3311865301259,98.1308595251021,1.20032700502377,1732.37289702705,327.6644508083,1404.70844621875,26.1425633987468,0,0,0,0,0,0,-243.370363681922,463.92257615314,707.292939835063,0,0,0,-0.00642387889038884,0,0.00642387889038884,-383.265099972672,44.2877945226362,427.552894495309,221.669030314858,283.64157624798,61.9725459331218,-6.07724210633142,20.6533469622451,26.7305890685765,-18.388976028367,3.25929692822047,21.6482729565875,7.44577020344985,11.0468091570091,3.60103895355928,2.53,2.53,0,3.0907675325801,11.5469731489615,8.45620561638144,-96.6518305421805,41.5708565863623,138.222687128542,-1.94416366436877,1.01971813972542,2.96388180409419,28.2278044599999,44.36620446,16.1384,0,-253.615637713066,2.7108698965926,256.326507609659,-34.8716599905266,0.0194039026052454,34.8910638931319,-218.74397772254,2.69146599398735,221.435443716527,-103.341929136934,0.0894092147418019,103.431338351676,-36.5997062803995,0,36.5997062803995,-80.9373548782058,0.467044206245554,81.4043990844514,69.6696879512755,2.135012573,2.135012573,0,0,0,0,392.154813354102,413.763587047896,21.6087736937938,44.5090870478959,44.5090870478959,14.065423846,23.123721945816,0,7.31994125607991,0,347.645726306206,369.2545,256.3,112.9545,21.6087736937938,31.8751908170639,31.8751908170639,0,0,0,0,31.8751908170639,31.8751908170639,0,-947.148529059504,-1277.4927776444,-738.146012743827,0.0894092147418019,0.0894092147418019,0,0,0,0,0.0894092147418019,0,0,0,0,738.235421958569,696.972185033995,612.702429097648,612.702429097648,0,0,84.2697559363467,41.2632369245739,41.2632369245739,0,0,27.699615151912,86.1256677198,7.351701132,0,0,0,7.351701132,0,7.351701132,78.7739665878,0,0,0,0,0,0,0,0,0,78.7739665878,0,78.7739665878,78.7739665878,0,78.7739665878,0,0,0,58.4260525678879,1.14597340938719,0,0,0.981901834469126,0.164071574918066,0,0.164071574918066,57.2800791585008,0,0,0,0,0,0,57.2800791585008,-40.0995284690256,2.57307111714363,-42.6725995861692,97.3796076275264,125.679394354175,-28.2997867266489,0,0,0,0,0,0,0,0,0,-1.10700298819534,0,-1.10700298819534,0,0,0,0,3.39645816685199,0,3.39645816685199,0,0,0,0,4.50346115504734,0,4.50346115504734,0,0,0,0,-565.939377064296,-317.125290113191,248.814086951105,-2.89269973805311,0,2.89269973805311,-408.485511124593,-327.835528363573,-219.829767480092,-219.829767480092,0,-99.0057608834808,-99.0057608834808,0,0,0,0,-9,-9,0,0,0,0,-9,-9,0,80.6499827610192,0,0,0,80.6499827610192,80.6499827610192,0,0,0,0,0,0,0,0,0,0,0,0,0,0,-154.10978673201,10.7102382503827,0,0,0,0,10.7102382503827,0,10.7102382503827,0,0,0,0,0,0,0,0,0,0,0,0,0,164.820024982393,0,0,0,0,-26.4287362901783,0,-26.4287362901783,210.679292113881,0,0,210.679292113881,363.49830699832,151.52296218,211.97534481832,-152.819014884438,-19.4305308413095,-3.09024773905649,-16.3402831022531,0,0,0,-19.4305308413095,-3.09024773905649,-16.3402831022531,0,0,0,0,0,0,0,0,0,0,0,0,0,0,0,-0.465191042572415,0,0,0,0,0,0,0,0,0,0,0,0,0,0,0,0,0,0,0,0.465191042572415,0,0,0,0,0,0,0,0,0,0.465191042572415,0.465191042572415,0,0,0,0,0.465191042572415,0.465191042572415,0,0.0138115729329593,0,0,0,0,0,0,0,0,0,0,0,0,0,0,0,0,0,0,0,-0.0138115729329593,0,0,0,-0.0138115729329593,-0.0138115729329593,0,0,0,0,0,0,0,0,0,0,0,0,0,0,-112.775688524623,-217.568560060278,217.568560060278,217.568560060278,0,0,0,0,0,217.568560060278,217.568560060278,0,217.568560060278,0,0,0,0,0,0,0,0,0,0,0,3588.16,3546.37426229508,1447.57669127339,-1016.21286566838,12997.9580065889,78.2,22.6185911709946,15.5214458455111,22.6185911709946,15.5214458455111,1321.39517405464,5.14340559879709,4463.58104978441,5.14340559879709
2022-04-01,2022,"Q2","2021/22","Q4","April",-890.822763713876,2032.90495870833,2923.72772242221,-1146.40103181071,1550.28982035254,2696.69085216325,-897.580133037145,1054.70281252033,1952.28294555747,-897.580133037145,1054.70281252033,227.657085999999,706.731343986919,11.4392105677422,24.8330142632253,9.9661032171981,36.4374142871223,16.8311923303307,20.8066655280736,49.0817788380857,120.314382533412,1952.28294555747,73.7291111446348,73.7291111446348,0,1852.01561324265,388.878756485101,1463.13685675755,26.5382211701859,0,0,0,0,0,0,-248.82089877357,495.58700783221,744.407906605781,0,0,0,-0.00642387889038884,0,0.00642387889038884,-400.861548292466,43.9792164032092,444.840764695675,255.655615854028,323.902433703995,68.2468178499664,-6.07724210633142,20.6533469622451,26.7305890685765,-19.1522671912056,3.25929692822047,22.4115641194261,7.44577020344985,11.0468091570091,3.60103895355928,5.528,5.528,0,0.711767532580098,8.99397314896154,8.28220561638144,-121.988181032848,41.5708565863623,163.55903761921,-1.94416366436877,1.01971813972542,2.96388180409419,31.867773802482,35.633356802482,3.765583,0,-203.157228109735,4.12954304582191,207.286771155557,-28.1014794802971,0.0184817693065587,28.1199612496037,-175.055748629438,4.11106127651535,179.166809905953,-103.341929136934,0.0894092147418019,103.431338351676,-35.1218966953262,0,35.1218966953262,-39.4500270997052,1.16354775924555,40.6135748589507,28.6970748857749,2.858104302528,2.858104302528,0,0,0,0,458.735496206574,478.485595309975,19.7500991034007,61.8035953099754,61.8035953099754,14.98440225,39.7948137209102,0,7.02437933906524,0,396.931900896599,416.682,255.3,161.382,19.7500991034007,32.0163645967297,32.0163645967297,0,0,0,0,32.0163645967297,32.0163645967297,0,-858.806399117146,-705.528684361383,-738.146012743827,0.0894092147418019,0.0894092147418019,0,0,0,0,0.0894092147418019,0,0,0,0,738.235421958569,696.972185033995,612.702429097648,612.702429097648,0,0,84.2697559363467,41.2632369245739,41.2632369245739,0,0,178.197869543654,67.82764685127,3.428866539,0,0,0,3.428866539,0,3.428866539,64.39878031227,0,0,0,0,0,0,0,0,0,64.39878031227,0,64.39878031227,64.39878031227,0,64.39878031227,0,0,0,-110.370222692384,1.14597340938719,0,0,0.981901834469126,0.164071574918066,0,0.164071574918066,-111.516196101771,0,0,0,0,0,0,-111.516196101771,8.53269345940856,72.8878567591058,-64.3551632996973,-120.04888956118,-63.3985547657154,-56.6503347954648,0,0,0,0,0,0,0,0,0,-0.643787793329104,0,-0.643787793329104,0,0,0,0,6.11475256713218,0,6.11475256713218,0,0,0,0,6.75854036046128,0,6.75854036046128,0,0,0,0,-144.936753367881,-68.4637102283032,76.4730431395778,-2.89269973805311,0,2.89269973805311,40.9974910378875,-64.697917165661,-45.301873161939,-45.301873161939,0,-39.396044013722,-39.396044013722,0,0,0,0,20.00000001,20.00000001,0,0,0,0,20.00000001,20.00000001,0,-105.695408203548,0,0,0,-105.695408203548,-105.695408203548,0,0,0,0,0,0,0,0,0,0,0,0,0,0,-182.585744095836,-3.76579306264222,0,0,0,0,-3.76579306264222,0,-3.76579306264222,0,0,0,0,0,0,0,0,0,0,0,0,0,178.819951033194,0,0,0,0,2.19679997922287,0,2.19679997922287,196.053681895281,0,0,196.053681895281,260.8472062827,72.35059752,188.4966087627,-64.793524387419,-19.4305308413095,-3.09024773905649,-16.3402831022531,0,0,0,-19.4305308413095,-3.09024773905649,-16.3402831022531,0,0,0,0,0,0,0,0,0,0,0,0,0,0,0,-0.465191042572415,0,0,0,0,0,0,0,0,0,0,0,0,0,0,0,0,0,0,0,0.465191042572415,0,0,0,0,0,0,0,0,0,0.465191042572415,0.465191042572415,0,0,0,0,0.465191042572415,0.465191042572415,0,0.00939047069337648,0,0,0,0,0,0,0,0,0,0,0,0,0,0,0,0,0,0,0,-0.00939047069337648,0,0,0,-0.00939047069337648,-0.00939047069337648,0,0,0,0,0,0,0,0,0,0,0,0,0,0,-180.119264364319,333.396979120083,-333.396979120083,-333.396979120082,0,0,0,0,0,-333.396979120082,-333.396979120082,0,-333.396979120082,0,0,0,0,0,0,0,0,0,0,3.73034936274052e-14,3756.65,3643.86872881356,1550.28982035254,-945.601979684786,12835.4126760234,78.9206069613032,8.86416516229701,6.08606958648994,8.86416516229701,6.08606958648994,1216.96960732964,4.81642032996454,4117.1717001225,4.81642032996454
2022-07-01,2022,"Q3","2022/23","Q1","July",-1232.80322503851,2137.42058173655,3370.22380677506,-1446.83310263736,1590.30575193581,3037.13885457317,-991.877499031077,1178.55463602223,2170.43213505331,-991.87525703117,994.149928912139,225.898689,647.898380068316,0.837874213807709,17.6247307787287,9.76598596851683,33.4694670136919,14.6521021850744,20.0207881520985,53.5382100349254,120.352859843822,1986.02518594331,75.683152867306,75.683152867306,0,1883.73103198041,475.383484316509,1408.3475476639,26.6110010955915,0,0,0,-0.00224199990670115,184.404707110098,184.406949110005,-454.955603606286,411.751115913573,866.70671951986,0,0,0,-0.00607463783122911,0,0.00607463783122911,-474.987298506972,45.8952179107024,520.882516417675,166.829010080638,223.885061267276,57.056051186637,-7.897083802185,21.3477681494464,29.2448519516314,-22.1677074214729,3.36888327499873,25.5365906964717,7.03296804057203,11.4182326528531,4.38526461228113,3.695,3.695,0,2.6371967811585,9.76248001358503,7.12528323242652,-162.89865876954,42.9685808213954,205.867239590935,-1.74874338216984,1.05400381180042,2.80274719397026,34.5557880115159,48.3558880115159,13.8001,0,-299.055815918745,11.5086022058153,310.564418124561,-44.2169551485386,0.0189205161734043,44.235875664712,-254.838860770207,11.4896816896419,266.328542459849,-154.744547222173,0.0924153935060108,154.836962615679,-25.2882088810878,0,25.2882088810878,-82.9664650119868,3.23690595109465,86.2033709630814,72.1423133830643,8.1603603450413,8.1603603450413,0,0,0,0,513.085693517597,535.606227594927,22.52053407733,94.4167275949273,94.4167275949273,0,89.3590858187097,0,5.05764177621756,0,418.668965922669,441.189499999999,316.7,124.489499999999,22.52053407733,-41.1694067845405,23.8305932154594,65,0,0,0,-41.1694067845405,23.8305932154594,65,-1273.97263182305,-606.787237104928,-738.143006565063,0.0924153935060108,0.0924153935060108,0,0,0,0,0.0924153935060108,0,0,0,0,738.235421958569,696.972185033995,612.702429097648,612.702429097648,0,0,84.2697559363467,41.2632369245739,41.2632369245739,0,0,156.203716993081,25.558935063,3.033505635,0,0,0,3.033505635,0,3.033505635,22.525429428,0,0,0,0,0,0,0,0,0,22.525429428,0,22.525429428,22.525429428,0,22.525429428,0,0,0,-130.644781930081,1.18202434719803,0,0,1.01279127891943,0.169233068278599,0,0.169233068278599,-131.826806277279,0,0,0,0,0,0,-131.826806277279,-17.0880270445805,3.28525455570123,-20.3732816002818,-114.738779232698,-72.0767792522286,-42.66199998047,0,0,0,0,0,0,0,0,0,1.26502225455141,0,1.26502225455141,0,0,0,0,4.18875546623801,0,4.18875546623801,0,0,0,0,2.9237332116866,0,2.9237332116866,0,0,0,0,-26.1129697874979,-23.0967237686409,3.01624601885696,-2.89269973805311,0,2.89269973805311,-63.9376897946747,-34.2177373465824,-184.473575067053,-184.473575067053,0,75.2558377204705,75.2558377204705,0,0,0,0,75,75,0,0,0,0,75,75,0,29.7199524480923,0,0,0,29.7199524480923,29.7199524480923,0,0,0,0,0,0,0,0,0,0,0,0,0,0,41.1826561406541,11.1210135779414,0,0,0,0,11.1210135779414,0,11.1210135779414,0,0,0,0,0,0,0,0,0,0,0,0,0,-30.0616425627127,0,0,0,0,-47.4139209806593,0,-47.4139209806593,36.7828092592562,0,0,36.7828092592562,177.50685689,0,177.50685689,-140.724047630743,-19.4305308413095,-3.09024773905649,-16.3402831022531,0,0,0,-19.4305308413095,-3.09024773905649,-16.3402831022531,0,0,0,0,0,0,0,0,0,0,0,0,0,0,0,-0.465191042572415,0,0,0,0,0,0,0,0,0,0,0,0,0,0,0,0,0,0,0,0.465191042572415,0,0,0,0,0,0,0,0,0,0.465191042572415,0.465191042572415,0,0,0,0,0.465191042572415,0.465191042572415,0,-4.53528518654665e-05,0,0,0,0,0,0,0,0,0,0,0,0,0,0,0,0,0,0,0,4.53528518654665e-05,0,0,0,4.53528518654665e-05,4.53528518654665e-05,0,0,0,0,0,0,0,0,0,0,0,0,0,0,326.012161320529,341.173233397594,-341.173233397594,-341.173233397594,0,0,0,0,0,-341.173233397594,-341.173233397594,0,-341.173233397594,0,0,0,0,0,0,0,0,0,0,0,3853.96,3817.07484848485,1590.30575193581,-1322.16231085722,12387.4433309541,78.8938134722322,18.0616455535958,13.5054055221496,18.0616455535958,13.5054055221496,1051.07077366928,3.45465513603692,3692.82148401458,4.10392218722141
2022-10-01,2022,"Q4","2022/23","Q2","October",-961.312440885012,2142.55453379557,3103.86697468058,-1252.39262894547,1527.57853530558,2779.97116425106,-908.095453041988,1058.57914186204,1966.67459490403,-908.095453041988,1042.34792356286,190.776194,731.204760559356,2.04475400104039,25.9101562041298,13.8826726897292,43.8864989956663,12.2000477998986,20.6532193295991,45.3615999695736,120.366969003509,1950.44337660485,73.065285140302,68.4854793524929,4.57980578780909,1850.75478883256,377.232067320518,1473.52272151204,26.6233026319847,0,0,0,0,16.2312182991817,16.2312182991817,-344.297175903488,468.99939344354,813.296569347029,0,0,0,-0.00607463783122911,0,0.00607463783122911,-428.957478818881,45.8952179107024,474.852696729584,186.359001736595,239.43986308089,53.0808613442953,-7.897083802185,21.3477681494464,29.2448519516314,-20.135406496734,3.36888327499873,23.5042897717327,7.03296804057203,11.4182326528531,4.38526461228113,5.205,5.205,0,-0.135803218841491,9.78848001358503,9.92428323242653,-164.67281905188,42.9685808213954,207.641399873276,-1.74874338216984,1.05400381180042,2.80274719397026,80.659263727868,88.513363727868,7.8541,0,-282.190700397649,11.3128892055489,293.503589603198,-43.8508457877101,0.0192194803317663,43.8700652680418,-238.339854609939,11.2936697252171,249.633524335156,-154.744547222173,0.0924153935060108,154.836962615679,-21.74333785206,0,21.74333785206,-71.6630932844912,1.3901305829255,73.0532238674167,61.0048444754152,9.81112374878564,9.81112374878564,0,0,0,0,573.270888458113,603.663109284435,30.3922208263216,57.7871092844353,57.7871092844353,2.11,51.3284417140233,0,4.348667570412,0,515.483779173678,545.876,422,123.876,30.3922208263216,73.8468168449366,73.8468168449366,0,0,0,0,73.8468168449366,73.8468168449366,0,-887.465624040075,-804.547016082719,-738.143006565063,0.0924153935060108,0.0924153935060108,0,0,0,0,0.0924153935060108,0,0,0,0,738.235421958569,696.972185033995,612.702429097648,612.702429097648,0,0,84.2697559363467,41.2632369245739,41.2632369245739,0,0,117.355678978613,34.8896260329457,8.84448688284926,0,0,0,8.84448688284926,0,8.84448688284926,26.0451391500964,0,0,0,0,0,0,0,0,0,26.0451391500964,0,26.0451391500964,26.0451391500964,0,26.0451391500964,0,0,0,-82.4660529456681,1.18202434719803,0,0,1.01279127891943,0.169233068278599,0,0.169233068278599,-83.6480772928661,0,0,0,0,0,0,-83.6480772928661,-51.579639077061,-51.579639077061,0,-32.0684382158051,-3.72396388411859,-28.3444743316865,0,0,0,0,0,0,0,0,0,-2.82264613266916,0,-2.82264613266916,0,0,0,0,1.57636984074395,0,1.57636984074395,0,0,0,0,4.39901597341311,0,4.39901597341311,0,0,0,0,-180.937042363601,-119.465434136398,61.4716082272028,-2.89269973805311,0,2.89269973805311,-110.196324707056,-121.250619481942,-23.594506764955,-23.594506764955,0,-40.6561127169874,-40.6561127169874,0,0,0,0,-57,-57,0,0,0,0,-57,-57,0,-11.054294774886,0,0,0,-11.054294774886,-11.054294774886,0,0,0,0,0,0,0,0,0,0,0,0,0,0,-67.3828267808242,1.78518534554397,0,0,0,0,1.78518534554397,0,1.78518534554397,0,0,0,0,0,0,0,0,0,0,0,0,0,69.1680121263682,0,0,0,0,-5.87311504944761,0,-5.87311504944761,94.4716580171254,0,0,94.4716580171254,226.796222229999,0,226.796222229999,-132.324564212874,-19.4305308413095,-3.09024773905649,-16.3402831022531,0,0,0,-19.4305308413095,-3.09024773905649,-16.3402831022531,0,0,0,0,0,0,0,0,0,0,0,0,0,0,0,-0.465191042572415,0,0,0,0,0,0,0,0,0,0,0,0,0,0,0,0,0,0,0,0.465191042572415,0,0,0,0,0,0,0,0,0,0.465191042572415,0.465191042572415,0,0,0,0,0.465191042572415,0.465191042572415,0,-9.50952322312288e-08,0,0,0,0,0,0,0,0,0,0,0,0,0,0,0,0,0,0,0,9.50952322312288e-08,0,0,0,9.50952322312288e-08,9.50952322312288e-08,0,0,0,0,0,0,0,0,0,0,0,0,0,0,-151.099251289755,234.017859247111,-234.017859247111,-234.017859247111,0,0,0,0,0,-234.017859247111,-234.017859247111,0,-234.017859247111,0,0,0,0,0,0,0,0,0,0,0,3715.69,3757.822734375,1527.57853530558,-1014.75088259903,13040.7991033406,70.4053442630503,18.2764099886565,12.780767447704,18.2764099886565,12.780767447704,1232.81291040743,3.13566987371246,3563.14924109653,3.25715618283391
2023-01-01,2023,"Q1","2022/23","Q3","January",-670.317554185259,2440.72343458782,3111.04098877308,-778.628925661472,1960.07922683283,2738.7081524943,-471.828497245608,1462.99082086999,1934.8193181156,-738.878315596619,1181.96868052999,204.920679,831.098059529994,12.53677271,20.86307489,20.79394613,35.51667216,17.0796636999999,23.7850661399999,52.0704452999999,145.949942,1920.84699612661,32.9483753610638,31.4003534407427,1.54802192032113,1852.93285076555,400.272130578097,1452.66072018745,34.96577,0,0,0,267.049818351011,281.02214034,13.9723219889882,-306.800428415863,497.08840596284,803.888834378704,0,0,0,-0.00607463783122911,0,0.00607463783122911,-404.645086719868,45.765382324852,450.41046904472,249.962550375933,316.621908111388,66.6593577354544,-7.897083802185,21.3477681494464,29.2448519516314,-19.0562373350204,3.36888327499873,22.4251206100191,7.03296804057203,11.4182326528531,4.38526461228113,0.546521599999999,0.546521599999999,0,0.375610781158508,8.88808001358504,8.51246923242652,-150.300304468973,42.9685808213954,193.268885290369,-1.74874338216984,1.05400381180042,2.80274719397026,18.9354511325209,45.1090452025209,26.17359407,0,-334.592608448708,15.7403622861618,350.33297073487,-21.9749706275855,0.0194747343394049,21.9944453619249,-312.617637821122,15.7208875518223,328.338525372945,-226.655674117576,0.0924153935060108,226.748089511082,-22.2374703629872,0,22.2374703629872,-77.0394472318653,2.31351826701007,79.3529654988753,66.298247012866,13.3149538913063,13.3149538913063,0,0,0,0,442.903979924921,464.903845468828,21.9998655439073,35.3543454688284,35.3543454688284,0,30.9068513962309,0,4.44749407259744,0,407.549634456092,429.5495,311.9,117.6495,21.9998655439073,53.538097773799,53.538097773799,0,0,0,0,53.538097773799,53.538097773799,0,-616.779456411459,-754.819921026934,-748.287331856494,0.0924153935060108,0.0924153935060108,0,0,0,0,0.0924153935060108,0,0,0,0,748.37974725,695.06974725,597.7427517,597.7427517,0,0,97.32699555,53.31,53.31,0,0,99.3199323409859,46.998515364468,4.124344067028,0,0,0,4.124344067028,0,4.124344067028,42.87417129744,0,0,0,0,0,0,0,0,0,42.87417129744,0,42.87417129744,42.87417129744,0,42.87417129744,0,0,0,-52.3214169765179,1.18202434719803,0,0,1.01279127891943,0.169233068278599,0,0.169233068278599,-53.5034413237159,0,0,0,0,0,0,-53.5034413237159,-35.1389166626794,-18.1697490716883,-16.969167590991,-18.3645246610365,17.1521896242899,-35.5167142853264,0,0,0,0,0,0,0,0,0,0.00439660765528904,0,0.00439660765528904,0,0,0,0,2.64463890799304,0,2.64463890799304,0,0,0,0,2.64024230033775,0,2.64024230033775,0,0,0,0,-105.856918119081,148.192480977682,254.049399096763,44.2729851687969,49.787741,5.514755831203,100.264475105298,91.4894768509845,84.52822829126,84.52822829126,0,-100.038751450275,-100.038751450275,0,0,0,0,107.00000001,107.00000001,0,0,0,0,107.00000001,107.00000001,0,-8.77499825431367,0,0,0,-8.77499825431367,-8.77499825431367,0,0,0,0,0,0,0,0,0,0,0,0,0,0,-251.840914997749,6.91526312669746,0,0,0,0,6.91526312669746,0,6.91526312669746,0,0,0,0,0,0,0,0,0,0,0,0,0,258.756178124447,0,0,0,0,26.9482924215986,0,26.9482924215986,270.309565374035,0,0,270.309565374035,514.92219137,399.52878863,115.39340274,-244.612625995964,-38.5016796711869,2.89654407839368,-41.3982237495806,0,0,0,-38.5016796711869,2.89654407839368,-41.3982237495806,0,0,0,0,0,0,0,0,0,0,0,0,0,0,0,1.44653660457292,0,0,0,0,0,0,0,0,0,0,0,0,0,0,0,0,0,0,0,-1.44653660457292,0,0,0,0,0,0,0,0,0,-1.44653660457292,-1.44653660457292,0,0,0,0,-1.44653660457292,-1.44653660457292,0,0,0,0,0,0,0,0,0,0,0,0,0,0,0,0,0,0,0,0,0,0,0,0,0,0,0,0,0,0,0,0,0,0,0,0,0,0,0,0,0,-105.282915557177,-32.7575490582968,32.7575490582968,32.7575490582968,0,0,0,-53.389214,0,86.1467630582969,86.1467630582969,0,86.1467630582969,0,0,0,0,0,0,0,0,0,0,0,3778.13,3709.3,1960.07922683283,-701.22440558149,13520.7134311876,79.1106313461793,21.3742947368208,16.1192671173304,21.3742947368208,16.1192671173304,929.513050262759,3.07288823422691,3628.75987407187,3.56929578858205
2023-04-01,2023,"Q2","2022/23","Q4","April",-870.16677548295,2790.48603856966,3660.65281405261,-1050.45263701265,2252.84293177359,3303.29556878624,-737.405834647224,1696.10999004999,2433.51582469721,-841.995761187224,1110.96006350999,223.811636,762.327254509993,8.19910082,24.73182006,13.43383924,31.0004119199999,18.4705456699999,25.0877848299998,50.14421321,124.821172999999,1952.95582469721,46.1398468131809,39.7883896563625,6.35145715681837,1878.02586388403,357.240319656582,1520.78554422745,28.790114,0,0,0,104.58992654,585.14992654,480.56,-313.046802365432,556.732941723597,869.779744089029,0,0,0,-0.00607463783122911,0,0.00607463783122911,-451.873936768512,45.456804205425,497.330740973937,287.098107299298,360.506242738444,73.4081354391461,-7.897083802185,21.3477681494464,29.2448519516314,-21.1278533586525,3.36888327499873,24.4967366336513,7.03296804057203,11.4182326528531,4.38526461228113,0.67305225,0.67305225,0,5.5422621787585,13.504932041885,7.96266986312653,-184.340833250758,42.9685808213954,227.309414072154,-1.74874338216984,1.05400381180042,2.80274719397026,53.601333066048,56.434441777348,2.8331087113,0,-315.010489765044,17.0857310074966,332.09622077254,-29.5648181576648,0.0193707180052234,29.58418887567,-285.445671607379,17.0663602894914,302.51203189687,-226.655674117576,0.0924153935060108,226.748089511082,-30.4221578751931,0,30.4221578751931,-42.5018319891468,2.83995252144842,45.3417845105952,33.62297524,14.133992374537,14.133992374537,0,0,0,0,495.29635129475,520.557375788582,25.2610244938312,21.366875788582,21.366875788582,0,15.2824442135434,0,6.08443157503862,0,473.929475506168,499.1905,365.47,133.7205,25.2610244938312,24.8073476557665,24.8073476557665,0,0,0,0,24.8073476557665,24.8073476557665,0,-845.359427827183,-1240.09545944626,-748.287331856494,0.0924153935060108,0.0924153935060108,0,0,0,0,0.0924153935060108,0,0,0,0,748.37974725,695.06974725,597.7427517,597.7427517,0,0,97.32699555,53.31,53.31,0,0,129.582749696661,40.4156097561599,0.00319224663,0,0,0,0.00319224663,0,0.00319224663,40.41241750953,0,0,0,0,0,0,0,0,0,40.41241750953,0,40.41241750953,40.41241750953,0,40.41241750953,0,0,0,-89.1671399405019,1.18202434719803,0,0,1.01279127891943,0.169233068278599,0,0.169233068278599,-90.3491642876999,0,0,0,0,0,0,-90.3491642876999,-26.9148795131,-0.3014835438,-26.6133959693,-63.4342847746,-38.0598734358,-25.3744113388,0,0,0,0,0,0,0,0,0,-0.854346117,0,-0.854346117,0,0,0,0,1.332452071,0,1.332452071,0,0,0,0,2.186798188,0,2.186798188,0,0,0,0,-620.536531169431,44.7247683149026,665.261299484334,-5.514755831203,0,5.514755831203,52.4670688660229,36.2868021668712,48.3090581264899,48.3090581264899,0,57.9777440403811,57.9777440403811,0,0,0,0,-69.9999999999999,-69.9999999999999,0,0,0,0,-69.9999999999999,-69.9999999999999,0,-16.1802666991516,0,0,0,-16.1802666991516,-16.1802666991516,0,0,0,0,0,0,0,0,0,0,0,0,0,0,-668.935380808824,8.43796614803142,0,0,0,0,8.43796614803142,0,8.43796614803142,0,0,0,0,0,0,0,0,0,0,0,0,0,677.373346956855,0,0,0,0,-43.0514274900971,0,-43.0514274900971,758.92645411814,0,0,758.92645411814,864.88205449814,704.252690844,160.62936365414,-105.955600379999,-38.5016796711869,2.89654407839368,-41.3982237495806,0,0,0,-38.5016796711869,2.89654407839368,-41.3982237495806,0,0,0,0,0,0,0,0,0,0,0,0,0,0,0,1.44653660457292,0,0,0,0,0,0,0,0,0,0,0,0,0,0,0,0,0,0,0,-1.44653660457292,0,0,0,0,0,0,0,0,0,-1.44653660457292,-1.44653660457292,0,0,0,0,-1.44653660457292,-1.44653660457292,0,0,0,0,0,0,0,0,0,0,0,0,0,0,0,0,0,0,0,0,0,0,0,0,0,0,0,0,0,0,0,0,0,0,0,0,0,0,0,0,0,97.251816236488,-491.987847855568,491.987847855568,491.987847855568,0,0,0,0,0,491.987847855568,491.987847855568,0,491.987847855568,0,0,0,0,0,0,0,0,0,0,0,3667.39,3726.86254237288,2252.84293177359,-885.449219696493,14122.8022826165,79.1952240879897,7.86245411735735,6.06528508668518,7.86245411735735,6.06528508668518,795.536739520007,3.40629463861377,4074.626308724,3.84620915024197
2023-07-01,2023,"Q3","2023/24","Q1","July",-1061.31594459281,2947.57798605167,4008.89393064448,-1227.38695385234,2369.03226691851,3596.41922077085,-788.886061477843,1857.70011614,2646.58617761784,-758.739207281434,1246.35634747,321.010371999999,799.96344347,4.72502114,19.21390234,13.07747341,34.08855093,16.29077476,23.75426671,63.9401660999999,125.382532,2005.09555475143,39.6910047346849,34.0928479473201,5.59815678736478,1938.21794301674,428.370577343052,1509.84736567369,27.186607,0,0,0,-30.1468541964088,611.34376867,641.490622866408,-438.500892374498,511.332150778515,949.833043153013,0,0,0,-0.00742869057525675,0,0.00742869057525675,-503.441475624267,48.4903295918543,551.931805216122,243.809640153555,311.664929464932,67.8552893113768,-15.6294499196148,22.6341564226428,38.2636063422576,-23.7910832240405,3.5718877253182,27.3629709493587,6.74352862615882,12.1062802502615,5.36275162410272,0.42650281,0.42650281,0,-7.55255896095109,14.4103572541942,21.9629162151453,-163.338638026007,45.5578106695735,208.896448695581,-2.30997022506515,1.1175166874281,3.42748691249326,26.59004070631,51.35237990231,24.762339196,0,-347.731007752868,38.0228367492832,385.753844502151,-24.2765061586038,0.0205143769927553,24.2970205355966,-323.454501594264,38.0023223722904,361.456823966555,-226.730783126276,0.0979842228860527,226.828767349162,-21.59566625882,0,21.59566625882,-111.131883525526,1.90050683304535,113.032390358572,98.7826418632513,36.003831316359,36.003831316359,0,0,0,0,513.802017012399,540.522882383874,26.7208653714754,31.1728823838745,31.1728823838745,0,26.8537491321105,0,4.319133251764,0,482.629134628524,509.35,365.08,144.27,26.7208653714754,-18.4828498640489,46.517150135951,65,0,0,0,-18.4828498640489,46.517150135951,65,-1079.79879445685,-739.755668861427,-748.281763027114,0.0979842228860527,0.0979842228860527,0,0,0,0,0.0979842228860527,0,0,0,0,748.37974725,695.06974725,597.7427517,597.7427517,0,0,97.32699555,53.31,53.31,0,0,57.7773617267925,55.353562767,0,0,0,0,0,0,0,55.353562767,0,0,0,0,0,0,0,0,0,55.353562767,0,55.353562767,55.353562767,0,55.353562767,0,0,0,-2.42379895979252,1.22624039373747,0,0,1.05067681522805,0.175563578509421,0,0.175563578509421,-3.65003935353,0,0,0,0,0,0,-3.65003935353,-1.42219700653,0.09577910747,-1.517976114,-2.22784234699999,38.575626187,-40.803468534,0,0,0,0,0,0,0,0,0,-1.1301754977,0,-1.1301754977,0,0,0,0,2.2172894527,0,2.2172894527,0,0,0,0,3.3474649504,0,3.3474649504,0,0,0,0,-48.1210920634059,-38.5897001676872,9.53139189571863,-5.514755831203,0,5.514755831203,-3.37907645371247,-4.03961254911891,-48.4135237693779,-48.4135237693779,0,-19.6260887797408,-19.6260887797408,0,0,0,0,63.9999999999999,63.9999999999999,0,0,0,0,63.9999999999999,63.9999999999999,0,-0.660536095406458,0,0,0,-0.660536095406458,-0.660536095406458,0,0,0,0,0,0,0,0,0,0,0,0,0,0,-40.6737963830633,-34.5500876185683,0,0,0,0,-34.5500876185683,0,-34.5500876185683,0,0,0,0,0,0,0,0,0,0,0,0,0,6.123708764495,0,0,0,0,62.1445245126461,0,62.1445245126461,-17.5191360769642,0,0,-17.5191360769642,161.481988909999,0,161.481988909999,-179.001124986964,-38.5016796711869,2.89654407839368,-41.3982237495806,0,0,0,-38.5016796711869,2.89654407839368,-41.3982237495806,0,0,0,0,0,0,0,0,0,0,0,0,0,0,0,1.44653660457292,0,0,0,0,0,0,0,0,0,0,0,0,0,0,0,0,0,0,0,-1.44653660457292,0,0,0,0,0,0,0,0,0,-1.44653660457292,-1.44653660457292,0,0,0,0,-1.44653660457292,-1.44653660457292,0,0,0,0,0,0,0,0,0,0,0,0,0,0,0,0,0,0,0,0,0,0,0,0,0,0,0,0,0,0,0,0,0,0,0,0,0,0,0,0,0,122.540918159225,217.502207436206,-217.502207436206,-217.502207436206,0,0,0,-249.49,0,31.987792563793,31.987792563793,0,31.987792563793,0,0,0,0,0,0,0,0,0,0,-1.77635683940025e-15,3757.31,3696.20607692308,2369.03226691851,-1088.16969372492,,,,,,,,,3888.8061034,3.78604305257161
2023-10-01,2023,"Q4","2023/24","Q2","October",-1023.09453031124,3067.32659192602,4090.42112223726,-1293.12027707345,2381.10230511658,3674.22258219003,-824.44109398756,1862.65582042,2687.09691440756,-812.333844317559,1111.02307009,215.584716,749.43526809,1.71636677,17.66437013,17.04651477,36.8850474900002,13.0637309799999,19.37891552,53.4907635300001,146.003086,1923.35691440756,64.4421224922015,62.7031366618211,1.73898583038038,1825.85661591535,433.983774015428,1391.87284189993,33.0581759999999,0,0,0,-12.1072496699999,751.63275033,763.74,-468.679183085893,518.446484696582,987.125667782476,0,0,0,-0.00742869057525675,0,0.00742869057525675,-516.891226922475,48.4903295918543,565.381556514329,249.274947852342,316.128898251629,66.8539503992874,-15.6294499196148,22.6341564226428,38.2636063422576,-24.3849144010053,3.5718877253182,27.9568021263235,6.74352862615882,12.1062802502615,5.36275162410272,0.25129793,0.25129793,0,8.5304703556289,18.6336573247442,10.1031869691153,-211.750359845077,45.5578106695735,257.308170514651,-2.30997022506515,1.1175166874281,3.42748691249326,37.49392215379,49.95464984313,12.4607276893399,0,-344.739699067998,33.9785707835327,378.718269851531,-42.0786121866442,0.0200963994144767,42.0987085860587,-302.661086881354,33.9584743841183,336.619561265472,-226.730783126276,0.0979842228860527,226.828767349162,-25.0816677396251,0,25.0816677396251,-82.4952059877902,2.21392018889469,84.7091261766849,71.5382995632695,31.6465699723375,31.6465699723375,0,0,0,0,614.765445830206,652.245716025904,37.4802701956981,40.3972160259044,40.3972160259044,0,35.3808824779794,0,5.01633354792503,0,574.368229804301,611.8485,471.27,140.5785,37.4802701956981,60.7717746148605,60.7717746148605,0,0,0,0,60.7717746148605,60.7717746148605,0,-962.322755696385,-833.769955500217,-748.281763027114,0.0979842228860527,0.0979842228860527,0,0,0,0,0.0979842228860527,0,0,0,0,748.37974725,695.06974725,597.7427517,597.7427517,0,0,97.32699555,53.31,53.31,0,0,14.9999669490425,19.8218252403899,0,0,0,0,0,0,0,19.8218252403899,0,0,0,0,0,0,0,0,0,19.8218252403899,0,19.8218252403899,19.8218252403899,0,19.8218252403899,0,0,0,4.82185829134747,1.22624039373747,0,0,1.05067681522805,0.175563578509421,0,0.175563578509421,3.59561789760999,0,0,0,0,0,0,3.59561789760999,-1.25942583377,0.06261718541,-1.32204301918,4.85504373137999,33.9824050128799,-29.1273612815,0,0,0,0,0,0,0,0,0,0.61639089725,0,0.61639089725,0,0,0,0,3.40574719569,0,3.40574719569,0,0,0,0,2.78935629844,0,2.78935629844,0,0,0,0,-101.104550319395,-47.4444569750702,53.6600933443254,-5.514755831203,0,5.514755831203,-76.9641468893039,-40.9105361643137,-57.414241074332,-57.414241074332,0,-23.4852950899817,-23.4852950899817,0,0,0,0,39.989,39.989,0,0,0,0,39.989,39.989,0,36.0536107249902,0,0,0,36.0536107249902,36.0536107249902,0,0,0,0,0,0,0,0,0,0,0,0,0,0,-20.0721842034616,-6.53392081075654,0,0,0,0,-6.53392081075654,0,-6.53392081075654,0,0,0,0,0,0,0,0,0,0,0,0,0,13.5382633927051,0,0,0,0,12.632470798048,0,12.632470798048,39.4074722658439,0,0,39.4074722658439,188.463819479999,0,188.463819479999,-149.056347214156,-38.5016796711869,2.89654407839368,-41.3982237495806,0,0,0,-38.5016796711869,2.89654407839368,-41.3982237495806,0,0,0,0,0,0,0,0,0,0,0,0,0,0,0,1.44653660457292,0,0,0,0,0,0,0,0,0,0,0,0,0,0,0,0,0,0,0,-1.44653660457292,0,0,0,0,0,0,0,0,0,-1.44653660457292,-1.44653660457292,0,0,0,0,-1.44653660457292,-1.44653660457292,0,0,0,0,0,0,0,0,0,0,0,0,0,0,0,0,0,0,0,0,0,0,0,0,0,0,0,0,0,0,0,0,0,0,0,0,0,0,0,0,0,-95.4242743931273,223.977074589295,-223.977074589295,-223.977074589295,0,0,0,0,0,-223.977074589295,-223.977074589295,0,-223.977074589295,0,0,0,0,0,0,0,0,0,0,0,3782.22222222222,3772.68937724014,2381.10230511658,-1058.47541278922,,,,,,,,,3733.89880676283,3.60337656691967
2024-01-01,2024,"Q1","2023/24","Q3","January",-1201.31770391251,2910.39740677008,4111.71511068259,-1122.32271893854,2522.04125148605,3644.3639704246,-757.474421800698,1861.7818608994,2619.2562827001,-818.497868005584,1204.22841469452,232.866035,826.061073494521,11.298732576826,13.8493566791443,19.9375103425767,31.7418828807546,15.7626971512722,18.3313460107436,119.798890357095,145.3013062,2022.7262827001,38.7955869795566,37.9096798009351,0.885907178621431,1954.68162832054,433.508767649996,1521.17286067055,29.2490673999999,0,0,0,61.0234462048858,657.553446204885,596.53,-364.848297137843,660.259390586651,1025.10768772449,0,0,0,-0.00742869057525675,0,0.00742869057525675,-514.622570026294,48.4903295918543,563.112899618148,360.587300446263,448.519153732478,87.9318532862151,-15.6294499196148,22.6341564226428,38.2636063422576,-24.2847490399575,3.5718877253182,27.8566367652757,6.74352862615882,12.1062802502615,5.36275162410272,-4.7861002,0.47841245,5.26451265,5.5585295951489,13.0568231120942,7.49829351694536,-218.490226399907,45.5578106695735,264.048037069481,-2.30997022506515,1.1175166874281,3.42748691249326,42.392838696,64.727019945,22.334181249,0,-429.78417632364,21.4789368934352,451.263113217076,-26.8013449951945,0.0196534823044869,26.820998477499,-402.982831328446,21.4592834111307,424.442114739576,-261.513765728733,0.0979842228860527,261.611749951619,-32.4948830082839,0,32.4948830082839,-130.246585731428,0.0888960482446784,130.335481779673,118.7910171532,21.27240314,21.27240314,0,0,0,0,350.789191349672,366.877218390593,16.088027040921,23.4207326064967,23.4207326064967,0,16.92175600484,0,6.49897660165678,0,327.368458743175,343.456485784096,231.684929402785,111.77155638131,16.088027040921,21.49789373516,21.49789373516,0,0,0,0,21.49789373516,21.49789373516,0,-1179.81981017735,-668.623616732757,-779.424220863369,0.0979842228860527,0.0979842228860527,0,0,0,0,0.0979842228860527,0,0,0,0,779.522205086255,783.70559148565,683.525833737933,683.525833737933,0,0,100.179757747717,-4.18338639939534,-4.18338639939534,0,0,67.1846861847925,107.40899109,0,0,0,0,0,0,0,107.40899109,0,0,0,0,0,0,0,0,0,107.40899109,0,107.40899109,107.40899109,0,107.40899109,0,0,0,40.2243049052074,1.22624039373747,0,0,1.05067681522805,0.175563578509421,0,0.175563578509421,38.99806451147,0,0,0,0,0,0,38.99806451147,0.4815373032,0.4815373032,0,38.51652720827,68.79789801265,-30.28137080438,0,0,0,0,0,0,0,0,0,-0.550612335479999,0,-0.550612335479999,0,0,0,0,1.65629452937,0,1.65629452937,0,0,0,0,2.20690686484999,0,2.20690686484999,0,0,0,0,44.1665302812994,101.452481292149,57.2859510108505,-4.34506844211127,0,4.34506844211127,94.50268672496,98.7503124248187,24.106218605242,24.106218605242,0,101.644093819576,101.644093819576,0,0,0,0,-27,-27,0,0,0,0,-27,-27,0,4.24762569985869,0,0,0,4.24762569985869,4.24762569985869,0,0,0,0,0,0,0,0,0,0,0,0,0,0,-46.7022374903786,2.7021688673312,0,0,0,0,2.7021688673312,0,2.7021688673312,0,0,0,0,0,0,0,0,0,0,0,0,0,49.4044063577098,0,0,0,0,-17.9196293334838,0,-17.9196293334838,120.130350494062,0,0,120.130350494062,316.57702019,120.01457462,196.56244557,-196.446669695937,-52.8063148028686,-2.12175585132867,-50.6845589515399,0,0,0,-52.8063148028686,-2.12175585132867,-50.6845589515399,0,0,0,0,0,0,0,0,0,0,0,0,0,0,0,0.711149488829326,0,0,0,0,0,0,0,0,0,0,0,0,0,0,0,0,0,0,0,-0.711149488829326,0,0,0,0,0,0,0,0,0,-0.711149488829326,-0.711149488829326,0,0,0,0,-0.711149488829326,-0.711149488829326,0,0,0,0,0,0,0,0,0,0,0,0,0,0,0,0,0,0,0,0,0,0,0,0,0,0,0,0,0,0,0,0,0,0,0,0,0,0,0,0,0,258.232120990213,252.964072454379,-252.964072454379,-252.96407245438,0,0,0,0,0,-252.96407245438,-252.96407245438,0,-252.96407245438,0,0,0,0,0,0,0,0,0,0,-3.69482222595252e-13,3885,3856.62126388889,2522.04125148605,-1218.23945991735,,,,,,,,,3488.11,3.33070426995985
2024-04-01,2024,"Q2","2023/24","Q4","April",-1037.40821203617,3355.99215322926,4393.40036526544,-1113.49610706489,2866.3612164165,3979.8573234814,-632.737117635584,2236.71973800813,2869.45685564372,-763.690192288101,1272.58666335561,374.469046,752.749916151915,3.38651406294195,16.045784386694,15.1600822518078,31.4831143646657,17.8651763503077,25.0152614376448,51.0652085967902,145.367701203703,2036.27685564372,47.2650791984946,33.0952313814917,14.1698478170028,1962.50364520078,452.340111539718,1510.16353366106,26.5081312444444,0,0,0,130.953074652516,964.133074652516,833.18,-480.758989429311,629.64147840837,1110.40046783768,0,0,0,-0.00742869057525675,0,0.00742869057525675,-553.168528974043,48.4903295918543,601.658858565897,326.940243893416,421.595447561722,94.6552036683061,-15.6294499196148,22.6341564226428,38.2636063422576,-25.9866237930043,3.5718877253182,29.5585115183225,6.74352862615882,12.1062802502615,5.36275162410272,-4.81247016999999,0.94932747,5.76179763999999,4.0060788559489,14.6079415291942,10.6018626732453,-270.442813123907,45.5578106695735,316.000623793481,-2.30997022506515,1.1175166874281,3.42748691249326,53.908444091375,59.010780500375,5.102336409,0,-366.454993175219,24.7732315764733,391.228224751692,-12.1296907986763,0.0200214789231084,12.1497122775994,-354.325302376542,24.7532100975502,379.078512474092,-261.513765728733,0.0979842228860527,261.611749951619,-19.837613676,0,19.837613676,-98.4239229718087,-0.794774125335782,97.6291488464729,86.0846842199999,25.45,25.45,0,0,0,0,442.542888203936,464.857705236285,22.3148170323495,43.68010322632,43.68010322632,4.52044169,35.1921388011199,0,3.9675227352,0,398.862784977616,421.177602009965,335.078402009965,86.0992,22.3148170323495,56.99567804988,56.99567804988,0,0,0,0,56.99567804988,56.99567804988,0,-980.412533986298,-287.153826142142,-729.900286299894,0.0979842228860527,0.0979842228860527,0,0,0,0,0.0979842228860527,0,0,0,0,729.99827052278,734.181656922176,634.001899174458,634.001899174458,0,0,100.179757747717,-4.18338639939534,-4.18338639939534,0,0,201.959488903262,89.576230845,0,0,0,0,0,0,0,89.576230845,0,0,0,0,0,0,0,0,0,89.576230845,0,89.576230845,89.576230845,0,89.576230845,0,0,0,-112.383258058262,1.22624039373747,0,0,1.05067681522805,0.175563578509421,0,0.175563578509421,-113.609498451999,0,0,0,0,0,0,-113.609498451999,0.016217045,0.016217045,0,-113.625715496999,-82.2451873879999,-31.380528109,0,0,0,0,0,0,0,0,0,-1.93939662499999,0,-1.93939662499999,0,0,0,0,2.996713706,0,2.996713706,0,0,0,0,4.936110331,0,4.936110331,0,0,0,0,242.726367879489,358.132986286438,115.406618406948,-4.34506844211127,0,4.34506844211127,394.868060904397,356.586471219243,123.193781394757,123.193781394757,0,183.718689824486,183.718689824486,0,0,0,0,49.674,49.674,0,0,0,0,49.674,49.674,0,-38.2815896851537,0,0,0,-38.2815896851537,-38.2815896851537,0,0,0,0,0,0,0,0,0,0,0,0,0,0,-148.507774071626,1.5465150671942,0,0,0,0,1.5465150671942,0,1.5465150671942,0,0,0,0,0,0,0,0,0,0,0,0,0,150.05428913882,100,0,0,100,47.0540540416888,0,47.0540540416888,55.8065499,0,0,55.8065499,203.18977926,32.58253486,170.6072444,-147.38322936,-52.8063148028686,-2.12175585132867,-50.6845589515399,0,0,0,-52.8063148028686,-2.12175585132867,-50.6845589515399,0,0,0,0,0,0,0,0,0,0,0,0,0,0,0,0.711149488829326,0,0,0,0,0,0,0,0,0,0,0,0,0,0,0,0,0,0,0,-0.711149488829326,0,0,0,0,0,0,0,0,0,-0.711149488829326,-0.711149488829326,0,0,0,0,-0.711149488829326,-0.711149488829326,0,0,0,0,0,0,0,0,0,0,0,0,0,0,0,0,0,0,0,0,0,0,0,0,0,0,0,0,0,0,0,0,0,0,0,0,0,0,0,0,0,392.433304239773,300.825403604383,-300.825403604382,-300.825403604382,0,0,0,0,0,-300.825403604382,-300.825403604382,0,-300.825403604382,0,0,0,0,0,0,0,0,0,0,0,3706.72222222222,3787.82964814815,2866.3612164165,-1077.12079252729,,,,,,,,,3234.03,2.99157735750263
2024-07-01,2024,"Q3","2024/25","Q1","July",-1128.96551078602,3594.37162083018,4723.3371316162,-1243.35642809438,3003.81686600466,4247.17329409905,-748.568884936527,2341.56003866798,3090.12892360451,-684.705286967988,1471.16363663652,576.820345,750.871067935287,1.66103531283036,10.4134382610836,9.33976511558197,30.0062428132028,17.7842831923098,22.2682688618038,54.4251810362599,143.472223701234,2155.86892360451,123.108090179623,87.4072669221338,35.7008232574896,2004.83009362488,399.127227830653,1605.70286579423,27.9307397999999,0,0,0,-63.8635979685389,870.396402031461,934.26,-494.787543157854,662.256827336684,1157.04437049453,0,0,0,-0.00954181070602197,0,0.00954181070602197,-632.932200754678,50.4211642411956,683.353364995874,331.146641144825,421.908472761625,90.7618316167997,-25.6062492370376,23.5415897998501,49.1478390368877,-30.3020876569617,3.71508944580947,34.0171771027712,4.45342976789077,12.5916370962504,8.13820732835969,-2.60195237,0.31167935,2.91363172,-5.42122572541856,10.2621375309886,15.6833632564072,-179.239628861164,47.3842837760644,226.623912637228,-3.24012957460425,1.16231941489993,4.40244898950419,48.9654019199999,90.95845392,41.993052,0,-398.304983848363,46.4676856053591,444.772669453722,-33.0093024954786,0.0214371520555325,33.0307396475341,-365.295681352884,46.4462484533036,411.741929806188,-261.634302494568,0.10191254045293,261.736215035021,-16.4826461922,0,16.4826461922,-131.788732666116,1.73433591285071,133.523068578966,120.3731,44.61,44.61,0,0,0,0,512.695901156719,544.087069220153,31.3911680634341,30.5552796847499,30.5552796847499,0,27.25875044631,0,3.29652923844,0,482.140621471969,513.531789535403,395.531289535403,118.000499999999,31.3911680634341,-17.81093158131,47.18906841869,65,0,0,0,-17.81093158131,47.18906841869,65,-1146.77644236733,-1003.29083520051,-814.167194422294,0.10191254045293,0.10191254045293,0,0,0,0,0.10191254045293,0,0,0,0,814.269106962747,818.452493362142,718.272735614425,718.272735614425,0,0,100.179757747717,-4.18338639939534,-4.18338639939534,0,0,161.949179959411,173.41519774,0.673846028,0,0,0,0.673846028,0,0.673846028,172.741351711999,0,0,0,0,0,0,0,0,0,172.741351711999,0,172.741351711999,172.741351711999,0,172.741351711999,0,0,0,11.4660177805883,1.29445434258837,0,0,1.10912442052536,0.185329922063005,0,0.185329922063005,10.171563438,0,0,0,0,0,0,10.171563438,5.575311514,5.575311514,0,4.596251924,-18.7583285829999,23.354580507,0,0,0,0,0,0,0,0,0,-8.48149952,0,-8.48149952,0,0,0,0,3.610903849,0,3.610903849,0,0,0,0,12.092403369,0,12.092403369,0,0,0,0,-342.591321217631,6.31296315195493,348.904284369586,-5.84706772353469,0,5.84706772353469,-43.6828829669604,-6.39205019102907,-42.9499999999999,-42.9499999999999,0,-80.875050191029,-80.875050191029,0,0,0,0,117.432999999999,117.432999999999,0,0,0,0,117.432999999999,117.432999999999,0,37.2908327759313,0,0,0,37.2908327759313,37.2908327759313,0,0,0,0,0,0,0,0,0,0,0,0,0,0,-293.772520015965,12.705013342984,0,0,0,0,12.705013342984,0,12.705013342984,0,0,0,0,0,0,0,0,0,0,0,0,0,306.477533358949,300,0,0,300,27.674397606393,0,27.674397606393,24.55569096,0,0,24.55569096,265.59569096,0,265.59569096,-241.039999999999,-45.7525552074435,3.03392588000846,-48.7864810874519,0,0,0,-45.7525552074435,3.03392588000846,-48.7864810874519,0,0,0,0,0,0,0,0,0,0,0,0,0,0,0,0.711149488829326,0,0,0,0,0,0,0,0,0,0,0,0,0,0,0,0,0,0,0,-0.711149488829326,0,0,0,0,0,0,0,0,0,-0.711149488829326,-0.711149488829326,0,0,0,0,-0.711149488829326,-0.711149488829326,0,0,0,0,0,0,0,0,0,0,0,0,0,0,0,0,0,0,0,0,0,0,0,0,0,0,0,0,0,0,0,0,0,0,0,0,0,0,0,0,0,128.910561436822,14.5750457299999,-14.5750457299999,-14.5750457299999,0,0,0,0,0,-14.5750457299999,-14.5750457299999,0,-14.5750457299999,0,0,0,0,0,0,0,0,0,0,0,3690.04545454545,3713.52235919804,3003.81686600466,-1156.22426123233,,,,,,,,,3253.77,2.32503402773882
2024-10-01,2024,"Q4","2024/25","Q2","October",-1187.61758878377,3511.05034050127,4698.66792928505,-1414.29785804448,2837.04410042473,4251.34195846922,-866.881080240384,2228.38026033647,3095.26134057686,-844.937808683223,1341.54353189364,362.983801999999,815.03383579364,0.675927722633119,14.8784009562779,19.8940508828023,42.9733866153686,14.0309816448595,19.4346674294858,57.6099472091485,163.5258941,2186.48134057686,77.9861133053417,77.0253037826201,0.960809522721584,2076.80576037152,379.23159206362,1697.5741683079,31.6894669,0,0,0,-21.943271557161,886.836728442838,908.78,-547.416777804097,608.663840088259,1156.08061789235,0,0,0,-0.00954181070602197,0,0.00954181070602197,-632.245082708967,50.4211642411956,682.666246950162,250.130707496373,347.4815081181,97.3508006217271,-25.6062492370376,23.5415897998501,49.1478390368877,-30.2717501355643,3.71508944580947,33.9868395813738,4.45342976789077,12.5916370962504,8.13820732835969,0.82216,0.82216,0,-0.339721645418563,10.5520072909886,10.8917289364072,-206.804980861164,47.3842837760644,254.189264637228,-3.24012957460425,1.16231941489993,4.40244898950419,95.6943809050999,110.9920809051,15.2977,0,-381.617966996595,27.7157348994535,409.333701896049,-31.254057627453,0.0216906546079252,31.2757482820609,-350.363909369142,27.6940442448456,378.057953613988,-261.634302494568,0.10191254045293,261.736215035021,-20.88177,0,20.88177,-93.407836874574,2.03213170439267,95.4399685789667,82.29,25.56,25.56,0,0,0,0,608.298236257304,646.290505177085,37.9922689197809,59.0137602779563,59.0137602779563,0,54.8374062779563,0,4.176354,0,549.284475979348,587.276744899129,467.047244899129,120.2295,37.9922689197809,94.9915726235636,94.9915726235636,0,0,0,0,94.9915726235636,94.9915726235636,0,-1092.6260161602,-807.64665564777,-791.778398687928,0.10191254045293,0.10191254045293,0,0,0,0,0.10191254045293,0,0,0,0,791.880311228381,796.063697627776,695.883939880059,695.883939880059,0,0,100.179757747717,-4.18338639939534,-4.18338639939534,0,0,-134.084056033588,38.2696714549999,0.443225145,0,0,0,0.443225145,0,0.443225145,37.8264463099999,0,0,0,0,0,0,0,0,0,37.8264463099999,0,37.8264463099999,37.8264463099999,0,37.8264463099999,0,0,0,172.353727488588,1.29445434258837,0,0,1.10912442052536,0.185329922063005,0,0.185329922063005,171.059273146,0,0,0,0,0,0,171.059273146,-2.162942864,-1.61710350899999,-0.545839355,173.222216009999,200.322525548,-27.1003095379999,0,0,0,0,0,0,0,0,0,-7.933419655,0,-7.933419655,0,0,0,0,1.000329367,0,1.000329367,0,0,0,0,8.933749022,0,8.933749022,0,0,0,0,126.149218728746,255.378627919964,129.229409191217,-5.84706772353469,0,5.84706772353469,262.577193201267,268.305860336361,120.0177672,120.0177672,0,134.167093136361,134.167093136361,0,0,0,0,14.1209999999999,14.1209999999999,0,0,0,0,14.1209999999999,14.1209999999999,0,5.7286671350938,0,0,0,5.7286671350938,5.7286671350938,0,0,0,0,0,0,0,0,0,0,0,0,0,0,-131.292056237815,-12.9272324163969,0,0,0,0,-12.9272324163969,0,-12.9272324163969,0,0,0,0,0,0,0,0,0,0,0,0,0,118.364823821418,0,0,0,0,116.933941617892,0,116.933941617892,47.1834374109699,0,0,47.1834374109699,207.72343741097,0,207.72343741097,-160.54,-45.7525552074435,3.03392588000846,-48.7864810874519,0,0,0,-45.7525552074435,3.03392588000846,-48.7864810874519,0,0,0,0,0,0,0,0,0,0,0,0,0,0,0,0.711149488829326,0,0,0,0,0,0,0,0,0,0,0,0,0,0,0,0,0,0,0,-0.711149488829326,0,0,0,0,0,0,0,0,0,-0.711149488829326,-0.711149488829326,0,0,0,0,-0.711149488829326,-0.711149488829326,0,0,0,0,0,0,0,0,0,0,0,0,0,0,0,0,0,0,0,0,0,0,0,0,0,0,0,0,0,0,0,0,0,0,0,0,0,0,0,0,0,334.009360512439,-49.0300000000001,49.0300000000002,49.0300000000002,0,0,0,0,0,49.0300000000002,49.0300000000002,0,49.0300000000002,0,0,0,0,0,0,0,0,0,0,0,3681.13636363636,3670.27946368446,2837.04410042473,-1242.45499506172,,,,,,,,,3302.8,2.30278095696284
2025-01-01,2025,"Q1","2024/25","Q3","January",-399.919914555017,4255.84330765854,4655.76322221356,-810.674510765946,3405.08774306699,4215.76225383293,-386.01728035967,2715.08876036592,3101.1060407256,-402.771667596593,1687.454373129,523.112568890626,1013.5110166397,6.13802242322078,13.802448788564,29.6882304602429,39.3604792507745,16.0538450909857,22.4881653730365,55.0587984533861,150.830787598676,2090.2260407256,34.9465002829768,31.7385081575262,3.20799212545057,2026.16698206247,393.066511404712,1633.10047065775,29.1125583801533,0,0,0,16.7543872369228,1027.63438723692,1010.88,-424.657230406275,689.998982701061,1114.65621310733,0,0,0,-0.00954181070602197,0,0.00954181070602197,-599.917048059276,50.4211642411956,650.338212300472,323.880674234,416.444674234,92.564,-25.6062492370376,23.5415897998501,49.1478390368877,-28.8444081394679,3.71508944580947,32.5594975852774,10.2552578642079,15.0466376750614,4.79137981085344,0.649,0.765,0.116,2.98819835458143,9.30852729098865,6.32032893640722,-207.622580861164,47.3842837760644,255.006864637228,-3.24012957460425,1.16231941489993,4.40244898950419,102.809596823192,122.209696823191,19.4001,0,-330.368397351596,13.0865549290311,343.454952280627,-19.5947017335522,0.0216436732558451,19.6163454068081,-310.773695618044,13.0649112557753,323.838606873819,-171.681935754399,0.10191254045293,171.783848294852,-26.42479,0,26.42479,-125.616969863644,0.0129987153223772,125.629968578966,112.48,12.95,12.95,0,0,0,0,741.122993562525,837.669009662525,96.5460161,30.8133267425253,30.8133267425253,0,25.5283687425253,0,5.284958,0,710.30966682,806.855682919999,706.399182919999,100.4565,96.5460161,44.2212726304946,44.2212726304946,0,0,0,0,44.2212726304946,44.2212726304946,0,-355.698641924522,-1072.01096112534,-960.822467646363,0.10191254045293,0.10191254045293,0,0,0,0,0.10191254045293,0,0,0,0,960.924380186816,934.994652770913,830.747771081785,830.747771081785,0,0,104.246881689127,25.9297274159026,25.9297274159026,0,0,-267.901309868588,19.599505092,0.885887103,0,0,0,0.885887103,0,0.885887103,18.713617989,0,0,0,0,0,0,0,0,0,18.713617989,0,18.713617989,18.713617989,0,18.713617989,0,0,0,287.500814960588,1.29445434258837,0,0,1.10912442052536,0.185329922063005,0,0.185329922063005,286.206360618,0,0,0,0,0,0,286.206360618,5.089361885,5.089361885,0,281.116998732999,277.861297679,3.255701054,0,0,0,0,0,0,0,0,0,-3.58350146799999,0,-3.58350146799999,0,0,0,0,0.913413632,0,0.913413632,0,0,0,0,4.4969151,0,4.4969151,0,0,0,0,160.29631785761,-72.1886058476572,-232.484923705268,-4.60689651945585,0,4.60689651945585,-82.9902606626351,-85.3317584597581,44.7322327999999,44.7322327999999,0,-136.782991260758,-136.782991260758,0,0,0,0,6.71900000099999,6.71900000099999,0,0,0,0,6.71900000099999,6.71900000099999,0,-2.341497797123,0,0,0,-2.341497797123,-2.341497797123,0,0,0,0,0,0,0,0,0,0,0,0,0,0,247.544708278297,13.1431526121009,0,0,0,0,13.1431526121009,0,13.1431526121009,0,0,0,0,0,0,0,0,0,0,0,0,0,-234.401555666196,0,0,0,0,1.6797479552676,0,1.6797479552676,-174.02658113,0,0,-174.02658113,76.61341887,0,76.61341887,-250.64,-62.0547224914644,-2.45240810456093,-59.6023143869035,0,0,0,-62.0547224914644,-2.45240810456093,-59.6023143869035,0,0,0,0,0,0,0,0,0,0,0,0,0,0,0,0.348766761403969,0,0,0,0,0,0,0,0,0,0,0,0,0,0,0,0,0,0,0,-0.348766761403969,0,0,0,0,0,0,0,0,0,-0.348766761403969,-0.348766761403969,0,0,0,0,-0.348766761403969,-0.348766761403969,0,0,0,0,0,0,0,0,0,0,0,0,0,0,0,0,0,0,0,0,0,0,0,0,0,0,0,0,0,0,0,0,0,0,0,0,0,0,0,0,0,-431.222319200818,-285.089999999999,285.089999999999,285.089999999999,0,0,0,0,0,285.089999999999,285.089999999999,0,285.089999999999,0,0,0,0,0,0,0,0,0,0,0,3661.62,3678.35382395382,3405.08774306699,-425.448283297542,,,,,,,,,3587.89,2.43453609575508
2025-04-01,2025,"Q2","2024/25","Q4","April",-658.888364899837,4987.62029604571,5646.50866094554,-1077.75547417721,4158.53058867764,5236.28606285485,-462.901578315819,3476.5961088823,3939.49768719812,-404.484354364996,2050.53333283313,747.932113,1131.830937345,1.65180289165208,15.7428865749871,6.40158248164055,38.0184670698108,18.3390664900979,23.9048358312654,61.6407147433772,170.770282488127,2455.01768719812,39.921247355928,39.8100793119768,0.111168043951257,2383.6188343814,459.156927710747,1924.46190667065,31.4776054607974,0,0,0,-58.4172239508226,1426.06277604917,1484.48,-614.853895861394,681.934479795331,1296.78837565672,0,0,0,-0.00954181070602197,0,0.00954181070602197,-692.334397195206,50.4211642411956,742.755561436401,353.926095700131,466.318433371461,112.39233767133,-25.6062492370376,23.5415897998501,49.1478390368877,-32.9248035306205,3.71508944580947,36.6398929764299,11.8366376750614,17.7166376750614,5.88,0.373,0.373,0,0.708798354581436,9.12892729098865,8.42012893640722,-287.947385838994,47.3842837760644,335.331669615058,-3.24012957460425,1.16231941489993,4.40244898950419,60.364079596,62.17303478,1.808955184,0,-305.150930711718,14.9371290789764,320.088059790695,-29.1107287032907,0.0218542135849211,29.1325829168757,-276.040202008428,14.9152748653915,290.955476873819,-171.681935754399,0.10191254045293,171.783848294852,-37.65166,0,37.65166,-82.3466062540281,-0.826637675061408,81.5199685789667,68.37,15.64,15.64,0,0,0,0,724.018039989095,814.152578289095,90.1345383,43.7403864590951,43.7403864590951,0,36.2100544590951,0,7.530332,0,680.27765353,770.41219183,652.42069183,117.9915,90.1345383,62.7245205657549,62.7245205657549,0,0,0,0,62.7245205657549,62.7245205657549,0,-596.163844334082,-1409.14903788369,-900.907119675226,0.10191254045293,0.10191254045293,0,0,0,0,0.10191254045293,0,0,0,0,901.009032215679,875.079304799776,770.832423110649,770.832423110649,0,0,104.246881689127,25.9297274159026,25.9297274159026,0,0,-373.411035350588,0,0,0,0,0,0,0,0,0,0,0,0,0,0,0,0,0,0,0,0,0,0,0,0,0,0,0,373.411035350588,1.29445434258837,0,0,1.10912442052536,0.185329922063005,0,0.185329922063005,372.116581007999,0,0,0,0,0,0,372.116581007999,23.846102664,23.846102664,0,348.270478344,366.289848265,-18.019369921,0,0,0,0,0,0,0,0,0,1.010988441,0,1.010988441,0,0,0,0,5.682217437,0,5.682217437,0,0,0,0,4.671228996,0,4.671228996,0,0,0,0,-135.841871298878,130.632296432192,266.47416773107,-4.60689651945585,0,4.60689651945585,121.987179664679,118.39856798511,160.87,160.87,0,-9.71143201488949,-9.71143201488949,0,0,0,0,-32.76,-32.76,0,0,0,0,-32.76,-32.76,0,-3.58861167956919,0,0,0,-3.58861167956919,-3.58861167956919,0,0,0,0,0,0,0,0,0,0,0,0,0,0,-253.570921205506,12.2337284470817,0,0,0,0,12.2337284470817,0,12.2337284470817,0,0,0,0,0,0,0,0,0,0,0,0,0,265.804649652587,57.27,0,0,57.27,-32.5744810663476,0,-32.5744810663476,303.1638532104,0,0,303.1638532104,460.4238532104,121.4189399304,339.00491328,-157.26,-62.0547224914644,-2.45240810456093,-59.6023143869035,0,0,0,-62.0547224914644,-2.45240810456093,-59.6023143869035,0,0,0,0,0,0,0,0,0,0,0,0,0,0,0,0.348766761403969,0,0,0,0,0,0,0,0,0,0,0,0,0,0,0,0,0,0,0,-0.348766761403969,0,0,0,0,0,0,0,0,0,-0.348766761403969,-0.348766761403969,0,0,0,0,-0.348766761403969,-0.348766761403969,0,0,0,0,0,0,0,0,0,0,0,0,0,0,0,0,0,0,0,0,0,0,0,0,0,0,0,0,0,0,0,0,0,0,0,0,0,0,0,0,0,-103.055193549611,-709.929999999999,709.929999999999,709.929999999999,0,0,0,0,0,709.929999999999,709.929999999999,0,709.929999999999,0,0,0,0,0,0,0,0,0,0,0,3594.59045454545,3644.38429121726,4158.53058867764,-695.098419358932,,,,,,,,,4297.82,3.00697394224094
2025-07-01,2025,"Q3","2025/26","Q1","July",-1314.11924206483,4877.62896469108,6191.74820675591,-1665.85956264735,4012.4480520384,5678.30761468575,-830.011856225475,3297.61216344457,4127.62401967005,-592.914470910336,1776.10954875971,671.906613073409,905.316047326148,2.78949445141955,12.4100760859462,4.66425011362071,37.4390599757713,15.2641480655719,24.8944801472347,63.6102920212253,198.886888360157,2369.02401967005,28.3387989525632,28.3387989525632,0,2301.7993284628,424.375057214415,1877.42427124838,38.8858922546842,0,0,0,-237.097385315138,1521.50261468486,1758.6,-835.847706421883,714.835888593822,1550.6835950157,0,0,0,-0.0116219339412091,0,0.0116219339412091,-785.787709427881,52.8374423770253,838.625151804906,347.717191996553,464.342674234,116.625482237446,-35.1849449299127,24.6771668052743,59.8621117351871,-37.8168205176425,3.89429442659552,41.711114944238,11.7865122435845,17.5465122435845,5.76,0.275,0.275,0,1.33680889033157,11.660073442568,10.3232645522364,-390.392598849987,49.6699621661846,440.062561016171,-4.14380050898733,1.21838628258985,5.36218679157719,56.3742766159999,88.714376616,32.3401,0,-374.613690999476,32.0641828506859,406.677873850162,-22.8380834402116,0.023094503626274,22.8611779438378,-351.775607559264,32.0410883470596,383.816695906324,-192.538633329187,0.106828501460094,192.645461830647,-52.25076,0,52.25076,-137.516214230077,1.40425984559953,138.920474075676,124.25,30.53,30.53,0,0,0,0,726.354011581996,833.116729801996,106.76271822,30.9790243419966,30.9790243419966,0,27.4317,0,3.54732434199666,0,695.37498724,802.13770546,687.51970546,114.618,106.76271822,47.5183,47.5183,0,0,0,0,47.5183,47.5183,0,-1266.60094206483,-1621.46382889166,-758.198137600204,0.106828501460094,0.106828501460094,0,0,0,0,0.106828501460094,0,0,0,0,758.304966101664,762.681839260422,657.868644667596,657.868644667596,0,0,104.813194592825,-4.37687315875741,-4.37687315875741,0,0,-518.68394611372,4.53742465617155,4.53742465617155,0,0,0,4.53742465617155,0,4.53742465617155,0,0,0,0,0,0,0,0,0,0,0,0,0,0,0,0,0,0,0,523.221370769891,1.3543244458917,0,0,1.16042278729535,0.19390165859635,0,0.19390165859635,521.867046324,0,0,0,0,0,0,521.867046324,29.64500643,36.347183945,-6.702177515,492.222039894,517.702889763,-25.480849869,0,0,0,0,0,0,0,0,0,-9.840178344,0,-9.840178344,0,0,0,0,2.212045053,0,2.212045053,0,0,0,0,12.052223397,0,12.052223397,0,0,0,0,-334.741566833743,-60.3978147349218,274.343752098821,-6.08148443039368,0,6.08148443039368,-72.7963984775427,-75.7066755602667,-149.34,-149.34,0,-65.4466755602667,-65.4466755602667,0,0,0,0,139.079999999999,139.079999999999,0,0,0,0,139.079999999999,139.079999999999,0,-2.910277082724,0,0,0,-2.910277082724,-2.910277082724,0,0,0,0,0,0,0,0,0,0,0,0,0,0,-257.546490627268,15.3088608253449,0,0,0,0,15.3088608253449,0,15.3088608253449,0,0,0,0,0,0,0,0,0,0,0,0,0,272.855351452613,0,0,0,0,45.3573036707807,0,45.3573036707807,279.956592,0,0,279.956592,542.466592,466.326592,76.14,-262.51,-52.458544218167,3.08858128774043,-55.5471255059075,0,0,0,-52.458544218167,3.08858128774043,-55.5471255059075,0,0,0,0,0,0,0,0,0,0,0,0,0,0,0,1.68280670146183,0,0,0,0,0,0,0,0,0,0,0,0,0,0,0,0,0,0,0,-1.68280670146183,0,0,0,0,0,0,0,0,0,-1.68280670146183,-1.68280670146183,0,0,0,0,-1.68280670146183,-1.68280670146183,0,0,0,0,0,0,0,0,0,0,0,0,0,0,0,0,0,0,0,0,0,0,0,0,0,0,0,0,0,0,0,0,0,0,0,0,0,0,0,0,0,325.094956729068,-679.957843555898,679.957843555898,679.957843555898,0,0,0,0,0,679.957843555898,679.957843555898,0,679.957843555898,0,0,0,0,0,0,0,0,0,0,0,3490,3553.10472107438,4012.4480520384,-1341.55094206483,,,,,,,,,4977.77784355589,2.91251399657336
2025-10-01,2025,"Q4","2025/26","Q2","October",-828.266401376639,5732.43444982009,6560.70085119673,-1264.73958644494,4831.0985511703,6095.83813761524,-418.266596975953,4167.85226935864,4586.11886633459,-699.338852022334,1740.31001431226,520.965263747073,962.531379762692,1.36086199761511,12.6801620871171,27.7389799030218,47.1851923851201,15.8164994109447,25.6948607554959,66.089026301995,256.813370802496,2439.64886633459,23.6579096505041,23.6579096505041,0,2365.65606444694,437.590880792294,1928.06518365464,50.3348922371508,0,0,0,281.072255046381,2427.54225504638,2146.47,-846.47298946899,663.246281811659,1509.71927128064,0,0,0,-0.0116219339412091,0,0.0116219339412091,-860.776732507363,52.8374423770253,913.614174884388,306.922674234,430.692674234,123.77,-35.1849449299127,24.6771668052743,59.8621117351871,-41.1277233624157,3.89429442659552,45.0220177890113,10.6465122435845,17.2165122435845,6.57,1.37008488348161,1.50908488348161,0.139,-1.69842368780435,7.19707344256801,8.89549713037237,-293.197005923987,49.6699621661846,342.866968090171,-4.14380050898733,1.21838628258985,5.36218679157719,70.727992024355,74.333684950355,3.605692926,0,-329.257885501102,27.0379140403858,356.295799541488,-16.8959384478257,0.0227751873383214,16.918713635164,-312.361947053276,27.0151388530475,339.377085906324,-192.538633329187,0.106828501460094,192.645461830647,-88.07115,0,88.07115,-56.9921637240894,1.66831035158747,58.6604740756769,43.9899999999999,25.24,25.24,0,0,0,0,765.731070569406,874.297984609406,108.56691404,34.9416248794066,34.9416248794066,0,30.44754,0,4.49408487940666,0,730.789445689999,839.35635973,751.60485973,87.7515,108.56691404,52.74246,52.74246,0,0,0,0,52.74246,52.74246,0,-775.523941376639,-1902.95491142918,-737.692157106725,0.106828501460094,0.106828501460094,0,0,0,0,0.106828501460094,0,0,0,0,737.798985608185,742.175858766943,637.362664174117,637.362664174117,0,0,104.813194592825,-4.37687315875741,-4.37687315875741,0,0,-976.627392445891,14.872678432,14.872678432,0,0,0,14.872678432,0,14.872678432,0,0,0,0,0,0,0,0,0,0,0,0,0,0,0,0,0,0,0,991.500070877891,1.3543244458917,0,0,1.16042278729535,0.19390165859635,0,0.19390165859635,990.145746431999,0,0,0,0,0,0,990.145746431999,-19.1828801229999,-13.5607226689999,-5.622157454,1009.32862655499,1012.783956482,-3.45532992699999,0,0,0,0,0,0,0,0,0,-3.097631517,0,-3.097631517,0,0,0,0,7.34599582799999,0,7.34599582799999,0,0,0,0,10.443627345,0,10.443627345,0,0,0,0,-185.537730359564,278.065779632022,463.603509991586,-6.08148443039368,0,6.08148443039368,252.811248244231,278.646242445037,43.9499999999999,43.9499999999999,0,317.286242445037,317.286242445037,0,0,0,0,-82.59,-82.59,0,0,0,0,-82.59,-82.59,0,25.8349942008065,0,0,0,25.8349942008065,25.8349942008065,0,0,0,0,0,0,0,0,0,0,0,0,0,0,-433.950300874863,-0.580462813015369,0,0,0,0,-0.580462813015369,0,-0.580462813015369,0,0,0,0,0,0,0,0,0,0,0,0,0,433.369838061848,334.452045264296,0,0,334.452045264296,34.0933674157186,0,34.0933674157186,117.2829696,0,0,117.2829696,332.89,175.19,157.7,-215.607030399999,-52.458544218167,3.08858128774043,-55.5471255059075,0,0,0,-52.458544218167,3.08858128774043,-55.5471255059075,0,0,0,0,0,0,0,0,0,0,0,0,0,0,0,1.68280670146183,0,0,0,0,0,0,0,0,0,0,0,0,0,0,0,0,0,0,0,-1.68280670146183,0,0,0,0,0,0,0,0,0,-1.68280670146183,-1.68280670146183,0,0,0,0,-1.68280670146183,-1.68280670146183,0,0,0,0,0,0,0,0,0,0,0,0,0,0,0,0,0,0,0,0,0,0,0,0,0,0,0,0,0,0,0,0,0,0,0,0,0,0,0,0,0,-114.12881360844,-1013.3021564441,1013.3021564441,1013.3021564441,0,0,0,0,0,1013.3021564441,1013.3021564441,0,1013.3021564441,0,0,0,0,0,0,0,0,0,0,0,3619.65,3536.30739177489,4831.0985511703,-858.713941376639,,,,,,,,,5991.08,3.719428859253
2026-01-01,2026,"Q1","2025/26","Q3","January",-560.673799568128,5744.41936268724,6305.09316225537,-867.045328793571,4888.89007385438,5755.93540264795,17.2239584304145,4250.6639098523,4233.43995142189,-686.415238488239,1667.20471293365,515.345947999999,956.999298544369,3.99223378348051,13.1410282003889,17.1687710707683,34.6735937763039,18.6285667716318,29.4285472393681,65.7695591265596,194.859466389283,2353.61995142189,24.5096156786621,24.5096156786621,0,2291.64220700957,449.633534325852,1842.00867268371,37.4681287336584,0,0,0,703.639196918653,2583.45919691865,1879.81999999999,-884.269287223985,638.226164002075,1522.49545122606,0,0,0,-0.0116219339412091,0,0.0116219339412091,-886.634375164215,52.8374423770253,939.47181754124,297.92025256227,389.592127523253,91.6718749609824,-35.1849449299127,24.6771668052743,59.8621117351871,-42.2693856899934,3.89429442659552,46.163680116589,12.2305122435845,17.5465122435845,5.316,1.011,1.066,0.055,-4.43442368780435,8.89407344256802,13.3284971303723,-269.739598849987,49.6699621661846,319.409561016171,-4.14380050898733,1.21838628258985,5.36218679157719,46.987098735,88.830198735,41.8430999999999,0,-403.078059065874,34.9075335415492,437.985592607423,-19.0770772030298,0.0227258569186374,19.0998030599485,-384.000981862844,34.8848076846306,418.885789547475,-146.38002169104,0.106828501460094,146.4868501925,-110.07211,0,110.07211,-162.448850171803,-0.122020816829448,162.326829354974,142.555692419297,34.9,34.9,0,0,0,0,709.449588291316,820.621755291316,111.172167,19.5547698437582,19.5547698437582,0,13.8677399999999,0,5.68702984375828,0,689.894818447557,801.066985447557,712.021913409999,89.0450720375578,111.172167,24.02226,24.02226,0,0,0,0,24.02226,24.02226,0,-536.651539568128,-1507.36636072158,-900.382672279437,0.106828501460094,0.106828501460094,0,0,0,0,0.106828501460094,0,0,0,0,900.489500780897,873.360491622918,764.292063610805,764.292063610805,0,0,109.068428012113,27.1290091579788,27.1290091579788,0,0,-182.767556791891,0,0,0,0,0,0,0,0,0,0,0,0,0,0,0,0,0,0,0,0,0,0,0,0,0,0,0,182.767556791891,1.3543244458917,0,0,1.16042278729535,0.19390165859635,0,0.19390165859635,181.413232346,0,0,0,0,0,0,181.413232346,-31.916706103,-22.502431242,-9.414274861,213.329938449,234.923239153,-21.593300704,0,0,0,0,0,0,0,0,0,-12.953849375,0,-12.953849375,0,0,0,0,12.420305761,0,12.420305761,0,0,0,0,25.374155136,0,25.374155136,0,0,0,0,-411.262282275254,-300.053994913686,111.208287361567,-4.79159311644996,0,4.79159311644996,-336.343016439387,-291.027586361628,-122.059999999999,-122.059999999999,0,-181.703457772613,-181.703457772613,0,0,0,0,12.735871410985,12.735871410985,0,0,0,0,12.735871410985,12.735871410985,0,45.3154300777594,0,0,0,45.3154300777594,45.3154300777594,0,0,0,0,0,0,0,0,0,0,0,0,0,0,-70.9549778299539,-9.02640855205797,0,0,0,0,-9.02640855205797,0,-9.02640855205797,0,0,0,0,0,0,0,0,0,0,0,0,0,61.928569277896,-28.1675,0,0,-28.1675,327.778613151211,0,327.778613151211,-167.129905399999,0,0,-167.129905399999,116.359999999999,0,116.359999999999,-283.4899054,-70.5526384733153,-2.77566779279016,-67.7769706805251,0,0,0,-70.5526384733153,-2.77566779279016,-67.7769706805251,0,0,0,0,0,0,0,0,0,0,0,0,0,0,0,0.827305110537778,0,0,0,0,0,0,0,0,0,0,0,0,0,0,0,0,0,0,0,-0.827305110537778,0,0,0,0,0,0,0,0,0,-0.827305110537778,-0.827305110537778,0,0,0,0,-0.827305110537778,-0.827305110537778,0,0,0,0,0,0,0,0,0,0,0,0,0,0,0,0,0,0,0,0,0,0,0,0,0,0,0,0,0,0,0,0,0,0,0,0,0,0,0,0,0,-904.832032021864,-65.88278913159,65.8827891315899,16.4784346122924,0,0,0,-54.50932496,0,70.9877595722924,70.9877595722924,0,70.9877595722924,0,0,0,0,0,0,0,-49.4086621,0,-49.4086621,0.0043075807024735,3762.57795454545,3625.10495376176,4888.89007385438,-574.541539568128,,,,,,,,,6007.55843461229,3.90053989012993
