"Date","Year","Quarter","FY","QFY","Month","EX_EUU","EX_AUT","EX_BEL","EX_DNK","EX_FRA","EX_DEU","EX_ITA","EX_NLD","EX_POL","EX_PRT","EX_ESP","EX_SWE","EX_GBR","EX_EUU_OTH","EX_ROE","EX_BGR","EX_NOR","EX_CHE","EX_TUR","EX_ROE_OTH","EX_AMC","EX_USA","EX_CAN","EX_MEX","EX_BRA","EX_ARG","EX_LAC_OTH","EX_MIE","EX_BHR","EX_ISR","EX_SAU","EX_ARE","EX_JOR","EX_MIE_OTH","EX_ASI","EX_IND","EX_JPN","EX_MYS","EX_CHN","EX_THA","EX_SGP","EX_PAK","EX_KOR","EX_IDN","EX_VNM","EX_TWN","EX_HKG","EX_ASI_OTH","EX_COM","EX_ETH","EX_KEN","EX_MWI","EX_NAM","EX_MUS","EX_ZMB","EX_SWZ","EX_BDI","EX_RWA","EX_MDG","EX_SDN","EX_EGY","EX_COD","EX_SSD","EX_COM_OTH","EX_ROA","EX_TZA","EX_ZAF","EX_NGA","EX_ROA_OTH","EX_UCL","EX_AUS","EX_ISL","EX_UCL_OTH","EX_F_TOT","EX_IF_BDI","EX_IF_COD","EX_IF_KEN","EX_IF_RWA","EX_IF_SSD","EX_IF_TZA","EX_IF_TOT","EX"
1997-01-01,1997,"Q1","1996/97","Q3","January",8.836,,4.232,0.027,0.109,0.908,0.006,1.984,,0.023,0.208,0.053,1.286,,1.164,,0.021,1.129,,0.014,0.01,0.01,,,,,,1.831,1.41,0.188,,0.173,,0.06,0,,,,,,,,,,,,,,7.4868,,6.9234,,,0.3305,0.0145,0.2083,,0.0079,,0.0022,,,,,0.67,0.67,,,,0,,,,19.9978,,,,,,,,19.9978
1997-02-01,1997,"Q1","1996/97","Q3","February",8.651,0.058,4.274,0.009,0.018,0.768,0.016,1.303,,0.507,,0.069,1.629,,6.352,,0.02,6.332,,,0.103,0.088,0.015,,,,,0.431,0.193,0.18,0.016,0.042,,,0,,,,,,,,,,,,,,11.0379,,10.8245,,,,0.0728,,,,,0.0045,0.1361,,,,0.0581,0.0581,,,,0,,,,26.633,,,,,,,,26.633
1997-03-01,1997,"Q1","1996/97","Q3","March",8.987,,3.225,,0.127,1.429,0.003,1.244,,,0.04,0.047,2.872,,11.703,,0.048,11.655,,,0.145,0.064,0.006,,0.075,,,1.245,,,,0.046,1.16,0.039,0,,,,,,,,,,,,,,10.3237,,9.75,,,0.037,0.1913,0.3454,,,,,,,,,0.1376,0.1376,,,,0,,,,32.5413,,,,,,,,32.5413
1997-04-01,1997,"Q2","1996/97","Q4","April",10.471,,4.854,,0.04,0.482,0.007,1.044,,0.874,0.001,0.012,3.157,,10.339,,0.108,10.231,,,0.378,0.352,,,0.026,,,0.259,,,,0.246,0.013,,0,,,,,,,,,,,,,,14.8255,,14.3523,,,0.1419,0.0502,0.2217,,,,,0.0594,,,,0.7961,0.7961,,,,0,,,,37.0686,,,,,,,,37.0686
1997-05-01,1997,"Q2","1996/97","Q4","May",9.074,,3.044,0.012,0.057,0.283,0.012,1.194,,0.423,,,4.049,,5.351,,0.073,5.278,,,0.189,0.128,,,0.061,,,0.204,,0.064,,0.112,,0.028,0,,,,,,,,,,,,,,12.5392,,11.1882,,,0.1478,0.5909,0.5692,,,,0.0021,0.0399,0.0011,,,1.1939,1.1939,,,,0,,,,28.5511,,,,,,,,28.5511
1997-06-01,1997,"Q2","1996/97","Q4","June",5.161,,1.767,0.001,0.075,0.145,,1.106,,,,0.043,2.024,,11.156,,0.04,11.116,,,0.046,0.046,,,,,,0.166,,,,0.165,,0.001,0,,,,,,,,,,,,,,14.3211,,13.9663,,,0.038,0.2984,,,0.0164,,0.002,,,,,0.1273,0.1273,,,,0,,,,30.9774,,,,,,,,30.9774
1997-07-01,1997,"Q3","1997/98","Q1","July",2.931,,1.506,0.001,0.045,0.102,0.061,0.606,,,0.009,0.009,0.592,,1.191,,0.041,1.15,,,0.006,0.006,,,,,,0.116,,,,0.109,,0.007,0,,,,,,,,,,,,,,13.674,,13.0664,,0.0075,0.1539,0.2065,,,,,,0.2387,0.001,,,1.5046,1.5046,,,,0,,,,19.4226,,,,,,,,19.4226
1997-08-01,1997,"Q3","1997/98","Q1","August",2.696,,0.567,0.02,,0.014,,1.012,,,,0.018,1.065,,7.027,,0.041,6.986,,,0,,,,,,,0.041,,0.006,,0.035,,,0,,,,,,,,,,,,,,9.9557,,9.8654,,,,0.0391,,,,,0.0072,0.044,,,,1.2702,1.2702,,,,0,,,,20.9899,,,,,,,,20.9899
1997-09-01,1997,"Q3","1997/98","Q1","September",3.044,,1.051,,,0.089,0.1,1.32,,,,0.06,0.424,,2.514,,0.079,2.418,,0.017,0.017,,,0.017,,,,0.238,,0.071,,0.163,,0.004,0,,,,,,,,,,,,,,13.91642,,12.8433,,,0.01712,1.0076,,,,,0.0114,0.037,,,,3.6478,3.6478,,,,0,,,,23.37722,,,,,,,,23.37722
1997-10-01,1997,"Q4","1997/98","Q2","October",4.515097,0.1409,0.820047,,,0.364045,0.043102,2.411392,,,0.014409,,0.721202,,1.294753,0.024696,0.232692,1.037365,,,0.005,,,0.005,,,,0.242994,,0.12841,,0.114584,,,0,,,,,,,,,,,,,,14.31636,,13.8553,,,0.01756,0.0965,,0.325,,,,0.022,,,,1.3813,1.3813,,,,0,,,,21.755504,,,,,,,,21.755504
1997-11-01,1997,"Q4","1997/98","Q2","November",0,,,,,,,,,,,,,,0,,,,,,0,,,,,,,0,,,,,,,0,,,,,,,,,,,,,,8.78,,8.5905,,,,0.1576,,,0.0068,,,0.0251,,,,0.1057,0.1057,,,,0,,,,8.8857,,,,,,,,8.8857
1997-12-01,1997,"Q4","1997/98","Q2","December",0,,,,,,,,,,,,,,0,,,,,,0,,,,,,,0,,,,,,,0,,,,,,,,,,,,,,12.1651,,11.7053,1e-04,,0.0345,0.3599,,,0.0431,,,0.0222,,,,0.8036,0.8036,,,,0,,,,12.9687,,,,,,,,12.9687
1998-01-01,1998,"Q1","1997/98","Q3","January",25.637,0.094,4.581,0.444,1.143,2.765,1.778,3.994,,0.508,6.35,0.021,3.923,0.0359999999999978,4.842,,0.1,2.73,,2.012,0.859,0.639,0.22,,,,0,0.673,,0.078,,0.54,0.055,,0.467,0.075,0.027,0,,,0.247,0.089,,,,,0.029,,5.405,,3.371,,,,,,,0.346,,1.236,0.318,0.134,,,0.223,0.215,0.008,,0,4.877,0.857,,4.02,42.983,,,,,,,,42.983
1998-02-01,1998,"Q1","1997/98","Q3","February",31.025,0.075,5.205,0.526,1.619,3.201,2.103,5.485,,0.601,7.359,0.013,4.838,,5.221,,0.114,2.865,,2.242,0.343,0.067,0.276,,,,0,0.573,,0.032,,0.183,0.065,0.293,1.281,0,0.21,0,,,,0.981,,,,,0.09,,9.424,,5.37,,,,0.019,,0.038,1.191,,1.591,0.371,0.844,,,0.68,0.673,0.007,,0,2.972,0.506,,2.466,51.519,,,,,,,,51.519
1998-03-01,1998,"Q1","1997/98","Q3","March",23.56,0.056,3.983,0.393,1.131,2.362,1.571,4.65,,0.549,5.499,0.016,3.35,,8.512,,0.094,6.687,,1.731,0.659,0.365,0.294,,,,0,0.504,,0.253,,0.068,0.049,0.134,1.79,0.138,0.516,0.044,,,0.2,0.69,,,,,0.192,0.01,7.45,,3.655,,,,,,,1.121,,1.094,0.369,1.211,,,0.916,0.649,0.267,,0,5.119,0.604,,4.515,48.51,,,,,,,,48.51
1998-04-01,1998,"Q2","1997/98","Q4","April",14.314,0.033,2.518,0.232,0.596,1.436,0.945,2.637,,0.265,3.245,0.016,2.391,,2.586,,0.087,1.511,,0.988,0.75,0.608,0.115,,,,0.0270000000000001,0.204,,0.014,0.016,0.016,0.029,0.129,0.491,0.011,0.244,0,,,,0.228,,,,,0.008,,6.228,,3.392,,,,0.003,,0.097,1.325,,0.645,0.174,0.593,,-0.00100000000000033,0.57,0.567,0.003,,0,3.368,0.187,,3.181,28.511,,,,,,,,28.511
1998-05-01,1998,"Q2","1997/98","Q4","May",14.264,0.036,2.523,0.291,0.645,1.654,1.042,2.313,,0.287,3.512,0.011,1.95,,2.254,,0.068,1.091,,1.095,0.19,0.042,0.124,,,,0.024,0.333,,0.106,,,0.031,0.196,1.145,0.01,0.353,0,,,0.144,0.388,,,,0.015,0.207,0.028,5.6,,2.951,,,,0,,,1.373,,0.697,0.17,0.408,,0.000999999999999446,0.549,0.516,0.005,,0.028,2.077,0.32,,1.757,26.412,,,,,,,,26.412
1998-06-01,1998,"Q2","1997/98","Q4","June",30.205,0.077,5.422,0.542,1.441,3.208,2.205,4.639,,0.619,7.583,0.01,4.459,,9.575,,0.108,7.157,,2.31,0.411,0.121,0.268,,0.022,,,0.668,,0.118,,0.025,0.067,0.458,0.907,0,0.217,0.044,,,0.17,0.274,,,,,0.2,0.002,6.552,0.018,2.526,,,,0,,,1.468,,1.558,0.368,0.562,,0.0519999999999996,0.917,0.434,0.004,,0.479,1.988,0.491,,1.497,51.223,,,,,,,,51.223
1998-07-01,1998,"Q3","1998/99","Q1","July",30.649,0.078,6.228,0.59,1.428,3.487,2.383,3.75,,0.625,7.657,,4.422,0.00100000000000122,5.36,,0.034,2.995,,2.331,0.338,0.068,0.27,,,,,0.778,,0.372,,0.025,0.068,0.313,0.468,0.02,0.121,0,,,,,,,,,0.327,,7.583,,4.57,,,,0,,,,,1.521,0.422,1.07,,0,0.027,,0,,0.027,4.9295,0.847,,4.0825,50.1325,,,,,,,,50.1325
1998-08-01,1998,"Q3","1998/99","Q1","August",29.489,0.065,5.259,0.454,1.241,3.063,1.842,6.324,,0.92,6.356,0.032,3.933,,3.239,,0.162,1.142,,1.935,0.392,0.168,0.224,,,,,0.412,,0.074,0.246,0.022,0.056,0.014,0.516,0,0.071,0.047,,,,0.203,,,,,0.195,,4.889,,1.839,,,,0,,,0.602,,1.652,0.309,0.487,,,0.745,0.664,0.081,,0,3.3045,0.401,,2.9035,42.9865,,,,,,,,42.9865
1998-09-01,1998,"Q3","1998/99","Q1","September",17.926,0.039,2.592,0.27,0.726,2.069,1.508,4.125,,0.481,3.782,0.007,2.327,,1.835,,0.098,0.586,,1.151,0.187,0.053,0.134,,,,,0.936,,0.167,0.406,0.029,0.033,0.301,0.74,0.01,0.114,,,,0.047,0.302,,,,,0.267,,6.359,0.002,3.794,,,,0.008,,,1.363,,0.84,0.184,0.142,,0.0259999999999998,0.592,0.59,0.002,,0,2.1295,0.217,,1.9125,30.7045,,,,,,,,30.7045
1998-10-01,1998,"Q4","1998/99","Q2","October",19.449,0.02,1.948,0.437,1.029,2.008,0.61,5.8,,0.613,1.916,0.034,5.034,,1.718,,0.377,0.757,,0.584,0.454,0.017,0.068,,,,0.369,0.763,,0.008,0.49,,0.017,0.248,0.549,0.002,0.008,,,,0.094,0.147,,,,,0.298,,3.927,0.023,2.129,,,,,,,1.089,,0.436,0.102,0.148,,,1.816,0.97,0.846,,0,0.2525,0.144,,0.1085,28.9285,,,,,,,,28.9285
1998-11-01,1998,"Q4","1998/99","Q2","November",28.943,0.048,5.071,0.451,1.139,2.415,1.359,6.316,,0.583,4.695,0.043,6.707,0.116000000000007,2.637,,0.195,1.02,,1.422,0.482,0.09,0.165,,,,0.227,0.411,,0.245,,0.125,0.041,0,1.314,0,0.127,0.085,,,0.37,0.064,,,,0.013,0.655,,7.143,,3.458,,,,,,0.507,1.558,,1.16,0.235,0.225,,,3.577,2.135,1.413,,0.0289999999999999,2.4505,0.598,,1.8525,46.9575,,,,,,,,46.9575
1998-12-01,1998,"Q4","1998/99","Q2","December",43.465,0.147,7.755,0.669,1.876,4.129,2.906,9.053,,0.79,9.371,0.005,6.738,0.0260000000000034,4.115,,0.226,0.99,,2.899,1.189,0.793,0.331,,,,0.0649999999999999,0.539,,0.307,0.002,0.136,0.083,0.011,2.01,0.003,0.598,0.085,,,0.26,0.123,,,,0.012,0.929,,9.047,0.067,3.185,,,,,,0.291,2.652,,2.046,0.455,0.351,,,5.205,0.245,4.96,,0,0.7655,0.792,,-0.0265,66.3355,,,,,,,,66.3355
1999-01-01,1999,"Q1","1998/99","Q3","January",38.4541218662953,0.141,7.726,0.622,1.608,4.066,2.597,6.632,0.04,0.853,8.71509888579387,0.003,5.45102298050139,,3.91,,0.162425,0.998225,,2.74935,0.45325,0.13385,0.3194,,,,,0.489275,,0.194425,,0.218,0.07685,,1.001425,0.016,0.166425,0.072,,,0.073,0.047,,,,,0.627,,8.118,0.34,3.812,,,,,,0.14,1.127,,1.89,0.423,0.386,,,3.588,0.83,2.758,,,2.9905,0.511,,2.4795,59.0045718662953,,,,,,,,59.0045718662953
1999-02-01,1999,"Q1","1998/99","Q3","February",35.184,0.081,6.321,0.598,1.472,3.449,2.279,5.872,0.159,0.713,7.89043314763231,0.004,6.21312883008357,0.13243802228412,3.738,,0.093825,1.224025,,2.42015,0.431,0.14565,0.2786,,,,0.00675000000000002,0.550475,,0.454825,,0.026,0.06965,,1.948825,0.036,0.865825,0,,,0.258,0.186,,,,,0.559,0.044,7.921,0.004,3.665,0.005,,,,,0.326,1.1,,2.121,0.383,0.313,,0.004,2.271,0.419,1.852,,,4.3355,0.944,,3.3915,56.3798,,,,,,,,56.3798
1999-03-01,1999,"Q1","1998/99","Q3","March",27.73,0.37,4.717,0.388,1.181,2.434,1.54,5.397,0,0.534,5.15325955431755,0.003,6.01087919220056,0.00186125348189492,2.62,,0.064627,0.924659,,1.630714,0.61,0.326254,0.260016,,0.022,,0.00172999999999986,0.596,,0.385627,0.029,0.132,0.047254,0.00211899999999998,2.990627,0.054,1.418627,0,0.016,,0.678,0.18,,,,,0.624,0.02,6.641,0.002,2.941,0.015,,,,,0.459,1.264,,1.283,0.285,0.392,,0,5.241,1.234,3.868,,0.139,4.8105,0.631,,4.1795,51.239127,,,,,,,,51.239127
1999-04-01,1999,"Q2","1998/99","Q4","April",14.687146183844,0.031,2.091,0.2635,0.5736,1.94,0.908,1.9578,0,0.2493,2.84651153203343,0.0147,3.81173465181059,,1.554,,0.114446,0.483582,,0.955972,0.18446,0.026892,0.116568,,0.041,,,0.377,,0.138446,0,0.194,0.026892,0.017662,1.712446,0.069,0.580446,0.034,0.062,,0.401,0.087,0.052,,,,0.419,0.008,5.35,0.464,2.38,0.009,,0.019,,,0.014,0.768,,0.815,0.216,0.665,,0,2.606,0.371,2.221,,0.0139999999999998,5.2285,0.721,,4.5075,31.699552183844,,,,,,,,31.699552183844
1999-05-01,1999,"Q2","1998/99","Q4","May",19.452,0.099,2.923,0.325,0.869,2.02,1.311,2.735,0,0.358,3.91146908077994,0.025,4.87467520891365,0.000855710306410629,2.564,,0.20336,1.00112,,1.35952,0.275,0.11472,0.15488,,0,,0.00539999999999994,0.25308,,0.02136,0.004,0.189,0.03872,,1.502823,0.005087,0.56936,0.049,,,0.269404,0.10263,,,,,0.507342,,8.018272,0.020381,4.515417,0.002,,,0.0087,,0.421881,1.428137,,0.892,0.243,0.486756,,,4.365032,0.671032,3.621632,,0.072368,3.476557,0.936,0.163057,2.3775,39.906764,,,,,,,,39.906764
1999-06-01,1999,"Q2","1998/99","Q4","June",27.104,0.066,4.543,0.47,1.213,3.085,1.951,4.08,0,0.53,6.43396501392758,0.036,4.69483158774373,0.00120339832868765,2.801,,0.136666,0.655322,,2.009012,0.52266,0.253332,0.229328,,0.04,,,0.289,,0.059666,0.034,0.136,0.057332,0.00200199999999995,1.534112,0.0112,0.690666,0.128,0.024,,0.134988,0.050584,,,,0.008719,0.473623,0.012332,6.089522,0.00111,2.443719,0.00396,,,,0.132875,0.290999,1.248994,,1.326,0.249,0.34604,,0.0468249999999992,2.934478,0.304478,2.492175,,0.137825,3.5901,0.4856,,3.1045,44.864872,,,,,,,,44.864872
1999-07-01,1999,"Q3","1999/00","Q1","July",20.899,0.05,3.465,0.415,0.913,2.239,1.483,2.86,0,0.402,4.92930077994429,0.022,4.11997891364903,0.000720306406687854,2.374,,0.062747,0.776699,,1.534554,0.46,0.195494,0.179976,,0.027,,0.05753,0.212,,0.030747,0,0.133,0.043494,0.00475899999999999,1.32869,0.037119,0.534747,0.077,,,0.20883,0.047595,,,,0.04229,0.381109,,5.912353,0.028922,3.374617,,,,0.006485,,0.180524,0.61937,,1.032,0.239,0.431435,,,3.234935,0.538935,2.689416,,0.00658400000000015,3.73162,0.616,,3.11562,38.152598,,,,,,,,38.152598
1999-08-01,1999,"Q3","1999/00","Q1","August",19.617,0.06,2.989,0.314,0.851,1.837,1.443,2.768,0,0.354,4.76750534818941,0.003,4.21511969359331,0.0153749582172722,1.663,,0.019113,0.324921,,1.318966,0.479,0.265226,0.152904,,0.029,,0.0318699999999999,0.214,,0.137113,0.014,0.019,0.038226,0.00566099999999997,0.325,,0.139113,,,,0.026,,,0.005,,,0.155,-0.000112999999999974,5.535,0.079,3.004,,,,0.013,,0.016,0.376,,0.936,0.21,0.899,,0.00199999999999978,3.358,0.237,3.083,,0.0379999999999998,3.55462,0.336,,3.21862,34.74562,,,,,,,,34.74562
1999-09-01,1999,"Q3","1999/00","Q1","September",15.627,0.031,2.872,0.233,0.562,1.326,0.896,2.093,0,0.247,3.02815905292479,0.004,4.33368203342618,0.00115891364902332,1.667,,0.170365,0.574205,,0.92243,0.244,0.13673,0.10692,,0,,0.000350000000000017,0.213,,0.141365,0.001,0.041,0.02673,0.00290499999999999,0.429649,0.009203,0.217365,,,,0.181876,,,,,,0.021205,,5.567419,0.019987,3.722926,,,,,,,0.616784,,0.627,0.171,0.408541,,0.00118099999999988,2.828581,0.775581,2.025058,,0.0279419999999999,4.13862,0.36,,3.77862,30.715269,,,,,,,,30.715269
1999-10-01,1999,"Q4","1999/00","Q2","October",14.1738275487465,0.031,2.122,0.231,0.574,1.331,0.935,2.513,0,0.25,3.08342623955432,0.004,3.0994013091922,,1.275,,0.092503,0.250551,,0.931946,0.21703,0.109006,0.108024,,0,,,0.338,,0.297503,,,0.027006,0.013491,0.801503,0.006,0.329503,,0.008,,0.325,0.007,,,,,0.126,,4.78,0.06,3.0145,,,,,,0.1,0.6305,,0.608,0.149,0.218,,,1.496,0.175,1.317,,0.004,3.07862,0.513,0.096,2.46962,26.1599805487465,,,,,,,,26.1599805487465
1999-11-01,1999,"Q4","1999/00","Q2","November",24.044,0.05,3.751,0.621,1.598,2.742,2.485,3.959,,0.71,4.398,,3.73,,2.439,,0.038,0.656,,1.745,0.452,0.137,0.307,,0.008,,,0.432,,0.355,,,0.077,,0.592,0.044,0.275,,,,0.188,,,,,,0.085,,5.438,0.028,3.25,,,,,,0.011,0.498,,0.725,0.422,0.504,,,0.219,0.196,0.023,,,3.62562,0.876,0.095,2.65462,37.24162,,,,,,,,37.24162
1999-12-01,1999,"Q4","1999/00","Q2","December",23.008,0.054,3.681,0.38,1.319,3.04,1.519,3.526,,0.674,5.318,,3.497,,3.29,,0.255,0.522,,2.513,0.521,0.227,0.252,,,,0.042,0.299,,0.166,,0.081,0.052,,0.905,0.024,0.252,0.026,0.003,,0.181,0.078,,,,,0.341,,6.124,,2.708,0.008,,,,,0.091,1.34,,1.156,0.439,0.382,,,0.503,0.152,0.351,,,5.67462,0.739,0.026,4.90962,40.32462,,,,,,,,40.32462
2000-01-01,2000,"Q1","1999/00","Q3","January",20.628,0.048,3.22,0.337,0.864,2.005,1.341,3.93,,0.382,4.682,,3.819,,2.828,,0.021,1.35,,1.457,0.56,0.316,0.165,,,,0.079,0.58,,0.194,0.308,0.037,0.041,,1.789,0.003,0.457,0.109,,,0.489,0.122,,0.012,,0.023,0.574,,6.964,0.012,4.851,,,,,,0.245,0.389,,0.987,0.237,0.243,,,0.984,0.332,0.033,,0.619,7.96662,0.485,,7.48162,42.29962,,,,,,,,42.29962
2000-02-01,2000,"Q1","1999/00","Q3","February",15.747,0.034,2.485,0.269,0.921,1.408,0.965,2.545,,0.275,3.365,,3.48,,2.52,,0.015,1.48,,1.025,0.449,0.278,0.119,,,,0.052,0.293,,0.092,0.01,0.161,0.03,,2.541,0.009,1.182,0.216,0.011,,0.445,0.105,0.036,0.089,,0.174,0.274,,5.84,,3.881,,,,,,0.105,0.432,,0.931,0.276,0.215,,,0.445,0.277,0.158,,0.01,11.21562,0.509,,10.70662,39.05062,,,,,,,,39.05062
2000-03-01,2000,"Q1","1999/00","Q3","March",15.897,0.407,1.944,0.566,0.42,0.974,0.679,2.348,,0.187,2.286,,6.086,,2.904,,0.01,2.198,,0.696,0.532,0.412,0.082,,0.029,,0.009,0.067,,0.047,,,0.02,,1.746,0.052,0.223,0.054,0.044,,0.575,0.152,,0.012,,0.024,0.61,,5.724,,3.588,,,,0.011,,0.256,0.368,,0.901,0.134,0.466,,,0.78,0.521,0.021,,0.238,14.00962,0.131,,13.87862,41.65962,,,,,,,,41.65962
2000-04-01,2000,"Q2","1999/00","Q4","April",9.488,0.377,0.822,0.093,0.26,1.756,0.377,1.393,,0.097,1.21,,3.103,,2.788,,0.223,1.648,,0.917,0.549,0.444,0.042,,,,0.063,0.326,,0.144,,0.171,0.011,,6.049,3.336,0.936,0.203,,,0.59,0.074,,0.073,,0.146,0.691,,5.476,,2.947,,,,,,0.219,0.951,,0.474,0.16,0.725,,,1.545,0.336,1.191,,0.018,7.25062,0.522,,6.72862,33.47162,,,,,,,,33.47162
2000-05-01,2000,"Q2","1999/00","Q4","May",9.343,0.049,1.213,0.124,0.784,0.732,0.618,1.877,0.013,0.141,1.732,,2.06,,1.674,,0.047,1.099,,0.528,0.39,0.279,0.061,,,,0.05,0.186,,0.008,,0.163,0.015,,2.558,0.044,0.626,0.187,0.047,,0.423,0.123,0.032,0.072,,0.293,0.711,,8.617,0.045,6.394,,,,,,0.316,0.856,,0.35,0.084,0.517,,0.0550000000000015,0.831,0.572,0.218,,0.041,7.52062,0.746,,6.77462,31.11962,,,,,,,,31.11962
2000-06-01,2000,"Q2","1999/00","Q4","June",13.144,0.029,1.925,0.265,1.128,1.289,0.916,2.505,0.013,0.228,2.797,,2.049,,2.343,,0.107,0.746,,1.49,0.456,0.265,0.099,,,,0.092,0.428,,0.166,,0.237,0.025,,2.403,0.019,0.761,0.135,,,0.294,0.185,,0.047,,0.096,0.866,,9.631,,6.556,,0.015,,,,0.093,1.134,,0.691,0.248,0.829,,0.0649999999999995,1.978,1.872,0.091,,0.015,7.19262,0.579,,6.61362,37.57562,,,,,,,,37.57562
2000-07-01,2000,"Q3","2000/01","Q1","July",14.836,0.031,2.098,0.243,0.86,1.412,0.998,2.772,,0.249,3.048,,3.125,,2.321,,0.076,0.317,,1.928,0.399,0.291,0.108,,,,,0.408,,0.209,,0.172,0.027,,2.218,0.01,0.607,0.044,0.088,,0.019,0.083,,,,,1.367,,7.478,,5.147,,,,,,0.122,0.75,,0.513,0.164,0.782,,,0.514,0.463,0.035,0.009,0.00699999999999999,6.7166,0.575,,6.1416,34.8906,,,,,,,,34.8906
2000-08-01,2000,"Q3","2000/01","Q1","August",9.144,,1.497,0.156,0.427,1.674,0.718,1.099,0.035,0.179,2.19,,1.169,,1.812,,0.116,0.934,,0.762,0.793,0.269,0.524,,,,,0.187,,0.103,,0.065,0.019,,1.86,0.056,0.585,0.03,,0.068,0.058,0.132,0.031,,,0.017,0.883,,7.939,,4.692,,,,,,0.214,1.523,,0.468,0.106,0.936,,,0.526,0.402,0.033,0.091,0,5.3926,0.693,,4.6996,27.6536,,,,,,,,27.6536
2000-09-01,2000,"Q3","2000/01","Q1","September",8.736,0.021,1.431,0.149,0.384,0.926,0.68,1.585,0.036,0.171,2.129,,0.925,0.298999999999998,0.851,,0.046,0.167,,0.638,0.382,0.19,0.074,,,,0.118,0.607,,0.067,0.157,0.365,0.018,,2.199,1.757,0.243,0.061,,,0.069,0.069,,,,,,,6.639,,4.235,,,,,,0.044,0.994,,0.42,0.144,0.748,,0.0539999999999994,0.844,0.602,0.223,,0.019,10.6306,0.745,,9.8856,30.8886,,,,,,,,30.8886
2000-10-01,2000,"Q4","2000/01","Q2","October",6.736,0.013,2.086,0.122,0.248,0.534,0.498,1.021,,0.102,1.25,,0.57,0.292,1.232,,0.089,0.762,,0.381,0.201,0.13,0.044,,,,0.027,0.57,,0.233,0.286,0.04,0.011,,1.954,,0.832,0.027,0.087,,0.031,0.078,,,,,0.899,,6.697,,4.799,,,,,,0.008,0.787,,0.332,0.17,0.601,,,0.679,0.508,0.171,,,10.6336,0.072,,10.5616,28.7026,,,,,,,,28.7026
2000-11-01,2000,"Q4","2000/01","Q2","November",11.597,0.019,2.958,0.141,0.977,0.798,0.633,2.169,,0.156,1.91,,1.781,0.055,2.389,,0.318,1.443,,0.628,0.379,0.312,0.067,,,,,0.542,,0.138,0.249,0.062,0.036,0.057,4.1,0.051,1.127,0.058,,,0.117,0.14,,0.011,,,2.596,,7.207,,4.411,,,,,,0.166,1.234,,0.429,0.413,0.551,,0.00299999999999923,2.616,0.331,2.285,,,13.2456,0.776,,12.4696,42.0756,,,,,,,,42.0756
2000-12-01,2000,"Q4","2000/01","Q2","December",10.594,,1.314,0.142,0.473,1.216,0.64,3.052,0.037,0.156,1.915,,1.589,0.06,1.315,,0.008,0.724,,0.583,0.201,0.097,0.068,,,,0.036,0.426,,0.203,,0.198,0.025,,1.901,0.023,0.414,0.107,,,0.154,0.091,,,,,1.112,,6.61,,3.905,,,,,,0.032,0.586,,0.449,0.417,1.221,,,0.385,0.315,0.059,,0.011,9.3866,0.622,,8.7646,30.8186,,,,,,,,30.8186
2001-01-01,2001,"Q1","2000/01","Q3","January",22.579,0.029,2.078,0.203,0.709,3.292,0.914,3.906,0.188,0.345,3.601,0.113,1.467,5.734,3.982,,0.013,3.016,,0.953,0.443,0.304,0.125,,0.014,,,0.856,,0.258,0.049,0.503,0.025,0.021,4.415,0.048,0.27,0.045,0.039,,,0.18,,0.036,,,3.797,,7.491,,4.545,0.004,,,,,0.1,0.881,,0.741,0.269,0.951,,,0.295,0.223,0.057,,0.015,1.9946,0.573,,1.4216,42.0556,,,,,,,,42.0556
2001-02-01,2001,"Q1","2000/01","Q3","February",19.372,0.026,1.844,0.184,0.728,1.311,0.795,3.951,0.041,0.21,2.611,,2.428,5.243,2.006,,0.011,1.178,,0.817,0.351,0.211,0.096,,,,0.044,0.521,,0.072,0.039,0.387,0.023,,2.536,0.015,0.416,0.031,,,0.402,0.119,0.03,0.062,,0.124,1.337,,7.809,,3.748,,,,,,0.328,1.053,,0.762,0.331,1.587,,,0.627,0.485,0.125,0.002,0.015,7.0686,0.509,,6.5596,40.2906,,,,,,,,40.2906
2001-03-01,2001,"Q1","2000/01","Q3","March",19.215,0.019,2.747,0.152,1.323,1.995,0.919,4.04,,0.15,1.932,0.001,2.238,3.699,3.447,,0.04,2.849,,0.558,0.441,0.314,0.065,,0.016,,0.046,0.468,,0.258,,0.194,0.016,,3.06,0.102,0.487,0.08,0.065,,0.128,0.19,,0.039,,0.029,1.94,,6.074,,3.102,0.002,,,,,0.431,1.146,,0.514,0.367,0.51,,0.002,2.072,0.378,1.374,0.249,0.071,3.8356,0.651,,3.1846,38.6126,,,,,,,,38.6126
2001-04-01,2001,"Q2","2000/01","Q4","April",17.357,0.029,1.328,0.001,0.449,3.62,0.746,3.409,0.103,0.142,1.973,0.092,2.242,3.223,3.412,0.005,0.021,2.796,,0.59,0.605,0.502,0.03,,,,0.073,0.352,,0.286,,0.055,,0.011,3.529,0.023,0.679,0.049,0.014,,0.112,0.147,0.03,,,,2.475,,7.626,,3.53,0.003,0.005,,,,0.148,1.41,,0.603,0.316,1.61,,0.00100000000000033,2.404,0.295,2.109,,,4.5336,0.304,,4.2296,39.8186,,,,,,,,39.8186
2001-05-01,2001,"Q2","2000/01","Q4","May",17.045,0.017,0.89,0.013,0.113,0.63,0.926,5.118,0.112,0.079,0.747,0.001,4.885,3.514,3.12,,0.021,3.047,,0.052,0.856,0.624,0.03,,0.005,,0.197,1.624,,0.271,0.007,0.945,,0.401,2.745,0.055,0.336,,0.024,0.166,,0.243,0.03,,,,1.891,,9.042,,4.37,0.003,,,,,0.851,1.457,,0.157,0.25,1.953,,0.000999999999999446,4.249,0.464,3.682,0.103,,1.7816,0.5,,1.2816,40.4626,,,,,,,,40.4626
2001-06-01,2001,"Q2","2000/01","Q4","June",14.549,,1.781,0.111,0.257,0.547,0.894,3.175,0.019,0.165,0.757,0.002,2.532,4.309,3.396,0.005,0.023,3.044,,0.324,0.681,0.518,0.01,,,,0.153,0.213,,,0.007,0.144,,0.062,2.945,,0.649,0.022,0.019,,,0.236,,,0.025,,1.994,,7.337,,3.346,0.002,,,,,0.419,1.675,,0.504,0.42,0.968,,0.003,3,1.599,1.116,0.037,0.248,3.2966,0.471,,2.8256,35.4176,,,,,,,,35.4176
2001-07-01,2001,"Q3","2001/02","Q1","July",15.696,0,1.527,0.03,0.423,0.709,0.586,4.225,0.045,0.018,0.46,0.013,3.639,4.021,4.05,0,0.039,3.847,0,0.164,0.653,0.448,0,0,0,0.002,0.203,0.251,0,0.114,0,0.125,0,0.012,2.209,,0.361,0.075,0,0,0.151,0.178,0.081,0,0,0.036,1.327,0,8.026,0.008,3.348,0.003,0,0.001,0.007,0,0.272,1.235,0,0.514,1.309,1.322,,0.007,4.196,0.597,3.401,0,0.198,1.924393,0.219,0,1.705393,37.005393,,,,,,,,37.005393
2001-08-01,2001,"Q3","2001/02","Q1","August",18.52,0.003,3.668,0.004,0.15,2.153,1.299,3.106,0.047,0.018,0.888,0,2.263,4.921,5.131,0,0.223,4.622,0,0.286,0.95,0.792,0.046,0,0,0,0.112,0.806,0,0.275,0.006,0.404,0,0.121,3.159,0.016,0.288,0.024,0.001,0.005,0.006,0.584,0,0,0,0,2.228,0.00699999999999967,7.575,0.026,2.871,0.012,0.007,0,0,0.152,0.817,0.963,0,0.95,0.264,1.513,,0,2.168,0.852,1.303,0,0.0130000000000001,3.71569573000001,0.268,0,3.44769573000001,42.02469573,,,,,,,,42.02469573
2001-09-01,2001,"Q3","2001/02","Q1","September",14.552,0,4.652,0.007,0,0.323,0.793,4.878,0.238,0,0.866,0.003,0.877,1.915,1.607,0,0.035,1.572,0,0,0.964,0.295,0.432,0,0,0,0.237,1.533,0,0.349,0.024,1.149,0,0.0109999999999999,3.287,0.008,0.616,0.101,0.043,0,0.25,0.275,0.072,0,0,0,1.922,0,5.351,0.001,1.206,0,0,0,0.001,0,1.046,0.699,0,0.902,0.443,1.019,,0.034,2.148,0.304,1.592,0.087,0.165,4.973887,0.216,0,4.757887,34.415887,,,,,,,,34.415887
2001-10-01,2001,"Q4","2001/02","Q2","October",12.997,0,1.87,0.012,0.343,0.435,0.528,4.075,0,0.103,0.839,0.01,2.554,2.228,2.059,0,0.251,1.808,0,0,0.351,0.165,0,0,0,0,0.186,0.571,0,0.041,0,0.528,0,0.00199999999999989,4.657,0.035,0.955,0.247,0.012,0,0.266,0.245,0.012,0,0,0.117,2.761,0.00699999999999967,6.495,0.026,3.348,0,0,0,0.008,0,0.041,0.895,0,0.603,0.325,1.033,,0.216000000000001,4.251,1.165,3.057,0.005,0.024,2.9525,0.606,0,2.3465,34.3335,,,,,,,,34.3335
2001-11-01,2001,"Q4","2001/02","Q2","November",12.642,0.037,1.425,0.038,1.052,0.754,0.139,5.107,0,0.165,0.955,0.003,0.937,2.03,2.146,0,0.022,2.124,0,0,1.232,0.838,0.21,0,0,0,0.184,1.134,0.015,0.385,0,0.721,0,0.013,3.235,0.031,1.057,0.041,0,0,0.173,0.103,0,0,0,0,1.83,0,6.866,0.005,4.202,0.001,0,0.053,0,0,0.099,0.725,0,0.461,0.055,1.155,,0.11,5.041,0.352,4.689,0,0,2.53189,0.341,0,2.19089,34.82789,,,,,,,,34.82789
2001-12-01,2001,"Q4","2001/02","Q2","December",18.54,0,2.28,0.032,0.137,1.262,0.884,4.294,0,0,0.87,0.065,0.749,7.967,3.211,0,0.036,3.16,0,0.0149999999999997,0.712,0.492,0.22,0,0,0,0,1.068,0,0.404,0,0.61,0,0.054,1.973,0,0.668,0,0.001,0,0,0.102,0.004,0,0,0,1.198,0,6.194,0,3.932,0,0,0,0.108,0,0.256,0.41,0,0.238,0.13,1.119,,0.001,3.487,0.384,3.103,0,0,3.53204,0.27,0,3.26204,38.71704,,,,,,,,38.71704
2002-01-01,2002,"Q1","2001/02","Q3","January",18.994,0,1.854,0.065,0.379,0.665,0.667,4.078,0,0,0.752,0.009,1.678,8.847,2.874,0,0.199,2.675,0,0,3.368,0.55,0.058,0,0,0,2.76,0.622,0,0.049,0,0.543,0,0.0299999999999999,4.292,0.014,2.022,0.07,0,0,0,0,0,0,0,0,2.186,0,6.182,0,3.88,0,0,0,0.294,0,0.451,0.982,0,0.24,0.008,0.327,,0,3.295,0.442,2.849,0,0.004,2.944466,0.389,0,2.555466,42.571466,,,,,,,,42.571466
2002-02-01,2002,"Q1","2001/02","Q3","February",14.473,0.001,1.865,0.169,0.172,0.717,0.432,3.602,0.083,0.032,0.841,0.009,1.489,5.061,3.227,0,0.042,3.068,0,0.117,1.103,0.417,0,0,0,0,0.686,0.585,0,0.045,0.003,0.534,0,0.00299999999999989,3.107,0.004,0.707,0.035,0.547,0,0,0.044,0.031,0,0,0,1.739,0,8.569,0,4.041,0.001,0,0,0.539,0,0.468,1.57,0,0.342,0,1.453,,0.154999999999999,3.155,0.488,2.618,0,0.0489999999999999,3.53977,0.34,0,3.19977,37.75877,,,,,,,,37.75877
2002-03-01,2002,"Q1","2001/02","Q3","March",18.013,0.003,3.687,0.123,0.798,0.978,0.277,4.671,0,0.06,1.013,0.009,1.32,5.074,3.67,0,0.082,2.614,0,0.974,1.179,0.775,0.158,0,0,0,0.246,0.366,0,0,0,0.259,0,0.107,3.079,0.005,1.167,0,0.015,0.037,0.302,0.052,0,0,0,0,1.483,0.0180000000000002,7.871,0,4.114,0,0,0,0.696,0,0.458,1.019,0,0.426,0.103,1.055,,0,5.605,0.498,4.298,0,0.809,7.48921469000001,0.609,0,6.88021469000001,47.27221469,,,,,,,,47.27221469
2002-04-01,2002,"Q2","2001/02","Q4","April",13.731,0.076,2.017,0.071,0.952,0.398,0.111,3.822,0.012,0,0.879,0,1.854,3.539,3.664,0,0.024,3.559,0,0.081,2.177,1.171,0.063,0,0,0,0.943,0.695,0,0.179,0,0.335,0,0.181,2.416,0.03,1.098,0.04,0.356,0.018,0.101,0.05,0,0.001,0,0,0.722,0,8.914,0,4.676,0,0,0,0.696,0.02,1.029,0.816,0,0.435,0.084,1.153,,0.00500000000000078,4.979,0.421,3.409,0,1.149,3.30479,0.356,0,2.94879,39.88079,,,,,,,,39.88079
2002-05-01,2002,"Q2","2001/02","Q4","May",16.418,0.001,2.439,0.142,0.221,2.038,0.153,4.709,0.016,0,0.737,0.01,1.881,4.071,3.923,0,0.223,3.683,0,0.0170000000000003,0.687,0.385,0.006,0,0,0,0.296,0.539,0,0.125,0.01,0.327,0,0.077,2.294,0.042,0.947,0.048,0.17,0,0.148,0.084,0.009,0.001,0,0,0.845,,7.221,0,3.863,0.001,0,0,0.046,0,0.692,1.039,0,0.454,0.091,0.574,,0.461000000000001,5.011,0.356,3.826,0,0.829,3.18978999999999,0.306,0,2.88378999999999,39.28279,,,,,,,,39.28279
2002-06-01,2002,"Q2","2001/02","Q4","June",18.529,0.003,1.784,0.054,0.293,2.203,0.053,3.54,0.077,0.078,0.563,0.003,1.611,8.267,2.487,0,0.005,2.237,0,0.245,0.956,0.526,0.058,0,0,0,0.372,1.08,0,0.467,0,0,0.548,0.0649999999999999,2.435,0.031,0.553,0.049,0,0.001,0.185,0.086,0,0,0,0,1.511,0.0190000000000001,7.622,0,4.399,0,0,0,0.001,0,0.969,1.108,0,0.475,0.125,0.545,,0,5.899,0.424,4.745,0.079,0.651,2.943352,0.482,0,2.461352,41.951352,,,,,,,,41.951352
2002-07-01,2002,"Q3","2002/03","Q1","July",15.177,0,1.737,0.008,0.402,0.218,0.322,2.733,0.069,0.036,0.821,0,0.544,8.287,2.563,0,0.005,2.385,0,0.173,2.193,0.424,0.004,0,0,0,1.765,1.688,0,0.384,0.035,1.252,0,0.0169999999999999,2.424,0.021,0.887,0,0,0.002,0.139,0.011,0,0,0,0.007,1.321,0.036,8.07,0,4.226,0,0,0,0.001,0,0.405,1.082,0,0.648,0.141,1.13,,0.436999999999999,6.003,0.414,4.951,0.003,0.635000000000001,2.26125100000001,0.278,0,1.98325100000001,40.379251,,,,,,,,40.379251
2002-08-01,2002,"Q3","2002/03","Q1","August",12.923,0.008,1.294,0.074,0.173,0.215,0.671,4.622,0.046,0.068,0.51,0.02,0.552,4.67,1.825,0,0.011,1.693,0,0.121,1.158,0.492,0.015,0,0,0,0.651,1.067,0,0.107,0.004,0.948,0,0.00800000000000001,2.23,0.007,0.933,0.034,0,0.002,0.144,0,0,0.001,0,0,1.103,0.00599999999999978,6.967,0.158,3.06,0.001,0,0,0.724,0,0.264,1.288,0,0.512,0.124,0.743,,0.0929999999999991,7.248,0.873,5.539,0.01,0.826000000000001,3.424227,0.629,0,2.795227,36.842227,,,,,,,,36.842227
2002-09-01,2002,"Q3","2002/03","Q1","September",14.013,0.007,1.076,0.022,0.328,0.652,0.476,4.995,0.027,0.007,0.592,0.024,0.79,5.017,2.326,0,0.021,2.148,0,0.157,2.231,1.757,0.378,0,0.003,0,0.093,0.564,0,0.159,0.005,0.319,0,0.081,2.501,0,1.888,0.052,0.019,0.004,0.152,0.011,0,0.001,0,0,0.349,0.0249999999999999,7.291,0.019,4.633,0.001,0,0,0.002,0,0,0.916,0,0.332,0.054,0.443,,0.891,3.672,0.524,2.195,0.003,0.95,3.227925,0.112,0,3.115925,35.825925,,,,,,,,35.825925
2002-10-01,2002,"Q4","2002/03","Q2","October",12.671,0.006,0.95,0.105,0.297,0.51,0.723,4.33,0.227,0.007,0.935,0,0.534,4.047,2.922,0,0.162,2.556,0,0.204,2.682,1.299,0.032,0,0,0,1.351,0.417,0,0.087,0,0.312,0,0.018,1.454,0.002,0.805,0,0.009,0.002,0.06,0.012,0,0,0.003,0.021,0.416,0.124,11.003,0.001,7.794,0.004,0.008,0,0.042,0.02,0.435,0.917,0,0.279,0.214,1.281,,0.0080000000000009,5.583,0.595,3.797,0,1.191,4.71941,0.287,0,4.43241,41.45141,,,,,,,,41.45141
2002-11-01,2002,"Q4","2002/03","Q2","November",17.035,0,1.41,0.886,0.507,1.522,0.679,3.742,0.482,0.048,0.626,0.047,0.441,6.645,2.14,0,0.305,1.725,0,0.109999999999999,0.768,0.192,0.052,0,0.007,0,0.517,0.565,0,0.185,0.018,0.334,0,0.0279999999999999,2.019,0,0.723,0,0.032,0.001,0.161,0,0,0,0,0.058,1.044,0,10.302,0,7.46,0.012,0,0,0.009,0,0.111,1.211,0,0.625,0.235,0.513,,0.126000000000003,3.712,0.216,2.484,0.025,0.987,2.43927,0.188,0,2.25127,38.98027,,,,,,,,38.98027
2002-12-01,2002,"Q4","2002/03","Q2","December",14.368,0,0.666,0.027,0.188,0.331,0.541,2.642,0.283,0.034,0.467,0,0.491,8.698,1.242,0,0.011,1.163,0,0.0680000000000001,2.643,1.838,0.03,0,0,0,0.775,0.287,0,0.073,0,0.209,0,0.005,1.45,0,0.673,0,0,0,0.051,0.167,0,0,0,0.052,0.507,0,11.297,0.04,8.155,0,0,0,0.038,0,0.956,1.171,0,0.149,0.094,0.691,,0.00300000000000367,2.425,0.264,1.338,0.007,0.816,2.26147900000001,0.273,0,1.98847900000001,35.973479,,,,,,,,35.973479
2003-01-01,2003,"Q1","2002/03","Q3","January",18.107,0,0.573,0.002,0.026,0.184,0.469,2.474,0.305,0,0.137,0.026,0.739,13.172,4.288,0,0,3.96,0,0.328,1.116,0.204,0,0,0,0,0.912,1.051,0,0.198,0,0.7,0,0.153,5.502,0.047,4.492,0.051,0.105,0,0.22,0,0,0,0.005,0,0.582,0,9.118,0,6.022,0.006,0,0.316,0.154,0,0.477,1.077,0,0.198,0.268,0.592,,0.00799999999999912,4.758,0.309,2.94,0.009,1.5,8.91494297034723,0.752,0,8.16294297034723,52.8549429703472,,,,,,,,52.8549429703472
2003-02-01,2003,"Q1","2002/03","Q3","February",19.28,0,0,0.059,0.332,0.662,0.058,1.226,0.123,0.365,0.338,0,0.8,15.317,3.339,0,0.037,3.09,0,0.212,3.254,0.05,0.265,0,0,0,2.939,1.636,0,0.649,0,0.881,0,0.106,2.888,0,1.464,0.116,0,0.004,0.732,0.004,0,0,0,0.007,0.552,0.0089999999999999,9.797,0,5.829,0,0,0.209,0,0.035,0.29,1.682,0,0.89,0.293,0.536,,0.0329999999999995,2.497,0.355,0.726,,1.416,5.89569993153507,1.434,0,4.46169993153507,48.5866999315351,,,,,,,,48.5866999315351
2003-03-01,2003,"Q1","2002/03","Q3","March",14.856,0.317,0.042,0.001,0.264,0.295,0.167,1.935,0.915,0,0.533,0.116,0.596,9.675,3.407,0,0,3.255,0,0.152,3.411,0.332,0.009,0,0,0,3.07,3.934,0,0.95,0.293,2.679,0,0.0120000000000005,2.758,0.434,0.096,0.039,0,0,1.172,0.007,0.451,0,0.006,0.012,0.541,0,10.706,0,6.958,0,0,0.245,0,0,0.717,1.495,0,0.54,0.281,0.47,,0,2.324,0.376,0.522,0.006,1.42,3.36636270973239,1.022,0,2.34436270973239,44.7623627097324,,,,,,,,44.7623627097324
2003-04-01,2003,"Q2","2002/03","Q4","April",16.925,0,1.588,0.027,0.207,2.05,0.399,4.856,0.157,0.077,0.36,0.003,2.662,4.539,3.674,0,0.002,3.155,0,0.517,2.558,1.488,0.087,0,0.018,0,0.965,1.348,0,0.451,0,0.867,0,0.03,1.372,0.034,0.213,0,0,0,0.536,0.002,0.11,0,0,0.039,0.417,0.0210000000000001,9.663,0,4.771,0,0,0,0.004,0,0.466,1.262,0,0.251,0.011,2.866,,0.032,3.525,0.39,2.072,0.006,1.057,4.12157086129322,0.822,0,3.29957086129322,43.1865708612932,,,,,,,,43.1865708612932
2003-05-01,2003,"Q2","2002/03","Q4","May",15.643,0,1.371,0.004,0,1.12,0.414,5.096,0.472,0.461,0.597,0.101,0.462,5.545,3.138,0,0.037,3.075,0,0.0259999999999998,1.813,0.641,0.019,0,0,0,1.153,1.512,0,0.331,0.003,1.095,0,0.083,1.979,0.282,0.324,0.09,0.009,0,0.464,0.007,0,0,0,0.001,0.801,0.00100000000000033,11.092,0.075,5.783,0.001,0,0,0.017,0,1.536,2.45,0,0.957,0.072,0.139,,0.0619999999999976,3.791,0.909,1.438,0.009,1.435,3.51015727099418,0.609,0,2.90115727099418,42.4781572709942,,,,,,,,42.4781572709942
2003-06-01,2003,"Q2","2002/03","Q4","June",16.21,0.003,0.585,0.014,0.243,0.085,0.212,4.889,0.253,0.204,0.244,0.11,1.045,8.323,2.646,0,0.003,2.373,0,0.27,5.217,0.626,0.07,0,0,0,4.521,1.258,0,0.542,0,0.685,0,0.0309999999999999,1.307,0.034,0.354,0.062,0,0,0.423,0.032,0,0,0,0.018,0.384,,8.562,0,4.692,0.301,0,0,0.001,0,0.536,1.064,0,0.738,0.024,1.198,,0.00799999999999912,5.427,0.489,3.745,0.004,1.189,4.39101719753254,0.657,0,3.73401719753255,45.0180171975325,,,,,,,,45.0180171975325
2003-07-01,2003,"Q3","2003/04","Q1","July",16.771,0.007,0.076,0.032,0.005,0.559,0.143,3.145,0.567,0.465,0.496,0.219,1.57,9.487,0.93,0,0.003,0.652,0,0.275,4.81,0.27,0.059,0,0,0,4.481,1.086,0,0.27,0,0.816,0,0,3.943,0.07,0.86,0.099,0,0,1.142,0.025,0.104,0,0,0.036,1.604,0.00300000000000011,13.821,0,8.187,0,0,0,0,0,0.475,2.502,0,1.201,0,1.433,,0.0230000000000032,3.38,0.53,0.947,0,1.903,2.48908070654876,0.879,0.101,1.50908070654876,47.2300807065488,,,,,,,,47.2300807065488
2003-08-01,2003,"Q3","2003/04","Q1","August",15.672,0.005,0.845,0.005,1.121,0.34,0.809,3.6,0.057,0.049,0.457,0.064,1.943,6.377,0.511,0,0,0.415,0,0.096,6.897,2.404,1.103,0,0,0.006,3.384,1.045,0,0.291,0,0.743,0,0.0109999999999999,2.821,0.033,0.987,0.045,0.007,0.003,0.48,0.052,0.1,0,0,0,1.114,0,11.583,0.024,5.376,0,0,0,0,0,1.511,1.195,0,1.589,0.03,1.837,,0.0210000000000008,3.665,0.365,1.991,0.005,1.304,5.36551844982259,0.738,0,4.62751844982259,47.5595184498226,,,,,,,,47.5595184498226
2003-09-01,2003,"Q3","2003/04","Q1","September",18.527,0,1.611,0.091,0.693,0.078,0.087,3.668,0.227,0.039,0.047,0.004,1.591,10.391,3.386,0,0.008,3.242,0,0.136,6.149,2.787,0.062,0,0,0,3.3,1.205,0,0.484,0,0.597,0,0.124,3.898,0.096,0.203,0,0,0,0.363,0.028,0.051,0,0,0.348,2.809,0,15.675,0,8.214,0,0,0.009,0,0,1.309,2.972,0,1.048,0.179,1.93,,0.0139999999999993,5.731,0.437,3.557,0.003,1.734,2.96033166810326,0.313,0,2.64733166810326,57.5313316681033,,,,,,,,57.5313316681033
2003-10-01,2003,"Q4","2003/04","Q2","October",13.068,0,1.542,0.001,0.02,0.992,0.128,4.062,0.083,0.019,0.287,0.002,1.733,4.199,1.593,0,0.011,1.556,0,0.026,4.171,0.764,0.067,0,0,0,3.34,0.933,0,0.546,0,0.335,0,0.052,2.1,0.031,0.26,0,0.006,0,0.648,0.014,0,0,0,0,1.141,0,11.897,0.004,6.37,0.104,0,0.013,0.003,0,1.215,1.917,0,0.897,0.115,1.198,,0.0609999999999999,13.118,0.32,11.826,0,0.972,5.3105118077265,0.266,0,5.0445118077265,52.1905118077265,,,,,,,,52.1905118077265
2003-11-01,2003,"Q4","2003/04","Q2","November",13.928,0.004,1.363,0.13,0.81,0.427,0.455,3.339,0.123,0.11,0.157,0.002,1.745,5.263,2.155,0,0.087,1.881,0,0.187,1.358,1.124,0.124,0,0,0,0.11,1.788,0,0.204,0.06,1.499,0,0.0249999999999999,2.255,0.047,0.216,0.044,0.547,0,0.534,0.045,0,0,0.059,0.037,0.726,0,10.948,0.024,5.774,0.002,0,0,0.004,0,0.701,1.699,0,0.913,0.215,1.584,,0.0320000000000018,2.592,0.33,1.126,0.034,1.102,7.83382174006869,0.26,0,7.57382174006869,42.8578217400687,,,,,,,,42.8578217400687
2003-12-01,2003,"Q4","2003/04","Q2","December",18.061,0,1.031,0.002,0.593,0.258,0.031,3.393,0.237,0.019,0.13,0.001,4.385,7.981,2.523,0,0.011,2.392,0,0.12,1.409,1.323,0.086,0,0,0,0,1.627,0,0.171,0,1.434,0,0.022,1.45,0.021,0.078,0,0,0.002,0.742,0,0.004,0,0,0,0.603,0,10.235,0.031,5.06,0,0,0,0.064,0,0.749,1.294,0,0.939,0.569,1.489,,0.0400000000000009,2.485,0.481,0.743,0.035,1.226,10.1717204665362,0.37,0,9.80172046653618,47.9617204665362,,,,,,,,47.9617204665362
2004-01-01,2004,"Q1","2003/04","Q3","January",23.381,0.005,1.68,0.002,1.546,0.99,0.192,3.472,0.393,0.542,0.276,0.003,2.859,11.421,6.955,0,0.028,6.411,0,0.516000000000001,2.921,1.887,1.005,0,0.018,0,0.011,2.292,0,0.112,0,2.094,0,0.0859999999999999,3.601,0.062,0.419,0.44,0.003,0,1.742,0.027,0.061,0,0,0.034,0.808,0.00499999999999989,13.542,0.158,6.396,0,0,0.352,0,0.002,0.845,1.848,0,1.996,0.032,1.911,,0.00199999999999889,9.535,0.991,6.594,0,1.95,4.88088134413951,0.856,0,4.02488134413951,67.1078813441395,0,1.15134448693371,1.64236619397611,0.115536468332727,0.143445908680381,0.0419525164861739,3.0946455744091,70.2025269185486
2004-02-01,2004,"Q1","2003/04","Q3","February",21.429,0,1.458,0.002,1.952,0.376,0.212,5.397,,0.048,0.237,0.107,1.961,9.679,6.055,0.053,0.024,5.937,0,0.0409999999999995,4.459,2.222,0.338,0,0,0,1.899,2.447,0,0.183,0,2.202,0,0.0620000000000003,3.765,0.049,0.411,0.248,0.804,0,1.252,0.004,0.053,0,0,0.029,0.915,0,13.221,0,6.291,0,0,0,0.001,0,1.068,1.531,0,2.139,0.09,1.903,,0.197999999999999,2.905,1.361,0.657,0.005,0.882,2.62776921065075,0.558,0,2.06976921065075,56.9087692106507,0,1.27684103600948,1.82138410911951,0.128129943380995,0.159081512726542,0.0465253407831669,3.43196194201969,60.3407311526704
2004-03-01,2004,"Q1","2003/04","Q3","March",22.573,0.464,1.375,0.005,1.774,1.691,0.187,4.099,0.281,0.05,0.398,0.003,2.235,10.011,8.183,0,0.02,7.829,0,0.334000000000001,1.376,1.277,0.099,0,0,0,0,3.421,0,0.089,0,3.227,0,0.105,4.704,0.093,2.396,0.467,0.017,0,1.27,0.003,0,0,0,0,0.45,0.00799999999999912,18.131,0.055,8.466,0,0,0.368,0.001,0,2.256,2.153,0,1.846,0.092,2.795,,0.0990000000000002,3.657,1.977,0.349,0,1.331,5.04511937461168,0.434,0,4.61111937461168,67.0901193746117,0,1.41601670893451,2.01991497701353,0.142096107209523,0.176421397613735,0.051596602928532,3.80604579369983,70.8961651683115
2004-04-01,2004,"Q2","2003/04","Q4","April",17.496,0,2.905,0.017,1.67,0.477,0.401,4.838,0.093,0.031,0.432,0.001,1.076,5.555,5.115,0,0.023,4.486,0,0.606000000000001,1.557,1.451,0.106,0,0,0,0,2.775,0,0.051,0,2.626,0,0.0979999999999999,2.899,0.012,0.618,0.126,0.569,0,0.356,0.031,0.378,0,0.013,0,0.796,0,13.821,0,6.277,0,0,0.117,0,0.682,0.903,2.21,0,1.289,0.036,2.304,,0.00300000000000011,12.862,0.867,11.141,0.001,0.853,4.69385897044436,0.183,0,4.51085897044436,61.2188589704444,0,1.57036253020838,2.240085709508,0.157584582895361,0.195651329953633,0.057220632647742,4.22090478521312,65.4397637556575
2004-05-01,2004,"Q2","2003/04","Q4","May",17.403,0,0,0,0,0,0,0,0,0,0,0,0,17.403,5.208,0,0,0,0,5.208,0,0,0,0,0,0,0,2.775,0,0,0,0,0,2.775,2.899,0,0,0,0,0,0,0,0,0,0,0,0,2.899,14.688,0,0,0,0,0,0,0,0,0,0,0,0,0,,14.688,11.995,0,0,0,11.995,-5.16096535177723,0,0,-5.16096535177723,49.8070346482228,0,1.74153204600109,2.48425505184438,0.174761302430955,0.216977324918578,0.0634576816063459,4.68098340680134,54.4880180550241
2004-06-01,2004,"Q2","2003/04","Q4","June",21.95,0.38,2.46,0.023,1.118,0.454,0.202,4.69,0,0.109,0.654,0.004,0.966,10.89,2.361,0,0.006,2.039,0,0.316,4.184,1.072,0.15,0,0.032,0,2.93,2.831,0,0.053,0,2.74,0,0.0379999999999998,1.924,0.039,0.248,0.041,0.422,0,0.314,0.021,0.084,0,0,0,0.755,0,12.342,0.111,5.414,0.028,0,0,0,0,1.103,1.611,0,2.123,0.316,1.636,,0,1.959,0.921,0.102,0,0.936,1.48302712787907,0.21,0,1.27302712787907,49.0340271278791,0,1.93135903901521,2.75503885249541,0.19381028439593,0.240627853334704,0.0703745689014376,5.19121059814269,54.2252377260218
2004-07-01,2004,"Q3","2004/05","Q1","July",19.759,0.038,2.779,0.002,1.368,0.415,0.084,3.685,0,0.179,0.766,0.004,0.423,10.016,12.172,0,0,12.159,0,0.0129999999999999,3.634,0.928,0.209,0,0,0,2.497,2.497,0,0.12,0.003,2.35,0,0.024,1.737,0.1,0.3,0.052,0.086,0.002,0.049,0.014,0,0,0,0,1.131,0.00300000000000011,13.504,0.079,4.494,0.032,0.007,0,0.024,0,1.687,1.862,0,2.903,0.085,2.089,,0.241999999999999,2.651,0.999,0.071,0,1.581,1.99816781680331,0.153,0,1.84516781680331,57.9521678168033,0,2.14187717426786,3.05533808741741,0.214935605395086,0.266856289348186,0.0780453969116943,5.75705255334024,63.7092203701435
2004-08-01,2004,"Q3","2004/05","Q1","August",22.025,0.033,2.728,0.009,1.537,0.463,0.535,3.577,0,0.056,0.177,0.001,0.718,12.191,2.871,0,0.007,2.804,0,0.0600000000000001,2.752,2.419,0.213,0,0.015,0,0.105,4.9,0,0.043,1.571,3.204,0,0.0820000000000007,5.7,0.236,0.31,0.057,0.289,0,1.533,0.018,0.049,0,0.034,0,0,3.174,17.109,0.035,6.487,0,0,0,0.031,0,1.626,3.268,0,1.904,0.117,3.623,,0.0179999999999971,3.913,0.951,1.046,0.113,1.803,-1.07406446381939,0.105,0,-1.17906446381939,58.1959355361806,0,2.37534178626306,3.38836993894591,0.23836358638315,0.295943624887138,0.086552345175069,6.38457128165433,64.5805068178349
2004-09-01,2004,"Q3","2004/05","Q1","September",18.445,0,4.572,0.028,2.1,0.537,0.224,4.221,0,0.068,0.635,0.001,0.765,5.294,2.053,0.012,0.016,1.543,0,0.482,3.858,0.965,0.328,0,0,0,2.565,3.166,0,0,0,3.068,0,0.0979999999999999,4.561,0.084,0.249,0.071,0.16,0,0.806,0.005,0.065,0,0.001,0,2.946,0.173999999999999,13.712,0.082,4.934,0.078,0,0,0.002,0,2.275,1.871,0,0,0.119,2.654,,1.697,2.021,0.71,0.205,0.058,1.048,2.47648196226186,0.116,0,2.36048196226186,50.2924819622619,0,2.63425404096574,3.75770226229102,0.264345217298914,0.328201479999837,0.0959865507991515,7.08048955135465,57.3729715136165
2004-10-01,2004,"Q4","2004/05","Q2","October",18.491,0.264,2.228,0.029,2.287,1.004,0.295,5.419,0,0.072,1.204,0.001,0.551,5.137,1.885,0.023,0.011,1.732,0,0.119,4.173,1.503,0.169,0,0.024,0,2.477,2.884,0,0.025,0,2.811,0,0.048,3.223,0.151,0.37,0.108,0,0,0.544,0.008,0.098,0,0.048,0.079,1.817,0,13.662,0,5.13,0.023,0,0,0.005,0,1.021,1.892,0,1.475,0.178,3.934,,0.00399999999999956,3.378,0.958,0.488,0.001,1.931,2.88827239779253,0.167,0,2.72127239779253,50.5842723977925,0,2.921387731431,4.16729180888074,0.293158845984495,0.363975441319819,0.106449084836259,7.85226291245231,58.4365353102448
2004-11-01,2004,"Q4","2004/05","Q2","November",21.229,0,1.889,0.009,2.44,0.851,0.052,4.868,0,0,0.795,0.002,2.103,8.22,7.162,0,0.008,6.538,0,0.616,3.828,0.663,0.09,0,0,0,3.075,3.891,0,0.43,0,3.424,0,0.0369999999999999,2.109,0.106,0.335,0,0.068,0.001,0.37,0.038,0,0,0,0,1.191,0,11.959,0,5.262,0,0,0.018,0.022,0,1.906,2.059,0,0.335,0.302,2.055,,0,2.399,0.94,0.344,0,1.115,2.48751420716282,0.265,0,2.22251420716282,55.0645142071628,0,3.23981899415698,4.62152661604874,0.325113160196805,0.403648764423679,0.118052035083411,8.70815956990961,63.7726737770724
2004-12-01,2004,"Q4","2004/05","Q2","December",25.816,0,2.357,0.026,2.242,0.8,0.018,5.629,0,0.071,0.713,0.003,3.451,10.506,9.499,0.018,0.03,9.229,0,0.222000000000001,3.376,0.675,0.111,0,0,0,2.59,3.328,0,0.061,3.181,0,0,0.0859999999999999,2.541,0.066,0.048,0.003,0.05,0,0.86,0.018,0.048,0,0,0,1.448,0,16.914,0.061,7.073,0.058,0,0,0,0,1.906,2.465,0,2.022,0.949,2.225,,0.155,2.178,0.818,0.436,0,0.924,2.3495927753746,0.114,0,2.2355927753746,66.0015927753746,0,3.59295926452009,5.12527301719805,0.360550494658257,0.44764647974586,0.130919706907503,9.65734896302976,75.6589417384044
2005-01-01,2005,"Q1","2004/05","Q3","January",24.256,0,2.097,0.218,3.257,1.895,0.038,4.816,0,0,0.886,0.001,0.896,10.152,4.155,0.02,0.005,3.983,0,0.147,1.204,0.97,0.087,0,0,0,0.147,2.554,0,0.111,0,2.378,0,0.0649999999999995,1.552,0.038,0.032,0.002,0.024,0.052,0.599,0.022,0,0.003,0,0,0.78,0,16.991,0.019,5.578,0,0.001,0.015,0.013,0,1.898,2.914,0,1.75,0.247,3.117,,1.439,3.945,1.351,1.319,0.003,1.272,4.41,0.186,0,4.224,59.067,0,3.98462060568084,5.68396883196925,0.399853386758506,0.496443531901298,0.145191003690105,10.71007736,69.77707736
2005-02-01,2005,"Q1","2004/05","Q3","February",27.2,0.002,1.934,0.031,3.245,3.273,0.101,5.302,0,0,1.021,0.013,1.41,10.868,4.615,0,0.045,4.499,0,0.0710000000000006,4.947,1.131,0.155,0,0.019,0,3.642,3.67,0,0.162,0,3.428,0,0.0800000000000001,3.712,0.017,1.35,0.007,0.087,0.069,1.208,0.034,0,0.036,0,0,0.811,0.0930000000000009,15.612,0.001,4.485,0,0,0.392,0.003,0,1.209,2.581,0,2.253,0.158,3.228,,1.302,1.729,0.838,0.096,0,0.795,2.40036275430521,0.382,0,2.01836275430521,63.8853627543052,0,4.17331421806986,5.95313589145838,0.418788634913847,0.519952852524715,0.152066593033194,11.21725819,75.1026209443052
2005-03-01,2005,"Q1","2004/05","Q3","March",30.436,0,2.953,0.064,2.957,2.105,0.178,6.472,0,0.061,0.92,0.037,3.086,11.603,5.315,0,0.005,4.977,0.312,0.0209999999999999,5.072,1.708,0.151,0,0,0,3.213,6.151,0,0.159,0.006,5.917,0,0.069,3.388,0.027,0.007,0.008,0.64,0,1.93,0.015,0,0.003,0,0,0.758,0,14.732,,4.01,0,0,0.176,0,0,1.293,1.883,0,3.327,0.256,3.787,,0,2.452,0.935,0.348,0.04,1.129,3.16797631948392,0.259,0,2.90897631948392,70.7139763194839,0,4.97955421369539,7.10321853663897,0.499694152576285,0.620402222890813,0.181444244198549,13.38431337,84.0982896894839
2005-04-01,2005,"Q2","2004/05","Q4","April",28.799,0,1.784,0.121,3.416,1.614,0.059,5.277,0.024,0.141,0.49,0.007,1.682,14.184,8.228,0.001,0.008,8.004,0.058,0.157000000000001,4.087,1.719,0.102,0,0,0,2.266,5.38,0,0.279,0.001,5.044,0.024,0.032,4.593,0.131,0.412,0.041,0.679,0,1.692,0.021,0.159,0,0.002,0.002,1.272,0.182,19.243,0.002,6.341,0.063,0,0.225,0.006,0,1.346,2.469,0.002,2.147,0.149,6.493,,0,1.696,0.585,0.335,0,0.776,2.20503896809705,0.284,0,1.92103896809705,74.2310389680971,0,6.538434554653,9.32692516962182,0.656126507263828,0.814622987892419,0.238246490568937,17.57435571,91.8053946780971
2005-05-01,2005,"Q2","2004/05","Q4","May",29.988,0,2.376,0.142,2.686,1.729,0.116,4.778,0,0.223,0.832,0.007,2.017,15.082,6.952,0,0,6.107,0,0.845,4.602,1.72,0.111,0,0.005,0,2.766,5.775,0,0.21,0,5.494,0.024,0.0470000000000006,4.786,0.02,0.835,0,0.92,0,2.181,0.04,0.106,0,0,0,0.684,0,19.394,0.055,5.52,0.007,0,0.095,0.016,0.038,2.504,3.063,0,2.554,0.292,5.25,,0,1.454,0.765,0.061,0,0.628,1.38304751273586,0.35,0,1.03304751273586,74.3340475127359,0,8.09731545739713,11.5506326039801,0.812558918326184,1.00884382288696,0.295048757409618,21.76439956,96.0984470727359
2005-06-01,2005,"Q2","2004/05","Q4","June",27.97,0,4.797,0.051,2.882,1.384,0.088,4.051,0,0,0.545,0.016,1.403,12.753,3.59,0,0.006,3.191,0,0.393,3.831,1.336,0.071,0.003,0,0,2.421,9.163,0,0.131,0,8.966,0.016,0.0500000000000007,3.498,0.154,0.74,0.023,0.394,0,0.725,0.322,0.038,0.03,0.034,0,1.003,0.035000000000001,20.253,0.001,6.324,0,0,0.018,0.005,0,1.559,2.796,0,0,0.37,5.447,,3.733,1.859,0.914,0.914,0.003,0.0279999999999999,2.33570126288702,0.159,0,2.17670126288702,72.499701262887,0,4.92809123472994,7.02980779132915,0.494529885141971,0.613990454853639,0.179569043945299,13.24598841,85.745689672887
2005-07-01,2005,"Q3","2005/06","Q1","July",27.475,0.003,3.602,0.097,2.935,1.16,0.051,4.123,0,0.102,0.341,0.087,1.448,13.526,1.776,0,0.03,1.676,0,0.0700000000000001,1.299,1.124,0.09,0,0,0.006,0.079,7.873,0,0.256,0,7.501,0.034,0.0819999999999999,3.552,0.294,0.551,0,1.146,0,0.331,0.011,0.04,0,0.046,0.001,0,1.132,21.07,0.076,5.795,0,0,0,0,0.012,1.47,2.69,0,4.703,0.529,5.784,,0.0110000000000003,2.505,1.223,0.136,0,1.146,3.37854215994512,0.29,0,3.08854215994512,68.9285421599451,0,5.1167852080017,7.29897536560912,0.513465169511595,0.637499820439404,0.186444646438179,13.75317021,82.6817123699451
2005-08-01,2005,"Q3","2005/06","Q1","August",27.659,0,2.93,0.033,2.786,0.75,0.429,4.459,0,0.161,0.705,0.002,1.898,13.506,1.193,0,0.042,0.873,0,0.278,1.944,1.688,0.093,0,0,0.005,0.158,10.694,0,0.251,0,10.37,0.029,0.0440000000000023,2.462,0.018,0.053,0,0.312,0,0.415,0.019,0.122,0,0.057,0.002,1.425,0.0390000000000001,22.013,0.014,6.391,0.003,0,0.117,0.109,0,1.87,3.086,0,0,0.07,6.664,,3.689,2.174,0.995,0.108,0.043,1.028,1.70623246951572,0.096,0,1.61023246951572,69.8452324695157,0,5.5171107047914,7.87003039733565,0.553637502473215,0.687376338985003,0.201031646414732,14.82918659,84.6744190595157
2005-09-01,2005,"Q3","2005/06","Q1","September",19.935,0.004,2.892,0.052,3.517,0.602,0.11,4.026,0,0.142,0.749,0.003,0.595,7.243,0.728,0,0.058,0.468,0,0.202,4.022,1.583,0.183,0.002,0,0,2.254,9.34,0,0.346,0,8.911,0.042,0.0410000000000004,1.784,0.064,0.016,0,0.28,0,0.343,0.024,0,0,0.101,0.006,0.768,0.182,20.451,0.01,5.854,0,0.002,0,0.03,0,2.134,1.824,0,3.835,0.147,4.534,,2.081,2.938,0,1.864,0.034,1.04,0.434854795283052,0.071,0,0.363854795283052,59.6328547952831,0,5.91743613089273,8.44108532822686,0.593809828341316,0.737252848723545,0.215618643815552,15.90520278,75.538057575283
2005-10-01,2005,"Q4","2005/06","Q2","October",19.929,0.004,3.285,0.032,3.301,1.185,0.483,5.575,0,0.072,0.732,0.012,1.583,3.665,0.638,0,0.057,0.414,0,0.167,2.426,2.171,0.206,0,0,0,0.049,9.034,0,0.329,0.007,8.647,0.017,0.0340000000000007,2.649,0.068,0.375,0,0.52,0,0.504,0.173,0,0,0.049,0.003,0.899,0.0579999999999998,23.31,0.004,6.594,0.001,0,0.028,0.002,0,2.234,2.619,0,0,0.322,5.414,,6.092,4.521,0,3.264,0.025,1.232,2.76069414047211,0.271,0.21,2.27969414047211,65.2676941404721,0,7.67295867897008,10.9452975066373,0.769975066100436,0.955973249069158,0.279586109223067,20.62379061,85.8914847504721
2005-11-01,2005,"Q4","2005/06","Q2","November",25.135,0.015,2.231,0.038,3.323,0.84,0.414,5.751,0,0.327,0.994,0.001,0.814,10.387,1.303,0,0.041,1.262,0,0,4.038,1.249,0.669,0,0,0,2.12,7.931,0,0.319,0,7.545,0.026,0.0410000000000004,3.319,0.071,0.236,0,0.364,0,0.548,0.104,0.023,0.05,0.195,0.024,1.693,0.0109999999999997,22.655,0.019,5.684,0,0,0,0.003,0,1.827,2.522,0,5.361,0.291,4.928,,2.02,2.378,0,1.564,0.004,0.81,0.898159054937031,0.504,0,0.394159054937031,67.657159054937,0,7.56579668696101,10.7924334117011,0.759221448710733,0.942621945880413,0.275681356746747,20.33575485,87.992913904937
2005-12-01,2005,"Q4","2005/06","Q2","December",24.493,0.009,1.749,0.032,3.495,1.247,0.32,4.959,0,0.277,0.54,0.002,0.42,11.443,0.921,0,0.002,0.919,0,0,2.657,2.411,0.136,0,0,0,0.11,11.341,0,0.291,0,10.965,0.025,0.0599999999999987,2.351,0.01,0.336,0,0.36,0,0.15,0.056,0.055,0,0.056,0,1.307,0.0209999999999999,22.942,0.023,6.271,0,0,0.001,0.103,0,1.694,2.827,0,6.159,0.713,4.966,,0.185000000000001,1.602,1.033,0.094,0.003,0.472,2.93218010852193,0.889,0,2.04318010852193,69.2391801085219,0,10.031535288936,14.3097523106267,1.00665628088905,1.24982810211136,0.365527567436866,26.96329955,96.2024796585219
2006-01-01,2006,"Q1","2005/06","Q3","January",29.225,0.08,3.8,0.116,3.265,0.711,0.235,3.596,0,0.145,0.663,0.215,0.372,16.027,3.706,0,0.086,1.464,0,2.156,4.483,1.999,0.11,0.001,0,0,2.373,13.319,0,0.495,0,12.744,0.025,0.0550000000000015,3.845,0.034,0.266,0,0.872,0,1.005,0.03,0,0,0.093,0.002,0.611,0.932000000000001,19.522,0.025,5.053,0,0,0.001,0,0,0.782,2.319,0,5.115,0.263,4.263,0,1.701,2.848,0,2.082,0,0.766,0.479999999999983,0.244,0,0.235999999999983,77.428,0,2.73006667863045,3.28757203863148,0.84991979212195,0.266115728958204,0.730184341657919,7.86385858,85.29185858
2006-02-01,2006,"Q1","2005/06","Q3","February",25.295,0.015,2.937,0.026,3.438,1.848,0.351,3.259,0,0.252,0.282,0.073,2.096,10.718,2.25,0,0.073,1.804,0.373,0,1.957,1.682,0.124,0,0,0,0.151,12.742,0,0.331,0,12.263,0.031,0.117000000000001,3.522,0.007,0.121,0.072,0.28,0.003,1.825,0.035,0,0,0.054,0.022,1.04,0.0630000000000002,15.455,0.009,3.507,0,0,0.194,0.019,0,0.277,1.339,0.005,7.002,0.263,2.812,0,0.0280000000000009,2.79,1.209,0.974,0,0.607,2.915,0.249,0.003,2.663,66.926,0,3.64240869666621,4.38622290003377,1.13394858320704,0.355047095759319,0.974199574333664,10.49182685,77.41782685
2006-03-01,2006,"Q1","2005/06","Q3","March",30.999,0.027,3.24,0.032,4.423,2.108,0.569,5.479,0,0.248,0.037,0.003,4.367,10.466,0.793,0,0.001,0.569,0.223,0,2.069,1.675,0.27,0,0,0,0.124,14.555,0,0.523,0,13.886,0.036,0.110000000000001,2.836,0.035,0.831,0.093,0.432,0,0.565,0.015,0.106,0,0.098,0,0.653,0.00800000000000001,11.628,0.005,1.798,0,0,0,0.033,0.008,1.718,0.706,0,5.081,0.743,0.856,0,0.679999999999999,0.906,0,0.838,0,0.0679999999999999,5.027,2.159,0.017,2.851,68.813,0,4.55474879834401,5.48487145373971,1.41797677769476,0.443978275761701,1.21821429445981,13.1197896,81.9327896
2006-04-01,2006,"Q2","2005/06","Q4","April",27.881,0,3.484,0.009,3.99,2.9,0.645,3.972,0,0.381,0.042,0.001,1.058,11.399,1.088,0,0.009,0.797,0.168,0.114,0.591,0.462,0.109,0,0,0,0.02,17.254,0,1.061,0,15.998,0.033,0.162000000000003,4.162,0.199,0.008,0,0.186,0,1.496,0.011,0,0,0.25,0,1.903,0.109,9.396,0.025,2.691,0.058,0,0,0.019,0.002,1.751,0.798,0,3.153,0.309,0.502,0,0.0880000000000011,2.758,0.795,1.194,0,0.769,2.95699999999999,0.279,0,2.67799999999999,66.087,0,5.77986967892821,6.96017357089265,1.79937936111911,0.563398046256879,1.54588544280315,16.6487061,82.7357061
2006-05-01,2006,"Q2","2005/06","Q4","May",28.315,0.002,4.62,0.012,3.254,3.713,0.473,4.999,0,0.276,0,0.005,4.018,6.943,0.911,0,0.015,0.466,0.075,0.355,0.898,0.672,0.088,0.003,0,0,0.135,20.043,0,1.172,0,18.798,0.029,0.0440000000000005,3.523,0.093,0.479,0,0.375,0,0.351,0.041,0.07,0,0.548,0.018,0.87,0.678,9.244,0.012,1.415,0.002,0,0,0,0,1.507,0.282,0,4.592,0.524,0.554,0,0.355999999999999,1.781,0,1.587,0,0.194,2.59299999999999,0.057,0,2.53599999999999,67.308,0,7.00489450901248,8.43536002312782,2.18075204226247,0.682808454142342,1.87353090145489,20.17734593,87.48534593
2006-06-01,2006,"Q2","2005/06","Q4","June",28.598,0.004,3.072,0.022,3.123,0.965,0.711,6.082,0,0.29,0.653,0.002,4.307,9.367,0.815,0,0.045,0.654,0.004,0.112,1.314,0.771,0.447,0,0,0,0.096,14.62,0,0.553,0,13.97,0.04,0.0569999999999986,3.88,0.841,0.46,0,0.272,0,1.024,0.027,0,0,0.334,0,0.866,0.0559999999999996,25.459,0.026,7.226,0,0,0.018,0,0,1.779,2.905,0.002,8.88,0.234,4.286,0,0.103,4.099,1.199,2.128,0,0.772,2.95599999999999,0.361,0.063,2.53199999999999,81.741,0,7.3027891719598,8.79408758536248,2.27349211047701,0.71184600696239,1.95320588523833,21.03542076,102.77642076
2006-07-01,2006,"Q3","2006/07","Q1","July",25.417,0.003,2.676,0.024,3.019,2,0.946,4.834,0,0.366,0.819,0.022,1.576,9.132,0.571,0,0.021,0.392,0,0.158,1.902,1.692,0.108,0.001,0,0,0.101,14.345,0,0.727,0,13.565,0.033,0.0200000000000014,3.725,0.087,0.193,0.069,0.268,0.001,1.486,0.01,0.065,0,0.61,0,0.774,0.162,24.886,0.023,7.107,0,0,0,0,0,1.561,2.501,0,8.383,0.128,3.72,0,1.46300000000001,1.234645,0,0.388,0.043,0.803645,4.34235500000001,0.589,0.057,3.69635500000001,76.423,0,8.2731323746532,9.9625840202742,2.57557773335779,0.806431091914943,2.21273412979987,23.83045935,100.25345935
2006-08-01,2006,"Q3","2006/07","Q1","August",20.418,0,2.069,0.01,2.41,1.168,0.747,4.478,0,0.317,0.433,0.002,0.497,8.287,1.41,0,0.02,1.39,0,0,1.497,1.341,0.074,0,0,0,0.082,18.314,0,0.738,0.009,17.508,0.051,0.00800000000000267,4.158,0.078,0.482,0.079,0.898,0,1.15,0.024,0.341,0,0.199,0,0.883,0.024,30.792,0,7.416,0,0,0.05,0.006,0,1.608,3.671,0,10.731,0.195,5.471,0,1.644,1.679,0,0.735,0.016,0.928,3.44,0.27,0,3.17,81.708,0,7.73340231011978,9.31263598696866,2.40754987241179,0.753820413689302,2.06837778681047,22.27578637,103.98378637
2006-09-01,2006,"Q3","2006/07","Q1","September",24.72,0.003,2.914,0.01,2.605,0.783,0.46,5.791,0,0.713,0.386,0.005,0.308,10.742,1.839,0,0.089,1.596,0.07,0.0839999999999999,0.619,0.366,0.185,0,0,0.01,0.058,18.906,0,1.231,0,17.606,0.053,0.0159999999999947,2.486,0.029,0.392,0,0.459,0,0.178,0.45,0,0,0.414,0.013,0.508,0.0430000000000006,27.56,0,6.948,0.004,0,0.003,0.004,0,1.741,3.667,0,8.235,0.31,5.35,0,1.29800000000001,1.584,0,0.789,0,0.795,3.231,0.415,0,2.816,80.945,0,7.19347232292979,8.66244720491483,2.23945977187874,0.701190247821142,1.9239679724555,20.72053752,101.66553752
2006-10-01,2006,"Q4","2006/07","Q2","October",23.704,0.003,2.617,0.031,2.702,0.899,0.555,5.228,0,0.36,0.351,0.002,0.807,10.149,2.702,0,0.136,2.566,0,0,0.78,0.586,0.11,0,0,0,0.084,22.761,0,1.277,0,21.391,0.053,0.0399999999999991,3.184,0.128,0.342,0.129,0.776,0,0.294,0.01,0.325,0,0.213,0,0.954,0.0129999999999999,27.359,0.021,7.688,0.011,0,0.111,0,0,2.594,2.88,0,7.078,0.245,5.112,0,1.619,2.44,0,1.445,0.001,0.994,3.504,0.397,0.003,3.104,86.434,0,7.49995056499692,9.03151119406776,2.33487206558809,0.731064492811538,2.00593872253569,21.60333704,108.03733704
2006-11-01,2006,"Q4","2006/07","Q2","November",32.413,0,1.966,0.009,2.158,1.333,0.291,5.182,0,0.547,0.749,0.016,0.562,19.6,2.367,0,0.034,2.262,0,0.0710000000000002,1.784,1.526,0.247,0,0,0,0.011,13.88,0,1.057,0,12.88,0.008,-0.0649999999999995,2.818,0.017,0.181,0.006,0.689,0,0.302,0.045,0,0.067,0.303,0.04,1.168,0,32.975,0.006,7.779,0,0,0.761,0.016,0,2.46,4.119,0,10.551,0.543,5.488,0,1.252,1.824,0,0.177,0,1.647,3.82400000000001,0.463,0,3.36100000000001,91.885,0,7.80639175400497,9.40053056357753,2.43027282400106,0.760935126021349,2.08789956239509,22.48602983,114.37102983
2006-12-01,2006,"Q4","2006/07","Q2","December",29.879,0,2.756,0.006,1.788,0.705,0.254,4.518,0,0.382,0.358,0.002,0.713,18.397,0.535,0.02,0.002,0.509,0.004,0,1.299,1.27,0.029,0,0,0,0,19.407,0,1.141,0,17.23,0.205,0.831,3.707,0.134,0.197,0,0.707,0,0.121,0.636,0,0,0.304,0,1.554,0.054,33.8042,0.005,7.429,0,0,0.022,0.01,0,2.979,5.333,0,10.915,0.4222,6.404,0,0.285,3.508,1.057,0.039,0.009,2.403,6.29479900000002,1.798,0.096,4.40079900000002,98.433999,0,10.9315502510801,13.1638758956519,3.40319194021646,1.0655627888066,2.92375526424491,31.48793614,129.92193514
2007-01-01,2007,"Q1","2006/07","Q3","January",41.613,0,3.414,0.014,2.627,0.673,0.273,7.29,0,0.086,0.622,0.01,1.75,24.854,0.96,0,0.004,0.956,0,0,1.261,0.607,0.204,0,0,0,0.45,14.671,0,1.371,0.01,12.826,0.03,0.433999999999999,4.729,0.103,0.083,0,1.492,0.061,1.528,0.013,0,0,0.301,0,1.146,0.00199999999999978,41.339,0.002,10.018,0.014,0.006,0.35,0.01,0,1.777,6.362,0,13.251,0.215,7.579,0,1.755,2.925,0,0.31,0.008,2.607,3.48574299999999,0.452,0,3.03374299999999,110.983743,0,4.50680683999998,8.72602822,6.41230869000007,0.432030572759954,2.81528039999998,22.89245472276,133.87619772276
2007-02-01,2007,"Q1","2006/07","Q3","February",35.289,0,3.407,0.065,2.77,4.317,0.233,5.278,0.001,0.4,0.521,0.003,1.517,16.777,1.76,0,0,1.76,0,0,1.545,1.078,0.064,0,0,0,0.403,20.663,0,1.392,0,19.111,0.065,0.095,5.153,0.073,0.486,0,0.378,0,2.778,0.053,0.06,0,0.384,0.009,0.849,0.083,35.151,0.021,7.749,0.003,0.001,0.201,0.007,0,2.428,5.335,0,11.988,0.376,6.989,0,0.053,7.277,1.401,2.919,0,2.957,3.286,0.22,0.003,3.063,110.124,0,8.92987259999999,7.52752892000001,6.39076670999999,2.58173918904001,1.55927560000001,26.98918301904,137.11318301904
2007-03-01,2007,"Q1","2006/07","Q3","March",43.171,0,4.733,0.029,2.996,3.826,0.349,7.072,0,0.303,3.322,0.002,1.294,19.245,1.719,0,0.008,1.216,0,0.495,1.316,1.131,0.084,0,0,0,0.101,22.75,0.002,0.497,0,22.115,0.043,0.0930000000000035,4.947,0.076,0.202,0,0.877,0.039,2.3,0.0211,0,0.122,0.429,0,0.55,0.330900000000001,43.726,0.008,6.53,0.002,0,0,0,0,3.789,5.293,0,16.783,0.596,8.362,0,2.363,4.963,0,2.746,0,2.217,4.40299999999998,0.067,0,4.33599999999998,126.995,0,7.89019273999999,6.65111590000001,5.64671377000002,1.03531871463999,1.37771115,22.60105227464,149.59605227464
2007-04-01,2007,"Q2","2006/07","Q4","April",25.792,0.019,3.151,0.007,2.664,1.474,0.215,4.613,0,0.099,0.582,0.002,1.748,11.218,1.382,0,0.03,1.171,0.18,0.00099999999999989,0.954,0.759,0.127,0,0,0,0.068,18.663,0,0.716,0.002,17.861,0.039,0.0449999999999982,8.246,0.208,0.288,0.012,1.773,0,2.257,0.013,0.488,0.14,0.716,0.093,0.69,1.568,36.068,0,5.855,0.048,0.002,0,0,0.018,4.332,5.549,0,11.238,0.047,7.645,0,1.33400000000001,3.528,0,0.164,0,3.364,4.02151799999996,0.066,0.003,3.95251799999996,98.654518,0,7.80942419999995,3.36762843999997,0.56964162,1.64011678196009,2.60146881999999,15.98827986196,114.64279786196
2007-05-01,2007,"Q2","2006/07","Q4","May",28.922,0.016,2.935,0.067,2.531,1.68,0.234,4.979,0,0.161,0.563,0.001,1.026,14.729,1.236,0,0.067,0.968,0.201,0,0.979,0.854,0.113,0.003,0,0,0.009,25.644,0,0.217,0.001,25.309,0.039,0.0779999999999959,8.36,0.418,1.505,0,1.415,0.001,2.867,0.009,0.002,0.362,0.74,0,0.711,0.33,46.613,0.009,9.631,0,0,0,0,0,5.326,7.916,0,13.018,0.192,8.458,0,2.06299999999999,6.597,0,1.297,0.027,5.273,3.64500000000002,0.202,0,3.44300000000002,121.996,0,8.84513119000002,3.81425252000001,0.6451893,1.85763359311996,2.9464825,18.10868910312,140.10468910312
2007-06-01,2007,"Q2","2006/07","Q4","June",32.051,0,2.354,0.066,2.554,1.4,0.177,4.375,0,0.308,0.586,0.006,1.124,19.101,1.764,0,0.039,1.341,0.384,0,2.555,1.306,0.905,0,0.251,0,0.093,14.736,0,0.207,0,14.391,0.072,0.0660000000000007,6.234,0.144,0.843,0.257,1.404,0.002,1.692,0.02,0,0.337,0.344,0,0.972,0.219,43.975,0.004,11.537,0.002,0,0,0.001,0,3.669,6.628,0,13.518,0.205,8.078,0,0.333,7.779,2.426,0.154,0,5.199,3.441,0.331,0.003,3.107,112.535,0,9.82282634,5.06132368,1.02846593,6.08277300524,2.62635212999999,24.62174108524,137.15674108524
2007-07-01,2007,"Q3","2007/08","Q1","July",33.077,0,3.059,0.028,2.96,1.043,0.266,5.391,0,0.308,0.391,0.008,1.255,18.368,1.472,0,0.09,1.072,0.31,0,2.201,1.391,0.579,0,0.003,0,0.228,13.227,0,0.521,0.098,11.333,0.059,1.216,7.733,1.174,0.262,0.283,1.45,0,0.292,3.21,0,0.078,0.423,0,0.551,0.00999999999999979,43.589,0.009,8.281,0.001,0,0,0.011,0,3.829,6.675,0.012,14.453,0.225,7.688,0,2.405,5.817,0,0.514,0,5.303,1.42379192165996,0.195,0,1.22879192165996,108.53979192166,0,11.3186160399999,8.36103737000001,1.6476419,4.03380149072396,3.54323291000002,28.9043297107239,137.444121632384
2007-08-01,2007,"Q3","2007/08","Q1","August",28.5308,0.006,3.511,0.09,2.158,1.111,0.145,5.444,0,0.085,0.218,0.014,0.845,14.9038,3.676,0,0.089,2.704,0.847,0.036,1.793,1.43,0.003,0,0.002,0.014,0.344,13.161,0,0.466,0,12.413,0.058,0.224,3.437,0.236,0.317,0,1.726,0,0.063,0.128,0.013,0.006,0.283,0.002,0.608,0.0550000000000002,47.234,0.061,9.761,0.004,0,0.142,0.08,0,2.234,7.97,0,15.021,0.309,8.572,0,3.08,6.211,0,0.397,0.014,5.8,5.03338200000003,0.439,3.063,1.53138200000003,109.076182,0,14.7774847800001,4.2588217,2.74882709,9.33609126004745,6.39950457999999,37.5207294100475,146.596911410048
2007-09-01,2007,"Q3","2007/08","Q1","September",33.629,0,4.633,0.752,2.612,0.496,0.312,4.428,0,0.082,0.546,0.0011,5.064,14.7029,0.461,0,0.097,0.351,0,0.0130000000000001,1.36,0.468,0.022,0,0,0,0.87,12.843,0,0.486,0,12.211,0.084,0.0619999999999994,2.015,0.058,0.164,0,0.493,0.02,0.47,0.002,0.003,0,0.13,0,0.674,0.00100000000000033,41.323,0.008,10.094,0,0,0,0,0,4.597,6.981,0,9.199,0.078,7.276,0,3.09,4.383,0,0.162,0,4.221,4.11088700000003,0.066,0,4.04488700000003,100.124887,0,12.3753419599999,5.33017228999999,2.72237025,9.51428960701395,3.37892344999999,33.3210975570138,133.445984557014
2007-10-01,2007,"Q4","2007/08","Q2","October",27.035,0.001,2.268,0.035,1.7,0.514,0.351,5.346,0,0.509,0.406,0,0.492,15.413,0.455,0,0.121,0.334,0,0,4.289,3.643,0.639,0,0,0,0.007,11.658,0,0.552,0.002,10.99,0.072,0.0419999999999998,4.627,0.138,0.842,0.088,1.095,0.021,0.655,0.005,0,0,1.025,0,0.747,0.0109999999999992,49.207,0.094,10.223,0,0,0,0,0,4.182,8.739,0,12.255,0.115,9.445,0,4.154,4.557,0,0.465,0,4.092,4.17809108475184,0.269,0,3.90909108475184,106.006091084752,0,18.70831431,7.44381585000002,3.25438817,8.12921794886408,3.44013719,40.9758734688641,146.981964553616
2007-11-01,2007,"Q4","2007/08","Q2","November",39.228,0.01,2.985,0.045,2.739,2.809,0.449,5.41,0,0,0.604,0.095,5.432,18.65,1.889,0,0.073,1.169,0.571,0.0760000000000001,1.048,0.887,0.02,0.001,0,0,0.14,10.069,0,1.096,0,8.857,0.048,0.0680000000000014,4.92,0.176,0.164,0.001,1.046,0.003,0.783,0.014,0.314,0.03,0.927,0.064,1.398,0,47.368,0.005,10.758,0,0,0.044,0.01,0,3.526,7.733,0,14.106,0.365,10.183,0,0.638,7.635,3.61,0.966,0.025,3.034,3.4198854098047,0.169,0.003,3.2478854098047,115.576885409805,0,17.8191478399999,10.03539379,4.09506205999999,30.5831716278442,3.13598256999999,65.6687578878441,181.245643297649
2007-12-01,2007,"Q4","2007/08","Q2","December",40.438,0,2.341,0.107,1.698,4.108,0.241,3.891,0,0,0.316,0.01,1.017,26.709,0.651,0,0.076,0.575,0,0,2.397,0.757,0.122,0,1.516,0.002,0,11.595,0,0.994,0.001,10.516,0.04,0.0440000000000023,3.284,0.403,0.101,0,0.145,0.035,0.384,0.076,0.041,0,0.718,0,1.281,0.0999999999999996,47.147,0.002,11.428,0,0,0.042,0,0,3.043,8.124,0,13.367,0.122,11.008,0,0.011,7.101,3.585,0.174,0,3.342,2.4114091468132,0.211,0,2.2004091468132,115.024409146813,0,33.73045371,15.4357885800001,3.94240087999999,39.8848570581629,4.66178153999998,97.655281768163,212.679690914976
2008-01-01,2008,"Q1","2007/08","Q3","January",52.9218,0,3.534,0.091,2.47,0.983,0.167,8.83,0,0.131,0.249,0,3.656,32.8108,2.318,0,0.064,2,0.254,0,3.1,0.581,0.007,0,0.008,0,2.504,13.955,0,1.335,0.01,12.463,0.068,0.079,4.917,0.853,0.557,0,0.945,0,1.56,0.018,0,0,0.078,0,0.894,0.012,42.157,0,6.698,0.015,0,0,0,0,2.788,7.21,0,14.87,0.175,10.401,0,0,8.444,3.552,0.185,0,4.707,1.80720000000002,0.174,0,1.63320000000002,129.62,0,20.9371982200003,9.81448693999996,4.13752190999999,10.6614014749128,5.45749318,51.0081017249131,180.628101724913
2008-02-01,2008,"Q1","2007/08","Q3","February",52.69,0.006,3.432,0.058,2.339,0.64,0.33,6.155,0,0.085,0.141,0,5.194,34.31,1.682,0,0.04,1.64,0.002,0,0,0,0,0,0,0,0,11.781,0,0.334,1.176,10.209,0.062,0,6.461,0.516,0.31,0,0.988,0,1.975,0.01,0.183,0,0.558,0.001,1.92,0,49.93,0.006,11.829,0,0,0.021,0.001,0,2.494,7.211,0,20.549,0.001,7.818,0,0,2.537,0,2.525,0.012,0,3.49400000000003,0.218,0.003,3.27300000000003,128.575,0,17.0466019099997,10.67159978,4.67337909000002,10.0660862088671,3.64022968000004,46.0978966688669,174.672896668867
2008-03-01,2008,"Q1","2007/08","Q3","March",45.8858,0,3.266,0.156,1.69,0.556,0.272,7.074,0,0.166,0.19,0.009,3.87,28.6368,2.168,0,0.014,1.709,0.191,0.254,0.501,0.338,0.163,0,0,0,0,14.957,0,0.591,1.04,12.384,0.044,0.898,7.726,1.001,0.349,0,1.026,0,3.129,0.071,0.379,0,0.714,0.005,0.888,0.164,53.766,0,10.169,0.004,0,0.124,0,0,3.088,8.687,0,18.232,0.191,9.591,0,3.67999999999999,8.787,0,3.024,0.048,5.715,7.22469344964211,0.351,0,6.87369344964211,141.015493449642,0,17.9291333300003,8.45337845999999,4.55071384,9.81773495156373,2.97054739999998,43.721507981564,184.737001431206
2008-04-01,2008,"Q2","2007/08","Q4","April",45.2778,0.004,4.548,0.056,3.474,0.841,0.224,7.302,0,0.202,0.342,0,3.693,24.5918,1.697,0,0.143,1.412,0.099,0.0430000000000001,0.974,0.717,0.257,0,0,0,0,13.836,0,0.375,0.002,13.309,0.091,0.0590000000000011,6.567,0.522,0.249,0.158,0.974,0,1.58,0.011,0.171,0,1.189,0,1.682,0.0310000000000006,59.88,0,11.701,0.003,0,0,0,0,3.746,9.507,0,20.116,0.195,11.58,0,3.032,2.877,0,0.908,0,1.969,3.98444782719839,0.152,0.004,3.82844782719839,135.093247827198,0,11.4693600199999,11.75369242,3.34371804,17.3466093429926,2.12064683,46.0340266529925,181.127274480191
2008-05-01,2008,"Q2","2007/08","Q4","May",44.2418,0,3.969,0.109,2.745,0.994,0.558,7.759,0,1.138,0.583,0.003,5.774,20.6098,1.185,0,0.155,1.027,0,0.003,1.721,1.557,0.066,0,0,0,0.098,18.419,0,0.258,0,17.938,0.071,0.152,11.796,2.084,0.467,0,1.21,0.001,4.068,0.06,0.254,0,0,0.013,1.753,1.886,60.071,0.006,11.204,0.083,0,0,0.002,0.065,2.369,11.055,0,23.46,0.082,11.644,0,0.101,5.6442,0,1.774,0,3.8702,7.33626779780167,0.158,0.005,7.17326779780167,150.414267797802,0,17.3558662539999,9.53582517999997,4.87674891000001,7.74192022846621,4.47638994999999,43.9867505224661,194.401018320268
2008-06-01,2008,"Q2","2007/08","Q4","June",37.2258,0,2.38,0.202,2.476,0.452,0.517,5.87,0,0,0.301,0.018,2.397,22.6128,2.67,0,0.089,2.578,0,0.00300000000000011,0.694,0.453,0.234,0,0.007,0,0,17.538,0,0.539,0,16.919,0.041,0.0389999999999979,5.352,0.6,0.421,0,0.798,0,1.672,0.006,0,0,0.346,0,1.305,0.204000000000001,72.154,0.004,15.704,0.008,0,0,0.002,0.02,2.89,10.257,0,29.64,0,11.05,0,2.579,2.254,0,0.419,0.014,1.821,7.48883726993863,0.189,0,7.29983726993863,145.376637269939,0,18.7558605900001,17.47516473,3.94094475,5.71569319695322,4.413678,50.3013412669533,195.677978536892
2008-07-01,2008,"Q3","2008/09","Q1","July",50.185,0,2.813,0.13,2.388,1.158,0.52,7.221,0,0.084,0.143,0.012,4.359,31.357,3.286,0,0.093,3.183,0,0.0100000000000002,0.846,0.65,0.113,0,0.064,0,0.019,16.685,0,0.755,0,15.803,0.064,0.0629999999999988,5.968,1.265,0.508,0,1.064,0.001,1.323,0,0.006,0,0.259,0.001,1.228,0.313,84.238,0.014,18.68,0,0,0,0.002,0.002,5.103,12.463,0,33.214,0.327,14.431,0,0.00200000000000022,4.788,2.868,0.382,0,1.538,4.66823680342541,0.269,0,4.39923680342541,170.664236803425,0,18.4514160100002,5.37076164999998,5.39596306,9.04360056918252,5.96910456999999,44.2308458591827,214.895082662608
2008-08-01,2008,"Q3","2008/09","Q1","August",51.68,0.003,2.952,0.026,2.504,0.292,0.206,6.749,0.008,0.361,0.159,0.003,3.358,35.059,2.315,0,0.138,2.175,0.002,0,1.844,1.817,0.005,0,0,0,0.022,10.545,0,0.701,0,9.704,0.068,0.072,8.257,2.213,0.682,0.341,1.471,0,0.899,0.069,0,0,0.978,0,1.303,0.301,65.657,0.067,14.908,0,0,0,0.003,0.004,4.333,12.6,0,20.128,0.458,13.156,0,0,4.683,2.561,0.595,0.078,1.449,4.39775733128832,0.149,0.03,4.21875733128832,149.378757331288,0,15.7920261400001,8.34395259999999,5.06185049999999,11.2810557069024,6.47001571999998,46.9489006669025,196.327657998191
2008-09-01,2008,"Q3","2008/09","Q1","September",35.305,0.003,2.37,0.127,1.984,0.748,0.119,8.294,0.188,0.288,0.134,0.017,1.157,19.876,2.659,0,0.142,2.517,0,0,1.103,0.851,0.003,0,0,0,0.249,12.736,0,0.693,0,11.933,0.048,0.062,4.421,1.425,0.47,0.064,1.02,0,0.197,0,0,0,0.563,0.005,0.593,0.084,58.042,0.001,12.075,0,0,0.003,0.035,0,3.994,13.683,0,17.712,0.038,10.435,0,0.066,4.779,2.354,0.24,0,2.185,5.83400949974437,0.143,0,5.69100949974437,124.879009499744,0,10.8080394,7.16493910000001,5.30317743000001,11.9688095171215,5.96914182999999,41.2141072771215,166.093116776866
2008-10-01,2008,"Q4","2008/09","Q2","October",33.566,0,2.731,0.233,2.321,0.978,0.882,7.696,0,0,0.073,0,1.675,16.977,0.718,0,0.095,0.623,0,0,1.002,0.818,0.009,0,0.055,0,0.12,8.42,0,0.305,0,7.836,0.066,0.213,4.801,1.037,0.605,0,0.234,0,0.61,0,0,0,0.731,0,1.532,0.052,72.627,0.019,20.693,0,0.017,0,0.039,0,6.043,17.034,0,16.966,0.599,11.215,0,0.002,7.128,3.229,0.341,0.153,3.405,3.63279960429447,0.008,0,3.62479960429447,131.894799604294,0,17.0959718899998,7.14275063999999,3.76043118,14.9749433811326,5.08707842000003,48.0611755111324,179.955975115427
2008-11-01,2008,"Q4","2008/09","Q2","November",41.695,0,3.889,0.041,2.39,0.497,0.396,10.323,0.085,0.348,0.039,0,1.553,22.134,1.783,0,0.081,1.702,0,0,0.722,0.678,0.039,0,0.005,0,0,9.488,0.082,0.527,0,8.779,0.056,0.044,6.304,2.228,0.308,0.08,0.185,0.002,1.236,0,0,0,0.384,0,1.879,0.002,58.013,0.05,13.157,0,0,0,0.002,0,4.477,13.186,0,17.629,0.069,9.432,0,0.011,5.19,2.176,1.219,0.001,1.794,8.30136519043966,0,0,8.30136519043966,131.49636519044,0,20.0108964348103,8.43888902000001,5.39443801999999,9.8671502388864,5.40325699999996,49.1146307136967,180.610995904136
2008-12-01,2008,"Q4","2008/09","Q2","December",40.695,0.055,3.009,0.323,2.056,0.587,0.524,5.836,0.233,0.449,0.124,0.016,2.62,24.863,0.874,0,0.04,0.679,0,0.155,1.233,1.034,0.199,0,0,0,0,4.492,0,0.512,0,3.825,0.051,0.104,2.994,0.491,0.165,0,0.198,0,0.485,0,0.015,0,0.315,0,0.459,0.866,57.76,0.009,12.322,0,0,0,0.009,0,5.393,14.058,0,17.059,0,8.91,0,0,5.937,2.196,1.694,0.06,1.987,1.15120360301639,0.007,0,1.14420360301639,115.136203603016,0,12.80289084,3.71326212000001,4.80697378,16.6489215838675,5.39339179000002,43.3654401138675,158.501643716884
2009-01-01,2009,"Q1","2008/09","Q3","January",40.257,0,2.291,0.341,1.406,0.58,0.391,4.988,0,0,0.044,0.004,4.308,25.904,1.218,0,0.066,1.152,0,0,2.527,2.436,0.091,0,0,0,0,6.762,0,0.828,0,5.773,0.029,0.132,3.521,0.225,0.881,0,0.646,0,0.937,0,0.038,0,0.179,0,0.613,0.002,53.673,0.003,7.987,0.069,0,0,0.004,0.011,4.62,12.176,0,20.498,0.066,8.235,0,0.004,4.879,1.875,1.258,0.002,1.744,8.28200000000001,0.191,0,8.09100000000001,121.119,0,19.4891681699997,7.89827371999995,7.18711462999993,25.7843365801605,4.16830519,64.5271982901601,185.64619829016
2009-02-01,2009,"Q1","2008/09","Q3","February",45.237,0,2.072,0.531,1.682,0.693,0.798,6.383,0.108,0,0.123,0.002,9.075,23.77,2.696,0,0.019,1.262,0.834,0.581,1.576,1.505,0.071,0,0,0,0,9.378,0,0.691,0,8.131,0.021,0.535,5.024,0.431,0.13,0.05,0.531,0,2.597,0,0.015,0.376,0.172,0.004,0.448,0.27,58.046,0.017,10.901,0.081,0,0,0,0,4.028,9.883,0,22.119,0.42,10.597,0,0,5.645,1.639,2.552,0.149,1.305,8.60406199999997,0.025,0,8.57906199999997,136.206062,0,11.5893015637699,5.36445116399999,2.99309305471,29.3824900503702,3.0089047,52.3382405328501,188.54430253285
2009-03-01,2009,"Q1","2008/09","Q3","March",37.152,0,3.494,0.297,2.041,0.337,0.218,5.02,0,0,0.155,0.01,5.898,19.682,2.299,0,0.035,1.75,0.514,0,3.407,3.288,0.119,0,0,0,0,9.363,0,0.829,0,8.214,0.018,0.302,12.155,1.125,0.217,0.173,1.41,0.005,5.512,0,0.487,0.073,0.477,0,2.058,0.618,53.967,1.114,12.249,0,0,0.089,0.003,0,5.183,9.953,0,13.815,0,11.515,0,0.046,3.352,1.478,1.237,0.021,0.616,11.501,0.208,0,11.293,133.196,0.39366508,18.1633513999997,6.81339342000003,3.45388975000001,23.6608986003902,4.11082913000001,56.59602738039,189.79202738039
2009-04-01,2009,"Q2","2008/09","Q4","April",32.51,0,2.616,0.286,2.553,0.286,0.422,5.431,0.015,0.078,0.647,0.029,4.977,15.17,6.331,0,0.031,0.994,0.306,5,1.158,1.158,0,0,0,0,0,7.081,0,0.634,0.105,6.024,0.051,0.267,8.833,0.49,0.152,0.11,3.841,0,2.486,0,0.113,0,0.773,0.001,0.639,0.228,54.416,0.014,10.419,0.021,0,0,0,0,4.099,10.507,0,15.58,0.247,13.528,0,0.001,3.798,1.333,0.457,0,2.008,7.832,0.03,0,7.802,121.959,0.76315118,15.14865563,6.81248105000001,3.23595333,40.0537994495201,5.5194631,71.5335037395201,193.49250373952
2009-05-01,2009,"Q2","2008/09","Q4","May",28.368,0,1.66,0.467,1.678,0.267,0.223,5.776,0.095,0.228,0.36,0,2.053,15.561,1.658,0,0.181,0.901,0,0.576,1.844,1.797,0.047,0,0,0,0,10.064,0,0.543,0.002,9.422,0.035,0.062,4.828,0.347,0.091,0.22,0.611,0,1.688,0.152,0.09,0.006,0.785,0.004,0.412,0.422,52.331,0.049,10.119,0.001,0,0.177,0.013,0,5.505,11.453,0,14.023,0.166,10.824,0,0.001,4.361,1.55,1.908,0.155,0.748,8.88100000000005,0.819,0,8.06200000000005,112.335,1.07700668,13.3446849299999,7.25497631000002,3.62985646,43.9925612406199,5.28156246,74.5806480806198,186.91564808062
2009-06-01,2009,"Q2","2008/09","Q4","June",35.409,0.003,2.722,0.632,1.457,0.375,0.533,6.098,0.096,0,2.282,0.005,4.252,16.954,0.933,0,0.017,0.565,0.012,0.339,1.552,1.43,0.122,0,0,0,0,7.722,0,0.789,0,6.85,0.046,0.037,5.148,1.078,0.24,0.22,1.101,0.007,0.259,0,0.269,0,0.441,0.027,1.078,0.428,51.547,0.003,10.042,0.11,0.013,0,0.001,0,4.787,8.986,0,14.532,0.217,12.823,0,0.033,6.707,3.763,1.376,0.004,1.564,8.40099999999997,0.07,0,8.33099999999997,117.419,0.9945513,8.98064483999993,7.14876433000003,2.18367994999999,33.6430772798602,5.25173041000002,58.2024481098602,175.62144810986
2009-07-01,2009,"Q3","2009/10","Q1","July",31.261,0.01,1.992,0.847,2.09,0.534,0.266,6.346,0.112,0,0.672,0.001,1.583,16.808,1.425,0,0.043,0.793,0.185,0.404,1.291,1.099,0.192,0,0,0,0,13.229,0,0.566,0,11.821,0.089,0.753,6.661,1.566,0.148,0.062,1.14,0.007,0.007,0.014,0.095,0,0.501,0,2.8,0.321,58.294,0.004,11.911,0.012,0,0.149,0,0.129,4.205,12.378,0,16.815,0.122,12.503,0,0.066,5.851,3.086,0.415,0.005,2.345,8.25200000000002,0.044,0,8.20800000000002,126.264,0.918972790000001,9.31968301999997,7.42357465498997,1.91649537499,35.7989252301,4.67222436498999,60.0498754350699,186.31387543507
2009-08-01,2009,"Q3","2009/10","Q1","August",31.053,0.001,1.877,0.743,1.954,0.655,0.462,6.27,0.212,0.293,0.568,0.032,2.527,15.459,1.577,0.052,0.025,1.448,0,0.052,2.089,2.068,0.005,0,0.016,0,0,10.602,0.003,0.562,0,9.7,0.087,0.25,5.03,1.043,0.044,0.001,1.534,0.001,0.092,0.065,0.189,0.028,0.293,0.001,1.171,0.568,60.633,0.246,15.298,0.04,0.001,0,0,0,4.458,12.246,0,15.844,0.205,12.29,0,0.005,10.514,3.577,4.958,0.017,1.962,8.494,0.249,0,8.245,129.992,0.84339539,9.65874569999999,7.69839458,1.64931842000001,37.4505453607702,4.09272592000001,61.3931253707702,191.38512537077
2009-09-01,2009,"Q3","2009/10","Q1","September",30.744,0.227,2.164,0.417,1.885,0.722,0.548,5.61,0.068,0,0.4,0.015,4.974,13.714,0.895,0,0.002,0.564,0,0.329,2.285,2.236,0.049,0,0,0,0,9.068,0.09,0.507,0,8.169,0.089,0.213,5.35,2.315,0.305,0,0.592,0.001,0.267,0,0,0,1.043,0.028,0.782,0.017,56.267,0.066,17.079,0,0,0.003,0,0,3.85,11.205,0,10.824,0,13.174,0,0.066,6.835,3.521,1.5,0.003,1.811,8.23006399999995,0.076,0,8.15406399999995,119.674064,0.40713502,7.76567890999995,8.35550507999998,2.09837221000001,39.9522500410602,3.16239685000001,61.7413381110602,181.41540211106
2009-10-01,2009,"Q4","2009/10","Q2","October",31.861,0,1.972,0.818,1.708,0.372,0.93,6.875,0.297,0.39,1.603,0.002,2.73,14.164,1.466,0,0.006,1.46,0,0,2.967,2.796,0.171,0,0,0,0,7.855,0.005,0.675,0.029,6.975,0.081,0.09,5.417,1.523,0.3,0,1.025,0,0.02,0.617,0,0,0.787,0,0.992,0.153,68.875,0.18,21.277,0.002,0,0,0.006,0,5.01,13.146,0,13.86,0.08,15.254,0,0.06,6.262,3.92,1.314,0.059,0.969,9.67433899999993,0.115,0,9.55933899999993,134.377339,0.587484979999999,10.1693848800001,9.81654022999997,1.39500212,43.3879894199899,5.84994880000003,71.20635042999,205.58368942999
2009-11-01,2009,"Q4","2009/10","Q2","November",37.176,0,2.113,0.602,1.471,1.3,3.291,8.982,0.385,0.625,1.011,0.017,2.484,14.895,2.768,0,0.017,2.262,0.489,0,4.007,3.838,0.169,0,0,0,0,3.712,0.103,0.556,0,2.852,0.105,0.096,9.114,1.733,0.099,0.001,1.593,0,0.557,0,0.581,0,0.75,0,2.613,1.187,60.272,0.219,14.665,0.003,0,0,0.016,0,3.986,11.285,0,14.653,0,15.299,0,0.146,4.565,3.398,1.018,0.004,0.145,6.83448700000002,0.397,0,6.43748700000002,128.448487,0.65127253,8.74938848000001,13.7424439299999,1.97868852,45.2619755186797,5.90276384999999,76.2865328286796,204.73501982868
2009-12-01,2009,"Q4","2009/10","Q2","December",34.531931,0,1.548,0.552303,1.01,0.947,0.821,5.922,0.982042,1.166,1.664,0.006,1.764,18.149586,3.485,0,0.097,3.019,0.369,0,7.14,6.573,0.374,0.03,0,0,0.162999999999999,6.416,0.003,0.251,0.002,5.901,0.1,0.159,9.404,2.24,0.093,0.461,1.429,0,0.886,0.458,0.741,0,0.959,0.001,0.324,1.812,66.801,0.302,15.483,0.003,0,0.076,0.011,0,6.327,13.059,0,15.28,0.07,15.968,0,0.222,6.198,3.224,2.047,0.003,0.924,8.05206900000007,0.346,0,7.70606900000007,142.028,1.17881324,11.24847393,14.42688063,3.20980850999999,55.1129526205499,9.91182510000001,95.0887540305499,237.11675403055
2010-01-01,2010,"Q1","2009/10","Q3","January",37.483,0,2.115,0.844,2.216,1.551,0.67,7.066,1.169,0.86,1.39,0.007,3.182,16.413,3.945,0,0.04,2.258,1.135,0.512,2.747,2.372,0.048,0,0,0,0.327,9.492,0.161,0.478,0.046,8.677,0.073,0.057,6.322,0.368,0.009,0.176,1.872,0,0.821,0,0.14,0,1.636,0.005,0.97,0.325,60.425,0.064,11.941,0.003,0,0,0.009,0,5.569,11.287,0,16.805,0.07,14.256,0,0.421,3.077,2.248,0.673,0.003,0.153,9.38609325499712,0.546,0,8.84009325499712,132.877093254997,0.93745313,10.51979022,12.98069308,4.37591737,31.77427123,6.80688113,67.39500616,200.272099414997
2010-02-01,2010,"Q1","2009/10","Q3","February",35.44,0,1.452,0.262,1.544,1.989,0.415,7.65,0.365,0.524,1.933,0.002,2.529,16.775,3.976,0,0.026,2.688,1.152,0.11,2.546,2.005,0.51,0.001,0.03,0,0,11.422,0.006,0.866,0.066,10.262,0.103,0.119,8.518,1.174,0.21,0.176,2.114,0,1.906,0.002,0.698,0.117,0.353,0,1.083,0.685,60.581,0.027,13.652,0,0,0,0,0,4.823,10.069,0,16.757,0.037,14.903,0,0.313,6.18,3.361,2.219,0.084,0.516,6.29685595299831,0.628,0,5.66885595299831,134.959855952998,0.84278144,7.996286,9.6405166,3.0789623,25.092725,6.8408618,53.49213314,188.451989092998
2010-03-01,2010,"Q1","2009/10","Q3","March",33.925,0.002,1.936,0.659,1.117,1.091,0.484,7.615,0.541,0.275,2.313,0.003,5.011,12.878,2.629,0,0.021,1.44,0.843,0.325,2.33,2.065,0.247,0,0.018,0,0,13.942,0.113,0.502,0,13.118,0.1,0.109,12.003,1.653,0.312,0.221,2.71,0,3.654,0.002,0.367,0.967,1.033,0,0.9,0.184,71.298,0.413,14.494,0,0,0.253,0.553,0.006,4.146,11.462,0,20.467,0.001,19,0,0.503,5.024,2.586,1.728,0.007,0.703,10.5736114386903,0.516,0,10.0576114386903,151.72461143869,0.82012465,8.3853123,7.7807563,2.7229162,20.38925,6.8466721,46.94503155,198.66964298869
2010-04-01,2010,"Q2","2009/10","Q4","April",29.532,0,1.799,0.653,0.797,1.817,0.693,6.387,0.112,1.123,1.759,0.009,3.398,10.985,2.496,0,0.019,1.97,0.387,0.12,1.549,1.489,0.06,0,0,0,0,12.853,0.003,0.824,0,11.816,0.088,0.122,9.81,1.619,0.165,0.229,2.129,0,3.485,0.001,0.193,0.129,0.437,0,1.202,0.221,63.944,0.704,14.115,0.033,0,0,0,0,5.932,10.919,0,14.085,0.146,17.666,0,0.344,5.478,3.489,1.473,0.042,0.474,11.0990251932868,0.021,0,11.0780251932868,136.761025193287,0.79746785,8.77433638000001,5.92099148999995,2.36686929999999,15.6857713300001,6.8524819,40.3979182500001,177.158943443287
2010-05-01,2010,"Q2","2009/10","Q4","May",34.805,0,1.851,0.544,1.019,1.472,0.423,7.491,0.442,1.152,2.097,0.002,3.76,14.552,1.591,0,0.027,1.503,0,0.061,1.966,1.801,0.129,0,0.014,0,0.022,13.013,0.006,0.735,0.032,11.96,0.094,0.186,7.636,0.504,0.019,0.029,1.909,0,3.379,0.001,0.286,0,0.502,0,0.705,0.302,64.564,0.743,16.653,0.003,0.002,0,0.001,0.005,3.218,12.54,0,17.018,0.003,14.169,0,0.209,6.115,3.671,0.716,0.002,1.726,9.28024989864222,0.266,0,9.01424989864222,138.970249898642,0.43541482,11.34505082,5.02285939999999,2.80272369000001,13.61436499,3.95788089,37.17829461,176.148544508642
2010-06-01,2010,"Q2","2009/10","Q4","June",35.447,0,1.713,0.415,0.287,1.026,0.528,8.505,0.308,0.657,1.78,0.074,2.855,17.299,1.495,0,0.082,0.851,0.512,0.05,1.314,1.226,0.08,0.001,0.007,0,0,14.988,0.114,0.592,0,14.131,0.085,0.066,4.862,1.237,0.337,0,1.491,0,0.909,0.007,0.065,0,0.118,0.012,0.62,0.066,64.95,0.091,13.184,0.003,0,0,0.003,0,4.489,13.2,0.003,18.862,0.08,14.827,0,0.208,5.376,3.895,0.947,0.263,0.271,7.65594453493305,0.001,0,7.65494453493305,136.087944534933,0.459864740000001,13.91576463,4.12472739,2.8520752,11.5429540599999,1.06327941,33.9586654299999,170.046609964933
2010-07-01,2010,"Q3","2010/11","Q1","July",33.159,0.028,2.088,0.183,0.698,0.936,0.474,7.303,0.412,0.717,0.959,0.004,1.566,17.791,1.228,0,0.058,0.721,0.337,0.112,1.586,1.311,0.273,0,0.002,0,0,9.193,0.003,0.611,0.039,8.391,0.091,0.058,17.4585278338521,2.55248322579912,0.174624759775168,1.34941167,2.8902374893727,0.14882647,0.45152194,1.29821028,0,3.14450598,1.07038493,0,2.45887534,1.91944574890515,57.692,0.002,12.792,0.006,0.012,0,0.016,0.024,2.865,9.977,0.234,18.996,0.245,12.494,0,0.029,4.462,3.496,0.242,0.002,0.722,10.8396558396115,0.076,0,10.7636558396115,135.618183673464,0.628033000000001,12.1632706699999,4.48788421000002,2.59871136999999,15.5882266599999,1.22580975,36.6919356599998,172.310119333463
2010-08-01,2010,"Q3","2010/11","Q1","August",31.647,0.029,2.091,0.182,0.363,0.831,0.364,6.648,0.932,0.716,1.12,0.002,1.433,16.936,0.841,0,0.083,0.646,0.001,0.111,1.749,1.61,0.11,0,0.029,0,0,11.428,0,0.512,0,10.735,0.11,0.071,7.89,0.614,0.083,0.042,1.303,0.031,0.243,0.01,0.297,0.244,1.531,0.033,2.006,1.453,76.316,0.015,26.337,0,0,0,0.009,0,5.013,11.401,0,17.613,0,15.881,0,0.047,3.815,3.188,0.404,0.03,0.193,11.1146035151093,0.075,0,11.0396035151093,144.800603515109,0.73918199,13.866137,6.180698,2.0946371,17.143789,1.7836538,41.80809689,186.608700405109
2010-09-01,2010,"Q3","2010/11","Q1","September",25.929,0.001,2.212,0.064,0.333,1.198,0.958,5.636,0.335,0.544,0.598,0.002,1.261,12.787,0.953,0,0.004,0.877,0.043,0.029,2.63,2.525,0.022,0.002,0.081,0,0,9.413,0.006,0.186,0.002,8.66,0.08,0.479,7.517,1.498,0.19,0,1.4,0.03,0.251,0,0.073,0.001,1.274,0.006,2.207,0.587,58.88,0.001,12.43,0.01,0,0,0,0,4.84,13.437,0,13.282,0.074,14.708,0,0.098,3.017,2.341,0.23,0.001,0.445,9.1671454695455,0.001,0,9.1661454695455,117.506145469545,0.34098684,11.7200206900001,8.42067069000001,2.24724297,15.2466115699999,2.43922325,40.41475601,157.920901479545
2010-10-01,2010,"Q4","2010/11","Q2","October",32.708,0.032,2.492,0.318,0.449,0.617,0.983,6.467,0.837,0.548,0.815,0.016,1.767,17.367,1.322,0,0.112,0.396,0.773,0.041,1.708,1.655,0.048,0.001,0.004,0,0,7.028,0.101,0.306,0,6.442,0.121,0.058,6.707,1.598,0.103,0.022,0.818,0,0.303,0.034,0.173,0,0.988,0,1.88,0.788,69.347,0.013,19.79,0,0,0,0.002,0,3.472,13.41,0,15.259,0.097,17.209,0,0.095,5.54,2.951,0.407,0.002,2.18,5.45568872036868,0.09,0,5.36568872036868,129.815688720369,0.58387051,14.44942967,8.90171265,2.23167514,11.5744632,3.73069672,41.47184789,171.287536610369
2010-11-01,2010,"Q4","2010/11","Q2","November",40.932,0,2.754,0.798,0.59,0.857,0.806,6.308,0,0.49,0.671,0,1.669,25.989,1.975,0,0.017,1.532,0.295,0.131,1.493,1.225,0.264,0,0.004,0,0,7.954,0.006,1.45,0,6.319,0.089,0.09,7.839,0.687,0.354,0.026,1.736,0.038,0.259,0.009,0.253,0,0.96,0.063,2.814,0.64,66.245,0,17.097,0.001,0,0,0,0.007,3.776,14.06,0,16.196,0.212,14.896,0,0,4.596,3.233,0.488,0.027,0.848,11.54841619,0.164,0,11.38441619,142.58241619,0.82675413,17.178831,9.3827423,2.2161052,7.9023041,5.0221694,42.52890613,185.11132232
2010-12-01,2010,"Q4","2010/11","Q2","December",38.378659,0,2.380335,0.474287,0.706309,0.676766,0.936694,7.383298,0.82116,0.801113,0.734818,0.001811,3.419719,20.042349,2.762485,0,0.013142,2.537681,0,0.211662,1.886216,1.681429,0.147373,0.038619,0.018795,0,0,10.595896,0.00477,0.940027,0,9.487547,0.115513,0.048039,16.424941,2.300135,0.401467,0.126674,3.410609,0.001937,4.084786,0,0.773603,0,0.955011,0.015645,3.088593,1.266481,65.762751,0.105555,15.123754,0,0,0.890479,0.011872,0,2.922941,17.130477,0.005193,17.209815,0.0042,12.227786,0,0.130679,4.525147,3.149428,0.789146,0.00114,0.585433,6.052522,0.311647,0,5.740875,146.388617,0.58473017,12.866231,11.223483,3.2936791,11.340383,6.7456832,46.05418947,192.44280647
2011-01-01,2011,"Q1","2010/11","Q3","January",45.79002803,0,3.41145114,0.21176525,0.4168554,1.5716157,1.04528144,5.91317288,0.179681,0.70030453,0.79494433,0.06027575,7.94775525,23.53692536,6.81564239,0.081044,0.05866487,5.65977645,0.93874686,0.07741021,3.05438477,1.73864036,0.36641139,0.04458557,0,0,0.90474745,6.44691615,0.01185464,0.99318071,0.0005914,5.22583272,0.0932315,0.12222518,17.33087574,1.46147118,0.45846729,0.05149288,2.09820618,0.00058352,5.9009559,0.05511003,0,0,1.84360412,0,3.6702385,1.79074614,70.4275016599998,0,17.8955686699999,0,0,0.7896844,0.00163023,0,2.29207512,17.6701698699999,0,18.15219328,0.002,13.51063226,0,0.11354783,4.14320113,2.99729536,0.17224045,0.01316953,0.96049579,8.81286682999983,0.04458557,0,8.76828125999983,162.8214167,0.83891262,11.07247959,7.45496004000001,1.91866131,7.41977728000001,2.81973057,31.52452141,194.34593811
2011-02-01,2011,"Q1","2010/11","Q3","February",43.41092248,0.00285834,2.47926047,0.11441768,1.22334277,1.64772354,0.93970032,8.87666322,0.2125021,0.54519143,1.06687913,0.001768,6.87427248999999,19.42634299,7.20273912,0.01136174,0.01438741,5.91294354,0.97192885,0.29211758,4.50095729,2.35904053,1.13570571,0.0502213,0.01452465,0,0.9414651,13.11820457,0.00486625,0.89223529,0,11.79398483,0.0709635,0.3561547,18.95218536,1.31917067,0.42526037,0.30071933,2.41722322,0.15595833,9.23422783000001,0.07675184,0,0,0.8382704,0,1.80043555,2.38416782,71.9670009199999,0,17.78305884,0.00018,0,0.35573005,0,0.008693,2.37196762,15.01152428,0.00104,22.65568857,0.12813606,13.0323592799999,0,0.61862322,7.38427151,4.06489942,0.57307556,0.09066083,2.6556357,7.71743115000023,0.13297927,0,7.58445188000023,174.2537124,0.76679818,10.10260478,5.55576561000001,2.13210819,7.02186053000001,2.78867283,28.36781012,202.62152252
2011-03-01,2011,"Q1","2010/11","Q3","March",54.34645988,0.00257843,3.47989554,0.3786093,2.32898308,0.87792072,3.12667091,8.22683694,0.30892601,0.11549322,1.22852092,0,10.38034384,23.89168097,6.25285356,0,0.00660863,5.57373837,0.57911159,0.09339497,2.93526991,1.59226954,0.13838882,0.048915,0.0178002,0.0026,1.13529635,11.5168058,0.00065788,0.3990907,0.16216799,10.74979108,0.0947553,0.11034285,20.54434324,1.28480972,0.10710262,0.22285156,3.44576866,0.16347795,10.5816413,0.02939495,0,0.00914265,0.17917222,0.00143355,1.32764356,3.1919045,82.37357419,0,15.26183493,0.02272281,0,0,0.0133375,0.001904,2.60371002,16.30681709,0,32.51540909,0.02097768,15.51677413,0,0.11008694,5.96139742,3.13165825,1.26120759,0.03257431,1.53595727,7.58153950999945,0.12694272,0,7.45459678999945,191.512243509999,0.72103719,9.48030001999998,3.87415799,2.27681928,6.86351181,1.99526721000001,25.2110935,216.723337009999
2011-04-01,2011,"Q2","2010/11","Q4","April",44.48362316,0.2088,2.37957031,0.14178951,0.92185717,0.78974685,3.70175751,6.7403755,0.26864867,1.01720846,1.20673319,0.001591,5.34588100000001,21.75966399,1.8740911,0,0.01954032,1.38393614,0.18329148,0.28732316,1.73469311,1.13182864,0.05923223,0.00105,0.27730031,0,0.26528193,11.00193758,0.00838168,0.27249749,0.024188,10.35586769,0.1210826,0.21992012,17.63784834,1.4220311,0.10711313,0.000478,3.04174343,0.40197338,7.81855834999999,0.09386623,0,0,0.99020466,0,2.7695775,0.99230256,75.9228393900001,0,15.54517386,0.004817,0,0,0.00131031,0,3.35117028,14.22575875,0,24.94683763,0,15.5231341600001,0,2.3246374,3.50541064,2.7556988,0.51051051,0.00190863,0.2372927,8.93048515739762,0.00209605,0,8.92838910739762,165.090928477398,0.77325385,9.35800368000002,4.57994680000001,2.29978979,4.22965208999999,1.72636555999999,22.96701177,188.057940247398
2011-05-01,2011,"Q2","2010/11","Q4","May",53.80587915,0.01080647,2.42453457,0.38167021,0.55261583,1.0014523,1.38154614,9.99190027,0.18187734,0.5321598,1.04727844,0.003705,5.61958906,30.67674372,1.26524064,0,0.02558575,0.90818548,0.11540218,0.21606723,2.45959885,1.95183013,0.00699417,0.0010673,0,0,0.49970725,10.72606076,0.00540389,0.81441225,0.00023759,9.59620428,0.14725413,0.16254862,19.70649537,3.20222002,0.2729214,0.1673889,2.38691152,0.05463275,6.53713681,0.04416727,0,0.11556541,1.34286796,0,3.68342368,1.89925965,85.66342543,0,21.70462176,0.02356176,0,0.24715324,0.009752,0,3.15480768000001,17.1224067899999,0.001395,28.0240866900001,0.1047119,15.26634388,0,0.00458473,5.02730051,4.05657781,0.71546912,0.00841199,0.24684159,8.66914857999967,0.27311471,0,8.39603386999967,187.32314929,1.21483341,10.44789859,5.41920270000001,1.93373486000001,7.95154746000003,2.54986267031001,29.5170796903101,216.84022898031
2011-06-01,2011,"Q2","2010/11","Q4","June",53.40172949,0.21048335,2.45734049,0.11891995,0.28257302,1.58149174,1.22262306,8.28647882,0.375694,0.57330199,1.16617824,0.00641131,2.95433595,34.16589757,5.32610546,0,0.02732823,5.17065449,0.04237601,0.08574673,3.97963323,3.18586709,0.09387625,0,0,0,0.69988989,11.31816966,0.00749284,0.96093666,0.00043,10.18596305,0.0945578,0.06878931,11.75716825,2.04882434,0.11918307,0.06367358,2.16229955,0.21671821,1.58769794,0.13656359,0,0.0015,0.82872289,0.00885,3.29089601,1.29223907,94.5912253,0,22.74415983,0.00069427,0,0.38135985,0.02731497,0.57508756,3.02388323,15.5022755099999,0,33.6066875200001,2.86784239,14.84237279,0,1.01954738,4.76396153,3.6200041,0.574809,0.00086775,0.56828068,9.01623812999973,0.24738947,0,8.76884865999973,194.15423105,1.23829873,12.99563522,5.30203532000001,2.37600464,7.42274906,2.4662569,31.80097987,225.95521092
2011-07-01,2011,"Q3","2011/12","Q1","July",52.88267298,0.007198,2.56601216,0.28862617,0.34995574,1.30995279,1.11607064,7.06288470000001,0.008064,0.68289698,0.90916149,0.10318025,1.38452586,37.0941442,2.70131105,0,0.07048513,2.02683583,0.04241699,0.5615731,4.24359323,4.00625091,0.10567335,0,1e-04,0,0.13156897,20.85995553,0.0091444,0.50174114,0.04365542,19.98625608,0.10905476,0.21010373,11.06058694,1.67098517,0.15048079,0.0456715,1.83208642,0.0001428,3.69272625,0,0,0,0.85025133,0.0078951,1.40999707,1.40035051,84.6194695200001,0,20.9588997900002,0,0,0,0.07534406,0,3.54585401,14.8341656799999,0,24.74045109,0.92064297,17.12801784,0,2.41609408,5.43647852,3.92111283,0.66849076,0.00137026,0.84550467,9.55803074999935,0.17424573,1e-04,9.38368501999935,191.362098519999,1.10045299,10.68550637,7.31686261,4.18947372,6.45321748,3.01244299,32.75795616,224.120054679999
2011-08-01,2011,"Q3","2011/12","Q1","August",47.5264842,0.00055,2.31676558,0.0300779,0.13230061,0.47692966,1.32152417,7.72377895,0.01318795,0.59356423,0.9790494,0.0078804,1.7462856,32.18458975,0.74561573,0.00092037,0.02982099,0.64218937,0.001475,0.07121,7.24207641,7.22802609,0.00899,0.00105,0,0,0.00401032,17.2148085,0.00606394,0.86912658,0.04265,15.3946106,0.1608204,0.74153698,8.27523277,1.16778664,0.19038352,0.0010736,1.5532737,3e-04,1.2754465,0.000242,0,0,0.62695657,3e-04,2.56995454,0.8895157,90.5703603300003,0,22.4516984300001,0,0,0,0.11611684,0,5.0513437,17.9232232000001,0,27.6901439200001,1.11717785,14.35709809,0,1.8635583,5.01405306,3.00907475,0.57073605,0.02091628,1.41332598,8.1266408099984,0.31577481,0,7.8108659999984,184.715271809999,1.31504841,13.21779333,7.91482403000001,3.85747484,7.15768304000001,3.06780465,36.5306283,221.245900109999
2011-09-01,2011,"Q3","2011/12","Q1","September",48.50264461,0.02597828,2.08216027,0.29350346,0.29915217,1.1641043,1.62753066,7.92995657,0.18598887,0.33378338,1.09837178,0.00692,1.53270884,31.92248603,10.64159126,0,0.00014219,10.10110968,0.000102,0.54023739,2.52815511,2.44504998,0.08270309,0,0,0,0.00040204,9.07866544,0.01169756,0.86064425,0.01176977,7.64570588,0.1263354,0.42251258,6.57778266,1.61102683,0.07789507,0.00077456,1.78415388,6.366e-05,0.0908697,0,0,0.001106,0.67978489,0.002295,1.32939186,1.00042121,82.1988282199997,0,20.1763036599999,3e-04,0,0.00025,0.0155225,0,4.55945046000001,16.9701313599997,0,23.8979270800001,0.32196363,15.59844554,0,0.65853399,6.06130911,3.31594233,0.71783375,0.07877656,1.94875647,8.71827922000145,0.34569222,0,8.37258700000145,174.307255630001,1.68295758,9.11526831000002,4.69338319,3.08126434,8.09342976,2.61223962,29.2785428,203.585798430001
2011-10-01,2011,"Q4","2011/12","Q2","October",36.15309362,0.00046895,2.49044837,0.06940904,0.15239057,0.68752593,2.65224816,6.20122728,0.00025,0.338708,1.28035752,0.17161347,2.45977211,19.64867422,3.49413069,0.01524605,0.16492921,3.07525912,0.016,0.22269631,6.49780462,3.70244894,1.33801214,0,0,0,1.45734354,14.33763931,0.00836034,0.43658638,0.00015,13.5050744,0.1624097,0.22505849,9.45674031,0.88001428,0.10881235,0.31410919,3.01898482,0,0.22975069,0.05295634,0,0,0.89135696,0.02786053,3.02117786,0.91171729,82.8342786099999,0,17.59460258,0.00924684,0,0,0.00500698,0,3.78768418,16.28440963,0.03163552,25.87307879,0.42141252,16.5898621499999,0,2.23733942,5.22267562,2.69688397,1.29989573,0.00388903,1.22200689,9.48965539000139,0.13603072,0,9.35362467000139,167.486018170001,1.01191961,10.65672963,4.57799274,2.70983549000001,5.42413416,1.3212375,25.70184913,193.187867300001
2011-11-01,2011,"Q4","2011/12","Q2","November",48.02445445,0.111165,2.30153706,0.14978911,0.17558375,1.09479752,2.07722576,8.58632923999999,0.08944425,0.64149777,1.0508339,0.10184095,3.26687967,28.37753047,2.4760463,1.098e-05,0.01107126,2.42607754,0.0014,0.03748652,2.41467678,1.39552531,0.45934087,0.00137225,0.0097212,0,0.54871715,13.49116053,0.0154435,1.05505032,5e-05,11.84106377,0.173459,0.40609394,8.76577613,2.32724615,0.39009828,0.00012,1.45336595,0.05985694,0.04891653,0.01714726,0,0,0.59885409,0.0915028,2.55938393,1.2192842,88.0303746699999,0,18.94868404,0.00182126,0,0.72494001,0.02961774,0,4.24890541,15.75606453,0,30.77299554,0.31219636,16.1053985599999,0,1.12975122,4.42595761,3.54682344,0.41657637,0.0020496,0.4605082,10.314147510001,0.05105597,0,10.263091540001,177.942593980001,0.72956465,8.51776736999999,7.72237569,4.53606001999999,6.90294332000001,1.92309866,30.33180971,208.274403690001
2011-12-01,2011,"Q4","2011/12","Q2","December",47.74263297,0.21829926,2.18244219,0.24640444,1.01525548,1.00321702,1.66208721,7.41547361,0.39889375,0.96294628,1.32527213,0.00041206,4.50010296,26.81182658,4.39826782,0.0467978,0.04488566,3.96898263,0,0.33760173,3.3842895,1.89734377,0.02632767,0,0,0,1.46061806,18.91018991,0.01270811,1.40382203,5e-05,17.10660821,0.145114,0.24188756,10.89479609,1.55611313,1.17498122,0.00136852,1.29211602,0.13291832,0.53502682,0,0,0,0.89668544,0,4.42900475,0.87658187,90.11978777,0,18.26375875,0,0,0.2418843,0.28721031,0,3.43935593,15.80265374,0,36.3294755,0.09123887,14.01533582,0,1.64887455,7.69870854,5.64051033,1.4041542,0.15441792,0.49962609,9.17250537999932,0.29489138,0,8.87761399999932,192.321177979999,1.22284076,10.48290014,5.04590357999999,3.75650934999999,8.77508326999998,2.56416507999999,31.8474021799999,224.168580159999
2012-01-01,2012,"Q1","2011/12","Q3","January",46.15412272,0.11151028,2.28380991,0.03863992,2.58449267,0.80079625,1.27146121,5.69375517,0,0.89675249,0.85458805,0.0525,9.83883651999999,21.72698025,4.71505013,0,0.05254573,4.34258179,0.26222471,0.0576979,2.63510473,2.20337747,0.28195454,0,0.0068846,0,0.14288812,11.90337452,0.13202598,1.04878776,0.10716609,10.28981066,0.147762,0.17782203,10.82047155,0.53512806,0.63285466,3.894e-05,3.19902701,0,2.25756322,0.13252875,0,0,0.57391836,0.13991128,2.26212323,1.08737804,92.98561516,1.00037626,18.51118003,0.02280124,0,0,0.09900983,0.00729145,2.53612901,16.98102004,0,35.96817373,0.01075992,17.64112149,0,0.20775216,4.9294084,3.06927022,0.51312779,0.00165287,1.34535752,11.55783391,0.30158591,0,11.256248,185.70098112,0.79321349,12.9590094500001,4.74221536999999,3.53822548000002,7.67892420000004,1.97473152,31.6863195100001,217.38730063
2012-02-01,2012,"Q1","2011/12","Q3","February",49.58195637,0.10907929,2.16500379,0.11780983,1.62067684,1.05783521,1.65715431,8.92288274,0,1.97564189,1.59547817,0.001529,6.70419918,23.65466612,4.49623314,0,0.01642725,3.99192775,0.0025,0.48537814,5.14699719,3.3755237,0.10684596,0.00155,0.0006679,0,1.66240963,19.37180773,0.01754119,0.43177695,0.25290542,18.37795665,0.1463516,0.14527592,14.01917198,1.49593786,0.50584106,0.10936623,2.36745784,9e-04,4.38940339,0.03176602,0.006594,0,0.79354264,0.04756809,3.36011392,0.91068093,97.6196402400001,1.9950809,15.32393127,0,0,0.1657809,0.01778522,0,2.83111207,14.55607438,0,38.5131716500001,0.00101297,22.05838286,0,2.15730802,6.15224101,4.29428616,1.27022284,0.08859854,0.49913347,1.13395971999987,0.10896233,0,1.02499738999987,197.52200738,1.11142004,10.45532428,5.02924498000001,2.88090221999999,6.67650359000001,1.64278810000001,27.79618321,225.31819059
2012-03-01,2012,"Q1","2011/12","Q3","March",48.74054377,0.108,2.35599168,0.2649301,2.43226603,1.05238558,1.41390464,7.23695362,0.55800929,1.79381541,0.91724462,0.00539412,10.39698976,20.20465892,3.4142059,0,0.0329337,2.51286993,0.53442351,0.33397876,5.14119544,3.84332727,0.04606547,0.15516097,0,1e-04,1.09654173,25.37467002,0.01899052,1.20681945,0.12725531,23.65392229,0.21477409,0.15290836,17.53109767,0.51396823,0.28258481,1.51367858,4.37295585999999,0,7.02704836,0.02445792,6e-04,0,0.89022811,0.10375898,2.10237269,0.69944413,95.8214713499998,0.93140285,15.6266212699999,0.00811145,0.048701,0.049024,0.00864854,0,3.37248771,17.5450099300001,0,37.6846050599999,0.00373458,19.5909528799999,0,0.95217208,8.27006768,4.61206412,1.91895094,0.01123417,1.72781845,0.21827681,0.21827681,0,0,204.51152864,1.65452988,14.80730495,4.64858049,2.97019637000001,7.48782776000001,2.35400392999999,33.92244338,238.43397202
2012-04-01,2012,"Q2","2011/12","Q4","April",35.07083903,0,2.33442999,0.15102751,1.87571735,0.87682392,0.94598235,6.89649458,0.08069111,1.3490952,0.7360214,0.80218729,4.81386429000001,14.20850404,5.17319878,0,0.03707038,4.72528197,0.34115256,0.06969387,2.67215357,2.46205432,0.13237529,0.0545,0,0,0.02322396,32.90652568,0.14110394,0.61212424,0.0019771,31.85839669,0.1407255,0.15219821,16.7872957140672,1.46193255406719,0.89581192,0.57924333,3.09841398,0,6.16641093,0.00803878,0.09779438,0,1.17007167,0.00131471,2.56980685,0.73845661,84.2161009240674,0.40089286,14.1968839900001,0.0062,0,0.00497995,0.00248997,0.00017864,3.15925478000001,17.97921341,0,27.79135129,0.00393,19.2857706100001,0,1.38495542406719,7.34153466,2.99615576,0.53785239,0.00018,3.80734651,0.3023,0.3023,0,0,184.469948358135,1.47768831,14.67298972,5.64447610999999,3.08265776,7.72157426,1.98766048,34.58704664,219.056994998135
2012-05-01,2012,"Q2","2011/12","Q4","May",47.13173954,0,3.08719615,0.092834,0.27663894,0.35413579,1.73086585,9.14613918,0.76336326,1.50787733,1.18195843,0.01432413,4.39523552,24.58117096,3.77607613,1.3e-05,0.0295013,3.35527697,0,0.39128486,3.25061865,1.3721049,0.24679061,0,0,0,1.63172314,14.50654996,0.01583784,0.72283649,0.18592564,13.36554802,0.1004823,0.11591967,16.67372517,1.6141763,0.62532245,0.63163544,2.97331767,2e-05,5.54226762,0.000475,0,0,1.14745679,0.0037801,2.73860418,1.39666962,108.07273919,2.53398462,22.4414095,1e-05,0,0.14261161,0.19676407,0,3.35639669,21.6288081799999,0,37.5770880700001,0.20167011,18.31217633,0,1.68182001,5.83184337,4.68295138,0.59316065,0.0154296,0.54030174,10.53962115,0.05347515,0,10.486146,209.78291316,1.4191249,12.9720243899998,7.08859528999998,3.44380567,8.57636737999993,1.78043225000001,35.2803498799997,245.06326304
2012-06-01,2012,"Q2","2011/12","Q4","June",42.53356974,0.03334945,2.65486106,0.12565983,0.24433692,0.85092362,0.89102889,9.64910223999999,0.54046889,0.87381172,0.95431544,0,3.24206156,22.47365012,5.15410354,2e-04,0.04217748,4.98006006,0.04834004,0.08332596,2.22064719,1.04083554,0.20085928,0,0,0,0.97895237,15.09264596,0.1796203,0.24214136,0.0344712,14.36700796,0.093273,0.17613214,18.96649491,1.63688619,0.57891776,1.01494265,2.4110283,0.000357,7.95004428,1e-04,0,0,1.19225177,0,2.72146962,1.46049734,113.75985835,1.33841176,22.0248022600003,0.04624,0,0,0.0253833,0.00358,2.50469106,22.14971047,0,43.8159464900001,0.2871217,19.74411191,0,1.8198594,5.68426535,3.6000223,0.61426445,0.10916378,1.36081482,10.56370088,0.10506759,0,10.45863329,213.97528592,1.31780659,11.64767033,5.02361859,3.83732894000001,9.18559292000002,2.60150623000002,33.6135236000001,247.58880952
2012-07-01,2012,"Q3","2012/13","Q1","July",46.32417057,0,2.45012999,0.13115466,0.27714574,0.63460529,0.94871537,9.43133419000001,0.51694763,0.62922129,0.74531324,0.04641955,2.21627733,28.81385392,2.8184746,0.00148232,0.07459685,1.75037197,1.302e-05,0.47506281,2.99158249,2.02851466,0.08165522,0.00025,0,0,0.88116261,27.54022449,0.01020774,0.89396432,0.02263885,26.33464982,0.104856,0.17390776,9.77172598,0.57798545,1.03185364,0.2127193,1.66807207,9e-04,1.38321919,0.13934956,0,0,0.41432532,0,2.8128285,1.53047295,109.26254632,1.34917556,25.7233602400001,5e-05,0,0,0.00974441,0,3.83686239999999,19.48262545,0.00199214,38.49999584,0.33779944,19.13931384,0,0.881627,16.54672751,4.17402267,1.05377724,0.23208268,11.08684492,0.025425,0.001125,0,0.0243,215.28087696,0.93363607,10.31312268,5.40819409000002,1.95363048000001,9.08152444000003,2.19686897,29.8869767300001,245.16785369
2012-08-01,2012,"Q3","2012/13","Q1","August",43.61247822,0.32126022,3.16592874,0.11267495,0.18154757,1.25278349,0.83775269,10.43847683,0.30974737,0.03365826,0.5473081,0.005389,2.00247546,24.71322291,3.14162738,0,0.04345309,2.5441472,0.09893792,0.1453418,2.17694187,1.25923704,0.07675064,0,0,0,0.84095419,16.29561451,0.12918365,1.06593565,0.00669666,14.78997126,0.122693,0.18113429,8.14543701,0.89629954,0.40920942,0.81827524,1.37262825,0.00018136,0.4255008,0.00694416,0,0.08894079,0.5419025,0.0022692,2.24504261,1.33824314,110.72806107,0.46379245,25.8136798899997,1e-05,0.002,0,0.11430198,0,5.9083924,22.39910886,0,29.64843057,0.07489578,23.65245443,0,2.65099470999999,5.52733135,4.50336354,0.31353738,0.05241553,0.6580149,12.48780775,0.30909975,0,12.178708,202.11529916,1.21044307,14.6430906900001,7.15913672999998,3.06855818,10.11357857,4.09467661,40.2894838500001,242.40478301
2012-09-01,2012,"Q3","2012/13","Q1","September",31.5939658,0.27237513,3.17271258,0.26686472,0.90565202,0.95119168,1.18952041,6.09842276,0.17072616,0.02915888,0.40365346,0.001735,1.55668916,16.74599,2.89448852,0,0.02094425,2.61379973,0.0152,0.07381838,1.23395377,1.06638108,0.0660645,0,0,0,0.10150819,20.63502137,0.18445734,1.40227204,0.13102053,18.48544749,0.18112503,0.25069894,6.06283221,0.43368157,0.11036977,0.18227969,2.0703434,0.00015,0.61378116,0.00282968,0,0.03746,0.23687722,0,1.89591742,0.4791423,106.572535550001,0.32590378,29.1546340500005,0,0.007266,0.07215889,0.13069009,0,4.84845814,19.82654911,0,28.9556165600001,0.00318816,20.77674288,0,2.47132789,8.18945324999999,6.07564252999999,1.30852095,0.00327494,0.80201483,11.80742816,0.26557483,0,11.54185333,188.989678630001,1.21304864,12.63850925,8.61056878999998,3.28046164000001,12.06117612,4.98586875999999,42.7896332,231.779311830001
2012-10-01,2012,"Q4","2012/13","Q2","October",39.03605664,0.08751726,3.74878154,0.0911959,1.68741868,1.45665573,1.22988299,8.68298338,0.35030896,0.45325809,0.75291731,0.50461719,1.27150999,19.06931858,3.351523,0.00999,0.04169769,2.86095493,0.0076,0.08097142,1.6996583,1.26472313,0.21004469,0.102866,0,0,0.12202448,19.14647812,0.31636854,0.62326914,0.16812047,17.73381323,0.095877,0.20902974,7.1553698,0.52696615,0.09338999,0.18924894,2.70265132,0.636417869999999,0.77938436,0.00263914,0,0.00149952,0.50557896,0.07942626,0.98876078,0.64940651,91.4028201599997,0.79889102,20.55352238,0.12370174,0,0.52228494,0.0299923,0,4.18854664,18.5368120099999,0.004,23.9137922499999,0.012947,19.9969666099999,0,2.72136327,8.49761734,5.71877818,1.63837434,0.00214502,1.1383198,11.8783252300001,0.08870275,0,11.7896224800001,182.16784859,0.96779322,14.0211833223999,7.88021703999997,3.37117015000001,12.2780573,6.93956528309983,45.4579863154997,227.6258349055
2012-11-01,2012,"Q4","2012/13","Q2","November",35.76030525,0.00038558,3.54480473,0.17525112,1.85572374,1.60585235,1.45849316,5.03017133,1.06131005,0.0272139,0.57003044,0.043304,1.30614455,20.14293035,4.26620012,0,0.10497177,2.73021149,0.00363,0.36607681,2.88751927,1.3064079,0.08002298,1e-05,0,0,1.50107839,20.86224612,0.16258234,0.059451,0.28168299,20.09880856,0.102512,0.15720923,9.88081295,2.43177177,0.49106317,1.13139703,1.98802448,0.45442071,0.57341892,0.00262994,0.00074125,0,0.2850804,0,1.51977284,1.00249244,106.65477249,0.46067257,26.8749983499999,0.31789781,0.001,0.00199239,0.42658351,0,4.62327201000001,17.99817065,0,32.9525301099999,0.010356,19.18468983,0,3.80260926,6.54498657999999,5.64216379999999,0.24499271,0.32421468,0.33361539,10.6469079900002,0.05269216,0,10.5942158300002,197.50375077,1.14513367,13.5265420399999,9.16205889999998,3.33375082000001,11.13089946,7.05870102000006,45.3570859099999,242.86083668
2012-12-01,2012,"Q4","2012/13","Q2","December",37.97098099,0.00028408,2.6150498,0.09063367,0.8343922,2.67187901,1.75399316,4.77574504,0,0.1322631,0.77021629,0.00563655,2.65855562,21.66233247,2.24671355,0,0.07329287,1.69340401,0.31328983,0.16672684,2.78509674,2.1275628,0.09280289,0.001271,0,0,0.56346005,11.23158718,0.03082558,0.15080487,0.0074047,10.8914183,0.101923,0.04921073,7.24377825,1.45353368,0.08624976,0.09816879,1.26762178,0.83933558,0.51087111,0.06927184,0,0,0.55307483,0.03898511,1.75894183,0.56772394,95.7139268099997,1.2326689,18.3684403299999,0.077586,0,0,0.88837103,0,5.14229432,17.0713051299999,0,28.3570880899999,0.009009,19.29349702,0,5.27366699,6.29673197999999,5.55534519999999,0.26583056,0.24241639,0.23313983,11.2458277400001,0.07766805,0,11.1681596900001,174.73464324,2.01045584,15.2518713700001,9.55024513000003,3.33438563999999,13.0695417200001,9.84223774000003,53.0587374400003,227.79338068
2013-01-01,2013,"Q1","2012/13","Q3","January",62.09634306,0.00097158,3.03341834,0.01236511,1.26254399,3.96399273,2.05426207,8.72697484,0.45735379,0.19392086,0.76206203,0.0035643,5.88438538,35.74052804,5.04343133,0,0.02274302,4.40667386,0.34397283,0.27004162,4.05553151,3.74387588,0.24388643,0,0.0602,0,0.0075692,7.84364442,0.16580424,0.43830036,0.05618328,3.96973174,0.0835915,3.1300333,10.66721374,0.71814078,0.15050975,0.41235982,4.59552568,0.01025492,2.46144715,0.16473179,0.02955738,0,0.51268874,0.03072607,1.01030773,0.57096393,105.8556079,0.06776896,21.8561459699999,0.03734586,0,0,0.44326076,0,3.87906433,14.3938589900001,0,26.933572,0.0151055,22.1782968299999,16.03135095,0.01983775,5.72671706,4.01669829,0.81760364,0.22504585,0.66736928,11.01325944,0.12112644,0,10.892133,212.30174846,1.55708534,14.1143861600001,6.57408523000001,3.25789371999999,9.86935065000004,8.46347768999997,43.8362787900001,256.13802725
2013-02-01,2013,"Q1","2012/13","Q3","February",57.69623481,0,2.76725492,0.09255798,2.33332017,2.4969069,1.64555769,9.52637081,0.58006968,0.00480457,0.64497114,0.01421022,3.83648795,33.75372278,6.7668123,0,0.01675879,5.20308391,0.36835492,1.17861468,5.76015876,4.65360412,1.10476674,0.00125,0,0,0.0005379,15.60068973,0.01826727,0.61266593,0.264264,14.29046006,0.0938306,0.32120187,14.95255213,1.49433707,0.30139518,0.5490591,4.29782268,0,3.73321863,0.11025084,0,0,0.87211112,0,1.30915054,2.28520697,105.51577958,0.56982861,20.20652883,0,0.02568772,0.004945,0.08852067,0,2.80055276,16.50534761,0,30.9593109499999,0.0169864,19.5201855700002,14.73375488,0.08413058,10.90607266,3.84803578,0.51653379,0.0575007,6.48400239,10.2394130599999,0.23277406,0,10.0066389999999,227.43771303,1.54633341,12.97690049,3.59792549,2.73878306,6.66915932,7.08471745,34.61381922,262.05153225
2013-03-01,2013,"Q1","2012/13","Q3","March",51.42952666,0.00480488,2.80997438,0.06063621,0.93028183,2.23033849,1.78631653,8.43050201,0.10210298,0.2879705,0.72962653,0.14937791,4.99350773,28.91408668,6.3395795,0,0.0056757,5.00837808,0.77321434,0.55231138,4.63604713,4.36798031,0.11011704,0.040481,1.62e-05,0,0.11745258,15.50508476,0.0614372,0.4910344,0.18871341,14.16918062,0.1210055,0.47371363,13.59208477,1.53357123,0.29746334,0.76043813,2.98607668,0.11715502,4.1425224,0.03186361,0.0027,0,0.32852881,0.09940169,2.08704188,1.20532198,99.4321759300001,0.16895353,17.3623914800001,0.0018,0,0,0.0293077,0,3.35862078,15.56656174,0.007302,30.8906894,0.02626712,21.2448284,10.43227629,0.34317749,5.62260119,3.33705044,0.66986733,0.17469494,1.44098848,10.47458185,0.01954685,0,10.455035,207.03168179,1.09254423,11.61302083,4.54256803,2.19931473,8.65468603000001,5.17004577000001,33.27217962,240.30386141
2013-04-01,2013,"Q2","2012/13","Q4","April",47.36549084,0.00736633,2.98605295,0.20940273,0.94422779,1.95326664,1.5832937,10.35638244,2.80608182,0.13393421,0.81606395,1e-04,3.20484108,22.3644772,8.39968579,0,0.09884369,6.46491821,0.78178571,1.05413818,3.78598051,2.13884571,0.37571757,0.015241,0.1147594,0,1.14141683,8.210081,0.0312394,0.42664838,0.30540308,6.97625703,0.108236,0.36229711,17.13087647,2.30468467,0.32991846,0.86254326,4.28575176,7.14e-05,4.36473669,0.02660012,0.16030908,0,0.12508149,0.00634248,2.11498574,2.54985132,113.91458805,2.18665838,20.4132649599999,0.008,0,0,0.29542433,0,3.05480159999999,17.84507051,0,30.64375544,0.02930568,22.58710776,16.8488993899999,0.0023,6.99047979,2.39518259,0.66169978,0.11804221,3.81555521,10.83680694,0.06803894,0,10.768768,216.63398939,0.77623745,10.2491398599999,5.48721056999998,1.5223639,10.6402126299999,3.25537388000003,31.9305382899998,248.56452768
2013-05-01,2013,"Q2","2012/13","Q4","May",64.24865139,0.00506533,3.77771625,0.15229304,1.2080648,3.52211722,2.10414073,13.39168072,0.84289971,0.1684,0.61815075,0.02985921,2.81531123,35.6129524,7.04759046,0,0.02991243,5.2111378,0.65474694,1.15179329,3.0930179,2.6873838,0.30601482,0,0,0,0.09961928,8.00509702,0.01853974,0.47239882,0.1574907,7.00532801,0.1041185,0.24722125,16.27487704,2.20677281,0.73698538,0.85691976,3.81394271999999,0.11882521,4.02695856,0.0737875,0.46226398,0.00996164,0.25727729,0.0068378,2.35544628,1.34889811,107.43559083,0.00092967,21.0728868899999,0,0,0,0.00162308,1.22962717,4.10485259,18.2851863200001,0,24.6708856000001,0,24.52198549,13.33417377,0.21344025,10.04893511,3.06686335,0.32317174,1.11263363,5.54626639,11.68722429,0.18845114,0,11.49877315,227.84098404,0.80983093,11.8904372600001,6.31932641000001,1.85734109999999,13.57728975,2.09531853999999,36.5495439900001,264.39052803
2013-06-01,2013,"Q2","2012/13","Q4","June",44.19818743,0,2.58949866,0.09991917,0.18381964,1.22400224,0.908542,9.17170184,0.03392645,0.41918401,0.91978781,0.002102,1.77028079,26.87542282,5.63309278,0,0.02594616,3.96285582,1.56426074,0.08003006,4.52610439,3.75821471,0.22512012,0.00135,0,0,0.54141956,9.54498861,0.12447519,0.5236438,0.064518,8.4045619,0.128199,0.29959072,9.37646485,1.48010163,0.28946228,3.50046239,1.17823753,0,1.57984284,0.01135492,0,0.09088691,0.01632323,0.00614335,0.89795427,0.3256955,98.5869437100002,0.295768,21.46349977,0,0.08834362,0,0,0,4.54795682,19.5160355400001,0,20.11369454,0.033828,22.9776022800001,9.45431166000001,0.09590348,8.9979077,5.68277333,0.21573699,0.00992802,3.08946936,10.65518819,0.14768819,0,10.5075,191.51887766,1.02168353,10.21060365,6.19412789999999,1.57730132,10.4579783200001,2.04473711,31.5064318300001,223.02530949
2013-07-01,2013,"Q3","2013/14","Q1","July",47.56897283,0.043,2.8138386,0.00961092,1.21575582,4.08513573,1.21529272,7.32989618,0.06496593,0.09863051,0.62572793,0.00502919,1.96578075,28.09630855,4.8849889,0,0.09258008,3.73021975,0.68512344,0.37706563,6.70971622,6.47018762,0.14109535,0,0,0,0.09843325,7.22676272,0.15485834,0.66474488,0.12629182,3.10172773,0.18349081,2.99564914,9.87379218,1.37272473,0.66438387,0.13702097,2.9013219,4.284e-05,0.32261279,0.12295925,0,0.08992512,0.21380682,0.00629046,2.34985992,1.69284351,97.4409643300003,0.52860721,20.22453684,0.0153,0.04424269,0,0.13464575,0,4.03297580999999,19.7491216700001,0,16.01691217,0.0076354,23.4180847500002,12.72249657,0.54640547,12.36325155,4.21124638000001,0.60849645,0.58640719,6.95710153,11.35781172,0.23781572,0,11.119996,197.42626045,1.16738787646,11.88893525835,6.12701817062499,1.97139399068,10.694375716575,2.196788727845,34.045899740535,231.472160190535
2013-08-01,2013,"Q3","2013/14","Q1","August",41.94990435,0.00685725,2.86579416,0.1906622,0.60200363,2.11397622,1.27549332,6.71130541,0.19206014,0.17882869,0.7357032,0.00943736,3.32504186,23.74274091,3.71709301,0,0.03627825,3.18714735,0.31567402,0.17799339,4.43622394,3.35912131,0.8252782,0,5e-05,0,0.25177443,3.85561045,0.15172556,0.62993909,0.01827267,2.75852427,0.14818437,0.14896449,10.85044732,0.91495746,0.3972494,0.24697487,2.65283898,0,0.35383308,0.193815,0.10050098,0.04826483,0.22609013,0.00083181,2.2734504,3.44164038,105.40682425,0.22009617,28.50276858,0.002565,0,2e-04,0.03249533,0.00179823,7.52998334000003,18.88204466,0,15.11094236,0.00943061,23.5690220799998,11.53098634,0.01449155,8.97273192,5.36689302,0.87972421,0.10521027,2.62090442,11.48630709,0.30567609,0,11.180631,190.67514233,1.31309222292,13.5672668667,6.05990844124999,2.36548666136,10.93077311315,2.34884034569,36.58536765107,227.26050998107
2013-09-01,2013,"Q3","2013/14","Q1","September",33.71445261,0.00473868,3.12964822,0.02013891,1.95682519,3.08951355,1.57468256,7.61895259,0.12322206,0.11505084,0.68358539,0.003498,1.08388064,14.31071598,3.5702479,0,0.01058488,3.47985768,0.07450834,0.005297,3.25638257,1.67450265,0.83363537,0.0012706,0,0,0.74697395,8.88524232,0.16509141,0.33985214,0.18373947,7.5706714,0.17550763,0.45038027,9.10921047,0.47710697,0.40490154,0.10397332,2.62326891,0.021318,1.54543651,0.03166989,0.29865765,1e-06,0.13852991,0,2.76415707,0.7001897,107.58099791,0.00299158,32.7647489000003,0.04881233,0,4e-05,0.01003776,5e-05,4.55968449,18.93208533,0.0236,11.71748974,0,23.1681246300001,16.18560387,0.16772928,7.15964601,4.00274274,0.47105391,0.01245571,2.67339365,10.36367461,0.00735524,0,10.35631937,183.6398544,1.28144749231,10.46536986985,5.49364411924001,2.48570760642,14.06545093808,2.37014495302002,36.16176497892,219.80161937892
2013-10-01,2013,"Q4","2013/14","Q2","October",28.44573466,0.45835067,3.05709653,0.0056387,0.51209107,1.21591468,1.78338429,6.83580192,0.08818309,0.67378397,0.5521689,0.00036025,1.91702289,11.3459377,4.18652341,0,0,3.29717173,0.0128,0.87655168,3.27674754,1.77221518,1.18793383,0,0,0,0.31659853,6.09690325,0.01175686,0.15548355,0.06038772,5.55949583,0.16830003,0.14147926,8.66299256,0.19937328,0.0528084,0.32677889,1.85025455,0.00074752,1.57041737,0.00832768,0,0.010422,0.06554396,0.09811891,2.63940999,1.84079001,120.31579086,0.03807021,41.28865137,0.01871368,0,0.38005346,0.15662831,0,3.44456386,19.86879306,0,12.67096683,0.00603678,25.49070046,16.50551284,0.4471,5.36152124,4.055982,0.44001372,0.00539571,0.86012981,11.35959185,0.21239745,0,11.1471944,187.70580537,1.03058155,9.52538563000022,6.70526855310005,3.29990356999999,10.3666578200001,2.74593086999999,33.6737279931003,221.3795333631
2013-11-01,2013,"Q4","2013/14","Q2","November",32.90173985,0.06795635,3.19140907,0.03494614,1.07253339,1.32134163,1.63139544,5.892746,0.10807761,0.54861921,1.05411535,0.06056595,1.57874635,16.33928736,4.59882115,0.00112,0.01225674,4.12998664,0.12985593,0.32560184,2.35243364,1.46558892,0.61847845,0.0012706,0,0,0.26709567,6.0142397,0.1547965,0.45246524,1e-05,4.94389486,0.13400086,0.32907224,9.44789704,0.80070199,0.71253235,0.97225496,1.84067803,4e-04,1.13661836,0.56255102,0.04048401,0,0.35376852,0.00616365,2.56625828,0.45548587,107.6409519,0.03340839,35.7816774300003,0,0,0,0.00701,0.2590828,3.5242677,17.75503391,0,10.0061512,0.01732548,19.97334288,20.27213161,0.0115205,7.37368824,5.42437276,0.74241913,0.230492,0.97640435,11.66993438,0.14348248,0,11.5264519,181.9997059,1.21319095421,8.51989907284013,6.33380649656999,1.71812885803,14.3403550161801,2.554513029,34.6798934268302,216.679599326831
2013-12-01,2013,"Q4","2013/14","Q2","December",35.94949241,0.10812661,2.7691246,0.09340247,0.2540967,3.79046143,2.20167536,5.45590873,0.2078616,0.51009907,1.02478443,0.01529185,1.83919392,17.67946564,4.55349506,0,0.01666741,3.20220331,0.54061702,0.79400732,3.91825952,2.60438514,1.15593198,0,0,0,0.1579424,4.70629691,0.16540319,0.60699804,0,3.45122998,0.15359346,0.32907224,12.48312788,1.73447241,0.59848996,0.85797855,4.66958811,0,1.15726927,0.291158,0,0,0.228,0.03633925,2.60105167,0.30878066,101.19316988,0.00149446,33.17320181,0,0,4.982e-05,0.05321147,0.03297048,3.81769761999999,19.2226215800001,0,9.37330332,0.00702051,19.28067344,16.17775051,0.05317486,7.38072553,2.91257814,0.9971411,0.03070644,3.44029985,13.0567794699999,0.03158848,0,13.0251909899999,183.24134666,2.32468889,9.98610217999996,6.25746694999996,2.857455,10.53990433,2.44056723000001,34.4061845799999,217.64753124
2014-01-01,2014,"Q1","2013/14","Q3","January",50.4136634169713,0.00965675,3.51143541,0.00334485,0.450193901,3.52440669,3.161737921,7.19370251700002,0.114575766,0.242073879,1.117711564,0.00422815,1.775248772,29.3053472469713,6.10792237774008,0.130640141,0.212420146,4.180228248,1.55830163274008,0.02633221,6.04475787,3.595443305,2.068171895,0,0,0,0.38114267,18.315480864,0.015470969,1.0969262,0.179336468,16.465262218,0.218003947,0.340481062,18.4395810233967,1.00333696,0.904752056,0.782536019,10.9220087613967,0,1.57075817,0.413965506,0.4084784,0.053570929,0.182554555,0,1.596088368,0.601531299,95.7320049172303,0.054173328,33.4376003383848,0.00015,0,0.003,0.133680001,0.00060125,2.96407342763156,17.5206661327365,0,9.35981457049314,0.011126785,17.95666272,14.2412982779843,0.049158086,8.24922164646567,4.68168514346567,0.552229546,0.00205672,3.013250237,0.0345554,0.0325554,0,0.002,203.337187515804,1.70063838148,8.84343091153,5.71303033424,2.28349634433,9.67846402330998,1.94817131304,30.16723130793,233.504418823734
2014-02-01,2014,"Q1","2013/14","Q3","February",51.288812601,0.00277092,3.283172759,0.145806,0.399060006,5.836813356,1.80458385,9.234492679,0.00364978,0.346198801,1.187133266,0.00027825,2.569500366,26.475352568,4.45981171,0,0.0224317,3.243076558,1.190418452,0.003885,2.862946701,1.764760024,0.378379094,0.00125,0,0.003912339,0.714645244,15.553263315,0.124966039,1.176301898,0.150855301,13.524368966,0.139668033,0.437103078,22.1275067803142,2.529065922,0.627110947,0.813662967,10.163434218,0.00068544,1.321019233,0.038038618,0.631906175,0.495341999,0.33032683,0.017933345,3.42143717931418,1.737543907,98.715295793421,0.007443131,25.1958494335159,0.332813731,0.087018617,0.049914848,0.100941622,0,2.53408535883688,16.6402782141317,0,8.00162091521874,0.03198004,16.6813798592568,28.940068893461,0.11190113,7.026191388591,3.721238139591,0.427450128,0.198508614,2.678994507,0.246000958,0.0693586,0,0.176642358,202.279829247326,1.07675904492,7.65708454364,5.162027704,1.6909477778,8.93731547284001,1.45566625028,25.97980079348,228.259630040806
2014-03-01,2014,"Q1","2013/14","Q3","March",52.996080912,0.031986892,6.855723539,2e-05,0.501198132,2.722132882,2.761683151,7.829242668,0.107549212,0.378543429,1.261947938,0.010805816,3.005661344,27.529585909,5.416635056,0,0.013210399,3.827719349,0.542433928,1.03327138,7.067175404,5.823908793,0.131642181,0.00154946,0.03904786,0,1.07102711,18.251169879,0.014399658,0.800981639,0.156549693,15.665209524,0.199762559,1.414266806,21.927784824,3.402369433,0.131637288,2.015869019,7.94040950900001,0,2.98440726,0.173980087,0.789283823,0.677616717,0.626237248,0.1941446,2.126417138,0.865412702,94.2579694296276,0.09596866,18.373202804628,0,0,0.491550906,0.279021172,0.000995625,2.55205621672508,16.5370999204093,0.02675664,9.97925219078101,0.073008545,16.072893982,29.5463307760842,0.229831991,7.19987462199999,3.53556832799999,0.728379507,0.003504,2.932422787,0.04579974,0.04579974,0,0,207.162489866628,1.51863394322,9.63502552406,4.98029591803,1.63139396745,10.2151947317,1.41285365848,29.39339774294,236.555887609568
2014-04-01,2014,"Q2","2013/14","Q4","April",45.9288129703411,0.00828117,3.08802236938239,0.000214,0.285639286487065,1.193869131,1.77619478,6.65545218487691,0.093893393,0.135504453,1.402447893,0.053304837,1.50153186659473,29.734457606,4.60286632,0,0.031746785,4.286093429,0.277581106,0.007445,1.950647717,1.465578849,0.208863678,0.04209282,3e-06,0,0.23410937,14.8554293020011,0.121269082,0.674464391,0.010127803,13.4476267600011,0.196957726,0.40498354,18.1962767541903,2.655677258,0.400900211417442,1.420326662,5.7117912477729,0.00017136,3.811437189,0.017536964,0.995468342,0.02808,0.128115275,0.029174879,2.39375916,0.603838206,95.6502428286049,0.102355273,25.8965107863793,0.001949477,0.116945117,0.219042738,0.02424,0.0006896,3.17374789636748,16.980429026148,0,11.486776629005,0.276268838523205,14.606645314499,22.7645921326829,5e-05,12.3036587842533,5.09071420147346,0.843096937779791,0.034846,6.335001645,0.289702353,0.289702353,0,0,193.777637029391,1.47588343228,12.48696696428,6.49933837037999,0.990756503139999,7.31305779567,0.964895086540001,29.73089815229,223.508535181681
2014-05-01,2014,"Q2","2013/14","Q4","May",43.6322706614279,0.004937,2.080453379,0.0588367500098748,0.534355327,1.811392994,1.77705478,7.97958477063017,0.16224714,0.145104001,0.870214969,0.013834696,2.196208843,25.9980460117879,4.588744096,0,0.443886528,4.008219321,0.099109247,0.037529,3.202710824,2.008600244,0.900613793,0.04018871,0,0,0.253308077,17.8913437828157,0.026460335,0.659339352,0.019852506,15.1619733548157,0.174924729,1.848793506,13.78372738,2.398924782,0.497373263,1.317798717,4.280367596,1e-05,1.2477703,0.029856104,1.045699019,0,0.021944889,0.0359102,2.426256339,0.481816171,109.781288741888,0.008876463,29.4127760962036,0,5e-05,0,0.44924534,0.002792092,6.48307419512908,23.1876526322997,0,7.90658730820808,0.167388,16.4645074954808,25.637141119567,0.061198,8.35317288800001,2.80913108100001,1.162944486,0.217721,4.163376321,0.138379658,0.098808448,0,0.03957121,201.371638032132,1.0762819931,12.98825054655,8.8532003438,0.95459236688,8.93286548148,1.30480295492,34.10999368673,235.481631718862
2014-06-01,2014,"Q2","2013/14","Q4","June",43.8982853020104,0.062740689,2.023564069,0.00828792,1.079249851,4.122294657,2.453535784,6.65193088653362,0,0.134529599,0.927516002,0.013810061,2.42471228647682,23.996113497,3.46463153450593,0,0.107290715,3.134898147,0.135376462505933,0.08706621,4.689006322,4.412662192,0.199058567,0.00226635,0,0.058959213,0.01606,14.7359615263287,0.016402002,0.390220102,0.028772489,13.7279818853287,0.145874837,0.426710211,12.5741594739374,1.247629618,1.16966257105078,0.76192374,2.449378495,0.29689134,2.561079261,0.206528364,1.14122867,0,0.309350003,0.03282309,1.87927186888657,0.518392453,91.0332253155419,0.021664631,24.3564502353051,0,0.083845467,9.8877e-05,0.05387843,0.0005876,3.26873892065085,19.6418711943078,0,6.42532459000095,0.2912057,15.0726335181325,21.7538290601447,0.063097092,7.30687609964484,4.264450192,1.261395001,0.4372022,1.34382870664483,0.334283802,0.334283802,0,0,178.036429375969,0.74467767411,15.84694850254,8.50733929595001,1.00481357089,9.28328113154001,1.35452313777,36.7415833128,214.778012688769
2014-07-01,2014,"Q3","2014/15","Q1","July",41.0563924064495,0.00864025,1.969231155,0.19286819,0.659777608,1.4656032062779,1.707039272,7.21527751217165,0.00950735,0.024569495,0.560732718,0.003954217,2.75586398,24.483327453,4.16200834463798,0,0.091796883,3.65672222963798,0.256122286,0.157366946,3.770647444,2.870564248,0.900083196,0,0,0,0,16.721312571,0.142287101,0.742477006,0.110458636,15.02852977,0.197145083,0.500414975,11.088481902526,1.763736806,0.4680675,2.131388896,1.75991434789497,0,1.43515723,0.4713617,0.002516,0,0.04478336,0.009885542,2.23809804863105,0.763572472,102.280715484505,0.024553852,25.8173279711781,0.0027,0,0.026301294,0.231745905,4e-04,3.43241321780853,21.2624317922606,0.121888728,12.3626109068535,0.130519992,16.4139769864534,22.3270299339504,0.126814905,6.98797633798874,3.80466623,0.962876555988737,0.025182524,2.195251028,0.284427969,0.281020329,0,0.00340764,186.351962460107,1.19063751793,13.22004065672,8.08776711677001,1.34738272982,7.97307389242001,1.29849486303,33.11739677669,219.469359236797
2014-08-01,2014,"Q3","2014/15","Q1","August",38.8558741329745,0.00559075,1.943973655,0.013408496,0.014460955,0.80160905878986,1.395168961,6.92927837518463,0.008467087,0.125065431,0.311527115,0.000306,5.059473353,22.247544896,3.06143231431661,0.007894719,0.053557588,2.48740213331661,0.505538624,0.00703925,2.457814158,2.225458997,0.174929432,0.03896281,0.002785,0,0.015677919,15.874471647,0.124914692,1.118536334,0.127276298,14.099329958,0.147784706,0.256629659,13.0866438295257,2.014619236,0.217979628,0.702638844608958,4.80777214990486,0,0.330218927,0.555066603,3.52e-05,0,0.145717277,0.03571591,2.17531653201193,2.101563522,97.3729755959288,0.019570605,24.0495444613493,0.0117,0,4.7e-05,2e-04,0.0006655,4.67091535323367,23.3312274231582,0,10.3761090577727,0.091575951,13.1379123124748,21.6833199309401,0.000188001,7.22643848499999,5.76307988099999,0.610329604,0.03074437,0.82228463,0.191836296,0.187288796,0,0.0045475,178.127486458746,1.27174645342,9.80241554619,7.24067564529,2.93680010949,10.98963229415,1.29697953276,33.5382495813,211.665736040046
2014-09-01,2014,"Q3","2014/15","Q1","September",36.4485044871871,0.012198,2.656482579,0.025081364,0.762631639,1.83744220637122,2.193229604,6.22735489999999,0,0.194242121,0.417653581483817,0,2.22325214633202,19.898936346,4.465284287,0,0.003990422,3.417890157,0.580221588,0.46318212,2.81669538573363,2.45729909673363,0.319162359,0.04005103,0.0001829,0,0,15.873812315,0.031057113,0.593496496,0.012534402,14.714489675,0.119119481,0.403115148,14.9292939769086,2.387372471,0.835732837,0.404552443,5.43605939415578,0,0.403399671,0.097331885,0.000676641,0,0.03297075,0.038163286,3.93062149075277,1.362413108,98.9082152656563,0.01312588,24.4567957892288,0,0,0.055428263,0.048881051,0,4.35148182163928,22.6665706419299,0.001483361,6.50924285521547,0.044198508,16.1778884047931,24.5711186898497,0.012,8.5513384667043,6.5708350127043,0.672462759,0.00087156,1.307169135,0.124309529,0.124309529,0,0,182.11745371319,1.6477480429,9.4953069397,7.79570504832001,2.65390049298,9.76185964597,1.1760884608,32.53060863067,214.64806234386
2014-10-01,2014,"Q4","2014/15","Q2","October",40.7075797612665,0.014231,2.794745749,0.017386863,0.102597986,1.306515759,2.67787422809891,7.01316781616758,0.18674206,0.695980672,0.918261273,2e-04,1.626767365,23.35310899,3.33607973069208,0,0.061709336692083,3.158366775,0.108903619,0.0071,4.88579251190296,3.163954759,1.72183775290296,0,0,0,0,17.754679316462,0.033408444,1.264446612,0.192837037,15.829916662462,0.092857079,0.341213482,11.95313847,1.485213136,0.29032896,1.144289014,3.14089518,0,0.578427541,0.02112,0.000625637,0.00059,0.027082436,0.0368028,4.461154505,0.766609261,111.031903912403,0.07728274,41.3972403486101,0.007927908,0,0,0.100603312,0,4.06588941918883,24.045826738814,0.003663831,6.664710847,0.02822985,14.7499590166341,19.8905699011557,0,7.98162722386919,5.00160932699999,0.692110743,1e-05,2.2878971538692,0.1532557,0.1532557,0,0,197.804056626595,0.961930115309999,10.67673812689,8.59726957073,3.23707472617,10.36950872683,2.3406541024,36.18317536833,233.987231994925
2014-11-01,2014,"Q4","2014/15","Q2","November",38.3878894890523,0.00762375,2.393927921,0.016738367,0.261328022,2.598548902,2.58054768777024,6.31031981157406,0,0.727008255,1.438969483,0.08218673,2.5923357159649,19.3783548437431,3.666150856,0,0.065641203,3.368280741,0.00108936,0.231139552,4.224321069,3.853214138,0.319644301,0,0,0,0.05146263,14.783783584,0.024489914,0.47779992,0.178605167,13.687561373,0.118934717,0.296392493,12.3262064708434,0.925316656,0.973780113,1.324623937,2.879701384,0.0650463,0.999416925,0.296528831,0.154838529,0,0.034341811,0.03834197,4.15339537984337,0.480874635,109.700075679117,0.73686987,41.1683177655341,0.00684,0,0,0.115687846,0,3.24211953770447,20.3332920833574,0,7.501560053,2.5e-05,12.7021708333684,23.8921926901531,0.001,10.0403584994963,8.07982245249631,0.796414795,1e-04,1.164021252,0.045999527,0.045999527,0,0,193.174785174509,1.04718315935,12.71537179873,11.0014478814,2.79235910259,11.44956836693,3.40002724078,42.40595754978,235.580742724289
2014-12-01,2014,"Q4","2014/15","Q2","December",43.2350261250449,0.00660725,2.647293923,0.002184497,4.22957038,1.291484977,2.09358012932029,5.9290717783578,0.549961342,0.282373796,1.166708156,0.012585,2.74779011236676,22.275814784,3.977111136,0,1.360188622,2.53703375,0.067198764,0.01269,3.05632346436676,2.37982521736676,0.457703998,0.176087789,0,0,0.04270646,17.4705379432793,0.03679095,1.758862899,0.004498775,15.2449186056068,0.0651151346724994,0.360351579,16.507198057633,1.713929415,0.331518232,1.429389508,6.35778599200001,0.003,1.943534855,0.134436562,0.473349386,0,0.004334589,0.215162991,3.41272688763301,0.48802964,98.3791785018617,0.057910531,28.2442083094078,0,0,0,0.052033975,0.003,3.48244648561122,23.2251047568718,0,5.29687572728993,0.460523616,12.2576591271046,25.2994159735763,0,3.81750057149131,2.79953404609101,0.448274256663352,0.138675085,0.431017183736939,0.1986501,0.1986501,0,0,186.641525899677,1.24149348151,16.09062594049,10.44691747175,3.02628434462,14.56681567873,5.32022152429,50.69235844139,237.333884341067
2015-01-01,2015,"Q1","2014/15","Q3","January",48.9435480738621,0.00559075,2.819907916,0.030016365,0.595701825,2.322749301,1.704933407,5.7743136184616,0.235494693,0.593975091,1.61704711,0.00223725,5.14671815340048,28.094862594,2.398873789,2.8e-05,0.02237749,2.247740191,0.089028448,0.03969966,2.700547887,2.254052197,0.40282606,0,0,0,0.04366963,14.464805122,0.017652765,0.817871945,0.014344734,13.273156275,0.112729003,0.2290504,19.468593941,1.007444927,0.942113985,1.488870734,8.05359165299997,0.000229699,2.675102159,0.043094273,0.000325592,0,0.122543015,0.065440534,4.694991165,0.374846205,95.3308326537271,0.0001504,24.1563811864124,0.027680614,0,0,0,0,2.75821958003627,16.863619694171,0.17001328,9.61467584585741,0,11.656692041497,30.068102825753,0.015297186,5.25040496935811,4.0878817540441,0.494652803,0.023066,0.644804412314006,0.155253723,0.135183723,0,0.02007,188.712860158947,0,12.46107554582,6.7860276442,2.34359506475,8.75677993210001,0.50523509716,30.85271328403,219.565573442977
2015-02-01,2015,"Q1","2014/15","Q3","February",46.5764457191134,0.009204795,1.787897499,0.00305,0.186337519,2.12597172349917,2.53432977050889,9.15565980410537,0.002104944,0.556362886,1.223691193,0,2.452984728,26.538850857,4.23061874020611,0,0.244704506,3.22743091820611,0.4604259,0.298057416,4.53823685,2.572396719,1.752335892,0.16356227,0,0,0.049941969,21.192085877,0.014008823,1.633902019,0.213103445,18.945212798,0.123293986,0.262564806,16.8981926402995,1.45327578,0.474933384,2.160228279,6.82319670802107,0,2.157185558,0.020723219,0.025233971,0.149717505,0.01494391,0.000968688,2.54991058227847,1.067875056,93.4050842444459,0,18.9514479787517,0.040238889,0,0,0.142094065,0,3.24273189009524,20.9197948977104,0,6.47103799616435,0.065688188,12.7438668341733,30.8281835055509,0,5.14810432867753,3.91592961567753,0.499466305,0.076751603,0.655956805,0.1419947,0.1419947,0,0,192.130763099742,0.70286839372,12.81351090128,7.67459074192,1.23585160764,8.90080512735999,0.63019263764,31.95781940956,224.088582509302
2015-03-01,2015,"Q1","2014/15","Q3","March",52.532242534,0.008002058,1.604807596,0.007006663,0.494180968,2.895252355,2.62840885,9.75592888500001,2.9938e-05,0.478873155,1.115880548,0.005808233,4.955143194,28.582920091,3.776532673,0.260909132,0.013584,3.347773159,0.000809315,0.153457067,3.643703214,2.647598673,0.936205976,0,0.001778298,0,0.058120267,15.71669956,0.157278945,0.442393517,0.291168852,12.851843962,0.17885131,1.795162974,18.771904068,2.130424265,1.32923864,1.926211703,8.08240112500001,0.000982954,1.912282104,0.118433885,0.028093845,0.130856733,0.183547235,0.013671539,2.320684743,0.595075297,114.868177709726,0.120164842,34.0972793090229,0.017226544,0.023600868,0,0.034624326,0,3.83041758300001,19.9312192807029,0,8.028851726,0.019912544,12.539250882,36.2256298050005,0,8.05791389300002,4.48951108000001,0.496020595,0.132561869,2.93982034900001,0.01046769,0.008987571,0,0.001480119,217.377641341726,0.67473658299,14.83199773673,8.56318090086,1.22109375402,9.04476951545001,0.75515155501,35.09093004506,252.468571386786
2015-04-01,2015,"Q2","2014/15","Q4","April",37.2712185440837,0.012887271,2.280755798,0.0274450001341472,0.052365387,1.912883749,1.736455245,4.18392826680281,0.1709802,0.17172363,1.268835138,0.253449907,2.82823649414676,22.371272458,3.137633748,0,0.030184028,2.965180742,0.125668978,0.0166,2.682932636,2.384761402,0.217381319,0.07873347,0,0,0.002056445,28.9915879524968,0.018425706,0.49631375,0.328571439496814,22.155229944,0.193139361,5.799907752,18.6534348880452,2.054000672,0.939474583,1.396063035,6.5432083943443,0,1.531780169,0.03264011,0.04152872,0.350252427,0.15681401,0.12558,3.43292349570092,2.049169272,90.5068688652442,0.00252677,23.1506786519778,0.0168094,0,0,0.118279391,0,2.45313951644007,18.6821030315451,0.130264,7.00559238999998,0.003673588,11.8014928535675,27.1420902727137,0.000219,7.2934985643811,4.76547144871815,0.48270862,0.005177032,2.04014146366295,0.034452037,0.034452037,0,0,188.571627235251,0.42953482048,16.18169257528,8.05214010528,1.25132976286,8.29783306452,1.26338075647,35.47591108489,224.047538320141
2015-05-01,2015,"Q2","2014/15","Q4","May",37.6832459427037,0,1.54290187920051,0.042289573,0.332123542,1.050263352,2.35240049348873,7.71955411301445,0.098304,0.345874377,1.043402016,0.005523,2.737294315,20.413315282,3.633378156,0,0.089446218,3.463833688,0.01911825,0.06098,4.40616931337292,3.59182614037292,0.549432813,0.149843,0,1e-04,0.11496736,18.0320689135928,0.134151509,0.428011707,0.001624,15.724496967,0.172134967,1.57164976359279,12.2570547167828,1.07434007,0.326481251782812,2.413088682,3.46382943,0,1.013671331,0.043011488,0.043600448,0.174452309,0.166945452,0.037679663,2.838025447,0.661929145,104.31584483947,0.004957,40.7411179580715,0,0,0,0.025354825,0,1.93655593047521,20.9555714175688,0,6.044181655,0.062897909,11.3967437958051,23.1299145995496,0.018549749,7.48590862243244,4.754816406,0.700181808025369,0.004453423,2.02645698540707,0.162216551000079,0.028957637,0.133008914,0.000250000000079353,187.975887055355,0,16.9400015833,10.14491981406,1.96614834083,7.42536527541001,0.88390402825,37.36033904185,225.336226097205
2015-06-01,2015,"Q2","2014/15","Q4","June",41.2957755007401,0,1.125864241,0.009842127,0.044759119,2.465110342,1.7644888970928,6.74021143190022,0.00488365,0.312522914,0.738987683,0.005183355,1.87690553674705,26.207016204,3.431054582,4e-05,0.05748953,2.714922882,0,0.65860217,2.87417074838251,2.44648198638251,0.424943259,0,0,0,0.002745503,16.889073112,0.020291363,0.610296705,0.323318099,15.511187322,0.140774304,0.283205319,12.112359572,1.57454493,1.037262099,1.129749568,2.455173691,0.14758705,1.286641928,0.099924892,0.005408151,0.031629097,0.146296308,0,3.538785446,0.659356412,119.214386579863,0.040943123,48.5157784301754,1e-05,0,0,0.043719179,0.04430698,2.49505559350058,21.319196360049,0,6.371697467,1.200706897,14.5814542786434,24.5992596884942,0.002258583,4.8713511624884,2.441373426,1.219591912,0.00632,1.2040658244884,0.112974983,0.107536807,0,0.005438176,200.801146240474,0,18.53324174259,12.02420252888,1.71740312137,6.13685588376,0.96472239552,39.37642567212,240.177571912594
2015-07-01,2015,"Q3","2015/16","Q1","July",45.013605637,0.0084,1.249232934,0.159967217,0.199501724,3.426777776,1.564979565,6.47105362,0,0.201985343,0.916188712,0.005542793,1.502368141,29.307607812,4.067418173,0,0.101387775,3.590692699,0.028178,0.347159699,3.534521617,3.204263187,0.316719387,0,0,0,0.013539043,12.9545726790504,0.021827661,1.00265275,0.030531076,11.4242925860628,0.165680371,0.30958823498756,14.832841593909,2.524721592,1.854623564,1.251274178,2.552455199,0,1.091473643,0.305034996909032,0.000438957,0.279142911,0.234985534,0.0323977,3.316077573,1.390215746,101.797469711945,0.103628683,34.3556299104629,0.02766229,0,0,0.003446387,0,3.87407683027631,21.5177078807069,0,7.408806876,2.074225425,13.2132257400491,19.2073390734498,0.011720616,7.2084167505958,3.97555802045162,0.697866459144184,1.311455037,1.223537234,0.43000868,0.427461605,0,0.002547075,189.8388548425,0,13.82248446662,7.58312688925,1.91653965262,6.01613163871,1.01762263391,30.35590528111,220.19476012361
2015-08-01,2015,"Q3","2015/16","Q1","August",35.2353040621243,0.00914025,0.830902772,0.017368,0.082949883,0.569167871,1.294522511,5.477008595,0,0.24851367,1.065831215,0.005744,0.912783992124275,24.721371303,3.379741611,0,0.283357548,3.005150293,0,0.09123377,4.055425173,3.096861834,0.663578859,0.29282991,0,0,0.00215457,14.373477000556,0.10728468,0.668983955,0.204737025371862,13.036063744075,0.148126715,0.20828088110915,16.0544781203697,1.77547997120578,0.351759840407401,1.392493161,6.35142669700001,0,1.274607019,0.451625382,0.000429791,0.233444603,0.0109,0.091669187,2.78250639975654,1.338136069,100.104285008849,0.271215204,41.5658729230686,0,0,0,0.0554589244236609,0.03030488,6.83624225696536,19.5867252272583,0,4.907454678,1.158237906,11.0654455362393,14.551782066894,0.075545406,6.23696372621648,4.67542246548948,0.328122349773051,0.008949408,1.22446950295395,0.13170913,0.13014663,0,0.0015625,179.571383832116,0.05570084278,17.24247135558,11.33376318711,2.07491200688,4.61862108702,1.79760087553,37.1230693549,216.694453187016
2015-09-01,2015,"Q3","2015/16","Q1","September",34.2666825175808,0,0.978178068,0.007065,0.168593258,2.141507966,1.825007312,4.5435147454247,0.005326,0.184392171,0.862730752999999,0.004056965,1.28581550415608,22.260494775,2.05979286,0,0.010785531,1.925344128,8e-04,0.122863201,2.04478116222683,1.57021970922683,0.466707692,0,0,0,0.007853761,12.294287873,0.021700282,0.353145147,0.18725539,11.28628746,0.146869246,0.299030348,17.0261619792333,2.00826554654093,2.00552260869237,1.68427176,6.85090754799999,0,0.434328036,0.25799838,0,0,0.088542198,0.02932076,2.850583113,0.816422029,103.154992973055,1.11601961,41.4787090223474,0.137699558,0,0.045958482,0.02309511,0.12492991,5.36255664354749,20.2770734567918,0.003974874,5.049731334,0.057068087,13.419965286307,16.0117051310609,0.046506468,8.33596126185715,7.00322978948947,0.284527182367674,0.02429675,1.02390754,0.077206203,0.00762604,0,0.069580163,179.259866829953,0,14.76037249496,5.71876785119,1.73850991737,5.20902549573,1.46531654349,28.89199230274,208.151859132693
2015-10-01,2015,"Q4","2015/16","Q2","October",24.4244191273272,0.05659531,0.836961258,0.0252429945618481,0.14185777,0.285607830630227,1.41301690376892,4.41526864273281,0.009837685,0.167067167,0.523380231633425,0.009384,0.902177779,15.638021555,3.150096597,0,0.030435167,3.039855342,0.002781,0.077025088,2.91264541433442,2.45110591633442,0.446726777,0,0,0,0.014812721,13.7588655230862,0.024147276,0.49649821,0.387511234,12.4917930020862,0.162615474,0.196300327,9.68097142600978,1.874316997,0.330049241,1.089711298,2.283425191,0.278265664,0.169572751,0.082559023,0.001042118,0.4370369,0.256339719009778,0.034682969,2.260273933,0.583695622,90.7640463961068,0.0059461,35.2029470497427,0.008843178,0,0.346642498,0.219860428,0.011,5.34531172153273,19.0926584143906,0.08,3.87075688932629,0.816640197,11.1554156074483,14.5246919686662,0.083332344,11.6562424956726,9.25080828519762,0.529675778456185,0.0012,1.87455843201879,0.0856715028213241,0.0855721233144557,0,9.93795068683858e-05,156.432958482358,0,14.88901985744,5.68330054819,1.48834428972,3.76875396449,1.16057890644,26.98999756628,183.422956048638
2015-11-01,2015,"Q4","2015/16","Q2","November",29.1077444530598,0.01208975,0.82951868,0,0.192613082,0.786211554694176,1.9166344633472,5.2023915630184,0,0.201522196,0.755434876,0.037039464,1.346856925,17.827431899,2.859233757,0,0.032726742,2.109897015,0.005256,0.711354,4.82418849877285,3.31000068677285,0.231734011,1.278883046,0,0,0.003570755,21.7349975461817,0.162669129,0.447711609,0.136680225,20.5242621771817,0.179304505,0.284369901,12.6470550021861,1.337698157,3.94031910600756,1.27791237,1.999117023,0,0.082341579,0.159398215,0.008942679,0.372864983,0.075821794,0.04000268,2.87583500317851,0.476801413,105.038333004987,0.050589957,50.8633743563046,0.00541827,0,0.142896709,0.116877538,0.006362,4.01170491653684,19.0471053432914,0,4.374997459,0.134749446754182,12.8577928704035,13.4264641386966,0,8.24533498805252,6.71581184605252,0.270894264,0.0016,1.257028878,0.134930493999922,0.043622655,0,0.0913078389999219,184.59181774424,0,11.70082197716,5.93273198896,2.02150255036,4.82277234509,2.36565396069999,26.84348282227,211.43530056651
2015-12-01,2015,"Q4","2015/16","Q2","December",32.599359242315,0.01565,1.040613426,0.05096432,0.093382546,1.204559697,2.103766508,5.200416035315,0.021619719,0.538393754,0.713143124,0,0.732378483,20.88447163,3.777826814,5.3775e-05,0.056689615,2.8080807,0.332833698,0.580169026,3.86840954771623,2.64951161971623,0.444124333,0.3123382,0,0,0.462435395,41.261664624,0.141592461,2.039427285,0.027355848,38.593106708,0.152324798,0.307857524,13.440998209,3.77753806,1.071544523,1.100929763,2.157633238,0.138771572,0.269100621,0.2612593,0.003020179,0.63920981,0.081603218,0.064080445,2.642554636,1.233752844,97.5966969985921,0.00687585,34.2533733115294,0,0,0,0.08235141,0,3.97127501257054,19.4171170613656,0,8.679013241,0.00939696210273493,15.6199626229974,15.5472656330264,0.010065894,9.90424413386247,6.17458132986247,0.252331879,1.06621568,2.411115245,0.346427094576321,0.145263244576321,0,0.20116385,202.795626664062,0,17.17784244923,6.93838427095,2.77585588515,6.50033890154,5.41456151504,38.80698302191,241.602609685972
2016-01-01,2016,"Q1","2015/16","Q3","January",39.2474544206119,0.002541252,1.305091657,0.01025643,0.253006684,2.17166608361192,2.890801689,5.841652632,0,0.716715207,2.124886732,0,0.679339017,23.251497037,3.164622721,0,0.026137798,2.453157864,0.277034317,0.408292742,5.612741489,2.848143108,2.243859634,0.182979416,0,0,0.337759331,40.2495065860001,0.194966743,0.148469253,0.199645147,39.1413060200001,0.193606982,0.371512441,18.62482302,4.140728976,0.322176414,1.083948002,3.94829293800001,0,1.048447601,0.323446944,0.001356919,1.739475475,0.138301683,0,4.57537665,1.303271418,87.5458013740062,0,29.8338422502448,0.010607033,0,0.02082474,0.187283151,0,3.16030823335824,13.5732967929676,0,6.562075247,0.156832593,15.3795587000001,18.6606496334355,0.000523,5.82645324185344,4.52865017785344,0.328471561,0,0.969331503,0.507867958,0.507867958,0,0,200.779270810472,0,16.36396203785,7.30203219821,2.32974195261,4.66485872573,4.82875810589,35.48935302029,236.268623830762
2016-02-01,2016,"Q1","2015/16","Q3","February",34.971762944,0.009384285,1.27080779,0.028685555,0.120002285,1.406497609,2.510253365,6.911442618,0.002116826,0.342610162,1.306138645,0,1.715048329,19.348775475,9.9113332,0,0.010282519,3.122490681,6.489653715,0.288906285,5.757639657,3.05621385,1.251322848,1.03556714,0.01583438,0,0.398701439,36.7176244789999,0.018386126,0.652172887,0.03119249,35.6645648459999,0.154088307,0.197219823,18.845680485,4.68283956100001,0.21101617,1.075853191,2.83718143,0.118757846,0.964247677999999,0.224567126,0.003355176,2.578074876,0.088590664,0.03014546,3.8699162,2.161135107,78.7064185633752,0.012509897,29.7163766188996,0,0,0,0.0025,0.01571751,2.61357565249157,13.0187163578741,0,2.86807983056173,0.008688126,10.557579457,19.8793089175482,0.013366196,4.13118530255539,3.17229136255539,0.436499002,0.0024,0.519994938,0.442422572,0.442422572,0,0,189.484067202931,0,16.23664756892,6.85740178568,2.09494268053,4.77015670992001,5.19454959283,35.15369833788,224.637765540811
2016-03-01,2016,"Q1","2015/16","Q3","March",36.9368302457064,0.017444463,2.22204759614744,0.022636,0.75747926,2.86556676,3.096112232,7.16233064372275,0.001528,0.610045623,1.829747925,0.003468779,1.57854874983622,16.769874214,3.53667552018841,0,0.009128439,3.02398649018841,0.412464011,0.09109658,4.106346432,2.980840267,0.374798355,0.74670781,0,0,0.004,47.670387802,0.844662692,0.47894525,0.130743432,45.694089074,0.247506373,0.274440981,28.8249217372584,4.354231682,0.74784331,5.20692308825844,4.367838909,0.00243767,1.76926589,0.564023525,0.012062735,1.226093997,0.043373266,0.06113393,2.743411563,7.726282172,78.9198656311741,0.002,24.2634609243043,0.035075,0,0,0.0015845,0.0134309,4.45459195093905,18.1983904830268,0,0.847438259,0.05928,13.1717540490673,17.8481899538367,0.024669611,5.69751009051221,3.48287615151221,0.593142804,0.030416,1.591075135,0.061967766,0.061967766,0,0,205.75450522484,0,15.3100539289741,6.58769579120855,1.91601423943053,4.38965367864885,4.66335744889046,32.8667750871525,238.621280311992
2016-04-01,2016,"Q2","2015/16","Q4","April",33.4614175624143,0.0612830974070652,5.25242216935448,0.0294923950834925,3.18224138600976,4.2995066438485,6.3176636963662,7.42829008526202,0.0813799982651448,1.81704508941447,1.3760321384376,0.340964047790113,1.34307169619054,1.93202511898493,4.474839962,0,0.024482328,4.184402851,0.265954783,0,3.358942303,2.620499821,0.695575223,0.040460101,0,0,0.002407158,37.400188319,0.255454787,0.413691696,0.052674732,36.257912506,0.174050621,0.246403977,20.253401935,3.422949817,2.389123426,3.402502811,2.503944675,0,2.238874935,0,0.06609702,0.966834353,0.359295258,0.030578675,4.223659212,0.649541753,86.5397960375574,0.00557321,22.1408597192238,0.1292116,3.914,0.012735075,0.451944187,0.042303,3.08979995203076,13.4482381221216,0,4.624813883,0.06242125,13.225902774,25.3806252871812,0.011367978,19.2445156454719,5.46474093247188,12.529115878,0.195213398,1.055445437,2e-05,2e-05,0,0,204.733121764444,0,16.2614475525958,5.93933505163429,1.84470570525648,4.58357422632163,2.89148077589523,31.5205433117034,236.253665076147
2016-05-01,2016,"Q2","2015/16","Q4","May",32.3715664233009,0.0085,1.262830942,0.016303885,0.158920911,1.864530512,1.580200923,7.08461591030089,0.079329465,0.606064637,0.757447555,0.007904913,1.025882771,17.919033999,8.091392685,0,0.009974865,2.932302914,4.306722229,0.842392677,2.791097321,2.484561514,0.276181547,0,0,0,0.03035426,37.5509830189999,0.004913398,0.586951325,0.28787631,36.0176300689999,0.339222865,0.314389052,13.357673936,3.347682992,0.511737601,1.360013117,1.352647912,0,2.566740931,0.113246047,0.012978729,0.39872504,0.137525123,0.061365315,2.264987474,1.230023655,97.5938166537028,0,32.0697563845101,0.0045,0,0.052316692,0.46777674,0.095066691,4.37388930999999,15.4565636659953,0,4.610982884,0.007325438,14.8244610031738,25.6229777250236,0.00820012,5.54555141002076,3.51293224602076,0.494792192,0.014359215,1.523467757,0.0988044400000635,0.09860444,0,0.000200000000063483,197.400885888024,0,17.03459658118,5.29097431206,1.95164176612,4.77749477393,1.1196041029,30.17431153619,227.575197424214
2016-06-01,2016,"Q2","2015/16","Q4","June",31.4949378779243,0.002,0.907406803,0.05503399,0.55590503,1.5528962803296,2.02928702559474,5.865765874,0,0.244073639,0.467729463,0.000508,2.099268216,17.715063557,3.380907878,0,0.04371051,2.833434698,0.01062496,0.49313771,5.175245428,4.036056096,1.03898007,0,0,0.000566469,0.099642793,40.6394185049999,0.010569908,0.70366812,0.059497398,39.4123825049999,0.153234145,0.300066429,12.6435264036324,3.01427843223316,0.302293243,1.426183126,1.41610261139925,0.138459612,1.864563963,0.252186581,0.035204487,0.202803012,0.500892548,0.02918457,2.792307226,0.669066992,102.185060289506,0,38.9876248709772,0.000102856,0,0.078545172,0.953326251,0,3.31391472023147,14.2692286890267,0,4.656215104,0.05306271,15.2515178309468,24.6147795303243,0.006742555,6.66338226271114,4.01239540564592,0.627567729065217,0.103619092,1.919800036,0.146764694,0.146334694,0,0.00043,202.329243338774,0,21.51946975102,4.82210664596,2.50875779321,5.04809717191999,1.58366698512,35.48209834723,237.811341686004
2016-07-01,2016,"Q3","2016/17","Q1","July",43.022465114387,0.006,9.24559316886917,0.04899222,0.04178922,1.34834281233266,1.732126493,6.32039231318515,0.002954631,0.566435615,0.531360562,0.007999686,1.514472286,21.656006107,2.388341092,0,0.057424969,2.03051425,0.085464873,0.214937,3.13619579630469,2.52201099964894,0.571633296655752,0,0.007,0,0.0355515,46.2336051563552,0.009705936,0.730008744,0.203689195,44.9161392393552,0.180848167,0.193213875,12.0470806691963,3.51574727119626,0.014793974,0.867804615,2.118636849,0.045449424,1.877796393,0.227254914,0.002208253,0.23095501,0.057699742,0.004201,2.828911041,0.255622183,73.8597596224825,0.16333649,28.7720446173114,0.00402348,0,0,0.153322148,0.0033193,3.84714120004458,15.8428333954245,0,2.41286217,0.053313872,15.3884691855669,7.05332349413517,0.16577027,10.1727633757266,8.65424356772662,0.387708963,0.003631173,1.127179672,0.034506014,0.028228394,0,0.00627762,190.894716840452,0,18.64493609059,5.59738377065,4.0274757823,0.82985075523,2.54885798424,31.64850438301,222.543221223462
2016-08-01,2016,"Q3","2016/17","Q1","August",42.003745855,0,1.360081176,0.063397854,0.264557542,0.96587169,1.317112866,5.196821182,0.059000945,0.441373682,1.11024393,0.006286491,0.930581236999999,30.28841726,2.35309055061466,0,0.085558064,2.10733047261466,0.1365755,0.023626514,2.38138946607561,2.139495354,0.241894112075611,0,0,0,0,50.2105221355155,0.102932625,0.228672936,0.032437220302776,49.4162835012127,0.204159978,0.226035875,9.71593573208307,2.759467962,1.206816015,0.139674397,1.38186504760607,0.000273569,0.723988916,0.223272504,0.000591262,0.38315592,0.073875673,0.065339905,2.352794022477,0.404820539,82.0214477680804,0.160347533,29.4386778081361,0.01987521,0,0,1.24975543,0.002474996,5.59380399830362,16.433151045016,0,0.232812755,0.005063477,17.8552349352689,11.0239809193558,0.006269661,6.88132385083998,5.87708966783998,0.106216439,0.188594725,0.709423019,0.007478449,0.007478449,0,0,195.574933807209,0,18.58219414872,5.80852033347,3.12012228044,1.19402041936,2.34473419697,31.04959137896,226.624525186169
2016-09-01,2016,"Q3","2016/17","Q1","September",26.2083917143315,0.009073239,1.259023227,0,0.287219468,0.37944875886006,2.182184262,5.499692319,0,0.512206982,1.081048452,0.001000761,0.781497295,14.2159969504714,3.11748068999764,0,0.01833292,2.57241721899764,0.339188717,0.187541834,2.59000466159092,2.44919255959092,0.126188382,0.007282768,0,0,0.007340952,42.991398445,0.04872399,0.612079104,0.144131033,41.75868022,0.202247022,0.225537076,9.30488932007552,1.953661447,0.427206522056524,0.57454585569115,1.77475411863836,0.009292733,0.207433055,0.185547762,0.018764094,0.378353975,0.138967107,0.053123223,2.82965429768949,0.75358513,101.688599012884,0.01305944,41.2039664161124,0.016694879,0,0,1.787769839,0,4.52138441314072,19.3459721760265,0,2.824632843,0,16.9788487172258,14.9859138963789,0.010356393,11.5851113317592,6.47104547775918,0.436132322,0.31760478,4.360328752,0.00782665643940726,0.00782665643940726,0,0,197.493701832078,0,18.02774087392,6.01965688685,2.70448011248,1.55819010002,2.14061040909,30.45067838236,227.944380214438
2016-10-01,2016,"Q4","2016/17","Q2","October",36.6391260672153,0.004941198,1.413700572,4.618761141,0.097777337,1.197657087,2.333091937,6.421602518,0,0.449423859,1.30724452262778,0.003092251,2.56320197158753,16.228631673,4.503613162,0,0.023931354,3.438384079,0.887338226,0.153959503,4.19617288945353,3.54635363845353,0.649819251,0,0,0,0,40.9160583457979,0.111422029447434,0.831056804,0.139011797,39.3581814673505,0.205306263,0.271079985,8.928593071,3.191044802,0.140127173,1.272458406,1.07049895,0,0.078809137,0.073151465,0.004650953,0.565737478,0.027670706,0.07027303,2.192629046,0.241541925,105.163915994511,0,48.7937303422462,0.009052274,0,0,0.083541162,0.00024706,3.87100070256899,19.0424325871025,0,2.64874524651406,0.022893162,15.0975027277923,15.5732232542874,0.021547476,10.0830040036353,8.15664057224166,0.288207761,0,1.63815567039365,0.0335523120901442,0.0313267977267628,0,0.00222551436338137,210.464035845704,0,18.06548508231,9.40019398095001,3.17210301395,2.98547243347,4.86585746535001,38.48911197603,248.953147821734
2016-11-01,2016,"Q4","2016/17","Q2","November",44.8711446769891,0.002473691,1.069202223,0.015087042,0.017175089,1.118087866,2.027640176,6.49718597598913,0,0.128390201,1.113922769,0.001852399,1.004503501,31.875623744,2.870979612,0,0.013753771,2.608900316,0.248325525,0,4.0408249,3.308095339,0.542694323,0.143922113,0,0,0.046113125,41.6583193820003,0.178050342,0.931499256,0.048494782,39.6879663880003,0.194003177,0.618305437,16.7129164636867,4.006791547,0.741635709,4.436803734,1.84758704897055,0.165242559,0.099448317,0.208825571736077,0.009990991,0,0.152124081,0,4.32862304298007,0.715843862,132.055001987188,0.000868651,55.0458201656261,0.023239,0,0,1.390034916,0,3.0399839891034,16.8002903258078,0.002176848,9.86760711190845,0.17067241,15.4958631557157,30.2148269480263,0.003618466,12.4840929371605,8.61922501916053,0.659049723,0.3738247,2.831993495,0.0341100924344837,0.00911009243448372,0,0.025,254.727390051459,0,20.92673620865,8.20081257353,3.53798113048,3.23407871612,5.25821890916,41.15782753794,295.885217589399
2016-12-01,2016,"Q4","2016/17","Q2","December",54.5455260658744,0.009653508,4.952368547,0.054368555,0.256630858,0.547177138,2.88442311,8.020618482,0,0.589153074,1.663554204,0.002914092,1.05450502587439,34.510159472,3.826525792,0,0.048502104,3.120361052,0.284488922,0.373173714,5.30958857194787,3.86554836194787,0.622624307,0.81237726,0.007227754,0,0.001810889,39.925570866,0.006805723,1.589775371,0.040089682,37.801298483,0.186651311,0.300950296,19.3644903146626,3.93263991083355,0.517160126532349,4.537880743,2.02504547774066,0.658667263,1.43351416955606,0.608717518,0.004141207,1.322657612,0.063309881,0,3.629912731,0.630843675,114.824049436687,0.002313951,42.7207470393552,0,0,0,1.419300127,0,2.97735129126307,18.5537364898245,0,6.320827336,0,14.4369521630017,28.3928210392426,0,9.32534079585349,6.13923172775045,0.424944098103035,0.022075485,2.739089485,0.095353208,0.084573957,0,0.010779251,247.216445051025,0,24.3005852969401,7.30021862057,4.26379136358,3.56423594339,6.32462497942999,45.7534562039101,292.969901254936
2017-01-01,2017,"Q1","2016/17","Q3","January",40.6847091738526,0.001979827,1.245097189,0,0.0832219768526301,0.767165509,1.391042704,6.71311341499999,0.000696483,0.614781633,0.386061763,9.899e-06,1.443148798,28.038389977,5.156637691,0,0.04853986,4.376946646,0.695922867,0.035228318,6.67577145492576,6.22696790292576,0.444377351,9.8991e-05,0,0,0.00432721,43.931683657644,0.006804419,1.15273150464395,0.402545494,41.266302442,0.23969768,0.863602118,23.7062123226549,3.981034651,0.923032039,1.47229262598797,3.42556533383154,9.899e-06,4.987354574,0.288436074,0.003865147,4.498247519,0.263504338,0,2.87800270883535,0.984867413,84.1848353820907,0.004766434,19.0926092522557,0.06038473,0,0.432325952,0.011769086,0.241726565,3.0040391546181,14.7821948463901,0.010047623,6.581498598,0,12.6841564036402,27.2793167371866,0,8.76990780654932,4.87009255654932,0.267092854,0.006555743,3.626166653,0.267756524,0.223672774,0,0.04408375,213.377514012717,0,21.45368359979,8.74869966884,2.96227997516,4.50222178227,12.24524764053,49.91213266659,263.289646679307
2017-02-01,2017,"Q1","2016/17","Q3","February",45.7938089642996,0.010402547,1.107975648,0,0.105905597,0.540238926,1.95394676,6.67131851500001,0.000256121,0.925919375,0.2940430622996,0.001544375,1.826183455,32.356074583,6.341913296,0,0.009825457,5.394937363,0.937150476,0,3.74908825,3.150598945,0.59799404,0,0,0,0.000495265,34.409867808,0.013617314,0.846683671,0.070358347,32.92433129,0.180848021,0.374029165,22.3593816173984,3.883853556,1.244518349,2.449406553,3.20388887789948,0.148293745,2.773846294,0.263967368698882,0.004649677,3.276807317,0.128876577,0,2.4455120898,2.535761213,81.6110914238049,0.004952651,15.8683143562995,0.0399765,0,0,0.08026516,0,3.74308541353301,13.0522387456815,0.054925235,4.118349243,0,13.5514118653347,30.4087550632833,0.688817190672864,12.3216033297648,6.18789735676478,0.653398793,0.001695787,5.478611393,0.088405556,0.049604466,0,0.03880109,206.675160245268,0,17.99879742928,7.76280454072,3.26740254088,4.3005416212,8.86418720660001,42.19373333868,248.868893583948
2017-03-01,2017,"Q1","2016/17","Q3","March",46.8138833320886,0.004450074,1.223413464,0.081358286,3.5809e-05,0.641815687,3.135428864,7.54833380008858,0,1.331904044,0.687186827,0.001922432,2.438797902,29.719236143,4.531211694,0,0.001819933,3.941208016,0.548805205,0.03937854,3.80216862239325,2.872636886,0.808272929393254,0,0,0,0.121258807,38.2297894662229,0.105688009222866,0.85105047,0.226819434,36.123881807,0.216354861,0.705994885,15.2174792457782,2.866779206,0.455445838,1.384463168,2.259943385,0,2.73026488,0.107404008,0.00364825,1.304699598,0.08594312,0.091623951,3.06762438277816,0.859639459,100.958550256216,0.013934298,17.4716938160914,0.005933431,0,0.370849347,0.035502212,0,5.6098806678574,15.7020922555983,0,9.374125922,0,17.930007269549,34.44250872512,0.002022312,13.628846438859,6.58125997385899,0.80644482,0.188295467,6.052846178,0.718524922,0.068656002,0,0.64986892,223.900453977558,0,18.88013900678,14.63291612762,2.03587903622,3.47514985277,3.75894113667,42.78302516006,266.683479137618
2017-04-01,2017,"Q2","2016/17","Q4","April",38.1592295654968,0.003467949,1.716997426,0.006440476,0.537650957,0.535324009647043,3.999208118,5.82245722647354,0.097424589,0.780061763,0.812977811,0.069760653,0.847563890376221,22.929894697,1.828573981,0,0.039415417,1.476305119,0.187552004,0.125301441,3.96350370870525,3.44265578870525,0.520405628,0,0,0,0.000442292,48.775083964,0.641738584,1.038527358,0.180639266,46.160753529,0.256732357,0.49669287,19.136408529,4.194175248,1.471745552,0.280635043,4.295885562,0.099488534,2.868876135,0.087986814,0.012056659,1.173726848,0.258262701,0,2.976144872,1.417424561,89.2465882706484,0.000990843,14.1548818416011,0,0,0.639993697,0.091462922,0,3.883241978,11.7478149441398,0,7.01810027817901,0,16.7535509603868,34.9565508063417,0,8.06871961131683,3.42559067775976,0.483220906,0.023645465,4.13626256255707,0.586308704,0.503647264,0,0.08266144,209.764416334167,0,19.73293181985,19.87448106328,1.6401298871,3.07558417247,2.53122059937,46.85434754207,256.618763876237
2017-05-01,2017,"Q2","2016/17","Q4","May",40.6605032638132,0.006452769,1.491176712,0.041075948,0.011153245,0.643278003019013,3.60771967479417,8.348571912,0.203038871,0.666866468,0.494187705,0.008250743,1.021028362,24.117702851,1.143286582,0,0.044599242,0.629836935,0.215249628,0.253600777,3.41139804307638,3.00004847707638,0.410178448,0,0.000466585,0,0.000704533,47.0122744660579,0.283454774,0.812173167,0.07876191,45.2290890140579,0.285188184,0.323607417,21.223995666,4.907932411,2.122099274,0.67030396,2.806546738,0.566985965,1.949314273,0.093834375,0.115687125,0.440578597,0.145171428,0.074840566,4.0824219,3.248279054,182.76863282214,0,110.235825136794,0.002030141,0,0,0.041007668,0,3.42295540351132,13.2870467352172,0.019854675,10.399835494,0,17.9847637565232,27.3698537760947,0.005460036,11.9089574542734,2.960615313,0.526189753273367,0.446443141,7.975709247,0.18759135,0.18759135,0,0,308.316639647361,0,21.65971860637,15.07113986078,1.98877481135,2.93652470545999,1.757827909535,43.413985893495,351.730625540856
2017-06-01,2017,"Q2","2016/17","Q4","June",59.8827352503152,0.006043468,13.889356447,0,0.693708808,1.43771182831524,3.808125032,9.309312797,0,0.920991449,0.655684942,0,0.674382098,28.487418381,4.086589743,0.09051552,0.070196408,1.952330905,1.918289586,0.055257324,9.87774131095569,8.66560252895569,0.727431969,0.3700636,0,0,0.114643213,111.427725422,0.101034844,0.787192972,0.217391651,108.921564222,0.267941265,1.132600468,16.846248112,2.932770693,2.348878697,1.646907297,1.697875394,0.159229982,1.152879127,0.303979074,0.021689803,0.704711056,0.770872016,0,3.855481905,1.250973068,114.555983688663,0.447535039,52.2603407086424,0.092828481,0.018424722,0.021413721,0.74170007,0,4.59666187179175,13.7783846350184,0,6.583958048,0.190749247,16.1297553678653,19.6793977393449,0.014834038,15.188648473,3.195543813,0.583647174,0.043628474,11.365829012,0.139195166666289,0.102338536666289,0,0.03685663,332.0048671666,0,23.5865053928901,10.2677986582801,2.33741973559999,2.79746523844999,0.984435219699996,39.9736242449202,371.97849141152
2017-07-01,2017,"Q3","2017/18","Q1","July",51.1344701021985,0.00842751042407221,1.4173638583517,0.0176372921209495,0.118700145299433,0.713482844965975,3.20192034648392,9.1910591624342,0,0.493120731290726,1.08703436018139,0.0220701624820402,0.94701163505102,33.9166420531131,2.0081883652331,0,0.0775430207654087,1.0832076374359,0.682232565856032,0.165205141175755,5.95422184498856,4.94699574580273,0.283236015927497,0.593204738861996,0,0,0.130785344396334,31.0992037216573,0.00681512933014275,0.746502143291663,0.226233948578936,29.1726247002659,0.215921145268301,0.731106654922325,23.8107469510991,3.30612843190288,2.32856398310757,2.23606707731065,1.41858360774628,0.235063134416263,1.42970235664849,0.724525068480942,0.0196661502004638,1.91740087804443,0.600109136848014,0.109487984028239,4.22120191180065,5.26424723056419,108.423227727908,0.598759200428529,46.736538913338,0,0.00347015135108856,0.0127899864082978,0.187040890872748,0,4.26578658349949,12.2274414269788,0.00331548170365825,6.96203268643233,0.203635841318014,14.5420318817833,20.0531378746668,2.62724680912721,5.85253716012317,1.37821425846429,1.22548444015095,0.127602422815807,3.12123603869212,0.167038193644586,0.165625683670443,0.00141250997414293,0,228.449634066853,0,25.0741553278,8.00370894229,2.56205172547,4.83530722819,3.19743543139,43.67265865514,272.122292721993
2017-08-01,2017,"Q3","2017/18","Q1","August",51.4040454917833,0.00536114062935855,1.81229801485329,0.0562545182289937,0.0942877378159744,1.03191312717594,2.38203406036777,9.09799251420684,0,0.601675441334697,0.685339066976166,0.00355726586126129,1.16046671471637,34.4728658896166,1.74566759802751,0.0113844,0.0982345031968262,0.636765557535475,0.842574880423557,0.156708256871649,8.46959285804165,8.061779243599,0.397221490114006,0,0,0,0.0105921243286444,34.0823883305159,0.107069424427383,1.08745173078528,0.195880993078207,31.6591887604425,0.161982695019681,0.870814726762809,14.1380436333736,3.90407505842412,0.937820389004442,1.26951846864498,1.09803222391721,0.124813102172248,0.511276097636031,0.637777174129618,0.0538496797085663,0.578581763700525,0.894043668003843,0.0674942486972319,3.15415142999305,0.906610329341739,99.7302574001886,0.381662080670979,39.7979634669867,0.0083534513103888,0.000198560764050317,0,0.281246995226899,0,3.79776241218165,18.9165402304805,0,5.41279995861556,0.171466694841066,14.4216678098115,16.5405957392993,0,7.88795089192006,3.688263190366,0.784208015882574,0.0728189335020301,3.34266075216946,0.176510735582594,0.0529242377738132,0.000508216219686605,0.123078281589094,217.634456939433,0,24.08913626648,8.48909307287501,3.236602928595,3.940622240305,2.082593338825,41.83804784708,259.472504786513
2017-09-01,2017,"Q3","2017/18","Q1","September",42.0873143200373,0.0288003675130223,1.7310785420937,0.00115235404548122,0.111381773752028,0.7348548594612,3.55138603265568,8.56418167972766,0,0.0892286020070786,1.1681324066427,0.00445504036839737,0.750013474439729,25.3526491873306,2.53222725588417,0.010865,0.024578549701098,1.71603501081458,0.720790479897361,0.0599582154711338,4.09783909636302,3.60932157163041,0.488177844826924,0,0,0,0.000339679905681295,30.9776965806578,0.166545458308169,1.42788517290085,0.163952547810277,28.1857053481825,0.185708609409209,0.847899444046801,13.0487297604255,3.70822224497424,2.17421889014787,0.0440460213122689,2.11858921633715,0.0620130093402474,0.12874576232273,0.222732155773821,0.00584956763861616,1.14773072243477,0.624609460007764,0.0677234007822396,2.62435545675419,0.119893852599586,114.267126385132,0.404295071123642,47.386766820173,0.706022150865286,0,0,0.407360141673634,0,2.73621694072529,18.5493980759484,0,6.40170415582146,0.1495395,19.3101443962221,18.2156791325795,0,8.06988438105371,4.19675861808833,0.70859041887874,0.0139077212385665,3.15062762284808,0.0361191470838611,0.0361191470838611,0,0,215.116936926638,0,23.10411720516,8.97447720346001,3.91115413172,3.04593725242,0.967751246259999,40.00343703902,255.120373965658
2017-10-01,2017,"Q4","2017/18","Q2","October",46.8382707414879,0.00853812946215121,1.7245638875223,0,0.0448806801227742,0.410745250887024,3.53146427815497,9.5351655233148,0,0.592528065153843,1.03103556443739,0.0285391933938248,0.613919334667523,29.3168908343713,2.29505885036997,0.00379162,0.0128272387545347,1.02943293449726,1.03489131442708,0.214115742691091,7.52636916325189,6.86043722330118,0.44425954890878,0.183384276116509,0,0,0.0382881149254157,47.3747618022705,0.0107118775040131,0.874770361824855,0.194106060274247,44.0392857238904,0.226257853450724,2.02962992532621,13.9731179389808,2.2172332829562,0.870072856305239,1.20519396449673,1.77418178511911,0.0877577237232127,0.826324543900652,0.196112196212953,0.00560755162665935,1.14218361517542,1.27120975905191,0.0343845517718454,3.51607429345101,0.826781815189898,109.857032477982,1.56701030845687,49.2951778809495,0.298604698682481,0.00397122300565172,0,0.123197301151069,0,2.80515714415317,17.3929492104467,0.272275246511505,4.99795913525932,0.178684808815211,14.9373861116243,17.9055677391853,0.0790916697406981,9.33164672989893,3.15350764232537,0.805770151558943,0.000496402875706466,5.37187253313891,0.115665028881269,0.114473661979573,0,0.00119136690169552,237.311922733123,0,25.57741485152,9.03673394782,4.62151095487,4.62183851516,4.77871401459,48.63621228396,285.948135017083
2017-11-01,2017,"Q4","2017/18","Q2","November",50.2081692907533,0.00298059782341065,2.34849068310588,0.014142936754157,0.136133100518157,1.27550637487237,3.43221756428818,7.91957110895641,0,1.34838430289501,0.524455411106187,0.00237464229630724,2.46374604638987,30.7401665217474,2.90949014785691,0.0099799,0.0237161599995623,1.78899215448347,0.966357732923192,0.120444200450686,6.73811671630796,5.88939013672987,0.563394213972137,0.285332365605958,0,0,0,19.593432757235,0.110981069472486,0.692228436212843,0.433661681178576,16.8666305185764,0.199385153997253,1.29054589779747,16.9151842316066,3.23339212095936,0.774004860594362,1.39039772765822,2.20682296431524,0.120538018636157,1.08850206563069,1.40481078555287,0.0109650924968402,1.03582033453161,1.28713689463951,0.0334373865944482,3.13617751585387,1.19317846414339,145.587032691612,1.94844670621132,70.1805116277508,0.929916784578935,0,0.00124603995338225,0.03480176758972,0,2.76649266774457,16.6821231736647,2.85599864698714,6.53804885144231,0.159536192580555,15.8340922542839,27.0546898875261,0.601128091298567,8.75655059473491,3.74318866534983,0.647300440773102,0.00363161991212663,4.36242986869985,0.111200969837243,0.109305838315558,0,0.00189513152168453,250.819177399944,0,22.27273252993,13.7148027364,4.33122078096,5.29965636262,5.47107380832,51.08948621823,301.908663618174
2017-12-01,2017,"Q4","2017/18","Q2","December",47.5944514998274,0.00287884328254976,3.82093854966486,0.0728431333031537,0.676901966473783,0.856978581668601,3.5452903111316,8.79565310795909,0,0.768128646531803,0.755501702244354,0.00145927565079152,0.860695779783144,27.4371816021337,2.76790181122844,0.14238238,0.137843783038179,1.43522583501687,0.929383767318769,0.123066045854618,8.48165917892786,8.19112749173761,0.265770754959888,0,0.0236263690085118,0,0.00113456322185391,27.651567793995,0.0167474225393692,1.11201284910411,0.273586038568945,24.9660679733331,0.167626705839467,1.11552680461005,24.3244099599085,4.55105930476547,1.00617317951388,1.07332940440905,3.8114687577459,0.220271181510811,2.51128498123397,2.87982971320877,0.00343537339166183,0.525083047938594,1.11325564666892,0.140474889505123,3.21629486038916,3.27244961962719,136.387448915695,1.35254690907286,68.5830938358161,0.206993150374242,0,0.0419318415766571,2.40187121817641,0.0763310405580468,2.30618230535761,14.6832640840216,0.353952477493223,5.83031212022805,0.245418389737143,14.9033159861484,25.3949997104956,0.00723584663930631,10.1212085089085,5.86177466599856,0.633537712811796,0,3.62589613009816,0.17092616243327,0.170125218643817,0.000800943789453139,0,257.499573830924,0,27.20334319083,17.08672456916,5.50918402539,4.96557980066,3.90469917178,58.66953075782,316.169104588744
2018-01-01,2018,"Q1","2017/18","Q3","January",49.9134224624359,0.00248554949881446,4.55764062385449,0.030720626212235,0.102305387717046,0.622701241436431,4.48286714372676,9.23059822019933,0,1.12992365341473,0.963992804195296,0.000903745792265033,0.742988761817939,28.0462947045706,3.30296219770357,0,0.0533048659469027,1.10725431332846,1.70702746052945,0.435375557898762,4.09399674751186,3.30818198056992,0.782644229837922,0,0,0,0.00317053710402159,46.2323822761419,0.0132101985148264,0.887634129440091,0.412987219696626,43.4308434962504,0.178807994916594,1.30889923732339,24.979048185667,3.85854722188291,0.89781604454893,0.500178598122508,6.47112346177408,0.0927435568542324,3.8130460913472,0.577199093561973,0.0496096461256498,2.3918836422308,2.07048996445578,0.0707167803395723,3.20136623007862,0.984327854344731,161.3599157434,0.571092828007653,83.8207078371306,0.0436462491991819,0,0,1.80449433593191,0,2.92592998990584,14.7302874940908,0.356933758863775,8.35320601735365,0.12873064,15.5364573220339,33.0882792710473,0.000149999834882866,7.78738963955514,3.89190655839553,0.965706865047277,0,2.92977621611233,0.0127956086547797,0.0127956086547797,0,0,297.68191286107,0,25.01783019076,13.2794204177933,4.82063858707334,4.96235822614666,4.71816233156333,52.7984097533366,350.480322614406
2018-02-01,2018,"Q1","2017/18","Q3","February",48.7382994889471,0,4.2518765576252,0.1504341225851,0.613205862350344,0.66237460477279,3.70710833517547,9.97959916586569,0.091587516613313,0.678045177840911,0.549559754982629,0.00261213870308359,1.21656948971002,26.8353267627226,4.73796282013365,0.01860618,0.0665028333374269,1.63984476740849,2.47925226962547,0.533756769762258,4.17690873917056,3.88899775560461,0.287910983565948,0,0,0,0,26.0293052505766,0.14798416147458,0.708114737224021,0.232847078394096,23.047238382856,0.23077386053823,1.66234703008963,22.732163641489,5.3263626850366,0.620628227131023,2.55838177406986,5.58067740040874,0.173412858908966,2.02617171356602,0.616315347835698,0.304277018774947,1.627911528204,1.43698666712651,0.0341223114007449,1.71718460385947,0.709731505166393,139.903444013136,0.842926562473262,65.2662752592624,0.00348915160893285,0,0,0.0208121187807534,0,2.45565854762976,16.7254032303919,0.391553523323548,6.85659448082022,1.18913115522082,15.1128609273912,31.0156838874804,0.0230551687529612,8.1363645856503,3.64019508587234,0.687876610288998,0.42293993362862,3.38535295586034,0.228198173342078,0.223238918600973,0,0.00495925474110523,254.682646712445,0,24.8313019705067,14.6936492411178,4.88701446447445,5.07586479647555,4.69797843722111,54.1858089097956,308.868455622241
2018-03-01,2018,"Q1","2017/18","Q3","March",51.7094474222182,0.00247943801661955,3.44404841068958,0,0.409784630566882,3.20976889393911,4.02222854197926,11.9220429026803,0.00526235912037384,1.18297222951203,0.599514575912806,0,0.936279161936861,25.9750662778644,4.30913440573621,0,0.20345157414193,0.827826584217148,2.35138101011906,0.926475237258068,4.5943089933069,4.22496131104654,0.140411193180755,2.87613740823521e-05,0,0,0.22890772770552,31.8182713794873,0.0442170680754168,0.817382373050734,0.269069818166876,30.0811158619316,0.167084468106881,0.439401790155834,18.5583456351886,1.97879173774231,1.43669913081747,2.57877956228858,3.99756535229455,0.0480964562389092,1.33207300694278,0.453128205896705,0.0331550058755051,1.31016311471216,1.20945451764542,0.00183927697478193,3.25711253730443,0.921487730455018,135.790936409873,0.896984556739104,55.0501995923344,0.13154281232924,0,0.418014157591464,3.42744764239648,0,3.63535325815489,15.7168985683369,0.411676370377926,5.04323792216535,1.91872925303302,17.5123016802646,31.6285505961492,0,9.09852663561269,5.74032278698688,0.54452847814323,0.541159168711977,2.2725162017706,0.09299103902963,0.09299103902963,0,0,255.971961920452,0,25.6841584506989,15.019931409357,5.07227902564593,5.00126760776074,4.44027998018815,55.2179164736507,311.189878394103
2018-04-01,2018,"Q2","2017/18","Q4","April",43.4278695742152,0.00274251066994319,4.64381650502958,0.0079644998784772,0.0444214449740867,1.03133252287409,4.24007878414858,9.76684563715662,0.108003555154549,0.997382389698014,0.597696602083533,0.00197460763877433,0.769498703223958,21.216111811685,2.77967436174223,0,0.265186577618559,1.28309620265026,1.22360376849926,0.00778781297415453,6.14898225769179,5.15721173682282,0.563047372166544,0,0,0,0.42872314870243,40.9742406891845,0.0141752889533513,0.979854622812474,0.400094594660697,38.6334134043375,0.215368654293235,0.731334124127211,16.7083254564165,2.54292240284419,0.834376131752993,1.70345268861987,2.72186816082241,0.0622656700385331,0.481823965405837,0.275844674623105,0.0194614033324788,2.47303555877935,0.943355891389492,0.134690592962421,4.01047634143455,0.504751974411296,95.3606865318343,0.72127488,25.6918489072637,0.16478997883415,0,0.323173991126263,0.0820888990822078,0,2.83403432239467,15.1364925264283,0,4.44197148795554,0.37540838767573,18.2273115309067,27.3564356165023,0.00585600366475206,7.00154362871685,3.64846406099658,0.552513559028561,0.320831817663148,2.47973419102856,0.238767225361892,0.203282246127897,0,0.0354849792339953,212.640089725163,0,21.25740151819,12.92030174391,6.0787583831,4.13003846191,2.5532626792,46.93976278631,259.579852511473
2018-05-01,2018,"Q2","2017/18","Q4","May",44.1478651247469,0.0708613299707735,3.2777566386667,0.0319135434392847,0.0729490619130149,0.773507504843572,3.19041006066016,11.1155087192187,0.0937958986294259,0.696554313599234,1.69223139612938,0.000889589861253877,0.655168570341104,22.4763184974743,3.68223187507133,0,0.0721494916559983,1.74372453533126,1.08963715167348,0.776720696410596,4.43455581245646,3.31060086331156,0.641691172483474,0.366940934474274,0,0.00270992034522641,0.11261292184193,45.6483093711122,0.210761528951502,1.06954882145224,0.451848891493577,43.2731621446961,0.141371511964765,0.501616472553993,17.3199982520114,3.81416198091345,1.10224277817154,1.45814946362341,0.925980249935914,9.9728472279568e-06,0.108477582378109,0.0977751181717212,0.0191616427705723,0.893853582269488,1.51680918882301,0.0320939592834642,6.59766094116046,0.753621791663026,149.032787093444,0.816673478585982,66.6564350920554,0.109107106953957,0,0.0867473939063566,2.75527100391629,0,3.09905751608623,19.5081996656974,0,4.18306564776866,0.1628796,19.2749446621141,32.3804059263597,0,7.63436669854231,4.6280746354257,0.852008091409055,0.153397562819599,2.00088640888796,0.305191782974141,0.201001363682561,0,0.10419041929158,272.205306010359,0,24.81265139133,15.03259509874,3.83527001306,3.8239783876,5.20489075422,52.70938564495,324.914691655309
2018-06-01,2018,"Q2","2017/18","Q4","June",42.0693508509684,0.00897445371130091,2.33665687006455,0.00797729218782303,0.132639668800293,1.44981500436363,2.45006604349064,10.8355740812439,0.0914118012987748,1.49368679641657,0.947717567741087,0.0179479103254591,0.590905616120931,21.7059777452034,2.18789128822272,0,0.0332516475217339,1.23790501932963,0.84961332,0.0671213013713597,3.83120992225138,2.79635598423913,0.737923334310211,0.162497441758654,0,0.00698013066434515,0.127453031279039,36.3011348081449,0.14261199651557,2.10448206782072,0.379145897778463,32.8348993075949,0.114236119953531,0.725759418481687,19.3203597807346,4.77573873933592,1.94212797099033,0.521346131484843,1.47892653215498,0.00065812649819412,0,0.384256193608707,0.0148241522483553,0.921830158616329,1.12126003964425,0.0330260309518038,6.76629609725574,1.36006960794518,138.324174657042,0.763333095674084,60.0043045190849,0.240374340901889,0,0.176133093109613,3.53523210116293,0.100252658746879,2.90720178247098,17.730804233602,0.149649812606046,4.67604805037402,0.220173264383916,17.060930263236,30.7597374416888,0,5.50536114785322,3.17453365728444,0.516969357525742,0.102667750886487,1.71119038215655,0.067708782538219,0.0654651691103938,0,0.00224361342782523,247.607191237755,0,23.81363272593,10.41628554866,2.61216334844,4.07718936364,2.35070458885,43.26997557552,290.877166813275
2018-07-01,2018,"Q3","2018/19","Q1","July",45.9196955638256,0,2.75973013,0.01178227,0.32996199,1.06323763,3.09859892,10.49332629,0,0.29254005,0.69998912,0.01200426,0.578678418351746,26.5798464854738,2.30265644275786,0.13302046,0.05144561,0.344315208807649,1.06398179623456,0.709893367715649,3.20871401357486,2.7775837245629,0.326004399011964,0,0,0,0.10512589,38.0758236211096,0.01448374,1.18445870512205,0.738080129752991,34.73492571,0.18548216,1.21839317623456,18.261476612102,3.30935509036471,4.05447803943723,0.59805469,1.21943872111057,0.0957889,0.11704821,0.40093711,0.00123556,0.71669304,1.18008474694399,0.124226774073716,5.99117203,0.452963700171746,124.736407636082,1.13716612,48.5823396482218,0.42238497,0,0.0069818,0.18704177,0,2.79108411,19.57862454,0.02942328,6.84452046786022,0.59296604,17.25393566,27.3094405299996,0.0004987,8.94571528079518,5.45675482,1.1113068055056,0.4320268,1.94562685528958,0.0380882097529909,0.0375156997529909,0,0.00057251,241.48857738,0,22.01104105982,9.36198409178,3.61271344055,5.26023729012,2.91660863881,43.16258452108,284.65116190108
2018-08-01,2018,"Q3","2018/19","Q1","August",40.5783783498519,0.00398943,2.75385799,0.12904559,0.57533665,0.79502266,2.18515797,6.81197868,0.00510148,0.75357915,1.4955694,0.00133746,1.775956679515,23.2924452103369,2.07362426361448,0.02881716,0.05035756,0.656697173198377,1.19113958,0.146612790416103,3.4810403110868,2.72401523784922,0.34712525323758,0,0,0,0.40989982,48.5644775855221,0.1718723,2.06686056552213,0.21925381,44.87311114,0.16220414,1.07117563,20.9029243259983,4.21310395121874,1.81923046742979,0.59672607,2.42353259580939,0.17032045,1.83217909,0.41131593,0.03481775,0.7618829,2.3479236558094,0.0920289538389234,5.14454003,1.05532248189207,126.413300874129,1.27412446,51.6659517327807,0.36212247,0,0,0.33556736,0,4.54792256000001,21.58286173,0,4.83829899972913,0.90528944,17.26250397,23.5597823799999,0.07887577161879,10.2300452349414,7.05386314,1.16003455216993,0.03984505,1.9763024927715,0.21785706485637,0.14643010323758,0,0.07142696161879,252.46164801,0,21.5875056099999,10.85362926,2.32033115,4.82245388,1.88749482,41.4714147199999,293.93306273
2018-09-01,2018,"Q3","2018/19","Q1","September",37.5172449552797,0.00698121,2.65532514,0.00139625,0.58644342,1.20095256,2.53200871,8.20935695,0,0.48298458,2.14310358,0.01413914,0.852640807983783,18.8319126072959,2.27590911218029,0.03914686,0.02327284,0.810146635760013,1.33993716,0.0634056164202811,4.51969115986289,2.38614317764065,1.14045905284056,0.798690709381683,0,0,0.19439822,62.5763790295255,0.05282983,0.963232127491124,0.26282093,59.96923158,0.33586912,0.992395442034352,19.3354211707857,2.92887298715047,1.53650021128217,0.87413862,2.7107558643331,0.00131646,1.01872809642028,0.44632383,0.02331446,2.25098249,2.91303743499408,0.0511053648614081,4.11924008,0.46110527174414,116.419137475523,1.00151946,46.057906706605,0.06883278,0,0,1.61680412,0,4.01101252,19.49475212,0,4.6871966689179,0.50113966,17.5948999,21.3708200099999,0.01425353,12.2839986514843,9.57981346,0.750375183804788,0.22138427,1.73242573767949,0.177717049471929,0.154724949630422,0,0.022992099841507,255.105498604113,0,22.12582770119,8.61149785355001,3.67817541014,3.46655595322,0.96262677693,38.84468369503,293.950182299143
2018-10-01,2018,"Q4","2018/19","Q2","October",47.19766246,0.0031118,3.43416802,0.0568637,1.51089684,0.65503392,3.97114937,8.70054973,0,0.54048281,2.58354209999999,0.00210944,0.5804071,25.15934763,5.39958883,0,0.00988544,1.42603267,3.4125013,0.55116942,4.9577507,3.86461644,0.57768278,0.5125207,0.00182519,0,0.00110559,87.09502389,0.19790968,1.54202358,0.51733121,82.66037907,0.19781183,1.97956852,22.76333538,2.60374965,1.29824758,0.1845662,1.59762091,0.00131654,1.8733452,0.28516351,0.00670447,4.75543077,1.56983373,0.03506164,6.77936794,1.77292724,106.65839704,1.00663406,34.5578341,0.25087274,0,0.06792365,0.236265,0,4.25849854,19.36666667,0.10061633,3.22606597,0.33804481,16.56268945,26.5482144099999,0.13807131,17.19112507,10.28032867,1.01060486,0.17126282,5.72892872,0.16541844,0.16541844,0,0,291.42830181,0,20.80172184683,5.83656415924,2.38023229287,3.76224991842,0.95707844336,33.73784666072,325.16614847072
2018-11-01,2018,"Q4","2018/19","Q2","November",53.8970249569084,0.0083291,6.91169189586476,0.1006504,0.69965309594673,11.1497632748066,14.7635083431502,7.94992272000001,0.116486259462848,4.1709890787525,1.50784657768991,0.112579758698346,1.00663498947748,5.39896946305899,6.16982974136364,0,0.01342275,3.03360671481924,2.90869006982586,0.214110206718544,4.46753496240567,1.98773610752154,0.779906987928477,1.45137519695565,0,0,0.24851667,67.2099720422364,0.11754512,1.32389920223642,0.50594023,63.63943062,0.12071895,1.50243792,21.5425479738433,2.57142520593843,1.18944228477612,2.10267355,0.894833369807289,0.78239392,2.40566104,0.65126725,0.09741935,2.25878758,2.58197054,0,4.4193157,1.58735818332146,95.6011947717693,0.95338782,27.243931685857,0.09256746,0,0,0.60135274,0,3.39838539,15.67022507,0.0341861294628482,0.292947786718544,0.54941071,17.07443899,29.6545372013717,0.0358237883592721,7.88176299166219,5.82876939,0.52986179,0.19161927,1.33151254166219,0.128932543785432,0.128932543785432,0,0,256.898799983974,0,24.14956056137,7.63338467589,2.48758838143,3.40639996898,0.95109948233,38.62803307,295.526833053974
2018-12-01,2018,"Q4","2018/19","Q2","December",36.912097549235,0,4.87827389733036,0.01687413,1.11645933027547,8.39250663631474,5.07986998224635,8.70053843518931,0.222382662502489,1.39034655662119,2.40202593013904,1.32314620933094,1.18183081710017,2.20784296218491,9.6276663494162,0.010918,0.00968473,7.8203045594162,1.14558734,0.64117172,3.92753283348656,3.66273713348656,0.2280091,0.0349116,0,0.001875,0,69.4195013471703,0.01179444,1.74906343055095,0.469738026619313,66.43284252,0.15685925,0.59920368,29.7598147607217,3.30417902074956,1.23336323,3.32330549,2.09416145171486,0.18031521,8.3158620725798,1.95092631,0.00738205,0.45726174,2.66257498,0,6.12064334,0.109839865677508,96.9493326439182,0.77925797,15.6882026794714,0.15004653,0.02690798,0.00252,0.36675053,0,3.83068504,16.90223029,0,1.41516157444725,0.64621861,15.90140957,41.2399418699996,0,4.6446489759139,3.32118767,0.631018914591765,0.15402773,0.538414661322133,0.206576600137737,0.206576600137737,0,0,251.44717106,0,30.95986562899,10.99106965808,3.54845192859,4.07155984723,1.47939827442,51.05034533731,302.49751639731
2019-01-01,2019,"Q1","2018/19","Q3","January",42.1142605429668,0.13719029,6.60580401663224,0.048789212434921,1.87666805705047,6.34402845081021,8.64809224367067,10.2471374886576,0.89032459177316,1.03582088971731,3.13885063962566,0.679974042903059,1.07851508609268,1.38306553359881,8.22354472620025,0.27772,0.00167379,6.18755417165182,1.72387855,0.0327182145484273,1.92222108105347,1.59520060740819,0.319678453645282,0,0,0.001331,0.00601102,68.7957081806853,0.3499791,2.45662315458113,0.39734083,64.9955536861042,0.05890527,0.53730614,35.401753854122,4.53805606894368,1.10936812,4.76442278,4.77797832909686,0,9.63960070078439,1.33917155,0.00721868,1.26696052,2.98213437,0,4.70802832,0.268814415297104,99.4050587432301,0.93590216,17.81813732,0,0,0,0.05099362,0,4.17603760206764,16.9638993888385,0,5.23260817529926,0.69596860864937,19.2364351163551,34.1411373648579,0.153939387162342,7.05678141796373,4.69621321090221,0.444329346594811,0.31688687,1.59935199046671,0.168764112742137,0.164576562742137,0,0.00418755,263.088092658964,0,26.5339549505801,7.75236778557,2.42794973719,4.73528866771,1.32279692,42.7723580610501,305.860450720014
2019-02-01,2019,"Q1","2018/19","Q3","February",41.2472433888735,0.00269273,6.05063599201416,0.390424398770829,0.807039165285398,6.55774925838877,11.9238285841907,7.54861345,0.182209897220129,1.86215519331954,2.33056816494485,0.327291792637697,1.71041245636486,1.55362230573663,5.06363434434292,0,0.00717881,2.46969319584631,1.90375364,0.683008698496609,3.6056837380141,2.6974596805746,0.463614208441765,0.11240476899774,0,0,0.33220508,76.9385136211891,0.12257852,2.27675470082266,0.455313290366491,72.954186,0.07620603,1.05347508,24.790999928717,2.98910069255778,1.16177968046617,3.39543651,4.10346635385563,0.04596958,0.81791644,0.40805146,0.00345058,2.0793198,5.16039657,0.0604977883320775,3.09914648,1.46646799350532,98.5701504076309,1.23561378,19.4029326055522,0,0,0,0.03941992,0,2.81929069,14.5133367349425,0.101031306514569,4.01425546450202,2.30247646353274,17.3780965418186,36.6991063207683,0.06459058,6.21874452109495,3.14152044,0.875079455929369,0.05630678,2.14583784516558,0.369998458798251,0.01227299,0,0.357725468798251,256.804968408661,0,25.58504894368,7.54585542796,1.25914249944,4.29101475304001,0.81416348004,39.49522510416,296.300193512821
2019-03-01,2019,"Q1","2018/19","Q3","March",38.5764446840795,0,5.21338561715159,0.0331102244002527,1.48047207503748,5.46435233824943,8.83379426725067,9.61829306999999,0.59545466636361,1.97062672314074,1.85659293253568,0.213223951781294,1.13406992968641,2.16306888848232,116.704380455817,0.19410929,0.02268419,5.72420768923355,110.50924781,0.25413147658358,3.56104079660885,3.24587365660885,0.16959349,0,0,0,0.14557365,262.663268232906,0.25553355,0.913007932185624,0.2789202,259.53381623072,0.12774099,1.55424933,28.7901044178589,3.09872718375068,1.62691173184361,4.55878232183471,2.01051773479338,0.27954058,4.64479827025242,0.45128771,0.0089999,0.84464049,5.45932317627717,0.01884864,4.35304155,1.43468512910691,103.545550758313,0.67985987,26.4354227778097,0,0,0,3.07020562,0,4.04791131,2.64332347,0,5.2531726068337,0.677688558507308,19.94534068,40.68596098,0.106664885162105,6.0591765672096,3.71125868,1.36144960252764,0.07477444,0.911693844681963,0.0750406672078799,0.0386429568480602,0,0.0363977103598197,559.97500658,0,30.12369586192,7.30349269882999,0.29164846129,5.25669627629,0.98843194583,43.96396524416,603.93897182416
2019-04-01,2019,"Q2","2018/19","Q4","April",33.4614175624143,0.0612830974070652,5.25242216935448,0.0294923950834925,3.18224138600976,4.2995066438485,6.3176636963662,7.42829008526202,0.0813799982651448,1.81704508941447,1.3760321384376,0.340964047790113,1.34307169619054,1.93202511898493,6.81201894304903,0.056127,0.0140780108790579,4.912545560236,1.38978278137589,0.439485590558081,3.59203197364102,3.13591253502668,0.370889260286386,0,0,0,0.0852301783279533,96.1390603273184,0.011280604538078,1.18720479103266,0.386786658088547,93.3482360986458,0.149336684018026,1.05621549099526,21.1430694831936,5.02172425369407,0.978623312236172,1.74701971762284,3.3290531597338,0.000658220628101791,1.15019328807522,0.150369492959099,0.0369304826687126,2.56329323185834,1.15179467642003,0.00154598058478094,2.51789863615118,2.49396503056124,98.0486761036137,1.02828402263686,33.2186012317256,0.358875349510156,0,0,0.431188233302651,0.00459765954700643,3.67679370019176,1.16403542241659,0.164174332631441,4.95181148865599,0.508629599516648,20.7067916762844,31.7813338613851,0.0535595258095526,7.75109265853715,6.30574347628773,0.523027350713263,0.127420986593612,0.794900844942546,0.19136034313318,0.168468901692644,0,0.0228914414405362,267.1387273949,0,31.28387065093,7.65587706795,0.41284118526,4.87697151981999,1.64418841647,45.87374884043,313.01247623533
2019-05-01,2019,"Q2","2018/19","Q4","May",44.4236412356588,0.0325354012792859,8.64947304916428,0.290491513315358,2.13890753017118,5.57251634152325,12.4138658934689,9.20480658292801,0.577204959756764,2.34072602241366,1.53911532442185,0.0090328,0.533164401279286,1.12180141593703,7.43250916910714,0.01095086,0.02110719,2.5999462785298,1.35359332927029,3.44691151130705,6.70870804434785,6.44614771239829,0.246103161949563,0,0,0.00133895,0.01511822,85.8356751035407,0.01039568,0.9834449320542,0.28162284,83.59632927,0.11792833,0.845954051486496,25.8860539710588,6.91374727557302,1.61337812884245,1.47649015,3.3523840432433,0.04864943,0.427844221279286,0.02427921,0.02854584,2.64877792,2.80603527169371,0,5.28827795,1.25764453042704,131.340299054789,1.19700571,72.0990083512539,0.05014022,0,0,0.44826273,4.99e-06,3.49965269,0.79892298,0.0637538182955093,0.19962475,0.25816167,24.99299679,27.6796532285277,0.053111126711719,8.14519133471293,4.85221265,0.958983765522614,0.07581358,2.25818133919032,0.0929261312792859,0.0929261312792859,0,0,309.865004044494,0,28.58535262746,4.54978378101,0.70687596363,4.91825266588,0.9828811038,39.74314614178,349.608150186274
2019-06-01,2019,"Q2","2018/19","Q4","June",42.2447223439088,0.31175836,9.07869484514103,0,1.13635747616085,4.59543628921728,11.9216687660016,9.46975201429239,0.22968449,1.38417159451825,2.03425532493906,0.0763955326357324,0.518692350959172,1.48785530004344,3.43919112531643,0.060738,0.0497998,1.94235044811866,1.2220352,0.164267677197771,5.05191308128959,4.52109316585163,0.295561935437962,0.16861509,0,0,0.06664289,87.0492993630635,0.0158666,1.27110009466484,0.79201754,84.2818600283987,0.21445797,0.47399713,21.2151498108874,10.0350262761109,1.44557171788331,0.52311211,2.60057528350369,0.00065825,0.333556785437962,0.1093843,0.162080637669395,0.24992444,1.54325003735631,0.00112729,3.55568594,0.655196742925872,91.9416851246717,1.23698438,41.2067932963138,0,0,0.00772235,0.06948325,9.973e-05,3.57083916,1.26159207,0.292913037292025,2.06483889466847,0.64338767,17.47738402,24.0954620063974,0.01418526,6.37163966086269,3.46610279,0.629322570693503,0.20656794,2.06964636016919,0.11465611,0.04264879,0,0.07200732,257.42825662,0,21.97371826858,12.78230460906,0.36302060687,3.91003921867,1.57096323288,40.60004593606,298.02830255606
2019-07-01,2019,"Q3","2019/20","Q1","July",45.9496620881108,0.0327019923163018,6.43040826824269,0.12251474305172,0.73074620802182,7.47814774105834,16.682249977044,8.37627808802542,0.179551109504086,1.25399859248145,3.04697028621489,0.216734631373469,0.61928221,0.780078240776586,5.08604750710637,0,0.05230729,3.29153810618405,1.34640664062897,0.395795470293352,4.0408193108572,3.56160880681725,0.06931209,0.343614964039948,0,0.00028525,0.0659982,103.17076247808,0.02699796,1.07345052807989,0.19043407,100.97276764,0.10524385,0.80186843,22.2405898003978,7.91432777588898,1.00860043234354,0.99840203,4.68866202742431,0.06232625,0.256395478512257,0.19984568,0.0933544,2.57135532,0.601975689999999,0,2.34135986,1.50398485622867,85.8048564890233,1.24673274,28.2746495999999,0.09569415,0,0,0.0608175,0,5.468729,0.65238609,0,5.9407585496437,0.4399324,20.8311944,22.7410020893797,0.05295997,9.02210339242055,4.42726907,0.657846958043579,0.31924764,3.61773972437697,0.166604684003632,0.161969644003632,0,0.00463504,275.481445749999,0,28.82227791909,11.84798778723,0.39208332708,3.99090306825,1.51747695866,46.57072906031,322.052174810309
2019-08-01,2019,"Q3","2019/20","Q1","August",45.0649266915274,0.00418866,7.76339287308694,0.199076846933342,1.08117276001505,6.61872666258193,15.1130235418146,8.45527317365539,0.14857746,1.11732152965657,2.23121683757245,0.459387441997776,0.57943925,1.29412965421338,3.86761170430366,0,0.03954714,1.17741716623798,1.94703935,0.703608048065677,4.78609901569634,4.13283166344606,0.21871148,0.305018802250278,0,0.00028525,0.12925182,89.3531270460339,0.1720578376359,1.80733656839799,0.13409615,86.4997941,0.0446737,0.69516869,19.204952421341,4.92410523782364,1.17306193014064,0.47852795,4.20932615350363,0.28039629,0.26968123,0.31726766,0.00158475,0.59718757,1.05617022,0,1.85848491,4.03915851987309,108.392676009221,1.63778324,41.2515117338111,0.00044878,0,0.02929763,0.08504484,0,4.58842196,0.807566,0,8.60698438133905,0.647654552824622,21.72832878,28.9853851812463,0.02424893,8.86282473447963,5.5101229,0.953307710133447,0.32780271,2.07159141434618,0.170589817397135,0.151861737397135,0.00230257,0.01642551,279.70280744,0,28.77368746157,7.02150606968,0.32975867118,4.30275938178,1.27745700234,41.70516858655,321.40797602655
2019-09-01,2019,"Q3","2019/20","Q1","September",38.191845700274,0.14586022,7.01873247904994,0.07404705,1.21109039049042,6.15344743105464,11.2672426998026,6.73538321296075,0.66373668,1.04494369060629,2.26567607387379,0.424998982103921,0.45680893218575,0.729877858145873,3.78473373139504,0.0142676,0.01308487,1.50301257547354,1.72361805,0.530750635921501,3.49911646604168,3.36399051604168,0.07762343,0,0,0,0.05750252,82.6007658611141,0.01158257,1.12579578404324,0.287574094147518,80.2893113774112,0.09244954,0.794052495512163,13.4304881606779,3.2182362037005,0.681310419306083,0.36224828,3.28763354185749,0.14801747,0.22943694,0.07220408,0.01929923,0.84306632,1.21896562,0,2.04200316,1.30806689581386,102.054689460755,1.213939,43.5541136691938,0.01329223,0,0,0.07956078,0,3.58267895,1.01156824,0,7.46034377156096,0.57418621,22.38248356,22.14688375,0.0356393,11.2796536952454,9.60469236,0.528448888742998,0.00216413,1.14434831650245,0.243776374497004,0.190719142311254,0,0.0530572321857495,255.08506945,0,23.96365816395,6.51079860219,1.57024090353,6.71166578852,2.88736879899,41.64373225718,296.72880170718
2019-10-01,2019,"Q4","2019/20","Q2","October",38.2732149218968,0.00219402,5.40344921650178,0.05818392,1.65377127709659,6.24297802636969,12.3323353270269,7.21733949,0.684625556779911,1.21427315800306,1.97746413457421,0.24612568728187,0.41847981,0.821995298262734,2.91476456341563,0.033284,0.00720441,1.68646263599501,1.15189346,0.0359200574206188,4.89397979311144,4.20760802423148,0.11440549,0.471241778879964,0,0,0.1007245,79.7406974242693,0.01977113,1.65115866099176,0.42376429,76.4432091132775,0.13314761,1.06964662,17.8481028815425,4.96678546122018,0.514452005654641,0.8206067,1.48565440484124,0.30103577,0.254195110461508,0.40987323,0.01609204,3.06590989,0.784119737103093,0,3.01345555,2.21592298226186,115.70720152561,1.5000582,50.1746617299478,0.00413242,0,0.00549074,0.07461108,0,5.71483267,0.66803394,0,8.44539680004162,1.00508272562027,23.55963121,24.4595940800002,0.09567593,9.1628512133563,6.2762033,1.01967361585647,0.0337865,1.83318779749983,0.329478616797096,0.329478616797096,0,0,268.870290939999,0,24.14489512356,7.69774527759001,1.58185961828,4.96411867022,6.34260477147,44.73122346112,313.601514401119
2019-11-01,2019,"Q4","2019/20","Q2","November",46.2697862726276,0.00218176,6.38912264966284,0,1.15890787395805,10.2688684680259,13.6840239371931,7.36212705632715,0.20076449,1.40790324846701,3.46046384136174,0.277323329541151,0.660366918540045,1.39773269955061,3.07138339897177,0,0.00311579,1.55023442866857,1.38247630212128,0.135556878181922,4.19573700335404,3.49682150631018,0.0566584,0.641344877043857,0,0.00071533,0.00019689,90.7189529464561,0.01440394,2.07816252694279,0.270969669513348,87.225812,0.15529324,0.97431157,26.2522159584342,4.651859211426,0.907110804500302,2.05768471,1.92672444699771,0.98642401,2.62914878951335,2.62127679,0.04717895,2.63673759,0.609653379742944,0,3.499745,3.67867227625389,103.414834214093,1.29153351,39.7129427316619,0.04582103,0,0,0.01120783,0,5.56748148,0.78061497,0,6.44519722143933,1.34150903099199,21.64209469,26.5334378,0.04299392,12.4736284133446,9.05260619,0.639719173627383,0,2.78130304971719,0.20959354271823,0.18272042271823,0,0.02687312,286.60613175,0,28.55966939483,9.31591182102,1.35895514191,6.3594624206,5.98918828193,51.58318706029,338.18931881029
2019-12-01,2019,"Q4","2019/20","Q2","December",41.0507848333955,0.00316732,6.87093597241564,0.00136591,0.70910634,6.73354223410164,13.7442292530016,8.01213586372301,0.27714881,0.395829749636879,1.62813977060246,0.355745968923233,1.70174740255711,0.617690238433904,2.66104558516805,0,0.01881158,1.15747430984763,1.26475079372501,0.220008901595407,4.76115919335747,4.15765705827959,0.35204198,0.242667515077881,0,0.00288751,0.00590513,106.159497215013,0.1432449,0.625948844128291,0.319775424128291,104.015430826756,0.18897275,0.86612447,26.4622363461759,3.99487053884983,0.430185363722778,3.21642259,4.41019241289116,0.8984663,1.5800706525622,1.79301531,0.02220538,2.57468328,0.638310159999999,0,3.2914088,3.6124055581499,91.5056536820368,1.68799761,29.5167962028672,0,0,0,0.17266615,0,4.67409801446236,0.67519665,0,2.60670703888302,1.38022800578601,19.2224789940875,31.5592391259507,0.01024589,10.9260239130013,7.73532424,0.678255632884776,0.23517384,2.27727020011652,0.20375196494707,0.19226541494707,0,0.01148655,283.730152733095,0,31.4489160985198,7.49697151285,0.28542746821,7.29358553851,6.66275063308,53.1876512511698,336.917803984264
2020-01-01,2020,"Q1","2019/20","Q3","January",53.785364502658,0,6.19872047057485,0.13272306,0.357621111545289,10.6851905010932,18.8489262117219,10.3060938270621,0.0415913943270043,0.79246353,3.23250352473305,0.480861509973231,1.33965135661346,1.36901800501388,3.46603821739998,0.0456118,0.0118736,1.04144192686506,2.09678822126617,0.270322669268754,5.83085894061526,5.39869134267415,0.232750112735115,0.19204944520599,0,0.00522019,0.00214785,111.234078312908,0.00533688,1.74957739923207,0.36504215,107.86356253,0.26153951,0.989019843675575,29.7656969098982,5.69383066757971,0.490699585986071,1.41303999,4.74089060514452,0.5223714,3.21610189273512,0.7127842,0.02845361,6.92266114,0.832284592778247,0,2.75084618,2.44173304567449,116.57722461822,1.350418,41.7724838025274,0,0,0,0.14549644,0,6.16363485,0.23514414,0,7.08578483111971,1.50255066916415,23.30621354,35.0090191454085,0.0064792,15.2919015115646,12.42874254,0.697387869145805,0.01381899,2.15195211241883,0.232778076735268,0.232127436735268,0,0.00065064,336.183941089999,0,29.4853071648299,8.8567807638,0.11080707396,10.48603339029,8.18744612713999,57.1263745200199,393.310315610019
2020-02-01,2020,"Q1","2019/20","Q3","February",53.711240756921,0,6.37382833024884,0.311279239345996,0.427506947536882,8.29312532683337,17.6438455474181,8.95921265690199,0.153281180548886,1.38111351202903,6.39341318409705,0.367842441359975,1.97671145,1.43008094060085,5.27891487654842,0.22785146,0.0083025,1.81335556666309,3.14090930054889,0.0884960493364398,5.10834731030369,4.77480244164992,0.149913647575107,0.0859517010786606,0,0,0.09767952,94.4704712507196,0.102999761069104,1.19524307965061,0.15707967,91.9564159799999,0.20451989,0.85421287,26.1046662406943,6.33846838715645,0.521828049380161,1.57756203,4.13346890757511,0.07234971,1.63208255878755,1.35000487,0.00546108,5.51543798,0.959512660000002,0,2.25968966,1.73880034779502,107.156515426778,1.72132431,35.9318865741052,0.07799548,0,0,0.07729001,0,4.70625659,0.20804068,0,6.42827535114801,1.75291843054889,20.0891485,36.0240231604273,0.139356340548886,12.5363626863412,9.76286982122765,0.498047893966435,0.23700698,2.03843799114712,0.213630356990744,0.203121516990744,0,0.01050884,304.580148905297,0,26.49679637831,8.05675488822001,0.10330335892,6.33574271341,4.21187220091,45.20446953977,349.784618445067
2020-03-01,2020,"Q1","2019/20","Q3","March",42.7346756101908,0,5.87773470743356,0.175855575236472,0.692361469156542,7.68189907362107,13.9329833205479,5.19318362321255,0.0104931377014847,0.73168239355712,5.54988736238769,0.697218910178591,1.16119155842048,1.03018447873735,3.6946757630943,0.146019596991535,0.0039182492674911,1.11191649637657,2.21736753176397,0.215453888694737,6.99234166422719,6.6203770309096,0.145483683269565,0.199553706894239,2.96757854996751e-06,0,0.0269242755752402,65.8191018000464,0.00220189700024408,0.844484687653802,0.338647186391875,63.4539661803657,0.137670773843444,1.04213107479132,36.0243120510877,10.8411455499877,0.549816627130357,4.34137002590908,4.17976329377183,0.310537266286153,1.37069642811306,0.759936518755301,0.0192291495158826,6.88687688841458,0.783175777220416,0,3.10208794776662,2.87967657821676,101.816818692619,2.07310834885696,28.9995087217219,0.045509664627705,0.0169356156712883,0,0.169961596599548,2.96752441683089e-05,4.70396981604764,0.139579822430575,0.00026707638551773,6.75425654472096,0.78467592183561,19.7290988744111,38.3095003733803,0.0904166406854147,6.37733172100366,4.06088186407566,0.0754118663019792,1.23477858524958,1.00625940537644,0.185362553703147,0.168747089751945,0,0.016615463951202,263.644619855972,0,21.06578854168,7.07522933359,0.07760239196,5.15507021472,2.08807915597,35.46176963792,299.106389493892
2020-04-01,2020,"Q2","2019/20","Q4","April",32.6687513092299,0,4.5678517110037,0,1.24134154346456,7.47276134167014,9.76587546210337,4.54397197793836,0.182603781283596,0.503539596288717,3.2349580832154,0.424563403290173,0.104593546413362,0.626690862558515,2.16810246105638,0,0.00261016759074842,0.558301234641924,1.42888003252479,0.178311026298918,5.3716095822181,4.89207734940935,0.245580052869509,0.153879590969323,0,0,0.0800725889699154,61.9127346704306,0,0.677330433744017,0,61.0842311778031,0.0907301850168931,0.0604428738666304,16.1371776661813,5.33263369179244,0.348484501007349,1.26773215350629,2.12784755289854,0,0.323837693813281,0.168161824341084,0.00407984071596017,2.84507124269205,0.561091135253693,0,1.58670617129341,1.57153185886721,80.6634966157714,0.3662194,23.1932900413757,0.0230046109093365,0,0.0187203114329653,0.0886303665084487,0,2.96174960814923,0.0395778249933768,0,5.57251264259524,0.790650167770182,17.7656345821103,29.3604161700744,0.4830908898522,6.82663846145933,5.56079497066923,0.022843152031766,0.218524013459612,1.02447632529872,0.382850546055832,0.34561869653075,0,0.0372318495250821,206.131361312403,0,0.5136526138988,0.159925099904067,0.0019447521656,0.146512308789467,0.0965826498934666,0.918617424651401,207.049978737054
2020-05-01,2020,"Q2","2019/20","Q4","May",36.4424930174616,0,5.35142536506528,0.02597381,0.566648791605176,6.51341269144526,14.0145041953087,5.63900179329351,0.294014567712187,0.586030373058225,2.72055423934588,0.0668203354243745,0.23639075,0.427716105203006,1.83012034269383,0.05303714,0.00643492,0.58328351,0.915558117712187,0.271806654981638,5.60959187192617,5.01840396821294,0.268583063136562,0.318887450576672,0,0.0032809,0.00043649,128.866465974382,0,0.843661965682809,0.0785445486992827,127.58998406,0.01463439,0.33964101,18.4451563736828,5.16848519281515,0.193727062518482,2.01207928,2.17151919033222,0.35990302,0,0.01899799,0,3.198656,0.589353107103339,0.0407709982472458,3.02317486,1.66848967266633,84.4765819506035,0.77294435,27.8678938590163,0.22744865,0.02992876,0.01001352,0.91436582,0,3.54062753703116,0.18088302591835,0,7.82379496510399,0.95827781,18.9932394807987,23.157164172735,0,14.6170370600002,12.33976439,0.79520177,0.00881625,1.47325465000021,0.0504376077126988,0.0504376077121872,0,5.11590769747272e-13,290.337884198463,0,0.320508250225925,0.10194606214476,0.00121900335363733,0.0775821682461298,0.0426435600451564,0.543899044015609,290.881783242478
2020-06-01,2020,"Q2","2019/20","Q4","June",38.3738870412755,0,6.00712049659319,0.0645653,0.591468505031865,5.89606698726333,12.9963150522585,6.70481282305143,0.331639139386949,0.839137980730875,2.96559033600416,0.141450847547797,0.760451075010621,1.07526849839673,2.62037560582473,0.00501561,0.02540799,0.76211434,1.58225118002124,0.245586485803489,5.23026757140845,3.59797213103594,0.220197230042486,1.40877569033002,0,0,0.00332252,164.779045729621,0,1.13434715962062,0.15606419,162.78279727,0.14239577,0.56344134,13.0281721225474,2.8800949260982,0.318737302537175,1.04619342,1.19289998802352,0.07260307,0.05724386,0.34676721,0.02665778,2.89795282,0.920563178456752,0,1.82220193,1.44625663743171,103.489080504852,1.13463116,33.3658074053026,0,0,0.0100138,0.58968269,0,4.51100961,0.08583821,0.08131457,9.2553594480385,0.429125300792867,20.2202338,33.8028634607182,0.00320105,9.131384987882,7.93716892,0.102099432833079,0.11233767,0.979778965048921,0.180094198105461,0.11119519919355,0,0.068898998911911,336.832307761516,0,0.729998313526824,0.244570016521294,0.00269220491597458,0.179305489725187,0.0742435121969541,1.23080953688623,338.063117298402
2020-07-01,2020,"Q3","2020/21","Q1","July",44.0681587032715,0.00028691,5.73167808836256,0.00538588,0.652211062072541,6.68967759002218,18.2204261908749,6.54937770108254,0.220330938378981,0.552028138209299,3.86032779815152,0.00618688,0.914785595606359,0.665455930510648,2.77019617828433,0.2804176,0.05003043,0.564084123058568,1.75659542,0.119068605225761,4.81625188503595,4.44797432201688,0.271691121532202,0.0953478214868633,0,0.00094329,0.00029533,225.305870042007,0,0.976436365700882,0.38632317630644,223.32560242,0.11182351,0.50568457,17.4585278338521,2.55248322579912,0.174624759775168,1.34941167,2.8902374893727,0.14882647,0.45152194,1.29821028,0,3.14450598,1.07038493,0,2.45887534,1.91944574890515,111.808768788915,0.83352567,38.3779533220134,0.07436835,0,0.15019689,0.31745756,0,5.28759359,0.22489619,0,11.905130688,0.254878237414694,24.48016084,29.7124867414868,0.19012071,12.3212199312095,7.94558092,0.368756468919321,0.72483019,3.28205235229014,0.0982966684933852,0.0963179484933852,0,0.00197872,418.647290031069,0,10.0877972716815,4.1467957255305,0.137229164478,1.3968160738875,0.531116935531,16.2997551711085,434.947045202177
2020-08-01,2020,"Q3","2020/21","Q1","August",40.1932741878322,0,6.13960286724338,0.0493563475320074,0.174903956607172,7.83322698990453,14.49463757624,5.67777472077461,0.334939533207997,0.362917282465023,2.98127193970819,0.0966608963565231,1.19875852517755,0.849223552615198,1.16117226137462,0.0406722,0.0500052153957646,0.584002939313418,0.396225777356715,0.0902661293087179,3.99081055136044,3.7894219466681,0.14625115272914,0.0531787097134215,0.00195874224977857,0,0,225.347771310914,0.00905572053573825,0.99726943190503,0.486545614774537,223.206639277821,0.073864961752154,0.574396304125399,12.9808426038204,2.91621461898477,0.634875164625119,0.24168145073409,2.41089891021038,0.000492811552191534,0.0295387309221218,1.41402135249752,0.0724962178919398,0.777271927959847,0.537936602786053,0.0551907168561783,2.93220944815739,0.95801465064279,117.088405277457,1.36922079785597,46.740824448032,0.117395930697587,0,0,0.31917089647583,0,6.22688704404541,0.06191754,0,12.5415211205603,0.263593999858753,22.8534770043942,26.5940007900318,0.000395705505005771,14.2990984545312,7.31042185220173,0.3408984480092,0.116089746087983,6.5316884082323,0.135317225956506,0.0994565644460124,0,0.0358606615104939,415.196691873246,0,12.9481593577065,3.159677731356,0.148391402031,1.936241721801,0.574855651053,18.7673258639475,433.964017737194
2020-09-01,2020,"Q3","2020/21","Q1","September",42.3678004106354,0,7.63584923867317,0,1.25100303334492,7.22504275542322,13.7810362340283,5.51106115000001,0.510856885776848,0.786209605388473,3.91537042761092,0.0420936176294746,0.969555419197565,0.739722043562501,2.56556470926235,0.2667319,0.05538345,0.52199324,1.55930800848106,0.16214811078129,3.33021149265899,3.22839234687326,0.101819145785733,0,0,0,0,224.651469117726,0,0.73313227772563,0.32660082,222.8596673,0.04808771,0.68398101,20.5028873260786,5.35505281112998,0.381017767415049,1.47269582,3.5390345436168,0.17086477,0.19968043,1.35283002,0.0030166,1.79895258,0.51962511,0.1120309,4.36637604,1.23170993391672,113.694108710374,0.81796113,42.1051106909758,0.94195107,0,0.02200642,0.86779861,0,5.59877326,0.23742881,0.01825535,10.1109974112405,0.913068498024562,25.3417105710913,26.7190468890415,0,9.47605013665366,6.4705012478405,0.252878217357198,0.14944141,2.60322926145596,0.203547334828716,0.174642814828716,0,0.02890452,416.791639238217,0,14.37819489837,3.906479161314,0.942144542118,4.026999473112,1.732421279394,24.986239354308,441.777878592525
2020-10-01,2020,"Q4","2020/21","Q2","October",42.3080160299076,0,6.63580142653447,0,1.13383141680303,4.97719535995923,15.8546867480751,6.36702769694391,0.313444671408829,1.11666381941965,4.21742216109938,0.135253971972361,0.99343093,0.56325782769167,3.58939003662395,0.0515743,0.0390814,1.17917352662395,2.01056279,0.30899802,3.21245621407392,2.8590515367778,0.293201056450825,0.0602036208452975,0,0,0,169.255749260675,0.00373596,0.657818623886195,0.39143078098618,167.174766655803,0.03262417,0.99537307,23.6663474046714,5.45455006101831,0.19357634,2.31523502,3.35205846762391,0.44655672,0.703130239999999,3.86544369,0.03267224,0.41961516,0.675374119999999,0.01865996,4.38489269,1.80458269602923,107.866639757469,1.62643353,47.4230078069814,0.10517541,0,0,1.73648967,0,4.20259272,0.13416247,0,5.38975746128944,0.706700599198042,23.06058256,23.4817375299997,0,12.7607745488404,6.70915093,2.52182952935248,0.60825397,2.92154011948787,0.10045312773828,0.10045312773828,0,0,362.75982638,0,18.10867134267,5.77330895819251,1.18639471371,3.723089002665,4.7569535786025,33.54841759584,396.30824397584
2020-11-01,2020,"Q4","2020/21","Q2","November",37.7793523156165,0,7.17661359453091,0.00136524,0.728592522714977,6.69435819588348,13.1465401612891,5.51156613,0.103134810154023,0.721227496181668,2.50246942287988,0.13233940447988,0.57061831,0.490527027502533,2.85634120053438,0.08482856,0.01698311,0.600389893837109,1.50196034291408,0.652179293783196,4.40100304242868,4.12306918290804,0.27793385952064,0,0,0,0,177.809695648281,0,0.645677168281295,0.45707349,175.39423556,0.30759815,1.00511128,25.5376526234486,6.83858843362555,0.60986938764754,3.16224803,4.01244557371311,0.7748753,0.071354290995529,1.1043036,0.00617541,1.09040441,0.85438543,0.0007766,5.00775722,2.00446893746684,116.413190164178,1.79287835,52.5889489696668,0.2661251,0,0.00187302,0.43035861,0,5.07272087,0.15490772,0,6.71558439421942,0.253968503982116,23.2990507573907,25.8284353689186,0.0083385,16.9932256782697,9.94833412520636,3.02936001298659,0,4.01553154007678,0.101432430996211,0.053162000995529,0,0.0482704300006821,381.891893103753,0,21.4197520461225,6.986933865765,1.0192163564325,4.76959681545,4.4918912114475,38.6873902952175,420.57928339897
2020-12-01,2020,"Q4","2020/21","Q2","December",40.9981567656436,0,7.71151275081192,0.117377944901755,0.78916351957141,7.94119341546796,10.945788935254,6.2369572,0.299137807265595,0.500984033187396,3.90544541286294,0.169952458169592,0.809570534357115,1.57107275379389,3.51872508218607,0.13079625,0.00227688,1.2424184,1.82509743050534,0.318136121680735,4.05350460141047,3.92848199141047,0.11459853,0.01001152,0,0,0.00041256,216.426740646664,0,1.25725843353487,0.2979952,213.431052629143,0.1335026,1.30693178398655,23.7057102266844,5.15506393538347,0.380340176361599,3.65588325,5.25701766366096,0.129398,0.00069249,1.26455333,0.01401293,3.55066983,0.697154556361599,0.0268025763615986,3.03109263,0.543028858555195,117.379539413119,1.27804298,47.1242493328692,0.11768291,0.26772077,0.00024804,0.28229449,0,5.57325461,0.15849596,0,4.97313392747968,0.785706463685218,28.12297763,28.6730486990847,0.0226836,9.39574572337002,4.63331982451137,0.722127839142821,0.03526554,4.00503251971583,0.153875824357115,0.153875824357115,0,0,415.631998283435,0,23.5866870738898,5.6227286346375,0.2140706011575,5.4701891538825,4.99706297481,39.8907384383773,455.522736721812
2021-01-01,2021,"Q1","2020/21","Q3","January",44.1012111315622,0,9.8912117566177,0.131478603439627,0.314588097929058,6.61814957954497,14.175643416804,6.73497810533859,0.710372997502687,0.629308489641705,3.06178409150842,0.32046672877105,0.65864433,0.85458493446435,5.70060487240057,0,0.00230893,2.23548222638839,3.17434216171623,0.288471554295951,3.61429648355428,3.38447794562522,0.20114931,0,0,0,0.0286692279290577,174.88097304873,0,0.859583099616625,0.491540441719814,172.737962287394,0.14303445,0.64885277,20.6500734865066,4.16698380754568,0.457869096961663,2.81662335,4.25958757808313,0.42647856,0.15754281,1.40179392,0,1.07488994,0.59210825102114,0,3.71550375,1.58069242289502,106.242805862597,2.07719105,43.4176642579289,0,0,0,0.28046905,0,3.8588918,0.21922457,0.03677708,5.11338709466858,0.41641509,22.15883955,28.6639463199996,0,12.2337239320423,5.83561947,2.31890255,0,4.07920191204228,0.13155364,0.09223089,0,0.03932275,367.555242457393,0,26.20877024886,6.61452650029,0.05798859377,5.37028358306,1.03196606002,39.283534986,406.838777443393
2021-02-01,2021,"Q1","2020/21","Q3","February",58.1370494874795,0,8.67699666657079,0.0708840659546559,0.735584498755373,12.5724266121433,17.1456853489095,10.7289558922709,0.514133859432585,0.808110087803836,4.52435326260985,0.488988243255385,0.72783269,1.14309825977328,7.36033912341195,0.0438704,0.0413754,3.32270432395682,3.30330458052148,0.649084418933654,4.64792714606524,4.33645012677168,0.24976711,0,0,0,0.061709909293557,179.228721080173,0,0.721739223953476,0.135110064911695,176.775819461575,0.10508206,1.49097026973319,25.0458943035204,6.33450095889597,0.49697776137948,0.89662754,4.91569803831697,0.01994271,0.12280791,1.95904719,0.15974202,4.69736619,0.563560984188548,0,3.69415821,1.18546479073941,129.27321160664,3.40749903,48.2551804692561,1.63727083,0,0.04637444,3.85443136,0,4.25109495898912,0.14841848,0,2.26290816705018,1.0387212713444,24.75992493,39.6099236199997,0.00146405,9.29516726995524,5.35745181,0.234334999293557,0.09664794,3.60673252066168,0.156998273317493,0.151819153318857,0,0.00517911999863576,413.145308290563,0,25.89370924806,7.58929390429,0.11509401101,6.27770977884999,0.89940526392,40.77521220613,453.920520496693
2021-03-01,2021,"Q1","2020/21","Q3","March",52.2521736107132,0,7.82463958649261,0.0675217947220947,0.893097706785222,10.0702584534983,15.9014255176806,9.00091727605158,0.0266291804939957,0.964909782767584,5.01697855471719,0.402927148804778,0.720295240937122,1.36257336776216,6.21343413394822,0.08766354,0.0044835,2.85891323237919,2.4108383714602,0.851535490108826,5.93513444467782,4.67482559099799,0.341762598754013,0.00500512,0.00149263,0,0.912048504925817,160.653536183276,0,0.835038323999082,0.3071434607301,157.76056663,0.15940011,1.59138765854689,31.3110186817261,10.7903555595981,0.530477060828086,2.794427,5.24731148055914,0.10445937,0.07331356,2.21390696,0.01491891,2.48556095,0.684615253025789,0.0597988614602009,4.52315614,1.78871757625474,147.154034077016,3.46420496541227,50.1722126305947,0.19840444,0,2.05319731,3.85812284,0,5.62537024389656,0.21882573,0.00060448,5.68350683054631,0.807991340003544,29.3077622338581,45.7293983827042,0.03443265,12.2189612200383,7.6433138,0.404212782448192,0.00675592,4.16467871759006,0.209060524430449,0.204533864431472,0,0.00452665999897682,415.947352875826,0,26.26728526639,5.35570228561,0.09938757706,5.13832938359,1.90753434367,38.76823885632,454.715591732146
2021-04-01,2021,"Q2","2020/21","Q4","April",51.9143103055177,0,7.109507524054,0.0671804762528417,0.253670096689202,10.0110546536644,18.0863908281081,9.39053699066734,0.0444796203753781,0.861709632133766,4.00655077348861,0.403397234379411,0.80216968279117,0.877662792913431,7.97622611415807,0.114268,0.00558349,3.60887757,3.62342987198922,0.624067182168851,5.17000543277353,4.8197584813586,0.266164333570836,0.0217611,0,0.0307057578440966,0.03161576,179.642482785024,0,0.760295544796498,0.63301975,177.00603554,0.14974257,1.09338938022782,26.6867933256104,9.26006268325957,0.935881401806421,0.86004825,3.32947781738861,0.18201247,0,1.37576798067875,0.31372255,2.99393905,1.40928058066734,0.192534870333669,4.00453286729519,1.8295328041808,112.88290024406,2.19224123,37.9220540934789,0.2478221,0,0.38967032,1.74676462,0,5.07055352741804,0.22399036,0,3.62331614350502,1.58636667999713,22.1496278637182,37.730493305943,0,13.6368258823662,9.28413602,0.29451689,0.28600093,3.77217204236623,0.0647716198010931,0.0537546398010931,0,0.01101698,397.974315709312,0,27.8561075418001,8.16446130411,0.12381660414,6.75347657097,0.967568204959999,43.8654302259801,441.839745935292
2021-05-01,2021,"Q2","2020/21","Q4","May",52.916989947134,0,9.46165046472568,0.0983130778261309,0.375724919006632,8.583190176892,19.4905257809372,9.41669484368105,0.03842806640625,0.771889580320914,2.99276548072003,0.431366786673413,0.583133120955661,0.673307648989022,4.8904945699451,0,0.0106012053689957,2.70664889730936,1.51571390567781,0.657530561588932,8.48746600409394,8.23979029082619,0.1327352249225,0.114940488345245,0,0,0,194.401872390839,0,0.837739573296064,0.139041362304689,191.76091878641,0.287711454475249,1.37646121435336,15.7446043710638,3.17297895873479,0.439541306885109,1.29395515625,1.7175945134164,0.139545770507813,0,0.340573243652344,0.210836751319885,1.49474855480957,0.913618952078223,0.0029671179199219,4.85956000390625,1.15868404158347,134.217128507581,3.01539494719727,43.5345031824423,0.628512635742188,0,0.0487323486328127,0.288964514892579,0,6.01249400889878,0.20126987,0.08634312890625,2.17637546020302,1.03671163084178,29.2392779644971,47.9182399256788,0.0303088896484375,20.3741267284182,8.7878800164261,5.91455711188343,0.0401896097704,5.63149999033828,0.106374602130202,0.104821414874343,0,0.0015531872558594,431.139057121206,0,30.7142451213,9.29978104193,0.15180956333,7.67715806367999,2.16702864581,50.01002243605,481.149079557256
2021-06-01,2021,"Q2","2020/21","Q4","June",56.4163426687326,0,6.32007647807303,0.315895990185368,0.666513018726832,10.7123613572472,22.3420713307951,10.0985953247351,0.0331455192371133,1.34777982573427,2.65010461510607,0.136519248994244,0.738739260180645,1.05454069971762,4.16747708044772,0.127920403119588,0.0388455560560575,2.00164726749571,1.52909983799317,0.469964015783198,8.10290659196339,7.45347880638682,0.212380439064347,0.437047346512222,0,0,0,170.343182101523,0,1.28053430018894,0.424431865112426,167.113165436984,0.11601703463806,1.40903346459992,23.1231189442979,8.22619687417569,0.470945166649908,0.735335031153912,1.45919612375992,0.0530218776841746,0,1.99145867763046,0.0111194793785445,3.50282311125038,0.751294263595387,0.030304474731075,4.07377407832264,1.81764978596585,131.224241453133,1.78137688737565,46.6668458555954,0.288635223645078,0,0.0470079634826352,0.291525283770589,0,8.21269510424723,0.10032477,0.000494404326574692,4.8731936235873,1.86217067116743,28.7834851666163,38.3164568349751,2.96643435295829e-05,17.8195638216225,10.0700123305016,0.127077271917605,0.0278641334120458,7.59461008579126,0.0303546936706859,0.0137262384378559,0,0.01662845523283,411.227187355391,0,29.4069285151199,8.87716284610057,0.140589293048263,5.50699086782846,2.00924750665131,45.9409190287485,457.16810638414
2021-07-01,2021,"Q3","2021/22","Q1","July",62.5098769267477,0,7.59611427565144,0.119257789344403,0.871606539462239,10.5775046731471,26.7555046380988,10.595876128536,0.0378943041715509,0.894449732231729,2.88173883830304,0.188427760195005,0.947671277545452,1.04383097006096,4.44903839822797,0,0.0620627419459098,1.97304852890911,1.45634512860941,0.957581998763539,6.65973526341454,5.76569910228769,0.204491285524753,0.689544875602101,0,0,0,4.32639361281325,0.00118899815352446,1.0380650010864,0.25531525975379,1.32271142695821,0.198734948132868,1.51037797872846,19.58838493881,9.55511181932528,0.247761811606246,1.14595017438936,1.53804629299407,0.146832217203981,0,2.22840553296254,0.0048318785429425,1.48234618943097,1.0504718245258,0.000998992793217482,0.478273376464604,1.70935482857098,137.271006166423,1.94533797374154,55.277761124129,0.225302695798074,0,0.00435103045700972,0.286353658803922,0,5.96818121906971,0.04903275,0,6.05407920873565,1.15047011407198,29.2829254976912,36.8587897825542,0.168421111370298,19.2725880313289,7.08141823779266,2.75858701424625,0.0348508539598047,9.39773192533017,0.270073264768864,0.223034777674592,0,0.0470384870942722,254.347096602534,0,30.6771994182982,10.7120070189326,0.124653503537923,8.16844287622547,2.93972594226534,52.6220287592595,306.969125361793
2021-08-01,2021,"Q3","2021/22","Q1","August",62.5442489500403,0,8.97464202348811,0,0.505953617408843,12.0665298698183,26.7366814030369,8.32202024330749,0.0447056617233424,1.90476591911145,2.11129425523014,0.403529433957911,0.632181133531041,0.841945389426811,6.75000359376391,0,0.0718978753001898,3.53377659195032,1.81307471079123,1.33125441572217,5.06489008930102,4.07756434915238,0.223269711504727,0.74137681745026,0,0,0.0226792111936497,5.68924412032115,0,1.84893810229884,0.302514115183675,1.66553936164714,0.140197838073859,1.73205470311764,22.7898666150369,10.155788848787,0.270482511596974,1.9424375580087,1.16568413870673,0.139975173956123,0.0819461805170529,1.42073815111091,0,2.97951387926353,0.325993346283245,0.0342803150972196,2.60556804917234,1.66745846253712,120.825511784327,1.47486709913467,40.0578228160307,0.486655902192715,0,0,0.213937357322391,0,5.79130240347746,0.0649678111091207,0.169752460772944,8.19775935846596,1.75758785077462,28.9051149368059,33.6524405688631,0.0533032193778445,22.2580737190435,10.0908462961842,1.82249639604337,0.13200431797444,10.2127267088415,0.0813829750176401,0.0802834248127881,0,0.00109955020485202,246.003221846852,0,26.1145582323715,9.13637541070497,0.134417015880123,6.65688558468771,2.72759936036931,44.7698356040136,290.773057450866
2021-09-01,2021,"Q3","2021/22","Q1","September",49.5920148658672,0.00104313760214537,6.66205542646273,0,0.280742872517805,10.0259641229307,19.446150334036,7.49195876650125,0.0526041311023007,0.889932768588469,2.87671330127169,0.174981252678211,0.467307852003669,1.22256090017225,5.21866063694138,0.170700792144891,0.0168341628647647,2.47042268052905,1.7921672615139,0.76853573988877,6.17272111311166,5.28744066039459,0.31443926285397,0.498031563239061,0,0,0.072809626624042,6.79446197033403,0.00541369584222318,1.90495893942613,0.41767375298714,1.99733458560966,0.315063763166106,2.15401723330277,20.2602313803742,9.66648593734314,0.491573492086116,0.84293266065671,2.05344793860933,0.103335603511524,9.88747494680148e-06,1.38063478466196,0.0044031281009043,1.63493916788243,0.461559703493814,0.0380153233041258,2.12565952921069,1.45723422403853,129.679603195919,1.99446999337021,39.4610355162689,0.332490920411646,0,0.0882977846366619,0.482145186834316,0,8.24098663023587,0.04703126,0.0483303896352142,6.46532065772854,4.04148598267884,32.315553718802,36.0719446257549,0.0905105295617236,22.5528629104163,7.43295367432652,2.66077723285415,0.302970634699769,12.1561613685359,0.0908550496311487,0.090855049629756,0,1.3926637620898e-12,240.361411122595,0,27.170317461063,9.48745767367598,0.110403665816322,7.23466255334416,2.60366946142273,46.6065108153222,286.967921937917
2021-10-01,2021,"Q4","2021/22","Q2","October",54.9569782605175,0,8.75799546182206,0.134368991156424,1.34698011471427,9.89973617325108,17.6162264816718,7.26518087182808,0.0137038573762181,2.65938765500047,5.11001465078766,0.139230032438512,0.562995437465217,1.4511585330057,5.62329320073551,0.108332,0.000154242663211852,2.30149915600877,2.08350795187173,1.1297998501918,7.10550919970879,6.28106817120656,0.501211178617699,0.320539453050189,0,0.00149950008449276,0.0011908967498451,7.19170955782476,0,2.14902768124977,0.357097997939428,2.20217785252633,0.10100959077339,2.38239643533584,16.9139668451246,6.7948805365955,0.794170178144005,0.787203355207571,2.3715347255256,0.0562290128428998,0.0195272551118121,1.02008606432716,0.00154505548358024,0.85528706415817,0.843199332507182,0.0823948798748752,1.97669936151636,1.31121002382991,124.534420683952,1.40953939508139,37.9987173580878,0.097297476482848,0,0.1201658229595,0.630387853602208,0,5.57138610882668,0.0597350557460711,0.038491426237819,1.02634601421691,2.86121286268303,28.4085265856996,46.2879991951219,0.0246155292063313,23.9493377780765,9.04350772905988,1.17076011491016,0.705066428209317,13.0300035058971,0.0964697166610155,0.0823274582870123,0,0.0141422583740032,240.371685242601,0,26.8443530748352,9.39169968764687,0.138173420447782,6.84291826239812,2.80382458956641,46.0209690348944,286.392654277495
2021-11-01,2021,"Q4","2021/22","Q2","November",67.0566481369086,0.0433381725350637,10.1709465233018,0,1.08602860990679,13.6628692571672,25.187310942422,6.82641765933444,0,3.30488169381262,3.7868945280237,0.853237406913707,0.875334839865877,1.2593885036254,4.58446328358625,0.02531386,0.000174045681603261,1.23143739436756,2.00596097200618,1.32157701153091,7.22087152964305,6.51832346891252,0.659209888195463,0.0433381725350637,0,0,0,7.45841580346407,0,2.74796678340677,0.58127040825475,1.9410595799598,0.150533077680819,2.03758595416193,22.4073342868086,8.06038363865184,0.679833623511505,3.04149916245861,2.58970424853424,0.0625670925475608,0.11154773708389,1.79060521615507,0.00281539394144621,0.869247608323177,1.51700580852652,0,3.16284362276414,0.519281134310554,134.232269502716,0.836028231907737,43.4523862347708,0.23903657537026,0,0.182214415315614,0.302462460520367,0,5.76108211208649,0.05134698,0,2.62587170984714,2.58580205485249,33.5204732696911,44.6142208652863,0.0613445930681509,24.1101219617877,12.8435058092759,0.939102109603306,0.355380410330057,9.97213363257847,0.114685049053136,0.114685049051374,0,1.76214598468505e-12,267.184809553968,0,20.4365708219222,5.72006843581155,0.0194234419394508,8.72177244574967,2.07164480254759,36.9694799479705,304.154289501938
2021-12-01,2021,"Q4","2021/22","Q2","December",72.885418765886,0,8.06494637193009,0.484079138888408,1.59316229805778,14.328536136609,32.1487356821087,6.07247309592576,0.376137622626765,1.70227022769567,5.01539197272523,0.650594217982468,0.801076677109138,1.64801532422698,5.07546441416679,0.0930971864571036,0.000185477910026791,2.30923774311315,2.24211698917743,0.430827017509078,9.4728459843007,7.84714350025132,1.29062268552373,0.280895808452026,0,0,0.0541839900736216,9.08168885014306,0.0090160306530151,1.86507067581483,0.615132542978571,4.66921373868212,0.247657688892652,1.67559817312187,24.2397420723105,7.27096233188912,0.513752076177022,1.65371731864543,5.54075076219405,0.0333416536775075,0.0702341096018945,2.91372326747024,0.0105456497170394,2.07467598076904,0.528001804057659,0.044853622108108,1.93669148485345,1.64849201114994,133.706506940781,1.39087045084006,37.0520715501108,0.226956141876629,0,0.225388219147771,0.181682970407124,0,7.92742842966037,0.0978600735051123,0.106560879593646,4.75298236465038,4.47092967802145,30.2653077797445,47.0022018752009,0.00626652802227273,25.1196015346341,16.1299352283505,0.919730755631903,0,8.06993555065167,0.171694583867728,0.171694583867728,0,0,279.75296314609,0,23.33152160654,9.25082711154096,0.0205215218929648,7.89479138872411,2.71437235380656,43.2120339825046,322.964997128594
2022-01-01,2022,"Q1","2021/22","Q3","January",56.58220898271,0,8.33247845081162,0.177107780941974,2.45833195514783,7.48951638632261,20.6040835369266,6.54619373899685,0.234421350005415,4.02131796024386,3.89808222628182,0.841550753166827,0.696480009224058,1.28264483464054,4.49345189700202,0.005459,0.00427025484667,1.66099721520387,2.24586997731751,0.576855449633968,6.3781149124648,5.18330504809751,1.06096423623764,0.132963599584812,0,0,0.000882028544839208,5.95560457743851,0.158705816842405,1.57978522749808,0.74836245105258,2.28828646412932,0.142229582503081,1.03823503541304,23.2757736169009,10.1150178381601,0.422309493567503,0.465576616371782,3.12204349341985,0.0560056410571707,0.293001591848484,3.16872483350707,0.00539672938855244,2.01572556515372,0.508769341651948,0,1.04551080897539,2.05769166379934,134.263757793926,1.40980132916951,40.9077352200772,0.18902703291851,0.0311478705952384,0.155739352976192,0.216073159075856,0,5.98136556090581,0.105539085948863,0.06352990892145,10.8564481144223,2.68660513407045,31.9139177713474,39.737533333383,0.00929492011413464,17.9394456677165,13.2700399650384,0.395371447860524,0,4.27403425481762,0.209699755924459,0.202654750154245,0,0.00704500577021388,249.098057204083,0,23.5374818344325,8.12086507833312,0.0593727947600658,7.81982736562397,2.52994724864019,42.0674943217899,291.165551525873
2022-02-01,2022,"Q1","2021/22","Q3","February",66.4327629918281,0,6.02729949028138,0,1.09015010775622,11.185784524186,29.1903461474077,8.41717168849579,0.698100342053601,2.67849277038804,5.00021599007425,0.319441749893228,0.591071632934172,1.23468854835771,5.43396243089204,0.239624047088245,0.00410656086831626,2.72460064409731,2.17551273592355,0.290118442914622,7.2351180316087,5.29076971056366,1.14891503955373,0.791600225374064,0,0,0.00383305611724748,8.97498943932781,0.0110084257543413,3.62246575918558,0.644913195128958,2.34759886629856,0.115338790068661,2.23366440289171,29.0870393067313,10.7921842075912,0.939505986053207,0.059514799565166,5.82578820435335,0.0627748756611223,0.619264720427624,2.91427942790035,0.0346288271872659,3.86405468375963,0.815201208199535,0,1.53828972732752,1.62155263870536,154.189046582264,1.58263283894896,46.2132484588917,0.0199516810390956,0,0.0154242639645374,1.03033049555309,0,5.97917875306271,0.0523625312802821,0,11.0933640155857,2.11241326712962,35.4684148877142,50.621725389094,0,16.2382655182444,9.98993681493643,0.884893435717289,0.061934352170509,5.30150091542021,0.403811982155716,0.391226227758091,0,0.0125857543976253,287.994996283052,0,22.4351914209649,7.69725354189521,0.0331059195308271,8.14546373336591,2.43865480166478,40.7496694174216,328.744665700474
2022-03-01,2022,"Q1","2021/22","Q3","March",71.3902190440777,5.932e-05,10.5761848115577,0.0939347767207854,0.583686715204373,11.9436840967896,29.8220261405518,8.71289521672078,0.219444066359903,2.38465680555465,2.75377480690626,0.623292118108836,1.83975947489652,1.83682069470643,5.03887786238694,0.28140713,0.00624247,2.58240529188872,2.08959775049822,0.07922522,5.56069543945338,5.11069313875935,0.31237413827092,0.115806572423105,0.0205653,0.00091619,0.0003401,8.22274563630714,0,1.55008753425335,0.773311901813114,3.76211843854505,0.17667149570232,1.96055626599331,23.842616517042,7.00538320741617,1.04279663434282,0.90656623,6.03349979344158,0.23777242,0.265956930162356,2.31323731,0.00570697,3.7146277,0.36805193,0,1.34965722,0.599360171679041,188.580106886037,1.41147868,50.2144409397629,0.07079862,0,0.00500267,0.93803263,0,7.24664332000001,0.10840463,0.00558598,20.2400921523426,0.682811942904463,49.55149823,58.1053170910271,0,18.5855718959808,9.63113219,5.43169254542846,0.37595732,3.14678984055234,0.513332038715836,0.463752858715836,0,0.04957918,321.734165320001,0,23.1013982873124,8.3563152439231,0.0376667453946192,7.953360829238,2.56099146803718,42.0097325739053,363.743897893906
2022-04-01,2022,"Q2","2021/22","Q4","April",63.6701525777284,0,7.43867667362572,0,0.917627287537611,12.8785787327732,25.7812188883855,7.37260111014442,0.295474229214912,2.44999571546181,3.1295341644473,0.0091208284059721,2.55004966515533,0.847275282576659,6.09839626483637,0.532785509974272,0.00501482395819197,3.72291644209935,1.82837966549719,0.00929982330736487,13.133682627594,7.57357487055424,4.91844349528978,0.633485261863538,0.00817899988645144,0,0,6.29693211341785,0,1.43479948653715,0.816503219483553,1.3920612007102,0.183940211278963,2.46962799540798,25.7404478824861,7.07107976221593,0.241987240312286,0.458457952414846,3.73911430124906,0.040274801636207,0.361403675372979,1.82398544279784,0.0346528190229839,7.77048588785279,0.221071555255221,0.00420291902879979,2.33399161928553,1.63973990604165,156.783715103013,1.31577147795607,41.6655702206776,0.0093465321993248,0.00174544739516837,0.250153776874313,0.315333950742081,0,7.47313005650155,0.0636329583120314,0,10.5130763474386,0.703389627477643,41.1574339359261,53.2103860106704,0.10474476084181,24.4534265671022,18.0510783976256,1.63749170339177,0.417052330653403,4.34780413543146,0.557018815991906,0.53089327421296,0,0.0261255417789459,296.73377195217,0,23.0246905142366,8.05814462138381,0.0433818198951707,7.97288397607596,2.50986450611405,41.6089654377056,338.342737389875
2022-05-01,2022,"Q2","2021/22","Q4","May",67.2420433341626,0,7.71653566718683,0.041085396327371,0.729363397046274,12.9691541388343,30.2065509135099,7.64018807181566,0.52736235677431,1.89584803764187,2.56676328125795,0.0520594156289832,2.18569269708701,0.711439961052104,4.71682652337688,0.190541669911616,0.0304083949406805,1.85711732193466,2.35001573484199,0.288743401747934,8.15512987550397,7.19001792160797,0.691690326820416,0.267889711621694,0,0.00539743952488339,0.000134475929012648,9.36897755327023,0,1.98340970516599,0.499129532529101,3.81887268037615,0.304023667321235,2.76354196787775,28.5204917995049,5.93907012486281,0.629583479217172,0.420865324051378,10.2749764501156,0.047337870379449,0.312796449586439,1.64391554802292,0.0160669211267211,3.95655879736108,0.309158437381816,0,2.99501482106089,1.97514757633859,168.095912695732,1.9997352475181,58.1361493550055,0.164155866821677,0,0,0.343668907595983,0,10.1577630560419,0.130105060999678,0.067291959435799,8.17964706599736,1.72690013334641,35.842678354425,51.3195381675832,0.0282795209614388,23.0521975469055,12.9436027204435,5.21287024398388,1.33887590744191,3.55684867503617,0.624684037581458,0.606880102181629,0,0.0178039353998291,309.776263366037,0,22.8537600741713,8.03723780240071,0.0380514949402057,8.02390284622662,2.50317025860533,41.4561224763442,351.232385842382
2022-06-01,2022,"Q2","2021/22","Q4","June",77.9262640722006,0,5.97820017798932,0.00721917003174884,1.05688242474214,15.1258435431954,35.260966186543,9.13109472073964,0.916370868006033,2.27267982424751,4.66868830993508,0.798351008402221,1.32774256312049,1.38222527524806,6.15257414555784,0.123075469999972,0.106033940006024,3.73204380289687,2.19142093265497,0,9.40549097318875,7.02142823181875,0.327668760441555,0.664211230929128,0.0125398500012434,0,1.37964289999807,8.94252657604707,0,1.89568521134538,0.641030967091518,3.70530058593864,0.148990850440201,2.55151896123133,28.1210465306021,9.09970021141059,0.361304469584627,2.2601392899976,6.57761179786102,0.000326349999861841,0.0466646999997237,0.594895109999088,0.0208384700071566,3.29477011998795,0.236306970003012,0,3.69209571999956,1.93639332175195,167.572868745756,1.84658288999798,53.7928204750415,0.219000400002211,0,0,0.414544580006245,0,11.5873460299445,0.337045220000912,0.0788362900003592,9.16691081315759,2.35829698748609,38.7453825700886,48.9506314000307,0.0754710899992539,24.9067326050229,11.3526850040829,3.51118794537715,0.138490719996795,9.90436893556603,0.408578810379731,0.287167699499964,0,0.121411110879767,323.436082458755,0,22.9932829585735,8.15056588923587,0.0397000200766652,7.98338255051353,2.52467541091885,41.6916068293184,365.127689288073
2022-07-01,2022,"Q3","2022/23","Q1","July",68.0309434533506,0,7.1706639017899,0,0.363186478902904,11.8624460535011,35.8387488300691,6.52927745868416,0.304902564445202,0.894155402125928,3.5093257925116,0.328061692349439,0.578059276488597,0.652116002482628,5.49888322993168,0.010918,0.0901153595332289,2.57342272016098,2.72010984554753,0.104317304689939,9.89282686711547,8.52555140338343,0.256134003170622,0.878107497451642,0,0.000114999847690163,0.232918963262086,9.94055775923047,0,3.14207006550579,0.810615525081095,2.93414677703307,0.0883770258965777,2.96534836571394,21.284350846959,6.62555881711955,0.246513106729217,1.02610884145327,7.63094276074069,0.119836510714411,0,0.722684842078131,0.0169298866268057,1.91220043718391,0.0236322415087266,0.000334409307302671,1.83448170043389,1.12512729306311,167.963229072939,2.01561444408472,44.7664443653373,1.11133620945196,0,0,0.257543041510289,0,9.79476099327618,4.67337920092198,0.0309071741994946,12.0156448005881,0.813278105453083,38.1901639000989,54.2932663993725,0.000890438644520556,18.7855714383834,10.9181241812274,0.712227291419831,0.198300884990451,6.95691908074568,0.317883867731956,0.303636453726481,0,0.0142474140054753,301.714246535642,0,22.9572445156605,8.0819827710068,0.0403777783040139,7.99338979093871,2.51257005854608,41.5855649144561,343.299811450098
2022-08-01,2022,"Q3","2022/23","Q1","August",64.1105501855441,0,6.02509741254719,0,0.0596795199991592,13.4640998807311,30.3697408658399,6.15848039745315,0.493591014674041,1.46063291504065,3.77438792236706,0.0988653949533407,0.97374856110234,1.23222630083618,7.29020948019883,0.349052910003127,0.0716327000007882,4.3695080085988,2.32982398168993,0.170191879906182,5.46790243835971,4.12004021844312,0.808321222863256,0.485657337053491,0,0,0.0538836599998424,180.792625797568,0.0146968900000263,2.11866714956014,0.475085860909444,174.992399157186,0.236728199999475,2.95504853991329,22.088328469686,8.94894914667984,0.606259273084921,0.673782359995376,6.76241340252701,0.0293725299993957,0.449927633771473,0.161207689992669,7.12400004203988e-05,0.625528980002155,0.154059640004624,0,2.8960335299994,0.780723043628736,167.260656521968,2.45843864999714,42.4550419047247,0.123055950001445,0,0,0.53054905000381,0,7.24383308992856,5.00495026212597,0,7.8194221619398,0.326388582880897,33.8163587255508,67.4343364212479,0.0482817235667214,19.3498494653435,11.6503528401074,0.838004038786487,0.27862113405649,6.58287145239312,0.0330990899981345,0.0215272900002365,0,0.011571799997898,466.393221448666,0,22.9347625161351,8.08992882088112,0.0393764311069616,8.00022506255962,2.51347190935675,41.5777647400396,507.970986188706
2022-09-01,2022,"Q3","2022/23","Q1","September",56.6057679413608,0.029349055424126,5.64604109768632,0.113589423693093,1.03357514161744,11.8929628301124,26.973221458584,5.02690988255258,0.386325720251263,0.864228662803193,2.53784769672445,0.255810612833295,0.876473203568072,0.969433155510609,5.60950993982093,0.25241111795478,0.0537307444265576,1.66829962375662,3.1145227045704,0.520545749112569,7.39761664098955,5.39850570764168,1.73399162907062,0.258068060969274,0,0.00022800002073839,0.00682324328724226,22.4419733708725,0.0144317350074399,0.98091739115475,0.801841149060203,18.4805925017315,0.213889307911236,1.95030128600736,22.2450044272284,6.04599639718372,0.809725736702786,0.624685728578539,8.32613992124208,0.0807207887665324,0,0.68712268730655,0.0409242523888033,2.04827018946594,0.164972190902068,0.000821392686606629,1.83459242396788,1.58103271803686,150.859582753415,1.32179657430379,43.7318183213957,0.476650288018084,0,0.0362699723660948,0.275907046059576,0,4.63536130015639,5.34189956823904,0,9.33246739699606,3.20896256386484,33.5568359158875,48.9132884765483,0.0283253295796847,20.2174521418417,10.9031650797063,0.333051418953507,0.320608092612467,8.66062755056939,0.288619006637182,0.265477478464079,0,0.0231415281731033,285.665526222166,0,22.961763330123,8.10749249370793,0.0398180764958802,7.99233246800395,2.51690579294056,41.6183121612713,327.283838383437
2022-10-01,2022,"Q4","2022/23","Q2","October",61.8117717370795,0,6.06534718943496,0.0383058495306784,1.32715081196888,10.5778564104089,25.4851967771348,7.10245014368287,0.720955799400063,1.51637153798141,4.80805416447482,0.700365390148833,1.41406875838398,2.05564890452931,10.3486910503516,0.138305402731309,0.0189881592959525,3.04426418160602,6.8137702811977,0.333363025520642,18.894824900217,11.5644207328158,5.87227150048117,1.44878946694084,0,0,0.00934319997917019,10.5612641345434,0.0174564193560986,1.20027987151438,0.201545687901533,5.77111431078655,0.442499505850921,2.92836833913391,35.0667268262026,9.10046379480987,0.994653024632198,1.04506440394204,14.4600577900289,0.0755249366643667,0.092484644005572,0.0576026203897778,0.00990908179605015,4.02144230690117,0.854330971147223,0.0105704369579209,2.99326929087524,1.35135352405223,149.55606203812,1.00564893515473,48.6414984315711,9.89598114902425e-06,0,0,0.375711461601552,0,5.87177177447909,12.9257306234825,0.000930210511241586,4.27214156367712,1.7703743911152,29.3580647988496,45.3054819839051,0.0286979677919102,23.0613546588402,13.8754136906664,0.42570242979704,0.380570678400792,8.37966785997592,0.0960814610694835,0.0871393721001684,0,0.00894208896931509,309.396776806424,0,22.9512567873062,8.09313469519862,0.0398574286356186,7.99531577383409,2.51431592028113,41.5938806052557,350.99065741168
2022-11-01,2022,"Q4","2022/23","Q2","November",55.1949322637462,0,6.03502945730068,0.00925677237623042,1.17012948084045,10.0098604124594,24.0032660372488,5.26209132417824,0.193940956479258,0.711054731644249,2.84298538980288,0.993175725983903,1.6491621781917,2.31497979724046,7.76463842553567,0,0.00772288321016142,3.85265341693997,3.77387096155777,0.130391163827773,6.88419229800888,4.82283145593473,1.53139167678892,0.0300444291995385,0,0,0.499924736085695,8.91324497000029,0.0190824981550199,0.331851667238351,0.266817466435128,5.98631852877693,0.172952084628053,2.13622272476681,21.6649190552379,7.75519904488938,0.307968349020234,0.916063386499943,5.63023631826311,0.0731224432733585,0.09179828768992,0.475140879561778,0.448815900610143,1.81584578668912,0.0804806765619965,0,2.7078928380991,1.36235514407986,176.779496860676,0.987299133904602,62.7630250202936,0.439040480682279,0,0.549908983753781,0.692776716870914,0,6.82113406119097,20.8546359875383,0.0624896525200869,6.87061862370831,1.34590022544941,29.219213683444,46.0296953605766,0.143758930743085,16.343491036183,9.24039056972919,0.590664821236828,1.68767558909435,4.82476005612268,0.632162505860823,0.101258289948548,0.52210276123642,0.00880145467585519,294.177077415249,0,22.9492608778548,8.09685200326256,0.0396839787461535,7.99595776813255,2.51489787419282,41.5966525021889,335.773729917438
2022-12-01,2022,"Q4","2022/23","Q2","December",56.8620811098266,0.0456324338610355,5.88148143214891,0.0124796595924624,1.75007808467121,9.97595214674573,26.0660621011618,5.51804063329907,0.502013130274934,0.860901587335148,2.07391829288914,0.183618820303664,1.41320694032451,2.57869584721895,4.55736245591309,0,0.0667409004413669,0.530065337811169,3.83586421776627,0.124691999894283,11.0413155422062,9.83597107197286,1.0572142656717,0.039488001691466,0,0,0.108642202870206,25.547735797721,0.0146477939582948,1.81110239080462,0.434660900316093,21.3831690634506,0.238655690139163,1.66549995905225,24.3419734284644,6.04207084069106,0.561623016196573,0.230846743927901,8.86804248143348,0.0353808499616777,0.0909783649174245,1.89527399635278,0.447138481380659,1.8358653931337,0.363092069667257,0,2.49573403388218,1.4759271569197,189.498432447988,1.28232826677432,63.0880859256599,0.130546160636414,0.41600000845733,0.0346299907497952,0.397561532891085,0,4.18967082062532,28.0764633195893,0,11.3552629306862,3.46763331781354,34.053586684309,42.9884580083885,0.0182054814070883,18.1960972918817,13.0814569970479,1.26447797339821,1.05274738589212,2.79741493554346,0.166808036018425,0.123392401655795,0,0.0434156343626301,330.211806110019,0,22.9540936650946,8.09915973072303,0.0397864946258841,7.99453533665686,2.51537319580484,41.6029484229052,371.814754532924
2023-01-01,2023,"Q1","2022/23","Q3","January",70.901154409578,0,4.61325130915059,0.00909986,2.13703751370082,15.7380355191778,28.4430754106183,7.96915748645377,0.246891339946098,0.500476076630732,1.79285751014066,0.215717307336037,1.01373735922193,8.22181771720128,5.63709186949149,0,0.03163035,2.71743539372777,2.88802612576372,0,7.65328855712945,4.69112492712945,2.96096014,0,0,0,0.00120349,9.94643951459077,0.01884472,1.83291389806829,0.618086489226872,5.64844305729561,0.11410847,1.71404288,28.9341365498489,7.54264656061433,0.682967484525622,3.15032854,9.49016222729564,0.01593133,0.378876127949238,0.43454933,0.61674327,3.58656562,0.29110379,0.06966407,1.71597088,0.958627319464091,219.944746138691,1.65874213,78.1776015088682,0,0,0.60246716,0.45354226,0,7.3390857,25.6621362,0,13.7608976002099,2.33396064961366,29.76292641,60.1525280499992,0.04085847,26.6862491318236,20.510848,0.319305299200366,0.936095,4.92000083262321,0.284680708840976,0.269878958840976,0,0.01480175,369.987786879994,0,26.12451,13.776345,1.601254,9.416333,7.688193,58.606635,428.594421879994
2023-02-01,2023,"Q1","2022/23","Q3","February",53.9236811018597,0.05907582,4.49447987955537,0.00675839,1.91844851645178,11.3366533468371,20.595898027329,8.98558188590474,0.53755175511848,0.478583118276722,2.04927372984293,0.0631535607415083,1.38440727498356,2.01381579681848,7.90566853726169,0,0.02767828,3.1561521691247,4.57082499910472,0.15101308903227,10.5566532588778,7.14597762291213,3.31725865871955,0.0918702172461485,0.00042735,0,0.00111941,9.12536385133038,0.02166823,1.40066096844566,0.540946026124275,5.83205563486823,0.09484747,1.23518552189221,35.5649437776854,9.74744100851677,0.86538218567739,5.25553755999999,7.97915176837281,0.01609888,0.64563888,0.94295266,0.00614817,5.17494257999999,0.63159784,0,3.68383582,0.61621642511848,176.203023414006,1.04498875,57.6097750978336,0.38153483,0,0.65201622,0.18535796,0,5.73554526,22.43898816,0.09399446,14.7221687777754,2.24168865839685,30.6589177,40.2564827900001,0.18156475,20.3587387992246,14.99936815,0.29893877484383,0.79166457,4.26876730438073,0.203231229754558,0.130861843630282,0,0.0723693861242756,313.84130397,0,21.351434,12.455558,0.728658,6.284972,5.217125,46.037747,359.87905097
2023-03-01,2023,"Q1","2022/23","Q3","March",73.6940844595701,0.30417923,11.0226949867546,0.0498875727231,2.52034480107387,13.477975810955,28.30852328205,8.99636879204922,0.170369767382579,0.567595795307003,4.72421698756395,0.219253032299317,1.41647691465019,1.91619748676132,6.16045458687318,0,0.03034711,2.69114327801772,3.1630930798845,0.275871118970965,9.43154671506459,5.60020565945496,3.78227104,0.0488401256096286,9.89e-06,0,0.00022,219.587964925702,0.17216613,1.0442716114667,0.494947436157131,215.885661765425,0.158069192653501,1.83284879,107.321335993403,34.2930823211922,0.954311754614112,2.0311272,10.2496509863533,0.0352912,0.829842084039283,1.26813815,0.00669545,5.07753879,0.45515007,0.0146667043872759,50.73339089,1.3724503928164,189.638447192124,1.77536232,65.4352009051343,0.33781503,0.05749279,0.00112996,3.25351633,0,5.8140194,19.14999567,0.00016816,12.8994824048575,1.11559568213279,37.37724534,42.249490669999,0.17193253,21.7750650968783,15.09797444,0.288546095007472,0.23919624,6.14934832187084,0.356121050384074,0.292980843319065,0,0.0631402070650086,627.965020019999,0,20.362604,9.770973,0.97106,7.758082,7.689609,46.552328,674.517348019999
2023-04-01,2023,"Q2","2022/23","Q4","April",66.1515072744766,0.16122077,2.65548211,0.00647036,1.76559209239274,10.2969188547104,37.3985405928332,8.6042692580147,0.124573651548513,0.19660288873135,2.36000070491413,0.118216125773484,1.39955998077094,1.06405988478717,3.78140538957712,0,0.02273698,1.58311573957712,2.08769053,0.08786214,4.6779625582836,4.11180063166667,0.3111955,0.249114596616934,0,0,0.00585183,134.373103051046,0.04127394,2.3289226368968,0.338778176126016,129.450372059573,0.13727128,2.07648495844994,104.771273941696,26.2149198840333,0.481301033659068,1.58872751,10.2122132772481,0.0151194,0.604167862182452,0.45962297,0.01540774,6.55573528,0.109707789577117,0.08688385,57.6730678,0.754399544995753,159.017327726925,1.47870911,58.8435208835195,0.10476165,0.0275,0.30755676,2.24782846,0,4.40180845,17.92751758,0.00504569,4.00966351805556,1.10537113534983,30.71833103,37.7724415199997,0.06727194,13.7465632679971,6.91952855,0.888418726194051,0.70473482,5.23388117180305,0.23974029,0.22422311,0,0.01551718,486.758883500001,0,22.955917,8.736405,0.833954,7.298491,1.572371,41.397138,528.156021500001
2023-05-01,2023,"Q2","2022/23","Q4","May",75.7638805261432,0,4.64312208187301,0.0079619,1.28585325082232,16.2006292929964,30.4245284977981,12.4632390268776,1.19575824582694,2.14020833128199,3.44256767382586,0.408426661972046,1.51874072106287,2.03284484180606,3.92424819550878,0,0.02743448,2.06507892686137,1.79035347864741,0.04138131,8.74318739849079,8.34364061957824,0.385046308912547,0.0119765,0,0,0.00252397,117.203017092404,0.02753975,1.02448384449356,0.632657308718116,113.199232239192,0.09079667,2.22830728,115.922895158198,66.7889828189744,1.49756117927612,2.22243768,9.25287531046041,0.10989912,0,0.86116474,0.02480678,5.38448448000001,0.748948121715342,0.00164071908930223,27.94192086,1.08817334868277,199.365180281868,1.23266251,72.9484558997,0.15673732,0,0.16738354,2.63512352,0,4.93440365999999,23.3225401,0.10449162,5.53503565903731,2.4324151431302,35.48008079,50.2607866200002,0.1550639,11.8989850480404,7.92367646,0.421685726221189,1.30554167,2.24808119181917,1.10321357934753,1.03467493,0,0.0685386493475282,533.92460728,0,27.983763,9.202219,0.907646,8.369913,1.882099,48.34564,582.27024728
2023-06-01,2023,"Q2","2022/23","Q4","June",82.8612472470539,0,5.79162494645114,0.0620304059904369,2.0883124304905,15.1392079834873,36.1229523061452,13.4832237948497,0.02594989,0.936571356247819,4.25939105531534,0.375386460435449,1.54356239591807,3.03303422172292,5.06098433927638,0,0.0678726,0.316536867971311,4.48197664531463,0.194598225990437,8.325638077328,7.42291516982704,0.505783614239561,0.274659163261397,0,0,0.12228013,70.9810950792472,0.012755,1.48713954584699,0.837741619819095,66.3773418875907,0.10045969,2.16565733599044,171.275399616711,114.128750582721,1.86978360768442,3.27268153,11.3271282598665,0.05646539,0.0513982059904369,0.8747832,0.01205883,2.52932002,0.664191525990437,0.01709548,32.07934905,4.39239393445792,187.425672590302,1.2763467,63.924843493882,0.21595997,0,0.00451772,3.84067761,0,6.09293139,16.2332677,0.0536468775025185,14.3929898705057,1.21880112841116,33.14831594,47.0021416700002,0.02123252,18.1709477500806,14.62654447,0.762408463961747,0.68091041,2.10108440611884,0.39034257,0.35909385,0,0.03124872,544.491327269998,0,22.226758,7.845706,1.172351,7.92705,2.020529,41.192394,585.683721269998
2023-07-01,2023,"Q3","2023/24","Q1","July",87.2667320237948,0.29207893,5.57172933306588,0.02212366,2.19281793166904,15.2106892951398,41.4770390353308,13.3462033874338,1.3643878198002,0.13030875,4.63237789215214,0.22541953283789,1.54160820464419,1.25994825172107,5.49690283275279,0.1321714,0.07049132,1.3859237017394,3.00546708883648,0.902849322176913,7.64991754765822,6.6942238549167,0.732231292741518,0.21482727,0,0.00610624,0.00252889,61.9721951396364,0.01447242,1.42579740625636,0.37158294757361,57.6665376158065,0.13356102,2.36024373,128.82822769911,75.5525888924955,1.0056193176156,2.12964220012771,10.4982894260773,0.00364159,0.00033636,1.05654042,0.01074971,0.64190489,0.386298854644675,0.00437467,36.51765848,1.02058288814918,200.473220345969,2.70630719,55.0881170617732,0.23176647,0,0,2.15715909,0,6.4332643,22.7281976,0.00384835,19.9210213996841,2.12789941451195,37.08365018,51.1385385899999,0.8534507,32.3645403710782,18.14673791,0.293843076870641,4.09322147,9.83073791420759,0.14955522,0.12367543,0,0.02587979,524.20129118,0,21.950456,5.982781,1.269568,5.040071,1.1383,35.381176,559.58246718
2023-08-01,2023,"Q3","2023/24","Q1","August",83.7211998092486,0.06671184,4.75561509164026,0.01051758,1.58818518390113,17.434756989568,38.288092568642,10.9714485922077,0.0588350019505674,1.28130368666332,5.6401765998373,0.144171284388777,2.09964626926452,1.38173912118503,6.1905828605698,0,0.06959321,1.37304214285905,4.59398636576018,0.153961141950567,7.53412044746824,6.4863109204609,0.651635725334,0.396074881673344,0,0,9.892e-05,151.520484897588,0.14454126,1.73133829950567,0.901980604858383,146.632703569473,0.269404654178021,1.84051650957248,137.242183081853,99.5035081621108,1.75517356551268,1.21211249310621,7.75370885118562,0.48768873,0.05075002,2.35744238,0.00576276,2.75852233171492,1.08478689195057,0.00118302,19.27827621,0.993267666272204,218.832570974902,1.9475404,64.1996630420347,0.2615248,0.049823,0.00784506,1.60068543,0,6.40020631,24.56674403,0,27.3951233873418,3.57833270552571,40.281725,48.47881268,0.06454513,31.4617299723249,15.37255723,0.11737328,6.00640058,9.96539888232491,0.353629107760186,0.312263627760186,0,0.04136548,636.856501151714,0,30.300717,7.355803,0.921186,7.720612,1.920366,48.218684,685.075185151714
2023-09-01,2023,"Q3","2023/24","Q1","September",83.958546256826,0.32444637,5.2112328328066,0.0055731,0.947241,25.000746299612,35.1899388454865,9.1264240238783,0.306420376909871,1.16069482206847,4.32184743104555,0.268011254158122,1.30380766938668,0.792162231473886,4.01088534334308,0,0.02395321,1.15616915804456,2.74194231147389,0.0888206638246288,5.80634543446962,5.09851377446962,0.53665128,0.17118038,0,0,0,135.93862952823,0.01155055,1.43010749736943,0.32181306,131.910131361869,0.17744549,2.08758156899138,121.904241433863,88.5755050465998,0.901373855895545,0.11554493,2.49969313831786,0.00017014,0,1.52249348,0.00615472,1.0778467,2.06048848797461,0,23.14351747,2.0014534650748,183.436877747757,1.90049149,57.1722426029515,0.10082879,0,0.00200764,1.88603729,0,5.86506595,27.32063335,0,9.30388123884885,2.92996434595736,35.99805398,40.9457062799997,0.01196479,30.0116571274612,17.88099085,1.93259794435985,0.1054608,10.0926075331014,0.196698808051893,0.165575434629085,0.00361190342280786,0.02751147,565.263881680002,0,31.42002,5.970285,0.720877,8.247624,1.419776,47.778582,613.042463680002
2023-10-01,2023,"Q4","2023/24","Q2","October",71.5070544623758,0.44250654,4.86422616311777,0.05078904,0.83459703758339,18.3858183816746,26.4820992848945,7.287310994275,0.253316076807352,0.934218854336283,8.27149425165419,0.603912738236896,1.62647046257318,1.4702946372226,6.67477988839347,0,0.03632966,3.84933668808033,2.50778507579306,0.281328464520082,7.67093946107556,7.27999624107556,0.39094322,0,0,0,0,196.789908161157,0.169585192845473,1.02130504516678,0.45213190758339,193.155068597352,0.11566949,1.87614792820967,122.243739392689,85.350054817808,1.03717560445882,2.12648242,5.4105502210279,0.04705822,0,0.3534031,0.25017479,2.47498912,0.963842380660313,0,21.40732824,2.82268047873383,187.557858568183,1.81188171,61.364119968795,0.73905746,0,0,0.23430339,0,6.74176851999999,27.64911173,0,4.71801278119809,3.77777264818924,34.51099145,45.7522167800005,0.25862213,25.9240496861266,13.47624056,0.298767541776719,1.10659187,11.0424497143499,0.33125754,0.3058587,0,0.02539884,618.69958716,0,21.277005,6.610775,1.033249,9.444018,2.109052,40.474099,659.17368616
2023-11-01,2023,"Q4","2023/24","Q2","November",72.929864700261,0.422776696842165,6.5922840022148,0.07575832,0.56013344,18.0016879559636,21.747524311114,10.7663900312909,0.677363618816341,0.903550013895351,4.977131896807,0.0817639289474353,1.86810069092161,6.25539979344779,5.07515972384375,0,0.02239803,2.31355276121185,2.15466868684216,0.584540245789741,6.9266934167523,6.19324942238374,0.70887422436856,0.02419083,0,0,0.00037894,130.82973058612,0.0324276,0.519712445105511,0.5388693,127.711801659093,0.213318306842165,1.81360127507901,141.424816182418,82.2889085063481,1.29237807052762,4.37228037,11.0472021577636,0,0,0.31720071,0.57713257,3.72891728,1.16434379157948,0,34.38959145,2.24686127619931,158.795750138627,3.33790275,48.3451620143822,0,0,0.00071444,0.20875131,0,4.79625414,26.0065874600001,0.01978799,6.86657998755953,2.66716694668485,33.90093645,32.5417777800006,0.10412887,17.8092722781237,9.48095507,1.99918202684216,0.21107057,6.11806461128157,0.427303843855387,0.402436683855387,0,0.02486716,534.218590870001,0,23.323084,6.175094,2.949969,11.179457,4.047405,47.675009,581.893599870001
2023-12-01,2023,"Q4","2023/24","Q2","December",70.4445706702263,0.01197254,5.46375203022625,0.00322467,1.17255908,12.1786040870588,29.670703191448,13.1404868824887,0.28398708959276,0.907387289230769,4.45286232257919,0.01609865,1.59104632104072,1.55188651656109,4.37994443470588,0,0.0237571,1.62671458511312,2.72947274959276,0,8.05632915932127,7.36274634791855,0.397623481402715,0.29589007,6.926e-05,0,0,190.444795525249,0.02303393,0.582932337963801,0.660422045429864,187.179090521855,0.15095624,1.84836045,99.8532086906786,57.7390991210407,0.606725467058824,12.0209093891855,6.87574000144788,0,0.50129145959276,2.02146972,3.05814908,0.4436852,1.47170753714932,0.01890871,13.374948,1.72057500520362,164.367936324752,2.39506955,51.5370069284172,0.34497579,0.21833138,0.00339306,0.10113986,0,6.11284585,27.4305254099999,0,4.02820932733032,1.28461348900452,31.9502990800001,38.8894301100001,0.07209649,21.6598514258824,14.09752823,1.15751186959276,0.16962445,6.23518687628959,0.27849615918552,0.24725138918552,0,0.03124477,559.485132390001,0,33.34454,8.459977,2.497768,13.39225,4.408867,62.103402,621.588534390001
2024-01-01,2024,"Q1","2023/24","Q3","January",98.9953880912664,0.104073710907506,8.12480168126223,0.131900187378125,0.929912323993335,16.5385465674997,38.6485351946635,23.3458474383614,0.982272840319137,1.56665134321839,5.33200832756104,0.019926122587868,1.3403783781603,1.93053397535384,5.21320126666329,0,0.0110987766547354,1.16071594710899,3.78553268169928,0.255853861200284,8.92613398056774,8.47858244173472,0.384079135327028,0,0.00524912,0,0.0582232835059945,91.0176633949412,0.0142374404095513,1.30155855032247,0.711813653896131,86.7151198869722,0.186327376390882,2.08860648694997,72.3947615497904,45.2600974714919,0.579485977665164,3.98105114587995,4.55934916348155,0.00050093478820753,0.759675646625354,3.14584723558135,0.537296601176304,0.711307030227534,1.59198524210596,0,9.13491256037886,2.13325254038829,176.002095232897,2.75559546485186,47.3223265450056,1.04120005150927,0,0.00802582411958561,0.502332554649763,0,3.59805468719006,25.0505427908326,0,3.69018074966322,1.83694943221642,35.8697025870116,53.9653244434588,0.361860102387823,16.6754749216496,9.32613958415979,0.377792767924027,0.173663461218247,6.79787910834756,0.185238831178353,0.0957104829441229,0,0.0895283482342306,469.409957268954,0,22.9146673,6.7874748,4.3799339,13.2234039,1.9929768,49.2984567,518.708413968954
2024-02-01,2024,"Q1","2023/24","Q3","February",85.6,0,4.62,0.07,2.5,13.05,35.21,18.9,0.59,2.91,4.03,0.1,1.27,2.35,6.08,0,0.04,2.61,3.23,0.2,8.77,8.15,0.41,0.21,0,0,0,144.63,0.03,2.65,0.61,139.09,0.44,1.81,176.54,145.61,0.92,5.78,6.87,0,0.8,3.88,0,1.76,1.46,0,2.5,6.96,166.92,2.69,40.44,0.18,0,0,5.04,0,5.95,18.78,0.17,8.35,2.18,32.65,50.33,0.16,13.96,8.51,0.28,0.14,5.03,0.39,0.35,0,0.04,602.89,0,28.4470692,6.2689524,1.1514496,11.1225033,1.7135684,48.7035429,651.5935429
2024-03-01,2024,"Q1","2023/24","Q3","March",93.7771195135878,0.0197294056222622,17.0069038628086,0.00387123534553218,1.67202828637802,11.4380951014267,29.7604544003613,24.6092548393492,0.173648459846694,0.913353821356485,3.62137009181081,0.315194439397661,1.51544841107834,2.72776715880625,3.95817812632125,0,0.0467257317887539,1.04924485395008,2.62749232803005,0.234715212552365,7.19279845591162,6.6552399731394,0.532988337020374,0,0,0,0.004570145751848,265.523922003553,0.0156635909150679,1.89041373607577,0.549288818841638,260.868248187658,0.208470938734214,1.99183673132799,61.9636794640423,20.3169318512475,0.878835158260442,13.8731173241786,5.80154491752114,0,0.00843213115345842,2.62867365276872,0.00305813211774625,3.40199941781767,1.18719743124705,0.00292452436631593,10.643108026536,3.21785689682768,195.579785481274,3.19726405274014,91.2676544507063,0.354580974136975,0,0.0643065201721795,1.32312367197713,0,6.10862746312373,16.2757279731738,0.000245442193007108,3.61257727558719,2.45181965640456,32.322988075759,38.3103533145398,0.290516610760318,13.8509939402442,7.17084066322119,0.421610470162364,0.724829957896202,5.53371284896448,0.199840745453923,0.0846912124971111,0,0.115149532956812,642.046317730388,0,28.8982756,7.3456868,1.1608472,10.2091997,1.8191799,49.4331892,691.479506930388
2024-04-01,2024,"Q2","2023/24","Q4","April",93.7798989016753,0,10.2755361290784,0.0184337966493327,1.01581551590024,10.9031556477533,43.0391879924813,13.1067207870939,0.481299933056778,1.08726043591024,6.52959716968438,0.208946081782472,2.21356009181845,4.90038532046651,4.42559684988951,0,0.0335036847648948,0.488259225732262,3.70259738923368,0.201236550158671,10.4028844676032,9.23226924142703,0.701743512764413,0.425339429892962,0.00494926052216138,0,0.0385830229966259,165.122705009062,0.0238872341565056,1.51080806093563,0.863147564923898,160.665361305985,0.203017776032196,1.85648306702846,164.157575913483,75.3348718391234,1.07950943788206,26.1641762316342,7.2933275781506,0.0258996386135205,1.56470595203845,1.83166480116093,0.0342370050063632,3.99261989716935,1.79134814203983,0,41.9691640128436,3.07605137782089,152.385535854332,2.46647469870911,35.0830322300396,1.81091561816981,0,0.220482495199298,4.4248141109051,0,6.14090113775787,19.8982363425606,0,2.03801242297721,1.01363257040817,34.7708259541503,44.4261396941859,0.0920685792691169,18.1477603389915,10.7898350305554,0.399681084560435,1.13125363514788,5.82699058872776,0.286718242033149,0.247495549410585,0,0.0392226926225641,608.70867557707,0,26.7533373666667,6.80070466666667,2.23074356666667,11.5183689666667,1.84190836666667,49.1450629333334,657.853738510403
2024-05-01,2024,"Q2","2023/24","Q4","May",113.844141322211,0.0908451673297449,8.85067703549662,0.0174448799958395,0.984762578412253,16.5973295523327,60.9603369814501,10.3757407197433,0.419858337857389,2.93289861334041,6.812312124056,0.227772249576539,1.70522832891622,3.8689347537035,3.7174463477442,0,0.0491771235405778,0.120285929219648,3.53947730647733,0.00850598850664378,13.0148293616492,11.3308243404027,0.957336377992607,0.725242631084492,0,0,0.00142601216943599,302.907657728346,0.0179053490911928,2.16208139036008,0.59202636302951,297.72363717852,0.187087309722547,2.22492013762256,209.196718075207,121.9704224478,0.8952786388472,12.642363619107,6.19523667573218,0.011950286033752,1.05517910220167,1.50794993655251,0.0811391832436228,2.44828483501053,0.805024642837662,0.00194456145825207,59.6586840806615,1.92326006572094,165.016357674229,3.15763571506263,43.6179922482179,0.110592610708064,0.0861683238422134,0.00294395680890345,0.260765214395299,0,5.50384600670879,16.6538990755298,0.195725095561276,3.26325103778978,2.97497950613637,34.9687781999485,54.0618964938762,0.15788418964337,19.0177968096035,8.36498605575474,0.412409435891299,1.78732226070676,8.45307905725068,0.595701923919075,0.540821544534308,0,0.0548803793847674,827.310649242908,0,28.0328940555556,6.80511462222222,1.51434678888889,10.9500239888889,1.79155222222222,49.0939316777778,876.404580920686
2024-06-01,2024,"Q2","2023/24","Q4","June",135.943776823798,0.00328615167080279,7.38975801536478,0.00690378888440007,0.667538177424408,22.4729859694739,72.1572556797921,14.2742896658565,0.491615208455355,1.94390030712758,9.88684364140599,0.371698157116294,1.98407610642855,4.29362595479765,5.23185048183795,0,0.0884657539205758,0.347340448077753,4.65158627337463,0.144458006464992,13.0758004933216,11.6275132135934,0.930791389184169,0.517495890544018,0,0,0,177.245910093863,0.014928587281017,2.37355209735754,0.681837930120642,171.751627751577,0.140418168701501,2.28354555882497,137.674575283415,22.2186363228352,1.86804143264372,20.8258676652833,6.02362166881953,0.012864308987025,0.0649857993875187,0.116043294949553,0.424734986122552,1.38492870874148,0.564399315981584,0.161745747047435,79.9568256336668,4.05188039894966,162.649526125394,2.49071909990269,43.318790409367,0.61246108359523,0.0944662213990776,0.0083613312381622,0.144252259217092,0,8.08987575172939,18.1797211682042,0,11.5235368737454,2.64489687664309,35.9832434690782,39.3757868199117,0.183414761362981,19.3247256272453,9.38653351274244,0.450383292343998,1.57861061952706,7.90919820263176,2.09119211113293,0.281027423860826,0,1.8101646872721,653.237357040008,0,27.8948356740741,6.98383536296296,1.63531251851852,10.8925308851852,1.81754682962963,49.2240612703704,702.461418310379
2024-07-01,2024,"Q3","2024/25","Q1","July",174.099700752714,0.389950647010171,9.00236673601389,0.0136357482092207,0.490895091456401,36.9276359436405,88.5936041229592,17.1254911839759,0.415718084157511,4.18610715441585,8.83231859859035,0.328525521104685,1.9770851397592,5.81636678142083,5.1536261592122,0,0.0952366078011168,0.418842491273224,4.4010590936686,0.238487966469256,11.8776197839208,11.3509208702285,0.513034740641865,0.0132761730610174,0,0,0.000387999989430097,238.05819276169,0.0200249782656375,2.77660105115284,0.552129500517976,232.103314952562,0.207474289768598,2.39864798942333,122.730806593132,12.6786308043081,3.30632057517202,13.2052705241871,7.18324885350131,0.0287204842072441,0.187602759048127,1.03493689741645,0.0198468555860615,5.94399894485946,1.65887991818453,0.00708926679227234,72.8686440185185,4.60761669135048,179.729645299313,2.40837021723182,49.988079836211,0.820341006138471,0.033295312248139,0.00430505402694797,0.144859096326166,0,6.25405082936963,19.698643750513,0,12.165980339183,1.46465721111831,45.1302624260022,41.5965306569796,0.0202695639650876,31.6239461329533,12.4083495693091,0.372316177999698,1.00619702960286,17.8370833560416,0.262413558594821,0.214957275184019,0,0.0474562834108019,763.53595104153,0,27.5603556987654,6.86321821728395,1.79346762469136,11.1203079469136,1.81700247283951,49.1543519604938,812.690303002024
2024-08-01,2024,"Q3","2024/25","Q1","August",184.105804522636,0.00141679668192466,12.3007104045597,9.98458083510627e-06,0.898328931618422,51.1278067010102,82.0343942549529,21.2107789839706,0.58985950346325,1.33488611607324,9.71729036010467,0.33738720072343,1.95984040915557,2.59309487574158,6.60645280900161,0,0.102517576537081,2.16182674437936,3.89576218032122,0.446346307763947,7.51082713888245,6.76498366974576,0.599917866372109,0.142833311541147,0.00108830749145768,0,0.00200398373197516,260.946962471386,0.0264259367760514,3.24358885255681,0.289288834268154,255.138686936933,0.283818752009191,1.96515315884232,104.612157068619,17.1391023007014,2.02042002881356,7.86689101578449,4.78966109415714,0.145435821352589,0.0257509555046956,0.81873535421099,0.136842200159027,0.197094084574388,1.32461598134154,0.000416352642210904,65.2760621215052,4.87112975787167,181.481822027997,2.64997516166055,48.29075929872,1.36498618292395,0.13613629762749,0.0636659945629983,0.193150636107709,0,5.94716446602074,29.2432348392927,0.00639006296606709,12.4986665776514,0.697852222577173,46.0381193499618,34.3316122086352,0.0201087292888918,35.9995684878696,18.6683278752928,0.420537665960557,0.697945402779533,16.2127575438367,0.157269357979541,0.0728320809417399,0.0164743810843917,0.0679628959534094,781.420863884371,0,31.0692425,10.4780024,1.0759818,5.881406,1.3417567,49.8463894,831.267253284371
2024-09-01,2024,"Q3","2024/25","Q1","September",126.105116232683,5.97998178293592e-05,13.0159540257987,0.0173130451736276,0.072338049846608,27.2175747698111,59.5071773229349,11.3258653574081,0.339278663197577,1.75665486005457,7.95435437108831,0.0555768514958618,2.17320876565143,2.66976035040485,4.48428807827668,0,0.0444801842632703,0.504877303060896,3.45338338299088,0.481547207961632,6.82806505713534,6.30027985822477,0.527785198910575,0,0,0,0,247.628173066661,0.0198164385382331,2.40961981257592,0.461235963943735,242.097104939307,0.137212561227706,2.5031833510681,76.3992649113371,13.6707711358728,0.90788019160428,10.6988286206473,6.00517150357655,0.0140245559822874,0,0.47014860451576,0.0718214365074702,0.0627207105885872,0.90503653557638,0.0815697938039728,38.9998890254846,4.51140279717713,157.267711567228,3.7607047766711,44.543432567652,0.252166941846366,0.0205965880744187,0,1.26463851776872,0,6.27117147494189,25.8682870180674,0.19754283482274,5.20841395008865,1.24898638052738,37.684496340137,30.8185867600139,0.128687416616415,24.4656742545249,11.505863880427,0.58305524766559,0.961549409489827,11.4152057169425,0.313469124854944,0.0996263613078149,0,0.213842763547129,643.491762292701,0,30.7834649286377,13.8379021004535,0.589854633888999,7.08001013838089,1.819488814801,54.1107206161621,697.602482908863
2024-10-01,2024,"Q4","2024/25","Q2","October",113.498009644208,0.07164785288837,6.86773222380389,0.188561917241067,0.66290485671282,28.2180246656191,57.2747425380774,10.6672940557168,0.157464499149644,2.13117599893566,2.73751002348262,0.189469765048459,1.91657065813194,2.41491058939984,5.22694366241115,0,0.0457268403010257,2.10477916601944,2.76869181554594,0.30774584054474,5.84331061200528,5.4238978716291,0.41941274037618,0,0,0,0,281.717778149306,0.0177178202415705,3.12962092769545,0.905666431378603,275.498016319236,0.274462021847092,1.89229462890706,106.403014084306,14.0011804910625,1.67643175188745,13.7141586400278,11.5675886642686,0.015774275690297,0.0806182816893864,0.177889930099896,0.597586931894266,2.6473482364284,0.70413357658081,0.00195384263102922,54.6463349583545,6.57201450369153,162.342416706425,2.41834207946061,44.9260507315182,0.36913981065374,0.0884037057768017,0,0.231783527143201,0,6.96109849058261,25.9917626931213,0,3.01085332242873,0.861363278682475,40.255830070402,37.2277889966553,0,38.0836865807181,19.3360975355592,0.460996954669381,1.18484471624843,17.1017473742411,0.843689943936083,0.735954176775741,0,0.107735767160342,713.958849383315,0,29.6484182841812,14.6778269887347,0.6971938912446,8.12913218003502,2.5042426002357,55.6568139444312,769.615663327747
2024-11-01,2024,"Q4","2024/25","Q2","November",87.2718124229501,0.0265713996146582,6.94808076392601,0.00258258618026519,1.25621888216902,9.8103053480121,48.2763771628997,9.08102178276165,0.213832449196934,2.00628089661629,2.89270788208567,0.334296837610022,2.01464031060417,4.40889612127365,12.3493350081391,0,0.0591017207599526,9.61510015694059,2.57685053237456,0.0982825980639943,11.3851488106024,10.412275475406,0.564211239856201,0,0,0,0.408662095340198,238.134667094448,0.0206251916547207,2.1101394260169,0.957615749359726,232.422123394181,0.20242471526165,2.42173861797448,92.2391750057449,11.831162409028,2.78954733728249,8.55581060963679,9.09259447888335,0.0147520065144991,0.0944194783934737,0.157830369109784,0.0446009630836018,10.6427637830162,0.71239859277064,0.146485537757809,41.9255322589649,6.23127718130332,161.233365936951,2.63703417367574,50.6122312790926,0.401936274974731,0,0,0.441351816011468,0,4.59690679481948,21.1251848806873,0,4.23837965601441,1.63805221475201,38.1173499964387,37.3638784187501,0.0610604317346073,37.4348306129232,19.3821930119924,1.61148605501198,1.04183738791349,15.3993141580053,0.771485271449116,0.726987260756016,0,0.0444980106931004,640.819820163208,0,30.7055274681084,15.4854218218716,0.6015618788762,7.71484708005211,3.13161672198069,57.638974970889,698.458795134097
2024-12-01,2024,"Q4","2024/25","Q2","December",111.924224834612,0,10.2405689639406,0.00949615559353569,1.55474232782651,19.9128700040196,52.7775795026266,10.6898569719057,0.316171048947758,1.62516355966839,8.78748684882945,0.345829878415192,1.71939556503568,3.94506400780283,10.8494051516393,0,0.066335435808472,8.56689312497343,1.81799921362633,0.398177377231024,12.370415604913,8.94890159725703,2.90754511299403,0.109799299050256,0,0,0.404169595611678,271.94340204404,0.140511844049499,2.01269315119987,0.955379624419632,266.590196320876,0.204934208078229,2.03968689541663,93.9836393353803,12.2739970634335,0.978828824112852,3.89112763153625,9.75948163970323,0.0382780117582156,0.00791346299461307,0.549037922138329,0.207353503396577,19.6558150893495,1.02392623917727,0,41.7834340306774,3.8144459171026,160.944601014448,2.62057164369666,44.414533570369,0.508635530140959,0,0.0394199267680592,0.419350586829068,0,6.29666485489228,22.9952719645551,0,5.48727956989893,5.89162006669168,44.1660367549947,27.2759248720238,0.829291673588125,31.0699164503954,19.5258864516498,0.576547296624191,0.525447016907167,10.4420356852142,0.513480354526974,0.456197505620585,0,0.0572828489063886,693.599084789955,0,39.1749514782003,15.2335836379211,0.4381345048369,7.74275350419799,4.11729400948258,66.7067171346389,760.305801924594
2025-01-01,2025,"Q1","2024/25","Q3","January",144.884632920986,0,24.795173744292,0.0118039850859543,1.900590142398,18.9390997094696,66.0317131038469,17.4178282013219,0.577113765517609,1.97508896315578,7.98751235936636,0.665776697241854,1.39123096997359,3.19170127931647,9.82177600542852,0,0.0495785723483694,6.26385992680005,3.35164613196956,0.156691374310549,25.6607355668569,16.1150328511383,9.21541839469267,0.00593487392677659,0,0,0.324349447099101,283.482701745748,0.0238194861972377,0.837891895317441,1.47548361214588,276.598922674371,0.485235979818788,4.06134809789819,129.330092290575,17.3907573173958,1.08045970940691,16.2906537808356,10.0338729114165,0.0151267298851816,0.314558151681033,1.66947705060139,4.06666956973121,18.1504403695122,0.366366196854411,0.00273004211486068,58.0026332803249,1.9463471808154,207.548290458979,2.41446935777943,43.1157653874425,0.247390434404931,0.0481456032458781,0.0393274419563872,1.0522553852468,0,5.01225377564243,27.9786431892266,0.224004979696815,15.1128403894248,4.04407753633581,46.9235840179144,61.2275791021093,0.107953858552472,20.5326492498206,12.5434581997457,0.464245093072759,0.434664575630571,7.09028138137152,0.378123372924491,0.331728586541096,0,0.0463947863833953,821.639001611318,0,23.6289244411721,13.4915277238699,0.969077165805817,5.23315008223873,2.0615043280665,45.384183741153,867.023185352472
2025-02-01,2025,"Q1","2024/25","Q3","February",165.625588547877,0.0713560940340456,16.1726350407704,0.0988480021293838,1.36170142443741,22.4718832305792,86.3808922391277,19.6084540114867,1.23929876162293,1.35387630236205,6.81416049502029,0.778220016989754,2.36417683925623,6.91008609006095,18.4957913146335,0,0.0464708792809455,13.316410605263,4.61799768932664,0.514912140762988,27.5872817772603,17.0517677664381,10.3345080406619,0.113462616182039,0,0,0.0875433539782549,277.082562600064,0.0183137120139113,2.96777794738476,1.13143727929865,270.186237465534,0.207886608519016,2.57090958731354,114.072140617877,16.9676070212156,0.784411941276803,2.91248023578334,8.04725860285447,0.0333197653938148,0.193092128200145,0.585423940038864,0.17699021009694,22.6071719808896,0.660909735046709,0,57.973256380408,3.1302186766723,169.90996066776,2.61154402716314,41.1982117430201,0.414015544470856,0,0.0511549813731816,2.12825453941534,0,7.14282922102415,21.2633012635294,0.0296184226919466,10.854457676811,6.83434837911296,39.4429059414142,37.3462055199377,0.59311340779634,23.1924219440975,14.84829206153,0.232663027202882,0.714430852593601,7.39703600277104,1.44634225195792,0.679629213409743,0,0.766713038548173,797.412089721527,0,37.8540961449415,10.12310598737,0.779890415012181,6.76551550511503,2.15147053986368,57.6740785923024,855.086168313829
2025-03-01,2025,"Q1","2024/25","Q3","March",176.008797399677,0,13.4830284901009,0.179920449787541,1.71343380179294,18.5299799515992,84.0937580206749,31.0113433345838,0.920202404776334,0.720119515426376,12.9821273621423,1.21534323747786,5.96078069545795,5.19876013585698,11.0141211689499,0,0.619587348827504,6.55688947652893,3.49798647546098,0.339657868132485,22.1107819911206,19.7148259996628,1.33578595993698,0.528188335465869,0,0,0.531981696054936,337.430749912104,1.19438068739333,2.34454663417717,1.41203647170389,325.962224777324,0.995393232859483,5.52216810864617,152.128064663137,19.9189167328431,3.73159694775577,14.9429485818247,19.350125432859,0.0138606391894157,0.213422153216999,0.273852308424302,0.109039731245792,16.9350889948936,1.68183571942987,0.00719534233021362,71.1978306298901,3.75235144923406,211.862127116956,4.02130341128456,18.7147018448798,1.33527849820672,0,0,2.71109596433975,0,0.187332363533592,5.83211372345032,0.0674441440382192,11.9662558953949,4.301086624007,62.647368106056,99.8901199391722,0.188026602593366,18.1049951440636,3.71894876077114,2.13683919738529,0.230677285580661,12.0185299003265,1.04049797482458,0.970387787763727,0,0.0701101870608548,929.700135370833,0,42.3071782676066,11.2123538730465,0.789141825272083,7.37428208067441,1.596315282195,63.2792713287945,992.979406699627
2025-04-01,2025,"Q2","2024/25","Q4","April",205.362791543014,0.00226726626410306,12.4898814446078,0.346535999818506,1.77133334054477,29.2913369135806,95.8156771570158,36.685388233333,0.807199577166098,1.45692150284901,17.2000067919514,0.24045599767378,2.55826432719755,6.69752299101152,9.28333328239887,0,0.0421852430764906,4.49247648745159,4.33245289404542,0.416218657825377,18.5724175216864,17.3801961858543,0.744508387874594,0,0,0,0.447712947957564,395.866277799496,0.0578643183962977,1.3700469739214,1.88687190742043,389.846736388014,0.253009795025771,2.45174841671725,177.871882401682,16.5026733684417,1.6365077530743,28.786266926586,11.0118877015259,0.0488642120590125,0.197611232201959,0.0200698907705115,1.29697783433131,29.8778368549063,1.94937213429071,0,82.2814326944195,4.26238179907505,220.351279008867,2.37754455189788,64.722666361786,0.259242613807371,0,0,0.111780344519974,0,5.67447103195502,26.994797092853,0.0204804358966711,10.4356834003864,0.886106194208102,54.5679044537911,53.9489427375797,0.351659790186089,35.6303941505967,18.0326773877374,1.31881979671068,0.443842559022635,15.8350544071261,1.04600454530295,0.785765388069449,0,0.260239157233506,1063.98438025304,0,41.2277958071775,10.7634572496485,1.02814060336775,7.27947597612169,2.64692012454844,62.9457897608638,1126.93017001391
2025-05-01,2025,"Q2","2024/25","Q4","May",228.662205537583,0.0307455402705922,9.91936061683966,0.0324939668461167,1.69284166360504,29.0749827760773,103.306620809569,51.3800143279367,2.08707913882299,2.60336447643365,13.6032551773538,2.10937988891912,2.53619874196293,10.2858684129455,5.30826711775438,0,0.0652664834911607,1.14273523082995,3.12592786264477,0.974337540788495,7.77651696925734,6.74794477757472,0.360237225450908,0.0983857288658949,9.89256173701347e-06,0.000755999924091058,0.569183344879988,411.585663138096,0.0182189205794834,1.9990770050546,1.12926848656138,405.203762068914,0.834885761589812,2.40045089539624,186.028076204371,11.6321259009175,1.90414493496564,9.86697793408393,10.3883973104181,0.0618050723439326,0.19677145773179,0,0.126978930930996,46.90684817073,9.51011771771598,0.0967788245567984,90.8822355470801,4.45489440289589,234.97837546174,2.3623011075688,71.2301481129241,0.203371734799366,0,0.181461620805751,0.455683559749826,0,6.07752225954976,30.4869633718428,0.146404565109539,17.9346632577231,4.17426403614621,59.3317025167659,42.3938893187549,0,57.4953624853407,25.2520361989186,1.95371259623234,1.2854565033152,29.0041571868745,0.871310944150455,0.769124058562343,0,0.102186885588112,1132.70577785829,0,42.4366507588046,5.66867640435773,2.25419906085026,7.69328764099112,2.11137637529537,60.164190240299,1192.86996809859
2025-06-01,2025,"Q2","2024/25","Q4","June",224.889582794258,0.319150602424825,10.9031666633925,0.0140542439708829,3.63915085194813,40.5782246096536,106.872094338645,19.7338491303259,3.25213457733187,3.73060427685076,17.2112248069802,0.243611669734636,7.00323078568252,11.3890862373169,10.2406075305505,0,0.100982000342618,6.3478201077116,3.41026465728862,0.38154076520765,15.8482593781368,10.6844373981693,0.810142150560075,3.18945252903583,0,0.00126399959756035,1.16296330077408,401.695557769519,0.0189658230842649,0.837233387541594,1.13678960455639,393.835393300511,0.95415075030817,4.91302490351729,155.143696984204,14.6301681964823,0.935689030710107,7.37268119192837,11.8122666754447,9.89131410143111e-06,0.365548038522299,0.056577848960047,0.0222681322177416,10.9864822912956,7.12612274313497,0.00343621413052641,93.5597184578404,8.27272827222231,232.882723645969,2.48403034960274,60.042551831864,0.424029548043953,0,0,0.54589840302156,0,7.18343736755579,33.7399303491035,0.127535093009786,24.0277993727877,2.34384363553942,52.5508267597109,48.6901420620643,0.722698873665809,49.7278457925036,21.7249909377943,0.404843923134641,0.376203143923841,27.2218077876508,0.856957792972276,0.68247803650429,0,0.174479756467986,1091.28523168811,0,45.3192193573874,8.09683836756495,2.13575938762513,8.2773452662198,1.68157670289996,65.5107390816972,1156.79597076981
2025-07-01,2025,"Q3","2025/26","Q1","July",180.557320707718,0.000335321339689139,14.7186904852552,0,2.78393910856859,30.9198016904219,82.1147177708351,21.7117384573367,0.903214468263207,3.48442984215312,10.9888933491049,0.920656073788504,2.99987064466834,9.01103349598288,7.44406645374904,0,0.0947991661552646,4.6227448259867,2.14660748388365,0.579914977723422,10.4684814815916,8.26374226260592,1.642228494328,0.47969171270265,0.0471151701098078,0,0.0357038418452454,504.242889805712,0.0246158707977877,1.53520083340217,1.08388304248585,497.567535289562,1.25444523590506,2.77720953355974,142.012801393413,10.0434431854631,1.53854517094506,0.38590301779619,8.90715916088626,0.0447578128829713,0.929096227382926,0.116098803760062,0.107703173633753,9.56300772955928,7.1865779222294,0.0833109744442823,98.2326197882952,4.8745784261346,280.541754432102,1.61989781405644,83.395219156699,1.0378652218496,0,0,0.647578025859361,0,9.60342027135122,49.5587760841981,0.140243045080434,32.8961789422165,3.00681237842889,55.4182675988989,42.8860176701972,0.331478223266641,82.7139200373632,46.0930864055321,1.09308760803282,0.91638079319281,34.6113652306055,0.951386982670226,0.861668666753995,0,0.0897183159162304,1208.93262129432,0,44.618557526512,7.89579029909459,2.59762099000311,7.64879690193009,2.58218866817823,65.342954385718,1274.27557568004
2025-08-01,2025,"Q3","2025/26","Q1","August",145.098821405899,0.0858433771586819,10.2646974507872,0.162543008215351,0.367514447251932,23.7280453060479,64.8298158574753,17.0617270967377,2.34995963915103,3.8898697205282,9.83453401688557,1.05244944909977,4.8941664677862,6.57765556877392,5.82985414437513,0,0.116859336803714,2.49066060663066,2.8687372843554,0.353596916585359,7.36046289156354,6.20321491129768,0.980963345341265,0.174031266428557,0,0.000843999844788927,0.00140936865124349,438.482998550779,0.162135316345956,2.54201261941786,0.673684826740539,429.865469011325,2.09710745701396,3.1425893199353,146.351625975834,10.4721941000348,0.989213671954305,2.81770350831727,6.89004671797999,0.00694704607288515,0.694522569174181,0.691692629134332,0.030646245598381,6.00198123304111,2.86062283328431,0.116911371982738,107.751459790489,7.02768425877081,206.198271886393,1.25392233179882,46.4917879515489,0.397763183009,0.00091177887445355,0.0056898561248784,0.532756790393814,0,4.88532353399886,27.7435387570931,0.199254846327179,28.9586513212259,1.87289635002028,53.6252771883017,39.6286336325209,0.60186436515494,36.679880175946,11.5539881955243,0.819349178091196,0.650704276619392,23.6558385257111,1.10951068360773,1.07348466993002,0,0.0360260136777032,987.111425714397,0,51.8965389242538,8.937020248024,1.78727590464105,8.59212542263393,2.95688947303605,74.1698499725888,1061.28127568699
2025-09-01,2025,"Q3","2025/26","Q1","September",144.365990881351,0,12.3026434963928,0.436892346649393,1.5296201646724,32.1396489433904,61.5207836971018,15.8959064816995,1.61351256150247,3.49257441907894,8.90557262207454,0.577545907158091,1.77223217502142,4.17905806660903,13.5914983792418,0,0.0317149999436124,6.47068510892433,6.47865942561517,0.610438844758678,12.3058153896971,11.5770492948231,0.724570095009305,0,0,0,0.00419599986466979,312.629813912551,0.0258773347279863,1.34956814602589,1.12794719373987,303.688397769952,3.30931798857482,3.12870547953094,158.608272588331,13.3311438926852,0.362902901096324,3.82212962655015,6.08702443220851,0.100288372879827,0,0.370899900757849,0.0667619992782389,4.84434078183438,5.40917254140568,0.0680839994586792,115.723086557247,8.42243758292905,188.901191165195,1.45618713361339,51.7233925283544,0.229191039730693,0,0.225581001894623,0.301141574566943,0,3.58579737076052,20.0280720414549,0,16.4521715551765,1.81349679834375,60.5536551194912,32.3720490018873,0.160455999921057,53.0206744735092,10.6574092286454,2.41970806513855,0.412878000506813,39.5306791792185,1.2435027089584,1.215979709308,0,0.027522999650397,884.666759498834,0,54.3436635687847,8.03204741911009,2.01435697042531,8.07559362007415,4.92289100032526,77.3885525787196,962.055312077554
2025-10-01,2025,"Q4","2025/26","Q2","October",132.46283027891,0,8.20121511689179,0.197850437416598,0.119625018782106,21.949512875951,55.9863043650609,15.7016745388081,4.00774650778532,5.97797132880116,8.39288997860704,1.67867674352365,2.59602513444222,7.65333823284057,14.0180334941902,0,0.0211150034971601,10.8916622914486,2.83592807470151,0.26932812454292,14.6769153117356,13.0985398310177,0.867158964935283,0.199140030644376,0,0,0.512076485138179,734.644786129587,0.0157910429157334,1.7504487501694,1.24732922290646,725.656484869481,0.432517067733676,5.54221517638169,295.679961312908,13.1263107614342,0.474177952770793,10.9160616474195,6.23475607063196,0.0145570025635336,0.0863181180870379,0.328729048802536,0.421745065552235,3.74700554030944,6.06424930471979,0,249.497957047803,4.76809375281434,195.637739684889,2.34232925526536,45.3776375434089,0.689816094212906,0,0,0.774387111199664,0,6.43726148813007,25.727907565315,0,9.95907137685325,1.43543867509661,66.3462633096421,36.4111712469755,0.136456018789411,37.3946335090563,9.98598901879248,0.734637277182293,1.97666729796506,24.6973399151165,1.18172379310508,1.14865178827624,0,0.0330720048288454,1425.69662351438,0,52.8630470680709,8.78328372341448,3.87869286330658,7.97650585302436,3.34921790440288,76.8507474122192,1502.5473709266
2025-11-01,2025,"Q4","2025/26","Q2","November",159.915870409874,0,19.0547691601096,0.00491132809571628,1.82848689359628,35.0459844379315,55.6982377208826,17.8445328105442,3.30109706834644,3.33980276242143,8.84104608798736,0.636306300498379,3.40346030088316,10.9172355385775,7.74026032127559,0,0.034878675660907,4.40845823846359,3.14436960889474,0.152553798256344,22.628621369986,19.1508486206631,2.35304596437979,1.12151611435208,0,0,0.00321067059103288,508.359806387369,0.0128896825163084,2.62192302249812,1.09559241661247,500.541096778062,0.216944190564483,3.87136029711595,201.01542199699,14.0072022656558,0.169628227054709,8.43862695620868,6.9528498545078,0.00586258436493039,0,0.405608629663337,0.27335711396524,8.99437506075272,5.17391082835142,0.231552800291752,148.737671620903,7.62477605527058,192.68394029569,2.56728183799039,51.6075254897927,0.49979696166778,0,0.25949499954998,0.318369124837712,0,5.54669380988057,29.2499239827449,0,5.22658125495365,2.66438829898026,58.2298714099213,35.965394954705,0.548618170666014,33.9018019893625,13.9383441620559,1.1496579579886,1.39218370209817,17.4216161672199,1.38931783036634,1.34981099304334,0,0.0395068373230009,1127.63504060091,0,63.2328690268481,11.2872298508908,2.58055350496927,9.75614181226551,7.54626245567933,94.403056650653,1222.03809725157
2025-12-01,2025,"Q4","2025/26","Q2","December",165.176832898498,0.0047696534868234,25.5609336151042,0.199788059832105,3.66576704735588,18.6876257676164,44.0011364222841,28.1707057935812,2.9218125566582,2.78897662722828,10.1834743096522,0.319922546086819,16.5968785286227,12.0750419709896,7.79673619749995,0,0.0467683095544938,2.81337437742239,4.8176782802707,0.118915230252357,12.5488017188972,8.6301030541843,3.14347751085672,0.655021153856187,0,0,0.1202,677.340770195755,0.0189127753187299,1.95732522328533,1.79102142782614,668.467172950189,1.44669711628179,3.65964070285381,221.709465205131,9.98655182808556,0.384580273553551,10.0930170008087,12.8404830119767,0.002,0.0960175451730414,1.62230386184702,1.98334006820457,6.29377601076795,1.85579055021406,0.116814993694188,171.750872735033,4.68391732577259,214.266799471169,3.1760677269536,49.8064653125175,0.205611173360329,0,0,0.338845717296352,0,6.71574411066774,28.5125155844064,0.0995958387819747,9.8597202470802,2.44302435692066,66.3938058942276,46.3762957623038,0.339107746652849,29.2181318833312,10.144176821405,0.355920400479593,1.805260355885,16.9127743055617,2.15161963450492,1.63156109223351,0,0.520058542271412,1330.20915720479,0,80.196490946797,10.873067249635,2.52057892077386,11.5491962015605,7.91831065692502,113.057643975691,1443.26680118048
2026-01-01,2026,"Q1","2025/26","Q3","January",151.833188606822,0.101895003336365,17.130425811688,0.0725329984768158,0.457156155663233,22.2192564555825,48.0349595487635,35.781478060063,2.34828546494551,3.99725036329145,9.51297527151465,0.893835583065654,3.33537125204744,7.94776663838452,6.89453019592079,0,0.258025130739501,2.74519712662174,3.88558393855955,0.005724,15.2577465082039,13.7577677551412,1.01923522820054,0.230291525999597,0.0560520011149371,0,0.194399997747602,710.632725092462,0.130416346779211,1.50003289273306,1.51041325275941,703.528558947441,0.75563983610027,3.20766381664943,267.829381643451,11.1082972498448,0.67457800216029,14.6830823121805,12.9062145769506,0.0491899993524355,0,0.595246998820307,2.879465979216,2.45760497864445,0.27639700093193,0.0852931577776287,218.702943613888,3.41106777368394,201.499576268171,5.30175725979447,48.5018845370747,0.45815522370801,0.0146700005912545,0,0.393280001520369,0,4.01934032526318,29.905795429177,0.189919431318186,16.5468863949534,2.18779383291008,53.3025549578398,40.6000188727254,0.0775200012951289,24.5183281555239,10.2015200087451,0.607187420121737,0.665450012418213,13.0441707142389,1.16605882708326,1.09423322759286,0,0.0718255994903949,1379.63153529764,0,46.5995883680669,7.7078709081147,1.40175085427809,7.30470903417659,5.44255266927876,68.4564718339151,1448.08800713155
2026-02-01,2026,"Q1","2025/26","Q3","February",135.728952444403,0.108921068250584,11.9225133571233,0.204905733667985,2.37326300441619,19.9276094985104,55.6737387426761,20.7169632121891,1.04035212404331,4.14913752713154,5.95105973699853,1.02008818883695,3.39289211759288,9.24750813296644,6.26364354655466,0,0.0718422744876271,3.14547913869642,2.78432202759602,0.262000105774602,22.3666209288933,18.2195867179784,1.18367566877994,0.751267934769978,0.373638263734884,0,1.83845234363003,653.741109890449,0.0154269943791568,2.99515382851542,1.48691838820764,644.922626509571,1.0619496914682,3.25903447830797,229.879456177081,16.6188313890583,0.627524630945378,5.31628065307899,9.2675811961289,0.014975995120107,0,0.672320657492026,1.73826857544472,9.63132740869706,0.590443791109233,0.124922918536107,181.959370964039,3.31760799743092,209.382414493579,2.20009110229836,45.364820368721,0.604969546694963,0,0,0.260704912122037,0,7.08861249841132,25.216680573555,0.096243969798602,18.8400049324153,2.08389715007871,70.8259113905364,36.7464280677446,0.0540499812026691,41.657739974109,16.1960559926636,1.43300203610664,0.376793864551199,23.6518880807876,0.733662694613197,0.677463828308597,0.00149999947049772,0.0546988668341023,1299.75360014968,0,46.5805790763087,8.74700617136183,1.98684445384628,6.70832346112972,3.64744043703496,67.6701935996815,1367.42379374936
2026-03-01,2026,"Q1","2025/26","Q3","March",136.400286006557,0.00501040288533177,10.1063381359742,0.876374281988132,1.99715025059299,20.2534834355734,59.8992901451856,14.472169740873,4.00240863726237,5.61962205414454,8.24232691815071,0.758002723953308,2.39025509222084,7.77785418775283,9.70925369596196,0,0.179847996015172,3.30476325089418,6.01687760449279,0.207764844559814,19.0309228328077,18.1737727716589,0.729329065167485,0.121347996297383,0.00647299968392297,0,0,537.703324006416,0,0.922433500980729,1.00379296328602,534.828649821651,0.546815384972025,0.401632335527058,366.465109201713,16.3539876783982,0.16366816524646,3.56759540412923,10.9556063663811,0.0425070473889779,0.0312807645868596,0.233524998588942,4.71700088699117,6.6862640132188,1.00611534782032,0.000663000079019258,317.738491583714,4.96840394516964,262.042037242983,13.0762476539254,52.8713415027855,0.430267693230533,0,0.204362996410268,0.501676002415732,0,9.73510793292394,29.0526108553605,0.353416117002261,20.8923196978105,4.39453057671011,77.8029858152214,52.4164713956763,0.310699003510713,30.6371053246569,9.94738321070717,1.50458014699305,1.774280995304,17.4108609716527,0.996793871903104,0.845905169003145,0,0.150888702899958,1362.984832183,0,50.6048263324794,9.14045803620198,1.65033148340064,7.28771752337197,3.48394341293806,72.167276788392,1435.15210897139
2026-04-01,2026,"Q2","2025/26","Q4","April",107.698247497943,0.006115,6.05798946951006,0.46930295610179,2.4977781567163,21.3609546296975,34.9735329084313,14.2122136995628,4.13650955423391,5.01585397134296,7.29200669455303,0.838646071992455,3.19586951632478,7.6414748694766,6.04342517013279,0,0.172014433384543,3.67616572727134,2.1952450094769,0,15.0681345845012,12.071158278809,1.21966921888444,1.25677610568426,0,0,0.520530981123466,759.204366037976,0.007211,0.837799375614134,1.65678432564684,752.127435854047,0.102355,4.47278048266766,172.341082831281,16.1241160653454,0.479946711391327,5.25331980092177,9.29757752156123,0.01761,0.072292306024976,0.220863,2.2435378958064,8.10315387330971,0.637775,0.0131670556409047,120.55024244,9.32748116127953,236.025993303298,5.97379322,42.322489781229,0.447938,0,0.113211,0.606259,0,5.16110616,33.66731514,0.253767291681244,16.5268823363731,5.09979128233363,69.7505242000001,54.5919785999999,1.51093729168124,37.0399801734287,16.3276807103774,1.95724963785042,0.94856,17.8064898252009,2.28395686143863,2.17777690533684,0,0.10617995610179,1335.70518646,0,47.9283312589517,8.53177837189284,1.67964226384167,7.10025000622609,4.19131217308393,69.4313140739962,1405.136500534
2026-05-01,2026,"Q2","2025/26","Q4","May",110.640688253943,0.00134259,13.7803491668498,0.246773855359641,1.70805017531906,17.4903152643159,44.4195765464359,10.9449846954569,0.852169568549874,4.38318121873839,5.19461347232517,0.551526618919207,3.8699594881132,7.19784559355991,5.87498394947015,0,0.18673419,1.65192682486028,3.8840049671901,0.152317967419768,16.1292315778004,14.2031924152461,0.789049284072756,1.13624388848163,0,0,0.00074599,664.848562354487,0.01179735,1.67453559569576,0.70618054470951,659.372565632239,0.713215733573396,2.37026749826862,213.205780928192,17.532567989327,0.671245666619319,6.97945021,9.44131120466654,0.01629307,0.140034260369787,1.3105145,0.986602636838788,6.40974248001383,1.01243560149944,0.062626322429914,162.55352003,6.08943695642785,225.062974170272,3.5808014,39.4900155276931,0.22209058,0,0.16162668,2.17973015,0,4.23433121,28.96661849,0.082055163093875,15.0032321015167,3.20953344796844,77.0185591300001,49.65954994,1.25483035,39.5774626157655,15.19207695,1.27216880799565,1.42287581,21.6903410477698,1.0288032600696,0.81352092229388,0,0.215282337775725,1276.36848711,0,48.3712455559132,8.80641419315222,1.7722727336962,7.03209699690926,3.77423200768565,69.7562614873566,1346.12474859736
