"Date","Year","Quarter","FY","QFY","Month","CAB","CA_C","CA_D","CA_GS","CA_GS_C","CA_GS_D","CA_G","CA_G_X","CA_G_M","CA_G_GM","CA_G_XC","CA_G_X_COF","CA_G_X_NCOF","CA_G_X_NCOF_COT","CA_G_X_NCOF_TEA","CA_G_X_NCOF_TOB","CA_G_X_NCOF_FSH","CA_G_X_NCOF_FLO","CA_G_X_NCOF_CEM","CA_G_X_NCOF_BMP","CA_G_X_NCOF_OTH","CA_G_MD","CA_G_M_GOV","CA_G_M_GOV_PRO","CA_G_M_GOV_NPRO","CA_G_M_PRV","CA_G_M_PRV_OIL","CA_G_M_PRV_NOIL","CA_G_M_OTH","CA_G_NX_UM","CA_G_NX_UM_ACD","CA_G_NX_UM_SLD","CA_G_X_NMG","CA_G_X_NMG_C","CA_G_X_NMG_D","CA_S","CA_S_C","CA_S_D","CA_S_MAN","CA_S_MAN_C","CA_S_MAN_D","CA_S_MRS","CA_S_MRS_C","CA_S_MRS_D","CA_S_TRA","CA_S_TRA_C","CA_S_TRA_D","CA_S_TRV","CA_S_TRV_C","CA_S_TRV_D","CA_S_CON","CA_S_CON_C","CA_S_CON_D","CA_S_IPS","CA_S_IPS_C","CA_S_IPS_D","CA_S_FIN","CA_S_FIN_C","CA_S_FIN_D","CA_S_CIP","CA_S_CIP_C","CA_S_CIP_D","CA_S_ICT","CA_S_ICT_C","CA_S_ICT_D","CA_S_OBA","CA_S_OBA_C","CA_S_OBA_D","CA_S_PCR","CA_S_PCR_C","CA_S_PCR_D","CA_S_GOV","CA_S_GOV_C","CA_S_GOV_D","CA_S_ESO","CA_PI","CA_PI_C","CA_PI_D","CA_PI_COE","CA_PI_COE_C","CA_PI_COE_D","CA_PI_II","CA_PI_II_C","CA_PI_II_D","CA_PI_II_DI","CA_PI_II_DI_C","CA_PI_II_DI_D","CA_PI_II_PI","CA_PI_II_PI_C","CA_PI_II_PI_D","CA_PI_II_OI","CA_PI_II_OI_C","CA_PI_II_OI_D","CA_PI_II_OI_D_IPD","CA_PI_II_RA","CA_PI_II_RA_C","CA_PI_II_RA_D","CA_PI_OTH","CA_PI_OTH_C","CA_PI_OTH_D","CA_SI","CA_SI_C","CA_SI_D","CA_SI_GOV","CA_SI_GOV_C","CA_SI_GOV_C_BS","CA_SI_GOV_C_PA","CA_SI_GOV_C_HIPC","CA_SI_GOV_C_OT","CA_SI_GOV_D","CA_SI_OTH","CA_SI_OTH_C","CA_SI_OTH_C_PT","CA_SI_OTH_C_NGO","CA_SI_OTH_D","KAB","KA_C","KA_D","KA_GAD","KA_GAD_C","KA_GAD_D","KA_KT","KA_KT_C","KA_KT_D","NLB_CAB_KAB","FAB","FA_DI","FA_DI_NA","FA_DI_NA_EIF","FA_DI_NA_EIF_NRE","FA_DI_NA_EIF_NRE_DIDIE","FA_DI_NA_EIF_NRE_DIEDI","FA_DI_NA_EIF_NRE_BFE","FA_DI_NA_EIF_RE","FA_DI_NA_DBI","FA_DI_NA_DBI_DIDIE","FA_DI_NA_DBI_DIEDI","FA_DI_NA_DBI_BFE","FA_DI_NL","FA_DI_NL_EIF","FA_DI_NL_EIF_NRE","FA_DI_NL_EIF_NRE_DIDIE","FA_DI_NL_EIF_NRE_DIEDI","FA_DI_NL_EIF_NRE_BFE","FA_DI_NL_EIF_RE","FA_DI_NL_DBI","FA_DI_NL_DBI_DIDIE","FA_DI_NL_DBI_DIEDI","FA_DI_NL_DBI_BFE","FA_PI","FA_PI_NA","FA_PI_NA_EIF","FA_PI_NA_EIF_CBK","FA_PI_NA_EIF_GOV","FA_PI_NA_EIF_ODC","FA_PI_NA_EIF_OSE","FA_PI_NA_EIF_OSE_OFC","FA_PI_NA_EIF_OSE_OTH","FA_PI_NA_DBS","FA_PI_NA_DBS_CBK","FA_PI_NA_DBS_CBK_ST","FA_PI_NA_DBS_CBK_LT","FA_PI_NA_DBS_ODC","FA_PI_NA_DBS_ODC_ST","FA_PI_NA_DBS_ODC_LT","FA_PI_NA_DBS_GOV","FA_PI_NA_DBS_GOV_ST","FA_PI_NA_DBS_GOV_LT","FA_PI_NA_DBS_OSE","FA_PI_NA_DBS_OSE_ST","FA_PI_NA_DBS_OSE_LT","FA_PI_NA_DBS_OSE_OFC","FA_PI_NA_DBS_OSE_OFC_ST","FA_PI_NA_DBS_OSE_OFC_LT","FA_PI_NA_DBS_OSE_OTH","FA_PI_NA_DBS_OSE_OTH_ST","FA_PI_NA_DBS_OSE_OTH_LT","FA_PI_NL","FA_PI_NL_EIF","FA_PI_NL_EIF_CBK","FA_PI_NL_EIF_GOV","FA_PI_NL_EIF_ODC","FA_PI_NL_EIF_OSE","FA_PI_NL_EIF_OSE_OFC","FA_PI_NL_EIF_OSE_OTH","FA_PI_NL_DBS","FA_PI_NL_DBS_CBK","FA_PI_NL_DBS_CBK_ST","FA_PI_NL_DBS_CBK_LT","FA_PI_NL_DBS_ODC","FA_PI_NL_DBS_ODC_ST","FA_PI_NL_DBS_ODC_LT","FA_PI_NL_DBS_GOV","FA_PI_NL_DBS_GOV_ST","FA_PI_NL_DBS_GOV_ST_NI","FA_PI_NL_DBS_GOV_ST_NM","FA_PI_NL_DBS_GOV_LT","FA_PI_NL_DBS_GOV_LT_NI","FA_PI_NL_DBS_GOV_LT_NM","FA_PI_NL_DBS_OSE","FA_PI_NL_DBS_OSE_ST","FA_PI_NL_DBS_OSE_LT","FA_PI_NL_DBS_OSE_OFC","FA_PI_NL_DBS_OSE_OFC_ST","FA_PI_NL_DBS_OSE_OFC_LT","FA_PI_NL_DBS_OSE_OTH","FA_PI_NL_DBS_OSE_OTH_ST","FA_PI_NL_DBS_OSE_OTH_LT","FA_FDES","FA_FDES_CBK","FA_FDES_ODC","FA_FDES_GOV","FA_FDES_OSE","FA_FDES_OSE_OFC","FA_FDES_OSE_OTH","FA_FDES_NA","FA_FDES_NA_CBK","FA_FDES_NA_ODC","FA_FDES_NA_GOV","FA_FDES_NA_OSE","FA_FDES_NA_OSE_OFC","FA_FDES_NA_OSE_OTH","FA_FDES_NL","FA_FDES_NL_CBK","FA_FDES_NL_ODC","FA_FDES_NL_GOV","FA_FDES_NL_OSE","FA_FDES_NL_OSE_OFC","FA_FDES_NL_OSE_OTH","FA_OI","FA_OI_NA","FA_OI_NL","FA_OI_OE","FA_OI_OE_NA","FA_OI_OE_NL","FA_OI_CAD","FA_OI_CAD_NA","FA_OI_CAD_NA_CBK","FA_OI_CAD_NA_CBK_ST","FA_OI_CAD_NA_CBK_LT","FA_OI_CAD_NA_ODC","FA_OI_CAD_NA_ODC_ST","FA_OI_CAD_NA_ODC_LT","FA_OI_CAD_NA_GOV","FA_OI_CAD_NA_GOV_ST","FA_OI_CAD_NA_GOV_LT","FA_OI_CAD_NA_OSE","FA_OI_CAD_NA_OSE_ST","FA_OI_CAD_NA_OSE_LT","FA_OI_CAD_NA_OSE_OFC","FA_OI_CAD_NA_OSE_OFC_ST","FA_OI_CAD_NA_OSE_OFC_LT","FA_OI_CAD_NA_OSE_OTH","FA_OI_CAD_NA_OSE_OTH_ST","FA_OI_CAD_NA_OSE_OTH_LT","FA_OI_CAD_NL","FA_OI_CAD_NL_CBK","FA_OI_CAD_NL_CBK_ST","FA_OI_CAD_NL_CBK_LT","FA_OI_CAD_NL_ODC","FA_OI_CAD_NL_ODC_ST","FA_OI_CAD_NL_ODC_LT","FA_OI_CAD_NL_ODC_LT_IP","FA_OI_CAD_NL_GOV","FA_OI_CAD_NL_GOV_ST","FA_OI_CAD_NL_GOV_LT","FA_OI_CAD_NL_OSE","FA_OI_CAD_NL_OSE_ST","FA_OI_CAD_NL_OSE_LT","FA_OI_CAD_NL_OSE_OFC","FA_OI_CAD_NL_OSE_OFC_ST","FA_OI_CAD_NL_OSE_OFC_LT","FA_OI_CAD_NL_OSE_OTH","FA_OI_CAD_NL_OSE_OTH_ST","FA_OI_CAD_NL_OSE_OTH_LT","FA_OI_LN","FA_OI_LN_NA","FA_OI_LN_NA_CBK","FA_OI_LN_NA_CBK_IMF","FA_OI_LN_NA_CBK_OST","FA_OI_LN_NA_CBK_OLT","FA_OI_LN_NA_ODC","FA_OI_LN_NA_ODC_ST","FA_OI_LN_NA_ODC_LT","FA_OI_LN_NA_GOV","FA_OI_LN_NA_GOV_IMF","FA_OI_LN_NA_GOV_OST","FA_OI_LN_NA_GOV_OLT","FA_OI_LN_NA_OSE","FA_OI_LN_NA_OSE_ST","FA_OI_LN_NA_OSE_LT","FA_OI_LN_NA_OSE_OFC","FA_OI_LN_NA_OSE_OFC_ST","FA_OI_LN_NA_OSE_OFC_LT","FA_OI_LN_NA_OSE_OTH","FA_OI_LN_NA_OSE_OTH_ST","FA_OI_LN_NA_OSE_OTH_LT","FA_OI_LN_NL","FA_OI_LN_NL_CBK","FA_OI_LN_NL_CBK_IMF","FA_OI_LN_NL_CBK_OST","FA_OI_LN_NL_CBK_OLT","FA_OI_LN_NL_ODC","FA_OI_LN_NL_ODC_ST","FA_OI_LN_NL_ODC_LT","FA_OI_LN_NL_GOV","FA_OI_LN_NL_GOV_IMF","FA_OI_LN_NL_GOV_OST","FA_OI_LN_NL_GOV_OLT","FA_OI_LN_NL_GOV_OLT_DIS","FA_OI_LN_NL_GOV_OLT_DIS_BUD","FA_OI_LN_NL_GOV_OLT_DIS_PRO","FA_OI_LN_NL_GOV_OLT_PAY","FA_OI_LN_NL_OSE","FA_OI_LN_NL_OSE_ST","FA_OI_LN_NL_OSE_LT","FA_OI_LN_NL_OSE_OFC","FA_OI_LN_NL_OSE_OFC_ST","FA_OI_LN_NL_OSE_OFC_LT","FA_OI_LN_NL_OSE_OTH","FA_OI_LN_NL_OSE_OTH_ST","FA_OI_LN_NL_OSE_OTH_LT","FA_OI_IP","FA_OI_IP_NA","FA_OI_IP_NA_CBK","FA_OI_IP_NA_ODC","FA_OI_IP_NA_GOV","FA_OI_IP_NA_OSE","FA_OI_IP_NA_OSE_OFC","FA_OI_IP_NA_OSE_OTH","FA_OI_IP_NL","FA_OI_IP_NL_CBK","FA_OI_IP_NL_ODC","FA_OI_IP_NL_GOV","FA_OI_IP_NL_OSE","FA_OI_IP_NL_OSE_OFC","FA_OI_IP_NL_OSE_OTH","FA_OI_TCA","FA_OI_TCA_NA","FA_OI_TCA_NA_CBK","FA_OI_TCA_NA_CBK_ST","FA_OI_TCA_NA_CBK_LT","FA_OI_TCA_NA_ODC","FA_OI_TCA_NA_ODC_ST","FA_OI_TCA_NA_ODC_LT","FA_OI_TCA_NA_GOV","FA_OI_TCA_NA_GOV_ST","FA_OI_TCA_NA_GOV_LT","FA_OI_TCA_NA_OSE","FA_OI_TCA_NA_OSE_ST","FA_OI_TCA_NA_OSE_LT","FA_OI_TCA_NA_OSE_OFC","FA_OI_TCA_NA_OSE_OFC_ST","FA_OI_TCA_NA_OSE_OFC_LT","FA_OI_TCA_NA_OSE_OTH","FA_OI_TCA_NA_OSE_OTH_ST","FA_OI_TCA_NA_OSE_OTH_LT","FA_OI_TCA_NL","FA_OI_TCA_NL_CBK","FA_OI_TCA_NL_CBK_ST","FA_OI_TCA_NL_CBK_LT","FA_OI_TCA_NL_ODC","FA_OI_TCA_NL_ODC_ST","FA_OI_TCA_NL_ODC_LT","FA_OI_TCA_NL_GOV","FA_OI_TCA_NL_GOV_ST","FA_OI_TCA_NL_GOV_LT","FA_OI_TCA_NL_OSE","FA_OI_TCA_NL_OSE_ST","FA_OI_TCA_NL_OSE_LT","FA_OI_TCA_NL_OSE_OFC","FA_OI_TCA_NL_OSE_OFC_ST","FA_OI_TCA_NL_OSE_OFC_LT","FA_OI_TCA_NL_OSE_OTH","FA_OI_TCA_NL_OSE_OTH_ST","FA_OI_TCA_NL_OSE_OTH_LT","FA_OI_OAR","FA_OI_OAR_NA","FA_OI_OAR_NA_CBK","FA_OI_OAR_NA_CBK_ST","FA_OI_OAR_NA_CBK_LT","FA_OI_OAR_NA_ODC","FA_OI_OAR_NA_ODC_ST","FA_OI_OAR_NA_ODC_LT","FA_OI_OAR_NA_GOV","FA_OI_OAR_NA_GOV_ST","FA_OI_OAR_NA_GOV_LT","FA_OI_OAR_NA_OSE","FA_OI_OAR_NA_OSE_ST","FA_OI_OAR_NA_OSE_LT","FA_OI_OAR_NA_OSE_OFC","FA_OI_OAR_NA_OSE_OFC_ST","FA_OI_OAR_NA_OSE_OFC_LT","FA_OI_OAR_NA_OSE_OTH","FA_OI_OAR_NA_OSE_OTH_ST","FA_OI_OAR_NA_OSE_OTH_LT","FA_OI_OAR_NL","FA_OI_OAR_NL_CBK","FA_OI_OAR_NL_CBK_ST","FA_OI_OAR_NL_CBK_LT","FA_OI_OAR_NL_ODC","FA_OI_OAR_NL_ODC_ST","FA_OI_OAR_NL_ODC_LT","FA_OI_OAR_NL_GOV","FA_OI_OAR_NL_GOV_ST","FA_OI_OAR_NL_GOV_LT","FA_OI_OAR_NL_OSE","FA_OI_OAR_NL_OSE_ST","FA_OI_OAR_NL_OSE_LT","FA_OI_OAR_NL_OSE_OFC","FA_OI_OAR_NL_OSE_OFC_ST","FA_OI_OAR_NL_OSE_OFC_LT","FA_OI_OAR_NL_OSE_OTH","FA_OI_OAR_NL_OSE_OTH_ST","FA_OI_OAR_NL_OSE_OTH_LT","FA_OI_SDR","NEO","OB","R","R_RA","R_RA_MG","R_RA_MG_GB","R_RA_MG_UGA","R_RA_SDR","R_RA_IMF","R_RA_ORA","R_RA_ORA_CAD","R_RA_ORA_CAD_CMA","R_RA_ORA_CAD_COE","R_RA_ORA_SEC","R_RA_ORA_SEC_DBT","R_RA_ORA_SEC_DBT_ST","R_RA_ORA_SEC_DBT_LT","R_RA_ORA_SEC_EIF","R_RA_ORA_FDR","R_RA_ORA_OCL","R_UFC","R_UFC_DRW","R_UFC_PAY","R_EXF","MI_E_EP","MI_E_PA","MI_EX","MI_GDP_UGX","MI_GDP","MI_EX_PGDP","MI_IM_PGDP","MI_CAB_NGRA","MI_CAB_PGDP","MI_CAB_NGRA_PGDP","MI_OB_PGDP","MI_DBT_EXT","MI_DBT_EXT_ARR","MI_DBT_EXT_PGDP","MI_EDS_NIMF_PEX","MI_EDS_NIMF_PEX_GS","MI_EDS_NIMF_PGDP","MI_EDS_PEX","MI_EDS_PEX_GS","MI_EDS_PGDP","MI_DBT_PEX","MI_R_EXT_MIM_GS","MI_R_EXT_GFER","MI_R_EXT_MIM_NOIL"
2001-01-01,2001,"Q1","2000/01","Q3","January",-291.292875260859,1673.61481303751,1964.90768829837,-773.863971129806,684.158462061899,1458.02243319171,-508.204756302111,467.23790773,975.442664032111,-558.558756302111,416.88390773,97.629393,319.25351473,0,0,0,0,0,0,0,0,975.442664032111,125.245985712172,101.478106666667,23.767879045505,741.49159217975,133.326955,608.16463717975,108.705086140189,0,0,0,50.354,50.354,0,-265.659214827695,216.920554331899,482.579769159595,0,0,0,0,0,0,-122.076611181262,30.1764872587212,152.253098439983,165.426244426667,165.426244426667,0,0,0,0,-20.0942486758399,1.70248522151129,21.7967338973512,0,0,0,0,0,0,6.52,11.17,4.65,-61.46601898,0,61.46601898,0,0,0,8.445337425,8.445337425,0,242.41391784226,-165.23447747874,37.4684933927859,202.702970871526,-50.500503,0,50.500503,-114.73397447874,37.4684933927859,152.202467871526,-65.7110693414442,0,65.7110693414442,0.0207607573413023,0,-0.0207607573413023,-78.2271108746373,8.28504841278592,86.5121592874232,30.931728503211,29.18344498,29.18344498,0,0,0,0,647.805573347688,951.987857582829,304.182284235141,480.940839173085,480.940839173085,121.08680595,304.692,55.1620332230852,0,0,166.864734174603,471.047018409744,348.57479362321,122.472224786533,304.182284235141,0,0,0,0,0,0,0,0,0,-291.292875260859,-484.750814657108,-151.496150651927,0,0,0,0,0,0,0,0,0,0,0,151.496150651927,128.626339951927,86.5152706104827,86.5152706104827,0,0,42.1110693414442,22.8698107,22.8698107,0,0,0,0,0,0,0,0,0,0,0,0,0,0,0,0,0,0,0,0,0,0,0,0,0,0,0,0,0,0,0,0,0,0,0,0,0,0,0,0,0,0,0,0,0,0,0,0,0,0,0,0,0,0,0,0,0,0,0,0,0,0,0,0,0,0,0,0,0,0,0,0,0,0,0,0,0,0,0,0,0,0,-333.254664005181,-29.375079985949,303.879584019232,0,0,0,-22.6290247004874,-29.375079985949,0,0,0,-16.9968308207752,-16.9968308207752,0,0,0,0,-12.3782491651738,-12.3782491651738,0,0,0,0,0,-12.3782491651738,0,-6.74605528546162,0,0,0,-6.74605528546162,-6.74605528546162,0,0,0,0,0,0,0,0,0,0,0,0,0,0,-289.913113769097,0,0,0,0,0,0,0,0,0,0,0,0,0,0,0,0,0,0,0,0,0,289.913113769097,0,0,0,0,0,0,0,285.716462818527,0,0,285.716462818527,355.293979936268,242.6030806,112.690899336268,-69.577517117741,4.19665095057034,6.83491254752852,-2.63826159695818,0,0,0,4.19665095057034,6.83491254752852,-2.63826159695818,0,0,0,0,0,0,0,0,0,0,0,0,0,0,0,10.7382770844037,0,0,0,0,0,0,0,0,0,0,0,0,0,0,0,0,0,0,0,-10.7382770844037,0,0,0,0,0,0,0,0,0,-10.7382770844037,-10.7382770844037,0,0,0,0,-10.7382770844037,-10.7382770844037,0,-31.45080262,0,0,0,0,0,0,0,0,0,0,0,0,0,0,0,0,0,0,0,31.45080262,0,0,0,0,0,0,31.45080262,31.45080262,0,0,0,0,0,0,0,0,0,0,0,-10.0245789550631,-183.433360441186,183.433360441186,161.614726405675,0,0,0,0,0,161.614726405675,161.614726405675,0,161.614726405675,0,0,0,0,0,0,0,-28.95369821,12.09122,-41.04491821,7.13506417448894,1727.4,1755.65760516348,684.158462061899,11132.049863623,6340.67248128741,7.36890147076532,-15.3838992143316,-772.233714433944,-4.59403755864259,-12.17905067188,2.60597357344463,3654.07872056,328.28337145869,57.6291983436129,51.2923593068149,34.8763604572234,1.09234302841037,69.4936750939121,47.2981872492498,1.76294065863787,782.059558975587,7.63017309286873,0,7.63017309286873
2002-01-01,2002,"Q1","2001/02","Q3","January",-151.999890306009,1845.05682354869,1997.0567138547,-845.961839509004,702.853884025903,1548.81572353491,-562.585166658058,478.16994469,1040.75511134806,-622.482166658058,418.27294469,96.634778,321.63816669,1.673,13.57,14.961,53.03641,6.973,0,3.11,0,1040.75511134806,136.9913682481,105.86464,31.1267282481,815.3120607661,121.909165,693.4028957661,88.451682333858,0,0,0,59.897,59.897,0,-283.376672850946,224.683939335903,508.060612186849,0,0,0,0,0,0,-129.498271500191,32.48379368321,161.982065183401,171.493901476233,171.493901476233,0,0,0,0,-21.5130340875826,1.85125904158496,23.3642931291676,-5.44460699,0.017921,5.46252799,-6.89561,0.002963,6.898573,1.31695992,7.76353624,6.44657632,-90.96633673508,2.32964066,93.29597739508,0,0,0,-4.621141166205,8.740924234875,13.36206540108,197.24853376812,-111.018194985029,24.1574405713762,135.175635556405,-46.397448,0,46.397448,-64.6207469850285,24.1574405713762,88.7781875564048,-62.5,0,62.5,-0.0367264549096973,0,0.0367264549096973,-21.7411717501188,4.50028935137625,26.2414611014951,16.1482842298582,19.65715122,19.65715122,0,0,0,0,804.980144188024,1118.04549895141,313.065354763389,488.034534164228,489.849282194227,153.60397273,272.677,63.5683094642276,0,1.81474803,316.945610023796,628.196216757186,441.830059991341,186.366156765845,311.250606733389,0,0,0,0,0,0,0,0,0,-151.999890306009,-203.374285962617,-184.6480591975,0,0,0,0,0,0,0,0,0,0,0,184.6480591975,141.7480591975,99.6480591975,99.6480591975,0,0,42.1,42.9,42.9,0,0,-1.91551795606547,-1.5,-1.5,0,0,0,-1.5,0,-1.5,0,0,0,0,0,0,0,0,0,0,0,0,0,0,0,0,0,0,0,0.41551795606547,0.41551795606547,0,0,0.41551795606547,0,0,0,0,0,0,0,0,0,0,0,0,0,0,0,0,0,0,0,0,0,0,0,0,0,0,0,0,0,0,0,0,0,0,0,0,0,0,0,0,0,0,0,0,0,0,0,-16.8107088090514,72.8427678261696,89.653476635221,0,0,0,71.8017348468855,72.8427678261696,-5.34887121,-5.34887121,0,-0.445492177637178,-0.445492177637178,0,0,0,0,78.6371312138068,78.6371312138068,0,0,0,0,78.6371312138068,78.6371312138068,0,1.04103297928412,0,0,0,1.04103297928412,1.04103297928412,0,0,0,0,0,0,0,0,0,0,0,0,0,0,-99.1445182822761,0,0,0,0,0,0,0,0,0,0,0,0,0,0,0,0,0,0,0,0,0,99.1445182822761,0,0,0,0,10.3554872739524,0,10.3554872739524,59.5890310083237,0,0,59.5890310083237,134.489135002927,21.4344741,113.054660902927,-74.9001039946037,29.2,3.6,25.6,0,0,0,29.2,3.6,25.6,0,0,0,0,0,0,0,0,0,0,0,0,0,0,0,10.5320746263392,0,0,0,0,0,0,0,0,0,0,0,0,0,0,0,0,0,0,0,-10.5320746263392,0,0,0,0,0,0,0,0,0,-10.5320746263392,-10.5320746263392,0,0,0,0,-10.5320746263392,-10.5320746263392,0,0,0,0,0,0,0,0,0,0,0,0,0,0,0,0,0,0,0,0,0,0,0,0,0,0,0,0,0,0,0,0,0,0,0,0,0,0,0,0,0,-136.956734627424,85.5823389708161,-85.5823389708161,-101.150624366293,0,0,0,0,0,-101.150624366293,-101.150624366293,0,-101.150624366293,0,0,0,0,0,0,0,-32.86984987,1.977,-34.84684987,17.3015644745228,1852.565,1796.99926319215,702.853884025903,11989.6473187649,6672.03152294566,7.16678185715302,-15.598773893211,-641.849172500236,-2.27816505037886,-9.61999610302895,-1.2827028570907,3961.44369836,333.551650837166,59.3738756289785,19.1961756383239,13.0596621173378,0,26.8164967155139,18.2439665521778,0,828.45936729215,7.14508320963616,0,7.14508320963616
2003-01-01,2003,"Q1","2002/03","Q3","January",-38.4359563553837,1835.04403873717,1873.47999509255,-744.67772227011,834.006688257772,1578.68441052788,-625.253782566839,572.217735780241,1197.47151834708,-671.009782566839,526.461735780241,99.109391,407.858415471608,19.753,36.27390433,38.407,112.37835,21.659,0,11.858,19.4939293086322,1197.47151834708,165.1969171155,128.57664,36.6202771155,1004.9686630919,136.73626,868.2324030919,27.3059381396793,0,0,0,45.756,45.756,0,-119.423939703272,261.788952477532,381.212892180803,0,0,0,0,0,0,-217.042581435948,11.1738004653673,228.216381901316,184.1845555,184.1845555,0,0,0,0,-26.3272771797735,3.21850210904702,29.5457792888205,4.29,6.54,2.25,-7.35829895,0.589212,7.94751095,3.05962841246733,15.0564366304673,11.996808218,-9.10749754926115,28.37533031,37.4828278592611,0,0,0,-17.1561930847631,12.65111546265,29.8073085474132,33.9662754159927,-130.382798305715,27.5631191024898,157.945917408205,-47.35285125,0,47.35285125,-83.0299470557148,27.5631191024898,110.593066158205,-82.59375,0,82.59375,-0.960280887862073,0,0.960280887862073,-22.7744808676472,4.26455440269532,27.0390352703425,18.25147912,23.2985646997945,23.2985646997945,0,0,0,0,836.624564220441,973.474231376908,136.849667156467,532.105358095043,534.501692373195,202.907345481005,270.635260775,60.9590861171904,0,2.396334278152,304.519206125398,438.972539003713,298.785184174033,140.18735482968,134.453332878315,0,0,0,0,0,0,0,0,0,-38.4359563553837,-285.17743649778,-202.1925936185,0,0,0,0,0,0,0,0,0,0,0,202.1925936185,153.9925936185,102.0925936185,102.0925936185,0,0,51.9,48.2,48.2,0,0,-16.0176677865928,4.3,4.3,0,0,0,4.3,0,4.3,0,0,0,0,0,0,0,0,0,0,0,0,0,0,0,0,0,0,0,20.3176677865928,0,0,0,0,0,0,0,20.3176677865928,0,0,0,0,0,0,20.3176677865928,20.3176677865928,0,0,0,0,0,0,0,0,0,0,0,0,0,0,0,0,0,0,0,0,0,0,0,0,0,0,0,0,0,0,0,0,0,0,0,-66.9671750926869,247.384360007499,314.351535100186,0,0,0,241.276498808968,246.897175182486,28.21107205,28.21107205,0,131.686103132486,131.686103132486,0,0,0,0,87,87,0,0,0,0,87,87,0,5.6206763735182,0,0,0,5.6206763735182,5.6206763735182,0,0,0,0,0,0,0,0,0,0,0,0,0,0,-304.929468094625,0.487184825012411,0,0,0,0,0.487184825012411,0,0.487184825012411,0,0,0,0,0,0,0,0,0,0,0,0,0,305.416652919637,0,0,0,0,-9.37703267166336,0,-9.37703267166336,271.893685591301,0,0,271.893685591301,342.976258740453,169.82105648,173.155202260453,-71.0825731491528,42.9,10.6,32.3,0,0,0,42.9,10.6,32.3,0,0,0,0,0,0,0,0,0,0,0,0,0,0,0,-3.31420580703033,0,0,0,0,0,0,0,0,0,0,0,0,0,0,0,0,0,0,0,3.31420580703033,0,0,0,0,0,0,0,0,0,3.31420580703033,3.31420580703033,0,0,0,0,3.31420580703033,3.31420580703033,0,0,0,0,0,0,0,0,0,0,0,0,0,0,0,0,0,0,0,0,0,0,0,0,0,0,0,0,0,0,0,0,0,0,0,0,0,0,0,0,0,-138.425537555052,-108.315942587344,108.315942587344,75.7137750349082,0,0,0,0,0,75.7137750349082,75.7137750349082,0,75.7137750349082,0,0,0,0,0,0,0,-42.534536619,5.774910436,-48.309447055,9.93236906656444,1935.32,1963.6848125,834.006688257772,13843.2518089603,7049.71050898861,8.11689692861351,-16.9861091007959,-572.937648728579,-0.545213258138424,-8.12710887912439,1.5364594397066,4485.59174042,332.44309948,63.6280274870965,16.7874972635118,11.5180175516466,0,25.5036592117836,17.4982363256146,0,783.89596475959,6.73447496761914,0,6.73447496761914
2004-01-01,2004,"Q1","2003/04","Q3","January",-1.67502025148403,2375.29685698545,2376.97187723694,-787.003913924608,1132.2864531414,1919.29036706601,-667.631555989649,759.12329230355,1426.7548482932,-741.449555989649,685.305292303551,123.13923854,492.300416831524,44.828,35.459,40.334,138.044967317014,29.799,0,21.864,69.8656369320267,1426.7548482932,158.555404196373,118.574061792723,39.98134240365,1241.71972568704,146.00476,1095.71496568704,26.4797184097884,0,0,0,73.818,73.818,0,-119.372357934959,373.16316083785,492.535518772809,0,0,0,0,0,0,-257.640047994999,11.4628207168456,269.102868711844,158.905581536341,267.009834569141,108.1042530328,0,0,0,-35.0295948280495,4.12094570431421,39.1505405323637,6.36,9.15,2.79,-1.417503,0,1.417503,3.87842577763142,24.7171289547792,20.8387031771478,2.70310032820513,33.93042306,31.2273227317949,0,0,0,2.86768024591193,22.77200783277,19.9043275868581,0,-280.343553642407,35.6693262109099,316.012879853316,-54.353741393229,0,54.353741393229,-225.989812249178,35.6693262109099,261.659138460087,-218.590173292479,0,218.590173292479,-2.85686145525813,0,2.85686145525813,-35.91460588144,4.29749783090993,40.2121037123499,25.72892917,31.37182838,31.37182838,0,0,0,0,1065.67244731553,1207.34107763314,141.668630317611,742.713298424652,744.642319524402,391.516217259758,289.293673201,63.8324290636438,0,1.92902109975,322.959148890879,462.698758108739,310.532464928579,152.16629318016,139.739609217861,0,0,0,0,0,0,0,0,0,-1.67502025148403,-503.081746866198,-295.416479800692,0,0,0,0,0,0,0,0,0,0,0,295.416479800692,305.85152805,166.85152805,166.85152805,0,0,139,-10.4350482493083,-10.4350482493083,0,0,-6.22323377363521,0,0,0,0,0,0,0,0,0,0,0,0,0,0,0,0,0,0,0,0,0,0,0,0,0,0,0,6.22323377363521,23.9791426142838,0,0,23.9708830476235,0.0082595666603397,0,0.0082595666603397,-17.7559088406486,0,0,0,0,0,0,-17.7559088406486,-18.4721074658518,0,0,0.71619862520323,0,0,0,0,0,0,0,0,0,0,0,0,0,0,0,0,0,0,0,0,0,0,0,0,0,0,0,0,0,0,0,0,-201.442033291871,-25.0364227390611,176.40561055281,0,0,0,-38.5205574700784,-26.4908119965246,8.6105453405703,8.6105453405703,0,3.8986426629051,3.8986426629051,0,0,0,0,-39,-39,0,0,0,0,-39,-39,0,12.0297454735538,0,0,0,12.0297454735538,12.0297454735538,0,0,0,0,0,0,0,0,0,0,0,0,0,0,-151.035577961794,0.385579311463491,0,0,0,0,0.385579311463491,0,0.385579311463491,0,0,0,0,0,0,0,0,0,0,0,0,0,151.421157273258,0,0,0,0,-2.37671304301775,0,-2.37671304301775,128.971143772,0,0,128.971143772,207.071383004,35.78110979,171.290273214,-78.100239232,24.8267265442757,9.93665166978402,14.8900748744917,0,0,0,24.8267265442757,9.93665166978402,14.8900748744917,0,0,0,0,0,0,0,0,0,0,0,0,0,0,0,-12.9547078059983,0,0,0,0,0,0,0,0,0,0,0,0,0,0,0,0,0,0,0,12.9547078059983,0,0,0,0,0,0,0,0,0,12.9547078059983,12.9547078059983,0,0,0,0,12.9547078059983,12.9547078059983,0,1.068809946,1.068809946,0.667339946,0,0.667339946,0,0,0,0.40147,0,0.40147,0,0,0,0,0,0,0,0,0,0,0,0,0,0,0,0,0,0,0,0,0,0,0,0,0,0,0,0,0,-292.849119840636,-208.557606774078,208.557606774078,166.25023800003,0,0,0,0,0,166.25023800003,166.25023800003,0,166.25023800003,0,0,0,0,0,0,0,-52.6440132139,2.9155454,-55.5595586139,10.3366444398526,1738.59,1810.77222665281,1132.2864531414,15271.3200212555,8434.03014917876,9.0007182672624,16.9166439182355,-746.317339775886,-0.0198602592338033,-8.84888157352102,-2.4728107806727,4753.78556519,353.08739946,56.3643416149382,14.4309251386193,9.67498230842712,0,21.9146102673274,14.692298975695,0,626.220485313353,6.67038621172417,0,6.67038621172417
2005-01-01,2005,"Q1","2004/05","Q3","January",53.5447454719941,2837.58605956038,2784.04131408839,-808.066250042232,1542.02292484358,2350.08917488581,-729.709508180296,1015.8575762569,1745.5670844372,-802.719573180296,942.847511256904,171.688859,570.851855066904,38.21,33.969,31.187591,189.069455833985,33.796,0,33.850875,200.30679719,1745.5670844372,147.592302818383,94.0313016073326,53.56100121105,1542.97203485547,210.088505,1332.88352985547,55.00274676335,0,0,0,73.010065,73.010065,0,-78.3567418619361,526.165348586672,604.522090448608,0,0,0,0,0,0,-347.184165283399,7.27857708447088,354.46274236787,255.444109813162,379.86610519943,124.421995386268,0,0,0,-40.4764165601567,7.43760460199445,47.9140211621512,8.01,11.28,3.27,5.96030792,7.42380792,1.4635,17.7164739252578,49.4951837332328,31.778709807975,-5.86882730160684,20.7500116163059,26.6188389179127,0,0,0,28.0417756248068,42.6340584312375,14.5922828064307,0,-239.309318276997,49.8169784299762,289.126296706973,-52.1976589793674,0,52.1976589793674,-187.11165929763,49.8169784299762,236.928637727606,-201.702122836287,0,201.702122836287,-2.83994370815898,0,2.83994370815898,-24.192159153184,8.19441202997619,32.3865711831602,25.3553762737147,41.6225664,41.6225664,0,0,0,0,1100.92031379122,1245.74615628683,144.825842495608,662.747735338597,662.759756003933,307.604345925543,290.84718792839,64.30822215,0,0.012020665336,438.172578452626,582.986400282898,321.80849295616,261.177907326738,144.813821830272,0,0,0,0,0,0,0,0,0,53.5447454719941,-536.869449881409,-379.808340667061,0,0,0,0,0,0,0,0,0,0,0,379.808340667061,381.2302255985,253.2302255985,253.2302255985,0,0,128,-1.4218849314387,-1.4218849314387,0,0,13.359449824206,0,0,0,0,0,0,0,0,0,0,0,0,0,0,0,0,0,0,0,0,0,0,0,0,0,0,0,-13.359449824206,0,0,0,0,0,0,0,-13.359449824206,0,0,0,0,0,0,-13.359449824206,-15.2291503276773,0,0,1.86970050347127,0,0,0,0,0,0,0,0,0,0,0,0,0,0,0,0,0,0,0,0,0,0,0,0,0,0,0,0,0,0,0,0,-170.420559038554,-49.9800389660432,120.44052007251,0,0,0,-61.5442368628731,-58.7695868733999,0.46967860942991,0.46967860942991,0,-51.5725988161632,-51.5725988161632,0,0,0,0,-7.66666666666667,-7.66666666666667,0,0,0,0,-7.66666666666667,-7.66666666666667,0,2.77464998947317,0,0,0,2.77464998947317,2.77464998947317,0,0,0,0,0,0,0,0,0,0,0,0,0,0,-92.3553674939308,8.78954790735672,0,0,0,0,8.78954790735672,0,8.78954790735672,0,0,0,0,0,0,0,0,0,0,0,0,0,101.144915401288,0,0,0,0,-1.53774737992743,0,-1.53774737992743,67.4345137223423,0,0,67.4345137223423,166.370213055342,33.967397,132.402816055342,-98.935699333,35.2481490588726,10.1981490588726,25.05,0,0,0,35.2481490588726,10.1981490588726,25.05,0,0,0,0,0,0,0,0,0,0,0,0,0,0,0,-16.5209546817497,0,0,0,0,0,0,0,0,0,0,0,0,0,0,0,0,0,0,0,16.5209546817497,0,0,0,0,0,0,0,0,0,16.5209546817497,16.5209546817497,0,0,0,0,16.5209546817497,16.5209546817497,0,0,0,0,0,0,0,0,0,0,0,0,0,0,0,0,0,0,0,0,0,0,0,0,0,0,0,0,0,0,0,0,0,0,0,0,0,0,0,0,0,-428.31092111437,-162.103274239032,162.103274239032,91.5900160968594,0,0,0,0,0,91.5900160968594,91.5900160968594,0,91.5900160968594,0,0,0,0,0,0,0,-42.6510428162806,2.92082946,-45.5718722762806,-27.8622153258924,1816.855,1780.66553169856,1542.02292484358,17877.9439999127,10032.3428258033,10.1258259799905,17.3993962800751,-609.215010531939,0.533721249380318,-6.07250989235566,-1.61580676671157,4347.112661482,113.70437755,43.3309819746308,13.1614289683734,8.67051787394505,0,17.8184369175176,11.7384727866819,0,427.925406384196,5.39731121162246,0,5.39731121162246
2006-01-01,2006,"Q1","2005/06","Q3","January",-318.190780739843,3154.57597936377,3472.76676010361,-1262.23149460584,1723.82593310923,2986.05742771507,-1039.7030630837,1175.87303307,2215.5760961537,-1162.6390630837,1052.93703307,190.255999,630.94,11.85,30.39,27.589,181.26759233,31.908,0,34.417,231.74103407,2215.5760961537,86.3289988194355,43.5349985452938,42.7940002741417,2046.28843132101,359.39569,1686.89274132101,82.95866601325,0,0,0,122.936,122.936,0,-222.528431522143,547.952900039231,770.481331561374,0,0,0,0,0,0,-465.610651955535,3.90903642083966,469.519688376375,222.936214127411,345.858992878298,122.922778750887,0,0,0,-48.1392641024006,8.79798101312039,56.937245115521,8.58,11.88,3.3,-8.254804,2.378623,10.633427,22.2546725399259,53.1614205534723,30.9067480135464,-29.224103718522,32.4230033,61.647107018522,0,0,0,74.9295055869775,89.5438428735005,14.6143372865229,0,-229.361792131095,71.8508601063538,301.212652237449,-21.1187619583948,0,21.1187619583948,-208.2430301727,71.8508601063538,280.093890279054,-248.679468905745,0,248.679468905745,-3.49841889350138,0,3.49841889350138,-17.3488925128982,10.5671099669094,27.9160024798077,19.5806456561475,61.2837501394444,61.2837501394444,0,0,0,0,1173.4025059971,1358.89918614818,185.49668015109,615.083051462262,615.629731613352,434.57040459,123.10377683578,57.9555501875721,0,0.54668015109,558.319454534833,743.269454534833,411,332.269454534833,184.95,3554.91438616129,3554.91438616129,0,0,0,0,3554.91438616129,3554.91438616129,0,3236.72360542145,2708.90883485302,-644.26249994651,0,0,0,0,0,0,0,0,0,0,0,644.26249994651,639.762394497475,482.667106762794,482.667106762794,0,0,157.095287734681,4.5001054490354,4.5001054490354,0,0,-21.6544023680087,0,0,0,0,0,0,0,0,0,0,0,0,0,0,0,0,0,0,0,0,0,0,0,0,0,0,0,21.6544023680087,19.1261272854649,0,0,19.1261272854649,0,0,0,2.52827508254381,0,0,0,0,0,0,2.52827508254381,-0.578176021658876,0,0,3.10645110420269,0,0,0,0,0,0,0,0,0,0,0,0,0,0,0,0,0,0,0,0,0,0,0,0,0,0,0,0,0,0,0,0,3374.82573716754,83.4825292346232,-3291.34320793292,0,0,0,83.346668263921,87.6991206482472,23.1924,23.1924,0,109.506720648247,109.506720648247,0,0,0,0,-45,-45,0,0,0,0,-45,-45,0,4.35245238432629,0,0,0,4.35245238432629,4.35245238432629,0,0,0,0,0,0,0,0,0,0,0,0,0,0,3309.34308894148,-4.21659141362406,0,0,0,0,-4.21659141362406,0,-4.21659141362406,0,0,0,0,0,0,0,0,0,0,0,0,0,-3313.5596803551,0,0,0,0,35.0672217369539,0,35.0672217369539,-3393.66715773046,0,0,-3393.66715773046,120.185420755818,35.53747516,84.6479455958184,-3513.85257848628,45.0402556384061,13.2107457629233,31.8295098754828,0,0,0,45.0402556384061,13.2107457629233,31.8295098754828,0,0,0,0,0,0,0,0,0,0,0,0,0,0,0,-17.8640200378543,0,0,0,0,0,0,0,0,0,0,0,0,0,0,0,0,0,0,0,17.8640200378543,0,0,0,0,0,0,0,0,0,17.8640200378543,17.8640200378543,0,0,0,0,17.8640200378543,17.8640200378543,0,0,0,0,0,0,0,0,0,0,0,0,0,0,0,0,0,0,0,0,0,0,0,0,0,0,0,0,0,0,0,0,0,0,0,0,0,0,0,0,0,28.4166942014876,-556.231464769911,556.23146476991,404.061200309409,0,0,0,0,0,404.061200309409,404.061200309409,0,404.061200309409,0,0,0,0,0,0,0,-123.91201627,2.89798373,-126.81,-28.2582481905016,1741.44,1831.45185089088,1723.82593310923,20166.1913594398,11011.040967105,10.679036038308,20.1214045318025,-933.820512353194,-2.88974295609673,-8.48076503523091,-5.05157928693233,1617.36256280567,100.329950301388,14.688552768421,9.93994648552168,6.78033367406315,0,20.7490431783985,14.1535406022563,0,137.545680300451,5.52149928805724,0,5.52149928805724
2007-01-01,2007,"Q1","2006/07","Q3","January",-562.842782413718,3904.52352605103,4467.36630846475,-1507.57489966939,2427.84107819037,3935.41597785976,-1193.20913717222,1764.96915839609,2958.17829556832,-1258.99013717222,1699.18815839609,266.649925,1001.67076352668,22.497,47.629,65.296,163.400711616442,35.327,9.009,74.328,430.867469869416,2958.17829556832,120.122559695697,64.3950441979214,55.7275154977755,2790.26150883052,441.05034,2349.21116883052,47.7942270420999,0,0,0,65.781,65.781,0,-314.365762497166,662.871919794278,977.237682291444,0,0,0,0,0,0,-615.420941223164,6.49157459156002,621.912515814724,266.276297331369,398.259768393494,131.983471062126,0,0,0,-64.5778926725237,10.8987375816321,75.4766302541558,10.53,14.73,4.2,-4.28040007,0.51248627,4.79288634,6.76273276985848,33.7644863820797,27.0017536122212,-54.230687801741,37.9818715372456,92.2125593389866,0,0,0,140.575129169035,160.232995038266,19.657865869231,0,-231.686055578115,97.0569308757251,328.74298645384,-32.506473275165,0,32.506473275165,-199.17958230295,97.0569308757251,296.236513178675,-261.565627354769,0,261.565627354769,-13.0466805059471,0,13.0466805059471,-6.56463154271255,15.0595737752461,21.6242053179587,10.0682215101983,81.997357100479,81.997357100479,0,0,0,0,1176.41817283379,1379.62551698494,203.20734415115,391.499332856892,391.499332856892,206.428952008308,116.468444344924,68.60193650366,0,0,784.918839976893,988.126184128043,451.571875891443,536.554308236599,203.20734415115,0,0,0,0,0,0,0,0,0,-562.842782413718,-1291.65834604963,-792.305780891244,0,0,0,0,0,0,0,0,0,0,0,792.305780891244,742.13825504182,577.195545691295,577.195545691295,0,0,164.942709350525,50.1675258494239,50.1675258494239,0,0,-67.6702316113401,0,0,0,0,0,0,0,0,0,0,0,0,0,0,0,0,0,0,0,0,0,0,0,0,0,0,0,67.6702316113401,-23.1097415534816,0,0,-23.2356344281633,0.125892874681751,0,0.125892874681751,90.7799731648217,0,0,0,0,0,0,90.7799731648217,51.9903152957851,0,0,38.7896578690366,0,0,0,0,0,0,0,0,0,0,0,-1.35858222774312,0,-1.35858222774312,0,0,0,0,7.64400636986892,0,7.64400636986892,0,0,0,0,9.00258859761204,0,9.00258859761204,0,0,0,0,-430.323751319298,92.3233985344152,522.647149853713,0,0,0,86.5137032962856,107.093277438678,32.1348821592992,32.1348821592992,0,59.9583952793789,59.9583952793789,0,0,0,0,15,15,0,0,0,0,15,15,0,20.5795741423925,0,0,0,20.5795741423925,20.5795741423925,0,0,0,0,0,0,0,0,0,0,0,0,0,0,-479.08721372957,0.635443685737116,0,0,0,0,0.635443685737108,0,0.635443685737108,0,0,0,0,0,0,0,0,0,0,0,0,0,479.722657415307,0,0,0,0,58.5697608943146,0,58.5697608943146,365.959365803128,0,0,365.959365803128,439.849972707288,229.93626042,209.913712287288,-73.89060690416,55.1935307178652,14.2092892625723,40.984241455293,0,0,0,55.1935307178652,14.2092892625723,40.984241455293,0,0,0,0,0,0,0,0,0,0,0,0,0,0,0,-22.3449182960135,0,0,0,0,0,0,0,0,0,0,0,0,0,0,0,0,0,0,0,22.3449182960135,0,0,0,0,0,0,0,0,0,22.3449182960135,22.3449182960135,0,0,0,0,22.3449182960135,22.3449182960135,0,-15.40532259,-15.40532259,-15.40532259,0,-15.40532259,0,0,0,0,0,0,0,0,0,0,0,0,0,0,0,0,0,0,0,0,0,0,0,0,0,0,0,0,0,0,0,0,0,0,0,3.1373309390429,-731.95289457495,731.95289457495,713.332766067552,0,0,0,0,0,713.332766067552,713.332766067552,0,713.332766067552,0,0,0,0,0,0,0,0,0,0,-18.6201285073978,1697.34,1723.49158714041,2427.84107819037,23351,13548.6604787794,13.0268904528272,21.8337325686297,-954.342115270611,-4.15423195005345,-7.04381157654182,-5.40240044926486,1590.28091737,90.3546170309293,11.7375508808474,5.77473517332049,4.1980628676127,0,5.79086043504,4.20978545928547,0,90.1024762843539,5.79494265904053,0,5.79494265904053
2008-01-01,2008,"Q1","2007/08","Q3","January",-1223.83916411428,4780.49352397637,6004.33268809065,-2260.44472995138,3039.71957337923,5300.16430333061,-1835.13678771622,2207.62874333645,4042.76553105267,-1885.41078771622,2157.35474333645,398.119845,1205.15017337679,17.525,47.346,72.726,169.842994120941,46.481,77.57,117.908,554.084724959659,4042.76553105267,258.281577926384,137.138821702028,121.142756224356,3719.25885902919,641.47706,3077.78179902919,65.2250940970937,0,0,0,50.274,50.274,0,-425.307942235161,832.090830042777,1257.39877227794,0,0,0,0,0,0,-845.932941929561,41.0181107964135,886.951052725975,342.736012540881,498.278802238084,155.542789697203,0,0,0,-83.8896181639713,7.61991942958589,91.5095375935572,14.04,19.02,4.98,0.97323791,2.77092831,1.7976904,21.2672858395346,53.1868763913925,31.919590551858,3.54158598555546,64.80610093,61.2645149444445,0,0,0,121.9564955824,145.390091947301,23.4335963649006,0,-250.246800787384,130.244058738678,380.490859526061,-57.3663668850858,0,57.3663668850858,-192.880433902298,130.244058738678,323.124492640976,-249.892339123471,0,249.892339123471,-45.2519843545679,0,45.2519843545679,-13.6714329232694,14.3087362396677,27.9801691629371,12.3849049714942,115.93532249901,115.93532249901,0,0,0,0,1286.85236662448,1610.52989185846,323.677525233983,379.333595493538,379.333595493538,173.690450154134,159.138295286076,46.5048500533281,0,0,907.51877113094,1231.19629636492,723.521002699915,507.675293665007,323.677525233983,0,0,0,0,0,0,0,0,0,-1223.83916411428,-1179.55255944496,-728.860900652408,0,0,0,0,0,0,0,0,0,0,0,728.860900652408,577.637670491848,412.910278310053,412.910278310053,0,0,164.727392181795,151.22323016056,151.22323016056,0,0,-17.5964375158302,12.0639494227989,12.0639494227989,0,0,0,12.0639494227989,0,12.0639494227989,0,0,0,0,0,0,0,0,0,0,0,0,0,0,0,0,0,0,0,29.6603869386291,13.0670144365323,0,0,2.37718091135759,10.6898335251747,0,10.6898335251747,16.5933725020968,0,0,0,0,0,0,16.5933725020968,6.63671085615176,0,0,9.95666164594503,0,0,0,0,0,0,0,0,0,0,0,-6.88585806886189,0,-6.88585806886189,0,0,0,0,25.7505842699812,0,25.7505842699812,0,0,0,0,32.6364423388431,0,32.6364423388431,0,0,0,0,-426.209363207862,-38.656918975421,387.552444232442,0,0,0,-10.5062864386335,-33.437190282445,-45.2033181659634,-45.2033181659634,0,37.7661278835184,37.7661278835184,0,0,0,0,-26,-26,0,0,0,0,-26,-26,0,-22.9309038438114,0,0,0,-22.9309038438114,-22.9309038438114,0,0,0,0,0,0,0,0,0,0,0,0,0,0,-377.415544801465,-5.21972869297601,0,0,0,0,-5.21972869297601,0,-5.21972869297601,0,0,0,0,0,0,0,0,0,0,0,0,0,372.195816108489,0,0,0,0,126.24838070984,0,126.24838070984,187.44381812556,0,0,187.44381812556,251.620457637069,13.300435,238.320022637069,-64.1766395115089,58.5036172730889,14.9182567557119,43.585360517377,0,0,0,58.5036172730889,14.9182567557119,43.585360517377,0,0,0,0,0,0,0,0,0,0,0,0,0,0,0,-25.1491318718525,0,0,0,0,0,0,0,0,0,0,0,0,0,0,0,0,0,0,0,25.1491318718525,0,0,0,0,0,0,0,0,0,25.1491318718525,25.1491318718525,0,0,0,0,25.1491318718525,25.1491318718525,0,-13.1384000959114,0,0,0,0,0,0,0,0,0,0,0,0,0,0,0,0,0,0,0,13.1384000959114,0,0,0,0,0,0,0,0,0,13.1384000959114,13.1384000959114,0,0,0,0,13.1384000959114,13.1384000959114,0,0,106.745155085875,-62.4585504165534,62.4585504165534,42.9632401671058,0,0,0,0,0,42.9632401671058,42.9632401671058,0,42.9632401671058,0,0,0,0,0,0,0,0,0,0,-19.4953102494475,1949.18,1720.44387915111,3039.71957337923,30826,17917.4690750215,12.3210969925103,22.5632622226128,-1603.17275960782,-6.83042431378001,-8.94754026305413,-0.348590250972588,1818.64381898103,87.7737733846584,11.104750946628,4.12702414863919,2.99729528169961,0,4.12808150589096,2.99806319867506,0,82.3799664898576,5.27906365735247,0,5.27906365735247
2009-01-01,2009,"Q1","2008/09","Q3","January",-1048.04288555759,4984.52716233559,6032.57004789318,-1874.44891065659,3353.74553034237,5228.19444099895,-1508.68075517509,2326.56199433952,3835.24274951461,-1531.75475517509,2303.48799433952,280.207952,1219.736,19.637,58.614,61.695,155.49441459084,46.898,82.684,96.379,803.544042339521,3835.24274951461,297.974633150349,199.026287861802,98.948345288547,3460.96369689997,438.658986552533,3022.30471034744,76.3044194642887,0,0,0,23.074,23.074,0,-365.7681554815,1027.18353600285,1392.95169148435,0,0,0,0,0,0,-850.029234601941,41.182766282192,891.212000884133,475.545951440618,667.057936838113,191.511985397495,0,0,0,-50.5975816242949,17.7696524275031,68.367234051798,12.2177894292517,17.5441939462976,5.32640451704584,-0.207658193068,3.04672388257,3.254382075638,20.9812035425445,55.71326703044,34.7320634878955,-128.377058269447,54.4618550034,182.838913272847,0,0,0,154.698432794836,170.40714059233,15.7087077974942,0,-365.93176238647,44.654350558817,410.586112945287,-87.7692526546274,2.76471343891417,90.5339660935415,-278.162509731843,41.8896371199028,320.052146851746,-247.080607073814,0,247.080607073814,-34.0413972896582,0,34.0413972896582,-32.7542236981457,6.17591879012787,38.9301424882736,16.8116450313144,35.713718329775,35.713718329775,0,0,0,0,1192.33778748546,1586.1272814344,393.789493948942,400.978619321103,402.686452941103,233.770401746524,124.033475283059,44.8825759115206,0,1.70783362,791.35916816436,1183.4408284933,778.33260593,405.108222563301,392.081660328942,0,0,0,0,0,0,0,0,0,-1048.04288555759,-1489.87685930786,-812.720321699575,28.8504810480626,25.7083336001199,25.7083336001199,25.7083336001199,0,0,0,3.14214744794269,3.14214744794269,0,0,841.570802747638,770.570802747638,632.999374176209,632.999374176209,0,0,137.571428571429,71,71,0,0,-28.7291966840921,-0.0123455881880986,-0.0123455881880986,0,0,-0.0123455881880986,0,0,0,0,0,0,0,0,0,0,0,0,0,0,0,0,0,0,0,0,0,0,28.716851095904,131.061427487723,0,0,127.686895859328,3.37453162839512,0,3.37453162839512,-102.344576391819,0,0,0,0,0,0,-102.344576391819,-54.4908106751332,0,0,-47.8537657166863,0,0,0,0,0,0,0,0,0,0,0,6.17412376192715,0,6.17412376192715,0,0,0,0,21.1953934424332,0,21.1953934424332,0,0,0,0,15.021269680506,0,15.021269680506,0,0,0,0,-654.601464686116,213.311339170255,867.912803856371,0,0,0,222.84034553475,214.079725292062,168.720927534239,168.720927534239,0,-26.6412022421766,-26.6412022421766,0,0,0,0,72,72,0,0,0,0,72,72,0,-8.76062024268783,0,0,0,-8.76062024268783,-8.76062024268783,0,0,0,0,0,0,0,0,0,0,0,0,0,0,-584.966991761407,-0.768386121806828,0,0,0,0,-0.768386121806828,0,-0.768386121806828,0,0,0,0,0,0,0,0,0,0,0,0,0,584.1986056396,0,0,0,0,56.5324991802431,0,56.5324991802431,356.104843090382,0,0,356.104843090382,425.955127005523,223.44015,202.514977005523,-69.8502839151408,171.561263368975,17.1965850364351,154.36467833254,0,0,0,171.561263368975,17.1965850364351,154.36467833254,0,0,0,0,0,0,0,0,0,0,0,0,0,0,0,-27.0771997992109,0,0,0,0,0,0,0,0,0,0,0,0,0,0,0,0,0,0,0,27.0771997992109,0,0,0,0,0,0,0,0,0,27.0771997992109,27.0771997992109,0,0,0,0,27.0771997992109,27.0771997992109,0,-41.3976186602483,0,0,0,0,0,0,0,0,0,0,0,0,0,0,0,0,0,0,0,41.3976186602483,0,0,0,0,0,0,0,0,0,41.3976186602483,10.37933607577,31.0182825844783,0,0,0,41.3976186602483,10.37933607577,31.0182825844783,224,-245.057972615501,-196.776001134762,196.776001134762,184.579892369167,0,0,0,224,0,-39.4201076308329,-39.4201076308329,0,-39.4201076308329,0,0,0,0,0,0,0,0,0,0,-12.1961087655947,1899.71,2030.48788683418,3353.74553034237,38419,18921.0683053622,12.2961449998052,20.2696945416539,-1450.7293384987,-5.53902596113234,-7.66726970742749,-1.03998356730733,2274.2489017,82.0373009346183,13.5158791575527,4.13876310804869,2.87114477340134,0,4.14469187127123,2.87525767793217,0,97.7514851198121,5.37862918336418,0,5.37862918336418
2010-01-01,2010,"Q1","2009/10","Q3","January",-1609.77370387242,5140.19238100282,6749.96608487523,-2710.27003952991,3468.07763456923,6178.34767409914,-2211.71688196219,2163.97407052818,4375.69095249037,-2241.79388196219,2133.89707052818,284.637,1320.92329023818,21.186,68.255,69.351,174.89602524,46.553,71.377,90.825,528.336780289999,4375.69095249037,588.69987663598,172.413654632681,416.286222003299,3720.49727394439,562.385635372647,3158.11163857175,66.49380191,0,0,0,30.077,30.077,0,-498.553157567719,1304.10356404105,1802.65672160877,0.433611652401064,0.436560179304635,0.00294852690357116,0,0,0,-1017.06973870824,42.0538286693306,1059.12356737757,463.944317579557,783.909330285701,319.965012706144,0,0,0,-44.6170015524569,12.3731427159855,56.9901442684424,14.5550253910512,21.3287061129439,6.77368072189264,1.3484087674934,4.158668243313,2.8102594758196,7.70594896516961,56.8769037617259,49.1709547965563,-166.581352113267,112.7771675896,279.358519702867,0,0,0,241.727622450574,270.189256483145,28.461634032571,0,-261.603009549316,60.0111512049738,321.61416075429,-78.321187462721,2.78913202229528,81.1103194850163,-183.281822086595,57.2220191826786,240.503841269274,-145.975936292375,36.8074948363352,182.78343112871,-17.4092018912928,0,17.4092018912928,-35.8460598858146,4.46514836345634,40.3112082492709,20.16235350785,15.949375982887,15.949375982887,0,0,0,0,1362.09934520681,1612.10359522861,250.0042500218,626.912397286288,626.927028536288,252.85494943158,203.532522127208,49.0620569775,121.4775,0.01463125,735.186947920523,985.176566692323,768,217.176566692323,249.9896187718,0,0,0,0,0,0,0,0,0,-1609.77370387242,-1068.00722903721,-506.65842345964,37.2143038130875,36.8074948363352,0,0,0,0,36.8074948363352,0.406808976752304,0.406808976752304,0,0,543.872727272727,247.972727272727,136.7,136.7,0,0,111.272727272727,295.9,295.9,0,0,110.524359696978,0.000189761002197624,0.000189761002197624,0,0,0.000189761002197624,0,0,0,0,0,0,0,0,0,0,0,0,0,0,0,0,0,0,0,0,0,0,-110.524169935976,-70.4929298348152,0,0,-74.2316781508297,3.7387483160145,0,3.7387483160145,-40.0312401011607,0,0,0,0,0,0,-40.0312401011607,-13.0938600104236,0,0,-26.9373800907371,0,0,0,0,0,0,0,0,0,0,0,1.4257651866008,0,1.4257651866008,0,0,0,0,9.96969506967225,0,9.96969506967225,0,0,0,0,8.54392988307145,0,8.54392988307145,0,0,0,0,-673.298930461154,107.070494648598,780.369425109752,0,0,0,-265.98494130237,-204.733953359059,0.686263431565408,0.686263431565408,0,-187.420216790624,-187.420216790624,0,0,0,0,-18,-18,0,0,0,0,-18,-18,0,61.2509879433112,0,0,0,61.2509879433112,61.2509879433112,0,0,0,0,0,0,0,0,0,0,0,0,0,0,-354.948372081222,311.804448007657,0,0,0,0,311.804448007657,0,311.804448007657,0,0,0,0,0,0,0,0,0,0,0,0,0,666.752820088879,0,0,0,0,46.7659903177686,0,46.7659903177686,302.740739794477,0,0,302.740739794477,370.273792855797,105.27558942,264.998203435797,-67.53305306132,317.246089976633,20.8045277177508,296.441562258882,0,0,0,317.246089976633,20.8045277177508,296.441562258882,0,0,0,0,0,0,0,0,0,0,0,0,0,0,0,27.6343829224382,0,0,0,0,0,0,0,0,0,0,0,0,0,0,0,0,0,0,0,-27.6343829224382,0,0,0,0,0,0,0,0,0,-27.6343829224382,4.52198993276261,-32.1563728552008,0,0,0,-27.6343829224382,4.52198993276261,-32.1563728552008,-80,0,0,0,0,0,0,0,0,0,0,0,0,0,0,0,0,0,0,0,80,0,0,0,0,0,0,0,0,0,80,0,80,0,0,0,80,0,80,0,499.673636789452,42.0928380457503,-42.0928380457503,-44.5786612537503,0,0,0,-0.20812839225319,0,-44.3705328614971,-44.3705328614971,0,-44.3705328614971,0,0,0,0,0,0,0,0,0,0,-2.485823208,2308.3,2177.55750683358,3468.07763456923,42870,19687.1953394875,10.9917844223743,22.2260757666881,-2115.22323240871,-8.17675487093697,-10.7441572856552,0.213808200304301,2705.4986731223,82.394,15.8962718610039,4.66346537131281,2.90985935312849,0,4.67308324959923,2.91586061417808,0,125.024542113018,4.01125122169114,0,4.01125122169114
2011-01-01,2011,"Q1","2010/11","Q3","January",-2087.2534284886,6086.04916807937,8173.30259656798,-3161.10329392494,4298.47934577473,7459.58263969968,-2477.59170117266,2519.1266426377,4996.71834381037,-2485.13410268266,2511.5842411277,466.661297969999,1689.08625851739,85.8758381799999,71.81461734,54.51866028,169.9968283,52.47541539,94.1527463300001,121.97649125,355.83668464031,4996.71834381037,492.556686541707,206.909378339274,285.647308202433,4450.227158356,802.510255046514,3647.71690330948,53.9344989126645,0,0,0,7.54240150999999,7.54240150999999,0,-683.511592752279,1779.35270313703,2462.8642958893,-21.0761154457922,0.817121685287516,21.8932371310797,-27.3466123146287,0.166686002522537,27.5132983171512,-1031.28889651201,149.858248435589,1181.1471449476,555.130620802663,959.786637258789,404.656016456125,48.4405280032014,245.865028517221,197.424500514019,-71.2309295510523,18.135213810284,89.3661433613363,15.3732054895519,24.811358669496,9.43815317994403,-1.42945792147441,6.84626237964466,8.27572030111908,-2.02393835869347,74.5704706423125,76.594409001006,-279.41827111103,129.851060889636,409.269332000667,-11.3891327313864,4.54701431485228,15.9361470462387,142.747406898375,164.097600531394,21.350193633019,0,-401.431635085936,17.1385518195087,418.570186905444,-96.9334254407021,3.28819779477704,100.221623235479,-304.498209645234,13.8503540247316,318.348563669965,-272.570783571202,-10.5312175510914,262.03956602011,-11.7327951100795,0,11.7327951100795,-39.6866673105527,4.88953522922264,44.5762025397754,24.0598869578528,19.4920363466004,19.4920363466004,0,0,0,0,1475.28150052227,1770.43127048512,295.149769962851,679.555539233743,679.555539233743,132.190126163244,168.098936908652,51.3189761618465,327.9475,0,795.725961288533,1090.87573125138,812.943613,277.932118251384,295.149769962851,12.0446438037088,12.0446438037088,0,0,0,0,12.0446438037088,12.0446438037088,0,-2075.20878468489,-1506.86356153667,-906.140427587276,-11.8465695872761,-10.5312175510914,0,0,0,0,-10.5312175510914,-1.31535203618472,-1.31535203618472,0,0,894.293857999999,573.047389,396.800841999999,396.800841999999,0,0,176.246546999999,321.246469,321.246469,0,0,-259.315990891016,-2.55611220903005,-2.55611220903005,0,0,0.02740484500403,-2.58351705403408,0,-2.58351705403408,0,0,0,0,0,0,0,0,0,0,0,0,0,0,0,0,0,0,0,256.759878681986,105.513074190025,0,0,104.279730373227,1.23334381679817,0,1.23334381679817,151.24680449196,0,0,0,0,0,0,151.24680449196,107.782122238752,96.6727821630515,-10.9217680492583,43.4646822532089,15.5261591500678,-1.96568996540113,0,0,0,0,0,0,0,0,0,-5.45830532562961,0,-5.45830532562961,0,0,0,0,14.6447144353366,0,14.6447144353366,0,0,0,0,20.1030197609662,0,20.1030197609662,0,0,0,0,-335.948837732755,-3.14542228981484,332.80341544294,0,0,0,77.7762334786479,80.3994343858598,-86.2988995070722,-86.2988995070722,0,172.698333892932,172.698333892932,0,0,0,0,-5.99999999999998,-5.99999999999998,0,0,0,0,-5.99999999999998,-5.99999999999998,0,2.62320090721198,0,0,0,2.62320090721198,2.62320090721198,0,0,0,0,0,0,0,0,0,0,0,0,0,0,-402.732886821252,-83.5295706101091,0,0,0,0,-83.5295706101091,0,-83.5295706101091,0,0,0,0,0,0,0,0,0,0,0,0,0,319.203316211143,0,0,0,0,-11.2299825002469,0,-11.2299825002469,248.55765271139,0,0,248.55765271139,317.785323413157,49.03035273,268.754970683157,-69.227670701767,81.8756459999999,-0.917165,82.7928109999999,0,0,0,81.8756459999999,-0.917165,82.7928109999999,0,0,0,0,0,0,0,0,0,0,0,0,0,0,0,-4.60296026458467,0,0,0,0,0,0,0,0,0,0,0,0,0,0,0,0,0,0,0,4.60296026458467,0,0,0,0,0,0,0,0,0,4.60296026458467,8.90914889579961,-4.30618863121493,0,0,0,4.60296026458467,8.90914889579961,-4.30618863121493,-6.38922412556557,-0.0152860655655731,0,0,0,0,0,0,-0.0152860655655731,-0.0152860655655731,0,0,0,0,0,0,0,0,0,0,6.37393806,0,0,0,0,0,0,0,0,0,6.37393806,6.19491666,0.1790214,0,0,0,6.37393806,6.19491666,0.1790214,0,486.893609217027,81.4516139311934,-81.4516139311934,-86.3275012499964,0,0,0,-1.05493852390659,0,-85.2725627260898,-85.2725627260898,0,-85.2725627260898,0,0,0,0,0,0,0,-0.961473999999999,0,-0.961473999999999,-3.91441331880303,2490.99,2522.74631724487,4298.47934577473,54705,21684.7011631928,11.61706875128,23.0425972034686,-2438.86146772235,-9.6254654965293,-11.2469221935234,0.375617876023342,2989.68376500362,0,16.9721070198907,4.11414203698229,2.41109564179839,0,4.15601919020084,2.43563777493539,0,118.679375399452,3.76813137527552,2398.59219200479,3.76813137527552
2012-01-01,2012,"Q1","2011/12","Q3","January",-1655.59219289012,6770.30894893678,8425.90114182691,-2810.46691929134,4935.83685008773,7746.30376937907,-2451.06413469847,2810.48087678363,5261.54501148211,-2458.88380559847,2802.66120588363,372.50377905,1976.43165716813,75.99778846,73.90324598,61.58886998,159.22619473,52.6746642,107.00749936,133.65532277,453.7257696655,5261.54501148211,496.659987606478,389.041424686886,107.618562919592,4712.00115697563,1040.0587270882,3671.94242988743,52.8838669,0,0,0,7.8196709,7.8196709,0,-359.402784592869,2125.35597330409,2484.75875789696,6.58897636546,7.46067408932274,0.871697723862737,-7.60268084819985,5.58462688010895,13.1873077283088,-1068.41541003157,191.787624764539,1260.20303479611,651.256391779409,1135.4521470445,484.195755265096,48.2091358768759,244.594657170702,196.385521293826,-46.3019129136381,33.6750510902792,79.9769640039173,9.91340774896003,30.2902666342688,20.3768588853088,8.96693004089614,20.2799013570999,11.3129713162038,9.78117813938187,74.2950507976275,64.5138726582456,-115.061628983273,197.484277108972,312.545906092245,-6.07329248680158,8.61533597585284,14.6886284626544,149.336120719636,175.836360390814,26.5002396711779,0,-456.688159267084,75.1496031451181,531.837762412202,-174.667088492832,2.94734775199549,177.614436244827,-282.021070774252,72.2022553931226,354.223326167375,-204.614080746456,47.0067512191999,251.620831965656,-56.4188940623317,0,56.4188940623317,-29.6918290847015,16.4917710546857,46.1836001393873,28.6537048641725,8.70373311923697,8.70373311923697,0,0,0,0,1611.5628856683,1759.32249570393,147.759610035629,601.157826800972,601.157826800972,77.041874414246,298.205373595155,46.2059972594953,179.704581532075,0,1010.40505886733,1158.16466890296,910.316842968659,247.847825934301,147.759610035629,21.8012669749247,21.8012669749247,0,0,0,0,21.8012669749247,21.8012669749247,0,-1633.7909259152,-1618.87472566358,-1159.05145972052,46.3370280732152,47.0067512191999,0,0,0,0,47.0067512191999,-0.669723145984629,-0.669723145984629,0,0,1205.38848779374,921.747824115242,780.398327808535,780.398327808535,0,0,141.349496306706,283.640663678497,283.640663678497,0,0,-3.07069642811466,8.91343687192242,5.68349134963746,0,0,0,5.68349134963746,0,5.68349134963746,3.22994552228495,0,0,0,0,0,0,0,0,0,3.22994552228495,0,3.22994552228495,3.22994552228495,0,3.22994552228495,0,0,0,11.984133300037,14.0679214084104,0,0,0.100259252710621,13.9676621556998,0,13.9676621556998,-2.08378810837339,0,0,0,0,0,0,-2.08378810837339,-48.1660621083543,4.94548838299127,-53.1115504913455,46.0822739999809,51.268577424416,-5.18630342443513,0,0,0,0,0,0,0,0,0,-3.7914977251227,0,-3.7914977251227,0,0,0,0,14.9457336466676,0,14.9457336466676,0,0,0,0,18.7372313717903,0,18.7372313717903,0,0,0,0,-452.961071789825,327.593154099023,780.554225888848,-29.4088490969523,0,29.4088490969523,487.922175328427,463.792214933835,225.944177090007,225.944177090007,0,172.848037843828,172.848037843828,0,0,0,0,64.9999999999999,64.9999999999999,0,0,0,0,64.9999999999999,64.9999999999999,0,-24.1299603945914,0,0,0,-24.1299603945914,-24.1299603945914,0,0,0,0,0,0,0,0,0,0,0,0,0,0,-925.919217711695,-136.199060834812,0,0,0,0,-136.199060834812,0,-136.199060834812,0,0,0,0,0,0,0,0,0,0,0,0,0,789.720156876883,0,0,0,0,193.19954291056,0,193.19954291056,476.052668295855,0,0,476.052668295855,549.461563325746,8.997714,540.463849325746,-73.4088950298904,120.467945670467,10.7352131795593,109.732732490907,0,0,0,120.467945670467,10.7352131795593,109.732732490907,0,0,0,0,0,0,0,0,0,0,0,0,0,0,0,13.8054355434159,0,0,0,0,0,0,0,0,0,0,0,0,0,0,0,0,0,0,0,-13.8054355434159,0,0,0,0,0,0,0,0,0,-13.8054355434159,-12.0655732001352,-1.73986234328069,0,0,0,-13.8054355434159,-12.0655732001352,-1.73986234328069,0.639384146979617,0,0,0,0,0,0,0,0,0,0,0,0,0,0,0,0,0,0,0,-0.639384146979617,0,0,0,0,0,0,0,0,0,-0.639384146979617,0,-0.639384146979617,0,0,0,-0.639384146979617,0,-0.639384146979617,0,549.044992742118,-534.128792490507,534.128792490507,528.739479130274,0,0,0,-1.85230588129453,0,530.591785011568,530.591785011568,0,530.591785011568,0,0,0,0,0,0,0,-1.85209882198203,0,-1.85209882198203,-3.53721453825078,2685.945,2503.3131004878,4935.83685008773,61142,24424.431761287,11.5068424283192,21.5421388833362,-2077.04543815902,-6.77842665520783,-8.50396626811668,-2.18686271889898,3593.94694701986,81.3658160204571,14.7145570555967,3.87347037456095,2.20556609651675,0,3.93937745461248,2.24309379318811,0.531378522376192,127.876584278091,4.78469744913724,2951.26432330232,4.78469744913724
2013-01-01,2013,"Q1","2012/13","Q3","January",-1751.48525693052,6475.27960210556,8226.76485903609,-2469.98202941977,4931.77581548089,7401.75784490067,-2145.40310612829,2828.71473959045,4974.11784571875,-2148.65304000829,2825.46480571045,425.40609304,1992.46079570578,31.4219133099999,85.62340362,114.94050383,127.336315319999,56.80238517,102.941429319999,137.62379988,407.597916964676,4974.11784571875,408.366491104894,325.413830088242,82.9526610166526,4512.10046383392,1013.59202921942,3498.5084346145,53.6508907799299,0,0,0,3.24993388,3.24993388,0,-324.578923291483,2103.06107589043,2427.63999918192,-0.513955968648948,0.0104384819236689,0.524394450572617,-5.44064745000061,0.216855762927311,5.65750321292792,-975.232860006689,225.091894325369,1200.32475433205,730.976674927978,938.725714927978,207.74904,62.3868969640684,240.385347624438,177.99845066037,-55.0078375767232,18.4311910291102,73.4390286058335,20.8894229925429,28.778831609133,7.88940861659011,-0.746806477349999,14.0303565684,14.77716304575,-28.9368711015662,102.120948772715,131.057819874282,-258.579845329019,297.295071947029,555.874917276049,-5.45040320262847,11.9523977318568,17.4028009344852,191.077308936553,226.022027109554,34.944718173001,0,-538.175966544741,79.2889516777922,617.464918222533,-150.982609523756,9.09404957993919,160.076659103696,-387.193357020984,70.194902097853,457.388259118837,-297.994550034428,45.7922167295617,343.78676676399,-46.8922592224166,0,46.8922592224166,-57.8688522643679,8.8403808680624,66.7092331324303,35.6088993014076,15.5623045002287,15.5623045002287,0,0,0,0,1256.67273903399,1464.21483494687,207.542095912888,208.843176908862,208.843176908862,23.01555984,131.127047475649,48.6267899672986,6.07377962591481,0,1047.82956212512,1255.37165803801,931.570329696436,323.801328341579,207.542095912888,79.9913915403457,79.9913915403457,0,0,0,0,79.9913915403457,79.9913915403457,0,-1671.49386539018,-1270.60982343912,-1051.62292249344,44.3770775065571,45.7922167295617,0,0,0,0,45.7922167295617,-1.41513922300461,-1.41513922300461,0,0,1096,848.2,721.4,721.4,0,0,126.799999999999,247.8,247.8,0,0,14.4877772629463,194.26356863794,18.2566906712412,0,0,0,18.2566906712412,0,18.2566906712412,176.006877966698,0,0,0,0,0,0,0,0,0,176.006877966698,0,176.006877966698,176.006877966698,0,176.006877966698,0,0,0,179.775791374993,94.8495220019661,0,0,62.0322990871188,32.8172229148472,0,32.8172229148472,84.9262693730276,0,0,0,0,0,0,84.9262693730276,-16.8764216505037,61.2846115725839,-78.1610332230877,101.802691023531,110.454745377371,-8.65205435384041,0,0,0,0,0,0,0,0,0,-1.67588225024115,0,-1.67588225024115,0,0,0,0,7.48383442461204,0,7.48383442461204,0,0,0,0,9.1597166748532,0,9.1597166748532,0,0,0,0,-231.798795958388,458.79733847159,690.596134429979,-4.02993526350975,0,4.02993526350975,377.253695970198,437.66974408948,128.957853188291,128.957853188291,0,53.7118909011888,53.7118909011888,0,0,0,0,255,255,0,0,0,0,255,255,0,60.4160481192819,0,0,0,60.4160481192819,60.4160481192819,0,0,0,0,0,0,0,0,0,0,0,0,0,0,-624.103974637282,21.1275943821104,0,0,0,0,21.1275943821104,0,21.1275943821104,0,0,0,0,0,0,0,0,0,0,0,0,0,645.231569019393,0,0,0,0,165.478111516923,0,165.478111516923,513.270357502469,0,0,513.270357502469,594.503173258504,110.993446999999,483.509726258504,-81.2328157560346,-33.5168999999999,0.922599999999999,-34.4394999999999,0,0,0,-33.5168999999999,0.922599999999999,-34.4394999999999,0,0,0,0,0,0,0,0,0,0,0,0,0,0,0,19.0814179722055,0,0,0,0,0,0,0,0,0,0,0,0,0,0,0,0,0,0,0,-19.0814179722055,0,0,0,0,0,0,0,0,0,-19.0814179722055,-24.9989179722055,5.9175,0,0,0,-19.0814179722055,-24.9989179722055,5.9175,0,0,0,0,0,0,0,0,0,0,0,0,0,0,0,0,0,0,0,0,0,0,0,0,0,0,0,0,0,0,0,0,0,0,0,0,0,0,0,0,630.605753376191,-229.721711425134,229.721711425134,223.416048276868,0,0,0,-1.82521999978498,0,225.241268276653,225.241268276653,0,225.241268276653,0,0,0,0,0,0,0,-1.82521999978498,0,-1.82521999978498,-4.48044314848107,2527.95547939149,2586.46447017396,4931.77581548089,65954.5175181518,25499.873777008,11.0930538885293,19.5064410483619,-1954.25465421348,-6.86860363406881,-7.66378167712946,-0.900873915824098,4106.28338037384,81.8748851534017,16.1031517892307,9.05873029825324,5.17842765365139,0.365494198517903,9.18373059210021,2.60345001273938,0.531378522376192,145.164279837151,4.81853490080415,3121.82122135811,4.81853490080415
2014-01-01,2014,"Q1","2013/14","Q3","January",-2165.98772653222,6393.71299837722,8559.70072490945,-2869.23726656409,4905.29491541623,7774.53218198032,-2374.84358049744,2724.7731327444,5099.61671324184,-2375.08072171344,2724.5359915284,407.39690149,1939.82597242241,21.8345057977628,84.6996446490606,65.270411366322,134.085041294906,57.4928876083205,89.3984988358124,132.031036984761,377.31311761599,5099.61671324184,270.986249325702,227.205191592333,43.7810577333689,4762.82089523755,1105.30868632699,3657.51220891056,65.80956867859,0,0,0,0.237141216,0.237141216,0,-494.393686066648,2180.52178267183,2674.91546873847,-0.77412,0.07704,0.85116,-3.26307778344439,0,3.26307778344439,-980.525398365252,168.217179816492,1148.74257818174,776.147512147095,964.849642147095,188.702129999999,60.6198401580725,221.254634618933,160.634794460861,-49.9776514950058,26.9136595913611,76.8913110863669,24.8771524228461,34.3259231284698,9.44877070562379,0.698487746769212,12.8820064199999,12.1835186732307,-19.0887971909695,56.8762987902001,75.9650959811697,-448.24914923855,508.882498837478,957.131648076029,-12.6446344856377,6.93178923035059,19.5764237159883,157.786150017428,179.311110091448,21.52496007402,0,-563.651184212119,28.0962509656347,591.747435177754,-106.673426476228,1.6774870261074,108.350913502335,-456.977757735891,26.4187639395273,483.396521675418,-347.056240003746,0.579280275908808,347.635520279655,-43.2281391069608,0,43.2281391069608,-89.9966246831565,2.53623760564635,92.5328622888029,46.5994983759614,23.3032460579722,23.3032460579722,0,0,0,0,1266.90072424398,1460.32183199535,193.421107751366,207.335303487879,207.335303487879,44.60213151,95.7595626851498,58.3279814713378,8.64562782139217,0,1059.5654207561,1252.98652850747,885.933822414435,367.05270609304,193.421107751366,94.6684382777702,94.6684382777702,0,0,0,0,94.6684382777702,94.6684382777702,0,-2071.31928825445,-1825.16988036954,-1031.54624299491,27.0182973519361,0.579280275908808,0,0,0,0,0.579280275908808,26.4390170760273,9.59424410347776,0,16.8447729725496,1058.56454034685,741.42865064155,585.155573678909,585.133538325928,0,0.0220353529812768,156.27307696264,317.1358897053,317.1358897053,0,0,-33.1408822266478,147.947783491668,26.2875838374751,0,0,0,26.2875838374751,0,26.2875838374751,121.660199654193,0,0,0,0,0,0,0,0,0,121.660199654193,0,121.660199654193,121.660199654193,0,121.660199654193,0,0,0,181.088665718316,4.84469305027703,0,0,-0.523030342680534,5.36772339295757,0,5.36772339295757,176.243972668039,0,0,0,0,0,0,176.243972668039,41.2927636020393,98.8091431600393,-57.516379558,134.951209066,233.658684011,-98.707474945,0,0,0,0,0,0,0,0,0,-2.61304823002464,0,-2.61304823002464,0,0,0,0,10.0816321754102,0,10.0816321754102,0,0,0,0,12.6946804054348,0,12.6946804054348,0,0,0,0,-757.869706917957,-457.824969686572,300.044737231384,-0.619943843921413,0,0.619943843921413,-490.611874916312,-446.366028379744,-157.451747766731,-157.451747766731,0,-167.914280613013,-167.914280613013,0,0,0,0,-121,-121,0,0,0,0,-121,-121,0,44.2458465365673,0,0,0,44.2458465365673,44.2458465365673,0,0,0,0,0,0,0,0,0,0,0,0,0,0,-283.920888892299,-11.458941306828,0,0,0,0,-11.458941306828,0,-11.458941306828,0,0,0,0,0,0,0,0,0,0,0,0,0,272.461947585471,0,0,0,0,7.96005435028113,0,7.96005435028113,269.723674322846,0,0,269.723674322846,378.030659549841,0,378.030659549841,-108.306985226994,-5.22178108765645,-0.746440456046246,-4.4753406316102,0,0,0,-5.22178108765645,-0.746440456046246,-4.4753406316102,0,0,0,0,0,0,0,0,0,0,0,0,0,0,0,17.2830007345754,0,0,0,0,0,0,0,0,0,0,0,0,0,0,0,0,0,0,0,-17.2830007345754,0,0,0,0,0,0,0,0,0,-17.2830007345754,-17.2822280452011,-0.00077268937426397,0,0,0,-17.2830007345754,-17.2822280452011,-0.00077268937426397,0,0,0,0,0,0,0,0,0,0,0,0,0,0,0,0,0,0,0,0,0,0,0,0,0,0,0,0,0,0,0,0,0,0,0,0,0,0,0,0,462.0219192128,-215.872511327891,215.872511327891,211.02043182468,0,0,0,-1.83864200025879,0,212.859073824939,212.859073824939,0,212.859073824939,0,0,0,0,0,0,0,-1.83864200025879,0,-1.83864200025879,-3.01343750295261,2773.065,2600.32551788125,4905.29491541623,73627.371336738,28314.6747706916,9.62318357816634,18.0105078180888,-2364.67740219871,-7.64970017870105,-8.35141996632211,-0.762405053478984,4248.45007877248,75.5564436982943,15.0044106569432,5.90850143405734,3.28203018165221,0.568585939717928,5.97598015286013,3.31951298405172,0.575079540704516,155.919405829337,5.51539383058159,3234.27161075444,5.51539383058159
2015-01-01,2015,"Q1","2014/15","Q3","January",-1671.27170873939,6279.90765599405,7951.17936473345,-2605.05742221781,4728.64869189579,7333.7061141136,-2288.20510819314,2667.18616680386,4955.39127499701,-2296.50345530445,2631.43649240686,402.63368784,1874.0594139489,20.5654722161577,69.9407158969684,73.1348962949722,117.55969238378,51.4414698840071,80.1306116132651,119.995307433215,354.74339061796,4927.93994771132,478.770437329368,431.012652370703,47.7577849586649,4384.90079809851,774.671058566461,3610.22973953205,64.26871228344,0,0,0,8.29834711131,35.749674397,27.45132728569,-316.852314024667,2061.46252509192,2378.31483911659,-16.65072,0,16.65072,-2.22813576672726,0,2.22813576672726,-996.014082509712,137.527626930392,1133.5417094401,851.280170023564,1036.90685002356,185.62668,41.4085547778538,151.839452181847,110.430897403993,-31.8093956906002,39.2605285242646,71.0699242148648,19.5282360409785,28.9647923573291,9.4365563163506,-9.6737548692643,4.08804100337349,13.7617958726378,-15.6863440788631,65.3586077119672,81.0449517908304,-393.458285586012,333.758549931132,727.216835517144,-9.87205738907516,7.88846810196843,17.7605254910436,246.32350102319,255.869608326087,9.54610730289733,0,-434.094674871085,32.2139726575643,466.308647528649,-126.773353341732,0.284326070619607,127.057679412352,-307.321321529352,31.9296465869446,339.250968116297,-229.159399883481,0.282619098393326,229.442018981874,-34.956034235651,0,34.956034235651,-71.2638906575564,3.58902424121561,74.852914898772,40.1213640412994,28.0580032473357,28.0580032473357,0,0,0,0,1367.8803883495,1519.0449914407,151.164603091192,234.338360279907,234.338360279907,37.1492697529751,97.9635009983054,56.1758616814964,43.0497278471302,0,1133.5420280696,1284.70663116079,901.87321438796,382.833416772834,151.164603091192,108.107085767236,108.107085767236,0,0,0,0,108.107085767236,108.107085767236,0,-1563.16462297215,-876.275687332835,-737.369521053034,0.282619098393326,0.282619098393326,0,0,0,0,0.282619098393326,0,0,0,0,737.652140151427,551.916077690297,509.400411386391,509.400411386391,0,0,42.515666303906,185.736062461129,185.736062461129,0,0,212.071115202464,164.84661505321,111.180016825396,0,0,0,111.180016825396,0,111.180016825396,53.6665982278138,0,0,0,0,0,0,0,0,0,53.6665982278138,0,53.6665982278138,53.6665982278138,0,53.6665982278138,0,0,0,-47.2245001492539,10.1012508418642,0,0,0.0908155258642681,10.0104353159999,0,10.0104353159999,-57.3257509911181,0,0,0,0,0,0,-57.3257509911181,17.5970218498818,83.4994461559316,-65.9024243060498,-74.922772841,25.336231164,-100.259004005,0,0,0,0,0,0,0,0,0,-4.96584813010545,0,-4.96584813010545,0,0,0,0,14.9314998780215,0,14.9314998780215,0,0,0,0,19.8973480081269,0,19.8973480081269,0,0,0,0,-346.01143335216,528.16270365457,874.17413700673,3.1142706504173,0,-3.1142706504173,412.610001758952,519.360623947776,40.9861643942053,40.9861643942053,0,393.374459553571,393.374459553571,0,0,0,0,85,85,0,0,0,0,85,85,0,106.750622188824,0,0,0,106.750622188824,106.750622188824,0,0,0,0,0,0,0,0,0,0,0,0,0,0,-753.505266723496,8.80207970679333,0,0,0,0,8.80207970679333,0,8.80207970679333,0,0,0,0,0,0,0,0,0,0,0,0,0,762.307346430289,0,0,0,0,52.3325182313808,0,52.3325182313808,707.050271862936,0,0,707.050271862936,801.199301366826,0,801.199301366826,-94.1490295038893,2.92455633597207,-3.67604405055119,6.60060038652326,0,0,0,2.92455633597207,-3.67604405055119,6.60060038652326,0,0,0,0,0,0,0,0,0,0,0,0,0,0,0,-8.2304390380335,0,0,0,0,0,0,0,0,0,0,0,0,0,0,0,0,0,0,0,8.2304390380335,0,0,0,0,0,0,0,0,0,8.2304390380335,9.34400480354221,-1.11356576550871,0,0,0,8.2304390380335,9.34400480354221,-1.11356576550871,0,0,0,0,0,0,0,0,0,0,0,0,0,0,0,0,0,0,0,0,0,0,0,0,0,0,0,0,0,0,0,0,0,0,0,0,0,0,0,0,300.117502960333,386.771432678986,-386.771432678986,-391.614173637731,0,0,0,-1.40503400195334,0,-390.209139635777,-390.209139635777,0,-390.209139635777,0,0,0,0,0,0,0,-1.40503400195334,0,-1.40503400195334,-3.4377069567907,3377.01,3245.53730559149,4728.64869189579,81929.6275817683,25243.779339901,10.5657165311536,19.6301481179737,-1862.56034117216,-6.62052890827538,-7.37829433577781,1.53214551383614,4913.25776140448,76.1269062480637,19.4632415980537,5.27609693302403,2.97597340622827,0.557457445852211,5.32877544566183,3.00568663073492,0.563023308170348,184.211279383326,5.18453320457324,2819.82974554739,5.18453320457324
2016-01-01,2016,"Q1","2015/16","Q3","January",-833.463693813615,6525.96481376231,7359.42850757593,-1708.21032552913,4836.47869008526,6544.68901561439,-1597.10155090229,2921.24677087465,4518.34832177694,-1675.19618988049,2581.70486227378,371.649314827999,1832.92468232322,31.4309544255131,71.5766542456613,61.7283540385507,121.796273922602,51.6492055682204,60.8442061335438,99.8255864032863,377.130865122555,4256.90105215428,496.877158160777,469.138339826014,27.7388183347634,3695.15353691221,598.33392494633,3096.81961196588,64.8703570812857,0,0,0,78.0946389781999,339.541908600869,261.447269622669,-111.108774626837,1915.2319192106,2026.34069383744,0,0,0,-1.51754786542566,0,1.51754786542566,-872.411749721418,142.644800944881,1015.0565506663,893.23630861183,1101.70875361183,208.472445,27.7403519867021,103.884705214411,76.1443532277094,-30.0613875480307,38.779487160929,68.8408747089598,19.3070385259538,29.0004626900052,9.69342416405145,-18.2146680778676,1.52725471,19.7419227878676,-13.968144146803,39.9405871595984,53.9087313064015,-328.857605221311,198.691988491524,527.549593712836,-6.66345236356701,15.4393980343282,22.1028503978953,220.302081193099,243.6144811931,23.3124,0,-609.726857068262,23.9000742174481,633.62693128571,-167.730427888167,0.51042730299436,168.240855191161,-441.996429180095,23.3896469144537,465.386076094549,-334.343311267354,0.145397704950749,334.488708972305,-38.1950464651545,0,38.1950464651545,-89.982717839369,2.71960281772052,92.7023206570895,57.5450515489517,20.5246463917825,20.5246463917825,0,0,0,0,1484.47348878378,1665.5860494596,181.112560675824,194.371815428381,194.371815428381,15.129471,85.884159966768,49.6601751685823,43.6980092930309,0,1290.10167335539,1471.21423403122,1145.54,325.674234031223,181.112560675824,139.036005677478,139.036005677478,0,0,0,0,139.036005677478,139.036005677478,0,-694.427688136137,-1094.84381166583,-625.558964162118,0.145397704950749,0.145397704950749,0,0,0,0,0.145397704950749,0,0,0,0,625.704361867068,395.730439068537,282.668132545825,282.668132545825,0,0,113.062306522712,229.973922798531,229.973922798531,0,0,66.6882327640503,122.399855982315,37.2380843485013,0,0,0,37.2380843485013,0,37.2380843485013,85.161771633814,0,0,0,0,0,0,0,0,0,85.161771633814,0,85.161771633814,85.161771633814,0,85.161771633814,0,0,0,55.711623218265,16.279236132,0,0,1.03799999999999,15.241236132,0,15.241236132,39.432387086265,0,0,0,0,0,0,39.432387086265,-44.3666240275462,6.80997927388443,-51.1766033014306,83.7990111138112,193.191434238537,-109.392423124725,0,0,0,0,0,0,0,0,0,-1.37808313313486,0,-1.37808313313486,0,0,0,0,8.2535035106613,0,8.2535035106613,0,0,0,0,9.63158664379617,0,9.63158664379617,0,0,0,0,-534.594997134632,253.329150081176,787.924147215809,-1.25372809644838,0,1.25372809644838,305.866063195859,280.731116297982,60.629668475,60.629668475,0,67.1014580129825,67.1014580129825,0,0,0,0,152.999989809999,152.999989809999,0,0,0,0,152.999989809999,152.999989809999,0,-25.1349468978769,0,0,0,-25.1349468978769,-25.1349468978769,0,0,0,0,0,0,0,0,0,0,0,0,0,0,-830.036390624068,-27.4019662168061,0,0,0,0,-27.4019662168061,0,-27.4019662168061,0,0,0,0,0,0,0,0,0,0,0,0,0,802.634424407261,0,0,0,0,-17.4810946355177,0,-17.4810946355177,876.557754137748,0,0,876.557754137748,964.883682099584,72.10309974,892.780582359584,-88.3259279618363,-56.4422350949687,-2.34812195753306,-54.0941131374356,0,0,0,-56.4422350949687,-2.34812195753306,-54.0941131374356,0,0,0,0,0,0,0,0,0,0,0,0,0,0,0,-9.17094160997584,0,0,0,0,0,0,0,0,0,0,0,0,0,0,0,0,0,0,0,9.17094160997584,0,0,0,0,0,0,0,0,0,9.17094160997584,2.2830009985019,6.88794061147394,0,0,0,9.17094160997584,2.2830009985019,6.88794061147394,0,0,0,0,0,0,0,0,0,0,0,0,0,0,0,0,0,0,0,0,0,0,0,0,0,0,0,0,0,0,0,0,0,0,0,0,0,0,0,0,-81.5296977107531,-318.886425818945,318.886425818945,316.550261306681,0,0,0,-0.276482,0,316.826743306681,316.826743306681,0,316.826743306681,0,0,0,0,0,0,0,-0.276482,0,-0.276482,-2.05968251226438,3610.5,3420.45282833617,4836.47869008526,95223.8342516207,27839.5402686904,10.493157367832,16.2299674425963,-984.137499948965,-2.99381270584761,-3.53503502734121,-1.14544429520476,5540.90488865764,69.77992276,19.9030042708327,5.1714577485385,3.12357506704252,0.542649199765089,5.18092226905613,3.12929166413137,0.543642326797114,189.676029560441,4.88992487681738,2995.88034384937,4.88992487681738
2017-01-01,2017,"Q1","2016/17","Q3","January",-1501.18704950394,6816.15428688233,8317.34133638627,-2135.89546618326,5095.50508240728,7231.40054859055,-1714.43595265546,3449.91097492031,5164.34692757578,-1810.55774407307,3031.99014266987,555.43933304,1967.92176739538,50.6961777393317,79.7245514278746,46.217376421422,137.073220094135,57.719829989634,41.6195972974297,98.7738837849556,508.629042234485,4842.54788674294,465.617521768233,452.760123983338,12.8573977848953,4296.01597058666,793.045082887211,3502.97088769945,80.914394388045,0,0,0,96.1217914176025,417.920832250445,321.799040832843,-421.459513527796,1645.59410748696,2067.05362101476,0,0,0,-1.334053677,0,1.334053677,-1040.6061982767,162.30781422024,1202.91401249694,726.964999999999,940.915999999999,213.951,-7.61851243499999,19.2695999999999,26.8881124349999,-51.3528086652476,4.416534888,55.7693435532476,21.2108914882409,30.9398914882409,9.729,-16.0694078127489,1.56652121664749,17.6359290293964,2.41346252528166,39.1130380055824,36.6995754803007,-294.957051322611,180.043570200584,475.000621523195,-8.00958679861756,7.10966053011109,15.1192473287286,247.898751446608,259.911476937561,12.0127254909533,0,-856.989099737147,41.1193468764517,898.108446613599,-155.912396280268,0.439410778885604,156.351807059153,-701.076703456879,40.6799360975661,741.756639554445,-562.727786009832,0.304132253069236,563.031918262902,-49.590577334822,0,49.590577334822,-125.483624744962,3.65051921175909,129.134143956721,92.2468492819243,36.7252846327377,36.7252846327377,0,0,0,0,1491.69751641647,1679.5298575986,187.832341182128,159.255167649318,159.255167649318,0,61.0899678410494,52.1870843413045,45.9781154669644,0,1332.44234876715,1520.27468994928,1165.3,354.974689949282,187.832341182128,122.347958585919,122.347958585919,0,0,0,0,122.347958585919,122.347958585919,0,-1378.83909091802,-1358.56002274791,-802.4000087555,0.304132253069236,0.304132253069236,0,0,0,0,0.304132253069236,0,0,0,0,802.704141008569,708.384141008569,362.544141008569,362.544141008569,0,0,345.84,94.32,94.32,0,0,442.449782898097,219.870646126268,58.3037927289225,0,0,0,58.3037927289225,0,58.3037927289225,161.566853397345,0,0,0,0,0,0,0,0,0,161.566853397345,0,161.566853397345,161.566853397345,0,161.566853397345,0,0,0,-222.579136771829,14.9340309124159,0,0,-2.26256908758405,17.1966,0,17.1966,-237.513167684245,0,0,0,0,0,0,-237.513167684245,-39.0742785175727,-2.00025836046802,-37.0740201571047,-198.438889166672,-74.2104419840457,-124.228447182626,0,0,0,0,0,0,0,0,0,-1.13297115767157,0,-1.13297115767157,0,0,0,0,3.46431854863268,0,3.46431854863268,0,0,0,0,4.59728970630425,0,4.59728970630425,0,0,0,0,-997.47682573284,9.56190037000924,1007.03872610284,-3.40943213974441,0,3.40943213974441,-65.203611527103,-85.3143911596773,-66.1799196347235,-66.1799196347235,0,-108.134471533953,-108.134471533953,0,0,0,0,89.0000000089997,89.0000000089997,0,0,0,0,89.0000000089997,89.0000000089997,0,-20.1107796325742,0,0,0,-20.1107796325742,-20.1107796325742,0,0,0,0,0,0,0,0,0,0,0,0,0,0,-925.564020986443,94.8762915296865,0,0,0,0,94.8762915296865,0,94.8762915296865,0,0,0,0,0,0,0,0,0,0,0,0,0,1020.44031251612,0,0,0,0,37.9395732115979,0,37.9395732115979,982.562580784875,0,0,982.562580784875,1127.65505963883,127.896900249999,999.758159388833,-145.092478853958,-0.0618414803431441,34.9240196932646,-34.9858611736078,0,0,0,-0.0618414803431441,34.9240196932646,-34.9858611736078,0,0,0,0,0,0,0,0,0,0,0,0,0,0,0,-3.13982632170265,0,0,0,0,0,0,0,0,0,0,0,0,0,0,0,0,0,0,0,3.13982632170265,0,0,0,0,0,0,0,0,0,3.13982632170265,1.9424418335212,1.19738448818145,0,0,0,3.13982632170265,1.9424418335212,1.19738448818145,-0.159934757846949,0,0,0,0,0,0,0,0,0,0,0,0,0,0,0,0,0,0,0,0.159934757846949,0,0,0,0.159934757846949,0.159934757846949,0,0,0,0,0,0,0,0,0,0,0,0,0,0,505.768697239523,-485.489629069415,485.489629069415,482.896151951559,0,0,0,-0.000103833250000443,0,482.896255784809,482.896255784809,0,482.896255784809,0,0,0,0,0,0,0,0,0,0,-2.59347711785657,3635.08,3611.3611184739,5095.50508240728,114038.712087329,31577.7648222341,10.925127203719,16.3543776978779,-1614.46410168629,-4.7539370121819,-5.11266111067347,-1.53744139840949,6908.35260929898,76.0123788651074,21.8772691740195,7.1464230125686,4.83848466123714,0.78075580463897,7.14642602230569,4.83848669897919,0.780756133456575,200.247271872241,4.84161960913388,3613.37707464654,4.84161960913388
2018-01-01,2018,"Q1","2017/18","Q3","January",-2084.22673871096,7855.16156054669,9939.38829925766,-2795.22278082791,5929.62929161876,8724.85207244668,-2453.47600391552,3636.1823243842,6089.65832829972,-2527.89455409768,3121.29616964019,436.35906098,2178.15611196406,44.3361442295748,88.8766765260979,78.464765939186,171.531937807846,60.893378967453,56.3510071523893,128.24510452108,506.78099669613,5649.19072373788,576.0282615871,572.511484445879,3.51677714122075,5013.17503532241,1007.80688742834,4005.36814789407,59.98742682836,0,0,0,74.4185501821673,514.886154744009,440.467604561842,-341.746776912397,2293.44696723456,2635.19374414696,0,0,0,-0.0174,0,0.0174,-1241.94945014961,189.777041207013,1431.72649135662,1172.5224,1505.9764,333.454,-10.821,69.1782,79.9992,-67.8453173444698,6.85515,74.7004673444698,20.6371672666489,32.0731672666489,11.436,-0.6616,10.3852,11.0468,24.6024496182226,52.3938,27.7913503817773,-444.422634840143,194.629758864526,639.052393704669,-3.43949673065085,4.95523364686143,8.39473037751229,209.648105267611,227.223016249518,17.5749109819067,0,-961.567842740022,43.5313099006063,1005.09915264062,-189.821100103952,0.243924789847927,190.0650248938,-771.74674263607,43.2873851107584,815.034127746828,-601.487513013087,0.318467384806152,601.805980397893,-75.7267800186271,0,75.7267800186271,-130.502637655957,6.99872967435107,137.501367330308,97.2806655514726,35.9701880516011,35.9701880516011,0,0,0,0,1672.56388485697,1882.00095902731,209.437074170349,132.834559027319,132.834559027319,0,57.2775656312419,49.5936373923523,25.9633560037254,0,1539.72932582965,1749.1664,1337.81,411.356399999999,209.437074170349,95.1549515672564,95.1549515672564,0,0,0,0,95.1549515672564,95.1549515672564,0,-1989.07178714371,-1664.41996788425,-1055.03488524552,0.318467384806152,0.318467384806152,0,0,0,0,0.318467384806152,0,0,0,0,1055.35335263033,709.503012390641,431.495697484398,431.495697484398,0,0,278.007314906242,345.850340239691,345.850340239691,0,0,80.2544330330915,165.219664528371,-3.16543437505382,0,0,0,-3.16543437505382,0,-3.16543437505382,168.385098903425,0,0,0,0,0,0,0,0,0,168.385098903425,0,168.385098903425,168.385098903425,0,168.385098903425,0,0,0,84.96523149528,66.2018252029179,0,0,49.2121183800821,16.9897068228357,0,16.9897068228357,18.763406292362,0,0,0,0,0,0,18.763406292362,-0.947209598441813,0.0668797628122849,-1.01408936125409,19.7106158908038,156.90298306036,-137.192367169556,0,0,0,0,0,0,0,0,0,-3.13348877222756,0,-3.13348877222756,0,0,0,0,3.80541116551767,0,3.80541116551767,0,0,0,0,6.93889993774524,0,6.93889993774524,0,0,0,0,-686.506026899595,349.627588672284,1036.13361557187,-2.7534490307042,0,2.7534490307042,331.420156777208,360.223573752788,94.7274867087235,94.7274867087235,0,181.496087053065,181.496087053065,0,0,0,0,83.9999999909999,83.9999999909999,0,0,0,0,83.9999999909999,83.9999999909999,0,28.8034169755798,0,0,0,28.8034169755798,28.8034169755798,0,0,0,0,0,0,0,0,0,0,0,0,0,0,-1012.71508434985,-10.5959850805041,0,0,0,0,-10.5959850805041,0,-10.5959850805041,0,0,0,0,0,0,0,0,0,0,0,0,0,1002.11909926935,0,0,0,0,-78.1958035053113,0,-78.1958035053113,913.299194364063,0,0,913.299194364063,1178.98482077706,0,1178.98482077706,-265.685626413,167.015708410598,249.712333716306,-82.6966253057083,0,0,0,167.015708410598,249.712333716306,-82.6966253057083,0,0,0,0,0,0,0,0,0,0,0,0,0,0,0,-2.49526262220656,0,0,0,0,0,0,0,0,0,0,0,0,0,0,0,0,0,0,0,2.49526262220656,0,0,0,0,0,0,0,0,0,2.49526262220656,2.50270775685407,-0.00744513464751327,0,0,0,2.49526262220656,2.50270775685407,-0.00744513464751327,0.037612325961963,0,0,0,0,0,0,0,0,0,0,0,0,0,0,0,0,0,0,0,-0.037612325961963,0,0,0,-0.037612325961963,-0.037612325961963,0,0,0,0,0,0,0,0,0,0,0,0,0,0,37.6550393915419,286.996779867913,-286.996779867913,-290.418913040522,0,0,0,0,0,-290.418913040522,-290.418913040522,0,-290.418913040522,0,0,0,0,0,0,0,0,0,0,-3.4221331726088,3713.35,3727.78966509857,5929.62929161876,126965.32422085,34059.0782128279,10.6761031571744,17.8796921344927,-2191.09794173456,-6.1194455284053,-6.4332273705203,0.842644002502157,7729.09185887691,77.017,22.6931915496346,10.1032294450672,6.19552800362707,1.07863119776139,10.1032294450672,6.19552800362707,1.07863119776139,212.560624560702,3.94147189386197,3169.80463047185,3.94147189386197
2019-01-01,2019,"Q1","2018/19","Q3","January",-2631.74929215852,8262.13024147138,10893.8795336299,-3622.58115269407,6171.8192399101,9794.40039260417,-2753.94531615381,4095.64613477437,6849.59145092818,-2694.50278497303,2837.82866595515,438.544055,1917.88396623346,58.1985712644515,77.9572857346938,67.1692931114627,176.506369148001,54.5187240900866,56.987864274263,103.092756921321,481.40064472169,5532.33145092818,609.204150191728,536.002927946853,73.2012222448744,4865.36446451147,956.648418978279,3908.71604553319,57.76283622499,0,0,0,-59.4425311807815,1257.81746881921,1317.26,-868.63583654026,2076.17310513572,2944.80894167598,0,0,0,-0.026597037420232,0,0.026597037420232,-1379.06769553569,176.009726666666,1555.07742220236,934.642479999999,1384.50448,449.862,-4.81384866728743,105.441459671887,110.255308339175,-64.9293933546961,7.26280803581752,72.1922013905136,22.1448909658861,34.4268909658861,12.282,-14.83251,7.53399999999999,22.36651,-4.21545218846525,27.7676858067866,31.9831379952519,-462.516422679692,183.985,646.501422679692,-8.22323915986556,3.6849028717037,11.9081420315692,113.201951116978,145.556151116979,32.3542,0,-856.297347909781,57.9680222413792,914.26537015116,-194.09812094558,0.063362303643919,194.161483249224,-662.1992269642,57.9046599377353,720.103886901935,-472.094726545683,0.323488031422095,472.418214577105,-74.9816672655174,0,74.9816672655174,-157.807623331198,14.8963817281138,172.704005059312,129.914105358084,42.6847901781993,42.6847901781993,0,0,0,0,1847.12920844533,2032.3429793199,185.213770874574,153.27555942045,153.27555942045,24.16402052,67.2898676813449,46.8253377660017,14.9963334531034,0,1693.85364902488,1879.06741989945,1424.44530036727,454.622119532182,185.213770874574,87.1759903944718,87.1759903944718,0,0,0,0,87.1759903944718,87.1759903944718,0,-2544.57330176405,-1754.46806892445,-1302.68151730789,0.323488031422095,0.323488031422095,0,0,0,0,0.323488031422095,0,0,0,0,1303.00500533932,935.70459312,616.071726,616.071726,0,0,319.632867119999,367.30041221932,367.30041221932,0,0,281.940821018603,278.252349011099,16.2521828571,0,0,0,16.2521828571,0,16.2521828571,262.000166154,0,0,0,0,0,0,0,0,0,262.000166154,0,262.000166154,262.000166154,0,262.000166154,0,0,0,-3.68847200750321,14.459127005306,0,0,12.2598631686004,2.19926383670559,0,2.19926383670559,-18.1475990128092,0,0,0,0,0,0,-18.1475990128092,5.26618421317082,5.26618421317082,0,-23.41378322598,110.47968391867,-133.89346714465,0,0,0,0,0,0,0,0,0,-3.10776404703102,0,-3.10776404703102,0,0,0,0,3.17022694961188,0,3.17022694961188,0,0,0,0,6.27799099664291,0,6.27799099664291,0,0,0,0,-730.619608588124,204.808995901675,935.4286044898,-9.34194770073839,0,9.34194770073839,154.523597712567,147.682686849667,69.62468636,69.62468636,0,33.0579804886677,33.0579804886677,0,0,0,0,45.000020001,45.000020001,0,0,0,0,45.000020001,45.000020001,0,-6.84091086289989,0,0,0,-6.84091086289989,-6.84091086289989,0,0,0,0,0,0,0,0,0,0,0,0,0,0,-947.383561729369,3.44788779200832,0,0,0,0,3.44788779200832,0,3.44788779200832,0,0,0,0,0,0,0,0,0,0,0,0,0,950.831449521377,0,0,0,0,-19.6341669698028,0,-19.6341669698028,1007.65622682753,0,0,1007.65622682753,1209.72403121138,50.49270707,1159.23132414138,-202.067804383847,-37.1906103363556,-289.224404769994,252.033794433639,0,0,0,-37.1906103363556,-289.224404769994,252.033794433639,0,0,0,0,0,0,0,0,0,0,0,0,0,0,0,71.6753762318108,53.67842126,53.67842126,53.67842126,0,0,0,0,0,0,0,0,0,0,0,0,0,0,0,0,-17.9969549718108,0,0,0,0,0,0,0,0,0,-17.9969549718108,-17.9969549718108,0,0,0,0,-17.9969549718108,-17.9969549718108,0,-0.0930731023949612,0,0,0,0,0,0,0,0,0,0,0,0,0,0,0,0,0,0,0,0.0930731023949612,0,0,0,0.0930731023949612,0.0930731023949612,0,0,0,0,0,0,0,0,0,0,0,0,0,0,773.880089447809,16.2251433917944,-16.2251433917944,-19.4677702138437,0,0,0,0,0,-19.4677702138437,-19.4677702138437,0,-19.4677702138437,0,0,0,0,0,0,0,0,0,0,-3.24262682204924,3665.20833333333,3704.0024291722,6171.8192399101,139710.644127732,37718.831669059,10.8583589510649,18.1596066151406,-2770.02851812587,-6.97728210473009,-7.34388737813992,0.0430160285296005,8715.829683892,77.3823743,23.1073691793101,8.19993895137575,5.44151521068804,0.890378805108566,8.19993895137575,5.44151521068804,0.890378805108566,212.807195667849,3.73335385584799,3185.90795080485,3.73335385584799
2020-01-01,2020,"Q1","2019/20","Q3","January",-3598.20019372992,7492.68394614298,11090.8841398729,-4587.03130355568,5621.64523765575,10208.6765412114,-2636.82638998151,4461.29540845542,7098.12179843694,-2614.17150627284,2642.02066960522,515.533903,1837.48461754715,34.7987321527035,78.6724863783241,38.8092687935354,127.63436827559,54.4385204786351,69.4330923900278,105.603871991327,289.002149058076,5256.19217587807,492.534652065736,477.802550923978,14.7321011417577,4726.67522604433,740.780834400041,3985.89439164429,36.9822977680042,0,0,0,-22.6548837086706,1819.2747388502,1841.92962255887,-1950.20491357416,1160.34982920032,3110.55474277449,0,0,0,-0.0244104304895699,0,0.0244104304895699,-1348.9940782405,159.234934279515,1508.22901252001,451.936995051239,562.103382320491,110.166387269252,-24.9550795104091,73.5296280490391,98.4847075594482,-64.6867381589538,12.0237423283237,76.7104804872775,28.3403806466313,44.4923806466313,16.1519999999999,3.1698979,3.17,0.0001021,2.96648579744333,14.7672644798153,11.800778682372,-1096.64243291065,147.999722663008,1244.64215557366,-7.50080662556535,3.76180152640168,11.262608151967,106.184872907095,139.266972907095,33.0821,0,-751.988687611949,42.9518149035623,794.940502515511,-111.492288150639,0.066200818757749,111.558488969397,-640.496399461309,42.8856140848045,683.382013546114,-427.142967996583,0.329835968771383,427.472803965355,-80.0970440109855,0,80.0970440109855,-166.634879792964,9.17728577680938,175.812165569774,133.05471987065,33.3784923392238,33.3784923392238,0,0,0,0,1740.81979743771,1828.08689358366,87.267096145955,195.090127084087,195.090127084087,31.5781449637678,98.736018493945,48.7565548241774,16.0194088021971,0,1545.72967035362,1632.99676649958,1061.83629949941,571.16046700017,87.267096145955,147.202128304194,147.202128304194,0,0,0,0,147.202128304194,147.202128304194,0,-3450.99806542572,-2597.55729998319,-1191.15558775097,0.329835968771383,0.329835968771383,0,0,0,0,0.329835968771383,0,0,0,0,1191.48542371975,1030.43815144938,716.797100431776,716.797100431776,0,0,313.641051017608,161.047272270365,161.047272270365,0,0,192.38878465166,223.016200150199,63.2371504511999,0,0,0,63.2371504511999,0,63.2371504511999,159.779049699,0,0,0,0,0,0,0,0,0,159.779049699,0,159.779049699,159.779049699,0,159.779049699,0,0,0,30.6274154985397,0.306456153805565,0,0,0,0.306456153805565,0,0.306456153805565,30.3209593447341,0,0,0,0,0,0,30.3209593447341,10.1598038565061,15.593415983538,-5.43361212703192,20.161155488228,179.646818583886,-159.485663095658,0,0,0,0,0,0,0,0,0,-9.03645914877453,0,-9.03645914877453,0,0,0,0,10.4614281971919,0,10.4614281971919,0,0,0,0,19.4978873459664,0,19.4978873459664,0,0,0,0,-1589.7540377351,476.245268372122,2065.99930610722,-5.84032571984566,0,5.84032571984566,480.96108187366,493.963953930173,233.595214704413,233.595214704413,0,268.36873921576,268.36873921576,0,0,0,0,-7.99999998999998,-7.99999998999998,0,0,0,0,-7.99999998999998,-7.99999998999998,0,13.0028720565133,0,0,0,13.0028720565133,13.0028720565133,0,0,0,0,0,0,0,0,0,0,0,0,0,0,-2069.95681282268,-17.7186855580517,0,0,0,0,-17.7186855580517,0,-17.7186855580517,0,0,0,0,0,0,0,0,0,0,0,0,0,2052.23812726462,0,0,0,0,69.8346453542565,0,69.8346453542565,1972.3550276899,0,0,1972.3550276899,2197.3440350276,1042.21242261663,1155.13161241096,-224.989007337706,10.0484542204709,-4.01587848951339,14.0643327099843,0,0,0,10.0484542204709,-4.01587848951339,14.0643327099843,0,0,0,0,0,0,0,0,0,0,0,0,0,0,0,5.00197521755941,0,0,0,0,0,0,0,0,0,0,0,0,0,0,0,0,0,0,0,-5.00197521755941,0,0,0,0,0,0,0,0,0,-5.00197521755941,-5.00197521755941,0,0,0,0,-5.00197521755941,-5.00197521755941,0,0.0800437162019068,0,0,0,0,0,0,0,0,0,0,0,0,0,0,0,0,0,0,0,-0.0800437162019068,0,0,0,-0.0800437162019068,-0.0800437162019068,0,0,0,0,0,0,0,0,0,0,0,0,0,0,1079.96885461573,-226.528089173205,226.528089173205,722.508833606815,0,0,0,0,0,722.508833606815,722.508833606815,0,722.508833606815,0,0,0,0,0,0,0,498.72348891,498.72348891,0,-2.74274447639004,3650.07,3717.54256455863,5621.64523765575,143904.487332693,38709.5735987197,11.5250440490591,18.3368638260373,-3777.27091201181,-9.2953754309733,-9.75797602724494,-0.585199133220876,11727.49,77.7488142885017,30.2960970884677,8.11241657502018,6.50571746591764,0.934959583714253,8.11241657502018,6.50571746591764,0.934959583714253,262.871855061941,4.2266452379852,3849.55152581128,4.2266452379852
2021-01-01,2021,"Q1","2020/21","Q3","January",-3604.91702781192,8148.65051287971,11753.5675406916,-4388.64064851923,6231.34829244763,10619.9889409668,-3046.41406325259,4493.8538672841,7540.26793053669,-2985.18407653748,3460.49428670352,718.958517979322,2241.64551139475,20.3605194729794,84.8220805419261,59.7087888418249,118.526895676069,69.1211669020463,85.6102521196549,148.803134830202,499.890257329448,6445.67836324101,395.490177398963,367.540834282977,27.9493431159868,5982.15402734949,981.527232421991,5000.6267949275,68.0341584925468,0,0,0,-61.229986715109,1033.35958058057,1094.58956729568,-1342.22658526663,1737.49442516353,3079.72101043016,0,0,0,-0.0268611508501156,0,0.0268611508501156,-1474.889327064,172.452375237229,1647.34170230123,731.90107121199,984.290270046024,252.389198834034,-31.5399315447561,80.2327835912267,111.772715135982,-70.7204754793771,12.6615054489471,83.3819809283242,28.948314241275,44.6613901840894,15.7130759428144,14.7799999999999,14.7799999999999,0,10.9213066600468,41.5110752575538,30.589768597507,-725.156204436113,161.491769169066,886.64797360518,-8.43199900008851,3.96133493414881,12.3933339342373,181.987521295244,221.451921295244,39.4644,0,-1009.1046912886,20.6232657830308,1029.72795707163,-118.579874549294,0.112579467232743,118.692454016527,-890.52481673931,20.5106863157981,911.035503055108,-548.484224397124,0.347331122193122,548.831555519317,-149.086384867461,0,149.086384867461,-208.110990296182,5.00657237214685,213.117562668328,168.388300653046,15.1567828214581,15.1567828214581,0,0,0,0,1792.8283119959,1896.67895464905,103.850642653146,211.173254649053,211.173254649053,40.5153870307,92.6806365591527,48.1599540857083,29.8172769734923,0,1581.65505734685,1685.5057,1155.1,530.405699999999,103.850642653146,152.463927695719,152.463927695719,0,0,0,0,152.463927695719,152.463927695719,0,-3452.4531001162,-3549.71771618029,-1647.89293152841,0.347331122193122,0.347331122193122,0,0,0,0,0.347331122193122,0,0,0,0,1648.2402626506,1560.20533566541,1127.65899671743,1127.65899671743,0,0,432.546338947981,88.0349269851902,88.0349269851902,0,0,-184.030008677083,261.49949120928,38.6291444942999,0,0,0,38.6291444942999,0,38.6291444942999,222.87034671498,0,0,0,0,0,0,0,0,0,222.87034671498,0,222.87034671498,222.87034671498,0,222.87034671498,0,0,0,445.529499886363,6.38773321860213,0,0,5.74877271718626,0.638960501415866,0,0.638960501415866,439.141766667761,0,0,0,0,0,0,439.141766667761,131.414281823088,144.906321984171,-13.4920401610827,307.727484844673,508.521177276811,-200.793692432138,0,0,0,0,0,0,0,0,0,-9.89039136340467,0,-9.89039136340467,0,0,0,0,9.9655747677247,0,9.9655747677247,0,0,0,0,19.8559661311293,0,19.8559661311293,0,0,0,0,-1707.90438461138,314.784346757784,2022.68873136917,-8.2052444733015,0,8.2052444733015,257.526094032697,320.501501423941,158.747066595586,158.747066595586,0,91.7544338483558,91.7544338483558,0,0,0,0,70.00000098,70.00000098,0,0,0,0,70.00000098,70.00000098,0,62.9754073912447,0,0,0,62.9754073912447,62.9754073912447,0,0,0,0,0,0,0,0,0,0,0,0,0,0,-1462.91839222979,-5.71715466615728,0,0,0,0,-5.71715466615728,0,-5.71715466615728,0,0,0,0,0,0,0,0,0,0,0,0,0,1457.20123756363,0,0,0,0,-29.0017219554399,0,-29.0017219554399,1485.97831079096,0,0,1485.97831079096,1839.0689240083,988.327141513895,850.741782494409,-353.090613217335,0.224648728105914,0.0721202632408792,0.152528464865035,0,0,0,0.224648728105914,0.0721202632408792,0.152528464865035,0,0,0,0,0,0,0,0,0,0,0,0,0,0,0,-3.51661005030917,0,0,0,0,0,0,0,0,0,0,0,0,0,0,0,0,0,0,0,3.51661005030917,0,0,0,0,0,0,0,0,0,3.51661005030917,3.51661005030917,0,0,0,0,3.51661005030917,3.51661005030917,0,-0.0195172801912132,0,0,0,0,0,0,0,0,0,0,0,0,0,0,0,0,0,0,0,0.0195172801912132,0,0,0,0.0195172801912132,0.0195172801912132,0,0,0,0,0,0,0,0,0,0,0,0,0,490.77071461049,637.545349797093,-734.809965861174,734.809965861174,732.210990613091,0,0,0,490.77071461049,0,241.440276002601,241.440276002601,0,241.440276002601,0,0,0,0,0,0,0,0,0,0,-2.59897524808307,3544.41,3584.69072337617,6231.34829244763,153393.903110497,42791.3912099023,10.5017708941517,17.6209927215262,-3786.27300548748,-8.42439781901205,-8.84821198477722,-1.71719111037253,12945.0676226416,69.779785731527,30.2515698990548,11.704295127796,8.51907613524701,1.22915825909649,11.704295127796,8.51907613524701,1.22915825909649,288.061606027814,4.982463241957,4333.20071394962,4.982463241957
2022-01-01,2022,"Q1","2021/22","Q3","January",-4063.96214951396,8176.93122245834,12240.8933719723,-4963.18965891115,6115.75079886733,11078.9404577784,-3671.74561694589,4275.49070552486,7947.23632247076,-3671.74337494598,4074.85478011558,859.473106999999,2734.03690499398,26.6890534319498,88.3608454606415,43.1628496877206,149.290807347463,60.5441901177428,86.706390641986,197.305977375534,481.344768121606,7746.59815506157,321.808735682368,316.028602889535,5.78013279283287,7318.87433108269,1569.15875893043,5749.71557215226,105.915088296509,0,0,0,-0.00224199990670115,200.63592540928,200.638167409186,-1291.44404196526,1840.26009334246,3131.70413530773,0,0,0,-0.0249970334432359,0,0.0249970334432359,-1688.07142559099,180.05744674725,1868.12887233824,830.512657986121,1070.86893430014,240.35627631402,-27.9486518170328,84.0022302233832,111.950882040416,-79.8443571377797,13.2563604064384,93.1007175442181,28.9574764880437,44.9300836197246,15.9726071316808,16.958,16.958,0,6.30392862747721,40.0919063250931,33.7879776976159,-546.211489396449,169.078874815515,715.290364211965,-7.38581409307722,4.14744390305169,11.5332579961289,175.310630001865,216.868813001865,41.558183,0,-1038.01938213919,29.6619043537788,1067.68128649297,-151.040940407072,0.0760256684169749,151.116966075489,-886.978441732124,29.5858786853618,916.564320417486,-516.172952718216,0.363649216495625,516.536601934712,-118.753149708873,0,118.753149708873,-275.016940274389,6.25762849951126,281.2745687739,231.51392069553,22.9646009693549,22.9646009693549,0,0,0,0,1937.24689153638,2031.51851923723,94.2716277008463,258.516519237234,258.516519237234,31.159826096,203.606063199459,0,23.7506299417747,0,1678.73037229915,1773.002,1250.3,522.702,94.2716277008463,96.5689654741897,161.568965474189,65,0,0,0,96.5689654741897,161.568965474189,65,-3967.39318403977,-3394.35571519343,-2952.57803861778,0.363649216495625,0.363649216495625,0,0,0,0,0.363649216495625,0,0,0,0,2952.94168783427,2787.88874013598,2450.80971639059,2450.80971639059,0,0,337.079023745386,165.052947698295,165.052947698295,0,0,479.456880667261,214.401875667015,22.6585601888492,0,0,0,22.6585601888492,0,22.6585601888492,191.743315478166,0,0,0,0,0,0,0,0,0,191.743315478166,0,191.743315478166,191.743315478166,0,191.743315478166,0,0,0,-265.055005000245,4.65599551317046,0,0,3.98938622677713,0.666609286393332,0,0.666609286393332,-269.711000513416,0,0,0,0,0,0,-269.711000513416,-100.234501131258,27.1665433548897,-127.401044486148,-169.476499382157,-13.5199035478874,-155.95659583427,0,0,0,0,0,0,0,0,0,-3.3084146596422,0,-3.3084146596422,0,0,0,0,15.2763360409661,0,15.2763360409661,0,0,0,0,18.5847507006083,0,18.5847507006083,0,0,0,0,-917.926142583276,-528.151158246533,389.774984336742,-11.5707989522124,0,11.5707989522124,-541.622034588436,-548.001802357759,-473.19972247404,-473.19972247404,0,-103.802079893719,-103.802079893719,0,0,0,0,29.00000001,29.00000001,0,0,0,0,29.00000001,29.00000001,0,-6.37976776932318,0,0,0,-6.37976776932318,-6.37976776932318,0,0,0,0,0,0,0,0,0,0,0,0,0,0,-362.895701468016,19.8506441112259,0,0,0,0,19.8506441112259,0,19.8506441112259,0,0,0,0,0,0,0,0,0,0,0,0,0,382.746345579243,0,0,0,0,-77.5189723410624,0,-77.5189723410624,537.987441285543,0,0,537.987441285543,1028.64859240102,223.8735597,804.77503270102,-490.661151115476,-77.7221233652383,-12.3609909562259,-65.3611324090124,0,0,0,-77.7221233652383,-12.3609909562259,-65.3611324090124,0,0,0,0,0,0,0,0,0,0,0,0,0,0,0,-1.86076417028966,0,0,0,0,0,0,0,0,0,0,0,0,0,0,0,0,0,0,0,1.86076417028966,0,0,0,0,0,0,0,0,0,1.86076417028966,1.86076417028966,0,0,0,0,1.86076417028966,1.86076417028966,0,0.0231565956792381,0,0,0,0,0,0,0,0,0,0,0,0,0,0,0,0,0,0,0,-0.0231565956792381,0,0,0,-0.0231565956792381,-0.0231565956792381,0,0,0,0,0,0,0,0,0,0,0,0,0,0,-117.982042858168,691.01951170451,-691.01951170451,-691.01951170451,0,0,0,0,0,-691.01951170451,-691.01951170451,0,-691.01951170451,0,0,0,0,0,0,0,0,0,0,3.73034936274052e-14,3715.69,3694.97872,6115.75079886733,178009.659121161,48176.0985950038,8.8747134579475,16.4962223057534,-4298.72803880943,-8.43563980487083,-8.92294761131869,1.43436171017836,13040.7991033406,70.4053442630503,27.0690227802984,16.8940906068982,11.9202589238291,1.49903187030986,16.8940906068982,11.9202589238291,1.49903187030986,305.067912529455,3.13566987371246,3563.14924109653,3.25715618283391
2023-01-01,2023,"Q1","2022/23","Q3","January",-3624.89480457226,11246.1140511351,14871.0088557074,-4349.58879359992,8963.05673064152,13312.6455242414,-2822.56148735823,6879.45674747999,9702.01823483822,-3151.94712838283,4650.30816159998,965.327403,3142.82402559998,27.17726144,82.47316742,64.35177355,137.4906825,64.9047151099999,92.0060331999998,219.64558814,542.156732999999,7802.25528998282,183.221349401131,167.984727706246,15.2366216948846,7495.03327358169,1619.86680159316,5875.16647198853,124.000667,0,0,0,329.385641024602,2229.14858588,1899.76294485539,-1527.02730624168,2083.59998316153,3610.62728940322,0,0,0,-0.0270066568129717,0,0.0270066568129717,-1876.85172603512,188.202845713985,2065.05457174911,1030.14524568113,1304.92197856639,274.776732885264,-47.0530674435996,87.9638491441785,135.016916587778,-88.3600883187189,13.8815420006338,102.241630319352,27.5529933334617,47.0490258062294,19.4960324727677,1.89737458999999,1.89737458999999,0,6.89578435459482,55.4370266344086,48.5412422798137,-709.730135590817,177.052782981938,886.782918572756,-8.11742721446999,4.34304099845706,12.460468212927,136.620747058669,202.850516725308,66.22976966664,0,-1342.07380503461,104.827500826474,1446.90130586109,-117.894907130498,0.0794562287518605,117.97436335925,-1224.17889790412,104.748044597722,1328.92694250184,-906.772914487706,0.380799232784127,907.15371372049,-99.3369622366255,0,99.3369622366255,-313.168368734329,9.26789781039854,322.436266544727,270.242163679386,95.0993475545399,95.0993475545399,0,0,0,0,2066.76779406227,2178.22981966718,111.462025604912,128.291319667189,128.291319667189,0,108.423927219864,0,19.8673924473251,0,1938.47647439508,2049.93849999999,1513.72,536.2185,111.462025604912,120.634370180377,185.634370180377,65,0,0,0,120.634370180377,185.634370180377,65,-3504.26043439188,-3568.44100483484,-2993.13818976721,0.380799232784127,0.380799232784127,0,0,0,0,0.380799232784127,0,0,0,0,2993.518989,2780.278989,2390.97100679999,2390.97100679999,0,0,389.3079822,213.24,213.24,0,0,301.680010713482,162.589513128017,4.127536313658,0,0,0,4.127536313658,0,4.127536313658,158.461976814359,0,0,0,0,0,0,0,0,0,158.461976814359,0,158.461976814359,158.461976814359,0,158.461976814359,0,0,0,-139.090497585465,4.81652948187102,0,0,4.12693618829498,0.689593293576041,0,0.689593293576041,-143.907027067335,0,0,0,0,0,0,-143.907027067335,-64.7354190160794,-18.3128363226083,-46.422582693471,-79.1716080512565,51.6503473883699,-130.821955439626,0,0,0,0,0,0,0,0,0,-1.36373410979471,0,-1.36373410979471,0,0,0,0,9.60012762738305,0,9.60012762738305,0,0,0,0,10.9638617371777,0,10.9638617371777,0,0,0,0,-875.619091671314,106.883092149827,982.502183821142,27.7287176751879,49.787741,22.059023324812,72.3883206283047,82.8261303044231,27.00952157404,27.00952157404,0,-85.1723912796168,-85.1723912796168,0,0,0,0,140.989000009999,140.989000009999,0,0,0,0,140.989000009999,140.989000009999,0,10.4378096761184,0,0,0,10.4378096761184,10.4378096761184,0,0,0,0,0,0,0,0,0,0,0,0,0,0,-981.522276393099,-25.730779154596,0,0,0,0,-25.730779154596,0,-25.730779154596,0,0,0,0,0,0,0,0,0,0,0,0,0,955.791497238503,0,0,0,0,58.6738602421957,0,58.6738602421957,1051.12435568105,0,0,1051.12435568105,1729.75005425814,1103.781479474,625.96857478414,-678.625698577084,-154.006718684747,11.5861763135747,-165.592894998322,0,0,0,-154.006718684747,11.5861763135747,-165.592894998322,0,0,0,0,0,0,0,0,0,0,0,0,0,0,0,5.7861464182917,0,0,0,0,0,0,0,0,0,0,0,0,0,0,0,0,0,0,0,-5.7861464182917,0,0,0,0,0,0,0,0,0,-5.7861464182917,-5.7861464182917,0,0,0,0,-5.7861464182917,-5.7861464182917,0,0,0,0,0,0,0,0,0,0,0,0,0,0,0,0,0,0,0,0,0,0,0,0,0,0,0,0,0,0,0,0,0,0,0,0,0,0,0,0,0,19.0855444454081,-83.266114888362,83.266114888362,83.266114888362,0,0,0,-302.879214,0,386.145328888361,386.145328888361,0,386.145328888361,0,0,0,0,0,0,0,0,0,0,-1.77635683940025e-15,3782.22222222222,3725.88417450717,8963.05673064152,190580.211764012,51150.3317972091,13.4494860654166,18.9676545468031,-3733.31873179213,-7.08674739187135,-7.29871850410134,-0.162787047439847,,,,,,,,,,,,3733.89880676283,3.60337656691967
2024-01-01,2024,"Q1","2023/24","Q3","January",-4555.30901551848,13371.8115213308,17927.1205368493,-4893.4731121423,11229.2634343319,16122.7365464742,-3005.66150461319,8668.441897912,11674.1034025252,-3111.83115594489,5289.5222465803,1547.139228,3144.71589337536,17.0222096752314,55.1869802832,64.3314085927688,136.204626673991,65.4431383387494,85.0495437396781,282.899227199293,597.667125204938,8401.3534025252,287.154869663016,235.43748188718,51.7173877758355,7998.82112751774,1664.20769908398,6334.61342843374,115.377405344444,0,0,0,106.169651331702,3378.9196513317,3272.75,-1887.8116075291,2560.82153641996,4448.63314394907,0,0,0,-0.0339410025625574,0,0.0339410025625574,-2332.96838246398,197.822987666099,2530.79137013008,1268.80489298087,1639.50458217392,370.699689193048,-82.4713983133048,92.3514924449859,174.82289075829,-110.845210625488,14.5739543422553,125.419164967743,22.3939167880992,49.395834693024,27.0019179049248,-11.37836274,2.56157926999999,13.93994201,3.80366108026068,48.4789094632658,44.6752483830051,-874.977649246143,185.884188891276,1060.86183813741,-11.1001995993388,4.55967220465608,15.6598718039949,240.961065612474,325.688335270475,84.727269658,0,-1576.16212034381,120.435588974721,1696.59770931854,-103.194395916802,0.0828027678910532,103.277198684693,-1472.96772442701,120.35278620683,1593.32051063384,-1046.2961364466,0.399793526677966,1046.69592997328,-89.6969128764839,0,89.6969128764839,-453.867078243927,3.06058954015228,456.927667784079,407.5388013732,116.89240314,116.89240314,0,0,0,0,1914.32621696763,2022.11249802411,107.786281056485,156.669875795523,156.669875795523,4.52044169,134.210051530226,0,17.9393825752967,0,1757.6563411721,1865.44262222859,1429.34186584728,436.10075638131,107.786281056485,155.674212827293,220.674212827293,65,0,0,0,155.674212827293,220.674212827293,65,-4399.63480269119,-2766.71493372318,-3115.27010027348,0.399793526677966,0.399793526677966,0,0,0,0,0.399793526677966,0,0,0,0,3115.66989380016,3132.40343939774,2731.68440840687,2731.68440840687,0,0,400.719030990868,-16.7335455975813,-16.7335455975813,0,0,297.009299013878,408.67009113,1.117071173,0,0,0,1.117071173,0,1.117071173,407.553019957,0,0,0,0,0,0,0,0,0,407.553019957,0,407.553019957,407.553019957,0,407.553019957,0,0,0,111.660792116121,5.04138947265168,0,0,4.31960247150683,0.721787001144853,0,0.721787001144853,106.619402643469,0,0,0,0,0,0,106.619402643469,3.9101229982,4.45596235319999,-0.545839355,102.70927964527,168.11690758965,-65.40762794438,0,0,0,0,0,0,0,0,0,-18.90492813548,0,-18.90492813548,0,0,0,0,9.26424145136999,0,9.26424145136999,0,0,0,0,28.16916958685,0,28.16916958685,0,0,0,0,70.4507956719045,721.277058650507,650.826262978603,-20.3842723312919,0,20.3842723312919,708.265057863665,717.250593789395,224.3677672,224.3677672,0,338.654826589395,338.654826589395,0,0,0,0,154.227999999999,154.227999999999,0,0,0,0,154.227999999999,154.227999999999,0,8.98553592573012,0,0,0,8.98553592573012,8.98553592573012,0,0,0,0,0,0,0,0,0,0,0,0,0,0,-620.274587815785,4.02646486111247,0,0,0,0,4.02646486111247,0,4.02646486111247,0,0,0,0,0,0,0,0,0,0,0,0,0,624.301052676898,400,0,0,400,173.74276393249,0,173.74276393249,247.676028765032,0,0,247.676028765032,993.08592782097,152.59710948,840.48881834097,-745.409899055937,-197.117740020624,1.82434005735957,-198.942080077983,0,0,0,-197.117740020624,1.82434005735957,-198.942080077983,0,0,0,0,0,0,0,0,0,0,0,0,0,0,0,2.8445979553173,0,0,0,0,0,0,0,0,0,0,0,0,0,0,0,0,0,0,0,-2.8445979553173,0,0,0,0,0,0,0,0,0,-2.8445979553173,-2.8445979553173,0,0,0,0,-2.8445979553173,-2.8445979553173,0,0,0,0,0,0,0,0,0,0,0,0,0,0,0,0,0,0,0,0,0,0,0,0,0,0,0,0,0,0,0,0,0,0,0,0,0,0,0,0,0,1113.58534717924,519.334521788762,-519.334521788762,-519.334521788762,0,0,0,0,0,-519.334521788762,-519.334521788762,0,-519.334521788762,0,0,0,0,0,0,0,0,0,0,-3.69482222595252e-13,3681.13636363636,3754.96842024664,11229.2634343319,207957.54542833,55381.9692083245,15.6521012557442,21.0792493827945,-4694.03950873871,-8.22525648805166,-8.47575406912969,0.937732134145026,,,,,,,,,,,,3302.8,2.30278095696284
2025-01-01,2025,"Q1","2024/25","Q3","January",-3201.19392289633,19853.5270182154,23054.7209411117,-4819.02913403546,16407.1649349533,21226.1940689887,-2097.19731187691,13657.1493020514,15754.3466139283,-2099.50934489426,7254.40726903411,2463.9165587111,4013.18938107355,11.9401817639075,54.6355735366144,68.4930429585261,162.003198681476,65.4735590576004,96.9823421070326,246.398831519983,777.301329249457,9353.91661392837,126.864456241972,123.54529607257,3.31916016940183,9077.24120935361,1714.18937712216,7363.05183223144,149.810948332785,0,0,0,2.31203301734296,6402.74203301734,6400.43,-2721.83182215854,2750.01563290187,5471.84745506041,0,0,0,-0.0423274892944623,0,0.0423274892944623,-2938.81588718972,206.517213236442,3145.33310042616,1332.44663616468,1777.79845607346,445.351819908777,-121.5823883339,96.437513210249,218.019901544149,-140.713755550146,15.2187677448099,155.932523294956,44.5249200264384,67.5262998372918,23.0013798108534,2.66708488348161,2.92208488348161,0.255,3.33538191169009,37.2946014671133,33.9592195554232,-1179.15957147413,194.108491884498,1373.26806335863,-14.7678601671831,4.76141139497957,19.5292715621627,290.275945059547,347.430793169547,57.1548481099999,0,-1339.39090456389,87.1257808990793,1426.51668546297,-88.4394523248803,0.0893675778053618,88.5288199026857,-1250.95145223901,87.036413321274,1337.98786556028,-728.441138167174,0.41748208382605,728.858620250999,-204.398359999999,0,204.398359999999,-402.471954071839,2.25893123744797,404.730885309287,349.09,84.3599999999999,84.3599999999999,0,0,0,0,2957.22611570302,3359.23630236302,402.01018666,140.474362423023,140.474362423023,0,119.61766320162,0,20.8566992214033,0,2816.75175328,3218.76193994,2797.94443994,420.8175,402.01018666,207.206553196249,207.206553196249,0,0,0,0,207.206553196249,207.206553196249,0,-2993.98736970008,-6005.57873932988,-3357.61988202852,0.41748208382605,0.41748208382605,0,0,0,0,0.41748208382605,0,0,0,0,3358.03736411234,3314.93165559805,2896.81150303414,2896.81150303414,0,0,418.120152563906,43.1057085142904,43.1057085142904,0,0,-2136.62368377878,39.0096081801715,20.2959901911715,0,0,0,20.2959901911715,0,20.2959901911715,18.713617989,0,0,0,0,0,0,0,0,0,18.713617989,0,18.713617989,18.713617989,0,18.713617989,0,0,0,2175.63329195896,5.29755757696016,0,0,4.53909441564145,0.75846316131871,0,0.75846316131871,2170.335734382,0,0,0,0,0,0,2170.335734382,39.3975908559999,51.721925825,-12.3243349689999,2130.93814352599,2174.637992189,-43.699848663,0,0,0,0,0,0,0,0,0,-15.510322888,0,-15.510322888,0,0,0,0,16.15367195,0,16.15367195,0,0,0,0,31.6639948379999,0,31.6639948379999,0,0,0,0,-495.824850634575,276.111655481635,771.93650611621,-21.376761899699,0,21.376761899699,219.011768768732,236.006376410123,100.212232799999,100.212232799999,0,105.345143609123,105.345143609123,0,0,0,0,30.4490000009999,30.4490000009999,0,0,0,0,30.4490000009999,30.4490000009999,0,16.9946076413903,0,0,0,16.9946076413903,16.9946076413903,0,0,0,0,0,0,0,0,0,0,0,0,0,0,-697.52300442934,40.1052790715123,0,0,0,0,40.1052790715123,0,40.1052790715123,0,0,0,0,0,0,0,0,0,0,0,0,0,737.628283500852,391.722045264296,0,0,391.722045264296,48.5559379754193,0,48.5559379754193,526.3768336804,0,0,526.3768336804,1412.3938640804,762.9355319304,649.45833215,-886.0170304,-229.026533419263,1.27234636635899,-230.298879785622,0,0,0,-229.026533419263,1.27234636635899,-230.298879785622,0,0,0,0,0,0,0,0,0,0,0,0,0,0,0,4.06314692573161,0,0,0,0,0,0,0,0,0,0,0,0,0,0,0,0,0,0,0,-4.06314692573161,0,0,0,0,0,0,0,0,0,-4.06314692573161,-4.06314692573161,0,0,0,0,-4.06314692573161,-4.06314692573161,0,0,0,0,0,0,0,0,0,0,0,0,0,0,0,0,0,0,0,0,0,0,0,0,0,0,0,0,0,0,0,0,0,0,0,0,0,0,0,0,0,-323.311369629801,-2688.27999999999,2688.27999999999,2688.27999999999,0,0,0,0,0,2688.27999999999,2688.27999999999,0,2688.27999999999,0,0,0,0,0,0,0,0,0,0,0,3619.65,3601.7826521188,16407.1649349533,229713.38412072,61175.8498106441,22.3244128922181,25.7525586692989,-3320.81158609795,-5.23277393416666,-5.42830479082312,-4.39434843704002,,,,,,,,,,,,5991.08,3.719428859253
