"Date","Year","Quarter","FY","QFY","Month","E_BWA_B","E_IFEM_B","E_BWA_S","E_IFEM_S","E_BWA_MR","E_OFF_MR","E_IFEM_MR","NEER","NEER_IX_10","NEER_IX_17","REER_IX_10","REER_IX_17","E_IFEM_PUR","E_IFEM_SAL","E_PA","E_EP"
1981-01-01,1981,"Q1","1980/81","Q3","January",,,,,,,,,,,,,,,0.0759,
1981-02-01,1981,"Q1","1980/81","Q3","February",,,,,,,,,,,,,,,0.078,
1981-03-01,1981,"Q1","1980/81","Q3","March",,,,,,,,,,,,,,,0.0787,
1981-04-01,1981,"Q2","1980/81","Q4","April",,,,,,,,,,,,,,,0.0796,
1981-05-01,1981,"Q2","1980/81","Q4","May",,,,,,,,,,,,,,,0.0812,
1981-06-01,1981,"Q2","1980/81","Q4","June",,,,,,,,,,,,,,,0.7675,
1981-07-01,1981,"Q3","1981/82","Q1","July",,,,,,,,,,,,,,,0.7939,
1981-08-01,1981,"Q3","1981/82","Q1","August",,,,,,,,,,,,,,,0.6166,
1981-09-01,1981,"Q3","1981/82","Q1","September",,,,,,,,,,,,,,,0.8052,
1981-10-01,1981,"Q4","1981/82","Q2","October",,,,,,,,,,,,,,,0.7913,
1981-11-01,1981,"Q4","1981/82","Q2","November",,,,,,,,,,,,,,,0.7856,
1981-12-01,1981,"Q4","1981/82","Q2","December",,,,,,,,,,,,,,,0.8556,
1982-01-01,1982,"Q1","1981/82","Q3","January",,,,,,,,,,,,,,,0.8603,
1982-02-01,1982,"Q1","1981/82","Q3","February",,,,,,,,,,,,,,,0.8599,
1982-03-01,1982,"Q1","1981/82","Q3","March",,,,,,,,,,,,,,,0.8583,
1982-04-01,1982,"Q2","1981/82","Q4","April",,,,,,,,,,,,,,,0.8594,
1982-05-01,1982,"Q2","1981/82","Q4","May",,,,,,,,,,,,,,,0.8742,
1982-06-01,1982,"Q2","1981/82","Q4","June",,,,,,,,,,,,,,,0.9417,
1982-07-01,1982,"Q3","1982/83","Q1","July",,,,,,,,,,,,,,,0.9867,
1982-08-01,1982,"Q3","1982/83","Q1","August",,,,,,,,,,,,,,,0.9916,
1982-09-01,1982,"Q3","1982/83","Q1","September",,,,,,,,,,,,,,,0.9907,
1982-10-01,1982,"Q4","1982/83","Q2","October",,,,,,,,,,,,,,,0.997,
1982-11-01,1982,"Q4","1982/83","Q2","November",,,,,,,,,,,,,,,1.0174,
1982-12-01,1982,"Q4","1982/83","Q2","December",,,,,,,,,,,,,,,1.0484,
1983-01-01,1983,"Q1","1982/83","Q3","January",,,,,,,,,,,,,,,1.07,
1983-02-01,1983,"Q1","1982/83","Q3","February",,,,,,,,,,,,,,,1.1197,
1983-03-01,1983,"Q1","1982/83","Q3","March",,,,,,,,,,,,,,,1.1659,
1983-04-01,1983,"Q2","1982/83","Q4","April",,,,,,,,,,,,,,,1.1966,
1983-05-01,1983,"Q2","1982/83","Q4","May",,,,,,,,,,,,,,,1.2829,
1983-06-01,1983,"Q2","1982/83","Q4","June",,,,,,,,,,,,,,,1.388,
1983-07-01,1983,"Q3","1983/84","Q1","July",,,,,,,,,,,,,,,1.5514,
1983-08-01,1983,"Q3","1983/84","Q1","August",,,,,,,,,,,,,,,1.6647,
1983-09-01,1983,"Q3","1983/84","Q1","September",,,,,,,,,,,,,,,1.7628,
1983-10-01,1983,"Q4","1983/84","Q2","October",,,,,,,,,,,,,,,1.856,
1983-11-01,1983,"Q4","1983/84","Q2","November",,,,,,,,,,,,,,,2.0672,
1983-12-01,1983,"Q4","1983/84","Q2","December",,,,,,,,,,,,,,,2.3381,
1984-01-01,1984,"Q1","1983/84","Q3","January",,,,,,,,,,,,,,,2.4142,
1984-02-01,1984,"Q1","1983/84","Q3","February",,,,,,,,,,,,,,,2.5332,
1984-03-01,1984,"Q1","1983/84","Q3","March",,,,,,,,,,,,,,,2.7413,
1984-04-01,1984,"Q2","1983/84","Q4","April",,,,,,,,,,,,,,,2.9206,
1984-05-01,1984,"Q2","1983/84","Q4","May",,,,,,,,,,,,,,,2.9229,
1984-06-01,1984,"Q2","1983/84","Q4","June",,,,,,,,,,,,,,,3.072,
1984-07-01,1984,"Q3","1984/85","Q1","July",,,,,,,,,,,,,,,3.3809,
1984-08-01,1984,"Q3","1984/85","Q1","August",,,,,,,,,,,,,,,3.7391,
1984-09-01,1984,"Q3","1984/85","Q1","September",,,,,,,,,,,,,,,4,
1984-10-01,1984,"Q4","1984/85","Q2","October",,,,,,,,,,,,,,,4.4568,
1984-11-01,1984,"Q4","1984/85","Q2","November",,,,,,,,,,,,,,,5.4636,
1984-12-01,1984,"Q4","1984/85","Q2","December",,,,,,,,,,,,,,,5.5157,
1985-01-01,1985,"Q1","1984/85","Q3","January",,,,,,,,,,,,,,,5.3909,
1985-02-01,1985,"Q1","1984/85","Q3","February",,,,,,,,,,,,,,,5.57,
1985-03-01,1985,"Q1","1984/85","Q3","March",,,,,,,,,,,,,,,5.7881,
1985-04-01,1985,"Q2","1984/85","Q4","April",,,,,,,,,,,,,,,5.9316,
1985-05-01,1985,"Q2","1984/85","Q4","May",,,,,,,,,,,,,,,6.0045,
1985-06-01,1985,"Q2","1984/85","Q4","June",,,,,,,,,,,,,,,6,
1985-07-01,1985,"Q3","1985/86","Q1","July",,,,,,,,,,,,,,,6,
1985-08-01,1985,"Q3","1985/86","Q1","August",,,,,,,,,,,,,,,6,
1985-09-01,1985,"Q3","1985/86","Q1","September",,,,,,,,,,,,,,,6,
1985-10-01,1985,"Q4","1985/86","Q2","October",,,,,,,,,,,,,,,6.8,
1985-11-01,1985,"Q4","1985/86","Q2","November",,,,,,,,,,,,,,,8.7,
1985-12-01,1985,"Q4","1985/86","Q2","December",,,,,,,,,,,,,,,12.75,
1986-01-01,1986,"Q1","1985/86","Q3","January",,,,,,,,,,,,,,,14.79,14
1986-02-01,1986,"Q1","1985/86","Q3","February",,,,,,,,,,,,,,,14.8,14
1986-03-01,1986,"Q1","1985/86","Q3","March",,,,,,,,,,,,,,,14.8,14
1986-04-01,1986,"Q2","1985/86","Q4","April",,,,,,,,,,,,,,,14.8,14
1986-05-01,1986,"Q2","1985/86","Q4","May",,,,,,,,,,,,,,,14,14
1986-06-01,1986,"Q2","1985/86","Q4","June",,,,,,,,,,,,,,,14,14
1986-07-01,1986,"Q3","1986/87","Q1","July",,,,,,,,,,,,,,,14,14
1986-08-01,1986,"Q3","1986/87","Q1","August",,,,,,,,,,,,,,,14,14
1986-09-01,1986,"Q3","1986/87","Q1","September",,,,,,,,,,,,,,,14,14
1986-10-01,1986,"Q4","1986/87","Q2","October",,,,,,,,,,,,,,,14,14
1986-11-01,1986,"Q4","1986/87","Q2","November",,,,,,,,,,,,,,,14,14
1986-12-01,1986,"Q4","1986/87","Q2","December",,,,,,,,,,,,,,,14,14
1987-01-01,1987,"Q1","1986/87","Q3","January",,,,,,14,,2.71361520609563,0.87130278187115,0.216171983323762,,,,,14,14
1987-02-01,1987,"Q1","1986/87","Q3","February",,,,,,14,,2.72219121141562,0.874056413733127,0.216855164960884,,,,,14,14
1987-03-01,1987,"Q1","1986/87","Q3","March",,,,,,14,,2.7400526611354,0.879791468133668,0.218278043562938,,,,,14,14
1987-04-01,1987,"Q2","1986/87","Q4","April",,,,,,14,,2.78757507336272,0.895050230644243,0.222063773418974,,,,,14,14
1987-05-01,1987,"Q2","1986/87","Q4","May",,,,,,60,,7.64561080367346,2.45489557523877,1.89689151181442,,,,,60,60
1987-06-01,1987,"Q2","1986/87","Q4","June",,,,,,60,,11.8603121401296,3.80817550636579,2.94256744212928,,,,,60,60
1987-07-01,1987,"Q3","1987/88","Q1","July",,,,,,60,,11.6794523802656,3.7501040408374,2.89769576972476,,,,,60,60
1987-08-01,1987,"Q3","1987/88","Q1","August",,,,,,60,,11.654279581885,3.7420214176242,2.89145034750764,,,,,60,60
1987-09-01,1987,"Q3","1987/88","Q1","September",,,,,,60,,11.8198830659079,3.79519431258463,2.93253690700385,,,,,60,60
1987-10-01,1987,"Q4","1987/88","Q2","October",,,,,,60,,11.7840329225755,3.78368334760113,2.92364241389782,,,,,60,60
1987-11-01,1987,"Q4","1987/88","Q2","November",,,,,,60,,12.1749157453107,3.90919019546584,3.02062123319688,,,,,60,60
1987-12-01,1987,"Q4","1987/88","Q2","December",,,,,,60,,12.4269566830018,3.99011691258566,3.08315309986036,,,,,60,60
1988-01-01,1988,"Q1","1987/88","Q3","January",,,,,,60,,12.3218046531191,3.95635410938849,3.05706466846403,,,,,60,60
1988-02-01,1988,"Q1","1987/88","Q3","February",,,,,,60,,12.0737334006057,3.8767020010381,2.99551768872609,,,,,60,60
1988-03-01,1988,"Q1","1987/88","Q3","March",,,,,,60,,12.1276199614748,3.89400420006959,3.00888705352091,,,,,60,60
1988-04-01,1988,"Q2","1987/88","Q4","April",,,,,,60,,12.1551058397689,3.90282951994769,3.01570635554527,,,,,60,60
1988-05-01,1988,"Q2","1987/88","Q4","May",,,,,,60,,12.0399099302117,3.86584177156245,2.98712601727721,,,,,60,60
1988-06-01,1988,"Q2","1987/88","Q4","June",,,,,,60,,11.7285708226867,3.76587526566933,2.90988215468401,,,,,60,60
1988-07-01,1988,"Q3","1988/89","Q1","July",,,,,,150,,28.2466156544624,9.06958169415231,7.0080425028554,,,,,150,150
1988-08-01,1988,"Q3","1988/89","Q1","August",,,,,,150,,27.8371107219522,8.93809555489254,6.90644350043802,,,,,150,150
1988-09-01,1988,"Q3","1988/89","Q1","September",,,,,,150,,27.7943429172255,8.92436342841081,6.89583272154172,,,,,150,150
1988-10-01,1988,"Q4","1988/89","Q2","October",,,,,,150,,28.1248275299251,9.03047728042784,6.97782662271101,,,,,150,150
1988-11-01,1988,"Q4","1988/89","Q2","November",,,,,,150,,28.7680636717653,9.23701114658781,7.13741481113444,,,,,150,150
1988-12-01,1988,"Q4","1988/89","Q2","December",,,,,,165,,31.3826965298756,10.0765321213103,7.7861105141223,,,,,165,165
1989-01-01,1989,"Q1","1988/89","Q3","January",,,,,,165,,30.9216408236697,9.92849377065824,7.67172166043445,,,,,165,165
1989-02-01,1989,"Q1","1988/89","Q3","February",,,,,,165,,30.6046416648883,9.82670990377964,7.59307352767104,,,,,165,165
1989-03-01,1989,"Q1","1988/89","Q3","March",,,,,,200,,35.0029308374427,11.2389372464449,8.68429797162458,,,,,200,200
1989-04-01,1989,"Q2","1988/89","Q4","April",,,,,,200,,36.2798256513697,11.6489297910887,9.00109815884496,,,,,200,200
1989-05-01,1989,"Q2","1988/89","Q4","May",,,,,,200,,34.9679624116646,11.2277093882763,8.67562223442798,,,,,200,200
1989-06-01,1989,"Q2","1988/89","Q4","June",,,,,,200,,34.0495442807012,10.9328185464827,8.44776083765328,,,,,200,200
1989-07-01,1989,"Q3","1989/90","Q1","July",,,,,,200,,34.8811538534348,11.199836409784,8.65408485546804,,,,,200,200
1989-08-01,1989,"Q3","1989/90","Q1","August",,,,,,200,,34.4855019096304,11.0727982657925,8.55592280758107,,,,,200,200
1989-09-01,1989,"Q3","1989/90","Q1","September",,,,,,200,,33.9064704831194,10.8868796095377,8.41226393895348,27.3533038494201,24.8527147480553,,,200,200
1989-10-01,1989,"Q4","1989/90","Q2","October",,,,,,340,,41.3637269845349,13.2812973295647,10.2624243672297,32.0674285067166,29.1358827353493,,,340,340
1989-11-01,1989,"Q4","1989/90","Q2","November",,,,,,340,,59.8171931360329,19.2064396846222,14.8407666612833,44.9967143870756,40.8831969043993,,,340,370
1989-12-01,1989,"Q4","1989/90","Q2","December",,,,,,370,,65.1198205444762,20.9090370174439,16.1563592515519,48.246643910253,43.8360238036816,,,370,370
1990-01-01,1990,"Q1","1989/90","Q3","January",,,,,,375,,66.5897261756415,21.3810025572321,16.5210458130999,45.6285235840425,41.4572472580185,,,375,375
1990-02-01,1990,"Q1","1989/90","Q3","February",,,,,,379,,67.5938358075658,21.7034077065082,16.7701674446657,46.6500386143043,42.3853772491049,,,379,379
1990-03-01,1990,"Q1","1989/90","Q3","March",,,,,,379,,66.0337716860752,21.2024935732521,16.3831123792261,46.1839554178082,41.961902527545,,,379,379
1990-04-01,1990,"Q2","1989/90","Q4","April",,,,,,379,,65.692437395328,21.0928960457884,16.2984266509781,46.3391429891327,42.1029031344114,,,379,379
1990-05-01,1990,"Q2","1989/90","Q4","May",,,,,,384,,67.1562687586811,21.5629112256174,16.6616061743902,48.3834573203334,43.9603299815807,,,384,384
1990-06-01,1990,"Q2","1989/90","Q4","June",,,,,,440,,67.4714217190356,21.664102304756,16.739796261588,49.5714044305087,45.0396771356756,,,440,440
1990-07-01,1990,"Q3","1990/91","Q1","July",622.46,,652.31,,637.385,440,,78.1828630727398,25.1033919388823,19.3973265367855,57.6134042286874,52.3464919938848,,,440,440
1990-08-01,1990,"Q3","1990/91","Q1","August",682.05,,712.33,,697.19,450,,80.0344383905193,25.6979061211441,19.8567061199175,57.3982102871733,52.1509706896431,,,450,450
1990-09-01,1990,"Q3","1990/91","Q1","September",710.45,,751.28,,730.865,480,,84.2796752572561,27.0609905715043,20.9099579770858,58.6719445495943,53.3082624911394,,,480,480
1990-10-01,1990,"Q4","1990/91","Q2","October",705.2,,745.34,,725.27,480,,88.5625554534771,28.4361617531094,21.9725492204729,59.1076018842756,53.7040928276259,,,480,480
1990-11-01,1990,"Q4","1990/91","Q2","November",737,,764,,750.5,510,,94.5152138840025,30.3474746903287,23.4494158227029,62.8713780578197,57.1237914545836,,,510,510
1990-12-01,1990,"Q4","1990/91","Q2","December",749,,788,,768.5,540,,97.2432062322145,31.2233937655834,24.1262362445758,64.9206381621497,58.9857119413318,,,540,540
1991-01-01,1991,"Q1","1990/91","Q3","January",760.41,,796,,778.205,570,,102.150760387414,32.7991387636226,25.3438103612565,64.7181950793129,58.8017758355452,,,570,570
1991-02-01,1991,"Q1","1990/91","Q3","February",769.73,,804.32,,787.025,600,,106.528061974103,34.2046272945699,26.4298277426871,67.5241946324727,61.3512560322245,,,600,600
1991-03-01,1991,"Q1","1990/91","Q3","March",800.32,,828.91,,814.615,620,,105.706220945725,33.9407459702489,26.2259273204941,65.9814510072815,59.9495472127955,,,620,620
1991-04-01,1991,"Q2","1990/91","Q4","April",825.13,,869.31,,847.22,640,,106.795801259488,34.2905945251663,26.4962544011802,64.9885612769069,59.0474256489392,,,640,640
1991-05-01,1991,"Q2","1990/91","Q4","May",866.11,,910.5,,888.305,670,,110.247451807451,35.3988698317503,27.3526158867836,67.6455824426377,61.4615467903915,,,670,670
1991-06-01,1991,"Q2","1990/91","Q4","June",914.71,,963.28,,938.995,700,,111.07709737278,35.6652570805448,27.5584526303871,68.1122258459488,61.8855305056821,,,700,700
1991-07-01,1991,"Q3","1991/92","Q1","July",939.63,,975,,957.315,800,,115.825262154408,37.1898244450413,28.7364819209493,71.0070350933256,64.5157015764654,,,800,800
1991-08-01,1991,"Q3","1991/92","Q1","August",961.06,,985.34,,973.2,800,,127.560866825516,40.9579581781909,31.6481091876601,76.9069057998966,69.8762168739228,,,800,800
1991-09-01,1991,"Q3","1991/92","Q1","September",968.47,,992.69,,980.58,850,,136.795775533097,43.9231544334176,33.9393087254882,81.9024141576701,74.415044977494,,,850,850
1991-10-01,1991,"Q4","1991/92","Q2","October",984.25,,1017.9,,1001.075,915,,138.866471898568,44.5880252299819,34.4530526839593,81.7848739127454,74.3082500471773,,,915,915
1991-11-01,1991,"Q4","1991/92","Q2","November",1044.01,,1095.53,,1069.77,915,,150.913217547259,48.456061852352,37.4418746568237,86.1050129754323,78.2334498836557,,,915,915
1991-12-01,1991,"Q4","1991/92","Q2","December",1156.25,,1212.06,,1184.155,915,,152.981978484947,49.1203112109145,37.9551384317452,84.5537965389399,76.8240428218664,,,915,915
1992-01-01,1992,"Q1","1991/92","Q3","January",1211.76,,1268.69,,1240.225,970,,161.289480744167,51.7877306050126,40.0162465530639,84.1782038564984,76.4827861367668,,,970,970
1992-02-01,1992,"Q1","1991/92","Q3","February",1231.44,,1288.71,,1260.075,985.48,,161.537545439274,51.8673806078742,40.0777919058961,80.3555602641386,73.0096016429524,,,985.48,1000
1992-03-01,1992,"Q1","1991/92","Q3","March",1224.89,,1274.7,,1249.795,1160.08,,166.016384444278,53.3054713422742,41.1890009262785,77.2938212714256,70.2277612394025,,,1160.08,1160.08
1992-04-01,1992,"Q2","1991/92","Q4","April",1175.2,,1240.41,,1207.805,1158.91,,185.688118132298,59.6217818671041,46.069597861392,78.7090754317754,71.5136354481196,,,1158.91,1158.91
1992-05-01,1992,"Q2","1991/92","Q4","May",1190.13,,1242.22,,1216.175,1164.94,,187.840688036945,60.3129410785789,46.6036548106092,76.6456487692481,69.6388434840619,,,1164.94,1168.62
1992-06-01,1992,"Q2","1991/92","Q4","June",1202.18,,1247.19,,1224.685,1166.06,,189.966402962317,60.995477542769,47.1310489851252,78.2682731271888,71.1131304854839,,,1166.06,1169.47
1992-07-01,1992,"Q3","1992/93","Q1","July",1226.2,,1270.5,,1248.35,1177.86,,195.277267491409,62.700719696463,48.4486852216954,78.6590428797886,71.4681767806953,,,1177.86,1184.44
1992-08-01,1992,"Q3","1992/93","Q1","August",1235.99,,1276.18,,1256.085,1185.29,,197.048352462568,63.2693895870334,48.8880949869529,80.4108597839296,73.0598457815996,,,1185.29,1185.13
1992-09-01,1992,"Q3","1992/93","Q1","September",1212.05,,1254.08,,1233.065,1185.15,,195.1961956282,62.6746886881655,48.4285711283785,80.2429733162174,72.90730718827,,,1185.15,1186.86
1992-10-01,1992,"Q4","1992/93","Q2","October",1205.54,,1238.87,,1222.205,1181.07,,189.58443938906,60.8728345375249,47.0362830496706,76.6084071796432,69.6050064525899,,,1181.07,1182.39
1992-11-01,1992,"Q4","1992/93","Q2","November",1228.82,,1253.69,,1241.255,1196.34,,184.800867270395,59.3368983867721,45.8494691271401,75.3634761112371,68.4738847096951,,,1196.34,1210.4
1992-12-01,1992,"Q4","1992/93","Q2","December",1233.24,,1263.75,,1248.495,1213.93,,186.943978765462,60.0250206390789,46.3811794258009,77.640814401585,70.5430328910779,,,1213.93,1217.15
1993-01-01,1993,"Q1","1992/93","Q3","January",1215.6,,1253.83,,1234.715,1217.12,,184.92022166387,59.3752213644846,45.8790811936832,78.5130182233095,71.335501431727,,,1217.12,1218.25
1993-02-01,1993,"Q1","1992/93","Q3","February",1221.05,,1255.19,,1238.12,1217.09,,182.786481240688,58.6901080284696,45.3496958769202,80.5172795791025,73.1565368733792,,,1217.09,1215.49
1993-03-01,1993,"Q1","1992/93","Q3","March",1240.49,,1262.14,,1251.315,1217.52,,174.207680570406,55.9355786197515,43.2212780708258,79.6377613293474,72.3574225763567,,,1217.52,1220.57
1993-04-01,1993,"Q2","1992/93","Q4","April",1243.38,,1266.44,,1254.91,1218.09,,170.169175131935,54.638872655237,42.2193166993457,78.5392033584573,71.3592927696237,,,1218.09,1219.18
1993-05-01,1993,"Q2","1992/93","Q4","May",1228.69,,1261.81,,1245.25,1213.27,,163.014700744898,52.3416739137763,40.4442771263473,75.5243769788712,68.6200763137528,,,1213.27,1203.22
1993-06-01,1993,"Q2","1992/93","Q4","June",1192.81,,1237.8,,1215.305,1199.09,,158.62646801839,50.9326755511806,39.355547707008,74.9607137350405,68.1079421346421,,,1199.09,1199.3
1993-07-01,1993,"Q3","1993/94","Q1","July",1189.87,,1226.94,,1208.405,1197.57,,155.359354497429,49.8836524276706,38.5449702312269,72.1563611654478,65.5599583572989,,,1197.57,1198.46
1993-08-01,1993,"Q3","1993/94","Q1","August",1192.64,,1223.81,,1208.225,1196.65,,155.47581154501,49.9210451093219,38.5738634603906,73.9179067478486,67.1604666584572,,,1196.65,1191.47
1993-09-01,1993,"Q3","1993/94","Q1","September",1185.06,,1216.69,,1200.875,1181.988,,154.892658331374,49.733803006552,38.4291819680367,72.6503843954569,66.0088188855158,,,1181.988,1172.14
1993-10-01,1993,"Q4","1993/94","Q2","October",1161.47,,1195.08,,1178.275,1170.837,,151.451161222232,48.6287878230206,37.5753395711507,70.527083073217,64.0796258938284,,,1170.837,1171.23
1993-11-01,1993,"Q4","1993/94","Q2","November",1171.31,,1198.1,,1184.705,1165.009,,148.884275136126,47.8045976495036,36.9384899389161,68.976228574482,62.6705476821075,,,1165.009,1161.13
1993-12-01,1993,"Q4","1993/94","Q2","December",1173.58,,1198.42,,1186,1146.003,,146.526310509092,47.0474891491997,36.3534741434441,67.221273922902,61.0760277809068,,,1146.003,1130.15
1994-01-01,1994,"Q1","1993/94","Q3","January",1141.28,,1177.92,,1159.6,1112.71,,138.437666202811,44.450341893466,34.3466651231238,63.4942720326222,57.6897415993731,,,1112.71,1044.5
1994-02-01,1994,"Q1","1993/94","Q3","February",1046.7,,1117.19,,1081.945,1047.222,,130.914709562045,42.0348288044062,32.4802043573259,60.4455898843721,54.9197644074019,,,1047.222,1092.68
1994-03-01,1994,"Q1","1993/94","Q3","March",1092.54,,1121.06,,1106.8,1079.223,,136.546023697324,43.8429627139735,33.8773447896428,63.1025364322986,57.3338177524734,,,1079.223,1030.58
1994-04-01,1994,"Q2","1993/94","Q4","April",1047.18,,1085.14,,1066.16,1007.032,,128.456978039431,41.2456865900143,31.8704361931754,58.0079332647934,52.7049539057674,,,1007.032,996.3
1994-05-01,1994,"Q2","1993/94","Q4","May",994.52,,1026.95,,1010.735,965.708,,126.073580863584,40.4804120643725,31.2791105308786,55.8401264302721,50.7353240144815,,,965.708,952.61
1994-06-01,1994,"Q2","1993/94","Q4","June",952.37,,994.27,,973.32,962.59,,127.451043154785,40.9226953783628,31.620861712716,56.481028007679,51.3176355397201,,,962.59,969.62
1994-07-01,1994,"Q3","1994/95","Q1","July",965.01,,987.49,,976.25,967.065,,129.69419687532,41.6429397492214,32.1773926899577,59.3344480323265,53.9102011149553,,,967.065,953.31
1994-08-01,1994,"Q3","1994/95","Q1","August",925.32,,963.28,,944.3,921.379,,124.04258461139,39.828288402723,30.7752162508476,58.2285225259196,52.905377299352,,,921.379,918.91
1994-09-01,1994,"Q3","1994/95","Q1","September",922.4,,951.31,,936.855,920.792,,126.790471995961,40.710595487776,31.4569726715002,59.8794200925489,54.4053528243402,,,920.792,920.48
1994-10-01,1994,"Q4","1994/95","Q2","October",915.87,,939.47,,927.67,919.781,,133.364467694391,42.8214108779553,33.0879943072164,62.2159809315873,56.5283095371298,,,919.781,918.79
1994-11-01,1994,"Q4","1994/95","Q2","November",915.03,,934.6,,924.815,920.138,,132.130993553483,42.425360086404,32.7819668768366,60.1627651695794,54.6627950117071,,,920.138,925.32
1994-12-01,1994,"Q4","1994/95","Q2","December",921.83,,942.93,,932.38,929.75,,131.064056068038,42.0827818177305,32.5172575276759,59.0511828141541,53.6528314858955,,,929.75,926.77
1995-01-01,1995,"Q1","1994/95","Q3","January",919.17,,940,,929.585,925.04,,131.868392273086,42.3410425952511,32.7168149677783,60.0337619759517,54.5455850545309,,,925.04,925.41
1995-02-01,1995,"Q1","1994/95","Q3","February",921.14,,940.39,,930.765,925.528,,132.473758873134,42.5354170966501,32.8670076462515,59.2384400375115,53.8229699957528,,,925.528,926.64
1995-03-01,1995,"Q1","1994/95","Q3","March",924.04,,939.21,,931.625,927.035,,135.410030944137,43.4782117928358,33.5955026888173,60.4927690911368,54.9626305772152,,,927.035,927.06
1995-04-01,1995,"Q2","1994/95","Q4","April",928.38,,941.38,,934.88,928.828,,137.668203145446,44.2032783816892,34.1557597815299,60.9565790932878,55.3840399157071,,,928.828,931.47
1995-05-01,1995,"Q2","1994/95","Q4","May",940.52,,960.3,,950.41,941.02,,133.438254932779,42.84510289808,33.1063010703739,59.1473181600837,53.7401783140062,,,941.02,964.75
1995-06-01,1995,"Q2","1994/95","Q4","June",959.24,,985.31,,972.275,964.81,,136.276933464224,43.7565617135121,33.8105829582882,60.3347130894717,54.8190237666732,,,964.81,965.86
1995-07-01,1995,"Q3","1995/96","Q1","July",964.42,,987.66,,976.04,968.93,,135.27384919785,43.4344857943546,33.5617157219902,61.2530123237435,55.653373761407,,,968.93,977.01
1995-08-01,1995,"Q3","1995/96","Q1","August",970.23,,993.31,,981.77,970.03,,133.636792515538,42.9088504580787,33.155558646411,60.4971088590647,54.9665736114818,,,970.03,968.49
1995-09-01,1995,"Q3","1995/96","Q1","September",971.84,,995.83,,983.835,977.7,,132.944727165444,42.6866382360148,32.9838558326106,59.6661652385962,54.2115933398151,,,977.7,969.38
1995-10-01,1995,"Q4","1995/96","Q2","October",1016.65,,1065.4,,1041.025,1043.38,,142.525623596824,45.762926169075,35.3608956248435,62.9619904692962,57.2061202448261,,,1043.38,1059.49
1995-11-01,1995,"Q4","1995/96","Q2","November",1024.13,,1060.77,,1042.45,1028.3,,140.943130711157,45.2548104824898,34.9682759376255,60.6708766962953,55.1244559102657,,,1028.3,1030.44
1995-12-01,1995,"Q4","1995/96","Q2","December",1020.49,,1053.19,,1036.84,1023.25,,138.864218359327,44.5873016509697,34.4524935763132,59.7323400286987,54.271718551416,,,1023.25,1009.45
1996-01-01,1996,"Q1","1995/96","Q3","January",1020.14,,1048.33,,1034.235,1017.72,,137.778852059412,44.2388061552413,34.1832120009906,60.3443767327823,54.8278039773545,,,1017.72,1030.44
1996-02-01,1996,"Q1","1995/96","Q3","February",1023.58,,1045.37,,1034.475,1022.37,,135.71884078912,43.5773661889337,33.6721190362556,59.1527990116973,53.7451581161712,,,1022.37,1015.96
1996-03-01,1996,"Q1","1995/96","Q3","March",1021.75,,1036,,1028.875,1016.6,,134.514248681155,43.1905890024217,33.373257296694,59.0817393136239,53.6805945659681,,,1016.6,1018.58
1996-04-01,1996,"Q2","1995/96","Q4","April",1023.25,,1037,,1030.125,1013.56,,132.384179815632,42.5066545507212,32.8447829008159,57.7104818876593,52.4346949904997,,,1013.56,1020.56
1996-05-01,1996,"Q2","1995/96","Q4","May",1019.28,,1034.14,,1026.71,1018,,131.634491239766,42.2659403403122,32.6587836480967,57.5632878187696,52.3009571346685,,,1018,1022.13
1996-06-01,1996,"Q2","1995/96","Q4","June",1035.66,,1053.44,,1044.55,1041.36,,134.766778758721,43.2716727753143,33.43591051995,59.5898049805074,54.1422137971164,,,1041.36,1058.82
1996-07-01,1996,"Q3","1996/97","Q1","July",1049.78,,1067.82,,1058.8,1055.44,,137.281328021381,44.0790583481789,34.0597752803806,60.929959382063,55.3598537298852,,,1055.44,1059.9
1996-08-01,1996,"Q3","1996/97","Q1","August",1057.87,,1078,,1067.935,1067.44,,139.112615584356,44.6670584244028,34.514121430492,61.8454189255217,56.1916236331558,,,1067.44,1071.67
1996-09-01,1996,"Q3","1996/97","Q1","September",1072.28,,1088.71,,1080.495,1074.97,,139.819458301118,44.894015446193,34.6894905388659,60.3680055975661,54.8492727344568,,,1074.97,1088.85
1996-10-01,1996,"Q4","1996/97","Q2","October",1094.42,,1130.49,,1112.455,1105.05,,143.167200378293,45.968927238505,35.5200721226009,60.8256686154891,55.2650970347969,,,1105.05,1101.83
1996-11-01,1996,"Q4","1996/97","Q2","November",1080.04,,1111.15,,1095.595,1081.48,,140.634085115588,45.1555803902722,34.8916010999897,60.0895800791173,54.5963003686074,,,1081.48,1053.22
1996-12-01,1996,"Q4","1996/97","Q2","December",1021.67,,1051.87,,1036.77,1030.35,,133.090970872953,42.7335949854085,33.0201391923778,57.3916627881549,52.1450217510317,,,1030.35,1029.59
1997-01-01,1997,"Q1","1996/97","Q3","January",1036.13,,1046.54,,1041.335,1044.85,,133.796312730909,42.96007010304,33.1951359346448,58.2531843768221,52.927784608868,,,1044.85,1044.01
1997-02-01,1997,"Q1","1996/97","Q3","February",1025.06,,1047.66,,1036.36,1033.111,,130.706246976738,41.9678944689538,32.4284843680729,58.0601510943557,52.7523980766806,,,1033.111,1027.65
1997-03-01,1997,"Q1","1996/97","Q3","March",1021.86,,1041.68,,1031.77,1024.954,,129.261718905737,41.5040772984401,32.0700940305549,56.5766865118502,51.4045491180754,,,1024.954,1024.7
1997-04-01,1997,"Q2","1996/97","Q4","April",1030.7,,1062.82,,1046.76,1046.46238095238,,131.893617699571,42.3491421165909,32.7230734471345,55.6589253446735,50.5706880013253,,,1046.46238095238,1071.3
1997-05-01,1997,"Q2","1996/97","Q4","May",1049,,1078.17,,1063.585,1065.298,,135.361788337764,43.4627217863517,33.5835336005538,56.397476167708,51.241721856426,,,1065.298,1069.08
1997-06-01,1997,"Q2","1996/97","Q4","June",1058.83,,1076.15,,1067.49,1067.588,,135.35212857358,43.4596201751184,33.5811369935125,57.2559580200838,52.0217228651132,,,1067.588,1067.49
1997-07-01,1997,"Q3","1997/98","Q1","July",1060.7,,1076.51,,1068.605,1068.023,,132.424693993226,42.5196630699702,32.8548345502601,55.798073274081,50.6971152810565,,,1068.023,1071.03
1997-08-01,1997,"Q3","1997/98","Q1","August",1081.75,,1119.45,,1100.6,1098.168,,129.279491210475,41.5097837296702,32.0745033753239,55.3585524067343,50.2977746090077,,,1098.168,1112.17
1997-09-01,1997,"Q3","1997/98","Q1","September",1106.412,,1132.77,,1119.591,1117.123,,132.995347625701,42.702891737153,32.9964148712343,56.8966456708562,51.6952581948867,,,1117.123,1131.87
1997-10-01,1997,"Q4","1997/98","Q2","October",1130.58,,1152.55,,1141.565,1140.396,,136.567831840074,43.849964994696,33.8827554339895,57.5002531841537,52.2436850112723,,,1140.396,1143.88
1997-11-01,1997,"Q4","1997/98","Q2","November",1144.13,,1160.01,,1152.07,1147.189,,136.437476205313,43.8081096767627,33.8504139372217,56.6985902935761,51.515308678625,,,1147.189,1146.58
1997-12-01,1997,"Q4","1997/98","Q2","December",1138.93,,1155.96,,1147.445,1142.942,,133.737803249177,42.9412835506634,33.180619613829,55.4286944334886,50.3615043797283,,,1142.942,1140.11
1998-01-01,1998,"Q1","1997/98","Q3","January",1143.47,,1159.43,,1151.45,1148.06789473684,,133.208607526542,42.7713664215694,33.0493250841792,55.5520880681728,50.4736175935987,,,1148.06789473684,1153.14
1998-02-01,1998,"Q1","1997/98","Q3","February",1144.69,,1160.27,,1152.48,1152.522,,135.251498500214,43.427309307068,33.5561704686784,57.5399037052263,52.2797107540949,,,1152.522,1152.4
1998-03-01,1998,"Q1","1997/98","Q3","March",1146.14,,1159.35,,1152.745,1152.385,,134.819190160792,43.28850132209,33.4489138948622,58.5704703659466,53.2160648921082,,,1152.385,1155.18
1998-04-01,1998,"Q2","1997/98","Q4","April",1162.67,,1163.05,,1162.86,1174.507,,137.338302559492,44.0973520522535,34.073910778578,59.8697387450019,54.3965565279116,,,1174.507,1233.77
1998-05-01,1998,"Q2","1997/98","Q4","May",1201.89,,1235.87,,1218.88,1223.476,,141.278875078045,45.3626131658657,35.0515747944523,61.6451990000308,56.0097074477292,,,1223.476,1227.49
1998-06-01,1998,"Q2","1997/98","Q4","June",1215.03,,1235.11,,1225.07,1231.022,,140.83051271282,45.21865046429,34.9403351843478,62.4290979315411,56.721943770017,,,1231.022,1232
1998-07-01,1998,"Q3","1998/99","Q1","July",1231.11,,1241.05,,1236.08,1235.018,,138.976991493187,44.6235114809531,34.4804728190283,62.8525891851374,57.1067202263406,,,1235.018,1238.67
1998-08-01,1998,"Q3","1998/99","Q1","August",1226.11,,1241.83,,1233.97,1244.374,,139.51575158272,44.7964995905852,34.6141402874598,63.2593653819932,57.4763096858958,,,1244.374,1257.16
1998-09-01,1998,"Q3","1998/99","Q1","September",1270.5,,1286.86,,1278.68,1284.843,,147.872567989658,47.4797530476689,36.6874833486178,66.3356221425758,60.2713406694806,,,1284.843,1300.52
1998-10-01,1998,"Q4","1998/99","Q2","October",1306.17,,1319.18,,1312.675,1314.185,,155.296761778543,49.8635548066197,38.5294408510107,68.4446998678379,62.187610359459,,,1314.185,1330.57
1998-11-01,1998,"Q4","1998/99","Q2","November",1347.06,,1363.28,,1355.17,1353.82,,159.366896953142,51.1704166241145,39.5392496240291,70.1130036313234,63.7034008385639,,,1353.82,1376.13
1998-12-01,1998,"Q4","1998/99","Q2","December",1367.97,,1382.14,,1375.055,1368.443,,159.956662364154,51.3597818082834,39.6855716159323,68.8732030787864,62.5769405891437,,,1368.443,1362.69
1999-01-01,1999,"Q1","1998/99","Q3","January",1355.22,,1377.47,,1366.345,1369.20666666667,,159.848782721189,51.3251432077878,39.6588064582107,74.8834272571077,68.0377210454267,,,1369.20666666667,1376.77
1999-02-01,1999,"Q1","1998/99","Q3","February",1371.9,,1383.12,,1377.51,1377.346,,158.399651930889,50.8598481703607,39.2992741767209,73.6360903343337,66.9044133869782,,,1377.346,1377.19
1999-03-01,1999,"Q1","1998/99","Q3","March",1375.34,,1386.42,,1380.88,1381.159,,156.187999430592,50.1497183878799,38.7505587159651,72.8823932748986,66.2196179367574,,,1381.159,1397.05
1999-04-01,1999,"Q2","1998/99","Q4","April",1443.84,,1464.09,,1453.965,1449.73,,161.743030434086,51.9333588818793,40.128773148922,74.6636814624025,67.8380640101027,,,1449.73,1518.18
1999-05-01,1999,"Q2","1998/99","Q4","May",1492.92,,1554.27,,1523.595,1518.967,,166.138011291526,53.3445239721823,41.2191767932009,77.7636088372762,70.6546016836334,,,1518.967,1435.61
1999-06-01,1999,"Q2","1998/99","Q4","June",1430.17,,1467.91,,1449.04,1447.221,,155.169854073941,49.8228065694296,38.4979547926924,72.6215302413579,65.982602525508,,,1447.221,1452.56
1999-07-01,1999,"Q3","1999/00","Q1","July",1453.08,,1465.97,,1459.525,1454.5068,,155.781579791847,50.0192228920373,38.6497251811742,73.0969377599019,66.4145491566169,,,1454.5068,1459.91
1999-08-01,1999,"Q3","1999/00","Q1","August",1458.95,,1465.07,,1462.01,1463.40090909091,,156.478716626968,50.2430634949425,38.8226862406723,72.7911780708905,66.136741460176,,,1463.40090909091,1468.38
1999-09-01,1999,"Q3","1999/00","Q1","September",1492.17,,1505.47,,1498.82,1491.668636,,159.99738461823,51.3728571378959,39.695674889573,73.2844003614927,66.5848742694045,,,1491.668636,1506.13
1999-10-01,1999,"Q4","1999/00","Q2","October",1506.22,,1517.66,,1511.94,1507.80428,,162.692168179256,52.2381133496047,40.3642561441445,73.8537126437658,67.1021410621761,,,1507.80428,1506.03
1999-11-01,1999,"Q4","1999/00","Q2","November",1501.5,,1511.53,,1506.515,1503.54272727273,,161.341763170384,51.8045177394978,40.0292179288054,73.2180904933233,66.5246263283269,,,1503.54272727273,1498.85
1999-12-01,1999,"Q4","1999/00","Q2","December",1497.5,,1511.28,,1504.39,1502.471,,161.179016669374,51.7522621806584,39.9888401925761,72.444858685595,65.822081960839,,,1502.471,1506.04
2000-01-01,2000,"Q1","1999/00","Q3","January",1519.04,,1533.88,,1526.46,1525.751,,210.178179045707,67.4851879071772,52.1456315313431,75.1363231203665,68.2674976305564,,,1525.751,1542.7
2000-02-01,2000,"Q1","1999/00","Q3","February",1510.94,,1531.67,,1521.305,1519.426,,204.27805383823,65.5907426316957,50.6817985280561,74.8467572476082,68.0044033412504,,,1519.426,1509.35
2000-03-01,2000,"Q1","1999/00","Q3","March",1511.08,,1520.43,,1515.755,1513.676,,201.490140858427,64.6955839041575,49.9901116762321,73.175431862281,66.4858674714563,,,1513.676,1519.86
2000-04-01,2000,"Q2","1999/00","Q4","April",1521.61,,1532.03,,1526.82,1525.862,,202.225876940438,64.9318181696271,50.1726492869919,73.2326386091644,66.5378444819771,,,1525.862,1534.23
2000-05-01,2000,"Q2","1999/00","Q4","May",1569.32,,1591.7,,1580.51,1579.668,,203.783279610394,65.4318777491054,50.5590440409201,75.0758678166372,68.2125690403261,,,1579.668,1513.97
2000-06-01,2000,"Q2","1999/00","Q4","June",1559.32,,1594.58,,1576.95,1565.566,,203.107314901782,65.2148352112625,50.3913358288521,75.9037161745897,68.9647370127253,,,1565.566,1571.65
2000-07-01,2000,"Q3","2000/01","Q1","July",1585.8,,1606.49,,1596.145,1596.415,,207.070775747252,66.4874454371847,51.3746784849508,77.2434792929442,70.1820214326889,,,1596.415,1623.64
2000-08-01,2000,"Q3","2000/01","Q1","August",1659.1,,1681.23,,1670.165,1676.3,,214.940606743669,69.0143348888028,53.3271994803098,79.1384227122391,71.9037325840253,,,1676.3,1724.845
2000-09-01,2000,"Q3","2000/01","Q1","September",1763.23,,1787.8,,1775.515,1770.50666666667,,222.74096753441,71.5189184573592,55.2624847770632,80.7637315317947,73.3804586384822,,,1770.50666666667,1818.325
2000-10-01,2000,"Q4","2000/01","Q2","October",1812.55,,1831.8,,1822.175,1826.594,,226.868363436318,72.8441658701601,56.2865000523979,80.3532929393278,73.0075415928366,,,1826.594,1844.905
2000-11-01,2000,"Q4","2000/01","Q2","November",1839.51,,1856.3,,1847.905,1850.262,,228.943518624515,73.5104683305196,56.8013502538098,79.8068932608746,72.5110927754732,,,1850.262,1846.065
2000-12-01,2000,"Q4","2000/01","Q2","December",1783.99,,1815.49,,1799.74,1783.673,,222.996019982728,71.6008121271922,55.325763805607,78.4279606000078,71.2582196210653,,,1783.673,1766.68
2001-01-01,2001,"Q1","2000/01","Q3","January",1820.85,,1844.87,,1832.86,1830.43575,,230.162268317817,73.9017913138938,57.1037245189426,82.6636001706202,75.1066447547713,,,1830.43575,1800.375
2001-02-01,2001,"Q1","2000/01","Q3","February",1716.6,,1757.16,,1736.88,1742.96631578947,,218.338383904126,70.1053122261331,54.1701948694569,78.7742520241142,71.5728537153741,,,1742.96631578947,1761.99
2001-03-01,2001,"Q1","2000/01","Q3","March",1718.02,,1777.21,,1747.615,1753.78552631579,,218.301633801678,70.0935122972318,54.161077094673,79.1651389464986,71.9280064689223,,,1753.78552631579,1790.14
2001-04-01,2001,"Q2","2000/01","Q4","April",1752.78,,1790.46,,1771.62,1773.8176,,218.749824057482,70.2374197369499,54.272274004082,78.8155728973946,71.6103971098551,,,1773.8176,1791.09
2001-05-01,2001,"Q2","2000/01","Q4","May",1771.5,,1792.83,,1782.165,1782.684,,218.351338654238,70.1094718099185,54.1734089691745,79.5389550220023,72.267648961247,,,1782.684,1784.635
2001-06-01,2001,"Q2","2000/01","Q4","June",1754.68,,1778.53,,1766.605,1767.638,,214.717532859317,68.9427090755475,53.2718543981967,78.2744373106558,71.1187311505518,,,1767.638,1723.84
2001-07-01,2001,"Q3","2001/02","Q1","July",1716.35,,1739.97,,1728.16,1725.742,,209.420037783095,67.2417596607255,51.957535149938,76.7487438864131,69.7325138338275,,,1725.74,1732.58
2001-08-01,2001,"Q3","2001/02","Q1","August",1739.01,,1757.17,,1748.09,1750.61,,215.036514963447,69.0451296376344,53.3509945037138,79.8354251555841,72.5370163364566,,,1750.61,1760.59
2001-09-01,2001,"Q3","2001/02","Q1","September",1747.84,,1761.14,,1754.49,1752.897,,215.537245273294,69.2059069324242,53.4752267068492,80.6174710785502,73.2475690488583,,,1752.897,1749.69
2001-10-01,2001,"Q4","2001/02","Q2","October",1731.74,,1746.35,,1739.045,1737.687,,211.447615045683,67.8927855340265,52.4605811717289,79.0444617233239,71.8183613371804,,,1737.687,1737.34
2001-11-01,2001,"Q4","2001/02","Q2","November",1732.69,,1742.6,,1737.645,1736.215,,209.157006947788,67.1573042456738,51.892276667437,78.5531378373526,71.3719533838972,,,1736.215,1727.355
2001-12-01,2001,"Q4","2001/02","Q2","December",1709.34,,1724.02,,1716.68,1713.412,,203.149521849509,65.2283872546348,50.4018074579919,76.1192831864895,69.1605972819392,,,1713.412,1727.4
2002-01-01,2002,"Q1","2001/02","Q3","January",1730.9,,1744.96,,1737.93,1738.74,,205.026709478509,65.8311251813562,50.8675415073659,77.4844883753318,70.4009979047539,,,1738.74,1733.975
2002-02-01,2002,"Q1","2001/02","Q3","February",1733.72,,1748.21,,1740.965,1741.4375,,204.718161639909,65.7320549117362,50.7909901642413,77.4623873115045,70.3809172798337,,,1741.4375,1758.36
2002-03-01,2002,"Q1","2001/02","Q3","March",1765.02,,1776.48,,1770.75,1771.03263157895,,208.903472366344,67.075897941045,51.8293742247359,79.1685157894914,71.9310746070936,,,1771.03263157895,1778.06
2002-04-01,2002,"Q2","2001/02","Q4","April",1785.74,,1799.37,,1792.555,1792.18976190476,,212.723562619661,68.3024739335578,52.7771463468013,80.464051786938,73.1081750688011,,,1792.18976190476,1798.39
2002-05-01,2002,"Q2","2001/02","Q4","May",1790.15,,1804,,1797.075,1797.59159090909,,217.167683196912,69.7294170805565,53.879741655003,82.6390248892665,75.084316100774,,,1797.59159090909,1798.04
2002-06-01,2002,"Q2","2001/02","Q4","June",1784.98,,1801.62,,1793.3,1797.173,,219.598852249037,70.5100304680246,54.4829196164741,83.9695918941953,76.2932450992127,,,1797.173,1797.15
2002-07-01,2002,"Q3","2002/03","Q1","July",1797.87,,1808.75,,1803.31,1802.83217391304,,223.53742099943,71.7746482005238,55.4600864934133,85.9194229550124,78.064826164087,,,1802.83217391304,1806.91
2002-08-01,2002,"Q3","2002/03","Q1","August",1801.39,,1810.77,,1806.08,1805.827,,222.747683029926,71.521074706304,55.26415090509,85.0807177109101,77.3027938222493,,,1805.827,1806.27
2002-09-01,2002,"Q3","2002/03","Q1","September",1808.09,,1816.06,,1812.075,1812.644,,222.645869086985,71.4883837147742,55.2388906598188,84.1892280977248,76.4928025619863,,,1812.644,1818.745
2002-10-01,2002,"Q4","2002/03","Q2","October",1822.8,,1832.01,,1827.405,1827.1975,,224.045764602082,71.9378700140449,55.5862075698998,82.7275610474898,75.1647584450453,,,1827.1975,1833.73
2002-11-01,2002,"Q4","2002/03","Q2","November",1826.59,,1837.81,,1832.2,1832.319,,225.96054927849,72.5526798115027,56.0612695228159,82.7179202567198,75.1559989977671,,,1832.319,1842.775
2002-12-01,2002,"Q4","2002/03","Q2","December",1839.19,,1851.93,,1845.56,1845.007,,231.295327362318,74.2656002634015,57.3848387607067,84.7784193746275,77.0281310479898,,,1845.007,1852.57
2003-01-01,2003,"Q1","2002/03","Q3","January",1860.95,,1873.01,,1866.98,1867.686,,239.281436840126,76.829825061638,59.3662086825966,87.982379405132,79.9391909016969,,,1867.686,1873.63
2003-02-01,2003,"Q1","2002/03","Q3","February",1876.44,,1889.53,,1882.985,1883.783,,243.600463058732,78.2166022107315,60.4377678272816,89.2687417368647,81.1079563374625,,,1883.783,1911.55
2003-03-01,2003,"Q1","2002/03","Q3","March",1927.15,,1958.88,,1943.015,1944.445,,252.181691076785,80.9719110058786,62.5667878632698,92.4389783636858,83.988375719485,,,1944.445,1971.465
2003-04-01,2003,"Q2","2002/03","Q4","April",1965.13,,1983.97,,1974.55,1976.53075,,257.945090735007,82.8224556755736,63.9966989811129,92.5865371193634,84.1224449231038,,,1976.53075,1986.54
2003-05-01,2003,"Q2","2002/03","Q4","May",1988.76,,2005.18,,1996.97,1997.85,,269.671460420568,86.587624187796,66.906035029222,98.1256680888043,89.1551986516284,,,1997.85,1988.71
2003-06-01,2003,"Q2","2002/03","Q4","June",1991.32,,2006.67,,1998.995,1998.231,,267.642108142774,85.9360283826624,66.4025486225664,97.918045430385,88.9665564776031,,,1998.231,2002.81
2003-07-01,2003,"Q3","2003/04","Q1","July",1991.79,,2002.01,,1996.9,1995.277,,265.363206371353,85.2043058272354,65.8371484815613,95.9643630366269,87.1914761616143,,,1995.277,1995.455
2003-08-01,2003,"Q3","2003/04","Q1","August",1992.16,,2002.17,,1997.165,1998.491,,263.485549482892,84.6014172280555,65.3712980079652,94.6598114270104,86.0061842785424,,,1998.491,2000.55
2003-09-01,2003,"Q3","2003/04","Q1","September",1989.63,,1997.42,,1993.525,1993.546,,262.527387940063,84.2937653487937,65.1335761902831,93.8578461558001,85.2775332083479,,,1993.546,1984.675
2003-10-01,2003,"Q4","2003/04","Q2","October",1983.12,,1996.34,,1989.73,1990.729,,267.726469223765,85.9631155114434,66.4234787774708,95.5645089742542,86.8281760276448,,,1990.729,1984.82
2003-11-01,2003,"Q4","2003/04","Q2","November",1967.16,,1978.21,,1972.685,1974.488,,267.313250044347,85.8304367809656,66.3209582628794,95.5551992178438,86.8197173521695,,,1974.488,1958.77
2003-12-01,2003,"Q4","2003/04","Q2","December",1935.46,,1953.65,,1944.555,1943.161,,268.172700516924,86.1063939564541,66.5341896642833,95.9072484814876,87.1395829148367,,,1943.161,1935.32
2004-01-01,2004,"Q1","2003/04","Q3","January",1928.89,,1945.93,,1937.41,1938.1585,,267.989029751501,86.0474199175036,66.4886205757115,98.1181652776361,89.1483817337599,,,1938.1585,1909.32
2004-02-01,2004,"Q1","2003/04","Q3","February",1847.59,,1888.11,,1867.85,1865.064,,259.034030122949,83.1720984384353,64.2668670468055,95.6298308545712,86.8875263009157,,,1865.064,1906.895
2004-03-01,2004,"Q1","2003/04","Q3","March",1913.83,,1936.46,,1925.145,1926.65068181818,,264.702606036428,84.9921965686226,65.6732522016958,98.4244184838909,89.4266378309987,,,1926.65068181818,1925.71
2004-04-01,2004,"Q2","2003/04","Q4","April",1909.45,,1926.97,,1918.21,1918.78225,,262.37135036914,84.2436639308342,65.0948629531842,96.5597557440323,87.7324391546654,,,1918.78225,1911.26
2004-05-01,2004,"Q2","2003/04","Q4","May",1844.25,,1864.09,,1854.17,1855.53473809524,,250.289526839422,80.3643643057907,62.0973380870545,91.9541635221948,83.5478817657189,,,1855.53473809524,1833.1
2004-06-01,2004,"Q2","2003/04","Q4","June",1806.65,,1827.22,,1816.935,1818.6645,,248.123062802534,79.6687438884507,61.5598339755126,92.6844405097453,84.2113981642707,,,1818.6645,1788.755
2004-07-01,2004,"Q3","2004/05","Q1","July",1740.55,,1763.63,,1752.09,1748.26186363636,,239.42480289425,76.8758578379518,59.4017780907359,88.1859700110289,80.1241696260805,,,1748.26186363636,1770.72
2004-08-01,2004,"Q3","2004/05","Q1","August",1720.94,,1739.91,,1730.425,1731.52318181818,,234.505348643123,75.2962918904046,58.1812515361748,85.1164049332255,77.3352185838517,,,1731.52318181818,1717.215
2004-09-01,2004,"Q3","2004/05","Q1","September",1716.79,,1734.63,,1725.71,1721.1659,,232.24464199773,74.5704115280375,57.6203656427563,84.2789550948938,76.5743268808809,,,1721.1659,1753.15
2004-10-01,2004,"Q4","2004/05","Q2","October",1728.25,,1743.05,,1735.65,1735.43666666667,,236.781256832325,76.027053249672,58.7459089633737,85.3056045601015,77.507121926244,,,1735.43666666667,1726.985
2004-11-01,2004,"Q4","2004/05","Q2","November",1727.55,,1742.26,,1734.905,1730.88522727273,,240.709916536157,77.2884893299552,59.7206173858095,85.2537200240417,77.4599805797497,,,1730.88522727273,1746.57
2004-12-01,2004,"Q4","2004/05","Q2","December",1732.31,,1748.73,,1740.52,1739.13921052632,,247.210896179693,79.3758603159288,61.3335235905534,86.8079860030716,78.872158400465,,,1739.13921052632,1738.59
2005-01-01,2005,"Q1","2004/05","Q3","January",1725.31,1726.12105263158,1733.55,1737.89052631579,1729.43,1732.00578947368,1732.00578947368,245.886630211647,78.9506575755755,61.0049705241372,90.7519133214859,82.4555390835151,157.431725,153.17755206,1732.00578947368,1713.8
2005-02-01,2005,"Q1","2004/05","Q3","February",1707.07,1704.9845,1713.58,1717.1485,1710.325,1711.0665,1711.0665,242.347929738204,77.8144317909495,60.1270117758706,89.6457419206731,81.4504918527236,186.88133844,186.73583539,1711.0665,1700.61
2005-03-01,2005,"Q1","2004/05","Q3","March",1709.28,1705.2665,1718.59,1717.2015,1713.935,1711.23,1711.234,244.8087463044,78.6045645684283,60.7375453455766,89.9552104105452,81.7316692982213,169.8500577,180.4316527,1711.23,1742.46
2005-04-01,2005,"Q2","2004/05","Q4","April",1774.62,1770.74904761905,1780.95,1784.62476190476,1777.785,1777.68,1777.6869047619,251.455044267345,80.7385951749971,62.3865053194276,90.2949750873793,82.0403733085781,162.27399604,200.08417766,1777.68,1776.82
2005-05-01,2005,"Q2","2004/05","Q4","May",1770.07,1769.22,1777.11,1782.02636363636,1773.59,1775.623,1775.62318181818,249.583386224789,80.1376327188877,61.9221431716396,89.7225401266859,81.5202693069465,158.814012,178.00027685,1775.623,1762.76
2005-06-01,2005,"Q2","2004/05","Q4","June",1733.95,1732.663,1740.91,1743.9745,1737.43,1738.31875,1738.31875,240.678332365627,77.2783481074325,59.7127812891882,88.2698547503768,80.2003857756982,178.92168213,189.81614306,1738.31875,1740.25
2005-07-01,2005,"Q3","2005/06","Q1","July",1746.11,1747.6385,1756.21,1756.606,1751.16,1752.12225,1752.12225,241.662110550772,77.5942251218062,59.9568586476659,87.7120325799396,79.6935586897149,160.05019695,169.55140909,1752.12225,1774.435
2005-08-01,2005,"Q3","2005/06","Q1","August",1812.5,1809.38636363636,1816.17,1820.33318181818,1814.335,1814.85977272727,1814.85977272727,253.203209048601,81.2999057225115,62.8202285391895,92.3345253214529,83.8934715836823,176.2259479,202.34833163,1814.85977272727,1820.2
2005-09-01,2005,"Q3","2005/06","Q1","September",1839.56,1841.84818181818,1847.08,1853.36545454545,1843.32,1847.60681818182,1847.60681818182,259.200445823466,83.2255321244208,64.3081551188577,93.7782716155787,85.2052332273212,176.42242208,198.80405097,1847.60681818182,1862.68
2005-10-01,2005,"Q4","2005/06","Q2","October",1850.31,1850.315,1857.34,1860.4155,1853.825,1856.8035,1855.36525,257.952359661943,82.8247896233812,63.998502416595,93.5307473893222,84.9803372139456,165.24679436,174.91689599,1855.36525,1830.13
2005-11-01,2005,"Q4","2005/06","Q2","November",1828.91,1829.06904761905,1834.94,1839.8719047619,1831.925,1834.53547619048,1834.47047619048,252.140786610241,80.9587771704656,62.556639382347,91.2744837202352,82.9303370504221,188.88753005,192.47215919,1834.47047619048,1828.765
2005-12-01,2005,"Q4","2005/06","Q2","December",1810.78,1810.10761904762,1815.55,1822.16142857143,1813.165,1816.13452380952,1816.13452380952,252.260579216273,80.9972408519223,62.5863601703123,91.9564011865197,83.5499148668563,216.23355895,208.61399707,1816.13452380952,1816.855
2006-01-01,2006,"Q1","2005/06","Q3","January",1813.23,1813.664,1818.84,1824.5785,1816.035,1819.12125,1819.12125,256.451016195441,82.3427298471945,63.6260160644834,94.1972686524251,85.5859263199856,206.48485982,201.08381066,1819.12125,1820.19
2006-02-01,2006,"Q1","2005/06","Q3","February",1808.62,1810.13526315789,1815.45,1821.54789473684,1812.035,1815.84157894737,1815.84157894737,255.238986695942,81.9535646213174,63.3253090930319,93.7402841357565,85.1707184935539,187.2248964,193.10233874,1815.84157894737,1824.75
2006-03-01,2006,"Q1","2005/06","Q3","March",1814.06,1816.06631578947,1819.48,1825.82026315784,1816.77,1820.94328947366,1820.94328947366,255.686947015368,82.0973982317744,63.4364489547602,92.9346987565954,84.4387782590685,194.18418936,207.88134939,1820.94328947366,1823.51
2006-04-01,2006,"Q2","2005/06","Q4","April",1821.52,1823.52111111111,1828.48,1831.44111111111,1825,1827.48111111111,1827.48111111111,259.145317631898,83.2078312556442,64.2944777029738,93.8889497335286,85.3057933537835,175.24569012,187.80600712,1827.48111111111,1834.2
2006-05-01,2006,"Q2","2005/06","Q4","May",1826.93,1832.66,1833.31,1840.02380952381,1830.12,1836.3419047619,1836.3419047619,262.977034526477,84.4381403953079,65.2451344182635,93.805730679212,85.2301820334868,206.21249933,233.41586502,1836.3419047619,1851.375
2006-06-01,2006,"Q2","2005/06","Q4","June",1839.17,1855.86857142857,1854.97,1864.03,1847.07,1859.94928571429,1859.94928571429,261.990750291224,84.1214587243173,65.0004353036826,94.1701187627067,85.56125842362,211.41924838,237.61150587,1859.94928571429,1862.295
2006-07-01,2006,"Q3","2006/07","Q1","July",1851.55,1852.85142857143,1852.6,1862.58142857143,1852.075,1857.71642857143,1857.71642857143,261.349058162664,83.9154206185966,64.8412301880785,93.472516914825,84.9274300631206,208.28218694,213.45573793,1857.71642857143,1855.885
2006-08-01,2006,"Q3","2006/07","Q1","August",1840.56,1842.6202173913,1845.9,1852.85913043478,1843.23,1847.73967391304,1847.73967391304,261.623638870212,84.0035845313713,64.9093542172542,93.5815646981255,85.0265088971508,270.58068804,285.34773533,1847.73967391304,1853.125
2006-09-01,2006,"Q3","2006/07","Q1","September",1845.81,1851.66619047619,1853.75,1857.68714285714,1849.78,1854.67666666667,1854.67666666667,261.253603179744,83.884771397596,64.8175476136562,93.5473714092001,84.9954414962753,250.73323667,250.880234533,1854.67666666667,1861.085
2006-10-01,2006,"Q4","2006/07","Q2","October",1836.65,1839.058,1841.07,1847.795,1838.86,1843.4265,1843.4265,259.551911514441,83.3383826986623,64.3953544680036,92.5153282387708,84.0577458283751,284.455950023333,288.07118278007,1843.4265,1819.765
2006-11-01,2006,"Q4","2006/07","Q2","November",1810.8,1814.52136363636,1816.32,1823.18136363636,1813.56,1818.85136363636,1818.85136363636,259.944249443787,83.4643567603145,64.4926943021974,91.298036578766,82.9517367496244,293.56261256,277.24333693,1818.85136363636,1808.52
2006-12-01,2006,"Q4","2006/07","Q2","December",1765.38,1770.00421052632,1770.93,1780.66210526316,1768.155,1775.33315789474,1775.33315789474,257.714906201601,82.7485467352603,63.9395897325805,90.2001480680726,81.954215202259,319.64865191,290.45817704,1775.33315789474,1741.44
2007-01-01,2007,"Q1","2006/07","Q3","January",1775.79,1783.73904761905,1787.74,1800.81857142857,1781.765,1792.27880952381,1792.27880952381,258.57185120261,83.0236994398932,64.1521995214185,91.4684202301352,83.1065442386401,344.87082277,342.28510179,1792.27880952381,1759.53
2007-02-01,2007,"Q1","2006/07","Q3","February",1743.6,1745.165,1748.39,1758.2005,1745.995,1751.68275,1751.68275,253.252220332278,81.3156425402132,62.8323883378475,90.316169231691,82.0596299229092,275.92055815,278.52044057,1751.68275,1735.33
2007-03-01,2007,"Q1","2006/07","Q3","March",1716.77,1743.63904761905,1745.45,1757.71380952381,1731.11,1750.67642857143,1750.67642857143,254.21896856752,81.6260514828088,63.0722405312931,90.7007876279118,82.4090872075118,311.48544767,313.72844504,1750.67642857143,1746.56
2007-04-01,2007,"Q2","2006/07","Q4","April",1717.21,1722.84789473684,1724.05,1734.93368421053,1720.63,1728.89078947368,1728.89078947368,254.129866461609,81.5974420791704,63.0501341185124,89.1404464986986,80.9913896157521,277.37141467,310.15382114,1728.89078947368,1726.725
2007-05-01,2007,"Q2","2006/07","Q4","May",1684.17,1686.895,1693.54,1703.41045454545,1688.855,1695.15272727273,1695.15272727273,250.930168103525,80.5700649940609,62.2562824810605,87.9676695712899,79.9258258140102,393.73215383,361.45747331,1695.15272727273,1693.085
2007-06-01,2007,"Q2","2006/07","Q4","June",1633.96,1634.54904761905,1643.68,1652.59761904762,1638.82,1643.57333333333,1643.57333333333,242.726520545275,77.9359918495201,60.2209409212094,86.0647294821183,78.1968490337584,503.21568081,417.08056262,1643.57333333333,1590.13
2007-07-01,2007,"Q3","2007/08","Q1","July",1642.86,1644.47181818182,1659.49,1661.26772727273,1651.175,1652.86977272727,1652.86977272727,245.860601417567,78.9423001044649,60.998512727655,87.6151622452599,79.6055440641839,413.54794154,333.16516401,1652.86977272727,1661.5
2007-08-01,2007,"Q3","2007/08","Q1","August",1719.57,1728.47956521739,1733.57,1746.38130434783,1726.57,1737.43043478261,1737.43043478261,257.767245994444,82.7653522893436,63.9525753410982,92.4033523674568,83.956006586792,432.30122429,443.61797691,1737.43043478261,1785.415
2007-09-01,2007,"Q3","2007/08","Q1","September",1752.39,1755.912,1759.97,1769.7485,1756.18,1762.83025,1762.83025,263.416249390327,84.5791659658648,65.3541045147664,93.620656441184,85.0620269444253,348.64497646,353.87435242,1762.83025,1752.09
2007-10-01,2007,"Q4","2007/08","Q2","October",1738.92,1740.40619047619,1745.4,1753.93714285714,1742.16,1747.17166666667,1747.17166666667,264.175093351222,84.8228198386205,65.5423752370377,92.5729768820375,84.1101243379185,586.27214174,586.80692647,1747.17166666667,1735.45
2007-11-01,2007,"Q4","2007/08","Q2","November",1699.41,1700.465,1707.28,1714.9925,1703.345,1707.72875,1707.72875,262.433318057647,84.2635608636274,65.1102372620987,91.1751845999006,82.8401156743868,492.30180429,499.62373822,1707.72875,1738.685
2007-12-01,2007,"Q4","2007/08","Q2","December",1701.53,1705.35055555556,1709.51,1717.87611111111,1705.52,1711.61333333333,1711.61333333333,263.859616808453,84.7215248618264,65.4641048683881,91.2957104271053,82.9496232505019,450.93884959,412.79058543,1711.61333333333,1697.34
2008-01-01,2008,"Q1","2007/08","Q3","January",1699.76,1704.89318181818,1709.77,1716.27818181818,1704.765,1710.58568181818,1710.58568181818,260.364068286127,83.5991545475582,64.5968522065144,92.3000653944273,83.8621619202749,394.58647095,391.85918358,1710.58568181818,1726.045
2008-02-01,2008,"Q1","2007/08","Q3","February",1699.98,1703.04333333333,1703.7,1712.61619047619,1701.84,1707.82976190476,1707.82976190476,258.262072476587,82.9242339500398,64.0753427926336,91.3903771794039,83.0356357411302,427.59573601,439.77767575,1707.82976190476,1692.18
2008-03-01,2008,"Q1","2007/08","Q3","March",1676.51,1678.81421052632,1683.76,1689.69684210526,1680.135,1684.25552631579,1684.25552631579,259.485890612966,83.3171843375288,64.37897454875,91.7189649116644,83.3341845827815,409.60339333,423.65419924,1684.25552631579,1693.515
2008-04-01,2008,"Q2","2007/08","Q4","April",1678.32,1681.47727272727,1687,1691.88954545455,1682.66,1686.68340909091,1686.68340909091,262.205099108474,84.1902830441182,65.0536156789921,91.6177230087196,83.2421980297754,402.49965882,408.6888182776,1686.68340909091,1681.845
2008-05-01,2008,"Q2","2007/08","Q4","May",1644.5,1642.32380952381,1654.83,1653.03761904762,1649.665,1647.68071428571,1647.68071428571,254.322270680514,81.6592203043215,63.0978699945659,88.0246494947882,79.9775967369256,434.71224229,431.09614093,1647.68071428571,1628.24
2008-06-01,2008,"Q2","2007/08","Q4","June",1596.67,1595.09368421053,1603.31,1606.38578947368,1599.99,1600.73973684211,1600.73973684211,244.920756329324,78.6405293751164,60.7653352594201,85.3484395563144,77.5460410253032,462.674076483,464.55325953,1600.73973684211,1619.48
2008-07-01,2008,"Q3","2008/09","Q1","July",1625.63,1628.45826086957,1633.8,1639.42217391304,1629.715,1633.9402173913,1633.9402173913,249.608187915441,80.1455961847511,61.9282965212783,86.8886084025882,78.945410447403,503.93458438,499.66037833,1633.9402173913,1640.665
2008-08-01,2008,"Q3","2008/09","Q1","August",1616.72,1618.61523809524,1621.89,1628.62285714286,1619.305,1623.61904761905,1623.61904761905,244.775819622722,78.5939922849007,60.7293761692229,84.6583290858214,76.919019194148,460.2782406,458.76753517,1623.61904761905,1644.985
2008-09-01,2008,"Q3","2008/09","Q1","September",1637.45,1640.204,1639.59,1649.8175,1638.52,1645.01075,1645.01075,241.413247054015,77.5143186352332,59.895115110528,83.1490828854943,75.5477455261552,442.558654240336,503.792021065467,1645.01075,1670.045
2008-10-01,2008,"Q4","2008/09","Q2","October",1795.09,1813.99545454545,1810.9,1863.33045454545,1802.995,1838.66295454545,1838.66295454545,258.715913672719,83.0699558253554,64.187941711773,88.2940788363892,80.2223953399912,572.893410289276,663.666053150883,1838.66295454545,1880.99
2008-11-01,2008,"Q4","2008/09","Q2","November",1883.83,1887.119,1903.74,1933.141,1893.785,1910.13,1910.13,264.077463479199,84.7914722920353,65.518153068228,88.6501770327028,80.5459396892953,383.25118785,396.30968668,1910.13,1973.895
2008-12-01,2008,"Q4","2008/09","Q2","December",1940.63,1945.601,1950.49,1966.7765,1945.56,1956.18875,1956.18875,273.889430364726,87.9419536218064,67.9525219077218,91.0722792543203,82.746617747634,436.571024,431.54214944,1956.18875,1949.18
2009-01-01,2009,"Q1","2008/09","Q3","January",1962.09,1968.059,1970,1983.881,1966.045,1975.97,1975.97,274.526960379597,88.1466553327327,68.1106943944975,90.3124139518976,82.0562179439387,420.36234903,409.7514235,1975.97,1977.495
2009-02-01,2009,"Q1","2008/09","Q3","February",1958.22,1957.2785,1963.84,1972.387,1961.03,1964.83,1964.83275,269.803745553413,86.6300990397903,66.938855238369,88.1261820363115,80.069847358862,369.903382007265,380.114043282964,1964.83275,1980.005
2009-03-01,2009,"Q1","2008/09","Q3","March",2048.28,2043.44409090909,2049,2059.64636363636,2048.64,2051.54522727273,2051.54522727273,279.58329335534,89.7701710684699,69.3651808376194,91.3858299275046,83.031504190698,445.96,455.26,2051.54522727273,2118.41
2009-04-01,2009,"Q2","2008/09","Q4","April",2162.18,2163.416,2169.25,2187.8045,2165.715,2175.61025,2175.61025,299.858397121079,96.2802150401175,74.3954751099759,96.6629989094456,87.8262440183786,333.34,341.79,2175.61025,2226.735
2009-05-01,2009,"Q2","2008/09","Q4","May",2240.6,2236.7435,2248.3,2258.6215,2244.45,2247.6825,2247.6825,315.675617355721,101.358896778396,78.3197594574313,100.911332533396,91.6862027382408,382.390362706713,412.153530633121,2247.6825,2234.275
2009-06-01,2009,"Q2","2008/09","Q4","June",2133.07,2124.4175,2143.34,2149.9415,2138.205,2137.18,2137.1795,302.684575703982,97.1876603020016,75.0966557353623,97.0316617317437,88.1612043584979,419.27,425.02,2137.1795,2064.075
2009-07-01,2009,"Q3","2009/10","Q1","July",2094.48,2098.51347826087,2112.55,2123.01913043478,2103.515,2110.76630434783,2110.76630434783,299.522800347972,96.1724597469802,74.3122128714649,96.2472531131266,87.4485049437682,408.77,421.44,2110.76630434783,2104.49
2009-08-01,2009,"Q3","2009/10","Q1","August",2065.97,2061.52761904762,2074.53,2081.81,2070.25,2071.66880952381,2071.66880952381,294.692007212515,94.621361607453,73.1136833191135,93.487836575269,84.9413492281746,404.147929055394,412.823618058045,2071.66880952381,2055.495
2009-09-01,2009,"Q3","2009/10","Q1","September",1962.69,1956.14681818182,1970.01,1967.66045454545,1966.35,1961.90363636364,1961.90363636364,282.42002518663,90.6810048265036,70.0689797452858,87.8718597764293,79.8387747756842,419.752165637532,428.03012319255,1961.90363636364,1923.985
2009-10-01,2009,"Q4","2009/10","Q2","October",1895.15,1893.21761904762,1903.53,1903.34761904762,1899.34,1898.28261904762,1898.28261904762,277.213117620234,89.0091417571355,68.7771354415248,86.5142963699823,78.6053173374691,433.5,430.54,1898.28261904762,1883.795
2009-11-01,2009,"Q4","2009/10","Q2","November",1852.08,1868.917,1869.36,1878.6395,1860.72,1873.77825,1873.77825,274.084668699874,88.0046418408877,68.0009609337503,85.9199355651979,78.0652919123851,389.91,379.66,1873.77825,1870.735
2009-12-01,2009,"Q4","2009/10","Q2","December",1891.55,1891.55909090909,1897.82,1901.715,1894.685,1896.63704545455,1896.63704545455,276.051321316071,88.6361056872053,68.4888914274867,86.8788961921296,78.9365861094939,481.60860862,451.23572254,1896.63704545455,1899.71
2010-01-01,2010,"Q1","2009/10","Q3","January",1928.84,1930.47578947368,1945.67,1940.77631578947,1937.255,1935.62605263158,1935.62605263158,281.180180992633,90.2829087025986,69.7613718918446,89.3501170401361,81.1818924590686,412.98045213291,412.533861495727,1935.62605263158,1949.165
2010-02-01,2010,"Q1","2009/10","Q3","February",1989.75,1991.3445,1988.74,2001.7275,1989.245,1996.536,1996.536,286.89073103652,92.1164841218683,71.1781709134265,90.8294513999747,82.525988772423,470.373408071984,460.819798301143,1996.536,2045.44
2010-03-01,2010,"Q1","2009/10","Q3","March",2078.14,2080.84227272727,2078.95,2091.89045454545,2078.545,2086.36636363636,2086.36636363636,300.601553086649,96.5188317233935,74.5798536088616,95.6940093483564,86.9458377139642,524.538898334296,560.705986498233,2086.36636363636,2084.345
2010-04-01,2010,"Q2","2009/10","Q4","April",2079.85,2077.7855,2100.12,2088.2225,2089.985,2083.004,2083.004,300.289945639635,96.4187790575531,74.5025431706982,95.5432718910134,86.8088803997832,473.831396007362,434.10583782918,2083.004,2123.255
2010-05-01,2010,"Q2","2009/10","Q4","May",2164.33,2168.88142857143,2170.2,2180.25523809524,2167.265,2174.56833333333,2174.56833333333,307.794652359893,98.8284323598337,76.3644760942879,98.7675907039001,89.7384378731544,530.101834342871,544.830102891519,2174.56833333333,2208.915
2010-06-01,2010,"Q2","2009/10","Q4","June",2243.6,2251.984,2253.67,2262.888,2248.635,2257.436,2257.436,315.367816398128,101.260066321516,78.2433934169959,101.353952020228,92.088358759639,536.488747339548,535.722171553266,2257.436,2283.335
2010-07-01,2010,"Q3","2010/11","Q1","July",2249.12,2252.19045454545,2264.98,2262.38227272727,2257.05,2257.28636363636,2257.28636363636,317.827355396761,102.049788890441,78.8536100196043,102.793531389118,93.3963344107397,538.482405176781,509.930562534204,2257.28636363636,2231.575
2010-08-01,2010,"Q3","2010/11","Q1","August",2222.09,2225.78380952381,2227.85,2236.09761904762,2224.97,2230.94071428571,2230.94071428571,316.44038819876,101.604453687694,78.5095006511562,102.144308986835,92.8064627352447,566.045151131043,588.928062602335,2230.94071428571,2270
2010-09-01,2010,"Q3","2010/11","Q1","September",2246.66,2246.32142857143,2253.74,2256.28476190476,2250.2,2251.3030952381,2251.3030952381,320.679483021952,102.965566016283,79.5612286548921,103.22207556367,93.7857018592097,494.88266940531,487.374890646322,2251.3030952381,2244.08
2010-10-01,2010,"Q4","2010/11","Q2","October",2258.01,2261.53005190562,2263.37,2268.11185663949,2260.69,2264.82095427255,2264.82095427255,328.155636961356,105.366051431631,81.4160775757736,106.02819276345,96.3352889474704,497.113936798735,478.466680216118,2264.82095427255,2284.72
2010-11-01,2010,"Q4","2010/11","Q2","November",2284.59,2284.17952380952,2287.46,2293.56619047619,2286.025,2288.87285714286,2288.87285714286,332.378066150254,106.72181266494,82.4636708019171,107.718229354563,97.8708254787762,520.571330515979,551.593341842111,2288.87285714286,2313.665
2010-12-01,2010,"Q4","2010/11","Q2","December",2297.87,2298.80826086956,2318.52,2309.05043478261,2308.195,2303.92934782609,2303.92934782609,329.715263372039,105.866825022248,81.803024044276,106.661217515261,96.910443732129,628.066206366673,584.948270255107,2303.92934782609,2308.3
2011-01-01,2011,"Q1","2010/11","Q3","January",2323.64,2327.9395,2330.42,2336.99333333333,2327.03,2332.46641666667,2332.46641666667,333.996491918566,107.24146588291,82.8652055100319,107.167001952351,97.3699902793469,524.22767640144,633.653836183131,2333.135,2302.71
2011-02-01,2011,"Q1","2010/11","Q3","February",2328.38,2336.73388888889,2333.1,2347.12055555556,2330.74,2341.92722222222,2341.92722222222,334.896565847885,107.530466665609,83.0885156732578,106.342813500553,96.6211476311627,461.576440777445,454.231992867401,2341.92722222222,2359.245
2011-03-01,2011,"Q1","2010/11","Q3","March",2383.02,2387.99619047619,2403.94,2398.6299047619,2393.48,2393.31304761905,2393.31304761905,341.664624173314,109.703592771907,84.7676846394316,106.53816242821,96.7986381164849,638.624722255128,634.796718091605,2393.31304761905,2397.29
2011-04-01,2011,"Q2","2010/11","Q4","April",2362.46,2362.65210526316,2367.13,2372.52631578947,2364.795,2367.58921052632,2367.58921052632,341.265826264476,109.575544503828,84.6687420712539,105.002289443752,95.4031718363561,514.658166850184,522.229465029366,2367.58921052632,2374.99
2011-05-01,2011,"Q2","2010/11","Q4","May",2381.39,2382.76571428571,2392.35,2392.60238095238,2386.87,2387.68404761905,2387.68404761905,342.910609817118,110.103660826943,85.0768161989977,105.194059145887,95.57741030242,524.730859729933,544.666510660983,2387.68404761905,2390.365
2011-06-01,2011,"Q2","2010/11","Q4","June",2453.6,2451.624,2456.56,2470.453,2455.08,2461.0385,2461.0385,351.790469999026,112.954856111279,87.2799274791413,106.941792068983,97.1653686723703,584.780076953401,609.079979209899,2461.0385,2623.165
2011-07-01,2011,"Q3","2011/12","Q1","July",2575.07,2572.79571428571,2578.04,2601.66095238095,2576.555,2587.22833333333,2587.22833333333,369.93877053965,118.782014181354,91.7825575676131,109.111474080581,99.1367023154678,551.058867621636,549.107989145971,2587.22833333333,2610.585
2011-08-01,2011,"Q3","2011/12","Q1","August",2750.97,2740.85818181818,2765.83,2765.60727272727,2758.4,2753.23272727273,2753.23272727273,391.177583179443,125.60149120047,97.0519499617543,115.29635141515,104.756169455303,592.197683967187,612.723763856259,2753.23272727273,2821.13
2011-09-01,2011,"Q3","2011/12","Q1","September",2795.01,2809.07316091953,2802.88,2818.96437574204,2798.945,2814.01876833079,2814.01876833079,390.414232275437,125.356390213156,96.862561057777,110.190721628311,100.117287022673,605.050837390064,614.638891971873,2814.01876833079,2845.03339994917
2011-10-01,2011,"Q4","2011/12","Q2","October",2793.62,2800.37442639354,2807.07,2810.35752341985,2800.345,2805.36597490669,2805.36597490669,382.868618724531,122.933602316383,94.9904790667255,107.274480692568,97.467643509348,598.717375867972,538.518666020382,2805.36597490669,2593.4
2011-11-01,2011,"Q4","2011/12","Q2","November",2515.92,2577.17590909091,2588.65,2587.17863636364,2552.285,2582.17727272727,2582.17727272727,353.591830678255,113.533247095911,87.726848708836,99.2940386076555,90.2167588706387,566.071904054146,551.133754593237,2582.17727272727,2566.235
2011-12-01,2011,"Q4","2011/12","Q2","December",2444.99,2441.94666666667,2446.84,2451.8819047619,2445.915,2446.91428571429,2446.91428571429,335.779152829373,107.813852641074,83.307487289341,94.1720781597935,85.5630386962023,628.05,572.76,2446.91428571429,2490.99
2012-01-01,2012,"Q1","2011/12","Q3","January",2402.37,2409.13333333333,2410.12,2419.25285714286,2406.245,2414.1930952381,2414.1930952381,332.79075769722,106.854321980232,82.5660604098292,93.1036488081098,84.5922832053109,707.07,529.41,2414.1930952381,2326.83
2012-02-01,2012,"Q1","2011/12","Q3","February",2327.57,2323.01428571429,2350.05,2332.92428571429,2338.81,2327.96928571429,2327.96928571429,326.575867650073,104.858810245577,81.0241336128715,89.4613964589253,81.2829989165454,612.380184845179,536.282067216143,2327.96928571429,2372.52
2012-03-01,2012,"Q1","2011/12","Q3","March",2464.71,2480.21047619048,2477.85,2489.82571428571,2471.28,2485.0180952381,2485.0180952381,346.507323634576,111.258513861266,85.9691681753085,95.8621510247198,87.0986081852361,557.671105227519,550.975179258748,2485.0180952381,2518.44
2012-04-01,2012,"Q2","2011/12","Q4","April",2495.06,2501.29842105263,2503.41,2511.12684210526,2499.235,2506.21263157895,2506.21263157895,347.842205044274,111.687125067131,86.3003549542796,96.4746291864558,87.6550947115743,527.27,496.73,2506.21263157895,2505.735
2012-05-01,2012,"Q2","2011/12","Q4","May",2464.63,2474.06174617773,2479.21,2484.04414589701,2471.92,2479.05294603737,2479.05294603737,338.512839345983,108.691600031837,83.985720445916,94.4067310837099,85.7762400781997,663.03013978473,568.630933029476,2479.05294603737,2488.02
2012-06-01,2012,"Q2","2011/12","Q4","June",2471.78,2479.43238095238,2485.29,2489.28285714286,2478.535,2484.35761904762,2484.35761904762,333.828897280405,107.187653657018,82.8236249411649,94.3928492386044,85.7636272860309,597.55,535.62,2484.35761904762,2472.36
2012-07-01,2012,"Q3","2012/13","Q1","July",2468.5,2469.30636363636,2474.22,2479.05409090909,2471.36,2474.18022727273,2474.18022727273,327.454967634812,105.141076596578,81.2422400980051,93.0694115284471,84.561175835251,628.62593681844,435.228347942864,2474.18022727273,2478.74
2012-08-01,2012,"Q3","2012/13","Q1","August",2484.52,2487.17964589072,2490.67,2496.8966120102,2487.595,2492.03812895046,2492.03812895046,330.191346341503,106.019688410824,81.9211411923869,94.282726960251,85.6635721853238,573.61,570.82,2492.03812895046,2508.525
2012-09-01,2012,"Q3","2012/13","Q1","September",2505.75,2510.975,2511.93,2520.779,2508.84,2515.877,2515.877,335.340455181594,107.672993141152,83.198645515192,95.7761302065018,87.0204512331789,512.877691431462,468.743663975711,2515.877,2545.225
2012-10-01,2012,"Q4","2012/13","Q2","October",2570.15,2574.52261358156,2576.88,2584.33361232941,2573.515,2579.42811295549,2579.42811295549,344.821468078066,110.717209908915,85.5509040002929,98.1075963281158,89.13877897831,609.497029714221,581.799720443381,2579.42811295549,2585.405
2012-11-01,2012,"Q4","2012/13","Q2","November",2608.44,2618.07090909091,2617.96,2627.83454545455,2613.2,2622.95272727273,2622.95272727273,347.464772727287,111.56593698305,86.2067132326747,98.7814935448423,89.7510697417589,684.653711312083,661.064802509902,2622.95272727273,2688.37
2012-12-01,2012,"Q4","2012/13","Q2","December",2663.19,2668.63413268721,2673.91,2678.31999069989,2668.55,2673.47706169355,2673.47706169355,354.215198937706,113.733401671021,87.8815076354346,100.861109688649,91.6405711742728,689.996804889099,556.776504817081,2673.47706169355,2685.945
2013-01-01,2013,"Q1","2012/13","Q3","January",2672.5,2678.88761904762,2681.87,2688.69095238095,2677.185,2683.78928571429,2683.78928571429,354.717869658615,113.894802003873,88.0062212584813,101.444349350361,92.1704921308814,653.500847726508,553.011171509429,2683.78928571429,2665.175
2013-02-01,2013,"Q1","2012/13","Q3","February",2644.79,2653.11425421708,2656.03,2661.98435180796,2650.41,2657.54930301252,2657.54930301252,350.351317316773,112.492764900717,86.9228707864491,99.8927992352997,90.7607818948089,626.853846878535,537.250922401713,2657.54930301252,2643.675
2013-03-01,2013,"Q1","2012/13","Q3","March",2627.11,2631.93526315789,2636.4,2641.84789473684,2631.755,2636.89157894737,2636.89157894737,346.080737605223,111.121543227682,85.8633313181998,98.3363285631205,89.3466009299671,668.264510662652,669.041662170843,2636.89157894737,2594.77
2013-04-01,2013,"Q2","2012/13","Q4","April",2570.8130707777,2573.06311983487,2575.85982539638,2582.96026544476,2573.33644808704,2578.01169263981,2578.01169263981,339.401400588529,108.976904256531,84.2061742882568,96.1051727519094,87.3194133097897,800.255788241823,745.116926247268,2578.01169263981,2597.3455454361
2013-05-01,2013,"Q2","2012/13","Q4","May",2562.56,2581.13290904535,2583.18,2591.09406618556,2572.87,2586.11348761546,2586.11348761546,338.939613281389,108.82863099935,84.0916039228967,95.6118583279074,86.8711967898287,785.051483651152,774.090750480979,2586.11348761546,2594.5002321063
2013-06-01,2013,"Q2","2012/13","Q4","June",2585.66,2588.12218792114,2591.74,2598.04082396415,2588.7,2593.08150594265,2593.08150594265,335.624679474379,107.764253470333,83.2691621373795,94.8352022746226,86.1655412150618,637.368517407333,638.557128444097,2593.08150594265,2593.33125024803
2013-07-01,2013,"Q3","2013/14","Q1","July",2582.48,2584.24093408395,2590.27,2593.56010688597,2586.375,2588.90052048496,2588.90052048496,331.996774219793,106.599385314529,82.369071502399,93.9121521225573,85.3268746227658,727.885857462589,696.861997201844,2588.90052048496,2584.12244337245
2013-08-01,2013,"Q3","2013/14","Q1","August",2573.03278029398,2575.28476144878,2579.32688827074,2582.45825477172,2576.17983428236,2578.87150811025,2578.87150811025,327.363333106488,105.111654068555,81.2195053860992,92.0746393355824,83.6573439001888,714.824013659508,682.539685184966,2578.87150811025,2590.1889529637
2013-09-01,2013,"Q3","2013/14","Q1","September",2564.69457918271,2564.59637936355,2572.00140340723,2573.13204881319,2568.34799129497,2568.86421408837,2568.86421408837,324.459743590814,104.179353270441,80.4991189516458,91.3721807338976,83.0191027814524,706.30605466767,646.56768098888,2568.86421408837,2561.03
2013-10-01,2013,"Q4","2013/14","Q2","October",2530.1317473536,2529.83591313491,2537.21818380001,2538.94777444505,2533.67496557681,2534.39184378998,2534.39184378998,321.411089171385,103.20047421985,79.7427416210222,91.0820003951984,82.7554501995601,649.342823774992,631.394683856546,2534.39184378998,2524.03514414402
2013-11-01,2013,"Q4","2013/14","Q2","November",2519.63221183064,2518.51874086862,2525.55101784996,2528.02650199311,2522.5916148403,2523.27262143086,2523.27262143086,317.373546428712,101.904077363099,78.7410190963177,90.8372139851482,82.5330417162314,689.594239049812,588.144197545258,2523.27262143086,2524.48769711124
2013-12-01,2013,"Q4","2013/14","Q2","December",2508.06,2508.08884686658,2514.13,2517.7856751551,2511.095,2512.93726101084,2512.93726101084,316.0686210137,101.485084595929,78.4172644602462,90.5236388708945,82.2481330664559,793.332014078712,648.105482587811,2512.93726101084,2527.95547939149
2014-01-01,2014,"Q1","2013/14","Q3","January",2495.07042144287,2495.05363434377,2500.98270372425,2504.75414718689,2498.02656258356,2499.90389076533,2499.90389076533,313.183735889826,100.558789508784,77.7015186232481,89.979948682881,81.7541460428627,855.871677523962,761.127745974877,2499.90389076533,2475.2
2014-02-01,2014,"Q1","2013/14","Q3","February",2448.88,2467.15832160786,2473.55,2476.76525742109,2461.215,2471.96178951448,2471.96178951448,309.714882310025,99.4449905563031,76.8408890306339,88.8279894020187,80.707496776425,680.723172639429,649.681251833747,2471.96178951448,2538.06546999496
2014-03-01,2014,"Q1","2013/14","Q3","March",2528.20120068809,2529.35809989062,2535.08361467658,2539.07328273083,2531.64240768234,2534.21569131073,2534.21569131073,319.276718869433,102.515158638828,79.2132000300618,90.9466786059828,82.6324992812693,679.285744967583,607.88946166221,2534.21569131073,2549.54874617274
2014-04-01,2014,"Q2","2013/14","Q4","April",2523.24181714602,2524.89627623185,2530.62606010103,2534.6777377185,2526.93393862352,2529.78700697517,2529.78700697517,319.483724042355,102.581625020143,79.264558432353,91.6666139931402,83.2866194896562,647.184076579839,523.018745776845,2529.78700697517,2521.35166666667
2014-05-01,2014,"Q2","2013/14","Q4","May",2525.49,2527.49322565537,2532.59,2537.27848004666,2529.04,2532.38585285101,2532.38585285101,320.361761510549,102.863550212375,79.4824013049815,92.5295906432871,84.0707043899082,668.219467306389,608.201107175085,2532.38585285101,2557.72060679643
2014-06-01,2014,"Q2","2013/14","Q4","June",2573.79,2575.91144894004,2580.13,2585.8130940317,2576.96,2580.86227148587,2580.86227148587,325.131892309941,104.395170548989,80.6658804090007,94.807480332321,86.1403535621159,645.339806322397,605.337587234726,2580.86227148587,2599.68
2014-07-01,2014,"Q3","2014/15","Q1","July",2625.54957412386,2628.55741758884,2633.64254181074,2638.47329581008,2629.5960579673,2633.51535669946,2633.51535669946,331.159580709646,106.330574529302,82.1613620984127,96.8079046113052,87.957902705516,668.325429534458,666.894621834911,2633.51535669946,2625.2
2014-08-01,2014,"Q3","2014/15","Q1","August",2595.32585800268,2607.60553269279,2606.29461105689,2617.40384094972,2600.81023452979,2612.5,2612.50468682125,326.872754348432,104.95413629092,81.0977918035053,95.4182044895028,86.6952464317941,642.479235527741,559.354770539923,2612.50468682125,2616.995
2014-09-01,2014,"Q3","2014/15","Q1","September",2614.4899248854,2613.90179554083,2619.54763613349,2623.69050506833,2617.01878050945,2618.79615030458,2618.79615030458,324.867293684038,104.310211738944,80.6002329544805,94.5233833947814,85.882228247955,642.855341916413,589.269789485576,2618.79615030458,2651.60655661537
2014-10-01,2014,"Q4","2014/15","Q2","October",2668.65666590523,2675.55323256631,2678.22870059239,2685.46409027303,2673.44268324881,2680.50866141967,2680.50866141967,330.188354334829,106.018727720549,81.9203988694767,96.0552473556215,87.274052002086,676.990437031596,605.145791415019,2680.50866141967,2707.33
2014-11-01,2014,"Q4","2014/15","Q2","November",2726.36505593551,2729.3295,2734.2715427074,2739.115,2730.31829932146,2734.22225,2734.22225,333.470506388298,107.072579500377,82.7347074356044,97.0307090581346,88.160338776571,628.675507796911,587.713997604337,2734.22225,2779.945
2014-12-01,2014,"Q4","2014/15","Q2","December",2757.2713717393,2763.82256994019,2766.64058648346,2773.76702842085,2761.95597911138,2768.79479918052,2768.79479918052,334.046073234783,107.257385729856,82.8775067349166,97.3153070938586,88.418919379435,683.799292618059,617.858305537169,2768.79479918052,2773.065
2015-01-01,2015,"Q1","2014/15","Q3","January",2847.21385906967,2855.7415,2856.73946168088,2865.682,2851.97666037528,2860.71175,2860.71175,342.45767731831,109.958230721258,84.9644427295031,99.0001981670813,89.9497807867029,655.108374425477,770.516934284278,2860.71175,2866.77
2015-02-01,2015,"Q1","2014/15","Q3","February",2860,2863.843,2868.91,2873.852,2864.455,2868.8475,2868.8475,342.005216554798,109.812952082986,84.8521862984901,98.8957454612427,89.8548769565418,574.932878165314,508.955525358423,2868.8475,2894.18
2015-03-01,2015,"Q1","2014/15","Q3","March",2937.82368753034,2946.76034985789,2952.13830584789,2956.71327524521,2944.98099668912,2951.73681255155,2951.73681255155,348.784827689224,111.989787629957,86.5342215399538,99.9598772292347,90.8217277409968,680.998542068545,829.111653342562,2951.73681255155,2970.63
2015-04-01,2015,"Q2","2014/15","Q4","April",2983.86021771248,2990.6065,2994.40384939486,3000.5495,2989.13203355367,2995.578,2995.578,353.372570523106,113.462845816206,87.6724498206554,100.623805209772,91.4249606376287,716.020215919428,634.637695404458,2995.578,2987.47
2015-05-01,2015,"Q2","2014/15","Q4","May",2993.22821266031,3002.6135,3003.1041382987,3012.5925,2998.16617547951,3007.603,3007.603,352.607133205738,113.217074911595,87.4825432733011,100.784063214847,91.5705681484491,797.085031250729,710.600418236002,3007.603,3054.29
2015-06-01,2015,"Q2","2014/15","Q4","June",3176.2888296309,3194.898,3191.05413765109,3204.9075,3183.67148364099,3199.90275,3199.90275,372.462985410371,119.592503241837,92.4088203849627,107.182663326188,97.3842199189798,763.232721198405,781.808184624653,3199.90275,3301.77
2015-07-01,2015,"Q3","2015/16","Q1","July",3344.66090358942,3355.09409090909,3372.41867102387,3365.09409090909,3358.53978730664,3360.09409090909,3360.09409090909,387.690756232867,124.481921258634,96.1868611404731,110.792398777536,100.663959945346,646.480952112491,674.087312893382,3360.09409090909,3425.81
2015-08-01,2015,"Q3","2015/16","Q1","August",3538.2705544774,3543.25714285714,3546.53953605974,3553.24523809524,3542.40504526857,3548.25119047619,3548.25119047619,404.447666973736,129.8623240922,100.344284604052,114.902173235454,104.398026325179,579.010647165763,510.730960191143,3548.25119047619,3658.39
2015-09-01,2015,"Q3","2015/16","Q1","September",3656.18095425851,3662.50476190476,3667.86355007499,3672.50476190476,3662.02225216675,3667.50476190476,3667.50476190476,413.263881830108,132.693083778642,102.53160535014,115.998550731383,105.394174991991,506.71473833525,498.365249817843,3667.50476190476,3695.25
2015-10-01,2015,"Q4","2015/16","Q2","October",3621.00201615961,3631.03666666667,3640.4889512552,3641.01238095238,3630.74548370741,3636.02452380952,3636.02452380952,412.975807578514,132.600587283105,102.460133545381,115.082308575209,104.56169402103,546.626302453243,478.176033966002,3636.02452380952,3560.19
2015-11-01,2015,"Q4","2015/16","Q2","November",3413.26,3424.00761904762,3443.78,3433.98857142857,3428.52,3428.99809523809,3428.99809523809,386.802997061755,124.196874567532,95.966606293678,107.67837744822,97.8346167609575,612.308821369335,515.70046877968,3428.99809523809,3357.12
2015-12-01,2015,"Q4","2015/16","Q2","December",3345.80067968151,3357.49256916996,3363.05629992066,3367.49256916996,3354.42848980108,3362.49256916996,3362.49256916996,377.661830702301,121.261777630925,93.698664422114,105.089930352691,95.4828007733988,593.601281318744,458.73092410015,3362.49256916996,3377.01
2016-01-01,2016,"Q1","2015/16","Q3","January",3426.08626443182,3446.20894736842,3443.56207933694,3456.20894736842,3434.82417188438,3451.20894736842,3451.20894736842,384.604522884893,123.490976155012,95.4211604016336,107.301852734,97.4925132487228,537.150108113952,497.677704374965,3451.20894736842,3479.55
2016-02-01,2016,"Q1","2015/16","Q3","February",3414.59408541955,3430.11396135266,3431.03697878755,3440.11396135266,3422.81553210355,3435.11396135266,3435.11396135266,384.354114150448,123.41057351486,95.3590334878986,107.338494376936,97.525805179555,614.779520591503,559.647520936223,3435.11396135266,3348.55072463768
2016-03-01,2016,"Q1","2015/16","Q3","March",3354.37301049001,3360.49689130435,3368.2197813679,3370.49689130435,3361.29639592895,3365.49689130435,3365.49689130435,378.911980646566,121.663182782897,94.0088291530513,105.238474267861,95.6177650750275,530.965456200422,473.357957326829,3365.49689130435,3374.4347826087
2016-04-01,2016,"Q2","2015/16","Q4","April",3332.42927524181,3338.57207729469,3343.45913942109,3348.57207729469,3337.94420733145,3343.57207729469,3343.57207729469,379.057227106535,121.70981933046,94.0448650936859,105.625462884345,95.9693758986845,555.756708580498,464.243910529137,3343.57207729469,3325.55
2016-05-01,2016,"Q2","2015/16","Q4","May",3337.36040774832,3343.91925465838,3355.40963676454,3353.91925465838,3346.38502225643,3348.91925465838,3348.91925465838,378.364646326244,121.487441611179,93.8730344006104,105.67806013821,96.017164807623,636.112754260082,558.232685102008,3348.91925465838,3364.52173913043
2016-06-01,2016,"Q2","2015/16","Q4","June",3357.21726273805,3362.99399154589,3370.79718743613,3372.99121376812,3364.00722508709,3367.992602657,3367.992602657,380.070967903575,122.03531690822,94.2963762368061,106.501617133542,96.765433725938,653.204703702314,597.679226624018,3367.992602657,3404.86111111111
2016-07-01,2016,"Q3","2016/17","Q1","July",3357.10679739129,3374.29413888889,3388.30636279438,3384.29263888889,3372.70658009283,3379.29338888889,3379.29338888889,380.925563474552,122.309715244688,94.5084031272989,106.838574064655,97.0715866695619,528.234324275711,452.319150490496,3379.29338888889,3375.63
2016-08-01,2016,"Q3","2016/17","Q1","August",3363.43776638562,3368.5352173913,3375.50555933418,3378.5347826087,3369.4716628599,3373.535,3373.535,381.72157550627,122.565303249974,94.7058953231536,106.591203075133,96.846829884298,618.599075830455,480.45413770011,3373.535,3375.64
2016-09-01,2016,"Q3","2016/17","Q1","September",3372.80004933651,3376.40619047619,3382.78687204627,3386.40619047619,3377.79346069139,3381.40619047619,3381.40619047619,382.155417344024,122.704603619193,94.8135323610095,106.043005078636,96.348747147844,528.713111712343,424.182013531546,3381.40619047619,3388.56
2016-10-01,2016,"Q4","2016/17","Q2","October",3428.1050033481,3430.84835978836,3440.17879529936,3440.84835978836,3434.14189932373,3435.84835978836,3435.84835978836,386.656002014123,124.149676573639,95.9301365249057,106.849583381217,97.0815895345024,578.122197513598,533.398078128304,3435.84835978836,3465.15
2016-11-01,2016,"Q4","2016/17","Q2","November",3551.8686146245,3555.62411616162,3564.71308344372,3565.62275252525,3558.29084903411,3560.62343434343,3560.62343434343,395.56390770524,127.009876867285,98.1402059526361,108.863838850496,98.9117054460307,647.518322629575,637.672703334447,3560.62343434343,3630.22222222222
2016-12-01,2016,"Q4","2016/17","Q2","December",3583.23196442098,3593.04314814815,3598.72294248204,3603.03648148148,3590.97745345151,3598.16597883598,3598.16597883598,396.108146695702,127.18462417314,98.2752327474751,107.906494710349,98.0418799594363,622.368710107708,499.063103891753,3598.16597883598,3610.5
2017-01-01,2017,"Q1","2016/17","Q3","January",3575.34689997228,3604.47896825397,3630.41988677164,3614.47563492063,3602.88339337196,3609.4773015873,3609.4773015873,396.872754019912,127.430128578896,98.4649333718474,108.674116084588,98.7393267890218,612.445525459222,543.014163861546,3609.4773015873,3588.51
2017-02-01,2017,"Q1","2016/17","Q3","February",3566.65035912312,3580.35616959064,3889.00580922496,3590.34292397661,3727.82808417404,3585.34954678363,3585.34954678363,396.19088321255,127.211189677759,98.2957598447282,108.209180363645,98.3168946428946,598.29570134502,493.159527564359,3585.34954678363,3586.69
2017-03-01,2017,"Q1","2016/17","Q3","March",3589.02000496806,3594.01409090909,3608.82404140852,3604.01413636364,3598.92202318829,3599.01411363636,3599.01411363636,398.996052951288,128.111889302191,98.9917281333642,108.791074216359,98.8455928219068,618.199402575821,562.288159250291,3599.01411363636,3614.19
2017-04-01,2017,"Q2","2016/17","Q4","April",3604.80970746116,3613.69722222222,3655.91762545719,3623.69722222222,3630.36366645918,3618.69722222222,3618.69722222222,402.059280433167,129.095447553365,99.7517210702714,109.631850735517,99.6095070866161,508.7597218673,473.706172525482,3618.69722222222,3644.63
2017-05-01,2017,"Q2","2016/17","Q4","May",3601.56010481035,3618.60727272727,3623.96207615998,3628.60590909091,3612.76109048517,3623.60659090909,3623.60659090909,403.596267336132,129.588951923934,100.133050631096,109.590807189045,99.5722156662329,680.40892349841,618.05148207776,3623.60659090909,3602.63
2017-06-01,2017,"Q2","2016/17","Q4","June",3582.74,3586.09857142857,3593.62,3596.09857142857,3588.18,3591.09857142857,3591.09857142857,401.381692439988,128.877883802214,99.5836101180175,109.555128607932,99.5397987558702,613.019672330371,545.525387915491,3591.09857142857,3590.9
2017-07-01,2017,"Q3","2017/18","Q1","July",3585.58,3597.24476190476,3593.59550878055,3605.81623809524,3589.58775439028,3601.5305,3601.5305,402.893911051046,129.363435430776,99.9587946155001,110.428512848233,100.333339803384,743.616700155974,657.259584721383,3601.5305,3610.88
2017-08-01,2017,"Q3","2017/18","Q1","August",3595.98,3601.03173913043,3612.04,3611.03173913043,3604.01,3606.03173913043,3606.03173913043,405.926188724775,130.337056144056,100.711108842376,111.488063595496,101.210514239876,708.48467082559,649.217202638591,3606.03173913043,3600.38
2017-09-01,2017,"Q3","2017/18","Q1","September",3584.32823233175,3594.8675,3593.99279931408,3604.8645,3589.16051582291,3599.866,3599.866,406.195712310321,130.42359628775,100.77797818935,110.718462413351,100.828077485704,600.58342918287,537.084104271175,3599.866,3603.08
2017-10-01,2017,"Q4","2017/18","Q2","October",3625.4060387248,3632.90952380952,3639.76374402363,3642.90952380952,3632.58489137422,3637.90952380952,3637.90952380952,407.765535887061,130.927644041606,101.167454595386,111.016388569505,101.110302436792,625.77267318016,623.644852410071,3637.90952380952,3650.53
2017-11-01,2017,"Q4","2017/18","Q2","November",3629.96,3633.85080808081,3639.22,3643.85080808081,3634.59,3638.85080808081,3638.85080808081,407.287842880558,130.774263693312,101.048937993827,111.079156191165,100.937909798209,633.551542207222,557.417812341106,3638.85080808081,3634.53
2017-12-01,2017,"Q4","2017/18","Q2","December",3613.84,3618.26157894737,3633.2,3628.26157894737,3623.52,3623.26157894737,3623.26157894737,407.553800406656,130.859658826648,101.114922594236,110.706497468741,100.921453643049,660.798672206235,557.976121217933,3623.26157894737,3635.08
2018-01-01,2018,"Q1","2017/18","Q3","January",3632.14,3635.05423280423,3645,3645.05185185185,3638.57,3640.05304232804,3640.05304232804,414.105983915316,132.963470636665,102.740532581532,113.672530111489,103.468595684559,665.196971830347,660.387952724099,3640.05304232804,3625.21
2018-02-01,2018,"Q1","2017/18","Q3","February",3621.09298788373,3632.56260233918,3642.85,3642.56260233918,3631.97149394187,3637.56260233918,3637.56260233918,416.168840178106,133.625824089112,103.252331394662,114.759049442259,104.120027927208,561.291625532669,533.420825262208,3637.56260233918,3645.99
2018-03-01,2018,"Q1","2017/18","Q3","March",3643.3017218743,3655.11786111111,3661.27774083192,3665.11786111111,3652.28973135311,3660.11786111111,3660.11786111111,418.257102229327,134.296334974523,103.770433435313,115.037045860439,104.573330180041,574.2912932105,578.128898943151,3660.11786111111,3686.89
2018-04-01,2018,"Q2","2017/18","Q4","April",3687.83639938031,3692.2425,3700.69464288076,3702.2425,3694.26552113054,3697.2425,3697.2425,421.349683625207,135.289318344951,104.537709137684,116.102627021083,105.311769376482,552.203365776707,518.35171689172,3697.2425,3713.22
2018-05-01,2018,"Q2","2017/18","Q4","May",3672.78965088926,3721.84303030303,3752.88457845796,3731.84303030303,3712.83711467361,3726.84303030303,3726.84303030303,419.68990394426,134.756386980897,104.125914440161,115.532818783929,104.636254630924,608.312903710377,616.889228007341,3726.84303030303,3768.34722222222
2018-06-01,2018,"Q2","2017/18","Q4","June",3825.76,3835.48025,3845.15,3845.47325,3835.455,3840.47675,3840.47675,429.706506334239,137.972573825547,106.611053762404,118.486395760909,107.573562265589,618.251424971477,683.567336485914,3840.47675,3879.54
2018-07-01,2018,"Q3","2018/19","Q1","July",3744.89,3755.45082010582,3766.63,3765.43605820106,3755.76,3760.44343915344,3760.44343915344,417.409608370788,134.024216895694,103.560168494047,114.601455359557,104.149905317591,741.665689732824,601.033982508601,3760.44343915344,3701.42
2018-08-01,2018,"Q3","2018/19","Q1","August",3715.38,3724.53090909091,3732.8,3734.53409090909,3724.09,3729.5325,3729.5325,410.801651296736,131.902496996656,101.920720972316,112.117156461846,102.375811636735,636.24516656578,595.699692532893,3729.5325,3759.99
2018-09-01,2018,"Q3","2018/19","Q1","September",3779.16,3795.68016666667,3799.28,3805.67866666667,3789.22,3800.67941666667,3800.67941666667,415.793782068289,133.505398328778,103.15927871866,112.819314978155,103.178052580822,656.252132741118,594.306426997469,3800.67941666667,3822.14
2018-10-01,2018,"Q4","2018/19","Q2","October",3768.5942772573,3772.97772727273,3780.06544221598,3782.97772727273,3774.32985973664,3777.97772727273,3777.97772727273,411.043327680995,131.98009580486,101.980681372299,111.858964099831,102.044035996142,703.940452245236,642.205507083708,3777.97772727273,3759.17
2018-11-01,2018,"Q4","2018/19","Q2","November",3711.76087189108,3734.91866161616,3741.69801717368,3744.69136363636,3726.72944453238,3739.77228535354,3739.77228535354,407.362295500227,130.798169357788,101.067409839427,110.786420269442,100.929189433506,655.568489999317,609.238814214259,3739.77228535354,3725.39
2018-12-01,2018,"Q4","2018/19","Q2","December",3683.68808846505,3709.12678362573,3697.54485454922,3719.12678362573,3690.61647150713,3714.12678362573,3714.12678362573,405.64981207565,130.248315580292,100.642539236461,110.406700744651,100.550372214743,692.937291495601,591.093425353789,3714.12678362573,3713.35
2019-01-01,2019,"Q1","2018/19","Q3","January",3691.42040228844,3697.43409090909,3703.71913000851,3707.43409090909,3697.56976614847,3702.43409090909,3702.43409090909,406.78485991603,130.612763103529,100.924146902507,110.501992734189,100.736426008449,757.714091315521,600.027124943706,3702.43409090909,3672.11
2019-02-01,2019,"Q1","2018/19","Q3","February",3661.04450273642,3667.895,3672.65569786378,3677.893,3666.8501003001,3672.894,3672.894,403.932257236695,129.349921104561,100.145892538676,109.928890210878,100.62645549135,641.352878086069,552.995512836807,3672.894,3694.79
2019-03-01,2019,"Q1","2018/19","Q3","March",3665.20365925114,3701.1915,3711.62,3711.1915,3688.41182962557,3706.1915,3706.1915,407.835997584531,130.600003258088,101.113736909531,110.970434033683,101.2392763265,659.946956062814,631.287687685799,3706.1915,3715.13
2019-04-01,2019,"Q2","2018/19","Q4","April",3721.78,3731.9765,3735.38584872142,3741.975,3728.58292436071,3736.97575,3736.97575,410.587751533884,131.481188530794,101.795972235796,111.376219619022,102.055919786426,694.008833549018,648.499289609086,3736.97575,3747.18
2019-05-01,2019,"Q2","2018/19","Q4","May",3750.64,3760.62931818182,3765.15,3770.62934343434,3757.895,3765.62933080808,3765.62933080808,412.073579774727,131.956990505716,102.164349835437,111.817059081982,102.502292446233,732.849719664521,698.203500704907,3765.62933080808,3758.9
2019-06-01,2019,"Q2","2018/19","Q4","June",3713.85019899536,3723.98913580247,3736.22794003187,3733.9874691358,3725.03906951362,3728.98830246914,3728.98830246914,408.391552374747,130.777906772838,101.251474189294,111.036364159314,102.070508265409,674.175569660602,625.446576939729,3728.98830246914,3694.76
2019-07-01,2019,"Q3","2019/20","Q1","July",3686.98,3691.48260869565,3699.54461357277,3701.49130434783,3693.26230678638,3696.48695652174,3696.48695652174,404.636232534469,129.575352838708,100.320427335682,110.501685582509,101.210976413322,737.510552251775,663.681586252875,3696.48695652174,3700.76
2019-08-01,2019,"Q3","2019/20","Q1","August",3681.97,3688.73181818182,3696.02,3698.73590909091,3688.995,3693.73386363636,3693.73386363636,400.911172642166,128.382488949907,99.3968827536601,109.299311013867,100.022332371703,724.486092694976,636.157387107774,3693.73386363636,3689.49
2019-09-01,2019,"Q3","2019/20","Q1","September",3667.01,3670.49761904762,3682.43,3680.49523809524,3674.72,3675.49642857143,3675.49642857143,397.885311890471,127.413527341883,98.6466888282003,107.87609201608,98.7674457575996,725.744903170697,646.709981076836,3675.49642857143,3684.235
2019-10-01,2019,"Q4","2019/20","Q2","October",3684.54,3691.20636363636,3703.64,3701.20636363636,3694.09,3695.83636363636,3695.83636363636,400.698811021428,128.314485074515,99.3442324795887,108.750798272033,99.695966980872,714.48,691.84,3695.83636363636,3711.19
2019-11-01,2019,"Q4","2019/20","Q2","November",3688.03,3692.44285714286,3698.54,3702.44285714286,3693.285,3697.44285714286,3697.44285714286,401.860534955852,128.686500174995,99.6322557265866,108.931996108006,100.187456053412,692,624.59,3697.44285714286,3699.38
2019-12-01,2019,"Q4","2019/20","Q2","December",3666.88324974802,3671.7295,3697.55406510104,3681.7295,3682.21865742453,3676.7295,3676.7295,400.645377016192,128.297374075733,99.3309847231879,108.385839752623,99.8554550806134,875.349680700704,746.933410159442,3676.7295,3665.20833333333
2020-01-01,2020,"Q1","2019/20","Q3","January",3666.77459685081,3676.36863636364,3681.72762944064,3686.36863636364,3674.25111314573,3680.79272727273,3680.79272727273,402.235162184736,128.80848238888,99.7251356664763,108.935971469517,100.10191775923,867.023389484291,677.292784325087,3680.79272727273,3679.67
2020-02-01,2020,"Q1","2019/20","Q3","February",3663.81,3671.8465,3678.05,3681.8465,3670.93,3676.8465,3676.8465,399.867385405503,128.050245013728,99.1380988215263,108.198936053764,99.4353219052895,736.539003435685,612.922968463016,3676.8465,3714.31
2020-03-01,2020,"Q1","2019/20","Q3","March",3751.36,3767.91863636364,3758.09,3777.89636363636,3754.725,3772.9075,3772.9075,406.600612526051,130.206438326781,100.807450611715,110.073253434221,101.351466471832,745.487232676644,969.562137192944,3772.9075,3796.43
2020-04-01,2020,"Q2","2019/20","Q4","April",3742.02,3780.74641666667,3772.65,3790.74641666667,3757.335,3785.74641666667,3785.74641666667,403.505498821755,129.21528455269,100.040086981972,107.954567763213,99.5253132773285,500.26,472.17,3785.74641666667,3807
2020-05-01,2020,"Q2","2019/20","Q4","May",3771.82,3786.46,3785.34,3796.46,3778.58,3791.46,3791.46,404.741271951189,129.611018382907,100.346469055375,108.275967394141,99.387993037324,541.15,541.81,3791.46,3784.81
2020-06-01,2020,"Q2","2019/20","Q4","June",3726.99,3732.9445,3739.19,3742.9445,3733.09,3737.9445,3737.9445,401.573564350283,128.596617736011,99.561107406393,106.397656204927,98.4994074702788,698.97,657.71,3737.9445,3730.14
2020-07-01,2020,"Q3","2020/21","Q1","July",3698.24,3698.53772727273,3706.54,3708.53636363636,3702.39,3703.53704545455,3703.53704545455,399.23498836547,127.847731383265,98.9813102397675,105.89662890262,98.3524918380799,714.85,715.43,3703.53704545455,3686.42
2020-08-01,2020,"Q3","2020/21","Q1","August",3674.27,3672.52761904762,3683.78,3682.52761904762,3679.025,3677.52761904762,3677.52761904762,398.328514409073,127.557449613729,98.7565704686625,105.559272729083,98.0854806124233,712.67,718.7,3677.52761904762,3678.16
2020-09-01,2020,"Q3","2020/21","Q1","September",3691.57828426586,3690.08727272727,3700.84,3700.08727272727,3696.20914213293,3695.08727272727,3695.08727272727,401.628813394219,128.614310235753,99.5748051606422,105.777664573025,98.6289970957569,758.12,714.17,3695.08727272727,3715.52
2020-10-01,2020,"Q4","2020/21","Q2","October",3709.95127519031,3714.93428571429,3719.9216793722,3724.89957142857,3714.93647728126,3719.91692857143,3719.91692857143,404.870999988806,129.652561423446,100.378632196163,106.77583605895,99.3252226493463,713.69,693.89,3719.91692857143,3740.46
2020-11-01,2020,"Q4","2020/21","Q2","November",3699.89,3705.67619047619,3710.31,3715.67857142857,3705.1,3710.67738095238,3710.67738095238,405.277681556624,129.78279378623,100.479459717813,107.381837386877,99.9230751040671,710.58,701.63,3710.67738095238,3700.805
2020-12-01,2020,"Q4","2020/21","Q2","December",3655.79,3661.54181818182,3668.08,3671.54454545455,3661.935,3666.54318181818,3666.54318181818,402.492090121364,128.890758879629,99.788835153109,106.613673017841,99.2803020627664,903.01,762.71,3666.54318181818,3650.07
2021-01-01,2021,"Q1","2020/21","Q3","January",3678.71,3686.56378516624,3692.78,3696.56352941176,3685.745,3691.563657289,3691.563657289,406.331033171756,130.12011045002,100.740614491436,107.847731079294,100.706204683024,712.97,662.83,3691.563657289,3687.30217391304
2021-02-01,2021,"Q1","2020/21","Q3","February",3646.91,3662.31578947368,3665.21,3672.31578947368,3656.06,3667.31578947368,3667.31578947368,403.61302200544,129.249716893306,100.066744930079,107.121173009141,99.8913217855578,750.84,695.6,3667.31578947368,3665.49
2021-03-01,2021,"Q1","2020/21","Q3","March",3652.5,3657.86954545455,3663.98,3667.86954545455,3658.24,3662.86954545455,3662.86954545455,401.198978928545,128.476663579252,99.4682374002042,106.518519045623,99.3701131550176,901.72,854.37,3662.86954545455,3663.93
2021-04-01,2021,"Q2","2020/21","Q4","April",3562.47,3618.302,3628.24,3628.302,3595.355,3623.302,3623.302,397.368582439042,127.250048889276,98.5185769888733,,98.613360927757,834.48,741.33,3623.302,3578.14
2021-05-01,2021,"Q2","2020/21","Q4","May",3543.45,3547.78789473684,3557.02,3557.78526315789,3550.235,3552.78657894737,3552.78657894737,391.910436549702,125.502177109881,97.1653528292911,,97.5423968180929,880.92,769.42,3552.78657894737,3545.74
2021-06-01,2021,"Q2","2020/21","Q4","June",3525.99,3535.35210526316,3538.34,3545.35210526316,3532.165,3540.35210526316,3540.35210526316,389.782371087797,124.820702916816,96.6377469985553,,96.9070338322094,895.28,761.05,3540.35210526316,3556.71
2021-07-01,2021,"Q3","2021/22","Q1","July",3541.44,3547.30571428571,3551.42,3557.30571428571,3546.43,3552.30571428571,3552.30571428571,388.791621860872,124.5034335273,96.3921130750318,,96.9233817547172,901.35,789.58,3552.30571428571,3549.91
2021-08-01,2021,"Q3","2021/22","Q1","August",3529.54,3532.03681818182,3542.42,3542.03681818182,3535.98,3537.03681818182,3537.03681818182,386.61078704409,123.805060909738,95.8514242730173,,96.5727926384272,936.66,832.16,3537.03681818182,3535.13
2021-09-01,2021,"Q3","2021/22","Q1","September",3525.21,3525.63136363636,3533.16,3535.63136363636,3529.185,3530.63136363636,3530.63136363636,385.925548485387,123.585625745638,95.6815348285953,,96.0895807196261,914.64,947.19,3530.63136363636,3542.67
2021-10-01,2021,"Q4","2021/22","Q2","October",3569.23,3574.94238095238,3581.31,3584.94238095238,3575.27,3579.94238095238,3579.94238095238,389.547910675924,124.745621241535,96.5796178279093,,97.5310134200543,763.21,1023.24,3579.94238095238,3554.78
2021-11-01,2021,"Q4","2021/22","Q2","November",3541.24,3546.52272727273,3553.18,3556.52286363636,3547.21,3551.52279545455,3551.52279545455,385.159758273255,123.340395382093,95.4916744186248,,96.7007357658448,921.77,901.96,3551.52279545455,3564.2
2021-12-01,2021,"Q4","2021/22","Q2","December",3546.11,3549.99173913044,3556.58,3559.99173913044,3551.345,3554.99173913044,3554.99173913044,384.180300353067,123.026741827844,95.2488399199208,,96.2583544397681,1157.13,1119.42,3554.99173913044,3544.41
2022-01-01,2022,"Q1","2021/22","Q3","January",3518.33,3523.8335,3528.16,3533.8335,3523.245,3528.8335,3528.8335,381.767084643927,122.253953463239,94.6505375172183,,96.319487568958,992.53,893.21,3528.8335,3509.86
2022-02-01,2022,"Q1","2021/22","Q3","February",3504.63,3509.50684210526,3514.34,3519.50684210526,3509.485,3514.50684210526,3514.50684210526,380.148397086289,121.735598263687,94.2492204483417,,95.643865454099,1048.82,857.2,3514.50684210526,3540.78
2022-03-01,2022,"Q1","2021/22","Q3","March",3576.31,3584.84227272727,3587.08,3594.84227272727,3581.695,3589.84227272727,3589.84227272727,385.650370071635,123.497504872094,95.6133105478167,,97.2568656017077,1185.08,1140.66,3589.84227272727,3588.16
2022-04-01,2022,"Q2","2021/22","Q4","April",3532.31,3536.45611111111,3541.37,3546.45611111111,3536.84,3541.45611111111,3541.45611111111,377.337186279688,120.835359220172,93.5522441383826,,94.8323531108943,891.86,827.67,3541.45611111111,3562.07
2022-05-01,2022,"Q2","2021/22","Q4","May",3614.51,3628.06809523809,3626.18,3638.06809523809,3620.345,3633.06809523809,3633.06809523809,382.538355156924,122.500938793291,94.8417566441749,,95.2170900099497,1070.14,1254.18,3633.06809523809,3775.86
2022-06-01,2022,"Q2","2021/22","Q4","June",3723.69,3742.464,3739.9,3752.2975,3731.795,3747.38075,3747.38075,393.133581215228,125.893866904609,97.4686039599154,,97.8043172273931,1091.9,1124.45,3747.38075,3756.65
2022-07-01,2022,"Q3","2022/23","Q1","July",3777.29,3786.47285714286,3796.63,3796.71095238095,3786.96,3791.5919047619,3791.5919047619,393.765447194753,126.096210472619,97.6252608771993,,97.5206127390366,1087.89,1106.1,3791.5919047619,3862.43
2022-08-01,2022,"Q3","2022/23","Q1","August",3817.36,3827.45565217391,3834.39,3837.44260869565,3825.88,3832.44913043478,3832.44913043478,397.018844257972,127.138051608649,98.4318672955549,,97.3778642640961,1175.69,1167.28,3832.44913043478,3803.68
2022-09-01,2022,"Q3","2022/23","Q1","September",3810.89,3820.32636363636,3824.12,3830.32636363636,3817.5,3825.32636363636,3825.32636363636,391.696165133171,125.433560592536,97.1122290646581,,94.8976385272129,1033.02,1007.35,3825.32636363636,3853.96
2022-10-01,2022,"Q4","2022/23","Q2","October",3808.83,3817.26761904762,3820.45,3827.26761904762,3814.64,3822.26761904762,3822.26761904762,387.785543925803,124.181255398274,96.1426787440777,,93.6514843502314,881.72,901.27,3822.26761904762,3802.26
2022-11-01,2022,"Q4","2022/23","Q2","November",3747.61,3755.22818181818,3759.68,3765.22818181818,3753.65,3760.22818181818,3760.22818181818,383.345267846612,122.759337881064,95.0418124448987,,92.680559665658,958.08,933.91,3760.22818181818,3741.86
2022-12-01,2022,"Q4","2022/23","Q2","December",3680.93,3685.85952380952,3692.82,3695.85619047619,3686.875,3690.85785714286,3690.85785714286,379.524799028902,121.535902347109,94.0946133758609,,91.6974224812875,1035.86,982.19,3690.85785714286,3715.69
2023-01-01,2023,"Q1","2022/23","Q3","January",3679.92,3688.61047619048,3694.78,3698.61047619048,3687.35,3693.61047619048,3693.61047619048,381.713329198077,122.236739261073,94.6372100669252,,92.6424947031835,1014.4,957.99,3693.61047619048,3685.03
2023-02-01,2023,"Q1","2022/23","Q3","February",3670.68733206304,3680.71578947368,3703.9882697264,3690.71578947368,3687.33780089472,3685.71578947368,3685.71578947368,378.799091545307,121.303507747113,93.914690574327,,92.4733287030377,958.26,925.98,3685.71578947368,3722.21
2023-03-01,2023,"Q1","2022/23","Q3","March",3728.13419275989,3739.515,3740.59366055843,3749.515,3734.36392665916,3744.515,3744.515,382.516200030853,122.493844017809,94.8362637803955,,93.203698028082,1135.63,1089.26,3744.515,3778.13
2023-04-01,2023,"Q2","2022/23","Q4","April",3732.76,3740.81941176471,3746.21,3750.81941176471,3739.485,3745.81941176471,3745.81941176471,382.514530211858,122.493309288698,94.8358497864401,,93.5557752998466,847.84,830.32,3745.81941176471,3735.25
2023-05-01,2023,"Q2","2022/23","Q4","May",3718.1398644763,3724.55772727273,3730.6079599845,3734.55136363636,3724.3739122304,3729.55454545454,3729.55454545454,377.296248571754,120.822249665048,93.5420945570894,,92.5551085838691,1013.33,975.3,3729.55454545454,3772.4
2023-06-01,2023,"Q2","2022/23","Q4","June",3697.82,3702.788,3710.14,3712.788,3703.98,3707.788,3707.788,372.771742171805,119.373358922203,92.4203452497737,,91.6996311250663,1077.79,1071.24,3707.788,3667.39
2023-07-01,2023,"Q3","2023/24","Q1","July",3653.56788340437,3656.22952380952,3666.51695630696,3666.22952380952,3660.04241985566,3661.22952380952,3661.22952380952,368.475965766567,117.997714792945,91.3553043854236,,91.0225517248803,1171.57,1113.65,3661.22952380952,3615.14
2023-08-01,2023,"Q3","2023/24","Q1","August",3670.22721296464,3684.12260869565,3691.62950828029,3694.12260869565,3680.92836062246,3689.12260869565,3689.12260869565,367.900150069232,117.813320306628,91.2125438713408,,90.6714441386022,1079.62,1074.33,3689.12260869565,3718.31
2023-09-01,2023,"Q3","2023/24","Q1","September",3697.39619963782,3732.9955,3728.19027078417,3743.049,3712.793235211,3738.02225,3738.02225,369.924586392241,118.461609155975,91.7144571945413,,90.7705461732486,929.53,907.34,3738.02225,3757.31
2023-10-01,2023,"Q4","2023/24","Q2","October",3775.78,3750.62865079365,3785.78,3760.62198412698,3780.78,3755.62531746032,3755.62531746032,369.539127091218,118.338172837485,91.6188912552546,,90.3890536954081,1011.28,1005.92,3755.62531746032,3780.78
2023-11-01,2023,"Q4","2023/24","Q2","November",3812.26,3777.02361111111,3822.26,3787.02676767677,3817.26,3782.02518939394,3782.02518939394,373.201177171282,119.510877656932,92.5268139715785,,90.8609336931355,973.98,991.19,3782.02518939394,3817.26388888889
2023-12-01,2023,"Q4","2023/24","Q2","December",3777.22,3775.73976608187,3787.22,3785.73976608187,3782.22,3780.65740740741,3780.65740740741,373.67202208236,119.661657161407,92.6435493469249,,90.8404139146649,949.09,882.09,3780.65740740741,3782.22222222222
2024-01-01,2024,"Q1","2023/24","Q3","January",3810.54,3800.03362433863,3820.54,3810.03362433863,3815.54,3805.03362433863,3805.03362433863,374.081578652114,119.792810191181,92.7450896604568,,91.2505656379987,1033.98,970.4,3805.03362433863,3815.54166666667
2024-02-01,2024,"Q1","2023/24","Q3","February",3927.25,3868.58773611111,3937.25,3878.58773611111,3932.25,3873.58773611111,3873.58773611111,381.95261281722,122.313365480609,94.6965350430218,,93.2597815521733,1096.14,1103.38,3873.58773611111,3932.25
2024-03-01,2024,"Q1","2023/24","Q3","March",3876,3890.78339181286,3886,3900.77608187134,3881,3895.7797368421,3895.7797368421,387.690812960761,124.150919532618,96.1191923380426,,94.4313012936188,1040.64,1001.22,3895.7797368421,3885
2024-04-01,2024,"Q2","2023/24","Q4","April",3806,3817.68402777778,3816,3827.69097222222,3811,3822.6875,3822.6875,380.230477272955,121.761882948053,94.2695703792289,,92.6057674655173,1021.3,1033.58,3822.6875,3813.20833333333
2024-05-01,2024,"Q2","2023/24","Q4","May",3776.70893107068,3786.40079365079,3790.39831795806,3796.40079365079,3783.55362451437,3791.40079365079,3791.40079365079,377.557242040479,120.905828068381,93.6068020007035,,92.0381049289051,1171.03,1150.43,3791.40079365079,3812.375
2024-06-01,2024,"Q2","2023/24","Q4","June",3734.7246484758,3742.19011695906,3748.90033343865,3752.19011695906,3741.81249095723,3747.19011695906,3747.19011695906,373.136096220547,119.490036668166,92.5106786178067,,91.097806879475,1291.91,1267.92,3747.19011695906,3706.72222222222
2024-07-01,2024,"Q3","2024/25","Q1","July",3697.69,3700.85480676329,3712.79,3710.85480676329,3705.24,3705.85480676329,3705.85480676329,369.002052282017,118.166184414775,91.4857356705468,,90.2657838370943,1253.55760237,1240.73266986,3705.85480676329,3722.90909090909
2024-08-01,2024,"Q3","2024/25","Q1","August",3715.17108572278,3718.64728650138,3726.11289295248,3728.64728650138,3720.64198933763,3723.64728650138,3723.64728650138,373.265277091079,119.531404488414,92.5427061008574,,91.3090970504237,1087.10482851,1063.43820444,3723.64728650138,3716.06
2024-09-01,2024,"Q3","2024/25","Q1","September",3704.53851510953,3706.31308802309,3714.59149857646,3716.31308802309,3709.56500684299,3711.31308802309,3711.31308802309,373.608722489679,119.641386620103,92.6278556407022,,91.3090571710304,1029.27993129,1001.48520622,3711.31308802309,3690.04545454545
2024-10-01,2024,"Q4","2024/25","Q2","October",3659.87218031274,3662.85685950413,3671.12,3672.99527548209,3665.49609015637,3667.92606749311,3667.92606749311,367.500332855374,117.685286128138,91.1134182114228,,89.5104411249327,1061.05488694,1058.37923726,3667.92606749311,3662.05
2024-11-01,2024,"Q4","2024/25","Q2","November",3616.07321321783,3673.64754689755,3675.02761774624,3683.64754689755,3645.55041548204,3678.64754689755,3678.64754689755,366.198855059383,117.268511575526,90.7907461479784,,89.0338598118744,1101.95045596,1084.6970468,3678.64754689755,3688.86
2024-12-01,2024,"Q4","2024/25","Q2","December",3650.84,3659.08171212121,3667.11,3669.08171212121,3658.975,3664.08171212121,3664.08171212121,364.525167474372,116.732543619251,90.3757930628927,,88.4443694954846,1216.75309281,1080.74209622,3664.08171212121,3681.13636363636
2025-01-01,2025,"Q1","2024/25","Q3","January",3671.07869598128,3683.95913223141,3688.13798637657,3693.95884297521,3679.60834117893,3688.95898760331,3688.95898760331,365.377663838947,117.00554004842,90.5871503076215,,88.575828145444,1324.23472965,1130.72182454,3688.95898760331,3684.76
2025-02-01,2025,"Q1","2024/25","Q3","February",3673.10206645674,3672.702,3678.32254083619,3682.70165909091,3675.71230364647,3677.71232954545,3677.70182954545,364.032471862452,116.574766825928,90.2536402991358,,87.9426724091881,1224.52269433,998.51600961,3677.70182954545,3678.81909090909
2025-03-01,2025,"Q1","2024/25","Q3","March",3658.83844533621,3662.86523809524,3671.54328056613,3672.86396103896,3665.19086295117,3667.9,3667.8645995671,364.753666511322,116.805716272822,90.4324442450909,,88.1492662209177,1346.01052801,1091.3521724,3667.8645995671,3661.62
2025-04-01,2025,"Q2","2024/25","Q4","April",3640.70835192383,3664.6125,3671.90494043067,3674.61161363636,3656.30664617725,3669.61,3669.61205681818,366.260988958286,117.288408824636,90.8061508467221,,88.3761656189333,1452.5777244,1334.54822829,3669.61205681818,3664.66840909091
2025-05-01,2025,"Q2","2024/25","Q4","May",3646.27892922844,3648.39714285714,3657.71634585506,3658.39716450216,3651.99763754175,3653.39715367965,3653.39715367965,366.258435774058,117.287591213903,90.8055178422823,,88.0621033654332,1425.17265423,1184.77056485,3653.39715367965,3631.81886363636
2025-06-01,2025,"Q2","2024/25","Q4","June",3602.84,3600.83833333333,3614.2,3610.83853535354,3608.52,3605.83843434343,3605.83843434343,363.131754543998,116.286328514814,90.0303277565623,,87.4215718218049,1470.43,1147.58,3605.83843434343,3594.59045454545
2025-07-01,2025,"Q3","2025/26","Q1","July",3576.99445954921,3581.56565217391,3589.54467461153,3591.56616600791,3583.26956708037,3586.56590909091,3586.56590909091,361.881172883052,115.885852522176,89.7202742417914,,87.4677312107773,1596.6635346677,1462.45989398486,3586.56590909091,3585.02
2025-08-01,2025,"Q3","2025/26","Q1","August",3494.46455851011,3558.92857142857,3565.74403744049,3568.92915584416,3530.1042979753,3563.92886363636,3563.92886363636,359.701217688908,115.187761587738,89.1798035223694,,87.221053955244,1292.58293055183,1219.2970806291,3563.92886363636,3550.36
2025-09-01,2025,"Q3","2025/26","Q1","September",3495.16780176662,3502.79,3510.63951405845,3512.79041322314,3502.90365791253,3507.79020661157,3507.79020661157,354.616900040031,113.559601491594,87.9192616429579,,85.707970807905,1587.11920387034,1398.11314178916,3507.79020661157,3490
2025-10-01,2025,"Q4","2025/26","Q2","October",3464.58946754943,3458.85590909091,3468.66007235943,3468.85561983471,3466.62476995443,3463.85576446281,3463.85576446281,349.69060696156,111.982045885083,86.6978983913838,,84.4905620360995,1689.4290013619,1365.88292553728,3463.85576446281,3478.95
2025-11-01,2025,"Q4","2025/26","Q2","November",3557.55011986991,3570.14,3570.9623534929,3580.14,3564.2562366814,3575.136625,3575.14,360.326930034618,115.388134566631,89.33493478495,,87.1211924396964,1530.03,1467.46,3575.136625,3630.09
2025-12-01,2025,"Q4","2025/26","Q2","December",3565.7659028152,3570.22904761905,3577.14972020857,3580.22861471862,3571.45781151189,3575.22887445887,3575.22883116883,361.134197001126,115.646647105102,89.5350784206203,,87.128202872492,1304.78315896282,1259.4541139542,3575.22887445887,3619.65
2026-01-01,2026,"Q1","2025/26","Q3","January",3545.7,3557.14444444444,3569.1,3567.14297979798,3557.4,3562.14371212121,3562.14371212121,360.29,115.38,89.33,,86.7206230882965,1332.64497842121,1445.07036582583,3562.14371212121,3563.18136363636
2026-02-01,2026,"Q1","2025/26","Q3","February",3551.77,3563.22894736842,3557.14,3573.22901913876,3554.45,3568.22898325359,3568.22898325359,361.27,115.69,89.57,,87.0676721084866,1337.20596983185,1324.48194088339,3568.2289354067,3600
2026-03-01,2026,"Q1","2025/26","Q3","March",3707.66,3725.53142857143,3727.28,3735.53054545455,3717.47,3730.53098701299,3730.53098701299,374.75,120.01,92.91,,90.6734981182563,1810.29958213505,1732.75119593284,3730.53098701299,3762.57795454545
2026-04-01,2026,"Q2","2025/26","Q4","April",3704.4099123407,3712.0745,3717.49260622139,3721.32395238095,3710.95125928104,3716.69922619048,3716.69922619048,373.8,119.7,92.68,,90.4864979467961,1380.74663158076,1418.02346017779,3716.69922619048,3749.52
2026-05-01,2026,"Q2","2025/26","Q4","May",3743.13417474365,3759.11,3764.35963751051,3769.10973544974,3753.74690612708,3764.10986772487,3764.10986772487,377.92,121.02,93.7,,91.2682299622304,1257.55247604197,1233.39999317322,3764.10986772487,3773.82785714286
2026-06-01,2026,"Q2","2025/26","Q4","June",,3705.6355,,3715.63614285714,,3710.63582142857,3710.63582142857,378.72,121.28,93.89,,,1466.09315511939,1276.75563620603,3710.63582142857,3665.1
