"Date","Year","Quarter","FY","QFY","Month","IM","IM_C","IM_C_GOV","IM_C_GOV_PRO","IM_C_GOV_NPRO","IM_C_FPS","IM_C_FPS_OIL","IM_C_FPS_NOIL","IM_C_PS_OTH","IM_C_PS","IM_F","IM_F_GOV","IM_F_GOV_PRO","IM_F_GOV_NPRO","IM_F_PS","IM_F_PS_OIL","IM_F_PS_NOIL","IM_F_PS_FX","IM_I","IM_I_GOV","IM_I_GOV_PRO","IM_I_GOV_NPRO","IM_I_PS","IM_I_PS_OIL","IM_I_PS_NOIL","IM_I_PS_FX","IM_NOIL_P_IX","IM_NOIL_VAL_IX","IM_NOIL_VOL_IX","IM_OIL_P_IX","IM_OIL_VAL_IX","IM_OIL_VOL_IX","IM_P_IX","IM_VAL_IX","IM_VOL_IX"
1993-07-01,1993,"Q3","1993/94","Q1","July",53.7350505,44.8687671675,12.8034725,11.8674375,0.936035,21.6724083,5.97478906,15.69761924,10.3928863675,1.963940875,8.060257575,2.300025,2.131875,0.16815,5.760232575,1.0733154,4.686917175,0.35280375,0.8060257575,0.2300025,0.2131875,0.016815,0.5760232575,0.10733154,0.4686917175,0.035280375,111.024931362918,41.9005309310508,37.7397494568912,68.6229015968336,60.073196055653,87.541031722309,105.783732027952,55.7630254509555,52.7141786189022
1993-08-01,1993,"Q3","1993/94","Q1","August",44.2006019715,36.9075026462025,12.3099875,11.8674375,0.44255,12.82489526,3.862829405,8.962065855,11.7726198862025,1.58253041,6.630090295725,2.211375,2.131875,0.0795,4.418715295725,0.69392145,3.724793845725,0.2842869,0.6630090295725,0.2211375,0.2131875,0.00795,0.4418715295725,0.069392145,0.3724793845725,0.02842869,111.106672709247,23.9218006133484,21.5304806003406,68.4181793366999,38.8386110113328,56.7665076561012,105.830064388627,45.8687443251646,43.3418845487293
1993-09-01,1993,"Q3","1993/94","Q1","September",44.5936485,37.2356964975,12.0427875,11.8674375,0.17535,16.87849461,3.53155568,13.34693893,8.3144143875,7.1977,6.689047275,2.163375,2.131875,0.0315,4.525672275,0.6344112,3.891261075,1.293,0.6689047275,0.2163375,0.2131875,0.00315,0.4525672275,0.06344112,0.3891261075,0.1293,111.569873671777,35.6260283117499,31.9315843419854,65.4701787907739,35.5078371161935,54.2351308214196,105.87161602974,46.2766245331148,43.7101333374522
1993-10-01,1993,"Q4","1993/94","Q2","October",48.345524445,40.368512911575,12.2264875,11.8674375,0.35905,22.284469145,3.591324145,18.693145,5.857556266575,9.67765,7.25182866675,2.196375,2.131875,0.0645,5.05545366675,0.64514805,4.41030561675,1.7385,0.725182866675,0.2196375,0.2131875,0.00645,0.505545366675,0.064514805,0.441030561675,0.17385,111.2529998107,49.8962733326635,44.8493734259421,67.8040125562986,36.108775940951,53.2546298951989,105.882388914028,50.1700972639139,47.3828535401196
1993-11-01,1993,"Q4","1993/94","Q2","November",53.89362655,45.00117816925,13.9966875,11.8674375,2.12925,23.571905545,4.191555545,19.38035,7.43258512425,20.87166,8.0840439825,2.514375,2.131875,0.3825,5.5696689825,0.75297405,4.8166949325,3.7494,0.80840439825,0.2514375,0.2131875,0.03825,0.55696689825,0.075297405,0.48166949325,0.37494,110.495126340417,51.7305804284236,46.8170698036493,61.7442336563396,42.1437703497677,68.2553946403068,104.469161363638,55.9275862028257,53.5350197826823
1993-12-01,1993,"Q4","1993/94","Q2","December",66.49729265,55.52523936275,12.1262875,11.8674375,0.25885,25.66544176,2.60608176,23.05936,17.73351010275,22.3542025,9.9745938975,2.178375,2.131875,0.0465,7.7962188975,0.4681584,7.3280604975,4.015725,0.99745938975,0.2178375,0.2131875,0.00465,0.77962188975,0.04681584,0.73280604975,0.4015725,111.073370679261,61.550698367572,55.4144508185563,55.5206769482735,26.2027092393353,47.1945060463642,104.206653613011,69.0069179791985,66.2212206098349
1994-01-01,1994,"Q1","1993/94","Q3","January",59.0776538465,49.3298409618275,13.7537025,11.8674375,1.886265,22.28782,2.479115,19.808705,13.2883184618275,19.3219,8.861648076975,2.470725,2.131875,0.33885,6.390923076975,0.44535,5.945573076975,3.471,0.8861648076975,0.2470725,0.2131875,0.033885,0.6390923076975,0.044535,0.5945573076975,0.3471,111.117773385909,52.8739577554284,47.5837088381879,58.223010782039,24.9261287626965,42.8114733812183,104.579595942235,61.3072600541265,58.6225826383854
1994-02-01,1994,"Q1","1993/94","Q3","February",63.703454856,53.19238480476,12.5521375,11.8674375,0.6847,25.870805,5.055925,20.81488,14.76944230476,23.84259,9.5555182284,2.254875,2.131875,0.123,7.3006432284,0.90825,6.3923932284,4.2831,0.95555182284,0.2254875,0.2131875,0.0123,0.73006432284,0.090825,0.63923932284,0.42831,111.330704547333,55.5596686307515,49.905072330814,56.2986215367818,50.834526661545,90.2944428725189,104.52833875334,66.1076400114098,63.2437488243326
1994-03-01,1994,"Q1","1993/94","Q3","March",61.2940645,51.1805438575,12.8777875,11.8674375,1.01035,27.6218,3.76585,23.85595,10.6809563575,25.29215,9.194109675,2.313375,2.131875,0.1815,6.880734675,0.6765,6.204234675,4.5435,0.9194109675,0.2313375,0.2131875,0.01815,0.6880734675,0.06765,0.6204234675,0.45435,112.638566088593,63.6769790107739,56.5321285790252,56.8308994131295,37.8635367867164,66.6249121124571,105.740332511591,63.6073186291322,60.1542638634692
1994-04-01,1994,"Q2","1993/94","Q4","April",67.0540101965,55.9900985140775,12.9028375,11.8674375,1.0354,29.93475,3.9412,25.99355,13.1525110140775,26.4695,10.058101529475,2.317875,2.131875,0.186,7.740226529475,0.708,7.032226529475,4.755,1.0058101529475,0.2317875,0.2131875,0.0186,0.7740226529475,0.0708,0.7032226529475,0.4755,114.60742246745,69.3827216172696,60.5394660515772,62.0308448205268,39.6265839541689,63.8820639454775,108.108574999109,69.5846461924524,64.3655197499607
1994-05-01,1994,"Q2","1993/94","Q4","May",72.4143171601667,60.4659548287392,13.2451875,11.8674375,1.37775,31.66821,4.529875,27.138335,15.5525573287392,28.84758,10.862147574025,2.379375,2.131875,0.2475,8.482772574025,0.81375,7.669022574025,5.1822,1.0862147574025,0.2379375,0.2131875,0.02475,0.8482772574025,0.081375,0.7669022574025,0.51822,113.054336887204,72.4384142397327,64.0739809141561,66.5756789954961,45.5453851591877,68.4114467120476,107.309236660257,75.1472525519621,70.0286898786539
1994-06-01,1994,"Q2","1993/94","Q4","June",72.7048656235,60.7085627956225,12.9061775,11.8674375,1.03874,32.934905,2.452395,30.48251,14.8674802956225,27.018095,10.905729843525,2.318475,2.131875,0.1866,8.587254843525,0.44055,8.146704843525,4.85355,1.0905729843525,0.2318475,0.2131875,0.01866,0.8587254843525,0.044055,0.8146704843525,0.485355,114.748703806784,81.3647810909105,70.9069282629233,68.5410126927801,24.6574739562275,35.9747733327915,109.037097044724,75.448766390785,69.1955017472982
1994-07-01,1994,"Q3","1994/95","Q1","July",77.016361858967,64.3086621522374,16.20380125,11.17125625,5.032545,32.6500898601513,3.558515901818,29.0915739583333,15.4547710420861,27.4047,11.552454278845,2.9108625,2.0068125,0.90405,8.64159177884505,0.63925435362,8.00233742522505,4.923,1.1552454278845,0.29108625,0.20068125,0.090405,0.864159177884505,0.063925435362,0.800233742522505,0.4923,117.303877743875,77.652055119799,66.1973471067572,72.1850689231609,35.7789072200436,49.5655233884023,111.726864754399,79.9229796291264,71.5342543664991
1994-08-01,1994,"Q3","1994/95","Q1","August",81.5045712161495,68.0563169654848,12.01644325,11.17125625,0.845187,37.9362243601513,7.648930401818,30.2872939583333,18.1036493553335,33.0632445,12.2256856824224,2.1586425,2.0068125,0.15183,10.0670431824224,1.37405935362,8.69298382880242,5.939505,1.22256856824224,0.21586425,0.20068125,0.015183,1.00670431824224,0.137405935362,0.869298382880242,0.5939505,118.119272902315,80.8437048903075,68.442433570655,68.8685683089941,76.9057603590875,111.670334155972,112.031527537644,84.5805751889144,75.4971185771741
1994-09-01,1994,"Q3","1994/95","Q1","September",86.2678518169735,72.0336562671728,11.246949,11.17125625,0.07569275,38.8186133733333,4.678839,34.1397743733333,21.9680938938395,34.5397917,12.940177772546,2.02041,2.0068125,0.0135975,10.919767772546,0.84051,10.079257772546,6.204753,1.2940177772546,0.202041,0.20068125,0.00135975,1.0919767772546,0.084051,1.0079257772546,0.6204753,118.212114925305,91.1268549860015,77.0875768897136,64.8969564623993,47.0431357052521,72.4889706230036,111.621973495262,89.523623253488,80.2025089238256
1994-10-01,1994,"Q4","1994/95","Q2","October",89.2954577785115,74.5617072450571,11.3446607,11.17125625,0.17340445,38.2743962783333,5.055758,33.2186382783333,24.9426502667238,31.570348,13.3943186667767,2.037963,2.0068125,0.0311505,11.3563556667767,0.90822,10.4481356667767,5.67132,1.33943186667767,0.2037963,0.20068125,0.00311505,1.13563556667767,0.090822,1.04481356667767,0.567132,118.232297973782,88.6681323701601,74.9948481842267,67.2717346799509,50.8328475690046,75.5634559014195,111.933201635267,92.6654918609943,82.7864212827071
1994-11-01,1994,"Q4","1994/95","Q2","November",85.0758196120335,71.0383093760479,11.49765775,11.17125625,0.3264015,41.9873724083333,3.7195075,38.2678649083333,17.5532792177146,38.2050075,12.761372941805,2.0654475,2.0068125,0.058635,10.695925441805,0.668175,10.027750441805,6.863175,1.2761372941805,0.20654475,0.20068125,0.0058635,1.0695925441805,0.0668175,1.0027750441805,0.6863175,118.466421336106,102.145671438575,86.2233114552969,70.8339020062782,37.3975886067469,52.7961718153438,112.57869544158,88.2866034393459,78.4221233804938
1994-12-01,1994,"Q4","1994/95","Q2","December",92.8230448440408,77.507242444774,11.57491696,11.17125625,0.40366071,45.0690317583333,4.3802263,40.6888054583333,20.8632937264407,42.1585488,13.9234567266061,2.0793264,2.0068125,0.0725139,11.8441303266061,0.786867,11.0572633266061,7.573392,1.39234567266061,0.20793264,0.20068125,0.00725139,1.18441303266061,0.0786867,1.10572633266061,0.7573392,118.688434869345,108.607714685173,91.5065691149532,65.0197898184796,44.0407503337076,67.7343781895625,112.054599925572,96.3262109909701,85.9636383111009
1995-01-01,1995,"Q1","1994/95","Q3","January",84.519955936923,70.5741632073307,11.27646625,11.17125625,0.10521,38.1215144583333,4.7964905,33.3250239583333,21.1761824989974,33.8954055,12.6779933905384,2.0257125,2.0068125,0.0189,10.6522808905384,0.861645,9.79063589053845,6.088995,1.26779933905384,0.20257125,0.20068125,0.00189,1.06522808905384,0.0861645,0.979063589053845,0.6088995,120.215282486572,88.9521000475072,73.9940032644712,67.7630681042719,48.2260563999856,71.1686435534128,113.731807222425,87.7097613228125,77.1198167556404
1995-02-01,1995,"Q1","1994/95","Q3","February",78.3109124074551,65.389611860225,11.91023125,11.17125625,0.738975,49.0315910583333,5.6303215,43.4012695583333,4.44778955189167,44.3751565,11.7466368611183,2.1395625,2.0068125,0.13275,9.60707436111826,1.011435,8.59563936111826,7.971585,1.17466368611183,0.21395625,0.20068125,0.013275,0.960707436111826,0.1011435,0.859563936111826,0.7971585,122.51009509832,115.847900867789,94.5619222438903,70.1787907738502,56.609765454357,80.6650625212124,116.041565196888,81.2663868560888,70.0321360869306
1995-03-01,1995,"Q1","1994/95","Q3","March",93.5990781177847,78.1552302283502,16.785451395,11.17125625,5.614195145,56.2099121201513,4.234030901818,51.9758812183333,5.15986671319892,49.877055,14.0398617176677,3.01535055,2.0068125,1.00853805,11.0245111676677,0.76060435362,10.2639068140477,8.95995,1.40398617176677,0.301535055,0.20068125,0.100853805,1.10245111676677,0.076060435362,1.02639068140477,0.895995,122.506058488624,138.735497744013,113.247866640731,69.6874573495291,42.5708365460865,61.0882333280799,115.977295156038,97.1315319647463,83.7504718781931
1995-04-01,1995,"Q2","1994/95","Q4","April",71.2658978061678,59.5070246681501,11.17125625,11.17125625,0,41.4919441051513,2.910361346818,38.5815827583333,6.84382431299878,37.941370445,10.6898846709252,2.0068125,2.0068125,0,8.68307217092517,0.52281940362,8.16025276730517,6.81581505,1.06898846709252,0.20068125,0.20068125,0,0.868307217092517,0.052281940362,0.816025276730517,0.681581505,123.476863120331,102.983056030249,83.4027148307856,76.7299030981302,29.2620720203622,38.1364641930263,117.698598798277,73.9554915492362,62.8346406026363
1995-05-01,1995,"Q2","1994/95","Q4","May",151.13255232179,126.195681188695,33.56443655,33.51376875,0.0506678,41.8864832751513,3.731778401818,38.1547048733333,50.7447613635437,38.6592475,22.6698828482686,6.0295395,6.0204375,0.009102,16.6403433482686,0.67037935362,15.9699639946486,6.944775,2.26698828482686,0.60295395,0.60204375,0.0009102,1.66403433482686,0.067037935362,1.59699639946486,0.6944775,124.241800657581,101.843621460538,81.9721067478942,75.0102361130067,37.5209657307407,50.021127348824,118.15642114217,156.836334630185,132.73619250999
1995-06-01,1995,"Q2","1994/95","Q4","June",164.031703144968,136.966472126048,35.31903875,33.51376875,1.80527,36.6330398601513,3.466665901818,33.1663739583333,65.0143935158968,32.03895,24.6047554717452,6.3447375,6.0204375,0.3243,18.2600179717452,0.62275435362,17.6372636181252,5.7555,2.46047554717452,0.63447375,0.60204375,0.03243,1.82600179717452,0.062275435362,1.76372636181252,0.57555,124.095473556128,88.5286269634313,71.3391265825584,71.0386242664119,34.8554063228066,49.0654298034974,117.537261018975,170.22230280097,144.824119028509
1995-07-01,1995,"Q3","1995/96","Q1","July",92.0951057561748,76.899413306406,24.2570144166667,14.2350104166667,10.022004,39.54578390875,5.97645683333333,33.5693270754167,13.0966149809893,36.261211,13.8142658634262,4.3575475,2.5571875,1.80036,9.45671836342622,1.073615,8.38310336342622,6.51399,1.38142658634262,0.43575475,0.25571875,0.180036,0.945671836342622,0.1073615,0.838310336342622,0.651399,124.573811805015,89.6042008633951,71.9286016579836,64.9379009144261,60.0899645931568,92.534504113926,117.202379394252,95.5707992903071,81.5433950950953
1995-08-01,1995,"Q3","1995/96","Q1","August",93.0394642853673,77.6879526782817,21.4373029166667,14.2350104166667,7.2022925,42.8680483,6.81930583333333,36.0487424666667,13.382601461615,40.41066,13.9559196428051,3.8510125,2.5571875,1.293825,10.1049071428051,1.225025,8.87988214280509,7.2594,1.39559196428051,0.38510125,0.25571875,0.1293825,1.01049071428051,0.1225025,0.887988214280509,0.72594,123.419341432174,96.2223268163593,77.9637338036186,65.7977344069879,68.5643446447115,104.20471960419,116.296891632338,96.550798158982,83.0209619567636
1995-09-01,1995,"Q3","1995/96","Q1","September",75.4464105424353,62.9977528029335,14.7869454166667,14.2350104166667,0.551935,31.954281,1.63479083333333,30.3194901666667,16.2565263862668,29.04798,11.3169615813653,2.6563375,2.5571875,0.09915,8.6606240813653,0.293675,8.3669490813653,5.2182,1.13169615813653,0.26563375,0.25571875,0.009915,0.86606240813653,0.0293675,0.83669490813653,0.52182,122.234596486619,80.9296439236416,66.2084600021574,68.2134570765661,73.7684310008189,108.143516195078,115.557190675812,85.3803701621057,73.8858133040245
1995-10-01,1995,"Q4","1995/96","Q2","October",102.762994146409,85.8071001122514,15.3459680553167,14.2350104166667,1.11095763865,54.365697961355,7.85448692138333,46.5112110399717,16.0954340955798,39.55795618805,15.4144491219613,2.7567607285,2.5571875,0.1995732285,12.6576883934613,1.4109856745,11.2467027189613,7.1062196745,1.54144491219613,0.27567607285,0.25571875,0.01995732285,1.26576883934613,0.14109856745,1.12467027189613,0.71062196745,121.621031812941,124.149044961863,102.078598669356,66.0024566671216,78.9725173569263,119.650875656369,114.74617132456,106.641296596578,92.9366926718128
1995-11-01,1995,"Q4","1995/96","Q2","November",80.2340524322939,66.9954337809654,14.4340109900667,14.2350104166667,0.1990005734,40.51034746865,10.9139356220833,29.5964118465667,12.0510753222488,38.25375584375,12.0351078648441,2.592936106,2.5571875,0.035748606,9.44217175884409,1.9605872375,7.48158452134409,6.8719321875,1.20351078648441,0.2592936106,0.25571875,0.0035748606,0.944217175884409,0.19605872375,0.748158452134409,0.68719321875,123.076229608078,78.9995827434265,64.1875226394175,69.1142350211546,109.733580178341,158.771315554247,116.406134527662,83.2621066917078,71.52724985634
1995-12-01,1995,"Q4","1995/96","Q2","December",64.6904391970683,54.0165167295521,15.6753854166667,14.2350104166667,1.440375,23.64689369695,3.66201650028333,19.9848771966667,14.6942376159354,21.09165508695,9.70356587956025,2.8159375,2.5571875,0.25875,6.88762837956025,0.6578472755,6.22978110406025,3.7889200755,0.970356587956025,0.28159375,0.25571875,0.025875,0.688762837956025,0.06578472755,0.622978110406025,0.37889200755,123.244758062855,53.3442015843023,43.2831403320999,73.5362358400437,36.8195484344944,50.0699390088233,117.100423108759,67.1318734013214,57.3284635692319
1996-01-01,1996,"Q1","1995/96","Q3","January",84.2112980082639,70.3164338369004,16.0925681166667,14.2350104166667,1.8575577,43.0344325543,3.51047339403333,39.5239591602667,11.1894331659337,39.7348339792,12.6316947012396,2.8908805,2.5571875,0.333693,9.74081420123959,0.630623963,9.11019023823959,7.137994128,1.26316947012396,0.28908805,0.25571875,0.0333693,0.974081420123959,0.0630623963,0.911019023823959,0.7137994128,120.439314324658,105.49847387637,87.5947147888825,73.4543469359902,35.2958664030087,48.0514331354227,114.631630560711,87.3894545626754,76.2350270472621
1996-02-01,1996,"Q1","1995/96","Q3","February",94.1788072838508,78.6393040820154,23.7849448537167,14.2350104166667,9.54993443705,40.36827266955,13.0745316389833,27.2937410305667,14.4860865587488,37.4054052375,14.1268210925776,4.2727445845,2.5571875,1.7155570845,9.85407650807762,2.3487182585,7.50535824957762,6.719533875,1.41268210925776,0.42727445845,0.25571875,0.17155570845,0.985407650807762,0.23487182585,0.750535824957762,0.6719533875,120.721877003325,72.8532284285007,60.3479917948045,73.5771802920704,131.457176914039,178.665690085172,114.894449533147,97.7331402621462,85.0634131233211
1996-03-01,1996,"Q1","1995/96","Q3","March",103.655642506494,86.5524614929221,17.0528486526167,14.2350104166667,2.81783823595,55.52099502435,6.92116755848333,48.5998274658667,13.9786178159555,52.34465108315,15.548346375974,3.0633859855,2.5571875,0.5061984855,12.484960390474,1.2433235135,11.241636876974,9.4032307335,1.5548346375974,0.30633859855,0.25571875,0.05061984855,1.2484960390474,0.12433235135,1.1241636876974,0.94032307335,121.636169099299,129.724039221713,106.649231213301,81.847959601474,69.5885078953389,85.0216770633897,116.718056963868,107.567633740751,92.1602334196247
1996-04-01,1996,"Q2","1995/96","Q4","April",49.2406521862051,41.1159445754813,14.3550103541667,14.2350104166667,0.1199999375,12.7145070979583,5.11423583333333,7.600271264625,14.0464271233563,9.547355076125,7.38609782793077,2.578744375,2.5571875,0.021556875,4.80735345293077,0.918725,3.88862845293077,1.71509372625,0.738609782793076,0.2578744375,0.25571875,0.0021556875,0.480735345293076,0.0918725,0.388862845293077,0.171509372625,119.848960156728,20.2868598313508,16.927021982353,86.0242937082025,51.4208098069121,59.7747538402737,115.66798532431,51.0990073617034,44.1773125194773
1996-05-01,1996,"Q2","1995/96","Q4","May",114.049383143639,95.2312349249389,42.8250311875,42.70503125,0.1199999375,11.2115070979583,5.11423583333333,6.097271264625,41.1946966394806,8.044355076125,17.1074074715459,7.693119375,7.6715625,0.021556875,9.41428809654591,0.918725,8.49556309654591,1.44509372625,1.71074074715459,0.7693119375,0.76715625,0.0021556875,0.941428809654591,0.0918725,0.849556309654591,0.144509372625,120.84499359903,16.2750095611586,13.4676738162276,78.408625631227,51.4208098069121,65.5805523855953,115.599549812537,118.353636885566,102.382437541924
1996-06-01,1996,"Q2","1995/96","Q4","June",126.396347579545,105.54095022892,42.8250311875,42.70503125,0.1199999375,16.9813570979583,4.53808583333333,12.443271264625,45.7345619434616,13.814205076125,18.9594521369317,7.693119375,7.6715625,0.021556875,11.2663327619317,0.815225,10.4511077619317,2.48159372625,1.89594521369317,0.7693119375,0.76715625,0.0021556875,1.12663327619317,0.0815225,1.04511077619317,0.248159372625,118.916503317126,33.2139329241926,27.930465492765,74.8055138528729,45.6279405424256,60.9954242573166,113.464064131546,131.166579009468,115.601869202744
1996-07-01,1996,"Q3","1996/97","Q1","July",100.506356593772,83.9228077557998,14.9607451,13.6919125,1.2688326,50.16884575,9.986266,40.18257975,18.7932169057998,45.977271,11.6999265,2.687559,2.459625,0.227934,9.0123675,1.79394,7.2184275,8.25939,1.50759534890658,0.2687559,0.2459625,0.0227934,1.23883944890658,0.179394,1.05944544890658,0.825939,113.170389415942,107.256482652734,94.7743338220106,80.0873481643237,100.406375732686,125.371082991375,109.081084852854,104.299492948673,95.61647932762
1996-08-01,1996,"Q3","1996/97","Q1","August",94.2906358642394,78.7326809466399,14.960027,13.6919125,1.2681145,44.57519912,4.162475,40.41272412,19.1974548266399,38.8609,10.6949508,2.68743,2.459625,0.227805,8.0075208,0.74775,7.2597708,6.981,1.41435953796359,0.268743,0.2459625,0.0227805,1.14561653796359,0.074775,1.07084153796359,0.6981,114.41669265935,107.87079053894,94.2788923816404,82.666848642009,41.8513815702398,50.6265598093358,110.492180972834,97.8491892825961,88.5575688895609
1996-09-01,1996,"Q3","1996/97","Q1","September",91.4418930876796,76.3539807282125,15.44453575,13.6919125,1.75262325,41.498460425,7.8535591,33.644901325,19.4109845532125,37.5436541,10.22928075,2.7744675,2.459625,0.3148425,7.45481325,1.410819,6.04399425,6.744369,1.37162839631519,0.27744675,0.2459625,0.03148425,1.09418164631519,0.1410819,0.953099746315194,0.6744369,112.642602698289,89.805925795937,79.7264300048897,90.6510167872253,78.9631886266053,87.1067875740947,109.92428270069,94.8929342037527,86.3257251922528
1996-10-01,1996,"Q4","1996/97","Q2","October",84.7312888548446,70.7506261937953,17.2520185,13.6919125,3.560106,35.244014,4.45055,30.793464,18.2545936937953,32.65685,9.430425,3.099165,2.459625,0.63954,6.33126,0.7995,5.53176,5.8665,1.27096933282267,0.3099165,0.2459625,0.063954,0.96105283282267,0.07995,0.88110283282267,0.58665,113.49029073429,82.1947883356991,72.4245112105123,95.9328510986761,44.7478162024831,46.6449351708057,111.320063472776,87.9290700006873,78.9876211507826
1996-11-01,1996,"Q4","1996/97","Q2","November",77.5487965891617,64.75324515195,14.100645,13.6919125,0.4087325,38.2297736,6.173155,32.0566186,12.42282655195,36.942905,9.400674,2.53305,2.459625,0.073425,6.867624,1.10895,5.758674,6.63645,1.16323194883742,0.253305,0.2459625,0.0073425,0.909926948837425,0.110895,0.799031948837425,0.663645,112.908009785751,85.5664364549969,75.7842039881527,91.1014057595196,62.0676557570276,68.1302941920212,110.212554894779,80.4755085861954,73.0184584351815
1996-12-01,1996,"Q4","1996/97","Q2","December",84.1055078131662,70.2280990239938,17.613657,13.6919125,3.9217445,31.6811525,6.1752425,25.50591,20.9332895239938,30.5071425,8.855355,3.16413,2.459625,0.704505,5.691225,1.109325,4.5819,5.480325,1.26158261719749,0.316413,0.2459625,0.0704505,0.945169617197493,0.1109325,0.834237117197493,0.5480325,113.6093707203,68.0810990851627,59.925601782246,96.2604067148901,62.088644413783,64.5007085807158,111.464912563247,87.2796718177668,78.3023731959088
1997-01-01,1997,"Q1","1996/97","Q3","January",78.0092830348067,65.1377513340636,13.7575045333333,13.6919125,0.0655920333333333,36.0052,5.535215,30.469985,15.3750468007303,34.903,8.939408,2.471408,2.459625,0.011783,6.468,0.99435,5.47365,6.27,1.1701392455221,0.2471408,0.2459625,0.0011783,0.922998445522101,0.099435,0.823563445522101,0.627,124.412347417205,81.3313490053255,65.3724093257309,95.3596287703016,55.6535222525817,58.3617228488143,120.821220046861,80.9533739115165,67.0026125213089
1997-02-01,1997,"Q1","1996/97","Q3","February",84.267687612639,70.3635191565536,13.9043559833333,13.6919125,0.212443483333333,41.69155,5.042565,36.648985,14.7676131732203,40.8148,9.9872885,2.4977885,2.459625,0.0381635,7.4895,0.90585,6.58365,7.332,1.26401531418959,0.24977885,0.2459625,0.00381635,1.01423646418959,0.090585,0.923651464189585,0.7332,115.729599962729,97.824511227227,84.528514104198,84.0999044629453,50.7001992583105,60.2856799684585,111.81993950701,87.4479723255636,78.2042743996307
1997-03-01,1997,"Q1","1996/97","Q3","March",72.6820693198928,60.6895278821105,14.3142382783333,13.6919125,0.622325778333333,29.042135,4.610035,24.4321,17.3331546037772,28.574535,7.78857005,2.57142005,2.459625,0.11179505,5.21715,0.82815,4.389,5.13315,1.09023103979839,0.257142005,0.2459625,0.011179505,0.833089034798392,0.082815,0.750274034798392,0.513315,112.689023709784,65.2148549476809,57.8715235972169,79.5141258359492,46.3513495785946,58.2932266327433,108.588364999974,75.4251097486788,69.4596605710905
1997-04-01,1997,"Q2","1996/97","Q4","April",118.436761655617,98.8946959824402,17.0019916666667,13.6919125,3.31007916666667,62.4173370099583,9.352,53.0653370099583,19.4753673058152,58.09095,14.26694527125,3.05425,2.459625,0.594625,11.21269527125,1.68,9.53269527125,10.4355,1.77655142483425,0.305425,0.2459625,0.0594625,1.47112642483425,0.168,1.30312642483425,1.04355,110.459806005584,141.643504072685,128.230810097136,73.6181247440972,94.0291822641295,127.725587402536,105.905906194844,122.906596217508,116.05263637647
1997-05-01,1997,"Q2","1996/97","Q4","May",162.575418323616,135.750474300219,42.5237666666667,41.0757375,1.44802916666667,30.0020525099583,8.4168,21.5852525099583,63.2246551235945,24.5442405,13.02859027125,7.639,7.378875,0.260125,5.38959027125,1.512,3.87759027125,4.409145,2.43863127485424,0.7639,0.7378875,0.0260125,1.67473127485424,0.1512,1.52353127485424,0.4409145,112.305545788735,57.6159688052193,51.3028705756028,79.718848096083,84.6262640377166,106.155904229473,108.277592900214,168.711057407112,155.813454001136
1997-06-01,1997,"Q2","1996/97","Q4","June",156.608654281764,130.768226325273,45.3961666666667,41.0757375,4.32042916666667,28.5090265849583,5.01,23.4990265849583,56.8630330736476,25.35132645,13.27638202125,8.155,7.378875,0.776125,5.12138202125,0.9,4.22138202125,4.5541305,2.34912981422645,0.8155,0.7378875,0.0776125,1.53362981422645,0.09,1.44362981422645,0.45541305,110.449714481346,62.7242688982836,56.7898877718488,73.7819025522042,50.3727762129265,68.2725363137463,105.917306184906,162.519106119643,153.439614330753
1997-07-01,1997,"Q3","1997/98","Q1","July",120.43765420728,100.565441263078,10.5864779166667,9.57362291666667,1.012855,59.116454415,9.5666785,49.549775915,30.8625089314118,57.457018,18.0656481310919,1.9017625,1.7198125,0.18195,16.1638856310919,1.718565,14.4453206310919,10.32162,1.80656481310919,0.19017625,0.17198125,0.018195,1.61638856310919,0.1718565,1.44453206310919,1.032162,110.688883605789,132.25966859119,119.487760904902,75.5425139893544,96.1876557248534,127.32916955664,106.344536647015,124.983002980781,117.526491648209
1997-08-01,1997,"Q3","1997/98","Q1","August",81.402177546048,67.9708182509501,12.3412304166667,9.57362291666667,2.7676075,39.27742305,1.85611315,37.4213099,16.3521647842834,37.936555,12.2103266319072,2.2169875,1.7198125,0.497175,9.9933391319072,0.3334335,9.6599056319072,6.81495,1.22103266319072,0.22169875,0.17198125,0.0497175,0.99933391319072,0.03334335,0.96599056319072,0.681495,109.580834244444,99.8860227766224,91.1528219923978,76.934625358264,18.662190085992,24.2572053858548,105.545525339485,84.4743171547494,80.0359057222365
1997-09-01,1997,"Q3","1997/98","Q1","September",83.2797966358193,69.5386301909091,11.6299356666667,9.57362291666667,2.05631275,45.691322745,6.774235595,38.91708715,12.2173717792425,45.211576,12.4919694953729,2.08921,1.7198125,0.3693975,10.4027594953729,1.21692855,9.1858309453729,8.12184,1.24919694953729,0.208921,0.17198125,0.03693975,1.04027594953729,0.121692855,0.91858309453729,0.812184,107.985364262397,103.878593877461,96.1969194501603,76.6889586461035,68.1111883514124,88.8148562112117,104.116900860814,86.4227980832286,83.0055422017994
1997-10-01,1997,"Q4","1997/98","Q2","October",90.3293364551822,75.4249959400771,11.8347085616667,9.57362291666667,2.261085645,47.7243415,4.596675,43.1276665,15.8659458784104,47.04557,13.5494004682773,2.12599555,1.7198125,0.40618305,11.4234049182773,0.82575,10.5976549182773,8.4513,1.35494004682773,0.212599555,0.17198125,0.040618305,1.14234049182773,0.082575,1.05976549182773,0.84513,106.744106781109,115.117591816891,107.844447144003,82.3802374778218,46.2170221753601,56.1020744663458,103.732555298927,93.7383893910781,90.3654490347333
1997-11-01,1997,"Q4","1997/98","Q2","November",62.4558466706917,52.1506319700276,9.94342771666667,9.57362291666667,0.3698048,35.3519962,4.676,30.6759962,6.85520805336094,35.00487,9.36837700060376,1.7862445,1.7198125,0.066432,7.58213250060376,0.84,6.74213250060376,6.2883,0.936837700060376,0.17862445,0.17198125,0.0066432,0.758213250060376,0.084,0.674213250060376,0.62883,105.608810304321,81.8812399490265,77.5325843677992,78.4495700832537,47.0145911320648,59.9296988908557,102.251730641623,64.8129467647706,63.3856721622937
1997-12-01,1997,"Q4","1997/98","Q2","December",82.5737687895914,68.9490969393088,10.6847574166667,9.57362291666667,1.1111345,52.3535815,8.10785,44.2457315,5.91075802264219,50.84315,12.3860653184387,1.9194175,1.7198125,0.199605,10.4666478184387,1.4565,9.01014781843872,9.1335,1.23860653184387,0.19194175,0.17198125,0.0199605,1.04666478184387,0.14565,0.901014781843872,0.91335,105.38881507593,118.101962656773,112.063089969921,70.5882352941176,81.5199428379194,115.486585687053,101.087210256182,85.690124560231,84.7685125972604
1998-01-01,1998,"Q1","1997/98","Q3","January",74.4261464231917,62.1458322633651,11.7678359166667,9.57362291666667,2.194213,41.8874826665,4.427598355,37.4598843115,8.49051368019842,41.671328805,11.1639219634788,2.1139825,1.7198125,0.39417,9.04993946347876,0.79537695,8.25456251347876,7.48586745,1.11639219634788,0.21139825,0.17198125,0.039417,0.904993946347876,0.079537695,0.825456251347876,0.748586745,103.649036297278,99.9889866909263,96.4688049815971,61.7032892043128,44.5170501191889,72.1469644378008,98.464236819963,77.2350087809629,78.4396561384853
1998-02-01,1998,"Q1","1997/98","Q3","February",75.4575695372329,63.0070705635894,10.1352717722667,9.57362291666667,0.5616488556,44.49048019535,7.10466333975,37.3858168556,8.38131859597277,44.47692533975,11.3186354305849,1.820707504,1.7198125,0.100895004,9.49792792658493,1.2762868275,8.22164109908493,7.9898668275,1.13186354305849,0.1820707504,0.17198125,0.0100895004,0.949792792658493,0.12762868275,0.822164109908493,0.79898668275,104.492687723585,99.7912837348619,95.5007339832622,58.059232973932,71.433456383515,123.035480705692,98.7531749338289,78.3053580748373,79.2940157390453
1998-03-01,1998,"Q1","1997/98","Q3","March",96.3319988802193,80.4372190649831,12.8104572137667,9.57362291666667,3.2368342971,57.14487745665,6.4997362254,50.64514123125,10.4818843945664,54.1717983754,14.4497998320329,2.301279739,1.7198125,0.581467239,12.1485200930329,1.167617286,10.9809028070329,9.731460786,1.44497998320329,0.2301279739,0.17198125,0.0581467239,1.21485200930329,0.1167617286,1.09809028070329,0.9731460786,102.166591386699,135.183448790762,132.316686850298,54.2104544834175,65.3512491666918,120.551007715093,96.2388640059201,99.9675938761626,103.874453328972
1998-04-01,1998,"Q2","1997/98","Q4","April",79.5361286422007,66.4126674162375,10.9496723890667,9.57362291666667,1.3760494724,45.64254163585,6.2014271147,39.44111452115,9.82045339132088,44.7995526147,11.9304192963301,1.967007016,1.7198125,0.247194516,9.9634122803301,1.114028823,8.8493834573301,8.047823823,1.19304192963301,0.1967007016,0.17198125,0.0247194516,0.99634122803301,0.1114028823,0.88493834573301,0.8047823823,102.474382875962,105.277342613679,102.73527847551,54.8246212638188,62.3519162174766,113.729771004593,96.5845257099111,82.5378430740566,85.4565909677464
1998-05-01,1998,"Q2","1997/98","Q4","May",178.946188154864,149.420067109312,30.35535926445,28.72086875,1.63449051445,50.2943952311,3.51501894755,46.77937628355,68.7703126137616,48.59804669755,26.8419282232296,5.4530585505,5.1594375,0.2936210505,21.3888696727296,0.6314405295,20.7574291432296,8.7301880295,2.68419282232296,0.54530585505,0.51594375,0.02936210505,2.13888696727296,0.06314405295,2.07574291432296,0.87301880295,101.143310828954,124.864839243237,123.453383342769,57.1993994813703,35.3415694269726,61.7866092081671,95.7115237140129,185.699664401193,194.020173533195
1998-06-01,1998,"Q2","1997/98","Q4","June",127.991882434033,106.873221832417,32.7343714,28.72086875,4.01350265,29.703367990481,6.97225,22.731117990481,44.4354824419363,25.9040261872201,19.1987823651049,5.880426,5.1594375,0.7209885,13.3183563651049,1.2525,12.0658563651049,4.65341787794374,1.91987823651049,0.5880426,0.51594375,0.07209885,1.33183563651049,0.12525,1.20658563651049,0.465341787794374,99.3870828657944,60.6745454769684,61.0487235639054,51.0986761293845,70.1021135629894,137.189686451929,93.4182845165257,132.822329769369,142.180227839521
1998-07-01,1998,"Q3","1998/99","Q1","July",123.775610240155,103.352634550529,16.159154188642,13.6919125,2.46724168864198,63.4027596409479,7.64818918,55.7545704609479,23.7907207209394,87.1934803618873,18.5663415360232,2.90284206981592,2.459625,0.443217069815925,15.6634994662073,1.3739262,14.2895732662073,11.1884262,1.85663415360232,0.290284206981592,0.2459625,0.0443217069815925,1.56634994662073,0.13739262,1.42895732662073,1.11884262,98.1573297221374,148.799492730647,151.59284910446,52.0813429780265,76.898307784085,147.650393378928,92.4620025782868,106.109607062764,114.76023026099
1998-08-01,1998,"Q3","1998/99","Q1","August",103.212718289156,86.182619771445,15.183039188642,13.6919125,1.49112668864198,50.3588630859479,7.405677625,42.9531854609479,20.6407174968552,70.9995805828031,15.4819077433734,2.72749206981592,2.459625,0.267867069815925,12.7544156735574,1.33036125,11.4240544235574,8.95486125,1.54819077433734,0.272749206981592,0.2459625,0.0267867069815925,1.27544156735574,0.133036125,1.14240544235574,0.895486125,96.7335165673815,114.629672457137,118.500470700132,51.1396205814112,74.4599883651102,145.601370363267,91.0977793482326,86.4345921258738,94.8811186664242
1998-09-01,1998,"Q3","1998/99","Q1","September",103.846354265566,86.7117058117477,17.1012175,13.6919125,3.409305,50.8172714059479,10.521222945,40.2960484609479,18.7932169057998,69.6104883117477,15.5769531398349,3.072075,2.459625,0.61245,12.5048781398349,1.89004005,10.6148380898349,8.76154005,1.55769531398349,0.3072075,0.2459625,0.061245,1.25048781398349,0.189004005,1.06148380898349,0.876154005,96.9348424759319,107.537166940579,110.937578474199,56.5033437969155,105.785071635687,187.21913523543,91.9372151180632,91.2967761798033,99.3033953253451
1998-10-01,1998,"Q4","1998/99","Q2","October",106.446490864239,88.8828198716399,21.358632,13.6919125,7.6667195,48.326733045,8.051343045,40.27539,19.1974548266399,67.5241878716399,15.9669736296359,3.83688,2.459625,1.377255,12.1300936296359,1.44634905,10.6837445796359,8.38534905,1.59669736296359,0.383688,0.2459625,0.1377255,1.21300936296359,0.144634905,1.06837445796359,0.838534905,97.743678143617,107.504214406919,109.985849160454,54.292343387471,80.9517966904765,149.103522964083,92.3727770786529,90.4471810831185,97.9154074864559
1998-11-01,1998,"Q4","1998/99","Q2","November",96.8211240876796,80.8456386132125,18.7019125,13.6919125,5.01,42.73274156,6.70249156,36.03025,19.4109845532125,62.1437261132125,14.5231686131519,3.359625,2.459625,0.9,11.1635436131519,1.2040404,9.95950321315194,7.6690404,1.45231686131519,0.3359625,0.2459625,0.09,1.11635436131519,0.12040404,0.995950321315194,0.76690404,96.9955934518454,96.1729661993312,99.1518921393861,48.6420090077794,67.3898418005806,138.542472186547,91.0187386637716,89.5094026691417,98.3417304867238
1998-12-01,1998,"Q4","1998/99","Q2","December",97.5329018548446,81.4399730487953,18.0506125,13.6919125,4.3587,45.134766855,7.593166855,37.5416,18.2545936937953,63.3893605487953,14.6299352782267,3.242625,2.459625,0.783,11.3873102782267,1.36404195,10.0232683282267,8.10354195,1.46299352782267,0.3242625,0.2459625,0.0783,1.13873102782267,0.136404195,1.00232683282267,0.810354195,98.1637882976498,100.20710452658,102.081537667164,42.6231745598471,76.3450887693266,179.116383417501,91.2985644064337,88.2507853993369,96.6617448730859
1999-01-01,1999,"Q1","1998/99","Q3","January",97.2577335891617,81.21020754695,17.0808435,13.6919125,3.388931,51.706537495,6.535959995,45.1705775,12.42282655195,64.12936404695,14.5886600383743,3.068415,2.459625,0.60879,11.5202450383743,1.17412455,10.3461204883743,9.20992455,1.45886600383743,0.3068415,0.2459625,0.060879,1.15202450383743,0.117412455,1.03461204883743,0.920992455,98.3457384796631,120.570587856364,122.598690823087,44.8341749692917,65.7154591147256,146.574480649496,91.731319956994,89.8702555535806,97.971178868585
1999-02-01,1999,"Q1","1998/99","Q3","February",102.769197813166,85.8122801739938,23.4580725,13.6919125,9.76616,41.42091815,6.73234615,34.688572,20.9332895239938,62.3542076739938,15.4153796719749,4.214025,2.459625,1.7544,11.2013546719749,1.2094035,9.99195117197493,7.3669035,1.54153796719749,0.4214025,0.2459625,0.17544,1.12013546719749,0.12094035,0.999195117197493,0.73669035,97.9300685962951,92.591721191473,94.5488168431406,41.7633410672854,67.6900131740334,162.079975988936,90.9874524857868,87.7144228211905,96.4027681013406
1999-03-01,1999,"Q1","1998/99","Q3","March",91.6284527014734,76.5097580057303,16.89208507,13.6919125,3.20017257,44.242626135,7.04429714,37.198328995,15.3750468007303,59.6176729357303,13.744267905221,3.0345063,2.459625,0.5748813,10.709761605221,1.2654426,9.44431900522101,7.7436426,1.3744267905221,0.30345063,0.2459625,0.05748813,1.0709761605221,0.12654426,0.944431900522101,0.77436426,94.7281288707828,99.2908358145652,104.816633663277,49.6246758564215,70.8265076667821,142.724373397831,89.1530139706789,86.3282301470493,96.8315330039671
1999-04-01,1999,"Q2","1998/99","Q4","April",91.5259912793057,76.4242027182203,17.058184105,13.6919125,3.366271605,44.59840544,7.406701335,37.191704105,14.7676131732203,59.3660186132203,13.7288986918959,3.06434445,2.459625,0.60471945,10.6645542418959,1.33054515,9.33400909189585,7.91269515,1.37288986918959,0.306434445,0.2459625,0.060471945,1.06645542418959,0.133054515,0.933400909189585,0.791269515,96.427339721997,99.2731524700965,102.951250917327,62.0717892725536,74.4702812023831,119.974439395308,92.1807437651203,89.7981633560439,97.4153165707284
1999-05-01,1999,"Q2","1998/99","Q4","May",83.4506499865595,69.6812927387772,17.984235845,13.6919125,4.292323345,34.36390229,6.826553355,27.537348935,17.3331546037772,51.6970568937772,12.5175974979839,3.23070105,2.459625,0.77107605,9.28689644798392,1.22632695,8.06056949798392,6.14482695,1.25175974979839,0.323070105,0.2459625,0.077107605,0.928689644798392,0.122632695,0.806056949798392,0.614482695,95.8068118965952,73.5034735630462,76.7205088113974,62.3174559847141,68.6372144624786,110.141233107004,91.6672838857406,122.836979604014,134.003075467061
1999-06-01,1999,"Q2","1998/99","Q4","June",94.394728180617,78.8195980308152,18.083884745,13.6919125,4.391972245,41.26034598,7.53135598,33.72899,19.4753673058152,60.7357132858152,14.1592092270925,3.24860205,2.459625,0.78897705,10.9106071770925,1.3529382,9.55766897709255,7.3529382,1.41592092270925,0.324860205,0.2459625,0.078897705,1.09106071770925,0.13529382,0.955766897709255,0.73529382,95.4102149940372,90.0303776745258,94.3613612862652,63.8733451617306,75.7236146427996,118.552761642691,91.5120284660845,123.313085940627,134.750685792446
1999-07-01,1999,"Q3","1999/00","Q1","July",84.6733467515337,70.7022445375306,11.4520973666667,9.57362291666667,1.87847445,40.8676555,8.601335,32.2663205,18.382491670864,59.250147170864,12.7010020127301,2.057263,1.7198125,0.3374505,10.6437390127301,1.54515,9.09858901273005,7.25565,1.27010020127301,0.2057263,0.17198125,0.03374505,1.06437390127301,0.154515,0.909858901273006,0.725565,96.907595360489,86.126178719917,88.8745390900827,76.60706974205,86.4816612948927,112.889922021678,94.3983027167692,79.3903691040092,84.101479390165
1999-08-01,1999,"Q3","1999/00","Q1","August",90.7417032460509,75.7693222104525,13.4017113116667,9.57362291666667,3.828088395,42.8422988873,8.2709233123,34.571375575,19.5253120114858,62.3676108987858,13.6112554869076,2.40749305,1.7198125,0.68768055,11.2037624369076,1.485794607,9.71796782990764,7.661294607,1.36112554869076,0.240749305,0.17198125,0.068768055,1.12037624369076,0.1485794607,0.971796782990764,0.7661294607,98.2430067629191,92.2788971666547,93.9292273386369,82.5849597379555,83.1595547075379,100.695762244609,96.3075582453165,80.2627857225586,83.3400692374649
1999-09-01,1999,"Q3","1999/00","Q1","September",112.12793331728,93.6268243199284,11.5505538866667,9.57362291666667,1.97693097,51.21376150185,9.27856351185,41.93519799,30.8625089314118,82.0762704332618,16.8191899975919,2.0749498,1.7198125,0.3551373,14.7442401975919,1.6668078165,13.0774323810919,9.1173078165,1.68191899975919,0.20749498,0.17198125,0.03551373,1.47442401975919,0.16668078165,1.30774323810919,0.91173078165,98.2102093091452,111.9346210158,113.974526480698,90.5281834311451,93.2908190339014,103.051685671852,97.2606550273082,90.2751035601902,92.81770057465
1999-10-01,1999,"Q4","1999/00","Q2","October",86.922742546048,72.5804900259501,12.7031152416667,9.57362291666667,3.129492325,43.52521,9.62755,33.89766,16.3521647842834,59.8773747842834,13.0384113819072,2.28199675,1.7198125,0.56218425,10.7564146319072,1.7295,9.02691463190721,7.6005,1.30384113819072,0.228199675,0.17198125,0.056218425,1.07564146319072,0.17295,0.902691463190721,0.76005,98.7043912510858,90.4805964270696,91.668258402915,90.5691278831718,96.7996849558405,106.879338708777,97.6988135183946,84.360896286506,86.3479230181467
1999-11-01,1999,"Q4","1999/00","Q2","November",89.4131096358193,74.6599465459091,11.9960497666667,9.57362291666667,2.42242685,50.446525,9.397925,41.0486,12.2173717792425,62.6638967792425,13.4119664453729,2.154979,1.7198125,0.4351665,11.2569874453729,1.68825,9.5687374453729,8.95125,1.34119664453729,0.2154979,0.17198125,0.04351665,1.12569874453729,0.168825,0.95687374453729,0.895125,99.0222742645865,109.568088490362,110.649941444081,100.518629725672,94.490932712748,94.003403121019,99.2072346848961,91.5860182488655,92.3178824001724
1999-12-01,1999,"Q4","1999/00","Q2","December",89.5069097051822,74.7382696038271,16.8818437254167,9.57362291666667,7.30822080875,41.99048,9.82461,32.16587,15.8659458784104,57.8564258784104,13.4260364557773,3.0326665375,1.7198125,1.3128540375,10.3933699182773,1.7649,8.62846991827732,7.5114,1.34260364557773,0.30326665375,0.17198125,0.13128540375,1.03933699182773,0.17649,0.862846991827732,0.75114,100.528535172368,85.8580533935258,85.4066492128948,104.32646376416,98.7810141535489,94.6845225932827,100.997986774552,82.9706019480563,82.1507483443838
2000-01-01,2000,"Q1","1999/00","Q3","January",80.4920246706917,67.2108406000276,11.8129075466667,9.57362291666667,2.23928463,48.542725,10.196185,38.34654,6.85520805336094,55.3979330533609,12.0738037006038,2.1220792,1.7198125,0.4022667,9.95172450060376,1.83165,8.12007450060376,8.6475,1.20738037006038,0.21220792,0.17198125,0.04022667,0.995172450060376,0.183165,0.812007450060376,0.86475,102.830613681567,102.355673226839,99.5381332098248,103.261908011464,102.516995056008,99.2786178661602,102.883924798217,87.9768945763195,85.5108266416412
2000-02-01,2000,"Q1","1999/00","Q3","February",82.6452337895915,69.0087702143089,14.0066921916667,9.57362291666667,4.433069275,49.09132,8.72408,40.36724,5.91075802264219,55.0020780226422,12.3967850684387,2.51617225,1.7198125,0.79635975,9.88061281843872,1.5672,8.31341281843872,8.72925,1.23967850684387,0.251617225,0.17198125,0.079635975,0.988061281843872,0.15672,0.831341281843872,0.872925,102.528877106847,107.749383034542,105.091742029179,113.129520949911,87.7157943121094,77.5357250482357,103.839193800812,94.2338847738696,90.7498231877959
2000-03-01,2000,"Q1","1999/00","Q3","March",115.575346523192,96.5054143468651,35.1059606666667,9.57362291666667,25.53233775,52.90894,10.657105,42.251835,8.49051368019842,61.3994536801984,17.3363019784788,6.30646,1.7198125,4.5866475,11.0298419784788,1.91445,9.11539197847876,9.471,1.73363019784788,0.630646,0.17198125,0.45866475,1.10298419784788,0.191445,0.911539197847876,0.9471,100.313787536581,112.779797512222,112.427015549677,112.474409717483,107.151290467597,95.2672618924988,101.81692890125,119.795447181442,117.657690596453
2000-04-01,2000,"Q2","1999/00","Q4","April",76.3357529672328,63.7403537276394,13.6441051316667,9.57362291666667,4.070482215,41.71493,10.860845,30.854085,8.38131859597277,50.0962485959728,11.4503629450849,2.45103685,1.7198125,0.73122435,8.99932609508493,1.95105,7.04827609508493,7.4232,1.14503629450849,0.245103685,0.17198125,0.073122435,0.899932609508493,0.195105,0.704827609508493,0.74232,102.188792740023,82.3565996299302,80.592594766681,92.2887948682954,109.199783366923,118.323988868595,100.965080985003,81.2553357988561,80.4786516349405
2000-05-01,2000,"Q2","1999/00","Q4","May",103.323093630219,86.2747831812331,14.4621487866667,9.57362291666667,4.88852587,61.33075,12.709535,48.621215,10.4818843945664,71.8126343945664,15.4984640445329,2.5979908,1.7198125,0.8781783,12.9004732445329,2.28315,10.6173232445329,10.899,1.54984640445329,0.25979908,0.17198125,0.08781783,1.29004732445329,0.228315,1.06173232445329,1.0899,99.9197135150822,129.781127435014,129.885407863409,112.187798553296,127.787337789492,113.904844766863,101.436138070659,163.149130755811,160.839256954128
2000-06-01,2000,"Q2","1999/00","Q4","June",92.5452847622007,77.2753127764375,23.0111493851167,9.57362291666667,13.43752646845,44.44371,11.201525,33.242185,9.82045339132088,54.2641633913209,13.8817927143301,4.1337394105,1.7198125,2.4139269105,9.7480533038301,2.01225,7.7358033038301,7.9413,1.38817927143301,0.41337394105,0.17198125,0.24139269105,0.97480533038301,0.201225,0.77358033038301,0.79413,100.602203299306,88.7309839481246,88.1998415920743,121.523133615395,112.625132149402,92.677936125187,103.188182476823,144.743532043515,140.271423111872
2000-07-01,2000,"Q3","2000/01","Q1","July",83.2851405546379,69.5430923631227,10.2538285073175,6.41614,3.8376885073175,52.433825,10.58279,41.851035,6.85543885580518,59.2892638558052,12.4927710831957,1.842005121075,1.1526,0.689405121075,10.6507659621207,1.9011,8.74966596212069,9.41925,1.24927710831957,0.1842005121075,0.11526,0.0689405121075,1.06507659621207,0.19011,0.874966596212069,0.941925,101.318903350697,95.3915911106082,94.1498456417628,116.732632728265,106.404094287105,91.151969933546,103.831840481913,97.1869858176236,93.600368987539
2000-08-01,2000,"Q3","2000/01","Q1","August",98.745499385781,82.4524919871272,10.9974736623175,7.83397,3.1635036623175,64.28164,11.243275,53.038365,7.17337832480967,71.4550183248097,14.8118249078672,1.975594071075,1.4073,0.568294071075,12.8362308367922,2.01975,10.8164808367922,11.5476,1.48118249078672,0.1975594071075,0.14073,0.0568294071075,1.28362308367922,0.201975,1.08164808367922,1.15476,100.280586421837,117.92465240455,117.594697650143,122.382967107957,113.044905284509,92.3698027232742,103.883990358282,117.129095571514,112.749900314333
2000-09-01,2000,"Q3","2000/01","Q1","September",94.2560121812779,78.703770171367,10.155432825,6.9806,3.174832825,62.592435,11.69668,50.895755,5.95590234636702,68.548337346367,14.1384018271917,1.82432925,1.254,0.57032925,12.3140725771917,2.1012,10.2128725771917,11.24415,1.41384018271917,0.182432925,0.1254,0.057032925,1.23140725771917,0.21012,1.02128725771917,1.124415,101.156429810464,111.343926632839,110.071032401463,133.56080251126,117.603641531779,88.0525119051038,106.43939212146,112.364462910274,105.566614643996
2000-10-01,2000,"Q4","2000/01","Q2","October",88.5623070407806,73.9495263790518,6.9919026105175,5.440025,1.5518776105175,62.812875,11.61485,51.198025,4.14474876853431,66.9576237685343,13.2843460561171,1.256030409075,0.97725,0.278780409075,12.0283156470421,2.0865,9.94181564704209,11.28375,1.32843460561171,0.1256030409075,0.097725,0.0278780409075,1.20283156470421,0.20865,0.994181564704209,1.128375,100.081985224831,108.388779320877,108.299989331131,126.641190118739,116.780886186968,92.2139835210599,104.411995861362,109.756964556023,105.119113613879
2000-11-01,2000,"Q4","2000/01","Q2","November",100.477712488398,83.8988899278119,9.5667996923175,8.67064,0.8961596923175,68.489205,12.418955,56.07025,5.84288523549443,74.3320902354944,15.0716568732596,1.718586771075,1.5576,0.160986771075,13.3530701021846,2.23095,11.1221201021846,12.30345,1.50716568732596,0.1718586771075,0.15576,0.0160986771075,1.33530701021846,0.223095,1.11221201021846,1.230345,100.206312803445,121.256827136464,121.007173843738,133.151357990992,124.865716769143,93.7772762164318,105.577422241882,121.845193036648,115.408380361376
2000-12-01,2000,"Q4","2000/01","Q2","December",78.1832980803915,65.2830538971269,11.6545151223175,7.39476,4.2597551223175,50.244455,11.168125,39.07633,3.38408377480938,53.6285387748094,11.7274947120587,2.093625471075,1.3284,0.765225471075,9.63386924098372,2.00625,7.62761924098372,9.02595,1.17274947120587,0.2093625471075,0.13284,0.0765225471075,0.963386924098372,0.200625,0.762761924098372,0.902595,99.5545012529048,83.1586873068436,83.5308160457659,103.507574723625,112.289313641315,108.48415098232,100.198980266625,87.9079229251884,87.7333508697092
2001-01-01,2001,"Q1","2000/01","Q3","January",92.765188723575,77.4589325841851,9.6751252276175,6.77352,2.9016052276175,56.90358,12.126705,44.776875,10.8802273565676,67.7838073565676,13.9147783085362,1.738046448075,1.2168,0.521246448075,12.1767318604612,2.17845,9.99828186046125,10.2222,1.39147783085362,0.1738046448075,0.12168,0.0521246448075,1.21767318604612,0.217845,0.999828186046125,1.02222,101.737701606579,109.004391615719,107.142573396478,104.981574996588,121.927304823389,116.141622782237,102.266558036521,111.111245035002,108.648660097979
2001-02-01,2001,"Q1","2000/01","Q3","February",88.3808565335237,73.7980152054923,10.4059080593175,8.222245,2.1836630593175,55.27533,12.32126,42.95407,8.1167771461748,63.3921071461748,13.2571284800286,1.869324801075,1.47705,0.392274801075,11.3878036789536,2.2134,9.17440367895356,9.9297,1.32571284800286,0.1869324801075,0.147705,0.0392274801075,1.13878036789536,0.22134,0.917440367895356,0.99297,101.811369733517,100.022214358259,98.2426762551753,112.228743005323,123.883447632991,110.384776943563,103.50973899012,103.912368234967,100.388977161739
2001-03-01,2001,"Q1","2000/01","Q3","March",105.523281855818,88.1119403496084,10.1093458103675,7.684505,2.4248408103675,74.18474,11.994775,62.189965,3.81785453924092,78.0025945392409,15.8284922783728,1.816050145575,1.38045,0.435600145575,14.0124421327978,2.15475,11.8576921327978,13.3266,1.58284922783728,0.1816050145575,0.138045,0.0435600145575,1.40124421327978,0.215475,1.18576921327978,1.33266,99.905888126876,129.276263156127,129.398042077312,99.9044629452709,120.600821716448,120.716150371095,99.9056557761135,127.861885208426,127.982629426868
2001-04-01,2001,"Q2","2000/01","Q4","April",103.298377247662,86.2541450017975,12.6759841493175,8.36002,4.3159641493175,67.58657,10.254635,57.331935,5.99159085248004,73.57816085248,15.4947565871493,2.277122901075,1.5018,0.775322901075,13.2176336860743,1.84215,11.3754836860743,12.1413,1.54947565871493,0.2277122901075,0.15018,0.0775322901075,1.32176336860743,0.184215,1.13754836860743,1.21413,100.503810937984,124.01907606132,123.397386530791,104.613074928347,103.104677445158,98.5581176308775,101.173754065336,120.6093516804,119.210118073224
2001-05-01,2001,"Q2","2000/01","Q4","May",100.774146271814,84.1464121369646,9.3471581276675,7.791385,1.5557731276675,66.17876,10.27718,55.90158,8.62049400929712,74.7992540092971,15.1161219407721,1.679130202575,1.39965,0.279480202575,13.4369917381971,1.8462,11.5907917381971,11.8884,1.51161219407721,0.1679130202575,0.139965,0.0279480202575,1.34369917381971,0.18462,1.15907917381971,1.18884,98.2704557088467,126.366431692934,128.590460664321,116.486966016105,103.331354938117,88.706366447754,101.240336912218,122.610968087751,121.108810803408
2001-06-01,2001,"Q2","2000/01","Q4","June",93.0564118182414,77.7021038682315,10.0932556359175,8.03437,2.0588856359175,56.71821,10.43082,46.28739,10.8906382323141,67.608848232314,13.9584617727362,1.813159695075,1.4433,0.369859695075,12.1453020776612,1.8738,10.2715020776612,10.1889,1.39584617727362,0.1813159695075,0.14433,0.0369859695075,1.21453020776612,0.18738,1.02715020776612,1.01889,97.3283110059761,111.983123758766,115.057091406723,113.498021018152,104.876120075313,92.4034790514452,99.9644974664526,110.824451966212,110.863811428057
2001-07-01,2001,"Q3","2001/02","Q1","July",103.459388241748,86.3885891818597,8.00272142085,7.534205,0.46851642085,67.545655,11.583955,55.9617,10.8402127610097,78.3858677610097,15.5189082362622,1.4376146265,1.35345,0.0841646265,14.0812936097622,2.08095,12.0003436097622,12.13395,1.55189082362622,0.14376146265,0.135345,0.00841646265,1.40812936097622,0.208095,1.20003436097622,1.213395,97.1073066251613,130.831494112466,134.728784742719,100.477685273645,116.470254066988,115.916537836026,97.6567875096746,128.490146831962,131.573186164078
2001-08-01,2001,"Q3","2001/02","Q1","August",101.284932113549,84.572918314813,11.20127571075,8.763325,2.43795071075,61.375005,11.722565,49.65244,11.996637604063,73.371642604063,15.1927398170323,2.0122052175,1.57425,0.4379552175,13.1805345995323,2.10585,11.0746845995323,11.02545,1.51927398170323,0.20122052175,0.157425,0.04379552175,1.31805345995323,0.210585,1.10746845995323,1.102545,95.8751315156872,120.739670470972,125.934294495561,105.104408352668,117.863900875546,112.139826219338,97.3798025715885,120.270826882237,123.506952885657
2001-09-01,2001,"Q3","2001/02","Q1","September",90.6324043724627,75.6780576510063,11.743651422,9.568265,2.175386422,53.342305,11.57644,41.765865,10.5921012290063,63.9344062290063,13.5948606558694,2.10963798,1.71885,0.39078798,11.4852226758694,2.0796,9.4056226758694,9.58245,1.35948606558694,0.210963798,0.171885,0.039078798,1.14852226758694,0.20796,0.94056226758694,0.958245,96.281719027241,102.543036079487,106.503121377044,104.57213047632,116.394694902669,111.305655122925,97.633324615553,104.801305115686,107.341735548142
2001-10-01,2001,"Q4","2001/02","Q2","October",102.221340890996,85.3548196439812,10.1544690986167,8.62193166666667,1.53253743195,67.8305314991,12.552555,55.2779764991,7.36981904626458,75.2003505453646,15.3332011336493,1.8241561255,1.54885,0.2753061255,13.5090450081493,2.25495,11.2540950081493,12.1617,1.53332011336493,0.18241561255,0.154885,0.02753061255,1.35090450081493,0.225495,1.12540950081493,1.21617,93.5336960619593,122.69565878114,131.178028824888,83.8542377507848,126.208990801487,150.509973242594,91.9556308446208,123.268445695452,134.052090734652
2001-11-01,2001,"Q4","2001/02","Q2","November",99.9580304767737,83.464955448106,11.93038882635,11.02701,0.90337882635,62.62881201715,9.80123,52.82758201715,8.90575460460603,71.534566621756,14.9937045715161,2.1431836215,1.9809,0.1622836215,12.8505209500161,1.7607,11.0898209500161,11.208,1.49937045715161,0.21431836215,0.19809,0.01622836215,1.28505209500161,0.17607,1.10898209500161,1.1208,91.8260083303851,120.904691691497,131.66715388138,77.5487921386652,98.5459411978886,127.076049130047,89.4983596595329,117.259491172747,131.018592540492
2001-12-01,2001,"Q4","2001/02","Q2","December",86.8404486779221,72.5117746460649,9.9067022234,9.097325,0.8093772234,51.9220936635,8.684835,43.2372586635,10.682978759165,62.6050724226649,13.0260673016883,1.779647106,1.63425,0.145397106,11.2464201956883,1.56015,9.68627019568832,9.3204,1.30260673016883,0.1779647106,0.163425,0.0145397106,1.12464201956883,0.156015,0.968627019568832,0.93204,91.4203290560128,105.602742995462,115.513413795262,76.1566807697557,87.3212075651081,114.659944055474,88.9318600037288,102.622260590896,115.39425869041
2002-01-01,2002,"Q1","2001/02","Q3","January",117.185304800808,97.8497295086745,15.91923325,10.930985,4.98824825,71.64593044085,8.34833,63.29760044085,10.2845658178245,81.9304962586745,17.5777957201212,2.8597425,1.96365,0.8960925,14.7180532201212,1.4997,13.2183532201212,12.84495,1.75777957201212,0.28597425,0.196365,0.08960925,1.47180532201212,0.14997,1.32183532201212,1.284495,94.0257587838099,144.11061530671,153.267165477557,79.8007370001365,83.9378360961399,105.18428682682,91.706619492019,134.300503330385,146.445811735622
2002-02-01,2002,"Q1","2001/02","Q3","February",100.943409419808,84.2877468655398,9.9055588412,9.21506,0.6904988412,67.4596189213,7.64192,59.8176989213,6.92256910303983,74.3821880243398,15.1415114129712,1.779441708,1.6554,0.124041708,13.3620697049712,1.3728,11.9892697049712,12.0828,1.51415114129712,0.1779441708,0.16554,0.0124041708,1.33620697049712,0.13728,1.19892697049712,1.20828,92.54159831411,130.710762943711,141.245413224921,83.0762931622765,76.8352746501173,92.4876059407605,90.9984469980535,121.927313352829,133.988345268615
2002-03-01,2002,"Q1","2001/02","Q3","March",96.672479704668,80.7215205533978,10.31486142075,8.270675,2.04418642075,60.97600518485,9.862185,51.11382018485,9.4306539477978,70.4066591326478,14.5008719557002,1.8529691175,1.48575,0.3672191175,12.6479028382002,1.77165,10.8762528382002,10.8516,1.45008719557002,0.18529691175,0.148575,0.03672191175,1.26479028382002,0.177165,1.08762528382002,1.08516,92.7423187312061,118.648445370545,127.933447204854,96.9974068513717,99.1588099751459,102.228310213577,93.4360359148828,115.471003541947,123.582943573439
2002-04-01,2002,"Q2","2001/02","Q4","April",95.359953084298,79.6255608253888,9.1172628127,8.180495,0.9367678127,58.752078785,10.226245,48.525833785,11.7562192276888,70.5082980126888,14.3039929626447,1.637831643,1.46955,0.168281643,12.6661613196447,1.83705,10.8291113196447,10.4754,1.43039929626447,0.1637831643,0.146955,0.0168281643,1.26661613196447,0.183705,1.08291113196447,1.04754,94.7143034825766,118.062425383616,124.651104471601,105.022519448615,102.819231713285,97.9020806709864,96.3948765627911,115.577291096242,119.899827892778
2002-05-01,2002,"Q2","2001/02","Q4","May",109.771146989715,91.6589077364118,15.2810441528,9.112355,6.1686891528,68.968946735,10.92514,58.043806735,7.40891684861178,76.3778635836118,16.4656720484572,2.745097752,1.63695,1.108147752,13.7205742964572,1.9626,11.7579742964572,12.02475,1.64656720484572,0.2745097752,0.163695,0.1108147752,1.37205742964572,0.19626,1.17579742964572,1.202475,95.2139348476058,128.189108159375,134.632717747194,104.121741504026,109.846233994988,105.497883927288,96.6661958518238,125.198625554432,129.516450348728
2002-06-01,2002,"Q2","2001/02","Q4","June",98.3846503659474,82.1511830555661,11.97536793,10.51432,1.46104793,61.120117075,10.3039,50.816217075,9.05569805056607,70.1758151255661,14.7576975548921,2.1512637,1.8888,0.2624637,12.6064338548921,1.851,10.7554338548921,10.7943,1.47576975548921,0.21512637,0.18888,0.02624637,1.26064338548921,0.1851,1.07554338548921,1.07943,95.475305325373,117.259099141013,122.816155173741,98.7989627405487,103.600009744586,104.859410332723,96.0171691355805,115.032225158599,119.803808208684
2002-07-01,2002,"Q3","2002/03","Q1","July",106.134475815205,88.6222873056962,11.878107965,6.819445,5.058662965,67.724345,11.069595,56.65475,9.01983434069622,88.9605959882573,15.9201713722808,2.13379185,1.22505,0.90874185,13.7863795222808,1.98855,11.7978295222808,12.16605,1.59201713722808,0.213379185,0.122505,0.090874185,1.37863795222808,0.198855,1.17978295222808,1.216605,79.206646203877,56.783832030411,71.6907415625832,48.408760038196,63.2281809040433,130.613097410787,75.1575949071141,66.8050061952565,88.8865673227299
2002-08-01,2002,"Q3","2002/03","Q1","August",92.9179419197055,77.586481502954,8.5505012521,6.98895,1.5615512521,63.85543262,10.95687,52.89856262,5.18054763085407,79.6584702983617,13.9376912879558,1.536018189,1.2555,0.280518189,12.4016730989558,1.9683,10.4333730989558,11.3457,1.39376912879558,0.1536018189,0.12555,0.0280518189,1.24016730989558,0.19683,1.04333730989558,1.13457,79.206646203877,50.2166016590469,63.3994797984375,50.0242638656251,62.5843094080754,125.107906787372,75.3699879860477,59.8195700317605,79.3678911595875
2002-09-01,2002,"Q3","2002/03","Q1","September",102.078081845393,85.2351983409035,8.69186069,7.67365,1.01821069,69.47732834375,10.880885,58.59644334375,7.06600930715348,88.9362971307021,15.311712276809,1.5614121,1.3785,0.1829121,13.750300176809,1.95465,11.795650176809,12.4785,1.5311712276809,0.15614121,0.13785,0.01829121,1.3750300176809,0.195465,1.1795650176809,1.24785,81.206847370661,56.7733426783679,69.9120142162782,53.2364865922575,62.1502923256082,116.743790403793,77.5295357210412,66.7867589554367,86.1436333060756
2002-10-01,2002,"Q4","2002/03","Q2","October",113.212555503955,94.5324838458023,10.10134403,8.977085,1.12425903,78.64708855,10.645415,68.00167355,5.78405126580234,97.6790952549728,16.9818833255932,1.8146127,1.61265,0.2019627,15.1672706255932,1.91235,13.2549206255932,13.8591,1.69818833255932,0.18146127,0.161265,0.02019627,1.51672706255932,0.191235,1.32549206255932,1.38591,81.4068474873277,63.7969200147089,78.368002181438,51.7524772624098,60.8053163118087,117.492571425126,77.5081362066915,73.3521677902974,94.6380230259811
2002-11-01,2002,"Q4","2002/03","Q2","November",112.018207333562,93.5352031235239,15.7280457382,11.3727,4.3553457382,75.158394255,11.108005,64.050389255,2.64876313032388,89.6534833411197,16.8027311000342,2.825397438,2.043,0.782397438,13.9773336620342,1.99545,11.9818836620342,13.4931,1.68027311000342,0.2825397438,0.2043,0.0782397438,1.39773336620342,0.199545,1.19818836620342,1.34931,80.7067470789358,57.6696983108591,71.4558576551906,46.0230741535042,63.4475741545212,137.860356617856,76.1468246842712,67.3253303161369,88.4151513806242
2002-12-01,2002,"Q4","2002/03","Q2","December",101.735100220598,84.9488086841992,9.52818016535,7.80892,1.71926016535,71.52677485535,9.940675,61.58609985535,3.89385366349923,83.8585587197957,15.2602650330897,1.7116491315,1.4028,0.3088491315,13.5486159015897,1.78575,11.7628659015897,12.8178,1.52602650330897,0.17116491315,0.14028,0.03088491315,1.35486159015897,0.178575,1.17628659015897,1.28178,80.3067468456023,56.6155495204165,70.4991196185116,53.574615300324,56.7799271073874,105.982892810514,76.7922273322709,62.973628633746,82.0052117530939
2003-01-01,2003,"Q1","2002/03","Q3","January",118.469854483149,98.922328493429,12.2926035682,9.32361,2.9689935682,85.26618242255,11.94551,73.32067242255,1.36354250267902,103.754026498255,17.7704781724723,2.208252138,1.6749,0.533352138,15.5622260344723,2.1459,13.4163260344723,15.0789,1.77704781724723,0.2208252138,0.16749,0.0533352138,1.55622260344723,0.21459,1.34163260344723,1.50789,81.3068474289943,64.5737762668931,79.4198499988401,58.7780404189039,68.2313008986379,116.082979991102,78.3449462534397,77.914140592242,99.4501168463323
2003-02-01,2003,"Q1","2002/03","Q3","February",114.084783985999,95.260794628309,17.28580254155,5.16364,12.12216254155,71.30665699,11.35934,59.94731699,6.668335096759,89.2354629193615,17.1127175978998,3.1052339895,0.9276,2.1776339895,14.0074836083998,2.0406,11.9668836083998,12.79275,1.71127175978998,0.31052339895,0.09276,0.21776339895,1.40074836083998,0.20406,1.19668836083998,1.279275,81.6068476039945,57.5975019357195,70.5792511618844,61.332790657629,64.8831691196051,105.788711754198,78.9413823143408,67.0114176612691,84.8875655539357
2003-03-01,2003,"Q1","2002/03","Q3","March",107.0364060713,89.3753990695358,9.138426205,8.86603,0.272396205,75.84612317575,11.632385,64.21373817575,4.39084968878585,94.518789010332,16.0554609106951,1.64163345,1.5927,0.04893345,14.4138274606951,2.08965,12.3241774606951,13.5456,1.60554609106951,0.164163345,0.15927,0.004893345,1.44138274606951,0.208965,1.23241774606951,1.35456,80.1067467289356,59.3171838531362,74.0476754771394,56.9934722374415,66.4427689653939,116.579612290659,77.0680046039482,70.9789341590838,92.0990942010812
2003-04-01,2003,"Q2","2002/03","Q4","April",106.935890832121,89.2914688448211,9.3372998417,8.985435,0.3518648417,78.90836986125,11.308405,67.59996486125,1.04579914187108,92.4961578131199,16.0403836248182,1.677359253,1.61415,0.063209253,14.3630243718182,2.03145,12.3315743718182,14.1417,1.60403836248182,0.1677359253,0.161415,0.0063209253,1.43630243718182,0.203145,1.23315743718182,1.41417,79.6066464372104,59.3527857371916,74.5575757722767,46.999890421252,64.5922345917974,137.430606779863,75.3197798964551,69.4600382011665,92.2201821309831
2003-05-01,2003,"Q2","2002/03","Q4","May",116.05359816151,96.9047544648606,11.45600670585,9.970735,1.48527170585,84.1550670524,12.75379,71.4012770524,1.29368070661062,98.6683603036594,17.4080397242265,2.0579652765,1.79115,0.2668152765,15.3500744477265,2.2911,13.0589744477265,14.7612,1.74080397242265,0.20579652765,0.179115,0.02668152765,1.53500744477265,0.22911,1.30589744477265,1.47612,79.9067466122689,62.8538164692665,78.6589607686717,48.4838997510997,72.8480979956519,150.252142194893,75.7755306532665,74.0950568972339,97.7823002471311
2003-06-01,2003,"Q2","2002/03","Q4","June",121.56304143275,101.505139596346,15.99708364,13.412605,2.58447864,85.03884846215,10.805735,74.23311346215,0.469207494196441,101.118969457956,18.2344562149125,2.8737276,2.40945,0.4642776,15.3607286149125,1.94115,13.4195786149125,14.58915,1.82344562149125,0.28737276,0.240945,0.04642776,1.53607286149125,0.194115,1.34195786149125,1.458915,79.1066461455436,64.5894311787594,81.6485520823689,51.7524772624098,61.7210446616296,119.262010103738,75.5103463088507,75.9353431263925,100.562832563108
2003-07-01,2003,"Q3","2003/04","Q1","July",123.155146838108,102.83454760982,10.7550433023,10.32561,0.4294333023,88.88745040235,11.333455,77.55399540235,3.19205390517005,92.07950430752,18.4732720257162,1.932043707,1.8549,0.077143707,16.5412283187162,2.03595,14.5052783187162,15.8682,1.84732720257162,0.1932043707,0.18549,0.0077143707,1.65412283187162,0.203595,1.45052783187162,1.58682,78.5065457954851,69.8149847011106,88.9288708268778,53.349196161613,64.7353171464569,121.342628950493,75.1990655804417,69.1471520327044,91.952142621688
2003-08-01,2003,"Q3","2003/04","Q1","August",118.948347646132,99.3218702845201,11.975881455,9.733595,2.242286455,84.2434618391,10.9051,73.3383618391,3.10252699042005,87.3459888295201,17.8422521469198,2.15135595,1.74855,0.40280595,15.6908961969198,1.959,13.7318961969198,15.0738,1.78422521469198,0.215135595,0.174855,0.040280595,1.56908961969198,0.1959,1.37318961969198,1.50738,79.7066464955438,66.0926389580675,82.9198590882412,56.0354408979196,62.2886054617791,111.159302869145,76.5945522042218,65.5925161029399,85.6360070205156
2003-09-01,2003,"Q3","2003/04","Q1","September",124.30060829067,103.791007922709,12.505338255,12.235255,0.270083255,88.01048139855,11.034525,76.97595639855,3.2751882691595,91.2856696677095,18.6450912436005,2.24646795,2.19795,0.04851795,16.3986232936005,1.98225,14.4163732936005,15.7995,1.86450912436005,0.224646795,0.219795,0.004851795,1.63986232936005,0.198225,1.44163732936005,1.57995,81.9068477789945,69.3870781948084,84.7146240837303,50.9071554922434,63.0278653275199,123.809442342783,77.8312646828796,68.5510214937684,88.0764584426024
2003-10-01,2003,"Q4","2003/04","Q2","October",128.089697662166,106.954897547909,15.11851962755,11.73843,3.38008962755,91.09872014775,11.692505,79.40621514775,0.737657772608537,91.8363779203585,19.2134546493249,2.7159017295,2.1087,0.6072017295,16.4975529198249,2.10045,14.3971029198249,16.2744,1.92134546493249,0.27159017295,0.21087,0.06072017295,1.64975529198249,0.210045,1.43971029198249,1.62744,85.307149762504,69.2943284508346,81.2292154218618,55.5846026204975,66.7861670965767,120.152279494661,81.3994751448043,68.9645761448057,84.7236128023213
2003-11-01,2003,"Q4","2003/04","Q2","November",132.283574835604,110.456784987729,19.28643386765,15.974385,3.31204886765,90.33936865945,10.206205,80.13316365945,0.830982460628952,91.1703511200789,19.8425362253405,3.4646288385,2.86965,0.5949788385,16.3779073868405,1.83345,14.5444573868405,15.65715,1.98425362253405,0.34646288385,0.286965,0.05949788385,1.63779073868405,0.183345,1.45444573868405,1.565715,86.9072506958963,70.0035564735099,80.549730791122,54.044238505972,58.2966021867784,107.868301595806,82.5866937132737,68.4644229699691,82.9000652425503
2003-12-01,2003,"Q4","2003/04","Q2","December",123.176676523461,102.85252489709,20.0484781057,12.84731,7.2011681057,81.8679326806,11.759305,70.1086276806,0.936114110790236,82.8040467913902,18.4765014785192,3.601523013,2.3079,1.293623013,14.8749784655192,2.11245,12.7625284655192,14.1369,1.84765014785192,0.3601523013,0.23079,0.1293623013,1.48749784655192,0.211245,1.27625284655192,1.41369,88.107351395955,61.4269998816936,69.7183593746228,56.1293655390492,67.1677205756688,119.665918063763,83.9031503541947,62.1817423482787,74.1113320367356
2004-01-01,2004,"Q1","2003/04","Q3","January",125.033851535624,104.403266032246,10.2222727046,7.9492,2.2730727046,93.1264468481,11.42781,81.6986368481,1.05454647954583,94.1809933276458,18.7550777303436,1.836336414,1.428,0.408336414,16.9187413163436,2.0529,14.8658413163436,15.97875,1.87550777303436,0.1836336414,0.1428,0.0408336414,1.69187413163436,0.20529,1.48658413163436,1.597875,91.9077536128563,71.5504012584518,77.8502340072896,58.5714062084188,65.2742614356744,111.443903537853,87.5249664319072,70.7252663140802,80.8058194105143
2004-02-01,2004,"Q1","2003/04","Q3","February",114.250347742077,95.399040364634,12.4410968401594,5.46592960065936,6.9751672395,81.7699812187,10.622035,71.1479462187,1.1879623057746,82.9579435244746,17.1375521613115,2.23492757607653,0.981903521076532,1.253024055,14.902624585235,1.90815,12.994474585235,14.6436,1.71375521613115,0.223492757607653,0.0981903521076532,0.1253024055,1.4902624585235,0.190815,1.2994474585235,1.46436,94.7079552463072,62.5433738280345,66.0381418492013,57.9890734334152,60.6717725941265,104.626214908903,89.8804604234369,62.2973111806693,69.31129512152
2004-03-01,2004,"Q1","2003/04","Q3","March",129.65578774694,108.262582768695,9.94835717502469,9.38506476387469,0.56329241115,96.9759683738,13.420955,83.5550133738,1.33825721987057,98.3142255936706,19.4483681620411,1.78713003144156,1.68593977794156,0.1011902535,17.6612381305995,2.41095,15.2502881305995,17.22105,1.94483681620411,0.178713003144156,0.168593977794156,0.01011902535,1.76612381305995,0.241095,1.52502881305995,1.722105,97.1081566464247,73.4007724037636,75.5866190221478,63.4930574036098,76.6588633680838,120.735819793308,92.6887214797475,73.8291192511116,79.6527539407729
2004-04-01,2004,"Q2","2003/04","Q4","April",121.491843124809,101.445689009216,10.2833146028273,9.51145996647726,0.77185463635,89.6548077287,12.899915,76.7548927287,1.50756667768844,91.1623744063885,18.2237764687214,1.84730202445999,1.70864550295999,0.1386565215,16.3764744442614,2.31735,14.0591244442614,16.08825,1.82237764687214,0.184730202445999,0.170864550295999,0.01386565215,1.63764744442614,0.231735,1.40591244442614,1.608825,97.1081566464247,67.6676128799708,69.6827282247275,62.6665205616693,73.6827462311658,117.579124500227,92.5800552533163,68.4584328526414,73.9451198914565
2004-05-01,2004,"Q2","2003/04","Q4","May",136.692128986867,114.137927704034,14.1423605322324,6.54644135858238,7.59591917365,98.2972708697676,12.16261,86.1346608697676,1.69829630203405,99.9955671718017,20.5038193480301,2.54054380818546,1.17600742968546,1.3645363785,17.9632755398446,2.1849,15.7783755398446,17.6494425703145,2.05038193480301,0.254054380818546,0.117600742968546,0.13645363785,1.79632755398446,0.21849,1.57783755398446,1.76494425703145,96.7081564130912,75.9424964291293,78.5274988644588,71.2324478326889,69.4713497056871,97.5276742824587,93.3588209973906,75.0917235906578,80.4334531953404
2004-06-01,2004,"Q2","2003/04","Q4","June",143.599157945635,119.905296884605,14.0946383488648,10.1898051706648,3.9048331782,103.897502472935,11.697515,92.1999874729352,1.91315606280507,105.81065853574,21.5398736918452,2.53197096087392,1.83050392287392,0.701467038,19.0079027309713,2.10135,16.9065527309713,18.6515460771261,2.15398736918452,0.253197096087392,0.183050392287392,0.0701467038,1.90079027309713,0.210135,1.69065527309713,1.86515460771261,95.908055946366,81.3724972611038,84.8442776346225,66.1041624270127,66.8147836075086,101.075002169917,91.9896865799127,79.4585694989876,86.377693471062
2004-07-01,2004,"Q3","2004/05","Q1","July",151.628437604944,126.609745400128,13.0821824962881,9.85387567008811,3.2283068262,111.372364122412,10.55941,100.812954122412,2.15519878142819,113.52756290384,22.7442656407416,2.35009266400385,1.77015730600385,0.579935358,20.3941729767377,1.8969,18.4972729767377,19.8544426939961,2.27442656407416,0.235009266400385,0.177015730600385,0.0579935358,2.03941729767377,0.18969,1.84972729767377,1.98544426939961,95.3079555963075,89.0287522588887,93.4116692587391,72.0777696028553,60.3140662074777,83.6791517548406,92.253842914196,85.2535828798237,92.4119583388162
2004-08-01,2004,"Q3","2004/05","Q1","August",158.295740256085,132.176943113831,12.2369013348328,9.28890738203276,2.9479939528,117.512178272317,12.64357,104.868608272317,2.42786350668081,119.940041778998,23.7443610384127,2.19824574877235,1.66866599677235,0.529579752,21.5461152896404,2.2713,19.2748152896404,21.0894840032276,2.37443610384127,0.219824574877235,0.166866599677235,0.0529579752,2.15461152896404,0.22713,1.92748152896404,2.10894840032276,93.2078543712484,92.7711213115197,99.5314417838767,80.8315461561341,72.21853475515,89.344492576763,91.5807197504514,90.069037252886,98.3493441614299
2004-09-01,2004,"Q3","2004/05","Q1","September",156.435963727245,130.62402971225,12.066779141164,11.676276903914,0.39050223725,115.822226192886,12.25112,103.571106192886,2.73502437819972,118.557250571086,23.4653945590868,2.16768487565821,2.09753477315821,0.0701501025,21.2977096834286,2.2008,19.0969096834286,20.7858652268418,2.34653945590868,0.216768487565821,0.209753477315821,0.00701501025,2.12977096834286,0.22008,1.90969096834286,2.07858652268418,92.5077539628565,91.9148483808657,99.3590747190459,81.4890186440413,69.9769080654841,85.8728074406637,91.0591017959084,89.0306294703716,97.7723563207517
2004-10-01,2004,"Q4","2004/05","Q2","October",152.380632916229,127.237828485051,14.9345344655414,11.2021497792414,3.7323846863,109.222248347559,12.896575,96.3256733475586,3.08104567195103,112.30329401951,22.8570949374343,2.68285050279186,2.01236223579186,0.670488267,20.1742444346425,2.31675,17.8574944346425,19.5037877642081,2.28570949374343,0.268285050279186,0.201236223579186,0.0670488267,2.01742444346425,0.231675,1.78574944346425,1.95037877642081,92.0077536711897,85.9494504938995,93.4154427908969,93.4925877804042,73.6636685572112,78.7909184097382,92.202967376541,84.334217519309,91.4658388106996
2004-11-01,2004,"Q4","2004/05","Q2","November",156.259243943379,130.476468692721,19.60317717477,15.24458154977,4.358595625,107.40244770818,11.894575,95.50787270818,3.47084380977132,110.873291517951,23.4388865915068,3.52152883379101,2.73854758379102,0.78298125,19.9173577577158,2.13675,17.7806077577158,18.446852416209,2.34388865915068,0.352152883379102,0.273854758379102,0.078298125,1.99173577577158,0.213675,1.77806077577158,1.8446852416209,92.4077539045231,85.579389192392,92.6106149932112,80.8691160125859,67.9403663708302,84.0127476603757,90.8907492481682,83.2603563910804,91.6048740711183
2004-12-01,2004,"Q4","2004/05","Q2","December",162.965305539867,136.076030125789,15.4997893800684,12.2603696474184,3.23941973265,116.666283531682,13.52867,103.137613531682,3.9099572140388,120.57624074572,24.44479583098,2.78439330180869,2.20246161330869,0.5819316885,21.6604025291713,2.4303,19.2301025291713,20.3903883866913,2.444479583098,0.278439330180869,0.220246161330869,0.05819316885,2.16604025291713,0.24303,1.92301025291713,2.03903883866913,92.7077540795232,92.5559154657923,99.83621800006,74.4822404157731,77.2741183531198,103.748380717017,90.3116143140412,90.5467912004755,100.260406026645
2005-01-01,2005,"Q1","2004/05","Q3","January",165.57439624,138.2546208604,10.650242688113,7.58603399476296,3.06420869335,123.199544739587,12.572595,110.626949739587,4.4048334327,127.604378172287,24.836159436,1.91321724936161,1.36276059786161,0.5504566515,22.9229421866384,2.25855,20.6643921866384,22.1047394021384,2.4836159436,0.191321724936161,0.136276059786161,0.05504566515,2.29229421866384,0.225855,2.06643921866384,2.21047394021384,95.4080556546991,99.4592583932989,104.246185199772,83.1796621843741,71.8131341836147,86.3349673438627,93.8003676409185,95.8245746854791,102.157994787728
2005-02-01,2005,"Q1","2004/05","Q3","February",152.9868498,127.744019583,11.1158959329464,5.21621392889637,5.89968200405,112.438351957304,12.62353,99.8148219573036,4.18977169275,116.628123650054,22.94802747,1.99686753286462,0.937044418364618,1.0598231145,20.9511599371354,2.2677,18.6834599371354,20.1600055816354,2.294802747,0.199686753286462,0.0937044418364618,0.10598231145,2.09511599371354,0.22677,1.86834599371354,2.01600055816354,98.0082571714834,89.9248839639202,91.7523549128929,85.5841329972918,72.1040687114224,84.2493417719193,96.3748361039456,87.5819505976716,90.8763678759564
2005-03-01,2005,"Q1","2004/05","Q3","March",142.97108407,119.38085519845,11.7021107581307,8.95630004803068,2.7458107101,104.463563087669,14.56741,89.8961530876693,3.21518135265,107.678744440319,21.4456626105,2.10217558529294,1.60891617629294,0.493259409,19.3434870252071,2.6169,16.7265870252071,17.8642338237071,2.14456626105,0.210217558529294,0.160891617629294,0.0493259409,1.93434870252071,0.26169,1.67265870252071,1.78642338237071,102.109059563618,80.5063089178962,78.8434535211222,99.7103990231837,83.2072749530014,83.4489439097068,101.793703518742,80.8614095883812,79.4365533360252
2005-04-01,2005,"Q2","2004/05","Q4","April",164.47863144,137.3396572524,12.0805295964784,9.07692077762838,3.00360881885,121.557183988472,15.042525,106.514658988472,3.70194366745,125.259127655922,24.671794716,2.17015501733144,1.63058457083144,0.5395704465,22.5016396986686,2.70225,19.7993896986686,21.8252154291686,2.4671794716,0.217015501733144,0.163058457083144,0.05395704465,2.25016396986686,0.270225,1.97993896986686,2.18252154291686,99.5083580465422,95.2959370052415,95.7667666073533,97.4186377796215,85.9210740730436,88.1977781986775,99.2336189131118,94.0634075807094,94.7898591333958
2005-05-01,2005,"Q2","2004/05","Q4","May",166.50601988,139.0325265998,13.1912508074143,6.24736158241435,6.943889225,121.652570979136,13.65225,108.000320979136,4.18870481325,125.841275792386,24.975902982,2.36968577378701,1.12228052378701,1.24740525,22.606217208213,2.4525,20.153717208213,21.838219476213,2.4975902982,0.236968577378701,0.112228052378701,0.124740525,2.2606217208213,0.24525,2.0153717208213,2.1838219476213,98.9082576964837,97.0013416941063,98.0720355946122,91.426245675553,77.9799922894401,85.2927862379585,97.9245846511075,94.5005720289801,96.5034187948546
2005-06-01,2005,"Q2","2004/05","Q4","June",167.27040391,139.67078726485,11.6809092828582,9.72427520060821,1.95663408225,124.660353132142,15.356485,109.303868132142,3.32952484985,127.989877981992,25.0905605865,2.0983669370404,1.7468757845404,0.3514911525,22.9921936494596,2.75865,20.2335436494596,22.2792242154596,2.50905605865,0.20983669370404,0.17468757845404,0.03514911525,2.29921936494596,0.275865,2.02335436494596,2.22792242154596,99.6083581048756,97.3855523001989,97.7684545283476,74.9518636214211,87.7143754247763,117.027611038223,96.3667261816721,96.1140659696763,99.7378138471578
2005-07-01,2005,"Q3","2005/06","Q1","July",174.84462646,145.9952630941,19.0774141693014,12.5884943669014,6.4889198024,123.803385915099,17.281995,106.521390915099,3.1144630097,126.917848924799,26.226693969,3.42708038969486,2.26140617369486,1.165674216,22.7996135793051,3.10455,19.6950635793051,22.1134438263051,2.6226693969,0.342708038969486,0.226140617369486,0.1165674216,2.27996135793051,0.310455,1.96950635793051,2.21134438263051,99.4083579882088,94.7938076239744,95.3579855279556,108.163616724848,98.712654459605,91.2623462940551,100.5594269788,95.3090251871625,94.7788069707828
2005-08-01,2005,"Q3","2005/06","Q1","August",188.77622121,157.62814471035,15.7368172115202,11.8667377353202,3.8700794762,138.76138473308,19.35196,119.40942473308,3.12994276575,141.89132749883,28.3164331815,2.8269731517701,2.1317492937701,0.695223858,25.4894600297299,3.4764,22.0130600297299,24.9216507062299,2.83164331815,0.28269731517701,0.21317492937701,0.0695223858,2.54894600297299,0.34764,2.20130600297299,2.49216507062299,100.208058454701,105.950497152284,105.730515874808,120.392604999922,110.53604289297,91.8129837734155,102.861755657289,106.553366772225,103.588905411293
2005-09-01,2005,"Q3","2005/06","Q1","September",199.6094836,166.673918806,18.5245674961542,14.9166430501542,3.607924446,145.003929673146,21.95716,123.046769673146,3.1454216367,148.149351309846,29.94142254,3.3277666160756,2.6796364760756,0.64813014,26.6136559239244,3.9444,22.6692559239244,26.0380135239244,2.994142254,0.33277666160756,0.26796364760756,0.064813014,2.66136559239244,0.39444,2.26692559239244,2.60380135239244,100.108058396367,109.108816855464,108.991042882342,118.307477966845,125.416628577561,106.009045863279,102.50076752633,111.252833033896,108.538536558097
2005-10-01,2005,"Q4","2005/06","Q2","October",183.98298787,153.62579487145,7.52448616098083,2.82204957668083,4.7024365843,140.473739445619,20.15356,120.320179445619,5.62756926485,146.101308710469,27.5974481805,1.351704100775,0.506955013775,0.844749087,26.245744079725,3.6204,22.625344079725,24.854744986225,2.75974481805,0.1351704100775,0.0506955013775,0.0844749087,2.6245744079725,0.36204,2.2625344079725,2.4854744986225,100.908058863034,108.897465879384,107.917511352779,109.929399978084,115.114684642075,104.716922556681,102.094110163566,109.714854370201,107.464430802547
2005-11-01,2005,"Q4","2005/06","Q2","November",195.52590106,163.2641273851,12.362487344275,3.385845253325,8.97664209095,144.791658719325,23.714,121.077658719325,6.1099813215,150.901640040825,29.328885159,2.22080610975,0.60823567425,1.6125704355,27.10807904925,4.26,22.84807904925,25.98826432575,2.9328885159,0.222080610975,0.060823567425,0.16125704355,2.710807904925,0.426,2.284807904925,2.598826432575,101.108058979701,109.969505873937,108.764332916346,104.33149136676,135.451485077682,129.827996612763,101.531849204025,113.319665699321,111.609969273394
2005-12-01,2005,"Q4","2005/06","Q2","December",187.97289678,156.9573688113,3.94559137021,1.64442609261,2.3011652776,142.16636848489,23.815035,118.35133348489,10.8454089562,153.01177744109,28.195934517,0.7087888689,0.2954058849,0.413382984,27.4871456481,4.27815,23.2089956481,25.5306941151,2.8195934517,0.07087888689,0.02954058849,0.0413382984,2.74871456481,0.427815,2.32089956481,2.55306941151,104.709061080286,111.706624340294,106.682863152257,106.604467682096,136.028584714809,127.601204407734,104.958253460492,114.904274486296,109.476168569771
2006-01-01,2006,"Q1","2005/06","Q3","January",190.81167612,159.3277495602,9.998666909815,1.185272170215,8.8133947396,144.404382693285,24.259255,120.145127693285,4.9246999571,149.329082650385,28.621751418,1.79616770835,0.21292314435,1.583244564,26.82558370965,4.35795,22.46763370965,25.93162685565,2.8621751418,0.179616770835,0.021292314435,0.1583244564,2.682558370965,0.435795,2.246763370965,2.593162685565,108.40906323862,108.138394124119,99.7503261199617,119.415788732174,138.565915350771,116.036511437819,109.856136453095,112.138752902552,102.077823345291
2006-02-01,2006,"Q1","2005/06","Q3","February",197.020545293645,164.512155320194,3.19103907515253,2.63416532265895,0.556873752493575,156.373943064541,23.40839,132.965553064541,4.9471731805,161.321116245041,29.5530817940468,0.57324055242261,0.47320335137586,0.10003720104675,28.9798412416241,4.2051,24.7747412416241,27.9594466486241,2.95530817940468,0.057324055242261,0.047320335137586,0.010003720104675,2.89798412416241,0.42051,2.47747412416241,2.79594466486241,111.809065221955,119.242674477069,106.648485290846,112.559289929713,133.705877910836,118.787065904847,111.907698560278,121.144176817321,108.253657590919
2006-03-01,2006,"Q1","2005/06","Q3","March",212.18530774,177.1747319629,4.85733193201748,2.18382315381748,2.6735087782,167.347751372482,29.20162,138.146131372483,4.9696486584,172.317400030882,31.827796161,0.872574598566015,0.392303560566015,0.480271038,30.955221562434,5.2458,25.709421562434,29.871096439434,3.1827796161,0.0872574598566015,0.0392303560566015,0.0480271038,3.0955221562434,0.52458,2.5709421562434,2.9871096439434,112.609065688622,123.74136046323,109.885789129439,116.936178206352,166.796103385095,142.638579388798,113.177958646304,129.401841891135,114.334843496809
2006-04-01,2006,"Q2","2005/06","Q4","April",178.85804107,149.34646429345,2.0023128157,1.05099757455,0.95131524115,142.46009676555,28.157035,114.30306176555,4.8840547122,147.34415147775,26.8287061605,0.359696913,0.1888019595,0.1708949535,26.4690092475,5.05815,21.4108592475,25.5588480405,2.68287061605,0.0359696913,0.01888019595,0.01708949535,2.64690092475,0.505815,2.14108592475,2.55588480405,119.010069422541,103.0520599438,86.5910426267529,132.321034423381,160.829560855793,121.54496944242,120.760084985553,110.648167797855,91.6264408153512
2006-05-01,2006,"Q2","2005/06","Q4","May",201.03352855,167.86299633925,10.5228425026032,2.10246514550324,8.4203773571,152.541768521247,28.45012,124.091648521247,4.7983853154,157.340153836647,30.1550292825,1.8903309884916,0.3776883494916,1.512642639,28.2646982940084,5.1108,23.1538982940084,27.3859616505084,3.01550292825,0.18903309884916,0.03776883494916,0.1512642639,2.82646982940084,0.51108,2.31538982940084,2.73859616505084,129.011075256461,111.44143667216,86.3812943583535,131.851411217733,162.503626745309,123.247544523402,129.384499131897,118.154671009705,91.3205768870781
2006-06-01,2006,"Q2","2005/06","Q4","June",228.703694627297,206.597585013793,11.7829693348426,10.93345993015,0.84950940469261,174.76822931985,30.68124,144.08698931985,20.0463863591,194.81461567895,34.3055541940945,2.11670107811544,1.96409459823054,0.1526064798849,32.188853115979,5.5116,26.677253115979,31.388207796979,3.43055541940945,0.211670107811544,0.196409459823054,0.01526064798849,3.2188853115979,0.55116,2.6677253115979,3.1388207796979,125.510073214209,141.913681353328,113.069555071586,129.353015763686,175.247512946984,135.480036481826,126.015311509774,146.296137776288,116.093938128257
2006-07-01,2006,"Q3","2006/07","Q1","July",212.348063,177.310632605,1.755907041975,1.277130892625,0.47877614935,171.322762731425,31.25071,140.072052731425,4.2319628316,175.554725563025,31.85220945,0.31543240275,0.22942471125,0.0860076915,31.53677704725,5.6139,25.92287704725,30.77557528875,3.185220945,0.031543240275,0.022942471125,0.00860076915,3.153677704725,0.56139,2.592287704725,3.077557528875,127.611074439793,124.768737606871,97.7726566088402,138.820619589549,178.500256356244,128.583388320853,129.084812704834,131.832913196675,102.12891077909
2006-08-01,2006,"Q3","2006/07","Q1","August",240.37889577,200.71637796795,7.95778645363,4.32931232363,3.62847413,188.17409267637,35.6545,152.51959267637,4.58449883795,192.75859151432,36.0568343655,1.4295424767,0.7777207767,0.6518217,34.6272918888,6.405,28.2222918888,33.8037292233,3.60568343655,0.14295424767,0.07777207767,0.06518217,3.46272918888,0.6405,2.82222918888,3.38037292233,127.611074439793,135.835992467964,106.445301134151,138.275856670998,203.654169465388,147.281075936449,129.013191782868,144.752165351982,112.199507160169
2006-09-01,2006,"Q3","2006/07","Q1","September",231.29734388,193.1332821398,10.749700099725,8.378521708725,2.371178391,177.446553291275,34.566495,142.880058291275,4.9370287488,182.383582040075,34.694601582,1.93108385025,1.50512366025,0.42596019,32.76351773175,6.20955,26.55396773175,31.87662633975,3.4694601582,0.193108385025,0.150512366025,0.042596019,3.276351773175,0.620955,2.655396773175,3.187662633975,125.410073155876,127.806224066302,101.910652669381,117.9129944741,197.439617174676,167.445172650622,124.424419270571,136.961046548166,110.075696837558
2006-10-01,2006,"Q4","2006/07","Q2","October",235.185540303363,196.379926153308,11.3002374668667,4.39404498486666,6.906192482,179.647654360891,32.196765,147.450889360891,5.43203432555,185.079688686441,35.2778310455044,2.02998277847904,0.78934939847904,1.24063338,33.2478482670254,5.78385,27.4639982670254,32.230600601521,3.52778310455044,0.202998277847904,0.078934939847904,0.124063338,3.32478482670254,0.578385,2.74639982670254,3.2230600601521,128.611075023127,132.186268799109,102.779849072359,109.666410982921,183.904007503885,167.694014836069,126.120387315339,138.985689247697,110.200810674797
2006-11-01,2006,"Q4","2006/07","Q2","November",277.6949870633,231.875314197855,9.1877625266586,2.2875850980031,6.9001774286555,216.760573032847,31.598905,185.161668032847,5.92697863835,222.687551671197,41.654248059495,1.650496262274,0.410943430779,1.239552831495,40.003751797221,5.67645,34.327301797221,38.906906569221,4.1654248059495,0.1650496262274,0.0410943430779,0.1239552831495,4.0003751797221,0.567645,3.4327301797221,3.8906906569221,130.611076189794,165.219859774156,126.497587030116,109.854260265181,180.489103866011,164.29868393845,127.882141743317,167.227333672141,130.766760231305
2006-12-01,2006,"Q4","2006/07","Q2","December",229.14836,191.3388806,3.02244266044937,2.77822024054937,0.2442224199,175.040623491251,29.970655,145.069968491251,13.2758144483,188.316437939551,34.372254,0.54295377133821,0.49908148033821,0.043872291,33.8293002286618,5.38395,28.4453502286618,31.4305185196618,3.4372254,0.054295377133821,0.049908148033821,0.0043872291,3.38293002286618,0.538395,2.84453502286618,3.14305185196618,132.711077414795,136.909588868028,103.163648080492,117.048887775708,171.188737813142,146.25404911252,130.651942286912,141.416327796196,108.23897855697
2007-01-01,2007,"Q1","2006/07","Q3","January",247.409752919392,206.587143687692,13.0903082871901,2.63032165452513,10.459986632665,189.632669177202,34.190745,155.441924177202,3.86416622329997,193.496835400502,37.1114629379088,2.35155238692038,0.472512872070382,1.87903951485,34.7599105509884,6.14205,28.6178605509884,33.3904371279296,3.71114629379088,0.235155238692038,0.0472512872070382,0.187903951485,3.47599105509884,0.614205,2.86178605509884,3.33904371279296,131.511076714795,137.739893895576,104.736344144068,102.002160266746,195.293378854783,191.460041967809,127.631488493471,145.306549985337,113.848511602033
2007-02-01,2007,"Q1","2006/07","Q3","February",233.964590379375,195.360432966778,6.75117135843058,4.27245766778058,2.47871369065,184.813981356998,29.63582,155.178161356998,3.79528025135002,188.609261608348,35.0946885569063,1.21278527396957,0.767507365469565,0.4452779085,33.8819032829367,5.3238,28.5581032829367,32.8942926345304,3.50946885569063,0.121278527396956,0.0767507365469565,0.04452779085,3.38819032829367,0.53238,2.85581032829367,3.28942926345304,134.811078639796,137.452277714546,101.959185477484,108.501745432914,169.276200999193,156.012422034128,131.352145154387,141.636223883792,107.829395338247
2007-03-01,2007,"Q1","2006/07","Q3","March",253.798576257056,211.921811174642,4.81661220697427,2.30118961619987,2.5154225907744,203.751921991717,32.98918,170.762741991717,3.35327697594999,207.105198967667,38.0697864385584,0.86525967789957,0.41338735620357,0.451872321696,37.2045267606588,5.9262,31.2783267606588,36.5263626437964,3.80697864385584,0.086525967789957,0.041338735620357,0.0451872321696,3.72045267606588,0.59262,3.12783267606588,3.65263626437964,137.111079981463,150.544915877561,109.797775568476,116.729543995867,188.430185649615,161.424588154209,134.431484236855,155.525757740328,115.691468128334
2007-04-01,2007,"Q2","2006/07","Q4","April",241.459230303395,201.618457303335,5.09234217313032,1.14852711881937,3.94381505431095,192.547469847455,30.181075,162.366394847455,3.97864528275001,196.526115130205,36.2188845455093,0.91479200714916,0.20632223691366,0.7084697702355,35.3040925383601,5.42175,29.8823425383601,34.5632277630863,3.62188845455093,0.091479200714916,0.020632223691366,0.07084697702355,3.53040925383601,0.542175,2.98823425383601,3.45632277630863,142.612083190382,143.82593986198,100.851159764617,126.610416242701,172.390631272282,136.158332298524,140.5083163943,147.581389186466,105.033917545719
2007-05-01,2007,"Q2","2006/07","Q4","May",296.34469927788,247.44782389703,8.37239737142493,4.54606589735981,3.82633147406512,234.569121112355,36.805965,197.763156112355,4.50630541324998,239.075426525605,44.451704891682,1.50402347989669,0.816658544435895,0.6873649354608,42.9476814117853,6.61185,36.3358314117853,41.7786914555641,4.4451704891682,0.150402347989669,0.0816658544435895,0.06873649354608,4.29476814117853,0.661185,3.63358314117853,4.17786914555641,144.212084123716,174.887062376646,121.270740548077,126.760695668509,210.231197561237,165.848882772789,141.917719936682,179.533816885454,126.505567427066
2007-06-01,2007,"Q2","2006/07","Q4","June",289.185117779554,241.469573345928,11.7871961008253,3.93527885596215,7.8519172448632,225.527378183802,44.00283,181.524548183802,4.1549990613,229.682377245102,43.3777676669331,2.11746037739378,0.706936321430326,1.41052405596345,41.2603072895393,7.9047,33.3556072895393,40.1232136785697,4.33777676669331,0.211746037739378,0.0706936321430326,0.141052405596345,4.12603072895393,0.79047,3.33556072895393,4.01232136785697,143.712083832049,160.543021750275,111.711567649312,133.974108107262,251.338815514918,187.60252937358,142.431815341407,172.480101603925,121.096611168293
2007-07-01,2007,"Q3","2007/08","Q1","July",310.85147485,259.56098149975,8.69105838025,3.87167563715,4.8193827431,245.99888688395,37.807965,208.19092188395,4.87103623555002,250.8699231195,46.6277212275,1.5612679725,0.6955105935,0.865757379,45.066453255,6.79185,38.274603255,44.7599364495,4.66277212275,0.15612679725,0.06955105935,0.0865757379,4.5066453255,0.679185,3.8274603255,4.47599364495,143.412083657049,184.218515631033,128.453970497749,145.019645904103,215.954499747618,148.913961554162,143.623432642692,188.390900285942,131.170030418799
2007-08-01,2007,"Q3","2007/08","Q1","August",334.970108337,279.700040461395,16.111637713345,5.524758192295,10.58687952105,258.47507076325,42.188375,216.28669576325,5.11333198480002,263.58840274805,50.24551625055,2.89430617605,0.99247153155,1.9018346445,47.3512100745,7.57875,39.7724600745,46.213012632,5.024551625055,0.289430617605,0.099247153155,0.19018346445,4.73512100745,0.757875,3.97724600745,4.6213012632,138.41208074038,191.42781204301,138.302820836912,132.997291839514,240.97486913908,181.187801500395,137.700189089674,197.941849230705,143.748422234772
2007-09-01,2007,"Q3","2007/08","Q1","September",303.669287759326,253.563855279038,14.4796351717182,12.4620358858141,2.01759928590407,235.788887530519,38.77573,197.013157530519,3.2953325768,239.084220107319,45.550393163899,2.60113206677572,2.23868908128397,0.36244298549175,42.9492610971232,6.9657,35.9835610971232,42.943425912,4.5550393163899,0.260113206677572,0.223868908128397,0.036244298549175,4.29492610971232,0.69657,3.59835610971232,4.2943425912,141.512082548715,173.191559119941,122.386411111094,144.888151406521,221.482255775965,152.864298167859,141.955940153523,179.540420430252,126.476158895557
2007-10-01,2007,"Q4","2007/08","Q2","October",354.717572056152,296.189172666887,12.9837005961975,8.97241254989754,4.0112880463,279.78484439554,39.1949,240.58994439554,3.42062767515001,283.20547207069,53.2076358084228,2.33240130470614,1.61181063770614,0.720590667,50.8752345037167,7.041,43.8342345037167,50.8749840135,5.32076358084228,0.233240130470614,0.161181063770615,0.0720590667,5.08752345037167,0.7041,4.38342345037167,5.08749840135,143.412083657049,210.977434835786,147.112732383354,155.99004398804,223.876503857267,143.519738910024,145.065729829869,212.673297722852,146.604782516361
2007-11-01,2007,"Q4","2007/08","Q2","November",367.578025253027,306.927651086278,9.02915583334659,8.16839903977933,0.86075679356727,294.260021062731,43.16115,251.098871062731,3.63847419019998,297.898495252931,55.1367037879541,1.62200404191855,1.46737707301425,0.1546269689043,53.5146997460355,7.7535,45.7611997460355,53.506568118,5.51367037879541,0.162200404191855,0.146737707301425,0.01546269689043,5.35146997460355,0.77535,4.57611997460355,5.3506568118,143.012083423715,220.252062040868,154.009407294841,173.816940874438,246.531241678358,141.833839922685,147.062051247365,223.70703118442,152.117442458445
2007-12-01,2007,"Q4","2007/08","Q2","December",308.780062514448,257.831352199564,8.917344502864,6.56192208233853,2.35542242052547,245.111256525,32.116605,212.994651525,3.80275117169995,248.9140076967,46.3170093771672,1.60191817416718,1.17878839802488,0.4231297761423,44.715091203,5.76945,38.945641203,44.711128953,4.63170093771672,0.160191817416718,0.117878839802488,0.04231297761423,4.4715091203,0.576945,3.8945641203,4.4711128953,143.212083540382,187.448271244411,130.888586081883,171.788168626039,183.446143328975,106.786250063771,146.96903081105,186.922104573795,127.184688871025
2008-01-01,2008,"Q1","2007/08","Q3","January",291.571379749922,243.462102091185,15.0181691688353,8.39248395008481,6.62568521875047,224.278495,46.638925,177.63957,4.16543792234997,228.44393292235,43.7357069624884,2.69787470098837,1.50763184732062,1.19024285366775,41.0378322615,8.37825,32.6595822615,41.0378322615,4.37357069624884,0.269787470098837,0.150763184732062,0.119024285366775,4.10378322615,0.837825,3.26595822615,4.10378322615,151.813088557635,157.193001459974,103.543774093165,172.671060252657,266.395869683589,154.279396497474,154.555322127992,171.550091190495,110.995913196977
2008-02-01,2008,"Q1","2007/08","Q3","February",351.055643053541,293.131461949707,19.8067514382127,9.43400528808074,10.372746150132,268.803826490894,52.92063,215.883196490894,4.52088402060005,273.324710511494,52.6583464580312,3.55809906075678,1.69473148887678,1.86336757188,49.1002473972744,9.5067,39.5935473972744,48.806584854,5.26583464580312,0.355809906075678,0.169473148887678,0.186336757188,4.91002473972744,0.95067,3.95935473972744,4.8806584854,162.314094683222,190.566692004574,117.406126914912,178.118689438174,302.276204973709,169.704934348638,164.391952057689,205.253334649953,124.856072381162
2008-03-01,2008,"Q1","2007/08","Q3","March",360.408333746102,300.940958677995,15.4216721322295,3.13401894052047,12.287653191709,281.028931160565,47.86888,233.160051160565,4.49035538519998,285.519286545765,54.0612500619152,2.77036026327476,0.562997414464755,2.20736284881,51.2908897986405,8.5992,42.6916897986405,51.087850668,5.40612500619152,0.277036026327475,0.0562997414464755,0.220736284881,5.12908897986405,0.85992,4.26916897986405,5.1087850668,168.414098241557,205.478282089278,122.00776789753,194.010738717302,273.421223117371,140.930973679648,171.779332782445,214.410857915934,124.817610153068
2008-04-01,2008,"Q2","2007/08","Q4","April",399.159286389273,333.298004135043,15.1198676111721,12.5583775281821,2.56149008299,313.108653729071,41.022715,272.085938729071,5.06948279479998,318.178136523871,59.873892958391,2.71614388224648,2.25599596314648,0.4601479191,57.1577490761445,7.36935,49.7883990761445,56.129885532,5.9873892958391,0.271614388224648,0.225599596314648,0.04601479191,5.71577490761445,0.736935,4.97883990761445,5.6129885532,167.414097658224,239.635272306961,143.139243145567,207.460747327061,234.316760928924,112.945105976855,172.679099869749,238.936038428498,138.369981433032
2008-05-01,2008,"Q2","2007/08","Q4","May",423.942805507639,353.992242598879,32.4094060875078,9.74911061016117,22.6602954773466,316.412490592971,60.89655,255.515940592971,5.17034591840003,321.582836511371,63.5914208261459,5.8220489977559,1.75133723535829,4.0707117623976,57.76937182839,10.9395,46.82987182839,57.343954656,6.35914208261459,0.58220489977559,0.175133723535829,0.40707117623976,5.776937182839,1.09395,4.682987182839,5.7343954656,166.014096841557,225.395660353202,135.768988683123,232.820400432053,347.833690377301,149.400005210803,174.79723698078,241.492799669036,138.155959350541
2008-06-01,2008,"Q2","2007/08","Q4","June",397.327871121863,331.768772386756,8.575515806725,6.36660724626566,2.20890856045934,317.349119018131,60.48907,256.860049018131,5.8441375619,323.193256580031,59.5991806682795,1.54051182156736,1.14370190052677,0.3968099210406,58.0586688467121,10.8663,47.1923688467121,57.810445071,5.95991806682795,0.154051182156736,0.114370190052676,0.03968099210406,5.80586688467121,1.08663,4.71923688467121,5.7810445071,168.414098241557,227.140385496166,134.87017290582,249.933470045867,345.506214154839,138.239273872136,179.1315908753,242.702145463864,135.488187358766
2008-07-01,2008,"Q3","2008/09","Q1","July",439.343239794167,366.851605228129,20.5201375535292,17.9615292054551,2.5586083480741,339.81084810755,64.726695,275.08415310755,6.52061956704997,346.3314676746,65.901485969125,3.686252255125,3.226622012956,0.459630242169,62.215233714,11.62755,50.587683714,62.1841687845,6.5901485969125,0.3686252255125,0.3226622012956,0.0459630242169,6.2215233714,1.162755,5.0587683714,6.21841687845,168.814098474891,243.482288788659,144.231015648776,251.53018894507,369.711012984742,146.984747451321,179.688925778936,260.077797215612,144.737799554534
2008-08-01,2008,"Q3","2008/09","Q1","August",465.303069334563,388.52806289436,31.7473716903349,9.27800446619942,22.4693672241355,350.473809125375,68.619465,281.854344125375,6.30688207865002,356.780691204025,69.7954604001844,5.70312066293442,1.66670738913762,4.0364132737968,64.09233973725,12.32685,51.76548973725,64.0923228285,6.97954604001844,0.570312066293442,0.166670738913762,0.40364132737968,6.409233973725,1.232685,5.176548973725,6.40923228285,158.113092232637,249.151156885315,157.577815579452,213.8664078521,391.946041978832,183.26676260906,165.443076949555,267.924647103072,161.943704168875
2008-09-01,2008,"Q3","2008/09","Q1","September",439.514467162595,366.994580080766,15.0457793406687,13.9188343511387,1.12694498953,344.809266035993,62.700985,282.108281035993,7.13953470410503,351.948800740098,65.9271700743892,2.70283461209617,2.50038940439617,0.2024452077,63.224335462293,11.26365,51.960685462293,63.21710114445,6.59271700743892,0.270283461209617,0.250038940439617,0.02024452077,6.3224335462293,1.126365,5.1960685462293,6.321710114445,149.312087098717,250.090648445433,167.495246570417,186.083499005964,358.140403731275,192.462204141914,154.146488143837,264.296136426052,171.457773452115
2008-10-01,2008,"Q4","2008/09","Q2","October",438.822008188154,366.416376837108,16.9278044344364,13.0553979378184,3.872406496618,343.896646020283,52.08396,291.812686020283,5.59192638238871,349.488572402672,65.8233012282231,3.04092295229397,2.34528106667397,0.69564188562,62.7823782759291,9.3564,53.4259782759291,62.051687673483,6.58233012282231,0.304092295229397,0.234528106667397,0.069564188562,6.27823782759291,0.93564,5.34259782759291,6.2051687673483,126.411073739793,257.143211872269,203.418264132126,136.829417197602,297.49724764808,217.421994291221,127.780791351613,262.448626666279,205.389733378707
2008-11-01,2008,"Q4","2008/09","Q2","November",408.739711403044,341.297659021542,39.0821017479919,14.1978340010597,24.8842677469322,296.8028741398,43.06763,253.7352441398,5.41268313374996,302.21555727355,61.3109567104566,7.02073684095663,2.55050910198678,4.47022773896985,54.2902198695,7.7367,46.5535198695,53.9188882875,6.13109567104566,0.702073684095663,0.255050910198678,0.447022773896985,5.42902198695,0.77367,4.65535198695,5.39188882875,116.810068139206,224.065557796181,191.820415282315,100.010957874798,245.997066807629,245.970113710527,114.601460092711,226.948931172037,198.033193458825
2008-12-01,2008,"Q4","2008/09","Q2","December",426.447551079278,356.083705151197,28.6070009147406,19.0926181770622,9.51438273767837,322.483899608556,40.441555,282.042344608556,4.99280462789999,327.476704236456,63.9671326618917,5.1389822002528,3.42981164857405,1.70917055167875,58.8281504616389,7.26495,51.5632004616389,56.586511011,6.39671326618917,0.51389822002528,0.342981164857405,0.170917055167875,5.88281504616389,0.726495,5.15632004616389,5.6586511011,108.909063530287,248.177523538082,227.875913623172,78.1077315633756,230.997245660823,295.741844036777,104.859559208084,245.918802727068,234.522064163044
2009-01-01,2009,"Q1","2008/09","Q3","January",368.520584831871,307.714688334612,16.540721829732,11.7684029521091,4.77231887762292,285.97372102338,38.487655,247.48606602338,5.20024548150003,291.17396650488,55.2780877247806,2.97138715504168,2.11408436265433,0.85730279238735,52.306700569739,6.91395,45.392750569739,52.259075835,5.52780877247806,0.297138715504168,0.211408436265433,0.085730279238735,5.23067005697389,0.691395,4.53927505697389,5.2259075835,115.410067322539,218.478688718338,189.306439019527,84.2691880214774,219.83680639738,260.874480410741,111.315922125756,218.657242795715,196.429440299379
2009-02-01,2009,"Q1","2008/09","Q3","February",404.119390206387,337.439690822333,28.2900800209982,13.6038963436232,14.686183677375,304.209604242135,33.736505,270.473099242135,4.9400065592,309.149610801335,60.617908530958,5.08205030317333,2.44381371442333,2.63823658875,55.5358582277847,6.06045,49.4754082277847,55.427126328,6.0617908530958,0.508205030317333,0.244381371442333,0.263823658875,5.55358582277847,0.606045,4.94754082277847,5.5427126328,113.009065921955,238.128824046563,210.716566944298,81.2260296488784,192.698815196957,237.237762365033,108.830495238751,232.156062303927,213.318943182814
2009-03-01,2009,"Q1","2008/09","Q3","March",386.209554861677,322.4849783095,27.4862613151005,16.9676051016505,10.51865621345,289.3244399087,36.78843,252.5360099087,5.67427708570002,294.9987169944,57.9314332292516,4.93765173325159,3.04807277275159,1.8895789605,52.993781496,6.6087,46.385081496,52.648881213,5.79314332292516,0.493765173325159,0.304807277275159,0.18895789605,5.2993781496,0.66087,4.6385081496,5.2648881213,111.309064930288,223.254851361558,200.572030230764,87.9886038102096,210.131039772976,238.816199682206,108.243083621331,221.529441180958,204.659211258189
2009-04-01,2009,"Q2","2008/09","Q4","April",334.059128113083,278.939371974424,21.932262807865,19.309469716915,2.62279309095,252.685733146271,30.07837,222.607363146271,4.32137602028849,257.007109166559,50.1088692169625,3.93992745051466,3.46876701501466,0.4711604355,46.1689417664478,5.4033,40.7656417664478,45.419445093465,5.01088692169625,0.393992745051466,0.346876701501466,0.04711604355,4.61689417664478,0.54033,4.07656417664478,4.5419445093465,116.410067905873,196.208069484833,168.549055089877,95.5213600288035,171.803992798178,179.859240641436,113.663793396566,192.99962336542,169.79868223477
2009-05-01,2009,"Q2","2008/09","Q4","May",374.961921507928,313.093204459119,39.9862633408195,25.3874842612195,14.5987790796,268.60614,32.66019,235.94595,4.5008011183,273.1069411183,56.2442882261891,7.18316107918912,4.56062591518912,2.622535164,49.061127147,5.8671,43.194027147,49.061127147,5.62442882261891,0.718316107918912,0.456062591518912,0.2622535164,4.9061127147,0.58671,4.3194027147,4.9061127147,123.610072105875,207.896069154091,168.186997719751,108.839874140981,186.551034765086,171.399531869585,121.668208664291,205.089800609968,168.564823022795
2009-06-01,2009,"Q2","2008/09","Q4","June",378.888210281463,316.371655585022,22.4218058964717,15.002199220655,7.41960667581664,289.63422267925,34.038775,255.59544767925,4.31562700929998,293.94984968855,56.8332315422195,4.02786932271946,2.69500584802186,1.3328634746976,52.8053622195,6.11475,46.6906122195,47.126312337,5.68332315422195,0.402786932271946,0.269500584802186,0.13328634746976,5.28053622195,0.611475,4.66906122195,4.7126312337,128.511074964794,224.725393485479,174.868503393224,128.845822701586,194.425344689849,150.897670264521,128.555084828018,220.741793727758,171.709889206692
2009-07-01,2009,"Q3","2009/10","Q1","July",383.499894583437,317.046748526039,31.6333675962717,19.1930738507615,12.4402937455103,279.346487279767,38.3259772096529,241.020510070114,6.06689365000001,285.413380929767,63.6431828584752,7.85734668893861,4.76732787974205,3.09001880919657,55.7858361695366,9.51971013557516,46.2661260339614,54.6919017562709,2.80996319892324,0.34691626102667,0.210486265733518,0.136429995293152,2.46304693789657,0.420312654771956,2.04273428312461,2.41474772806372,129.611075606461,213.637737802614,164.829847143067,121.951754042673,218.913322514164,179.508137650535,128.604091369187,214.331328038079,166.659805108993
2009-08-01,2009,"Q3","2009/10","Q1","August",378.769387529358,313.630468227672,21.3809772955584,15.428503090182,5.95247420537641,285.284080352114,37.706612393353,247.577467958761,6.96541058000006,292.249490932114,62.3845280212898,5.31077668693507,3.83225394204341,1.47852274489167,57.0737513343547,9.36586739108113,47.7078839432736,56.9592090127986,2.75439128039581,0.23448052686447,0.169201037132549,0.0652794897319204,2.51991075353134,0.413520215565846,2.10639053796549,2.51485350004659,136.611079689796,220.083921422335,161.102541552326,136.19072963792,215.375585979936,158.142618482578,136.555815542332,219.464908428194,160.714435746722
2009-09-01,2009,"Q3","2009/10","Q1","September",393.225868498685,324.324104092156,25.0267114757065,20.8266226932447,4.20008878246181,290.357908866449,40.464373940801,249.893534925648,8.93948374999997,299.297392616449,65.9882616785167,6.21633305243924,5.17308169490707,1.04325135753216,59.7719286260774,10.0508620726552,49.7210665534223,59.7522293151049,2.91350272801223,0.274462500539102,0.228401040533073,0.0460614600060298,2.63904022747313,0.443763986543822,2.1952762409293,2.63817046677935,132.311077181462,223.793280215627,169.141756671438,127.155179161253,231.127584676569,181.768124744225,131.633222362063,224.75753389293,170.745295040127
2009-10-01,2009,"Q4","2009/10","Q2","October",398.129307030885,330.101776045186,22.7250797196664,9.77255293045869,12.9525267892077,298.56247552552,38.1933696143682,260.369105911151,8.81422080000009,307.37669632552,65.1509951115615,5.64463550546011,2.42738419097899,3.21725131448112,59.5063596061014,9.48677200951041,50.019587596591,59.5063300209582,2.8765358741378,0.249221005758768,0.107173462104601,0.142047543654167,2.62731486837903,0.418858376121417,2.20845649225761,2.62731356214072,134.811078639796,232.742406561095,172.64338280607,137.486889685509,218.155884051066,158.673953967597,135.162872140371,230.824691248857,170.77521925484
2009-11-01,2009,"Q4","2009/10","Q2","November",389.277646204568,321.909427145464,16.8130589093406,12.4071142091765,4.40594470016417,297.417759716123,35.9191890581082,261.498570658015,7.67860852000007,305.096368236123,64.5195621095962,4.1761608956173,3.08177741285583,1.09438348276147,60.3434012139789,8.9218930092144,51.4215082047645,60.237795522778,2.84865694950806,0.184385159610292,0.136066122535928,0.0483190370743636,2.66427178989777,0.393917932677443,2.27035385722033,2.65960910502654,141.112082315381,232.737091255448,164.930661809162,144.719087052488,205.166041186926,141.768473921145,141.586301459177,229.112277674656,161.818110448146
2009-12-01,2009,"Q4","2009/10","Q2","December",426.301835129283,352.186635993079,23.7380429428186,19.3593634918066,4.37867945101204,319.56112416026,42.2595393362496,277.301584824011,8.88746888999995,328.44859305026,70.9812469547119,5.89624334339355,4.80863221942369,1.08761112396987,65.0850036113183,10.4967594888281,54.5882441224903,65.0850036113183,3.13395218149216,0.260329953070939,0.212309928052849,0.0480200250180901,2.87362222842122,0.463451174922302,2.41017105349892,2.87362222842122,146.212085290383,247.445968911425,169.23769907254,140.267059062945,241.381351176256,172.086983778519,145.430482422381,246.64864314131,169.598999489637
2010-01-01,2010,"Q1","2009/10","Q3","January",389.528256037053,319.776524600673,34.3038210127254,30.1953220836356,4.10849892908978,279.285553237947,43.4103271055093,235.875226132438,6.18715035,285.472703587947,66.8022879558848,8.52065508460274,7.50015354113773,1.02050154346501,58.281632871282,10.7826012804409,47.4990315908412,58.1537408244684,2.94944348049545,0.376202542724708,0.331145528716503,0.0450570140082047,2.57324093777074,0.476071614049809,2.09716932372093,2.5675942694421,150.213087624301,209.292977870336,139.330720898168,143.460496861352,247.954511012448,172.838179455133,149.325312851768,214.37587641934,143.562984952287
2010-02-01,2010,"Q1","2009/10","Q3","February",404.706858031608,333.184745961746,17.236597283285,6.73990917701155,10.4966881062735,311.249874778461,39.4630674877829,271.786807290678,4.6982739,315.948148678461,68.4978082595951,4.28136271550014,1.6741120873258,2.60725062817434,64.216445544095,9.80214963572316,54.4142959083718,64.0640634930684,3.02430381026632,0.189030012822424,0.0739151177702548,0.115114895052169,2.8352737974439,0.432782876493944,2.40249092094995,2.82854585053223,147.812086223717,239.055679862405,161.729453909871,139.590801646812,225.408243946233,161.477863359904,146.731219738332,237.26142788691,161.697986502137
2010-03-01,2010,"Q1","2009/10","Q3","March",455.526205168975,375.28240750998,59.3480772357718,10.8453511121838,48.5027261235881,310.273800934208,42.2962644936264,267.977536440582,5.66052934,315.934330274208,76.8506984343344,14.7413460405121,2.6938543104003,12.0474917301118,62.1093523938223,10.5058815746394,51.6034708191829,62.0435954487135,3.39309922466064,0.65085745269127,0.118938606391172,0.531918846300098,2.74224177196937,0.463853931734203,2.27838784023517,2.73933848229198,153.313089432636,236.594081567451,154.32086225841,148.908126046868,241.591120810497,162.241730672547,152.733961286847,237.251050948992,155.336147213137
2010-04-01,2010,"Q2","2009/10","Q4","April",390.080558682178,322.915893780557,11.4872535910875,9.77598308162577,1.71127050946175,304.805859669469,47.8888111618314,256.917048507638,6.62278052,311.428640189469,64.3246152149058,2.8532951382504,2.42823619912618,0.425058939124215,61.4713200766554,11.8950026637053,49.5763174129501,61.3464212229565,2.8400496867154,0.125978211240303,0.107211079826269,0.018767131414034,2.7140714754751,0.525186174463223,2.18888530101187,2.70855696210982,162.714094916555,227.862902141818,140.038822241351,159.540395422739,273.535067490712,171.451917720222,162.296843161619,233.867500617735,144.098613418404
2010-05-01,2010,"Q2","2009/10","Q4","May",544.61960579922,446.437051845951,114.703525707083,4.77750181959521,109.926023887487,325.932045108868,48.679692388799,277.252352720069,5.80148102999998,331.733526138868,94.0309166004388,28.4909712878736,1.1866737864488,27.3042975014248,65.5399453125652,12.0914480143669,53.4484972981983,65.5396101799528,4.15163735283028,1.25792861426387,0.052393823176051,1.20553479108782,2.89370873856642,0.533859596834102,2.35984914173231,2.89369394184718,154.813090307636,244.73518199746,158.084294752553,143.235077722641,278.052484911341,194.12317801772,153.290908992366,249.115465366337,162.511571627997
2010-06-01,2010,"Q2","2009/10","Q4","June",435.6425725925,360.045756129091,54.7923650595357,16.6052264897285,38.1871385698072,300.273209969556,46.5889391050585,253.684270864497,4.98018109999999,305.253391069556,72.4002142734321,13.609762124422,4.12453783117043,9.4852242932516,58.7904521490101,11.5721301345557,47.2183220144544,58.7891960900105,3.19660218997689,0.600895948286668,0.182105906675474,0.418790041611195,2.59570624169022,0.510930760385783,2.08477548130444,2.59565078438268,148.912086865384,223.647533365334,150.187629542463,140.586402842786,266.110356328492,189.285984239939,147.817494804527,229.230194053742,155.076497783212
2010-07-01,2010,"Q3","2010/11","Q1","July",395.638634673257,324.968880086601,26.9899698734806,10.4233551244332,16.5666147490473,293.43304760312,45.2366592561371,248.196388346983,4.54586261,297.97891021312,67.6814926089028,6.70398274146885,2.58903560063107,4.11494714083778,60.9775098674339,11.2362401424104,49.7412697250235,60.9167959624387,2.98826197775377,0.295993128307778,0.114310668192903,0.181682460114874,2.692268849446,0.496100601452442,2.19616824799355,2.68958821923492,151.113088149301,218.527055319878,144.611600488219,140.398553560527,258.386298228761,184.037720956555,149.704429777831,223.767418840932,149.472810639615
2010-08-01,2010,"Q3","2010/11","Q1","August",388.597172692711,320.330848940915,11.4244040086006,7.56323503169731,3.86116897690329,303.036649262315,46.2125558705378,256.824093391777,5.86979567000002,308.906444932315,65.379690554586,2.83768406056946,1.87861629189854,0.959067768670927,62.5420064940166,11.4786410821324,51.0633654118842,62.5420064940166,2.88663319720993,0.125288953541226,0.0829443533154402,0.0423446002257861,2.7613442436687,0.506803047329762,2.25454119633894,2.7613442436687,160.313093515971,227.131482013141,141.679932082724,144.061614564581,263.96050105,183.227504320153,158.176483504218,231.973456767106,146.654832392275
2010-09-01,2010,"Q3","2010/11","Q1","September",477.054181238568,388.965833020191,85.9860989844473,8.66967327494508,77.3164257095022,298.245195345744,45.1040516608524,253.141143684892,4.73453869000002,302.979734035744,84.3635431273763,21.3579091158737,2.15344219655886,19.2044669193148,63.0056340115027,11.2033020163457,51.802331995157,63.0007734474693,3.72480509100014,0.942990842475758,0.0950784208388003,0.847912421636957,2.78181424852438,0.494646322801903,2.28716792572248,2.78159964571154,164.314095849889,222.965544124953,135.694715034458,146.127956669432,257.628859765664,176.303607904726,161.923132715744,227.522790112229,140.512838589681
2010-10-01,2010,"Q4","2010/11","Q2","October",436.715129656458,358.386493401675,29.16239205654,26.3855946284405,2.77679742809947,324.083153715135,50.5258759758466,273.557277739288,5.14094763,329.224101345135,75.0165193971748,7.24358619010864,6.5538632255482,0.689722964560438,67.7729332070662,12.5500177335318,55.2229154735344,65.8397637862475,3.31211685760782,0.319817609808988,0.289365076468899,0.0304525333400886,2.99229924779883,0.554106290621547,2.43819295717729,2.90694627383045,173.114100983226,240.969217779073,139.196758906672,155.764624849329,288.597661119136,185.278051032637,170.833135385126,247.231011501909,144.720759789693
2010-11-01,2010,"Q4","2010/11","Q2","November",527.694028503938,430.917367630361,97.4099539407726,15.5846968512891,81.8252570894836,327.960069699588,50.6942161566871,277.265853542901,5.54734399,333.507413689588,92.6844715386349,24.1954567984851,3.87105058700802,20.3244062114771,68.4890147401497,12.5918314025482,55.8971833376016,68.4890147401497,4.09218933494195,1.06827377468012,0.170913980132818,0.897359794547302,3.02391556026183,0.555952440764746,2.46796311949708,3.02391556026183,177.61510360881,244.527122111383,137.672482318814,160.930480111457,289.559199766901,179.928127702321,175.421547335353,250.447567152516,142.768987594059
2010-12-01,2010,"Q4","2010/11","Q2","December",482.584339822036,394.479149582633,45.8554178826508,24.8478059580953,21.0076119245555,341.918814619982,56.2851747099786,285.633639910004,6.70491708,348.623731699982,84.3796729855923,11.3899323166784,6.1718950812951,5.21803723538331,72.9897406689139,13.9805580230384,59.0091826458754,71.6867742484595,3.72551725381091,0.502886392707036,0.272500482645882,0.230385910061154,3.22263086110387,0.617267266982981,2.60536359412089,3.16510250493961,187.616109442731,252.762977988832,134.723494021705,172.445641113946,321.494075327797,186.432126234704,185.621621764949,261.799174087199,141.039158907206
2011-01-01,2011,"Q1","2010/11","Q3","January",461.133466698207,378.435274703188,19.0348228861263,8.95149716427669,10.0833257218496,354.864963647062,55.0454561661625,299.819507480899,4.53548816999999,359.400451817062,79.2013090043658,4.72802025025198,2.22344384899009,2.50457640126189,74.4732887541139,13.6726269004406,60.8006618536732,74.4732763382154,3.49688299065293,0.208750761829674,0.0981691221262104,0.110581639703463,3.28813222882325,0.603671543396575,2.68446068542668,3.28813168063858,196.616114692734,263.152681119412,133.84085100586,180.880073887384,314.412953718696,173.823985672656,194.547270224446,269.89195770885,138.728216231191
2011-02-01,2011,"Q1","2010/11","Q3","February",441.246468697389,361.899181034246,40.1284111747101,17.9094783069809,22.2189328677291,317.392772539536,53.4826555263758,263.91011701316,4.37799732,321.770769859536,75.9920972546221,9.96741297670554,4.44849823995848,5.51891473674705,66.0246842779166,13.2844460848785,52.7402381930381,66.0246842779166,3.35519040852068,0.440079555972156,0.196409352633336,0.24367020333882,2.91511085254853,0.586532648745701,2.32857820380283,2.91511085254853,204.017119009986,231.968384314686,113.700450942713,195.288113836665,305.486426454655,156.428581572639,202.869501620716,241.633928315366,119.108060297365
2011-03-01,2011,"Q1","2010/11","Q3","March",625.991120077747,511.01760219597,120.174703844255,10.8658122730322,109.308891571223,386.664863681715,69.8746224356501,316.790241246065,4.17803466999999,390.842898351715,110.111876661368,29.849945898777,2.69893661578416,27.1510092829929,80.2619307625906,17.3560128103559,62.9059179522346,80.2619307625906,4.86164122040943,1.3179298347151,0.119162999491154,1.19876683522395,3.54371138569433,0.766299783994005,2.77741160170032,3.54371138569433,200.517116968318,277.516924540542,138.400615736157,214.974718617429,399.115348661175,185.656876877436,202.417882832264,293.50367941785,144.99888809778
2011-04-01,2011,"Q2","2010/11","Q4","April",434.386150105761,355.563779772575,20.1058130641733,16.2906674381472,3.81514562602614,331.401740789166,65.6807518615486,265.720988927617,4.05622591923599,335.457966708402,75.4893759901211,4.99404128338267,4.04640515955727,0.947636123825404,70.4953347067384,16.3143059807253,54.1810287260131,69.4626725819909,3.33299434306454,0.220496078133213,0.178656205984753,0.0418398721484598,3.11249826493133,0.720306517726378,2.39219174720495,3.06690433896576,205.217221135165,233.255896588952,113.662925215872,231.336391102206,375.160469792759,162.170970163968,208.65115353093,251.912335964578,120.733737485537
2011-05-01,2011,"Q2","2010/11","Q4","May",495.79288326896,407.28109461243,12.3546458656935,9.67497165856716,2.67967420712633,390.483317616736,70.2909290607071,320.192388556029,4.44313113000001,394.926448746736,84.7690784381026,3.06874490963956,2.40314618086938,0.66559872877018,81.700333528463,17.459418351104,64.240915177359,80.5492537124213,3.74271021842814,0.135490713626713,0.106103309523223,0.0293874041034897,3.60721950480143,0.770865328189257,2.83635417661217,3.55639722067254,198.21663366954,280.687712088552,141.606537701828,215.012288473881,401.493241492906,186.730369851246,200.424787420731,296.570223727805,147.970831125417
2011-06-01,2011,"Q2","2010/11","Q4","June",534.81606956641,438.874010627385,51.3189144196503,15.8406441627386,35.4782702569116,382.686814807735,70.2458091755402,312.441005632195,4.86828139999999,387.555096207735,91.8851606453799,12.7469989108174,3.93462480982956,8.81237410098787,79.1381617345625,17.4482111162359,61.6899506183266,79.0833629518888,4.05689829364473,0.562803370720195,0.173720898619688,0.389082472100508,3.49409492292453,0.770370508223838,2.7237244147007,3.49167545620803,194.416314759629,274.353274366451,141.11638455119,213.697343498067,401.235522194078,187.758778666197,196.951224915355,291.034702674188,147.769937861146
2011-07-01,2011,"Q3","2011/12","Q1","July",496.967322477086,408.026145113501,11.8309309937309,9.95646871788018,1.87446227585076,391.43659849977,69.6911638137423,321.745434686028,4.75861562000001,396.19521411977,85.1803104959018,2.93866045680224,2.4730666526689,0.465593804133333,82.2416500390996,17.3104439030615,64.931206136038,80.9411550806397,3.76086686768314,0.129747246552827,0.109190426536917,0.0205568200159103,3.63111962113032,0.764287833196429,2.86683178793389,3.57370038454399,195.41639868329,282.303288798094,144.462435445666,218.769274119065,398.067455315991,181.957661522131,198.486641558327,297.523003749839,149.89573172984
2011-08-01,2011,"Q3","2011/12","Q1","August",593.34707648111,485.526695284351,45.3730370844916,32.1606080775235,13.2124290069681,434.415498779531,78.4330447334227,355.982454046108,5.73815942032861,440.15365819986,103.261209491102,11.2701147488621,7.98830686056846,3.28180788829366,91.9910947422396,19.4818216070099,72.5092731352297,91.9910947422396,4.55917170565675,0.497596227428895,0.352698392690683,0.144897834738212,4.06157547822786,0.860158139567267,3.20141733866059,4.06157547822786,191.816096558112,312.752379984041,163.048036945789,206.784489910928,448.000016374562,216.650686213235,193.784017089724,330.533620377136,170.568050627259
2011-09-01,2011,"Q3","2011/12","Q1","September",493.787123124465,405.085018125034,55.2553259605078,13.0303430995524,42.2249828609554,346.282410394526,67.5585645834324,278.723845811094,3.54728177,349.829692164526,84.9513472775898,13.7247560241797,3.23657994671011,10.4881760774696,71.2265912534101,16.7807319952126,54.4458592581976,71.2265912534101,3.75075772184117,0.605973139776889,0.142900938201855,0.463072201575034,3.14478458206428,0.74090008135509,2.40388450070919,3.14478458206428,185.615576231416,244.058435337021,131.485967014289,208.287284169002,385.886307773569,185.266378268423,188.596264838766,262.704790730277,139.294800432483
2011-10-01,2011,"Q4","2011/12","Q2","October",487.082426681101,398.489360351435,28.7037034735336,17.0002079318852,11.7034955416484,365.814221884801,66.6234340292219,299.190787855579,3.9714349931,369.785656877901,84.8469192947145,7.12965348256587,4.22264645388591,2.90700702867996,77.7172658121487,16.5484568527862,61.1688089593625,77.6635580852209,3.74614703495158,0.314787271900515,0.186437582228857,0.128349689671658,3.43135976305107,0.730644707991783,2.70071505505928,3.42898846844595,172.014434869631,262.121380942461,152.383363141077,205.638609289147,380.544955732187,185.05520779763,176.435063165466,277.690732893764,157.389765906869
2011-11-01,2011,"Q4","2011/12","Q2","November",506.822114716988,414.543713333847,46.5106758468559,21.943098372926,24.5675774739299,364.095847036991,63.2921344920537,300.803712544937,3.93719045,368.033037486991,88.3764204036686,11.5526904858736,5.45040077762335,6.10228970825024,76.8237299177951,15.7210022573002,61.1027276604949,76.8237299177951,3.90198097947277,0.510072464258165,0.240645186438294,0.269427277819871,3.39190851521461,0.694111070645802,2.69779744456881,3.39190851521461,167.614065605525,263.486345930893,157.198230935464,207.592241824643,361.51697776356,174.147634124468,172.870065494329,276.374602443343,159.874181601678
2011-12-01,2011,"Q4","2011/12","Q2","December",522.494451742818,431.976468656413,41.765701927979,33.2855811357646,8.48012079221444,384.688108678434,72.2916891686574,312.396419509777,5.52265805,390.210766728434,86.6904411805049,10.374096237344,8.26773658955367,2.10635964779035,76.3163449431609,17.9563830122872,58.3599619308738,76.3163449431609,3.8275419058995,0.458035367493297,0.365035727498082,0.0929996399952145,3.36950653840621,0.792807229055456,2.57669930935075,3.36950653840621,164.813830619274,274.880513986458,166.782431397667,202.783300198807,412.921339996155,203.626896096143,169.805742376183,293.02897984395,172.567179262278
2012-01-01,2012,"Q1","2011/12","Q3","January",561.577077771915,458.093957799404,66.6536142648192,41.843330199148,24.8102840656712,385.220951934585,96.5698205663876,288.651131368197,6.21939159999998,391.440343534585,99.1073488302179,16.5559532590262,10.3933781629114,6.16257509611476,82.5513955711917,23.9867778088897,58.564617762302,82.5513955711917,4.3757711422925,0.730975688070285,0.45888669985625,0.272088988214035,3.64479545422222,1.05906021472264,2.58573523949958,3.64479545422222,168.914174706283,254.952176934753,150.935927892421,208.493918379487,551.59507503595,264.561709676334,174.117791979994,293.952331191139,168.823833479874
2012-02-01,2012,"Q1","2011/12","Q3","February",535.229316458046,437.948599519829,50.702289155197,23.3636392003409,27.3386499548561,383.205043844632,83.9513381121523,299.25370573248,4.04126652,387.246310364632,93.1672136538851,12.5938366379351,5.80324597290081,6.79059066503425,80.57337701595,20.8524990752243,59.7208779407258,80.572855396478,4.11350328433131,0.556040975583234,0.256223948673542,0.299817026909693,3.55746230874808,0.920676062623386,2.63678624612469,3.55743927829212,173.81458593222,262.23615928363,150.871204437291,224.855590864263,479.519837292301,213.256799819476,180.525035022666,290.802819783427,161.087252938029
2012-03-01,2012,"Q1","2011/12","Q3","March",556.019436811387,454.36808553119,31.0673965494131,20.3550108736932,10.7123856757199,417.861039471777,92.8324051787518,325.028634293025,5.43964951000001,423.300688981777,97.3530362542769,7.71676631229879,5.05593901139292,2.66082730090587,89.6362699419781,23.0584489380587,66.5778210039194,87.9813303611472,4.29831502592,0.340709379674945,0.223228976300681,0.117480403374265,3.95760564624505,1.01807279318946,2.93953285305559,3.8845370297851,175.614736994809,285.730860838064,162.703236486645,234.680108326419,530.247412701147,225.944762205248,183.380163397694,317.877874307594,173.343653107243
2012-04-01,2012,"Q2","2011/12","Q4","April",510.282888422993,417.085081533246,29.718512977891,29.3978193452105,0.320693632680459,382.354114085355,79.3018018114489,303.052312273906,5.01245447,387.366568555355,89.2569489602467,7.38171991446563,7.30206348695323,0.0796564275123992,81.8752290457811,19.6976103790951,62.1776186666859,81.8691674444137,3.94085792950036,0.325916466977029,0.322399489669887,0.00351697730714188,3.61494146252333,0.869685609455892,2.74525585306744,3.61467383171035,175.314711817711,266.360238818197,151.932622229191,226.52744947637,452.962251189034,199.959100866619,182.04773890639,290.893127734796,159.789475816766
2012-05-01,2012,"Q2","2011/12","Q4","May",542.04847733601,443.06491128704,19.0206328552919,10.3568918822393,8.66374097305257,419.459036391748,93.5858665195331,325.873169872215,4.58524204000001,424.044278431748,94.7980579970927,4.72449561786962,2.57252693349662,2.151968684373,90.0735623792231,23.2455996406582,66.8279627385648,90.0735623792231,4.1855080518769,0.208595142848357,0.113581780273922,0.0950133625744353,3.97691290902854,1.02633583980872,2.95057706921982,3.97691290902854,169.514225060479,285.722325362808,168.553597941924,207.611026752869,534.551092281035,257.477216235408,174.522877390228,318.43627319488,182.461049208388
2012-06-01,2012,"Q2","2011/12","Q4","June",597.716638300515,487.267387178244,56.8244429669009,51.2340521646911,5.59039080220986,427.150535121343,82.8260174886367,344.324517632706,3.29240909,430.442944211343,105.778917971541,14.1145057489669,12.7259201509924,1.38858559797451,91.6644122225739,20.5729830152201,71.0914292073539,90.427951754298,4.67033315073066,0.623181304646298,0.561872704830668,0.0613085998156297,4.04715184608436,0.908334916143229,3.13881692994113,3.99255984963276,165.913922935301,300.557991742298,181.152965601026,179.56512891157,473.092142696546,263.465487739287,167.70867056711,323.241354616587,192.739799035757
2012-07-01,2012,"Q3","2012/13","Q1","July",499.226063067729,408.006903126035,12.9768214061953,12.7152828287,0.261538577495277,391.99970957984,77.4328923158691,314.566817263971,3.03037214,395.03008171984,87.361968857746,3.22328580409927,3.15832277827983,0.0649630258194333,84.1386830536468,19.2333958185578,64.905287235089,84.1386830536468,3.8571910839474,0.142313977433712,0.139445740748422,0.00286823668529015,3.71487710651369,0.849189685573283,2.86568742094041,3.71487710651369,172.514100633225,274.602201711545,159.176670604662,193.74774972214,442.287267354503,228.279950600099,175.305725159531,296.648046963287,169.217546485338
2012-08-01,2012,"Q3","2012/13","Q1","August",560.937131160135,458.148925072102,45.5758306793935,37.3751559606505,8.20067471874293,408.492234782708,94.812761551559,313.679473231149,4.08085961000006,412.573094392708,98.4418192948294,11.3204862300707,9.28353761395271,2.03694861611799,87.1213330647587,23.5503455577101,63.5709875070486,87.1213330647587,4.34638679320366,0.499820220669242,0.409885204972161,0.0899350156970811,3.84656657253442,1.0397909307309,2.80677564180352,3.84656657253442,172.514100633225,274.602201711545,159.176670604662,193.74774972214,442.287267354503,228.279950600099,175.305725159531,296.648046963287,169.217546485338
2012-09-01,2012,"Q3","2012/13","Q1","September",515.607311985847,422.326340917396,20.0554277291564,17.7379481043574,2.31747962479902,398.46136853824,84.4803067446813,313.981061793558,3.80954465000001,402.27091318824,89.3365965517684,4.98152617432698,4.40589220803553,0.575633966291449,84.3550703774415,20.9838884987722,63.3711818786692,84.3550703774415,3.94437451668231,0.219943513124715,0.194528218215187,0.0254152949095284,3.7244310035576,0.926477146546521,2.79795385701108,3.7244310035576,170.585884026389,274.769434756078,161.07395774528,212.983516225482,482.541241814338,226.562717324791,176.15997397243,302.085553150512,171.483649967949
2012-10-01,2012,"Q4","2012/13","Q2","October",491.899139459163,402.938178132063,20.7544160316595,17.77087942081,2.98353661084956,377.633197410404,85.6661026173543,291.96709479305,4.55056469000002,382.183762100404,85.1992578969257,5.15514643172023,4.41407194955385,0.741074482166383,80.0441114652054,21.278425880717,58.7656855844884,80.0441114652054,3.76170343017422,0.227609165783029,0.19488936879897,0.0327197969840587,3.53409426439119,0.939481511928633,2.59461275246256,3.53409426439119,169.685958495184,256.376330953077,151.088713071302,210.334841345627,489.314363681273,232.635905944475,175.030137343437,287.001096510348,163.972388336304
2012-11-01,2012,"Q4","2012/13","Q2","November",595.442270612573,484.662781609802,89.9097989331345,75.9601293402507,13.9496695928838,390.849512906668,84.0294832677974,306.82002963887,3.90346976999998,394.752982676668,106.095191783427,22.3325088231726,18.8675792719998,3.46492955117277,83.7626829602543,20.8719093886566,62.8907735715977,83.7604006400248,4.68429721934362,0.986021206266349,0.833038214398894,0.152982991867456,3.69827601307727,0.921533063545948,2.77674294953133,3.69817524445501,168.18608260984,268.659043303627,159.739164581688,206.089447566569,479.9661929212,232.892173077501,173.169303477795,296.439959291547,171.185050316703
2012-12-01,2012,"Q4","2012/13","Q2","December",475.101269976873,387.633859775761,53.4008040574264,50.9312853667949,2.46951869063151,329.314412908335,84.5699309140304,244.744481994305,4.91864281,334.233055718335,83.7688613986526,13.2641151679574,12.6507165328594,0.613398635097972,70.5047462306952,21.0061500606543,49.4985961700409,70.5047462306952,3.69854880245936,0.585635001491387,0.55855232722087,0.0270826742705172,3.11291380096797,0.927460035315274,2.1854537656527,3.11291380096797,172.185751637422,215.864768470111,125.367381689436,205.957953068988,483.053164174007,234.539699475555,176.625841300245,250.992488414424,142.104058254853
2013-01-01,2013,"Q1","2012/13","Q3","January",481.840659675722,392.811478473247,22.3548412867438,13.3592516325455,8.99558965419833,365.566834406503,88.5733651022037,276.9934693043,4.88980277999996,370.456637186503,85.2645931031674,5.55267274758462,3.31827685630443,2.2343958912802,79.7119203555828,22.0005547906311,57.7113655649517,79.3840262414654,3.76458809930747,0.245160681405157,0.146508006533687,0.0986526748714697,3.51942741790231,0.971364827165229,2.54806259073708,3.50495029164258,175.685102482976,243.723086105608,138.727235639814,212.138194455315,505.920293557444,238.486188145629,180.477653456364,278.194605908272,154.14351892354
2013-02-01,2013,"Q1","2012/13","Q3","February",488.714549228215,401.28069217449,39.3055416216772,36.3849594993682,2.92058212230893,357.095564952813,87.0737262302866,270.021838722526,4.8795856,361.975150552813,83.7367270420221,9.7630221119557,9.03758476486774,0.725437347087954,73.9737049300664,21.6280625958308,52.3456423342356,73.9013093391791,3.69713001170288,0.431055324587936,0.399025935784824,0.032029388803112,3.26607468711494,0.954918613882612,2.31115607323233,3.26287828905594,177.215103375477,237.686411880008,134.12311216861,218.769274119065,497.354538632868,227.342043637345,182.678301986904,271.825429074256,148.800063345094
2013-03-01,2013,"Q1","2012/13","Q3","March",467.393025707192,382.480785749813,20.2074948304445,18.77580351863,1.43169131181453,357.714306729369,95.7732593511448,261.941047378224,4.55898419,362.273290919369,81.3217362179128,5.01929780680228,4.66368296578884,0.355614841013446,76.3024384111106,23.7889216176993,52.5135167934113,76.3024384111106,3.59050373946607,0.221611199944447,0.205910152772422,0.0157010471720249,3.36889253952163,1.05032450115594,2.31856803836568,3.36889253952163,172.014100341559,230.422364763898,133.955509639245,205.206555939951,547.045214212807,266.582717938547,176.377969818197,272.049317738822,154.242232189903
2013-04-01,2013,"Q2","2012/13","Q4","April",525.699829558765,428.683773503584,46.652366018702,26.0454266013421,20.6069394173599,377.793024894882,78.8679898324312,298.925035062451,4.23838258999999,382.031407484882,92.9137439241007,11.5878846143274,6.46936959352279,5.11851502080462,81.3258593097733,19.5898567197169,61.7360025900565,81.3258593097733,4.10231213108056,0.511626349550064,0.285634527714561,0.225991821835502,3.59068578153049,0.864928087851802,2.72575769367869,3.59068578153049,169.614233452845,262.122413998663,154.540340549625,193.259341588266,450.484369903615,233.098367303435,172.722896665729,286.88668573195,166.096499809844
2013-05-01,2013,"Q2","2012/13","Q4","May",528.265610285853,430.960931517182,25.3364940519679,11.801171052917,13.535322999051,401.322856885214,81.3756739894982,319.947182895716,4.30158058000001,405.624437465214,93.190162261253,6.2932793052361,2.93126844671333,3.36201085852277,86.8968829560169,20.2127351960115,66.6841477600054,86.8945086496602,4.11451650741781,0.277859818664046,0.129420875755784,0.148438942908262,3.83665668875376,0.892429314490347,2.94422737426341,3.83655185877535,170.01426702231,280.353313326785,164.899874720511,193.541115511654,464.807956948421,240.159800525916,173.107382435233,304.603883964401,175.962388015639
2013-06-01,2013,"Q2","2012/13","Q4","June",534.082935881369,435.130652089664,41.5803769125804,39.7577963342159,1.82258057836457,389.444039057083,85.4134272853701,304.030611771713,4.10623611999999,393.550275177083,94.7680985062718,10.3280637404343,9.87535672373259,0.452707016701708,84.4400347658375,21.2156643781011,63.2243703877363,84.4400347658375,4.18418528543304,0.456002948364314,0.436015103638589,0.019987844725725,3.72818233706873,0.936710476528786,2.79147186053994,3.72818233706873,168.714157921551,266.422561919756,157.913577142493,193.691394937462,487.871112902841,251.880633654563,171.997958419571,295.536785464211,171.825751991358
2013-07-01,2013,"Q3","2013/14","Q1","July",534.726843765343,435.566792620438,14.7171393064914,13.8681974804809,0.848941826010513,416.694523812336,84.9593365479122,331.735187264424,4.15512950160999,420.849653313946,94.9670804422115,3.65555976449809,3.44469286183891,0.210866902659184,91.3115206777134,21.1028737198956,70.2086469578179,89.9120574509786,4.19297070269422,0.161399665264168,0.152089504933865,0.00931016033030362,4.03157103743005,0.931730562192245,3.09984047523781,3.96978217036292,168.654488649372,290.418881510379,172.197540567184,202.343896225523,485.277401814509,239.828040710278,173.083693260999,316.037267787874,182.592167889156
2013-08-01,2013,"Q3","2013/14","Q1","August",528.305796939557,430.002471386962,48.5204280673824,47.1366782994366,1.38374976794574,377.27802043636,82.8180698072545,294.459950629105,4.20402288321999,381.48204331958,94.1465813873754,12.0518886792838,11.708181939102,0.343706740181827,82.0946927080916,20.5710089070951,61.5236838009966,82.0946927080916,4.15674416521938,0.532112979666877,0.516937696977442,0.0151752826894357,3.6246311855525,0.908247755650419,2.71638342990208,3.6246311855525,166.715787715429,258.232085908307,154.893600328416,208.446102198547,473.046746506694,226.939598062674,172.202144248576,286.47414042401,166.359217926161
2013-09-01,2013,"Q3","2013/14","Q1","September",493.548088853422,404.010409443647,38.9395489051903,30.2303693796918,8.70917952549855,359.892799590366,83.3017719001452,276.591027690221,5.17806094809003,365.070860538456,85.7515895256168,9.67211393879609,7.50885886644922,2.16325507234687,76.0794755868207,20.6911546685743,55.3883209182464,76.0794755868207,3.78608988415901,0.427041562082879,0.331529884788297,0.0955116772945817,3.35904832207613,0.913552411280451,2.44549591079568,3.35904832207613,162.777666809286,243.624360340035,149.666944560319,209.680052418896,475.809594057392,226.921726014655,168.944004468053,274.15015411091,162.272792677145
2013-10-01,2013,"Q4","2013/14","Q2","October",495.353933365324,404.466868016269,28.7099921364855,22.9057275166902,5.80426461979531,370.653734659784,83.6653530544868,286.988381605297,5.10314122,375.756875879784,87.0439168445675,7.13121551053753,5.68950623778064,1.44170927275689,79.91270133403,20.7814638388051,59.1312374952248,79.9110248425836,3.84314850448744,0.314856238299097,0.251202130851299,0.0636541074477981,3.52829226618834,0.917539726708062,2.61075253948028,3.52821824601751,164.259391633296,252.549386282767,153.750348014544,205.654944009344,477.886325410256,232.372884450832,169.701736413934,282.174822933658,166.276921436668
2013-11-01,2013,"Q4","2013/14","Q2","November",499.223826310395,409.218321322388,36.9998878478614,25.1507492175597,11.8491386303017,368.423315357516,84.5402155926548,283.883099764862,3.79511811700998,372.218433474526,86.19963315617,9.19032554430776,6.24714253035169,2.94318301395607,77.0093076118622,20.9987691334953,56.0105384783669,77.0093076118622,3.80587183183699,0.40576972121359,0.275822795471311,0.129946925742279,3.4001021106234,0.927134153849904,2.47296795677349,3.4001021106234,163.793621136372,248.733536222621,151.857889517889,203.02034810261,482.883433870814,237.849771406538,168.950826693791,279.51762775439,165.443184401217
2013-12-01,2013,"Q4","2013/14","Q2","December",512.992265781851,419.504669421068,45.0423801193677,39.997699555364,5.04468056400369,370.221443051701,77.229840526039,292.991602525662,4.24084625000002,374.462289301701,89.5344847187441,11.1879835498305,9.93494578817909,1.25303776165137,78.3465011689136,19.1829602048455,59.1635409640681,76.92252785419,3.95311164203854,0.493969984422231,0.438646070077293,0.055323914344938,3.45914165761631,0.846962860765325,2.61217879685099,3.39627062523065,166.729819169002,256.994355041639,154.138207743836,207.824491846344,441.127460216097,212.25961208761,172.132606775889,281.202652464156,163.363965567705
2014-01-01,2014,"Q1","2013/14","Q3","January",483.244585554279,395.064333408865,7.40240570542133,6.50718532863099,0.895220376790342,383.592147549154,93.2135467724082,290.378600776745,4.06978015429,387.661927703444,84.4515609080364,1.8386682284983,1.61630629241809,0.22236193608021,82.6128926795381,23.1531199094568,59.4597727700813,82.6128926795381,3.72869123737745,0.0811805730803672,0.0713628859509199,0.0098176871294473,3.64751066429708,1.02225269013501,2.62525797416207,3.64751066429708,165.329327080191,254.587182732326,153.987914442331,202.070289662233,532.424447148547,263.484774549743,170.159724899926,291.114927841897,171.083332447268
2014-02-01,2014,"Q1","2013/14","Q3","February",522.116464839267,436.504676109204,39.1003400887796,39.1003400887796,0,393.229453275745,112.581712728373,280.647740547372,4.17488274468,397.404336020425,81.9917046558232,9.71205252801335,9.71205252801335,0,72.2796521278099,27.9639385547297,44.3157135730802,72.2796521278099,3.620084074239,0.428804924015404,0.428804924015404,0,3.1912791502236,1.23465915289743,1.95661999732617,3.1912791502236,167.137323395564,246.264520161643,147.342625308656,204.402561011881,643.053056491822,314.601271778803,172.036648559726,298.430994475022,173.469430480922
2014-03-01,2014,"Q1","2013/14","Q3","March",500.481638518847,419.497874772042,22.0538809427573,16.1178429644414,5.93603797831592,392.000813870425,94.2721820695546,297.72863180087,5.44317995886,397.443993829285,77.5593751461162,5.4779178307985,4.00347764631964,1.47444018447886,72.0814573153177,23.4160721392981,48.6653851760196,72.0814573153177,3.42438860068806,0.241860114782418,0.176760877577196,0.0650992372052219,3.18252848590564,1.03386251314735,2.1486659727583,3.18252848590564,169.956144044333,262.129671746582,154.233713185565,201.760863391082,538.471243267048,266.885873809584,174.13756543869,298.460775527377,171.393676473821
2014-04-01,2014,"Q2","2013/14","Q4","April",508.593953963858,425.720397436769,14.0461532561311,14.0452758226413,0.000877433489758141,406.003540631668,98.6259213518478,307.37761927982,5.67070354897,411.674244180638,79.3692582685257,3.48889492854353,3.4886769846555,0.000217943888033202,75.8803633399821,24.4974884263917,51.3828749135904,75.8803633399822,3.50429825856347,0.154041107213602,0.154031484591393,9.62262220865644e-06,3.35025715134987,1.08160902476049,2.26864812658938,3.35025715134987,171.81356272806,270.66914179001,157.536539893777,202.643267097487,563.339272761341,277.995553876621,175.866797219034,309.146989488979,175.784738436983
2014-05-01,2014,"Q2","2013/14","Q4","May",585.151117372626,486.144719582849,53.6551412221045,38.3166045892909,15.3385366328136,426.614985295604,101.852831265725,324.762154029879,5.87459306514,432.489578360744,94.8199243005178,13.3272894497557,9.5173820898069,3.80990735994881,81.4926348507621,25.2990138994587,56.1936209513034,81.4926348507621,4.18647348926015,0.588424261848879,0.42020986728333,0.168214394565549,3.59804922741128,1.11699784381635,2.48105138359492,3.59804922741127,168.483412072187,285.876518269655,169.676358493482,206.025408038526,581.770989892426,282.378273355312,173.41912313472,324.778275604034,187.279389800473
2014-06-01,2014,"Q2","2013/14","Q4","June",499.049160006229,407.812066947182,11.7937889497873,7.17305541993756,4.62073352984971,391.397965870345,92.7769759265151,298.62098994383,4.62031212705,396.018277997395,87.3791436754132,2.92943482139959,1.78170038589449,1.1477344355051,84.4497088540136,23.0446809808469,61.4050278731668,84.4497088540136,3.85794938363364,0.129339917836635,0.0786653383914494,0.0506745794451855,3.72860946579701,1.01746491263805,2.71114455315896,3.72860946579701,164.600352387962,262.189754748182,159.288695889425,210.143413981801,529.930807550932,252.175786768567,170.587977370178,297.390133475982,174.332410795071
2014-07-01,2014,"Q3","2014/15","Q1","July",504.048882457374,421.324273270788,19.6070345997176,18.3134344216483,1.29360017806928,396.864793580811,80.740869984532,316.123923596279,4.85244509026,401.717238671071,79.2266091482005,4.87015073318192,4.54883606299926,0.321314670182665,74.3564584150186,20.0550575434073,54.3014008716113,74.3564584150186,3.49800003838545,0.215026083215885,0.200839451467827,0.0141866317480571,3.28297395516957,0.885467557060716,2.39750639810885,3.28297395516957,164.628854891479,277.523921745379,168.575503928712,200.966062576951,461.182033645479,229.482544332025,169.406170357485,301.669770981577,178.07484245998
2014-08-01,2014,"Q3","2014/15","Q1","August",454.989348251991,382.007189146079,15.5152711613395,15.5152711613395,0,362.178027815389,83.0872380826472,279.090789732742,4.31389016935,366.491917984739,69.8961173842994,3.8538060836085,3.8538060836085,0,66.0423113006909,20.63786705778,45.4044442429109,66.0423113006909,3.08604172161301,0.17015260369374,0.17015260369374,0,2.91588911791927,0.911199665572815,2.00468945234645,2.91588911791927,161.840335307553,245.0385320554,151.407578085983,191.460461080536,474.584202972821,247.875827883435,165.734544410937,275.21729794519,166.059103081607
2014-09-01,2014,"Q3","2014/15","Q1","September",546.685632763154,448.557719463098,10.9042217076239,8.59800865085304,2.30621305677085,432.148928561584,101.51098207718,330.637946484404,5.50456919389,437.653497755474,93.9785864206009,2.70847705572609,2.13564156894279,0.572835486783301,91.2701093648748,25.214102687222,66.0560066776528,91.2493008184699,4.14932687945461,0.11958422740488,0.0942924904960308,0.0252917369088495,4.02974265204973,1.11324885813014,2.91649379391959,4.02882391657808,155.763279514137,290.636938781937,186.588867214726,182.845660468115,579.818388886227,317.108094007699,159.323846922277,328.656123580708,206.281815264626
2014-10-01,2014,"Q4","2014/15","Q2","October",539.169786835334,441.343220604805,19.5218053012212,17.9591243476709,1.56268095355033,414.970456745683,95.0896277987032,319.88082894698,6.8509585579,421.821415303583,93.6899817752601,4.84898080417253,4.46082971722682,0.388151086945712,88.8410009710875,23.6191157916618,65.2218851794257,88.7900999492179,4.13658445526993,0.21409139203973,0.196953809961774,0.0171375820779564,3.9224930632302,1.04282726263491,2.87966580059529,3.92024568979887,153.513667512915,282.500195881352,184.022830317428,163.935251891595,543.140393894677,331.313971600104,154.8838112142,316.767012963441,204.51912338686
2014-11-01,2014,"Q4","2014/15","Q2","November",475.219862830273,390.360017566331,10.254214970136,9.21156222485083,1.04265274528519,372.664807177795,75.939905117161,296.724902060634,7.4409954184,380.105802596195,81.2715570277153,2.54702322786395,2.288040870992,0.258982356871953,78.7245337998513,18.8625558190953,59.861977980756,78.7245337998513,3.58828823622639,0.112455744914827,0.10102119907197,0.0114345458428575,3.47583249131156,0.832816419743769,2.64301607156779,3.47583249131156,153.862432064881,262.989182272236,170.924883184829,147.345220018472,433.75950597865,294.383154013596,153.005602938823,285.440651731286,186.555685706108
2014-12-01,2014,"Q4","2014/15","Q2","December",543.259916937125,445.280224933836,47.1319914206828,36.3474865722489,10.784504848434,391.154974863353,75.6168931523445,315.538081711009,6.9932586498,398.148233513153,93.8366326433411,11.7070177749912,9.02827694207809,2.67874083291315,82.1296148683498,18.7823235458631,63.3472913224867,80.4140139040422,4.14305935994769,0.516886296997714,0.398614978344823,0.118271318652891,3.62617306294997,0.829274017792412,2.79689904515756,3.55042613520027,150.591031642731,278.868387816237,185.182600035464,116.772831004388,431.914500904337,369.875849706947,146.144894384731,298.989624687177,204.584379047876
2015-01-01,2015,"Q1","2014/15","Q3","January",510.063773071553,417.597901807312,23.3930612835467,17.6342748197019,5.75878646384484,388.571031745246,79.2373873020086,309.333644443237,5.63380877851999,394.204840523766,88.5559631436457,5.81055406323786,4.38014101548734,1.43041304775053,82.7454090804078,19.681610592448,63.0637984879598,82.7454090804078,3.90990812059473,0.256546614259692,0.193391255855059,0.0631553584046332,3.65336150633503,0.868979189543347,2.78438231679169,3.65336150633503,145.691437634664,272.328468285529,186.921395455249,90.9506454472877,452.594323342014,497.626290738447,138.494571122471,296.02833165446,213.747246014922
2015-02-01,2015,"Q1","2014/15","Q3","February",508.725957214078,416.082549642857,26.7290498617866,26.7290498617866,0,384.36975736531,59.0242175392044,325.345539826106,4.98374241576,389.35349978107,88.7259923494782,6.63917335992821,6.63917335992821,0,82.08681898955,14.6609032009453,67.4259157886047,80.9354421386708,3.91741522174323,0.293131675299069,0.293131675299069,0,3.62428354644417,0.647305753850213,2.97697779259395,3.57344814768265,142.511613004157,285.610676730619,200.412212527752,108.822028459166,337.139154981589,309.807820856873,138.082385126131,292.385214780402,211.74693246595
2015-03-01,2015,"Q1","2014/15","Q3","March",503.778357553976,413.130615544643,10.0034032554976,7.39791952075545,2.60548373474214,397.018985266976,65.4012450533552,331.617740213621,6.10822702217,403.127212289146,86.814713263159,2.48472462530247,1.83755391437657,0.647170710925901,84.3299886378565,16.2448798632811,68.0851087745754,84.0953978386613,3.8330287461741,0.109705147401007,0.0811313740690439,0.0285737733319635,3.72332359877309,0.717241227363761,3.00608237140933,3.7129659849182,139.222139248461,292.006029247781,209.741087749454,104.802993065231,373.563960884134,356.443981186323,134.696994641556,302.728591409254,224.747844014522
2015-04-01,2015,"Q2","2014/15","Q4","April",483.982869050565,396.479712693656,12.3435815524338,10.8587417097298,1.48483984270397,377.544921743163,67.2078104633195,310.337111279843,6.59120939806,384.136131141223,83.8030960325988,3.06599666777464,2.69718037320317,0.36881629457147,80.7370993648242,16.6936089054589,64.0434904593653,80.7370993648242,3.70006032430973,0.135369373710082,0.119085458161521,0.0162839155485615,3.56469095059964,0.737053437221519,2.82763751337813,3.56469095059964,137.846035536363,274.023881654057,198.789816905377,111.562834873365,383.88284288083,344.095633027409,134.390537741641,288.467229065087,214.648467007141
2015-05-01,2015,"Q2","2014/15","Q4","May",481.732402862554,394.982240546022,10.7856922557162,10.7856922557162,0,377.955302791265,71.7249249202168,306.230377871049,6.24124549904,384.196548290305,83.0819422536395,2.67903577054978,2.67903577054978,0,80.4029064830898,17.8156056139485,62.5873008691412,80.19310954292,3.66822006289247,0.118284340690251,0.118284340690251,0,3.54993572220222,0.786591648834532,2.76334407336769,3.54067280267737,139.29025938407,270.170513507492,193.962244526044,121.278180187715,409.684051510863,337.805243182864,136.922180216719,288.512599354864,210.712828920931
2015-06-01,2015,"Q2","2014/15","Q4","June",513.761383597024,420.867164048072,17.6365610560507,14.7703479471919,2.86621310885881,397.228279320821,78.446270787876,318.782008532945,6.0023236712,403.230602992021,88.966198773235,4.38070888900099,3.66877614860763,0.711932740393359,84.585489884234,19.4851067992946,65.1003830849394,83.6818734637711,3.92802077571753,0.193416328511757,0.161983192851926,0.0314331356598315,3.73460444720577,0.860303186829311,2.87430126037646,3.69470812566117,137.711238802829,280.816378986372,203.916820026894,117.116513517321,448.075561989702,382.58956703269,135.003614692682,302.806232711781,224.294907511239
2015-07-01,2015,"Q3","2015/16","Q1","July",459.406002535463,376.575315142179,13.0295333397164,12.3130729959913,0.716460343725144,358.890675784163,59.9432848891377,298.947390895025,4.6551060183,363.545781802463,79.3282018508291,3.23637881214082,3.05841871059956,0.177960101541262,76.0918230386883,14.8891884373158,61.2026346013725,76.0917618960591,3.50248554245429,0.142892057741886,0.135034793008291,0.00785726473359427,3.35959348471241,0.657384965546541,2.70220851916587,3.35959078515324,134.271803743564,262.069760760275,195.178550860003,102.246364333683,342.388755952951,334.866435774243,130.061363901219,272.629437807266,209.616007113632
2015-08-01,2015,"Q3","2015/16","Q1","August",562.772614336504,459.610368369884,91.9753713755763,77.4534575281752,14.5219138474011,362.639701321527,67.9063777299148,294.733323591613,4.99529567278,367.634996994307,98.8000429426416,22.8455720859438,19.2385039690678,3.60706811687596,75.9544708566978,16.8671245826146,59.0873462740831,75.9544708566978,4.36220302397852,1.00867388990589,0.849415219782967,0.159258670122924,3.35352913407263,0.744714472470622,2.60881466160201,3.35352913407263,129.418217466776,259.152604342709,200.244300543884,85.8846918489066,387.872974182465,451.620615772639,123.694789650742,276.075693726689,223.191045076515
2015-09-01,2015,"Q3","2015/16","Q1","September",451.86342873967,370.13465891082,27.4265007806758,27.0482984458986,0.378202334777146,338.548019144784,49.4610216230808,289.086997521703,4.16013898536,342.708158130144,78.2728787365913,6.81241174978833,6.71847085481829,0.0939408949700409,71.4604669868029,12.2855207653402,59.1749462214628,69.897314646011,3.45589109225881,0.300780467805725,0.296632805072912,0.00414766273281343,3.15511062445308,0.542428264579102,2.61268235987398,3.08609458291249,127.547732390007,253.508612150583,198.755875467406,86.955432757784,282.515342510991,324.896712661925,122.210992635199,257.322177099451,210.555672244279
2015-10-01,2015,"Q4","2015/16","Q2","October",415.628688681762,340.93752051389,14.7977336874671,13.682813358541,1.11492032892607,321.486741725703,60.2865199862874,261.200221739415,4.65304510072,326.139786826423,71.5328612059262,3.67557843593986,3.39864568357776,0.276932752362099,67.8572827699863,14.9744438925218,52.8828388774646,67.8572827699863,3.15830696194619,0.162283526308136,0.150056437596302,0.0122270887118336,2.99602343563805,0.661149150190933,2.33487428544712,2.99602343563805,126.628614722974,229.337310952936,181.110179128673,88.2140229489206,344.349273100615,390.356614049907,121.578181982215,244.458132296715,201.070725282334
2015-11-01,2015,"Q4","2015/16","Q2","November",488.955137460589,400.922903165975,39.224215004779,39.2083338556432,0.015881149135894,349.182719563606,52.9928275303341,296.189892033272,12.51596859759,361.698688161196,84.3098019740555,9.74282156194906,9.7388768761928,0.00394468575625706,74.5669804121064,13.1627787229975,61.4042016891089,74.5669804121064,3.72243232055849,0.430163433271895,0.429989268164046,0.000174165107848985,3.29226888728659,0.581160811668418,2.71110807561817,3.29226888728659,121.936277159701,260.863805832734,213.934533601578,81.0193954383932,302.688588489889,373.600156915577,116.556864036934,266.362582259912,228.525865431236
2015-12-01,2015,"Q4","2015/16","Q2","December",672.78321558463,548.070324611702,191.425733876123,173.130650071573,18.2950838045498,331.464662325949,63.0391707417262,268.425491584223,25.17992840963,356.644590735579,119.439421545874,47.5478417424791,43.003563751271,4.54427799120813,71.8915798033945,15.6581691150491,56.2334106883454,68.0948197629971,5.27346942705413,2.09932438139838,1.89868617715635,0.200638204242031,3.17414504565575,0.691336872224726,2.48280817343102,3.0065111293511,121.823403060241,236.739786955315,194.330301902869,68.6776975939638,360.072079574612,524.292590155585,114.836245354742,252.954496519356,220.274091806076
2016-01-01,2016,"Q1","2015/16","Q3","January",451.17633048007,372.026448905796,40.1062508515568,31.8242315771881,8.2820192743687,305.531789611549,51.5815677440857,253.950221867464,26.38840844269,331.920198054239,75.8030384582118,9.96190861991442,7.90475499802637,2.05715362188806,65.8411298382974,12.8122388263215,53.0288910119759,65.8411298382974,3.34684311606162,0.439836528528806,0.34900942478556,0.0908271037432458,2.90700658753281,0.56568383259268,2.34132275494013,2.90700658753281,121.775028446186,242.387551515922,199.045366368389,56.2045052519528,294.627644158365,524.206454336021,113.154358490438,249.255646739048,220.279315851638
2016-02-01,2016,"Q1","2015/16","Q3","February",372.15043458242,308.505614159945,19.399770185983,19.399770185983,0,264.068045140542,41.9468111460315,222.12123399451,25.03779883342,289.105843973962,60.9536069314732,4.81866875453907,4.81866875453907,0,56.1349381769341,10.4190815810786,45.7158565958555,56.1349381769341,2.69121349100257,0.212753059477963,0.212753059477963,0,2.47846043152461,0.460021552889873,2.01843887863474,2.47846043152461,121.388031533752,213.699670059476,176.046738182798,58.3272021414818,239.595085772246,410.777608003672,113.09731535758,217.104185096902,191.962279927233
2016-03-01,2016,"Q1","2015/16","Q3","March",525.318893151511,434.768013144758,99.4904761801435,98.664656425077,0.825819755066486,304.82065927768,43.5419391679328,261.278720109747,30.4568776869339,335.277536964614,86.7219470585782,24.712233410366,24.5071097510407,0.205123659325367,62.0097136482122,10.8152921281592,51.194421520053,62.0097136482122,3.82893294817551,1.09109040949046,1.08203382388231,0.00905658560814724,2.73784253868505,0.477514974908023,2.26032756377702,2.73784253868505,128.031478530551,252.24164490544,197.015333885448,70.1429219955855,248.706263112869,354.570719378531,120.420770001898,251.776842153889,209.08091033625
2016-04-01,2016,"Q2","2015/16","Q4","April",418.143046493162,347.097239197779,35.9142404920374,35.9062999174695,0.00794057456794698,285.686732165579,42.8809561026276,242.805776062952,25.4962665401619,311.182998705741,68.0416439745768,8.92066384513275,8.91869150225462,0.00197234287812853,59.120980129444,10.651111912954,48.46986821649,58.8941606984593,3.00416332080628,0.393863662829837,0.393776580275912,8.70825539244927e-05,2.61029965797644,0.470266117418545,2.1400335405579,2.60028516427513,130.708207174892,231.980427033334,177.4796181872,76.5485825206243,244.930808199873,319.967790564746,123.587747762229,233.683036016751,189.08268841207
2016-05-01,2016,"Q2","2015/16","Q4","May",417.55485056409,345.494193042558,15.2495558347595,14.4102371029275,0.839318731831996,304.006398458709,44.5045309740557,259.501867484653,26.23823874909,330.244637207799,69.0135813823399,3.78780560373071,3.57932896151253,0.208476642218185,65.2257757786092,11.0543883140971,54.1713874645121,65.2257757786092,3.04707613919162,0.167238561509831,0.158033935560012,0.00920462594981887,2.87983757768179,0.488071509847238,2.39176606783456,2.87983757768179,132.094946111118,247.057798075387,187.030469634745,86.3730999827805,254.204470486697,294.309768362344,126.083816017305,247.997383442995,196.692479079914
2016-06-01,2016,"Q2","2015/16","Q4","June",469.690691379192,387.750771470187,23.5607726280184,23.4690033815327,0.0917692464856593,336.327883575649,67.839802529786,268.488081045863,27.86211526652,364.189998842169,78.475100361287,5.85221153689038,5.82941716373912,0.0227943731512629,72.6228888243966,16.8505881064805,55.7723007179161,72.6228888243966,3.46481954771782,0.25838586809123,0.257379454728152,0.00100641336307779,3.20643367962659,0.743984356733324,2.46244932289326,3.20643367962659,135.368294995463,256.231538250544,189.2847496226,89.5853227094128,387.492704732909,432.540390561316,129.349128540102,273.488670558289,211.434490239723
2016-07-01,2016,"Q3","2016/17","Q1","July",444.831771272752,366.174114967742,37.380114432706,28.2906341587917,9.0894802739143,304.536041604007,44.2245921692259,260.311449434781,24.2579589310293,328.794000535036,75.3316268745944,9.28476923856141,7.027052050625,2.25771718793641,66.046857636033,10.9848548939027,55.0620027421303,66.046857636033,3.32602943041587,0.409939583456546,0.310257230583257,0.0996823528732889,2.91608984695932,0.485001481871485,2.43108836508784,2.91608984695932,136.013289849521,246.045584419854,180.898193619217,83.0669526150185,252.605494065804,304.098665129233,129.052343429857,246.908027073083,191.323939194706
2016-08-01,2016,"Q3","2016/17","Q1","August",484.350491027709,400.293077515864,39.1183520682253,35.7118455785761,3.40650648964925,327.226773500929,51.1398196173705,276.086953883559,33.94795194671,361.174725447639,80.5030560046632,9.71652648629895,8.87039139158181,0.846135094717139,70.7865295183642,12.7025139236463,58.0840155947179,70.7865295183642,3.55435750718172,0.429002457475728,0.391644041842121,0.0373584156336074,3.12535504970599,0.56083927698319,2.5645157727228,3.12535504970599,132.90118967869,268.063668662172,201.70148161221,84.2316181650256,292.104432562099,346.787155376513,126.502517036348,271.2243494219,214.402334258668
2016-09-01,2016,"Q3","2016/17","Q1","September",523.674844870455,430.277764229127,65.7019440401623,64.7927070961344,0.909236944027915,337.021353444805,59.1413104643092,277.880042980496,27.55446674416,364.575820188965,89.4477964454774,16.3195698620985,16.0937263798996,0.225843482198854,73.1282265833789,14.689987670203,58.4382389131759,70.8143666188738,3.94928419585001,0.720538927739169,0.710567523965938,0.0099714037732314,3.22874526811084,0.648589886487892,2.58015538162295,3.12658410872666,131.01457973057,264.086055063899,201.569974583737,84.6448865859958,337.807975534745,399.088461405811,124.918276070394,273.778403300934,219.166011502316
2016-10-01,2016,"Q4","2016/17","Q2","October",419.665808912871,347.47067752907,9.260316939973,7.10433003444051,2.15598690553249,311.016131353897,50.2447565235109,260.771374830386,27.1942292352,338.210360589097,69.1423690336986,2.30015095374779,1.76462982966813,0.535521124079666,66.8422180799508,12.4801910547477,54.3620270252031,66.8422180799508,3.05276235010283,0.101555881426801,0.0779116420389605,0.0236442393878401,2.95120646867603,0.55102331474143,2.4001831539346,2.95120646867603,131.965947140306,248.982017259049,188.67141308381,92.59091122556,286.991940983221,309.956924696509,126.789243149227,253.979247592237,200.316084617141
2016-11-01,2016,"Q4","2016/17","Q2","November",480.730840298236,396.839453050299,56.1525158963998,54.021775757081,2.13074013931874,313.103458343029,50.6385195011694,262.46493884186,27.58347881087,340.686937153899,80.3440501411323,13.9476071749677,13.4183570428813,0.529250132086406,66.3964429661646,12.5779970255889,53.8184459405757,66.3964429661646,3.54733710680469,0.615812426632553,0.592445063037694,0.0233673635948587,2.93152468017214,0.55534162765972,2.37618305251242,2.93152468017214,136.787283674391,250.78286819812,183.337852365783,85.0581550069661,289.241067241653,340.050953630448,129.986365767737,255.839034061929,196.819899187787
2016-12-01,2016,"Q4","2016/17","Q2","December",463.283441885245,381.650954563823,55.5428486108125,55.5428486108125,0,301.808270435841,50.6493190062253,251.158951429615,24.29983551717,326.108105953011,78.1806675232794,13.7961731800513,13.7961731800513,0,64.3844943432282,12.5806794922923,51.8038148509358,64.3844943432282,3.45181979814219,0.609126338136204,0.609126338136204,0,2.84269346000599,0.555460063482386,2.2872333965236,2.84269346000599,138.528769780348,238.168321068376,171.926973325481,98.8275073965655,289.302752701631,292.735049504734,133.309176231837,244.891053128623,183.701572577971
2017-01-01,2017,"Q1","2016/17","Q3","January",447.643251786989,370.281764859422,12.5186927779995,11.6076855773645,0.911007200635001,329.191175874993,60.7338762509891,268.457299624004,28.57189620643,357.763072081423,74.090265861634,3.10949218257266,2.88320899,0.226283192572652,70.9807736790614,15.0855617889813,55.8952118900801,70.9807736790614,3.27122106593238,0.137289780427836,0.127298962635489,0.00999081779234647,3.13393128550454,0.666055209029748,2.4678760764748,3.13393128550454,143.028083433049,256.818617635496,179.55817589887,100.743570075609,346.904517699276,344.344078176821,137.468865416531,268.66236653797,195.435065041036
2017-02-01,2017,"Q1","2016/17","Q3","February",423.391839655174,350.736552419677,4.00958937933957,4.00800104288395,0.00158833645561984,324.082092541248,61.1105581908678,262.97153435038,22.64487049909,346.726963040338,69.5830672511699,0.995933605167928,0.995539081563936,0.000394523603992006,68.5871336460019,15.1791250362101,53.4080086097918,68.5781321038702,3.07221998432705,0.0439722944924989,0.0439548755521107,1.7418940388153e-05,3.02824768983455,0.67018619792245,2.3580614919121,3.0278502552471,145.250084729216,246.950842870462,170.017692816388,102.114869836101,349.056079146459,341.826885454301,139.579023512238,260.374794667852,186.542926090197
2017-03-01,2017,"Q1","2016/17","Q3","March",458.388354318954,380.462389355251,10.6362077076955,10.6313412789281,0.00486642876741371,344.411748995485,73.9739692724413,270.437779723044,25.41443265207,369.826181647555,74.6308750126657,2.6419056131341,2.64069685096718,0.00120876216691834,71.9889693995316,18.3742410845618,53.6147283149698,71.9889693995316,3.29508995103792,0.116644976170405,0.116591607104737,5.33690656679489e-05,3.17844497486752,0.811256428996883,2.36718854587064,3.17844497486752,142.940083381715,255.800969309277,178.956779132535,97.6252719901065,422.530319433372,432.808340320108,136.982466847883,277.721164990781,202.74212560297
2017-04-01,2017,"Q2","2016/17","Q4","April",478.356583519002,395.878615940486,42.4757471065582,40.5323771662052,1.94336994035298,320.071472018577,65.4133901645389,254.658081854038,33.33139681535,353.402868833927,78.9903967505313,10.5504628892955,10.0677532530311,0.482709636264428,68.4399338612357,16.2478965623049,52.1920372989309,68.4380753919681,3.48757082798509,0.465822278506266,0.444509763123669,0.0213125153825967,3.02174854947882,0.717374420156113,2.30437412932271,3.02166649465357,138.440080756714,249.002659818202,179.863128118066,99.6728291667318,373.633332282729,374.85976409651,133.343283220743,265.388069623413,199.026200055444
2017-05-01,2017,"Q2","2016/17","Q4","May",533.37598376007,440.925233737075,47.0326219485111,44.7708657468416,2.26175620166954,361.553886547134,60.3690750138659,301.184811533268,32.33872524143,393.892611788564,88.5414813022466,11.682335597516,11.1205426569355,0.561792940580535,76.8591457047306,14.9949495649142,61.8641961398164,76.8591457047306,3.9092687207477,0.515796533612861,0.490992345362934,0.0248041882499275,3.39347218713484,0.662054513219682,2.73141767391516,3.39347218713484,138.706080911881,288.372506358862,207.901848616186,93.755576775567,344.820817381889,367.78699384179,132.796360482233,295.793863322074,222.742447344141
2017-06-01,2017,"Q2","2016/17","Q4","June",602.158342590194,506.983679829183,38.0421067365967,34.6348061894906,3.40730054710605,370.712055497397,66.1655300228507,304.546525474546,98.22951759519,468.941573092587,91.1502137214217,9.44920013644947,8.60286780744452,0.846332329004952,81.7010135849723,16.4347190246095,65.2662945603627,81.7008664639723,4.02444903958909,0.417199509046044,0.379832385157045,0.0373671238889998,3.60724953054305,0.725622974364593,2.88162655617845,3.60724303488118,138.620080861714,348.249896137874,251.226152786107,86.6548739061692,377.929463715403,436.131802724252,131.788125334702,352.151920157985,267.210660492837
2017-07-01,2017,"Q3","2017/18","Q1","July",462.129758218334,381.954977655551,26.9138974176185,24.6924932563124,2.2214041613061,325.787869928246,66.5350867426216,259.252783185624,29.2532103096867,355.041080237932,76.7845997176425,6.68508726164463,6.13331728083203,0.551769980812606,70.0995124559978,16.5265124531666,53.5730000028312,70.0995124559978,3.39018084514129,0.295158858232849,0.270797202031559,0.02436165620129,3.09502198690844,0.729675822518368,2.36534616439007,3.09502198690844,138.673414226158,249.449251013423,179.88253365321,91.4638155320048,380.040326771548,415.508936032267,132.466686732463,266.618285336088,201.271951396025
2017-08-01,2017,"Q3","2017/18","Q1","August",512.536365398314,420.838714877074,42.8460784977985,42.7751217934388,0.0709567043596389,349.62268672184,61.5854984900479,288.037188231792,28.369949657435,377.992636379275,87.8202265213314,10.6424487368951,10.6248239479958,0.0176247888992987,77.1777777844363,15.2970944738885,61.8806833105478,77.1777777844363,3.87742399990893,0.469883622313525,0.469105455572463,0.000778166741062433,3.4075403775954,0.675394764866865,2.73214561272854,3.4075403775954,138.666525288806,273.573254425481,197.288605779728,96.4981762965513,351.768880396657,364.53422634188,133.12257960205,283.853768452856,213.227364810233
2017-09-01,2017,"Q3","2017/18","Q1","September",587.717337862768,481.121782950368,78.8003156674756,78.7659111907614,0.0344044767141855,377.205646236225,67.7434055982668,309.462240637959,25.1158210466674,402.321467282893,102.088174837213,19.5730472739845,19.5645016172386,0.00854565674590813,82.5151275632281,16.8266442722242,65.688483291004,82.5151275632281,4.50738007518755,0.864185920006312,0.863808613594406,0.000377306411906365,3.64319415518124,0.742927192555172,2.90026696262607,3.64319415518124,138.671562373226,289.284274068675,208.611101741311,103.617664094175,386.942097179092,373.432561486246,134.062965811766,302.123516774394,225.359415961748
2017-10-01,2017,"Q4","2017/18","Q2","October",591.121635686158,488.42941542138,43.8307727780265,43.7894481381181,0.0413246399083432,406.79625880215,69.5789602520315,337.217298550118,37.8023838412036,444.598642643353,98.3498922204368,10.8870349106188,10.8767703688634,0.0102645417553859,87.4628573098181,17.2825738926552,70.1802834171629,87.4628573098181,4.34232804434124,0.480682550278163,0.480229351941892,0.000453198336270894,3.86164549406308,0.76305732114348,3.0985881729196,3.86164549406308,138.688722901755,324.251076223578,233.797723015499,108.238756437751,397.426562212139,367.175839128105,134.685413209194,333.871583775275,247.889935383503
2017-11-01,2017,"Q4","2017/18","Q2","November",575.907326500416,470.852826241486,49.6017822068793,47.7452519266614,1.85653028021792,404.504227808387,77.8021723024575,326.702055505929,16.74681622622,421.251044034607,100.61228349234,12.3204839953433,11.8593442824819,0.461139712861421,88.2917994969969,19.3251205099325,68.9666789870643,88.2917994969969,4.44221676659057,0.543971955281102,0.523611791560439,0.0203601637206626,3.89824481130947,0.853239498854444,3.04500531245503,3.89824481130947,138.693825804732,296.954190715564,214.107721805619,117.537295909582,444.396549744352,378.089819325275,135.912340272052,316.338692359984,232.75200156717
2017-12-01,2017,"Q4","2017/18","Q2","December",580.980942619523,475.880974288832,68.9097095437346,68.8068206763321,0.102888867402584,382.076849614981,62.0335605862322,320.043289028749,24.8944151301157,406.971264745097,100.655828952216,17.1163400947232,17.0907837419526,0.0255563527706617,83.5394888574931,15.4083876903688,68.1311011671243,83.5394888574931,4.44413937847509,0.755717794211824,0.75458943438507,0.00112835982675396,3.68842158426327,0.680308564406006,3.00811301985726,3.68842158426327,138.684703699411,298.241471195354,215.05001145748,120.618024138633,354.328156618938,293.760537987001,136.309446127828,305.615284616307,224.20697412981
2018-01-01,2018,"Q1","2017/18","Q3","January",535.986644943089,443.063595427023,14.4816622170165,14.4809475653054,0.000714651711115228,391.191447229769,66.8759254483918,324.315521781377,37.3904859802378,428.581933210006,88.993809668696,3.5970700977348,3.59689258687577,0.000177510859031568,85.3967395709612,16.6111726736788,68.7855668972824,85.3967395709612,3.92923984737061,0.158817239248681,0.158809401818828,7.83742985320434e-06,3.77042260812193,0.733413726459802,3.03700888166213,3.77042260812193,138.689084101966,312.739751538842,225.49701987282,129.597219830622,381.987156022982,294.74949888757,137.493761000249,321.843827429492,234.078859351959
2018-02-01,2018,"Q1","2017/18","Q3","February",604.996991020743,494.526396566188,74.3017236159871,73.0633471301185,1.23837648586857,399.339793338159,78.0699932581079,321.269800080051,20.884879612042,420.2246729502,105.799358803615,18.4556513074288,18.1480535358262,0.307597771602591,87.3437074961859,19.391644002656,67.9520634935299,87.3437074961859,4.67123565094047,0.814850839584125,0.801269834055283,0.0135810055288424,3.85638481135635,0.856176633014317,3.00020817834203,3.85638481135635,142.660083218382,295.835201015737,207.370691465865,122.891000453969,445.926310483905,362.863276266463,140.06100775676,315.567938456071,225.307488151242
2018-03-01,2018,"Q1","2017/18","Q3","March",601.78441271379,492.756949515577,46.4933716014992,45.7254793304777,0.767892271021492,421.244817331675,81.3059066734296,339.938910658246,25.0187605824024,446.263577914078,104.417250176932,11.5483923201932,11.3576571487066,0.19073517148656,92.8688578567387,20.1954058368075,72.6734520199312,92.8688578567387,4.61021302128147,0.509882692363637,0.501461384871688,0.00842130749194882,4.10033032891783,0.891664191511938,3.20866613740589,4.10033032891783,140.01129033992,315.551218328719,225.37555190201,124.368748141075,464.409454520682,373.413306366877,137.954738294946,335.121867789673,242.921607428362
2018-04-01,2018,"Q2","2017/18","Q4","April",630.630788880082,516.444814390235,86.5979195150463,86.5934198217153,0.00449969333099308,396.629713498867,87.0876712107329,309.542042288134,33.2171813763223,429.846894875189,109.357634445983,21.5098779508609,21.5087602813498,0.00111766951109197,87.8477564951218,21.6315263606545,66.2162301344673,87.8477564951218,4.82834004386364,0.949700545141742,0.949651197983827,4.93471579149462e-05,3.8786394987219,0.955071545449628,2.92356795327227,3.8786394987219,144.652084380383,296.35790433737,204.876345617016,134.556440882265,497.434190665879,369.684414513554,143.324792689719,322.793751055122,225.218362432194
2018-05-01,2018,"Q2","2017/18","Q4","May",583.875905332008,481.323226858921,40.1428029843571,40.1428029843571,0,406.611946141296,89.6629200289324,316.949026112364,34.5684777332678,441.180423874564,98.2162509364359,9.97098772850944,9.97098772850944,0,88.2452632079265,22.2711870832536,65.9740761246729,88.2452632079264,4.33642753665082,0.440237387817817,0.440237387817817,0,3.896190148833,0.983313739029056,2.91287640980395,3.896190148833,144.364084212382,303.930524943587,210.530566935511,143.986474851677,512.143698841204,355.68875435611,144.31443925742,331.304670598841,229.571394451998
2018-06-01,2018,"Q2","2017/18","Q4","June",563.938660514389,461.895678169111,21.9012827878684,21.2978482397665,0.603434548101984,435.525655772183,102.405769090816,333.119886681367,4.46873960906,439.994395381243,97.7281072474016,5.44001429101871,5.29012843286306,0.149885858155649,92.2880929563829,25.4363569811254,66.8517359752575,92.2880929563829,4.3148750978763,0.24018660401337,0.233568868593176,0.00661773542019381,4.07468849386293,1.12306179266014,2.95162670120278,4.07468849386293,141.771082699798,291.887280948866,205.88633125342,141.243875330693,584.929303528428,414.127198194568,141.701769836245,330.414021880002,233.175649296293
2018-07-01,2018,"Q3","2018/19","Q1","July",550.136791547165,451.210890101855,19.0169597061938,18.1151002150072,0.901859491186603,427.928031571601,70.2006369778686,357.727394593733,4.26589882406,432.193930395661,94.7428317341857,4.7235832519694,4.49957224000878,0.224011011960614,90.0192484822163,17.436990887573,72.5822575946433,90.0192484822163,4.18306971112439,0.208554860221241,0.198664363368457,0.00989049685278357,3.97451485090315,0.76987511455856,3.20463973634459,3.97451485090315,135.659079134463,312.988145656733,230.716696334423,139.835005713749,400.977504092584,286.750447104361,136.208095415648,324.556258609661,238.2797128315
2018-08-01,2018,"Q3","2018/19","Q1","August",692.127222597504,565.362867380553,38.6673546903763,38.6673546903763,0,522.403255950176,89.7209236621227,432.682332288054,4.29225674,526.695512690176,121.404139873841,9.60450418128264,9.60450418128264,0,111.799635692558,22.2855944856209,89.5140412069372,111.799635692558,5.36021534311107,0.4240564673411,0.4240564673411,0,4.93615887576997,0.983949852256366,3.9522090235136,4.93615887576997,133.295077755462,377.818785060069,283.445414055874,137.374180116153,512.475008542458,373.050458324226,133.831364389367,395.522271376482,295.537801008854
2018-09-01,2018,"Q3","2018/19","Q1","September",570.607791944237,471.810533268863,17.2940211558003,17.2940211558003,0,450.226443394883,76.8898239227029,373.33661947218,4.29006871818,454.516512113063,94.6196286081303,4.29562611231366,4.29562611231366,0,90.3240024958167,19.0985041846549,71.2254983111618,90.3240024958167,4.17763006724332,0.18965976794053,0.18965976794053,0,3.98797029930279,0.843233972642448,3.14473632666035,3.98797029930279,130.877076344961,326.505156411234,249.47467159997,148.137943989606,439.185326713822,296.470515848822,133.14639243191,341.319413053028,256.348975604109
2018-10-01,2018,"Q4","2018/19","Q2","October",745.208704173438,613.172051976253,87.4714462868849,87.4714462868849,0,521.078303492488,91.9178876732305,429.160415819257,4.62230219688,525.700605689368,126.453498417489,21.7268514573178,21.7268514573178,0,104.726646960171,22.8312938281225,81.8953531320484,104.726646960171,5.58315377969698,0.959280323224827,0.959280323224827,0,4.62387345647215,1.00804347864705,3.6158299778251,4.62387345647215,132.621077362295,375.059016281585,282.804983748545,151.162317433979,525.02379988794,347.324524259989,135.058726224038,394.775145442641,292.298880997724
2018-11-01,2018,"Q4","2018/19","Q2","November",640.86129794326,528.390081552445,44.324882789615,44.324882789615,0,479.47600382231,85.4540517011037,394.021952121207,4.58919494052,484.06519876283,107.715384684618,11.0097658734766,11.0097658734766,0,96.705618811141,21.2257549926234,75.4798638185176,96.705618811141,4.75583170619709,0.486101347288454,0.486101347288454,0,4.26973035890864,0.937155995658857,3.33257436324978,4.26973035890864,130.867076339128,344.648826443758,263.357932403592,122.421377248321,488.103154626782,398.707452569095,129.75670568993,363.509014783664,280.146611961862
2018-12-01,2018,"Q4","2018/19","Q2","December",688.568233190731,569.701243092698,85.3348342364551,85.3348342364551,0,479.087385909012,88.2153777809034,390.872008128109,5.27902294723,484.366408856242,113.840713878489,21.1961428133867,21.1961428133867,0,92.644571065102,21.9116350610089,70.7329360040931,92.644571065102,5.02627621954493,0.935848563658166,0.935848563658166,0,4.09042765588677,0.967438858087719,3.12298879779905,4.09042765588677,130.321076020628,342.521750736332,262.82913032587,106.059704763545,503.875513498866,475.086664272952,127.131391630561,363.735208661222,286.109672832202
2019-01-01,2019,"Q1","2018/19","Q3","January",627.292093394288,519.50347168509,23.6961442782482,22.5717909657595,1.12435331248867,490.587953040442,76.7557439201941,413.832209120248,5.2193743664,495.807327406842,103.23079294961,5.88583622084072,5.60656042921993,0.279275791620782,97.3449567287696,19.065200330408,78.2797563983616,97.3449567287696,4.5578287595879,0.25987045953107,0.24753992134052,0.0123305381905495,4.29795830005683,0.841763546422185,3.45619475363464,4.29795830005683,131.034076436545,362.322121527892,276.509844905384,111.338269595028,438.419478039662,393.772491376352,128.444634687088,372.326772444732,289.873355435812
2019-02-01,2019,"Q1","2018/19","Q3","February",631.815600385793,522.793766178803,48.70066036529,48.0381464667879,0.662513898502088,469.540363082033,74.356800955458,395.183562126575,4.55274273148,474.093105813513,104.411859206918,12.096656206639,11.9320957509453,0.164560455693776,92.3152030002788,18.4693318537573,73.8458711465215,92.3152030002788,4.60997500007219,0.534089548070986,0.52682390226685,0.00726564580413612,4.07588545200121,0.815454860784789,3.26043059121642,4.07588545200121,133.418077827212,345.621665053333,259.051599814639,120.467744712825,424.717007465732,352.556618768107,131.715475161294,356.020466355472,270.295093207158
2019-03-01,2019,"Q1","2018/19","Q3","March",916.569223319327,747.562461571242,42.24528918113,42.24528918113,0,701.284015432272,75.6304554186655,625.653560013607,4.03315695784,705.317172390112,161.860331382378,10.493219922299,10.493219922299,0,151.367111460079,18.7856922491176,132.581419210962,151.173189863846,7.14643036570627,0.463294896571029,0.463294896571029,0,6.68313546913524,0.829422752216871,5.85371271691837,6.67457347514912,133.070077624212,544.442345958341,409.139571929791,124.750708348335,431.991966920792,346.284179577211,131.976315774015,529.65830037112,401.328296872647
2019-04-01,2019,"Q2","2018/19","Q4","April",796.059208406796,656.579759543569,148.634785000695,90.6046995712297,58.0300854294652,503.390372125205,85.0537719477162,418.336600177488,4.55460241767,507.944974542875,133.581577331708,36.9190865383538,22.505113754066,14.4139727842878,96.6624907933542,21.12633033335,75.5361604600042,96.6624907933542,5.89787153151836,1.63004535366071,0.993642030398316,0.636403323262395,4.26782617785765,0.932766214678781,3.33505996317887,4.26782617785765,133.541077898962,365.641948957441,273.804850694771,133.748688968551,485.816805337633,363.231078438359,133.568372884924,381.441544924736,285.577743208243
2019-05-01,2019,"Q2","2018/19","Q4","May",682.563681462349,566.130021492891,32.4262386521164,32.2578394728069,0.168399179309516,529.827733885034,84.39609559355,445.431638291485,3.87604895574,533.703782840774,111.510276818455,8.05428628907561,8.0124579655517,0.0418283235239093,103.45599052938,20.962971465279,82.4930190641008,103.45599052938,4.92338315100274,0.355611505417986,0.353764708251411,0.0018467971665749,4.56777164558475,0.925553621171035,3.64221802441372,4.56777164558475,131.100076475045,388.482279693837,296.324983279309,132.490098777414,482.060237956665,363.846236364073,131.282825108365,400.785135520181,305.283752988527
2019-06-01,2019,"Q2","2018/19","Q4","June",742.25352953516,615.483410281602,118.819016431122,107.69659916781,11.1224172633124,491.83148273102,81.1603063830844,410.671176347936,4.83291111946,496.66439385048,121.40966017886,29.5132095088116,26.7505353107227,2.7626741980889,91.8964506700483,20.1592404821145,71.7372101879337,91.8964506700483,5.36045907469792,1.30306230576632,1.18108517516763,0.121977130598691,4.05739676893161,0.890067424801052,3.16732934413055,4.05739676893161,133.614077941545,359.254870777728,268.87501400481,118.908595670074,463.577803362927,389.860632657019,131.680722783971,372.970386939902,283.238411101206
2019-07-01,2019,"Q3","2019/20","Q1","July",653.52589046891,545.677842907419,23.0383288520848,23.0383288520848,0,517.885898108324,78.7740745527637,439.111823555561,4.75361594701,522.639514055334,103.287705986966,5.72244280896423,5.72244280896423,0,97.565263178002,19.5665292978263,77.9987338801757,97.565263178002,4.56034157452465,0.252656340850984,0.252656340850984,0,4.30768523367366,0.863898139409659,3.443787094264,4.30768523367366,133.436077837712,383.776780833012,287.610957285308,120.223540645888,449.94793724348,374.259429414723,131.699002748783,392.476417075277,298.010166275844
2019-08-01,2019,"Q3","2019/20","Q1","August",619.262901140064,517.932292860496,31.0633396519851,31.0633396519851,0,482.307444986941,69.45594106266,412.851503924281,4.56150822157,486.868953208511,97.0458558324208,7.71575862794535,7.71575862794535,0,89.3300972044755,17.252017410885,72.0780797935904,89.3300972044755,4.28475244714758,0.340664888563374,0.340664888563374,0,3.94408755858421,0.761708196454766,3.18237936212945,3.94408755858421,128.181074772294,360.905373165954,281.55901626436,111.300699738576,396.723891557951,356.443304031132,125.961782706195,365.614495654525,290.258273421962
2019-09-01,2019,"Q3","2019/20","Q1","September",632.969716243487,523.370459573128,38.6283263131294,38.6283263131294,0,480.656078364719,83.5327601651462,397.123318199573,4.08605489528,484.742133259999,104.96486543165,9.59481000345596,9.59481000345596,0,95.3700554281942,20.7485293655194,74.6215260626747,93.4411040933845,4.63439123870892,0.423628451617917,0.423628451617917,0,4.210762787091,0.916085609334413,3.29467717775659,4.12559604935285,128.611075023127,346.895315433725,269.724295027738,117.08645763216,477.128970945723,407.50141442034,127.095913666255,364.017359099197,286.411536451976
2019-10-01,2019,"Q4","2019/20","Q2","October",652.730091528454,537.002843369179,31.7002407514894,31.3538734810814,0.346367270408002,500.38400332862,83.3166117858569,417.067391542763,4.91859928907,505.30260261769,110.833735545751,7.87395717352041,7.78792372428316,0.086033449237247,102.959778372231,20.6948407170643,82.2649376551664,102.936012033046,4.89351261352382,0.347649644372612,0.343851109865457,0.00379853450715502,4.54586296915121,0.913715157078838,3.63214781207237,4.54481364170585,129.775075702128,364.85928100093,281.147422975419,111.526118877287,475.894357680484,426.711126031484,127.37585382376,379.457254342247,297.903600212387
2019-11-01,2019,"Q4","2019/20","Q2","November",631.779215905671,521.393090276002,26.6720660752754,24.9249801838869,1.74708589138853,488.831287562006,78.0457564299278,410.785531132078,5.88973663872,494.721024200726,105.718461732716,6.62501927516616,6.19106422747118,0.433955047694983,99.09344245755,19.3856238670801,79.70781859047,99.09344245755,4.66766389695339,0.292506746508436,0.273346835591952,0.019159910916484,4.37515715044495,0.855910832992053,3.5192463174529,4.37515715044495,132.713077415962,360.267501558621,271.46345226359,117.856639689422,445.787872667823,378.245870442743,130.759875883937,371.511012482602,284.116981582604
2019-12-01,2019,"Q4","2019/20","Q2","December",694.59287130345,576.162031188768,43.5797146391625,43.5797146391625,0,526.097831864855,86.1701007632567,439.927731101599,6.48448468475,532.582316549605,113.423006444138,10.8246750992541,10.8246750992541,0,102.598331344884,21.4036129367864,81.1947184080973,99.3562717256189,5.007833670544,0.477929250283468,0.477929250283468,0,4.52990442026053,0.945008749956918,3.58489567030361,4.38676154446962,135.231078884796,385.978785126893,285.421656256777,123.698752367684,492.193139819373,397.896608008117,133.714903995792,399.942969820895,299.101265355941
2020-01-01,2020,"Q1","2019/20","Q3","January",722.983522482305,597.330610277615,45.9692829196182,33.18478238329,12.7845005363282,543.835229163136,87.6041510530233,456.231078110113,7.52609819486,551.361327357996,120.339694094178,11.4182150174841,8.24269939610296,3.17551562138113,108.921479076694,21.7598137194497,87.161665357244,108.921479076694,5.31321811051267,0.504135125797693,0.363930289507068,0.140204836290625,4.80908298471498,0.96073566752698,3.848347317188,4.80908298471498,136.653079714296,400.975656969345,293.425993623907,119.472143516852,500.38426073634,418.829231657471,134.39427235279,414.045077832413,308.08238370868
2020-02-01,2020,"Q1","2019/20","Q3","February",661.348550447464,547.971477948839,20.2160360704179,20.2160360704179,0,521.795581018631,81.003886132232,440.791694886399,5.95986085979,527.755441878421,108.58293677708,5.02141934771695,5.02141934771695,0,103.561517429363,20.120387579831,83.4411298495323,103.561517429363,4.7941357215445,0.221704869865206,0.221704869865206,0,4.57243085167929,0.888351997937016,3.68407885374227,4.57243085167929,131.256076566045,386.272186653134,294.288993514728,103.31710524256,462.684349906143,447.829378126581,127.582891742288,396.318225756065,310.635870016657
2020-03-01,2020,"Q1","2019/20","Q3","March",643.177253820882,529.485676995916,70.4939333910326,68.5463327856031,1.94760060542949,454.955680674854,71.4816334037162,383.474047271137,4.03606293003,458.991743604884,108.884142326232,17.5098421764482,17.0260816940439,0.48376048240434,91.3743001497839,17.755174937834,73.61912521195,91.3743001497839,4.80743449873341,0.773091632519152,0.751732720352984,0.0213589121661682,4.03434286621426,0.783923523697774,3.25041934251649,4.03434286621426,126.397073731626,335.050601821835,265.077815435217,61.9526932890843,408.294399945677,659.042211515308,117.924459708826,344.680090487965,292.288886749224
2020-04-01,2020,"Q2","2019/20","Q4","April",419.261388642973,342.500051681964,27.4259898063862,27.4259898063862,0,314.959483602095,40.5034028589804,274.456080743114,0.114578273482533,315.074061875577,73.5154931634218,6.81228482994239,6.81228482994239,0,66.7032083334794,10.060556384843,56.6426519486364,66.7032083334794,3.24584379758749,0.300774864061847,0.300774864061847,0,2.94506893352564,0.444192008199294,2.50087692532635,2.94506893352564,122.802071634542,237.400424206665,193.319559716523,43.8440224792974,231.350513112445,527.667171098832,112.421320514091,236.605031944041,210.462775977076
2020-05-01,2020,"Q2","2019/20","Q4","May",512.41717468935,438.709149911269,28.6954692943559,28.6954692943559,0,409.946277269825,33.8889199407904,376.057357329034,0.0674033470886836,410.013680616913,70.5912899148006,7.12760821184654,7.12760821184654,0,63.4636817029541,8.41759866628484,55.0460830366692,63.4636817029541,3.11673486327996,0.314696969448704,0.314696969448704,0,2.80203789383125,0.371652412924787,2.43038548090647,2.80203789383125,123.764965016126,325.206553602454,262.76139904381,58.270847356804,193.569390809595,332.189078398552,115.154340228041,307.899988410244,267.380272250709
2020-06-01,2020,"Q2","2019/20","Q4","June",626.757975663381,531.647624393884,9.73853606671856,9.73853606671856,0,521.768486842145,56.7334939202175,465.034992921928,0.140601485020041,521.909088327165,91.088621633505,2.41893481261726,2.41893481261726,0,88.6696868208877,14.0919151035465,74.5777717173413,88.6696835123278,4.02172963599207,0.106800406559862,0.106800406559862,0,3.91492922943221,0.622183886236027,3.29274534319619,3.91492908335323,128.659075051127,402.202055523062,312.610715849802,74.1253267794805,324.054820154301,437.171523193887,121.489428960198,391.92790349178,322.602474014576
2020-07-01,2020,"Q3","2020/21","Q1","July",734.844103857827,618.045209053113,52.455466757738,52.455466757738,0,563.925976713921,47.9573990578077,515.968577656114,1.6637655814535,565.589742295375,111.860067743123,13.029304793152,13.029304793152,0,98.8307629499709,11.9120390691943,86.9187238807767,98.8264021289279,4.93882706159123,0.57526769297076,0.57526769297076,0,4.36355936862047,0.525938362998046,3.83762100562242,4.36336683037681,132.109077063628,447.557427686622,338.778710467459,80.4182777351638,273.926833214265,340.627579859855,125.313198381381,424.729913488929,338.934700394683
2020-08-01,2020,"Q3","2020/21","Q1","August",796.362526116406,666.472062290907,26.7132564484159,26.7132564484159,0,637.706127142785,63.6241254744002,574.082001668384,2.0526786997065,639.758805842491,124.398061360077,6.63525046667704,6.63525046667704,0,117.7628108934,15.8034648101081,101.959346083292,117.7628108934,5.49240246542228,0.292958472370272,0.292958472370272,0,5.19944399305201,0.697751943529149,4.50169204952286,5.19944399305201,137.46408018738,498.139961529133,362.37827427362,83.1420923279222,363.41326989442,437.099018943468,130.322274603652,480.427210643002,368.645507534396
2020-09-01,2020,"Q3","2020/21","Q1","September",855.658210530955,712.686059699601,98.536726611471,98.536726611471,0,611.697700150962,57.2268696974813,554.47083045348,2.451632937168,614.14933308813,136.9265908219,24.475333529483,24.475333529483,0,112.451257292417,14.2144636914605,98.2367936009564,112.451257292417,6.0455600094539,1.08063084544586,1.08063084544586,0,4.96492916400804,0.627594631058203,4.33733453294984,4.96492916400804,141.028082266381,481.528614647674,341.441652548418,77.1872700803055,326.872922614103,423.480351454359,132.634820404907,461.195763652267,347.718466571847
2020-10-01,2020,"Q4","2020/21","Q2","October",746.459046051157,621.3059116832,11.8371548931495,11.8371548931495,0,605.779807323248,60.531049853852,545.248757469396,3.6889494668025,609.468756790051,119.861049302487,2.94020639829391,2.94020639829391,0,116.920842904193,15.0351821600934,101.8856607441,116.920842904193,5.29208506547001,0.129815502703827,0.129815502703827,0,5.16226956276618,0.663830856054422,4.49843870671176,5.16226956276618,143.237083554965,474.624801340519,331.356091286505,76.0226045302985,345.745997976531,454.793676318647,134.400279886299,457.680882427418,340.535661692529
2020-11-01,2020,"Q4","2020/21","Q2","November",843.076390545234,703.772923276271,36.6663678984463,36.6663678984463,0,662.689252898785,51.4032437891125,611.286009109672,4.41730247904,667.106555377825,133.413037097755,9.10748321453505,9.10748321453505,0,124.30555388322,12.7679453083171,111.537608574903,124.30555388322,5.89043017120805,0.402112080481007,0.402112080481007,0,5.48831809072704,0.5637281925704,4.92458989815664,5.48831809072704,149.611087273134,532.351955886785,355.823866793313,81.2072447206524,293.609079406486,361.555278000728,140.617915926871,500.964017493706,356.259025879914
2020-12-01,2020,"Q4","2020/21","Q2","December",940.354383723564,788.195041224365,63.7864319079862,63.7864319079862,0,719.545245802817,88.8226592184283,630.722586584388,4.8633635135625,724.408609316379,145.725303207427,15.8437797691351,15.8437797691351,0,129.881523438292,22.0624764400643,107.819046998228,129.881523438292,6.43403929177108,0.699531922878767,0.699531922878767,0,5.73450736889231,0.974098781507377,4.76040858738494,5.73450736889231,156.59609134772,549.542965419073,350.930192886372,93.6804370626633,507.344231242513,541.569026736231,148.32446159368,543.995024939647,366.760154794877
2021-01-01,2021,"Q1","2020/21","Q3","January",664.09934732325,561.611904501755,27.0918584220781,20.0748215029764,7.01703691910173,529.721360083487,61.2306228505943,468.490737232892,4.79868599619,534.520046079676,98.1537737664379,6.72929062712241,4.98634335365659,1.74294727346582,91.4244831393155,15.2089476484783,76.2155354908372,91.4244831393155,4.33366905505731,0.297110517855802,0.220156200423352,0.0769543174324501,4.03655853720151,0.671502920927265,3.36505561627424,4.03655853720151,136.653079714296,409.217467917139,299.457186601794,119.472143516852,349.741873886499,292.739264226199,134.39427235279,401.398108827363,298.672035496927
2021-02-01,2021,"Q1","2020/21","Q3","February",712.609124767009,600.318863825795,6.88317903232136,6.88317903232136,0,588.617993441153,66.7461818368874,521.871811604266,4.81769135232,593.435684793473,107.542080914196,1.70969859008486,1.70969859008486,0,105.832382324111,16.5789459266162,89.2534363974945,105.832382324111,4.74818002701877,0.0754863271070619,0.0754863271070619,0,4.6726936999117,0.731990856496362,3.94070284341534,4.6726936999117,168.027098015807,455.388466760875,271.020848505064,116.391415287801,381.246076287062,327.555151163302,161.238465608235,445.640838606199,276.386181749574
2021-03-01,2021,"Q1","2020/21","Q3","March",804.983523301097,673.093382672801,37.5365265565995,36.8393441095338,0.697182447065745,630.203358179801,78.0681742044642,552.135183975337,5.3534979364,635.556856116201,126.313182072471,9.32362012220648,9.15044841750679,0.173171704699685,116.989561950264,19.3911921716872,97.5983697785771,116.989561950264,5.5769585558254,0.411654921193992,0.404009072959421,0.00764584823457046,5.16530363463141,0.856156683848716,4.30914695078269,5.16530363463141,169.885099099641,482.01818085836,283.731877258785,122.458947104773,445.915920270635,364.135027136172,163.649900969411,477.27175429316,291.641945070514
2021-04-01,2021,"Q2","2020/21","Q4","April",830.126699527594,700.856392914434,13.3310564841599,13.3310564841599,0,682.746473267954,86.7549827213292,595.991490546625,4.77886316232,687.525336430274,123.804127420037,3.31127352176733,3.31127352176733,0,120.49285389827,21.5488905555127,98.9439633427568,120.49285389827,5.46617919312281,0.146198796474807,0.146198796474807,0,5.319980396648,0.951423023158117,4.36855737348989,5.319980396648,174.300101675059,519.440559789277,298.015064132119,121.669980119284,495.533914459504,407.277057145638,167.380728676932,516.297511829653,308.456962704576
2021-05-01,2021,"Q2","2020/21","Q4","May",928.548414440161,779.88122217103,96.718846674105,93.2699411474877,3.44890552661734,678.311706530845,78.8852610540465,599.426445476798,4.85066896608,683.162375496925,142.380818125118,24.0237940952675,23.1671275915336,0.856666503733947,118.357024029851,19.5941466826985,98.7628773471524,118.357024029851,6.28637414401231,1.0606945516274,1.02287115497869,0.0378233966487122,5.22567959238491,0.865117497582141,4.36056209480277,5.22567959238491,186.36510871298,522.47258982777,280.348930889433,127.81265164916,450.583021021811,352.533974694962,178.667116034927,513.021144029458,287.13797782977
2021-06-01,2021,"Q2","2020/21","Q4","June",1078.35396613426,897.935423746235,19.1065796683212,19.1065796683212,0,875.037393148025,89.1194399323175,785.917953215708,3.79145092988837,878.828844077913,172.78956626587,4.74584376882844,4.74584376882844,0,168.043722497042,22.1361931871834,145.907529309858,168.043722497042,7.6289761221511,0.20953770285031,0.20953770285031,0,7.41943841930079,0.97735351103606,6.44208490826473,7.41943841930079,183.701107158979,682.801826734243,371.691731908469,137.261470546798,509.039406600476,370.85381977379,177.595607910291,659.956981189119,371.606589236421
2021-07-01,2021,"Q3","2021/22","Q1","July",621.530066250798,510.88913312768,27.9292558786468,27.9292558786468,0,478.034429855724,58.8300298948979,419.204399960826,4.92544739330944,482.959877249034,105.962494722294,6.93729004775542,6.93729004775542,0,99.0252046745385,14.6126693339888,84.4125353405497,99.0251814008926,4.67843840082384,0.306294073597755,0.306294073597755,0,4.37214432722609,0.64517614019794,3.72696818702815,4.37214329965195,183.372106967062,366.712911136269,199.982929356938,139.741081072619,336.029978764795,240.46613650439,177.635860621238,362.67897301341,204.169907891924
2021-08-01,2021,"Q3","2021/22","Q1","August",663.757457217857,544.59783238765,39.7155200310665,39.7155200310665,0,499.269018661812,82.7074536390744,416.561565022737,5.61329369477179,504.882312356583,114.120974586603,9.86485580031493,9.86485580031493,0,104.256118786288,20.5435331860816,83.7125856002063,104.256118786288,5.03865024360429,0.435551468618575,0.435551468618575,0,4.60309877498571,0.907034652197006,3.69606412278871,4.60309877498571,181.620105945062,365.022580737104,200.981371989464,131.532067437892,472.41492040171,359.163304891242,175.034944996719,379.14163715033,216.609110345045
2021-09-01,2021,"Q3","2021/22","Q1","September",622.839763200405,514.565692997082,25.3141783567988,25.3141783567988,0,484.297999249321,81.7491802763616,402.54881897296,4.9535153909616,489.251514640283,103.695714313202,6.28773635591162,6.28773635591162,0,97.4079779572901,20.3055096493621,77.102468307928,97.4079779572902,4.57835589012111,0.277615087289597,0.277615087289597,0,4.30074080283152,0.896525476687251,3.40421532614426,4.30074080283152,179.53568323456,352.336361757261,196.248653977572,140.135564565364,466.941379451646,333.206906398018,174.355681570423,367.403681410779,210.720796765309
2021-10-01,2021,"Q4","2021/22","Q2","October",644.349397377146,531.496231083609,32.7335433396917,32.7335433396917,0,493.789819005668,88.695541908141,405.094277097527,4.97286873824988,498.762687743918,108.081183882157,8.13061706423152,8.13061706423152,0,99.950566817925,22.030902034524,77.9196647834011,99.950566817925,4.77198241138049,0.358981649076739,0.358981649076739,0,4.41300076230375,0.972704713618069,3.44029604868568,4.41300076230375,185.772108367063,354.553959710405,190.854247619265,157.135924609821,506.618152619864,322.407593220857,182.007259820223,374.546101839216,205.786352813164
2021-11-01,2021,"Q4","2021/22","Q2","November",737.464889679893,608.30784542285,36.8207240316684,20.0345058084663,16.7862182232021,562.230547998749,102.048737540904,460.181810457845,9.25657339243267,571.487121391182,123.695654348874,9.14582341491362,4.97632942175992,4.1694939931537,114.54983093396,25.3476746535797,89.2021562803806,114.54983093396,5.46138990816954,0.403804870616012,0.219714066971782,0.18409080364423,5.05758503755353,1.11914630531954,3.93843873223399,5.05758503755353,186.12210857123,405.887766246032,218.076062732062,151.725865280756,582.889982719828,384.173114874803,181.599975047201,429.158553412644,236.320821795873
2021-12-01,2021,"Q4","2021/22","Q2","December",752.841099604515,616.714005685776,32.3089089235066,32.3089089235066,0,574.483495222646,106.691626562974,467.791868659672,9.92160153962304,584.405096762269,130.370976308331,8.02514300068558,8.02514300068558,0,122.345833307645,26.5009122459305,95.8449210617148,122.345833307645,5.75611761040828,0.354324775807782,0.354324775807782,0,5.4017928346005,1.17006385922829,4.23172897537221,5.4017928346005,188.571109999814,413.042605793125,219.038115538235,139.590801646812,609.409600375656,436.568594195457,182.131584248415,438.859313789852,240.957281297943
2022-01-01,2022,"Q1","2021/22","Q3","January",692.923234504041,571.496844321785,16.7367751033288,15.536448098305,1.20032700502377,546.709721328355,104.503364625711,442.206356702643,8.05034789010186,554.760069218457,116.291890041427,4.15721291896693,3.85906617914026,0.298146739826673,112.13467712246,25.9573743935361,86.1773027289239,112.13467712246,5.13450014082886,0.183548571704247,0.170384846554691,0.0131637251495559,4.95095156912462,1.14606566658845,3.80488590253617,4.95095156912462,197.420115161734,389.302823014864,197.195114943547,160.667491116294,596.910514218061,371.519160516427,192.588184189262,416.597364814326,216.31512159901
2022-02-01,2022,"Q1","2021/22","Q3","February",767.954997385963,629.662490400769,54.7277124787708,54.7277124787708,0,565.858603647946,100.015600456229,465.843003191717,9.07617427405252,574.934777921998,132.44482514663,13.5937032037315,13.5937032037315,0,118.851121942899,24.8426679421756,94.0084540007234,118.851121942899,5.84768183856309,0.600186917497695,0.600186917497695,0,5.24749492106539,1.09684933319276,4.15064558787263,5.24749492106539,207.677734981897,410.626592797882,197.722973449068,179.88447269141,571.276950861611,317.579912437262,204.023706776417,431.747572891906,211.616375230867
2022-03-01,2022,"Q1","2021/22","Q3","March",801.151588199236,656.687312233377,27.8666989480262,27.8666989480262,0,619.804572050758,123.145485726361,496.659086324398,9.01604123459247,628.820613285351,138.355621626566,6.92175166126572,6.92175166126572,0,131.433869965301,30.5878522602758,100.846017705025,131.433869965301,6.10865433929233,0.305608025348034,0.305608025348034,0,5.8030463139443,1.35050975336364,4.45253656058066,5.8030463139443,224.54513098466,437.218930177122,194.713164458236,217.13498536341,703.392043613394,323.942289832362,223.570906338997,472.213169207836,211.214051479411
2022-04-01,2022,"Q2","2021/22","Q4","April",704.001315376905,577.621734433054,12.1834615114323,12.1834615114323,0,556.724085122039,117.492732025149,439.231353096891,8.71418779958229,565.438272921622,121.035635734081,3.02622478227536,3.02622478227536,0,118.009410951806,29.1837764709236,88.825634480882,118.009410951806,5.34394520976971,0.13361337205232,0.13361337205232,0,5.21033183771739,1.28851723320084,3.92181460451655,5.21033183771739,225.578162291021,387.304535055505,171.694161847031,198.706970773782,671.104201680041,337.735610918279,222.045360322954,424.6161674833,191.229470800794
2022-05-01,2022,"Q2","2021/22","Q4","May",781.405491464761,644.422392086787,28.1636841057287,28.1636841057287,0,607.323240211649,112.80237291229,494.520867299359,8.93546776940909,616.258707981058,131.190785680831,6.99551918976029,6.99551918976029,0,124.19526649107,28.0187478809959,96.1765186100744,124.19526649107,5.79231369714359,0.308864996967543,0.308864996967543,0,5.48344870017605,1.23707908513288,4.24636961504317,5.48344870017605,215.164125512407,435.300508593796,202.310913846415,211.086238474664,644.313440636594,305.237065804235,214.627998659109,462.779799833959,215.61949173695
2022-06-01,2022,"Q2","2021/22","Q4","June",889.110473212325,730.238819037636,33.3819655274738,33.3819655274738,0,687.968287908968,158.583651547663,529.384636361305,8.88856560119461,696.856853510163,152.153785600079,8.29167730907262,8.29167730907262,0,143.862108291007,39.3902649035281,104.471843387478,143.862108291007,6.71786857460954,0.366092754154866,0.366092754154866,0,6.35177582045468,1.73915240884298,4.6126234116117,6.35177582045468,206.464120437404,465.404012732668,225.416412181782,225.569418136848,905.810538549911,401.5661990139,208.975926929863,523.305019472873,250.414020007437
2022-07-01,2022,"Q3","2022/23","Q1","July",825.106095257418,672.856250098771,22.3380725668651,22.3380725668651,0,641.672103808511,175.302400248643,466.369703559868,8.84607372339534,650.518177531906,145.811978972928,5.54850759996904,5.54850759996904,0,140.263471372959,43.5430002817343,96.7204710912244,140.263443444584,6.43786618571881,0.244976782502051,0.244976782502051,0,6.19288940321676,1.92250328891406,4.2703861143027,6.19288817012779,188.058004660166,410.883040164636,218.487397495858,204.605438236721,1001.30599862363,489.383863524271,190.233524337744,488.506966453803,256.793311354785
2022-08-01,2022,"Q3","2022/23","Q1","August",1013.86796398258,822.988073156566,19.6929167929026,19.6929167929026,0,794.405120665664,183.114348252729,611.290772412935,8.89003569799967,803.295156363664,182.80855785748,4.89148283335137,4.89148283335137,0,177.917075024129,45.4833938739517,132.433681150177,177.917075024129,8.0713329685293,0.21596793454606,0.21596793454606,0,7.85536503398324,2.00817522329362,5.84718981068962,7.85536503398324,188.460109935064,536.223307536545,284.528809688855,185.219392307572,1045.92689592072,564.696213981672,188.034047190321,603.234918801328,320.811538024684
2022-09-01,2022,"Q3","2022/23","Q1","September",821.454140107474,674.587811797977,33.6521635075383,33.6521635075383,0,632.060756616243,116.966735815139,515.094020801104,8.87489167419655,640.935648290439,140.656103478994,8.35879122596928,8.35879122596928,0,132.297312253025,29.0531253612516,103.244186891773,132.297312253025,6.21022483050248,0.3690559566244,0.3690559566244,0,5.84116887387808,1.28274874718886,4.55842012668923,5.84116887387808,185.19210802873,453.036178513242,244.630391292355,169.364912884895,668.099775274075,394.47354466396,183.111279342095,481.310961096252,262.851618330431
2022-10-01,2022,"Q4","2022/23","Q2","October",802.819810619795,655.881350691756,23.5390261034873,23.5390261034873,0,623.471990889738,130.019461109093,493.452529780644,8.87033369853051,632.342324588268,140.72518502082,5.84680996268238,5.84680996268238,0,134.878375058137,32.295264774893,102.583110283244,134.878375058137,6.21327490721984,0.258147378687353,0.258147378687353,0,5.95512752853249,1.42589514604779,4.5292323824847,5.95512752853249,182.985040096308,434.32048167774,237.352999703773,174.944036567993,742.655355327089,424.510243330558,181.927875471813,474.85780015703,261.014316209394
2022-11-01,2022,"Q4","2022/23","Q2","November",779.627312712634,636.206594718038,26.583638171788,22.0038323839789,4.5798057878091,600.744536189341,122.175950792805,478.568585396536,8.87842035690891,609.62295654625,137.3561903772,6.60305485128489,5.46548637289548,1.13756847838941,130.753135525915,30.3470314852888,100.406104040626,130.753135525915,6.06452761739631,0.291536976927157,0.241311243125666,0.0502257338014904,5.77299064046915,1.33987707465625,4.4331135658129,5.77299064046915,184.114979899809,421.458455752702,228.91046452714,171.074341353454,697.85417793975,407.924515399959,182.40050462275,457.796678815176,250.984326914015
2022-12-01,2022,"Q4","2022/23","Q2","December",826.16141525293,674.586649494242,22.9426208650268,22.9426208650268,0,642.76948005267,125.03665541862,517.73282463405,8.87454857654533,651.644028629216,145.165445223292,5.69867010019631,5.69867010019631,0,139.466775123095,31.0575959849828,108.409179138113,139.466775123095,6.40932053539552,0.251606732176869,0.251606732176869,0,6.15771380321865,1.37124979998084,4.78646400323781,6.15771380321865,185.97156556988,455.317455398598,244.831759093574,151.970069347693,714.194174985178,469.957129091761,181.501330124834,489.352424925559,269.613685249022
2023-01-01,2023,"Q1","2022/23","Q3","January",795.943624567371,651.80685766819,7.40783503259453,7.1985509465151,0.209284086079435,631.065651635595,134.57331562224,496.492336013355,13.333371,644.399022635595,138.041961240942,1.84001680783491,1.78803316695952,0.0519836408753902,136.201944433107,33.4263872698942,102.775557163213,136.201944433107,6.09480565823996,0.0812401153304007,0.0789449422852261,0.00229517304517457,6.01356554290956,1.4758362778654,4.53772926504416,6.01356554290956,189.186786934015,440.807621433131,233.001272751081,156.08396862917,768.666418691915,492.469806760323,184.834702227205,483.911783876432,261.807862942096
2023-02-01,2023,"Q1","2022/23","Q3","February",784.487489938032,643.972084191392,13.1077962292767,11.8299101147732,1.27788611450344,619.167723962115,143.085689448176,476.08203451394,11.696564,630.864287962115,134.573728904301,3.25581836925664,2.93840688279139,0.317411486465249,131.317910535045,35.5407581819593,95.7771523530854,131.317910535045,5.94167684233918,0.143750349826684,0.129736050795376,0.0140142990313078,5.79792649251249,1.56918962986523,4.22873686264726,5.79792649251249,189.019548378152,421.74515886325,223.122509011347,155.370141356585,817.2880631323,526.026465572024,184.595602708537,473.747867777755,256.640927967157
2023-03-01,2023,"Q1","2022/23","Q3","March",770.800750444944,639.040376256021,12.4327440991926,12.3718923794544,0.0608517197382592,616.671797156828,122.613125507682,494.058671649147,9.935835,626.607632156828,126.188902791205,3.08814356817722,3.0730287354884,0.0151148326888214,123.100759223027,30.4556204076654,92.6451388153619,123.100759223027,5.57147139771888,0.136347199964307,0.135679852391388,0.000667347572919418,5.43512419775457,1.34467147465299,4.09045272310159,5.43512419775457,184.714107749896,435.765824742053,235.913666828352,147.51804135815,700.351266763586,474.756348657887,179.82387664612,470.551329869209,261.67344328541
2023-04-01,2023,"Q2","2022/23","Q4","April",792.275338083377,661.72838299393,10.1467594921959,5.65955088837877,4.48720860381714,642.167173501734,131.123362906148,511.043810595586,9.41445,651.581623501734,125.026792970772,2.5203325841558,1.40576412860083,1.11456845555498,122.506460386616,32.5694606569345,89.9369997296817,122.506460386616,5.52016211867505,0.111277304063711,0.0620670634358238,0.0492102406278873,5.40888481461134,1.43800139691752,3.97088341769382,5.40888481461134,186.67710889498,450.000784096113,241.058363695397,158.000031308214,748.960708189997,474.025670747485,182.90688396573,489.30556176236,267.516208878195
2023-05-01,2023,"Q2","2022/23","Q4","May",1060.4782246385,892.420726978088,14.899351073436,13.0351025204347,1.86424855300124,867.453853904652,108.100085073197,759.353768831455,10.067522,877.521375904652,160.951206811205,3.70081896806945,3.23776212940997,0.463056838659483,157.250387843136,26.8507563394538,130.399631503682,157.250387843136,7.10629084920983,0.163397942074599,0.142953133735325,0.0204448083392738,6.94289290713523,1.18551011731923,5.757382789816,6.94289290713523,179.982104989561,665.260233891146,369.625765811401,142.201906670215,617.454544159074,434.209750500064,175.01507705219,658.975137278964,376.52478196633
2023-06-01,2023,"Q2","2022/23","Q4","June",1046.16669676293,879.3667147252,21.0937362475491,21.0937362475491,0,848.964836477651,118.016871677237,730.947964800414,9.308142,858.272978477651,159.746865083687,5.23942947767465,5.23942947767465,0,154.507435606012,29.313966434017,125.193469171995,154.507435606012,7.0531169540453,0.231330416776269,0.231330416776269,0,6.82178653726903,1.29426535874596,5.52752117852308,6.82178653726903,176.635103037143,640.043311275186,362.353405563217,140.680327483915,674.098023652862,479.170069980065,171.908066584205,644.520543140124,374.921640355033
2023-07-01,2023,"Q3","2023/24","Q1","July",962.008516628001,804.406426772618,10.7471989952509,6.71316319053105,4.03403580471988,784.847846777367,135.468820755975,649.379026021392,8.811381,793.659227777367,150.93790465361,2.66947450927266,1.66746870711421,1.00200580215846,148.268430144337,33.6488199361623,114.619610208175,148.268430144337,6.66418520177371,0.117862193476406,0.0736218003547427,0.0442403931216629,6.5463230082973,1.48565708786231,5.06066592043499,6.5463230082973,177.902103776227,569.087324899457,319.887911845764,150.46727508962,773.78143514882,514.252308143381,174.295199455834,595.998813177782,341.94792228274
2023-08-01,2023,"Q3","2023/24","Q1","August",1145.83328704716,966.276570780955,14.2587316829324,13.9600089669692,0.298722715963208,943.144278098023,147.166735288563,795.97754280946,8.873561,952.017839098023,171.964182356802,3.54169684389079,3.46749772689697,0.0741991169938193,168.422485512911,36.5544407095556,131.868044803356,168.422485512911,7.59253390940662,0.156372408576835,0.153096381533862,0.00327602704297287,7.43616150082978,1.61394557182167,5.82221592900811,7.43616150082978,175.849102578643,695.893706020565,395.733441806647,161.850941594527,840.598500837898,519.365839059364,174.008740172596,714.918295369033,410.851946091856
2023-09-01,2023,"Q3","2023/24","Q1","September",1046.53926269604,875.90318006427,14.6850740565016,13.4196757898199,1.26539826668169,851.716441007769,145.735021298515,705.981419709254,9.501665,861.218106007769,163.420756630658,3.64759514343551,3.33328548763801,0.314309655797503,159.773161487223,36.1988202355428,123.57434125168,159.773161487223,7.21532600111293,0.161048012642882,0.147170665122076,0.0138773475208052,7.05427798847005,1.59824427594239,5.45603371252766,7.05427798847005,178.481104113977,618.623957967785,346.604735015945,176.578325323649,832.420724580899,471.417272224756,178.230942499411,646.732188202858,362.86190216662
2023-10-01,2023,"Q4","2023/24","Q2","October",1067.06487886389,896.720095540699,9.86313270425034,9.15642156770306,0.706711136547281,876.850212836448,146.126719471561,730.723493364887,10.00675,886.856962836448,163.141774877916,2.44988311347026,2.27434459731682,0.175538516153439,160.691891764446,36.296113333841,124.395778430605,160.691891764446,7.20300844527792,0.108166830779397,0.100416483480118,0.00775034729927985,7.09484161449852,1.60253994459767,5.49230166990085,7.09484161449852,172.794100796559,640.453261201886,370.645327733689,171.055556425228,834.658056926406,487.945597541143,172.565531364769,665.985701179607,385.932054862014
2023-11-01,2023,"Q4","2023/24","Q2","November",1075.42102807708,901.388651741384,16.9439100605935,16.3324858188616,0.611424241731917,872.27377368079,161.938798504207,710.334975176583,12.170968,884.44474168079,166.673438468375,4.20866274218523,4.05679234056933,0.151870401615897,162.46477572619,40.2236429101432,122.241132816047,162.46477572619,7.35893786732199,0.185820175721224,0.179114819069038,0.00670535665218593,7.17311769160077,1.77594757564958,5.39717011595119,7.17311769160077,175.70710249581,624.696091040047,355.532634803391,156.253032983203,924.974730078871,591.972336420698,173.14944237058,664.174242438151,383.584395851917
2023-12-01,2023,"Q4","2023/24","Q2","December",1066.44947869512,888.988167125478,37.6350797273577,37.2142292752565,0.42085045210119,840.47262939812,125.91825603966,714.55437335846,10.880458,851.35308739812,169.957381592987,9.34809954026351,9.2435653677227,0.104534172540812,160.609282052723,31.2765749381281,129.332707114595,160.609282052723,7.50392997665812,0.412735732378817,0.408120357020819,0.00461537535799811,7.0911942442793,1.38091812221176,5.71027612206755,7.0911942442793,172.865100837976,627.228478511169,362.842745858265,146.259451167014,719.229770555947,491.749261204774,169.367210115155,639.324047306175,377.478053084474
2024-01-01,2024,"Q1","2023/24","Q3","January",907.40956844107,743.715325357791,17.3761765113013,16.7523082934221,0.623868217879181,714.729526246489,147.12047258706,567.609053659429,11.6096226,726.339148846489,156.772451923199,4.31603251098619,4.16107117589695,0.154961335089241,152.456419412213,36.5429496129037,115.913469799309,152.456419412213,6.92179116008007,0.190560747852547,0.183718920820969,0.00684182703157806,6.73123041222753,1.6134382188381,5.11779219338943,6.73123041222753,171.711100164808,500.806458872577,291.656426632816,150.711479156557,840.334253911093,557.578134468555,168.950243714545,545.444764611874,322.843431663494
2024-02-01,2024,"Q1","2023/24","Q3","February",1071.07466503662,893.757057817332,13.8530831202703,13.6625093306395,0.190573789630727,871.444541797062,150.992298853681,720.45224294338,8.4594329,879.903974697062,169.819753763606,3.44093863719637,3.39360240812128,0.0473362290750847,166.37881512641,37.5046645237047,128.874150602705,166.37881512641,7.49785345568074,0.151923749033355,0.149833767739167,0.00208998129418782,7.34592970664739,1.65589969524188,5.69003001140551,7.34592970664739,172.195100447142,630.23464223812,366.000333692177,157.342558820306,862.449654846264,548.135012747077,170.242411142076,660.764351091209,388.131457172424
2024-03-01,2024,"Q1","2023/24","Q3","March",1160.24169819372,981.783899524983,7.56632734798507,7.49486217687355,0.0714651711115228,965.037560276998,135.395996209256,829.641564067742,9.1800119,974.217572176997,170.911732356291,1.87938438593945,1.8616333000363,0.0177510859031568,169.032347970352,33.6307311977661,135.401616772585,169.032347970352,7.54606631244939,0.0829782660754774,0.082194523090157,0.000783742985320434,7.46308804637392,1.48485843690041,5.97822960947351,7.46308804637392,176.10010272506,725.265396825989,411.848366697619,160.517211690487,773.365470191273,481.795978167435,174.051393121699,731.589196562969,420.329411584447
2024-04-01,2024,"Q2","2023/24","Q4","April",1092.24853275917,914.988463520333,12.6243568959062,12.2472871034272,0.377069792478981,892.614417491093,143.196173866577,749.418243624516,9.74968913333333,902.364106624427,169.764648769658,3.13573787407063,3.04207828893741,0.093659585133221,166.628910895587,35.5682011779181,131.060709717669,166.628910895587,7.4954204691751,0.138448575823151,0.134313333435353,0.00413524238779837,7.35697189335195,1.57040128844748,5.78657060490447,7.35697189335195,185.45310818098,656.394932824619,353.941187215939,169.15827867441,817.919136698568,483.522972158442,183.31079879685,677.630798936859,369.66223669552
2024-05-01,2024,"Q2","2023/24","Q4","May",1193.03973944457,1007.076912217,11.2441825261174,7.17860834732852,4.06557417878885,986.703018379773,153.95264567355,832.750372706223,9.12971131111111,995.832729690884,178.099411695285,2.79291921963511,1.7830796660333,1.00983955360181,175.30649247565,38.2399789416974,137.066513533952,175.30649247565,7.86341553228879,0.123312503747524,0.0787262361381836,0.0445862676093402,7.74010302854127,1.68836517483287,6.0517378537084,7.74010302854127,185.607108270813,727.909856765784,392.177790790057,154.036411452544,879.358795990574,570.877228116604,181.456454222544,747.821110429837,412.121527246799
2024-06-01,2024,"Q2","2023/24","Q4","June",1143.88606611208,947.391479906387,23.396539776471,13.669335930736,9.72720384573505,916.366209329916,155.191291999592,761.174917330324,7.6287308,923.994940129916,188.185836525902,5.81141807889406,3.39529805318662,2.41612002570745,182.374418447008,38.5476437383421,143.826774708666,182.374418447008,8.30874967979312,0.256584762134896,0.149908633577392,0.106676128557503,8.05216491765822,1.70194913964019,6.35021577801803,8.05216491765822,183.216106876062,664.726205092214,362.809916893318,155.088367433196,886.4337932221,571.566912395238,179.518104381558,693.874484697839,386.520617008655
2024-07-01,2024,"Q3","2024/25","Q1","July",1266.98302853077,1047.00513077678,9.26680277178277,8.98094208733668,0.285860684446091,1027.589097205,119.937186754699,907.651910450297,10.1492308,1037.738328005,210.676159101447,2.30176195608387,2.23075761247124,0.071004343612627,208.374397145363,29.7909495206167,178.583447624746,208.374397145363,9.30173865254335,0.101627010133355,0.0984920381920736,0.00313497194128174,9.20011164240999,1.31532503646249,7.8847866059475,9.20011164240999,179.092104470394,793.553036768621,443.097722881359,160.235437767098,685.066629921702,427.537528194883,176.612985924502,779.290141452963,441.24169996542
2024-08-01,2024,"Q3","2024/25","Q1","August",1231.26351851196,1027.53755843594,56.9213307478418,56.9213307478418,0,961.889594888103,140.164110738392,821.725484149711,8.7266328,970.616227688103,195.111432631603,14.1385715042949,14.1385715042949,0,180.972861127308,34.8150732945717,146.157787832736,180.972861127308,8.61452744441088,0.624243851863279,0.624243851863279,0,7.9902835925476,1.53714931170408,6.45313428084352,7.9902835925476,175.763102528476,718.028960389636,408.520872731695,151.89492963479,800.600360719739,527.075105564532,172.625112606485,728.884765031018,422.235649278085
2024-09-01,2024,"Q3","2024/25","Q1","September",1217.41460822377,1015.58623439179,56.9199566599989,21.5049940869553,35.4149625730435,949.611401531788,139.025930337562,810.585471194226,9.0548762,958.666277731788,193.294085591115,14.1382301974603,5.34158096100707,8.79664923645324,179.155855393655,34.5323630211031,144.623492372551,179.155855393655,8.53428824086887,0.62422878254082,0.235840592037582,0.388388190503237,7.91005945832805,1.52466713484358,6.38539232348446,7.91005945832805,179.913104949311,708.680843267109,393.901735766704,139.55323179036,794.099212639334,569.029611461988,174.606922704455,719.910943846524,412.303780798581
2024-10-01,2024,"Q4","2024/25","Q2","October",1225.4136649627,1021.18717966852,12.4041466381403,11.8403658438161,0.563780794324235,999.831665730377,131.039414335377,868.792251395001,8.9513673,1008.78303303038,195.5907932018,3.08104030402972,2.9410039596826,0.140036344347126,192.50975289777,32.5486088452334,159.961144052537,192.50975289777,8.63569209238684,0.136033577829929,0.12985071650129,0.00618286132863898,8.49965851455691,1.43708075120372,7.06257776335319,8.49965851455691,183.707107162479,758.918335153542,413.113214222201,142.126766957311,748.48120415942,526.629304376023,178.240468006731,757.546147511868,425.013553871088
2024-11-01,2024,"Q4","2024/25","Q2","November",1253.2103193138,1042.12146695795,40.4303788609525,40.1445181765064,0.285860684446091,991.731821896997,127.835407963733,863.896413933264,9.9592662,1001.691088097,202.162985906871,10.0424181051492,9.97141376153656,0.071004343612627,192.120567801722,31.752772335606,160.367795466116,192.120567801722,8.92586644897972,0.443391169898283,0.440256197957002,0.00313497194128174,8.48247527908143,1.40194311031317,7.08053216876826,8.48247527908143,183.870107257563,755.556729557549,410.918740858282,139.759866000845,730.180309277175,522.453498397572,178.070857640228,752.220447746171,422.427598605689
2024-12-01,2024,"Q4","2024/25","Q2","December",1241.45213239524,1031.9526939504,25.1515878062488,25.0404197622976,0.111168043951258,994.022272744148,120.356769764511,873.665502979637,12.7788334,1006.80110614415,200.640780169781,6.24735082566011,6.21973802536631,0.0276128002937994,194.393429344121,29.8951688757913,164.49826046833,194.393429344121,8.85865827505915,0.275831992091042,0.274612836336099,0.0012191557549429,8.58282628296811,1.31992651205662,7.26289977091148,8.5828262829681,187.440109340064,766.441185834795,408.899241754216,138.689125091968,687.463237064842,495.686476217202,181.030733224888,756.057818477623,417.640587876534
2025-01-01,2025,"Q1","2024/25","Q3","January",1271.68473431873,1055.53616079551,18.2705823803679,18.2705823803679,0,1027.42050303888,141.091041212763,886.329461826121,9.84507537626067,1037.26557841514,207.008757380043,4.53819213317913,4.53819213317913,0,202.470565246863,35.0453116361428,167.425253610721,202.470565246863,9.13981614317216,0.200369502452974,0.200369502452974,0,8.93944664071919,1.5473147565756,7.39213188414359,8.93944664071919,188.097109723314,774.854152505046,411.943678265358,148.795416477513,805.894874901964,541.612701506674,182.930048219618,778.935129900623,425.810378055258
2025-02-01,2025,"Q1","2024/25","Q3","February",1124.6632475448,948.674466140308,5.91351268998818,2.7055205645376,3.20799212545058,932.613527607117,130.91273781314,801.700789793977,10.147425843203,942.76095345032,168.547117186779,1.46884517474362,0.672018651979699,0.796826522763926,167.078272012035,32.5171439261244,134.561128085911,167.078272012035,7.44166421771569,0.0648522072681965,0.0296708554827014,0.035181351785495,7.3768120104475,1.43569151734108,5.94112049310642,7.3768120104475,190.535111145482,701.943577926295,368.406417959539,141.187520546015,747.757643264531,529.620210322218,184.047298162669,707.966832238939,384.665702407219
2025-03-01,2025,"Q1","2024/25","Q3","March",1295.81745831116,1096.89541378978,10.7624052126208,10.7624052126208,0,1077.01295141647,121.062732378809,955.95021903766,9.12005716068965,1086.13300857716,190.51065006194,2.67325155012482,2.67325155012482,0,187.837398511815,30.0705214680528,157.766877043763,187.837398511816,8.41139445944143,0.118028956754398,0.118028956754398,0,8.29336550268703,1.32766865047523,6.9656968522118,8.29336550268703,186.64110887398,834.423072659351,447.073572212193,136.322224135502,691.495609693499,507.250827279758,180.025598172826,815.632152199693,453.064542197316
2025-04-01,2025,"Q2","2024/25","Q4","April",1441.93003151671,1226.29195044922,9.39636713471781,9.39636713471781,0,1207.52140064215,114.307707286853,1093.21369335529,9.3741826723568,1216.8955833145,206.519851035717,2.33394417996546,2.33394417996546,0,204.185906855752,28.3926547699074,175.793252085844,204.185906855752,9.11823003176838,0.103047914316729,0.103047914316729,0,9.01518211745165,1.25358775975404,7.76159435769762,9.01518211745165,182.007106170812,953.324111292853,523.784005663035,127.267888730608,652.911727579878,513.021575270975,174.81044669335,913.828376251397,522.753870570688
2025-05-01,2025,"Q2","2024/25","Q4","May",1532.50965263236,1299.979463915,8.39220455946101,8.28103651550976,0.111168043951258,1279.46985581776,160.472425107065,1118.99743071069,12.1174035377785,1291.58725935554,222.697677968061,2.08452231674342,2.05690951644962,0.0276128002937994,220.613155651317,39.859413457755,180.753742193562,220.613155651317,9.83251074930451,0.0920354817955683,0.0908163260406254,0.0012191557549429,9.74047526750894,1.75986617759238,7.98060908991656,9.74047526750894,183.998107332229,977.989208456565,531.521341516136,120.618024138633,916.598983502109,759.91875181823,175.665418307294,969.918129531758,552.139481337793
2025-06-01,2025,"Q2","2024/25","Q4","June",1652.61514702523,1413.22627283391,22.1326756617493,22.1326756617493,0,1381.1075779215,184.376795316829,1196.73078260467,9.98601925066218,1391.09359717216,229.266344760913,5.49748948792584,5.49748948792584,0,223.768855272988,45.7969704866498,177.971884786338,223.768855272988,10.122529430409,0.242724239324901,0.242724239324901,0,9.87980519108407,2.02202020561771,7.85778498546636,9.87980519108407,182.102106226229,1043.35649586087,572.951360905562,134.218312174199,1053.13784007457,784.645420594863,175.806741104178,1044.64246608167,594.199323371018
2025-07-01,2025,"Q3","2025/26","Q1","July",1513.81939107679,1285.43469760711,11.0306491610635,11.0306491610635,0,1262.46452871042,106.971102909722,1155.49342580069,11.9395197356256,1274.40404844604,218.727474482749,2.73988010915225,2.73988010915225,0,215.987594373597,26.5703307971194,189.417263576478,215.987594373597,9.65721898693666,0.120970729784209,0.120970729784209,0,9.53624825715245,1.17312881552686,8.36311944162559,9.53624825715245,181.352105788728,1009.39072476206,556.591675829769,133.279065762903,611.005935292209,458.441040079887,175.031860171586,957.014388290921,546.765821578282
2025-08-01,2025,"Q3","2025/26","Q1","August",1641.10620316044,1386.7984373598,4.9928744768337,4.9928744768337,0,1366.40049669596,142.486234557484,1223.91426213847,15.4050661870101,1381.80556288297,243.554392852982,1.24016975490966,1.24016975490966,0,242.314223098072,35.3918608226689,206.922362275403,242.314223098072,10.7533729476548,0.0547557682566425,0.0547557682566425,0,10.6986171793981,1.56261553848213,9.136001640916,10.6986171793981,182.772106617062,1071.54542778078,586.274047836983,128.113210500775,813.864049672686,635.269420297421,175.586007122809,1037.66761186291,590.973978431634
2025-09-01,2025,"Q3","2025/26","Q1","September",1741.17554824679,1455.39088470315,12.315275314666,12.315275314666,0,1431.53430305643,174.917719747209,1256.61658330922,11.5413063320486,1443.07560938848,273.700293803188,3.05896573997588,3.05896573997588,0,270.641328063212,43.4474502883597,227.193877774852,270.641328063212,12.0843697404587,0.135058945358113,0.135058945358113,0,11.9493107951006,1.91828458153676,10.0310262135638,11.9493107951006,184.354107539896,1096.47994450736,594.768383053287,127.643587295127,999.108750365238,782.733211700782,176.898277477343,1083.67838540725,612.599738596123
2025-10-01,2025,"Q4","2025/26","Q2","October",1854.87909168355,1567.27775122709,7.64439113656256,7.64439113656256,0,1545.41179068732,144.877728793988,1400.53406189333,14.2215694032117,1559.63336009053,275.440152753694,1.89877448877434,1.89877448877434,0,273.54137826492,35.9858791251348,237.555499139785,273.54137826492,12.1611877027707,0.0838343746631091,0.0838343746631091,0,12.0773533281076,1.58884253553738,10.4885107925702,12.0773533281076,184.629777000703,1223.23189309993,662.532291903959,121.538485621703,827.523974016503,680.874020918963,176.335055934513,1171.20748940272,664.19435613397
2025-11-01,2025,"Q4","2025/26","Q2","November",1684.44979966042,1418.85140413529,2.04620666041426,2.04620666041426,0,1399.22270831107,147.084883319538,1252.13782499153,17.5824891638048,1416.80519747487,254.367599672756,0.508253036264941,0.508253036264941,0,253.859346636491,36.5341096684219,217.32523696807,253.859346636491,11.2307958523747,0.0224403033208025,0.0224403033208025,0,11.2083555490539,1.61304791908314,9.59530762997071,11.2083555490539,186.138108580563,1097.83085448353,589.793709012776,119.490928445077,840.130972341614,703.091844104106,177.375888676852,1063.95060580838,599.828203114298
2025-12-01,2025,"Q4","2025/26","Q2","December",1893.56702372885,1599.98971097222,13.9673118535274,13.9673118535274,0,1567.49156544856,145.628268678768,1421.86329676979,18.5308336701345,1586.02239911869,281.163431791951,3.46931167577052,3.46931167577052,0,277.69412011618,36.1723041733261,241.521815942854,277.694120116181,12.413880964678,0.153176470702104,0.153176470702104,0,12.2607044939759,1.59707354318419,10.6636309507917,12.2607044939759,188.507109962481,1245.39955877281,660.664501737193,117.819069832971,831.810966594872,706.00707319631,179.213631214872,1191.02435209546,664.583572143265
2026-01-01,2026,"Q1","2025/26","Q3","January",1587.98322130539,1305.86987823466,9.59213467233427,9.59213467233427,0,1283.72984790766,159.533673052162,1124.1961748555,12.5478956546633,1296.27774356233,270.184214669955,2.38257047335048,2.38257047335048,0,267.801644196604,39.626238778269,228.175405418335,267.801644196604,11.9291284007718,0.105194854315248,0.105194854315248,0,11.8239335464565,1.74957108801878,10.0743624584378,11.8239335464565,194.720113586733,982.856382106043,504.753393987856,125.419451793178,911.236945889041,726.551529974561,185.609035865613,973.440451105849,524.457468660444
2026-02-01,2026,"Q1","2025/26","Q3","February",1722.41814028166,1435.18091903882,3.74016943299439,3.74016943299439,0,1419.41106946466,147.150594452011,1272.26047501264,12.0296801411735,1431.44074960583,275.091430276731,0.9290129424561,0.9290129424561,0,274.162417334275,36.5504315205798,237.611985813695,274.162417334275,12.1457909661072,0.0410176245495145,0.0410176245495145,0,12.1047733415576,1.61376855877843,10.4910047827792,12.1047733415576,190.535111145482,1110.42829095417,582.794574857289,141.187520546015,840.506306341765,595.312038267455,184.047298162669,1074.94118135385,584.057028864273
2026-03-01,2026,"Q1","2025/26","Q3","March",1796.8149435575,1492.38915414841,11.1773115733335,11.1773115733335,0,1468.32128963725,142.949266821679,1325.37202281557,12.8905529378216,1481.21184257507,291.553181928567,2.77630928211128,2.77630928211128,0,288.776872646456,35.5068724481898,253.270000198266,288.776872646456,12.8726074805221,0.122579144555194,0.122579144555194,0,12.7500283359669,1.56769351259729,11.1823348233696,12.7500283359669,197.3021150929,1157.09414954114,586.458056466511,194.780920774565,816.508833674715,419.19343559307,196.97064932057,1112.31680971176,564.711957618346
2026-04-01,2026,"Q2","2025/26","Q4","April",1705.24417114455,1509.28226364943,5.5599109067308,5.5599109067308,0,1491.23297649814,145.258677497859,1345.97429900028,12.4893762445528,1503.7223527427,187.675682069826,1.38101475983681,1.38101475983681,0,186.29466730999,36.0805021850384,150.214165124951,186.29466730999,8.28622542530183,0.0609743334323905,0.0609743334323905,0,8.22525109186943,1.59302031710261,6.63223077476683,8.22525109186943,203.731118843153,1174.56050813126,576.524840584381,226.208105696529,829.699906700896,366.786107927531,206.686207133186,1129.22108912334,546.345643855995
2026-05-01,2026,"Q2","2025/26","Q4","May",1669.726971229,1461.81106568091,7.39966262837843,7.39966262837843,0,1441.94153327802,193.582171791628,1248.35936148639,12.469869774516,1454.41140305253,199.124206768979,1.83798688127041,1.83798688127041,0,197.286219887709,48.0834748919923,149.202744995716,197.286219887709,8.79169877911129,0.0811504903511562,0.0811504903511562,0,8.71054828876014,2.12297356691449,6.58757472184565,8.71054828876014,208.736121762738,1090.1434094435,522.25910888707,202.013118141544,1105.7178313966,547.349519461334,207.852236862843,1092.19100560209,525.465119878795
