"Date","Year","Quarter","FY","QFY","Month","E_IFEM_B","E_IFEM_S","E_IFEM_MR","E_IFEM_SP","E_IFEM_DA"
2005-09-01,2005,"Q3","2005/06","Q1","September",1813.58,1829.58,1821.58,16,
2005-09-02,2005,"Q3","2005/06","Q1","September",1826.78,1842.3,1834.54,15.52,12.96
2005-09-05,2005,"Q3","2005/06","Q1","September",1828.29,1841.86,1835.075,13.5699999999999,0.534999999999854
2005-09-06,2005,"Q3","2005/06","Q1","September",1830.74,1842.72,1836.73,11.98,1.6550000000002
2005-09-07,2005,"Q3","2005/06","Q1","September",1830.61,1842.99,1836.8,12.3800000000001,0.0699999999999363
2005-09-08,2005,"Q3","2005/06","Q1","September",1830.33,1841.34,1835.835,11.01,-0.964999999999918
2005-09-09,2005,"Q3","2005/06","Q1","September",1823.98,1835.14,1829.56,11.1600000000001,-6.27500000000009
2005-09-12,2005,"Q3","2005/06","Q1","September",1826.17,1836.46,1831.315,10.29,1.75500000000011
2005-09-13,2005,"Q3","2005/06","Q1","September",1829.84,1839.46,1834.65,9.62000000000012,3.33500000000004
2005-09-14,2005,"Q3","2005/06","Q1","September",1840.72,1851.54,1846.13,10.8199999999999,11.48
2005-09-15,2005,"Q3","2005/06","Q1","September",1848.57,1858.57,1853.57,10,7.43999999999983
2005-09-16,2005,"Q3","2005/06","Q1","September",1845.25,1856.05,1850.65,10.8,-2.91999999999985
2005-09-19,2005,"Q3","2005/06","Q1","September",1842.41,1854.61,1848.51,12.1999999999998,-2.1400000000001
2005-09-20,2005,"Q3","2005/06","Q1","September",1847.14,1858.52,1852.83,11.3799999999999,4.31999999999994
2005-09-21,2005,"Q3","2005/06","Q1","September",1852.74,1864.39,1858.565,11.6500000000001,5.73500000000013
2005-09-22,2005,"Q3","2005/06","Q1","September",1852.69,1863.92,1858.305,11.23,-0.259999999999991
2005-09-23,2005,"Q3","2005/06","Q1","September",1853.93,1864.8,1859.365,10.8699999999999,1.05999999999995
2005-09-26,2005,"Q3","2005/06","Q1","September",1853.57,1864.39,1858.98,10.8200000000002,-0.384999999999991
2005-09-27,2005,"Q3","2005/06","Q1","September",1859.79,1869.84,1864.815,10.05,5.83500000000004
2005-09-28,2005,"Q3","2005/06","Q1","September",1863.83,1873.53,1868.68,9.70000000000005,3.86499999999978
2005-09-29,2005,"Q3","2005/06","Q1","September",1862.74,1873.63,1868.185,10.8900000000001,-0.494999999999891
2005-09-30,2005,"Q3","2005/06","Q1","September",1856.96,1868.4,1862.68,11.4400000000001,-5.50499999999988
2005-10-03,2005,"Q4","2005/06","Q2","October",1859.45,1867.7,1863.575,8.25,0.894999999999982
2005-10-04,2005,"Q4","2005/06","Q2","October",1861.89,1871.22,1866.555,9.32999999999993,2.98000000000002
2005-10-05,2005,"Q4","2005/06","Q2","October",1861.39,1871.33,1866.36,9.93999999999983,-0.194999999999936
2005-10-06,2005,"Q4","2005/06","Q2","October",1856.54,1867.18,1861.86,10.6400000000001,-4.5
2005-10-07,2005,"Q4","2005/06","Q2","October",1857.33,1867.27,1862.3,9.94000000000005,0.439999999999827
2005-10-10,2005,"Q4","2005/06","Q2","October",1855.51,1866.1,1860.805,10.5899999999999,-1.49500000000012
2005-10-11,2005,"Q4","2005/06","Q2","October",1857.79,1867.25,1862.52,9.46000000000004,1.71500000000015
2005-10-12,2005,"Q4","2005/06","Q2","October",1858.06,1866.85,1862.455,8.78999999999996,-0.0650000000000546
2005-10-13,2005,"Q4","2005/06","Q2","October",1857.14,1866.73,1861.935,9.58999999999992,-0.519999999999982
2005-10-14,2005,"Q4","2005/06","Q2","October",1858.41,1868.36,1863.385,9.94999999999982,1.45000000000005
2005-10-17,2005,"Q4","2005/06","Q2","October",1859.16,1868.85,1864.005,9.68999999999983,0.620000000000118
2005-10-18,2005,"Q4","2005/06","Q2","October",1859.07,1868.93,1864,9.86000000000013,-0.00500000000010914
2005-10-19,2005,"Q4","2005/06","Q2","October",1857.92,1867.95,1862.935,10.03,-1.06500000000005
2005-10-20,2005,"Q4","2005/06","Q2","October",1852.02,1862.31,1857.165,10.29,-5.76999999999998
2005-10-21,2005,"Q4","2005/06","Q2","October",1841.43,1852.88,1847.155,11.45,-10.0099999999998
2005-10-25,2005,"Q4","2005/06","Q2","October",1836.58,1847.47,1842.025,10.8900000000001,-5.13000000000011
2005-10-26,2005,"Q4","2005/06","Q2","October",1833.62,1844.31,1838.965,10.6900000000001,-3.06000000000017
2005-10-27,2005,"Q4","2005/06","Q2","October",1831.63,1842.47,1837.05,10.8399999999999,-1.91499999999974
2005-10-28,2005,"Q4","2005/06","Q2","October",1826.7,1837.55,1832.125,10.8499999999999,-4.92500000000018
2005-10-31,2005,"Q4","2005/06","Q2","October",1824.66,1835.6,1830.13,10.9399999999998,-1.99499999999989
2005-11-01,2005,"Q4","2005/06","Q2","November",1830.83,1842.62,1836.725,11.79,6.5949999999998
2005-11-02,2005,"Q4","2005/06","Q2","November",1836.85,1847.89,1842.37,11.0400000000002,5.64499999999998
2005-11-04,2005,"Q4","2005/06","Q2","November",1835.15,1847.29,1841.22,12.1399999999999,-1.14999999999986
2005-11-07,2005,"Q4","2005/06","Q2","November",1835.36,1846.89,1841.125,11.5300000000002,-0.0950000000000273
2005-11-08,2005,"Q4","2005/06","Q2","November",1832.94,1842.6,1837.77,9.65999999999985,-3.35500000000002
2005-11-09,2005,"Q4","2005/06","Q2","November",1829.12,1838.02,1833.57,8.90000000000009,-4.20000000000005
2005-11-10,2005,"Q4","2005/06","Q2","November",1820.23,1832.29,1826.26,12.0599999999999,-7.30999999999995
2005-11-11,2005,"Q4","2005/06","Q2","November",1823.04,1833.95,1828.495,10.9100000000001,2.2349999999999
2005-11-14,2005,"Q4","2005/06","Q2","November",1822.92,1833.79,1828.355,10.8699999999999,-0.139999999999873
2005-11-15,2005,"Q4","2005/06","Q2","November",1827.37,1840.5,1833.935,13.1300000000001,5.57999999999993
2005-11-16,2005,"Q4","2005/06","Q2","November",1838.14,1848.9,1843.52,10.76,9.58500000000004
2005-11-17,2005,"Q4","2005/06","Q2","November",1837.12,1847.12,1842.12,10,-1.40000000000009
2005-11-18,2005,"Q4","2005/06","Q2","November",1834.42,1843.74,1839.08,9.31999999999994,-3.03999999999996
2005-11-21,2005,"Q4","2005/06","Q2","November",1833.07,1843.34,1838.205,10.27,-0.875
2005-11-22,2005,"Q4","2005/06","Q2","November",1831.49,1839.77,1835.63,8.27999999999997,-2.57499999999982
2005-11-23,2005,"Q4","2005/06","Q2","November",1825.75,1835.31,1830.53,9.55999999999995,-5.10000000000014
2005-11-24,2005,"Q4","2005/06","Q2","November",1823.9,1834.85,1829.375,10.9499999999998,-1.15499999999997
2005-11-25,2005,"Q4","2005/06","Q2","November",1825.31,1836.78,1831.045,11.47,1.67000000000007
2005-11-28,2005,"Q4","2005/06","Q2","November",1821.81,1833.59,1827.7,11.78,-3.34500000000025
2005-11-29,2005,"Q4","2005/06","Q2","November",1822.67,1833.5,1828.085,10.8299999999999,0.385000000000218
2005-11-30,2005,"Q4","2005/06","Q2","November",1822.96,1834.57,1828.765,11.6099999999999,0.679999999999836
2005-12-01,2005,"Q4","2005/06","Q2","December",1828.14,1839.5,1833.82,11.3599999999999,5.05500000000029
2005-12-02,2005,"Q4","2005/06","Q2","December",1822.43,1834.15,1828.29,11.72,-5.5300000000002
2005-12-05,2005,"Q4","2005/06","Q2","December",1819.99,1832.08,1826.035,12.0899999999999,-2.25500000000011
2005-12-06,2005,"Q4","2005/06","Q2","December",1824.81,1835.15,1829.98,10.3400000000001,3.94500000000016
2005-12-07,2005,"Q4","2005/06","Q2","December",1831.11,1841.08,1836.095,9.97000000000003,6.11499999999978
2005-12-08,2005,"Q4","2005/06","Q2","December",1827.9,1838.42,1833.16,10.52,-2.93499999999972
2005-12-09,2005,"Q4","2005/06","Q2","December",1818.2,1829.03,1823.615,10.8299999999999,-9.54500000000007
2005-12-12,2005,"Q4","2005/06","Q2","December",1813.46,1824.6,1819.03,11.1399999999999,-4.58500000000004
2005-12-13,2005,"Q4","2005/06","Q2","December",1812.81,1823.99,1818.4,11.1800000000001,-0.629999999999882
2005-12-14,2005,"Q4","2005/06","Q2","December",1809.51,1820.19,1814.85,10.6800000000001,-3.55000000000018
2005-12-15,2005,"Q4","2005/06","Q2","December",1808.05,1819.16,1813.605,11.1100000000001,-1.24499999999989
2005-12-16,2005,"Q4","2005/06","Q2","December",1805.48,1816.47,1810.975,10.99,-2.63000000000011
2005-12-19,2005,"Q4","2005/06","Q2","December",1792.09,1805.44,1798.765,13.3500000000001,-12.21
2005-12-20,2005,"Q4","2005/06","Q2","December",1798.45,1812.2,1805.325,13.75,6.56000000000017
2005-12-21,2005,"Q4","2005/06","Q2","December",1799.5,1812.14,1805.82,12.6400000000001,0.495000000000118
2005-12-22,2005,"Q4","2005/06","Q2","December",1790.64,1805.05,1797.845,14.4099999999999,-7.97500000000014
2005-12-23,2005,"Q4","2005/06","Q2","December",1790.89,1806.14,1798.515,15.25,0.670000000000073
2005-12-27,2005,"Q4","2005/06","Q2","December",1797.57,1811.75,1804.66,14.1800000000001,6.14499999999975
2005-12-28,2005,"Q4","2005/06","Q2","December",1803.26,1816.6,1809.93,13.3399999999999,5.26999999999998
2005-12-29,2005,"Q4","2005/06","Q2","December",1807.26,1819.25,1813.255,11.99,3.32500000000027
2005-12-30,2005,"Q4","2005/06","Q2","December",1810.71,1823,1816.855,12.29,3.59999999999991
2006-01-02,2006,"Q1","2005/06","Q3","January",1820.84,1832.64,1826.74,11.8000000000002,9.88499999999999
2006-01-03,2006,"Q1","2005/06","Q3","January",1818.82,1830,1824.41,11.1800000000001,-2.33000000000015
2006-01-04,2006,"Q1","2005/06","Q3","January",1818.22,1829.46,1823.84,11.24,-0.569999999999709
2006-01-05,2006,"Q1","2005/06","Q3","January",1811.46,1823.41,1817.435,11.95,-6.4050000000002
2006-01-06,2006,"Q1","2005/06","Q3","January",1808.82,1819.8,1814.31,10.98,-3.125
2006-01-09,2006,"Q1","2005/06","Q3","January",1806.87,1818.15,1812.51,11.2800000000002,-1.79999999999995
2006-01-11,2006,"Q1","2005/06","Q3","January",1810.67,1820.93,1815.8,10.26,3.29000000000019
2006-01-12,2006,"Q1","2005/06","Q3","January",1814.31,1824.84,1819.575,10.53,3.77499999999964
2006-01-13,2006,"Q1","2005/06","Q3","January",1814.26,1824.57,1819.415,10.3099999999999,-0.159999999999854
2006-01-16,2006,"Q1","2005/06","Q3","January",1811.83,1821.57,1816.7,9.74000000000001,-2.71500000000015
2006-01-17,2006,"Q1","2005/06","Q3","January",1812.84,1822.22,1817.53,9.38000000000011,0.830000000000155
2006-01-18,2006,"Q1","2005/06","Q3","January",1812.08,1821.59,1816.835,9.50999999999999,-0.694999999999936
2006-01-19,2006,"Q1","2005/06","Q3","January",1814.07,1824.66,1819.365,10.5900000000001,2.52999999999997
2006-01-20,2006,"Q1","2005/06","Q3","January",1819.19,1830.25,1824.72,11.0599999999999,5.35500000000002
2006-01-23,2006,"Q1","2005/06","Q3","January",1819.16,1829.95,1824.555,10.79,-0.164999999999964
2006-01-24,2006,"Q1","2005/06","Q3","January",1814.76,1826.25,1820.505,11.49,-4.04999999999995
2006-01-25,2006,"Q1","2005/06","Q3","January",1808.45,1820.6,1814.525,12.1499999999999,-5.98000000000002
2006-01-27,2006,"Q1","2005/06","Q3","January",1807.34,1819.58,1813.46,12.24,-1.06500000000005
2006-01-30,2006,"Q1","2005/06","Q3","January",1814.36,1825.65,1820.005,11.2900000000002,6.54500000000007
2006-01-31,2006,"Q1","2005/06","Q3","January",1814.93,1825.45,1820.19,10.52,0.184999999999945
2006-02-01,2006,"Q1","2005/06","Q3","February",1812.49,1823.04,1817.765,10.55,-2.42500000000018
2006-02-02,2006,"Q1","2005/06","Q3","February",1809.04,1819,1814.02,9.96000000000004,-3.74499999999989
2006-02-03,2006,"Q1","2005/06","Q3","February",1804.6,1816.41,1810.505,11.8100000000002,-3.51499999999987
2006-02-06,2006,"Q1","2005/06","Q3","February",1797.35,1811.36,1804.355,14.01,-6.15000000000009
2006-02-07,2006,"Q1","2005/06","Q3","February",1790.5,1806.48,1798.49,15.98,-5.86500000000001
2006-02-08,2006,"Q1","2005/06","Q3","February",1792.55,1808.32,1800.435,15.77,1.94499999999994
2006-02-09,2006,"Q1","2005/06","Q3","February",1798.97,1812.64,1805.805,13.6700000000001,5.37000000000012
2006-02-10,2006,"Q1","2005/06","Q3","February",1806.48,1817.55,1812.015,11.0699999999999,6.20999999999981
2006-02-13,2006,"Q1","2005/06","Q3","February",1808.04,1817.17,1812.605,9.13000000000011,0.590000000000146
2006-02-14,2006,"Q1","2005/06","Q3","February",1810.52,1818.46,1814.49,7.94000000000005,1.88499999999999
2006-02-15,2006,"Q1","2005/06","Q3","February",1812.75,1819.1,1815.925,6.34999999999991,1.43499999999995
2006-02-16,2006,"Q1","2005/06","Q3","February",1815.95,1825.97,1820.96,10.02,5.03500000000008
2006-02-17,2006,"Q1","2005/06","Q3","February",1815.48,1825.02,1820.25,9.53999999999996,-0.710000000000036
2006-02-20,2006,"Q1","2005/06","Q3","February",1815.72,1826.24,1820.98,10.52,0.730000000000018
2006-02-21,2006,"Q1","2005/06","Q3","February",1822.9,1835.79,1829.345,12.8899999999999,8.36500000000001
2006-02-22,2006,"Q1","2005/06","Q3","February",1821.87,1834.11,1827.99,12.24,-1.35500000000025
2006-02-24,2006,"Q1","2005/06","Q3","February",1820.33,1831.96,1826.145,11.6300000000001,-1.8449999999998
2006-02-27,2006,"Q1","2005/06","Q3","February",1818.34,1829.98,1824.16,11.6400000000001,-1.98500000000013
2006-02-28,2006,"Q1","2005/06","Q3","February",1818.69,1830.81,1824.75,12.1199999999999,0.590000000000146
2006-03-01,2006,"Q1","2005/06","Q3","March",1819.53499999999,1831.034999999,1825.2849999995,11.49999999901,0.534999999495085
2006-03-03,2006,"Q1","2005/06","Q3","March",1819.025,1829.92,1824.4725,10.895,-0.812499999495003
2006-03-07,2006,"Q1","2005/06","Q3","March",1816.97,1827.22,1822.095,10.25,-2.37750000000005
2006-03-09,2006,"Q1","2005/06","Q3","March",1814.23,1822.22,1818.225,7.99000000000001,-3.87000000000012
2006-03-13,2006,"Q1","2005/06","Q3","March",1814.07,1824.78,1819.425,10.71,1.20000000000005
2006-03-14,2006,"Q1","2005/06","Q3","March",1818.01,1828.5,1823.255,10.49,3.83000000000015
2006-03-15,2006,"Q1","2005/06","Q3","March",1816.92,1827.22,1822.07,10.3,-1.18499999999995
2006-03-16,2006,"Q1","2005/06","Q3","March",1815.71,1825.81,1820.76,10.0999999999999,-1.31000000000017
2006-03-17,2006,"Q1","2005/06","Q3","March",1816.18,1825.93,1821.055,9.75,0.295000000000073
2006-03-20,2006,"Q1","2005/06","Q3","March",1815.21,1825.7,1820.455,10.49,-0.600000000000136
2006-03-21,2006,"Q1","2005/06","Q3","March",1814.66,1823.92,1819.29,9.25999999999999,-1.16499999999996
2006-03-22,2006,"Q1","2005/06","Q3","March",1814.53,1823.42,1818.975,8.8900000000001,-0.315000000000055
2006-03-23,2006,"Q1","2005/06","Q3","March",1815.82,1824.42,1820.12,8.60000000000014,1.14499999999998
2006-03-24,2006,"Q1","2005/06","Q3","March",1814.15,1822.97,1818.56,8.81999999999994,-1.55999999999995
2006-03-27,2006,"Q1","2005/06","Q3","March",1812.87,1822.04,1817.455,9.17000000000007,-1.10500000000002
2006-03-28,2006,"Q1","2005/06","Q3","March",1815.08,1825.58,1820.33,10.5,2.875
2006-03-29,2006,"Q1","2005/06","Q3","March",1816.23,1826.01,1821.12,9.77999999999997,0.789999999999964
2006-03-30,2006,"Q1","2005/06","Q3","March",1816.7,1826.23,1821.465,9.52999999999997,0.345000000000255
2006-03-31,2006,"Q1","2005/06","Q3","March",1819.36,1827.66,1823.51,8.30000000000018,2.04499999999985
2006-04-03,2006,"Q2","2005/06","Q4","April",1818.57,1827.89,1823.23,9.32000000000016,-0.279999999999973
2006-04-04,2006,"Q2","2005/06","Q4","April",1820.17,1829.99,1825.08,9.81999999999994,1.84999999999991
2006-04-05,2006,"Q2","2005/06","Q4","April",1821.45,1830.36,1825.905,8.90999999999985,0.825000000000045
2006-04-06,2006,"Q2","2005/06","Q4","April",1822.08,1830.62,1826.35,8.53999999999996,0.444999999999936
2006-04-07,2006,"Q2","2005/06","Q4","April",1819.46,1828.48,1823.97,9.01999999999998,-2.37999999999988
2006-04-10,2006,"Q2","2005/06","Q4","April",1818.45,1827.53,1822.99,9.07999999999993,-0.980000000000018
2006-04-11,2006,"Q2","2005/06","Q4","April",1820.24,1828.5,1824.37,8.25999999999999,1.37999999999988
2006-04-12,2006,"Q2","2005/06","Q4","April",1821.65,1830.3,1825.975,8.64999999999986,1.60500000000002
2006-04-13,2006,"Q2","2005/06","Q4","April",1822.36,1831.05,1826.705,8.69000000000005,0.730000000000018
2006-04-18,2006,"Q2","2005/06","Q4","April",1827.79,1835,1831.395,7.21000000000004,4.69000000000005
2006-04-19,2006,"Q2","2005/06","Q4","April",1828.35,1835.41,1831.88,7.06000000000017,0.485000000000127
2006-04-20,2006,"Q2","2005/06","Q4","April",1824.99,1832.55,1828.77,7.55999999999995,-3.11000000000013
2006-04-21,2006,"Q2","2005/06","Q4","April",1823.77,1830.58,1827.175,6.80999999999995,-1.59500000000003
2006-04-24,2006,"Q2","2005/06","Q4","April",1824.08,1830.91,1827.495,6.83000000000015,0.319999999999936
2006-04-25,2006,"Q2","2005/06","Q4","April",1824.22,1830.88,1827.55,6.66000000000008,0.055000000000291
2006-04-26,2006,"Q2","2005/06","Q4","April",1827.08,1833.48,1830.28,6.40000000000009,2.72999999999979
2006-04-27,2006,"Q2","2005/06","Q4","April",1828.11,1834.57,1831.34,6.46000000000004,1.05999999999995
2006-04-28,2006,"Q2","2005/06","Q4","April",1830.56,1837.84,1834.2,7.27999999999997,2.8599999999999
2006-05-02,2006,"Q2","2005/06","Q4","May",1830.98,1838.7,1834.84,7.72000000000003,0.640000000000327
2006-05-03,2006,"Q2","2005/06","Q4","May",1830.75,1838.78,1834.765,8.02999999999997,-0.0750000000002728
2006-05-04,2006,"Q2","2005/06","Q4","May",1826.76,1837.44,1832.1,10.6800000000001,-2.66499999999996
2006-05-05,2006,"Q2","2005/06","Q4","May",1824.77,1835.06,1829.915,10.29,-2.18499999999995
2006-05-08,2006,"Q2","2005/06","Q4","May",1824.56,1833.99,1829.275,9.43000000000006,-0.639999999999873
2006-05-09,2006,"Q2","2005/06","Q4","May",1827.02,1834.7,1830.86,7.68000000000006,1.58500000000004
2006-05-10,2006,"Q2","2005/06","Q4","May",1826.55,1833.79,1830.17,7.24000000000001,-0.690000000000055
2006-05-11,2006,"Q2","2005/06","Q4","May",1825.55,1832.15,1828.85,6.60000000000014,-1.32000000000016
2006-05-15,2006,"Q2","2005/06","Q4","May",1826.16,1833.12,1829.64,6.95999999999981,0.789999999999964
2006-05-16,2006,"Q2","2005/06","Q4","May",1828.89,1835.97,1832.43,7.07999999999993,2.79000000000019
2006-05-17,2006,"Q2","2005/06","Q4","May",1829.64,1835.86,1832.75,6.2199999999998,0.319999999999936
2006-05-18,2006,"Q2","2005/06","Q4","May",1830.19,1836.48,1833.335,6.28999999999996,0.585000000000036
2006-05-19,2006,"Q2","2005/06","Q4","May",1831.29,1837.72,1834.505,6.43000000000006,1.17000000000007
2006-05-22,2006,"Q2","2005/06","Q4","May",1833.15,1839.31,1836.23,6.15999999999985,1.72499999999991
2006-05-23,2006,"Q2","2005/06","Q4","May",1836.38,1843.47,1839.925,7.08999999999992,3.69500000000016
2006-05-24,2006,"Q2","2005/06","Q4","May",1836.21,1843.22,1839.715,7.00999999999999,-0.210000000000036
2006-05-25,2006,"Q2","2005/06","Q4","May",1838.47,1845.43,1841.95,6.96000000000004,2.2349999999999
2006-05-26,2006,"Q2","2005/06","Q4","May",1840.85,1846.89,1843.87,6.04000000000019,1.91999999999985
2006-05-29,2006,"Q2","2005/06","Q4","May",1843.93,1851.73,1847.83,7.79999999999995,3.96000000000004
2006-05-30,2006,"Q2","2005/06","Q4","May",1845.57,1852.13,1848.85,6.56000000000017,1.01999999999998
2006-05-31,2006,"Q2","2005/06","Q4","May",1848.19,1854.56,1851.375,6.36999999999989,2.52500000000009
2006-06-01,2006,"Q2","2005/06","Q4","June",1849.22,1855.87,1852.545,6.64999999999986,1.17000000000007
2006-06-02,2006,"Q2","2005/06","Q4","June",1851.04,1859.34,1855.19,8.29999999999995,2.64499999999998
2006-06-05,2006,"Q2","2005/06","Q4","June",1853.5,1860.92,1857.21,7.42000000000007,2.01999999999998
2006-06-06,2006,"Q2","2005/06","Q4","June",1854.68,1861.91,1858.295,7.23000000000002,1.08500000000004
2006-06-07,2006,"Q2","2005/06","Q4","June",1854.55,1861.89,1858.22,7.34000000000015,-0.0750000000000455
2006-06-08,2006,"Q2","2005/06","Q4","June",1853.06,1860.99,1857.025,7.93000000000006,-1.19499999999994
2006-06-12,2006,"Q2","2005/06","Q4","June",1852.05,1860.65,1856.35,8.60000000000014,-0.675000000000182
2006-06-13,2006,"Q2","2005/06","Q4","June",1852.39,1860.95,1856.67,8.55999999999995,0.320000000000164
2006-06-14,2006,"Q2","2005/06","Q4","June",1852.13,1860.45,1856.29,8.31999999999994,-0.380000000000109
2006-06-15,2006,"Q2","2005/06","Q4","June",1851.66,1859.23,1855.445,7.56999999999994,-0.8449999999998
2006-06-16,2006,"Q2","2005/06","Q4","June",1851.83,1859.14,1855.485,7.31000000000017,0.0399999999999636
2006-06-19,2006,"Q2","2005/06","Q4","June",1854.68,1861.8,1858.24,7.11999999999989,2.75499999999988
2006-06-20,2006,"Q2","2005/06","Q4","June",1858.44,1864.95,1861.695,6.50999999999999,3.45500000000015
2006-06-21,2006,"Q2","2005/06","Q4","June",1860.61,1867.57,1864.09,6.96000000000004,2.39499999999975
2006-06-22,2006,"Q2","2005/06","Q4","June",1862.89,1870.11,1866.5,7.2199999999998,2.41000000000008
2006-06-23,2006,"Q2","2005/06","Q4","June",1868,1876.85,1872.425,8.84999999999991,5.92499999999995
2006-06-26,2006,"Q2","2005/06","Q4","June",1864.59,1874.72,1869.655,10.1300000000001,-2.76999999999998
2006-06-27,2006,"Q2","2005/06","Q4","June",1862.06,1871.44,1866.75,9.38000000000011,-2.90499999999997
2006-06-28,2006,"Q2","2005/06","Q4","June",1854.39,1864.79,1859.59,10.3999999999999,-7.15999999999985
2006-06-29,2006,"Q2","2005/06","Q4","June",1853.1,1864.84,1858.97,11.74,-0.620000000000346
2006-06-30,2006,"Q2","2005/06","Q4","June",1858.37,1866.22,1862.295,7.85000000000014,3.32500000000027
2006-07-03,2006,"Q3","2006/07","Q1","July",1858.59,1868.15,1863.37,9.56000000000017,1.07499999999982
2006-07-04,2006,"Q3","2006/07","Q1","July",1851.18,1862.11,1856.645,10.9299999999998,-6.72499999999991
2006-07-05,2006,"Q3","2006/07","Q1","July",1854.39,1862.26,1858.325,7.86999999999989,1.68000000000006
2006-07-06,2006,"Q3","2006/07","Q1","July",1853.71,1862.13,1857.92,8.42000000000007,-0.404999999999973
2006-07-07,2006,"Q3","2006/07","Q1","July",1852.61,1861.66,1857.135,9.05000000000018,-0.785000000000082
2006-07-10,2006,"Q3","2006/07","Q1","July",1851.56,1861.11,1856.335,9.54999999999995,-0.799999999999955
2006-07-11,2006,"Q3","2006/07","Q1","July",1847.38,1858.66,1853.02,11.28,-3.31500000000005
2006-07-12,2006,"Q3","2006/07","Q1","July",1850.96,1860.41,1855.685,9.45000000000005,2.66499999999996
2006-07-13,2006,"Q3","2006/07","Q1","July",1850.99,1860.15,1855.57,9.16000000000008,-0.114999999999782
2006-07-14,2006,"Q3","2006/07","Q1","July",1851.15,1859.82,1855.485,8.66999999999985,-0.0850000000000364
2006-07-17,2006,"Q3","2006/07","Q1","July",1851.69,1859.81,1855.75,8.11999999999989,0.264999999999873
2006-07-18,2006,"Q3","2006/07","Q1","July",1852.57,1860.18,1856.375,7.61000000000013,0.625
2006-07-19,2006,"Q3","2006/07","Q1","July",1856.82,1863.76,1860.29,6.94000000000005,3.91499999999996
2006-07-20,2006,"Q3","2006/07","Q1","July",1856.87,1865.09,1860.98,8.22000000000003,0.690000000000055
2006-07-21,2006,"Q3","2006/07","Q1","July",1853.2,1864.55,1858.875,11.3499999999999,-2.10500000000002
2006-07-24,2006,"Q3","2006/07","Q1","July",1852.69,1864.88,1858.785,12.1900000000001,-0.0899999999999181
2006-07-25,2006,"Q3","2006/07","Q1","July",1853.83,1865.08,1859.455,11.25,0.669999999999845
2006-07-26,2006,"Q3","2006/07","Q1","July",1854.77,1865.13,1859.95,10.3600000000001,0.495000000000118
2006-07-27,2006,"Q3","2006/07","Q1","July",1853.66,1864.65,1859.155,10.99,-0.794999999999845
2006-07-28,2006,"Q3","2006/07","Q1","July",1851.25,1862.86,1857.055,11.6099999999999,-2.10000000000036
2006-07-31,2006,"Q3","2006/07","Q1","July",1850.01,1861.76,1855.885,11.75,-1.16999999999985
2006-08-01,2006,"Q3","2006/07","Q1","August",1841.75,1856.12,1848.935,14.3699999999999,-6.95000000000005
2006-08-02,2006,"Q3","2006/07","Q1","August",1834.39,1849.82,1842.105,15.4299999999998,-6.82999999999993
2006-08-03,2006,"Q3","2006/07","Q1","August",1830.35,1846.19,1838.27,15.8400000000001,-3.83500000000004
2006-08-04,2006,"Q3","2006/07","Q1","August",1830.45,1845.56,1838.005,15.1099999999999,-0.264999999999873
2006-08-07,2006,"Q3","2006/07","Q1","August",1831.06,1845.04,1838.05,13.98,0.0449999999998454
2006-08-08,2006,"Q3","2006/07","Q1","August",1831.53,1845.24,1838.385,13.71,0.335000000000036
2006-08-09,2006,"Q3","2006/07","Q1","August",1836.63,1849.09,1842.86,12.4599999999998,4.47500000000014
2006-08-10,2006,"Q3","2006/07","Q1","August",1844.87,1854.85,1849.86,9.98000000000002,6.99999999999977
2006-08-11,2006,"Q3","2006/07","Q1","August",1844.84,1854.84,1849.84,10,-0.0199999999999818
2006-08-14,2006,"Q3","2006/07","Q1","August",1845.12,1854.29,1849.705,9.17000000000007,-0.134999999999991
2006-08-15,2006,"Q3","2006/07","Q1","August",1844.56,1853.52,1849.04,8.96000000000004,-0.664999999999964
2006-08-16,2006,"Q3","2006/07","Q1","August",1843.935,1853.17,1848.5525,9.23500000000013,-0.487499999999955
2006-08-17,2006,"Q3","2006/07","Q1","August",1843.31,1852.82,1848.065,9.50999999999999,-0.487499999999955
2006-08-18,2006,"Q3","2006/07","Q1","August",1844.57,1853.58,1849.075,9.00999999999999,1.00999999999976
2006-08-21,2006,"Q3","2006/07","Q1","August",1846.5,1854.4,1850.45,7.90000000000009,1.37500000000023
2006-08-22,2006,"Q3","2006/07","Q1","August",1849.07,1855.65,1852.36,6.58000000000015,1.91000000000008
2006-08-23,2006,"Q3","2006/07","Q1","August",1850.75,1857.22,1853.985,6.47000000000003,1.625
2006-08-24,2006,"Q3","2006/07","Q1","August",1847.29,1855.64,1851.465,8.35000000000014,-2.51999999999998
2006-08-25,2006,"Q3","2006/07","Q1","August",1845.88,1855.08,1850.48,9.19999999999982,-0.985000000000127
2006-08-28,2006,"Q3","2006/07","Q1","August",1846.44,1855.45,1850.945,9.00999999999999,0.465000000000146
2006-08-29,2006,"Q3","2006/07","Q1","August",1847.71,1855.76,1851.735,8.04999999999995,0.789999999999964
2006-08-30,2006,"Q3","2006/07","Q1","August",1849.77,1855.67,1852.72,5.90000000000009,0.9849999999999
2006-08-31,2006,"Q3","2006/07","Q1","August",1849.49,1856.76,1853.125,7.26999999999998,0.404999999999973
2006-09-01,2006,"Q3","2006/07","Q1","September",1849.96,1856.93,1853.445,6.97000000000003,0.320000000000164
2006-09-04,2006,"Q3","2006/07","Q1","September",1849.6,1856.2,1852.9,6.60000000000014,-0.545000000000073
2006-09-05,2006,"Q3","2006/07","Q1","September",1849.74,1856.56,1853.15,6.81999999999994,0.25
2006-09-06,2006,"Q3","2006/07","Q1","September",1850.93,1857.36,1854.145,6.42999999999984,0.994999999999891
2006-09-07,2006,"Q3","2006/07","Q1","September",1850.39,1857.05,1853.72,6.65999999999985,-0.424999999999955
2006-09-08,2006,"Q3","2006/07","Q1","September",1852.24,1858.03,1855.135,5.78999999999996,1.41499999999996
2006-09-11,2006,"Q3","2006/07","Q1","September",1853.22,1858.08,1855.65,4.8599999999999,0.5150000000001
2006-09-12,2006,"Q3","2006/07","Q1","September",1853.34,1858.77,1856.055,5.43000000000006,0.404999999999745
2006-09-13,2006,"Q3","2006/07","Q1","September",1853.82,1858.92,1856.37,5.10000000000014,0.315000000000055
2006-09-14,2006,"Q3","2006/07","Q1","September",1853.59,1858.52,1856.055,4.93000000000006,-0.315000000000055
2006-09-15,2006,"Q3","2006/07","Q1","September",1852.11,1857.51,1854.81,5.40000000000009,-1.24499999999989
2006-09-18,2006,"Q3","2006/07","Q1","September",1849.71,1855.75,1852.73,6.03999999999996,-2.07999999999993
2006-09-19,2006,"Q3","2006/07","Q1","September",1846.68,1853.38,1850.03,6.70000000000005,-2.69999999999982
2006-09-20,2006,"Q3","2006/07","Q1","September",1846.7,1853.12,1849.91,6.41999999999985,-0.120000000000346
2006-09-21,2006,"Q3","2006/07","Q1","September",1847.77,1854.31,1851.04,6.53999999999996,1.13000000000011
2006-09-22,2006,"Q3","2006/07","Q1","September",1850.52,1856.39,1853.455,5.87000000000012,2.41499999999996
2006-09-25,2006,"Q3","2006/07","Q1","September",1851.57,1857.12,1854.345,5.54999999999995,0.889999999999873
2006-09-26,2006,"Q3","2006/07","Q1","September",1853.34,1858.79,1856.065,5.45000000000005,1.72000000000025
2006-09-27,2006,"Q3","2006/07","Q1","September",1855.26,1862,1858.63,6.74000000000001,2.56500000000005
2006-09-28,2006,"Q3","2006/07","Q1","September",1856.35,1862.62,1859.485,6.26999999999998,0.854999999999791
2006-09-29,2006,"Q3","2006/07","Q1","September",1858.15,1864.02,1861.085,5.86999999999989,1.60000000000014
2006-10-02,2006,"Q4","2006/07","Q2","October",1859.71,1865.28,1862.495,5.56999999999994,1.40999999999985
2006-10-03,2006,"Q4","2006/07","Q2","October",1859,1864.56,1861.78,5.55999999999995,-0.714999999999918
2006-10-04,2006,"Q4","2006/07","Q2","October",1856.81,1862.48,1859.645,5.67000000000007,-2.13499999999999
2006-10-05,2006,"Q4","2006/07","Q2","October",1856.83,1862.36,1859.595,5.52999999999997,-0.0500000000001819
2006-10-06,2006,"Q4","2006/07","Q2","October",1853.55,1859.39,1856.47,5.84000000000015,-3.12499999999977
2006-10-10,2006,"Q4","2006/07","Q2","October",1851.46,1857.71,1854.585,6.25,-1.88499999999999
2006-10-11,2006,"Q4","2006/07","Q2","October",1848.26,1854.89,1851.575,6.63000000000011,-3.00999999999999
2006-10-12,2006,"Q4","2006/07","Q2","October",1843.11,1851.52,1847.315,8.41000000000008,-4.25999999999999
2006-10-13,2006,"Q4","2006/07","Q2","October",1839.9,1849.56,1844.73,9.65999999999985,-2.58500000000004
2006-10-16,2006,"Q4","2006/07","Q2","October",1834.29,1845.3,1839.795,11.01,-4.93499999999995
2006-10-17,2006,"Q4","2006/07","Q2","October",1832.27,1843.35,1837.81,11.0799999999999,-1.98500000000013
2006-10-18,2006,"Q4","2006/07","Q2","October",1832.14,1842.32,1837.23,10.1799999999998,-0.579999999999927
2006-10-19,2006,"Q4","2006/07","Q2","October",1832.29,1842.14,1837.215,9.85000000000014,-0.0149999999998727
2006-10-20,2006,"Q4","2006/07","Q2","October",1834.03,1843.45,1838.74,9.42000000000007,1.52499999999986
2006-10-24,2006,"Q4","2006/07","Q2","October",1834.48,1843.83,1839.155,9.34999999999991,0.414999999999964
2006-10-25,2006,"Q4","2006/07","Q2","October",1833.27,1843.1,1838.185,9.82999999999993,-0.970000000000027
2006-10-26,2006,"Q4","2006/07","Q2","October",1827.95,1837.4,1832.675,9.45000000000005,-5.50999999999976
2006-10-27,2006,"Q4","2006/07","Q2","October",1821.73,1832.51,1827.12,10.78,-5.55500000000029
2006-10-30,2006,"Q4","2006/07","Q2","October",1816.55,1828.75,1822.65,12.2,-4.4699999999998
2006-10-31,2006,"Q4","2006/07","Q2","October",1813.53,1826,1819.765,12.47,-2.88500000000022
2006-11-01,2006,"Q4","2006/07","Q2","November",1814.66,1826.32,1820.49,11.6599999999999,0.725000000000136
2006-11-02,2006,"Q4","2006/07","Q2","November",1815.43,1826.18,1820.805,10.75,0.315000000000055
2006-11-03,2006,"Q4","2006/07","Q2","November",1815.51,1825.96,1820.735,10.45,-0.0699999999999363
2006-11-06,2006,"Q4","2006/07","Q2","November",1817.33,1825.46,1821.395,8.13000000000011,0.659999999999854
2006-11-07,2006,"Q4","2006/07","Q2","November",1817.82,1826.27,1822.045,8.45000000000005,0.650000000000091
2006-11-08,2006,"Q4","2006/07","Q2","November",1816.34,1825.02,1820.68,8.68000000000006,-1.36500000000024
2006-11-09,2006,"Q4","2006/07","Q2","November",1815.81,1823.87,1819.84,8.05999999999995,-0.839999999999918
2006-11-10,2006,"Q4","2006/07","Q2","November",1815.21,1822.99,1819.1,7.77999999999997,-0.740000000000009
2006-11-13,2006,"Q4","2006/07","Q2","November",1815.27,1823.33,1819.3,8.05999999999995,0.200000000000045
2006-11-14,2006,"Q4","2006/07","Q2","November",1816.64,1824.34,1820.49,7.69999999999982,1.19000000000005
2006-11-15,2006,"Q4","2006/07","Q2","November",1816.98,1824.37,1820.675,7.38999999999987,0.184999999999945
2006-11-16,2006,"Q4","2006/07","Q2","November",1818.8,1826.75,1822.775,7.95000000000005,2.10000000000014
2006-11-17,2006,"Q4","2006/07","Q2","November",1819.65,1827.94,1823.795,8.28999999999996,1.01999999999998
2006-11-20,2006,"Q4","2006/07","Q2","November",1819.71,1827.91,1823.81,8.20000000000005,0.0149999999998727
2006-11-21,2006,"Q4","2006/07","Q2","November",1818.8,1825.94,1822.37,7.1400000000001,-1.44000000000005
2006-11-22,2006,"Q4","2006/07","Q2","November",1816.76,1823.7,1820.23,6.94000000000005,-2.13999999999987
2006-11-23,2006,"Q4","2006/07","Q2","November",1813.9,1821.08,1817.49,7.17999999999984,-2.74000000000001
2006-11-24,2006,"Q4","2006/07","Q2","November",1813.44,1819.59,1816.515,6.14999999999986,-0.975000000000136
2006-11-27,2006,"Q4","2006/07","Q2","November",1809.74,1817.31,1813.525,7.56999999999994,-2.98999999999978
2006-11-28,2006,"Q4","2006/07","Q2","November",1804.48,1816.03,1810.255,11.55,-3.26999999999998
2006-11-29,2006,"Q4","2006/07","Q2","November",1804.58,1815.2,1809.89,10.6200000000001,-0.365000000000236
2006-11-30,2006,"Q4","2006/07","Q2","November",1802.61,1814.43,1808.52,11.8200000000002,-1.36999999999989
2006-12-01,2006,"Q4","2006/07","Q2","December",1801.13,1811.6,1806.365,10.4699999999998,-2.15499999999997
2006-12-04,2006,"Q4","2006/07","Q2","December",1800.28,1810.71,1805.495,10.4300000000001,-0.870000000000118
2006-12-05,2006,"Q4","2006/07","Q2","December",1798.47,1807.43,1802.95,8.96000000000004,-2.54499999999985
2006-12-06,2006,"Q4","2006/07","Q2","December",1795.24,1805.46,1800.35,10.22,-2.60000000000014
2006-12-07,2006,"Q4","2006/07","Q2","December",1794.49,1803.02,1798.755,8.52999999999997,-1.5949999999998
2006-12-08,2006,"Q4","2006/07","Q2","December",1794.31,1802.98,1798.645,8.67000000000007,-0.110000000000127
2006-12-11,2006,"Q4","2006/07","Q2","December",1793.42,1802.5,1797.96,9.07999999999993,-0.684999999999945
2006-12-12,2006,"Q4","2006/07","Q2","December",1790.09,1800.24,1795.165,10.1500000000001,-2.79500000000007
2006-12-13,2006,"Q4","2006/07","Q2","December",1788.12,1797.93,1793.025,9.81000000000017,-2.13999999999987
2006-12-14,2006,"Q4","2006/07","Q2","December",1785.49,1795.01,1790.25,9.51999999999998,-2.77500000000009
2006-12-15,2006,"Q4","2006/07","Q2","December",1779.19,1787.96,1783.575,8.76999999999998,-6.67499999999995
2006-12-18,2006,"Q4","2006/07","Q2","December",1758.97,1773.05,1766.01,14.0799999999999,-17.5650000000001
2006-12-19,2006,"Q4","2006/07","Q2","December",1744.74,1758.87,1751.805,14.1299999999999,-14.2050000000002
2006-12-20,2006,"Q4","2006/07","Q2","December",1739.03,1752.96,1745.995,13.9300000000001,-5.80999999999995
2006-12-21,2006,"Q4","2006/07","Q2","December",1733.55,1746.5,1740.025,12.95,-5.9699999999998
2006-12-22,2006,"Q4","2006/07","Q2","December",1732,1743.33,1737.665,11.3299999999999,-2.36000000000013
2006-12-27,2006,"Q4","2006/07","Q2","December",1731.36,1741.16,1736.26,9.80000000000018,-1.40499999999997
2006-12-28,2006,"Q4","2006/07","Q2","December",1734,1745.19,1739.595,11.1900000000001,3.33500000000004
2006-12-29,2006,"Q4","2006/07","Q2","December",1736.2,1746.68,1741.44,10.48,1.84500000000003
2007-01-02,2007,"Q1","2006/07","Q3","January",1742.43,1757.49,1749.96,15.0599999999999,8.51999999999998
2007-01-03,2007,"Q1","2006/07","Q3","January",1748,1761.91,1754.955,13.9100000000001,4.99499999999989
2007-01-04,2007,"Q1","2006/07","Q3","January",1751.73,1764.74,1758.235,13.01,3.2800000000002
2007-01-05,2007,"Q1","2006/07","Q3","January",1768.31,1779.64,1773.975,11.3300000000002,15.7399999999998
2007-01-08,2007,"Q1","2006/07","Q3","January",1788.91,1802.9,1795.905,13.99,21.9300000000003
2007-01-09,2007,"Q1","2006/07","Q3","January",1800.89,1811.7,1806.295,10.8099999999999,10.3899999999999
2007-01-10,2007,"Q1","2006/07","Q3","January",1803.15,1814.56,1808.855,11.4099999999999,2.55999999999995
2007-01-11,2007,"Q1","2006/07","Q3","January",1813.05,1824.72,1818.885,11.6700000000001,10.03
2007-01-12,2007,"Q1","2006/07","Q3","January",1806.78,1820.02,1813.4,13.24,-5.4849999999999
2007-01-15,2007,"Q1","2006/07","Q3","January",1812.2,1823.64,1817.92,11.4400000000001,4.51999999999998
2007-01-16,2007,"Q1","2006/07","Q3","January",1825.08,1835.76,1830.42,10.6800000000001,12.5
2007-01-17,2007,"Q1","2006/07","Q3","January",1824.54,1836.53,1830.535,11.99,0.114999999999782
2007-01-18,2007,"Q1","2006/07","Q3","January",1813.98,1828.58,1821.28,14.5999999999999,-9.25499999999988
2007-01-19,2007,"Q1","2006/07","Q3","January",1804.17,1818,1811.085,13.8299999999999,-10.1949999999999
2007-01-22,2007,"Q1","2006/07","Q3","January",1794.21,1811.42,1802.815,17.21,-8.26999999999998
2007-01-23,2007,"Q1","2006/07","Q3","January",1761.36,1797.88,1779.62,36.5200000000002,-23.1950000000002
2007-01-24,2007,"Q1","2006/07","Q3","January",1762.59,1794.16,1778.375,31.5700000000002,-1.24499999999989
2007-01-25,2007,"Q1","2006/07","Q3","January",1758.28,1790,1774.14,31.72,-4.23500000000013
2007-01-29,2007,"Q1","2006/07","Q3","January",1767.68,1788.5,1778.09,20.8199999999999,3.95000000000027
2007-01-30,2007,"Q1","2006/07","Q3","January",1763.42,1783.74,1773.58,20.3199999999999,-4.51000000000022
2007-01-31,2007,"Q1","2006/07","Q3","January",1747.76,1771.3,1759.53,23.54,-14.05
2007-02-01,2007,"Q1","2006/07","Q3","February",1748.15,1766.8,1757.475,18.6499999999999,-2.05500000000006
2007-02-02,2007,"Q1","2006/07","Q3","February",1744.92,1760.27,1752.595,15.3499999999999,-4.87999999999988
2007-02-05,2007,"Q1","2006/07","Q3","February",1746.22,1759.59,1752.905,13.3699999999999,0.309999999999945
2007-02-06,2007,"Q1","2006/07","Q3","February",1752.33,1765.17,1758.75,12.8400000000001,5.84500000000003
2007-02-07,2007,"Q1","2006/07","Q3","February",1754.6,1767,1760.8,12.4000000000001,2.04999999999995
2007-02-08,2007,"Q1","2006/07","Q3","February",1749.57,1762.38,1755.975,12.8100000000002,-4.82500000000005
2007-02-09,2007,"Q1","2006/07","Q3","February",1745.07,1758.51,1751.79,13.4400000000001,-4.18499999999995
2007-02-12,2007,"Q1","2006/07","Q3","February",1747.2,1759.71,1753.455,12.51,1.66499999999996
2007-02-13,2007,"Q1","2006/07","Q3","February",1749.42,1760.73,1755.075,11.3099999999999,1.62000000000012
2007-02-14,2007,"Q1","2006/07","Q3","February",1749.16,1759.64,1754.4,10.48,-0.674999999999955
2007-02-15,2007,"Q1","2006/07","Q3","February",1733.3,1754.19,1743.745,20.8900000000001,-10.6550000000002
2007-02-16,2007,"Q1","2006/07","Q3","February",1740.05,1753.83,1746.94,13.78,3.19500000000016
2007-02-19,2007,"Q1","2006/07","Q3","February",1744.16,1755.87,1750.015,11.7099999999998,3.07499999999982
2007-02-20,2007,"Q1","2006/07","Q3","February",1751.01,1760.98,1755.995,9.97000000000003,5.98000000000002
2007-02-21,2007,"Q1","2006/07","Q3","February",1750.42,1761.05,1755.735,10.6299999999999,-0.259999999999764
2007-02-22,2007,"Q1","2006/07","Q3","February",1746.63,1758.04,1752.335,11.4099999999999,-3.40000000000009
2007-02-23,2007,"Q1","2006/07","Q3","February",1745.97,1756.81,1751.39,10.8399999999999,-0.945000000000164
2007-02-26,2007,"Q1","2006/07","Q3","February",1741.46,1753.19,1747.325,11.73,-4.06499999999983
2007-02-27,2007,"Q1","2006/07","Q3","February",1735.46,1747.79,1741.625,12.3299999999999,-5.70000000000005
2007-02-28,2007,"Q1","2006/07","Q3","February",1728.2,1742.46,1735.33,14.26,-6.29500000000007
2007-03-01,2007,"Q1","2006/07","Q3","March",1733.12,1746.25,1739.685,13.1300000000001,4.35500000000002
2007-03-02,2007,"Q1","2006/07","Q3","March",1740.26,1754.18,1747.22,13.9200000000001,7.53500000000008
2007-03-05,2007,"Q1","2006/07","Q3","March",1744.75,1759.45,1752.1,14.7,4.87999999999988
2007-03-06,2007,"Q1","2006/07","Q3","March",1764.42,1782.57,1773.495,18.1499999999999,21.395
2007-03-07,2007,"Q1","2006/07","Q3","March",1763.02,1779.2,1771.11,16.1800000000001,-2.38499999999976
2007-03-09,2007,"Q1","2006/07","Q3","March",1752.27,1766.88,1759.575,14.6100000000001,-11.5350000000001
2007-03-12,2007,"Q1","2006/07","Q3","March",1753.13,1766.18,1759.655,13.05,0.0800000000001546
2007-03-13,2007,"Q1","2006/07","Q3","March",1754.77,1766.52,1760.645,11.75,0.989999999999782
2007-03-14,2007,"Q1","2006/07","Q3","March",1752.07,1764.26,1758.165,12.1900000000001,-2.48000000000002
2007-03-15,2007,"Q1","2006/07","Q3","March",1751.71,1763.93,1757.82,12.22,-0.3449999999998
2007-03-16,2007,"Q1","2006/07","Q3","March",1755.29,1765.94,1760.615,10.6500000000001,2.79499999999985
2007-03-19,2007,"Q1","2006/07","Q3","March",1753,1765.31,1759.155,12.3099999999999,-1.46000000000004
2007-03-20,2007,"Q1","2006/07","Q3","March",1747.31,1761.34,1754.325,14.03,-4.83000000000015
2007-03-21,2007,"Q1","2006/07","Q3","March",1741.17,1754.72,1747.945,13.55,-6.37999999999965
2007-03-22,2007,"Q1","2006/07","Q3","March",1735.99,1750.47,1743.23,14.48,-4.71500000000015
2007-03-23,2007,"Q1","2006/07","Q3","March",1732.66,1747.57,1740.115,14.9099999999999,-3.11500000000001
2007-03-26,2007,"Q1","2006/07","Q3","March",1727.35,1743.29,1735.32,15.9400000000001,-4.79500000000007
2007-03-27,2007,"Q1","2006/07","Q3","March",1722.82,1738.95,1730.885,16.1300000000001,-4.43499999999995
2007-03-28,2007,"Q1","2006/07","Q3","March",1724.81,1737.12,1730.965,12.3099999999999,0.0799999999999272
2007-03-29,2007,"Q1","2006/07","Q3","March",1729.1,1742.14,1735.62,13.0400000000002,4.65499999999997
2007-03-30,2007,"Q1","2006/07","Q3","March",1737.4,1755.72,1746.56,18.3199999999999,10.9400000000001
2007-04-02,2007,"Q2","2006/07","Q4","April",1730.28,1744.05,1737.165,13.77,-9.39499999999998
2007-04-03,2007,"Q2","2006/07","Q4","April",1728.58,1740.2,1734.39,11.6200000000001,-2.77500000000009
2007-04-04,2007,"Q2","2006/07","Q4","April",1727.31,1739.24,1733.275,11.9300000000001,-1.11499999999978
2007-04-05,2007,"Q2","2006/07","Q4","April",1728.22,1739.6,1733.91,11.3799999999999,0.634999999999764
2007-04-10,2007,"Q2","2006/07","Q4","April",1729.93,1740.21,1735.07,10.28,1.16000000000031
2007-04-11,2007,"Q2","2006/07","Q4","April",1727.98,1737.87,1732.925,9.88999999999987,-2.14500000000021
2007-04-12,2007,"Q2","2006/07","Q4","April",1724.27,1735.5,1729.885,11.23,-3.03999999999996
2007-04-13,2007,"Q2","2006/07","Q4","April",1722.55,1734.34,1728.445,11.79,-1.44000000000005
2007-04-16,2007,"Q2","2006/07","Q4","April",1720.46,1732.02,1726.24,11.5599999999999,-2.20499999999993
2007-04-17,2007,"Q2","2006/07","Q4","April",1719.47,1730.59,1725.03,11.1199999999999,-1.21000000000004
2007-04-18,2007,"Q2","2006/07","Q4","April",1718.14,1728.91,1723.525,10.77,-1.50499999999988
2007-04-19,2007,"Q2","2006/07","Q4","April",1716.4,1727.49,1721.945,11.0899999999999,-1.57999999999993
2007-04-20,2007,"Q2","2006/07","Q4","April",1712.73,1723.39,1718.06,10.6600000000001,-3.88500000000022
2007-04-23,2007,"Q2","2006/07","Q4","April",1713.69,1724.48,1719.085,10.79,1.02500000000009
2007-04-24,2007,"Q2","2006/07","Q4","April",1721.1,1734.96,1728.03,13.8600000000001,8.94499999999994
2007-04-25,2007,"Q2","2006/07","Q4","April",1727.13,1741.68,1734.405,14.55,6.37500000000023
2007-04-26,2007,"Q2","2006/07","Q4","April",1724.6,1740.46,1732.53,15.8600000000001,-1.87500000000023
2007-04-27,2007,"Q2","2006/07","Q4","April",1721.34,1735.23,1728.285,13.8900000000001,-4.24500000000012
2007-04-30,2007,"Q2","2006/07","Q4","April",1719.93,1733.52,1726.725,13.5899999999999,-1.55999999999995
2007-05-02,2007,"Q2","2006/07","Q4","May",1718.22,1730.84,1724.53,12.6199999999999,-2.19499999999994
2007-05-03,2007,"Q2","2006/07","Q4","May",1709.58,1722.77,1716.175,13.1900000000001,-8.35500000000002
2007-05-04,2007,"Q2","2006/07","Q4","May",1706.91,1719.47,1713.19,12.5599999999999,-2.9849999999999
2007-05-07,2007,"Q2","2006/07","Q4","May",1701.3,1715.12,1708.21,13.8199999999999,-4.98000000000002
2007-05-08,2007,"Q2","2006/07","Q4","May",1683.04,1700.24,1691.64,17.2,-16.5700000000002
2007-05-09,2007,"Q2","2006/07","Q4","May",1678.74,1698.89,1688.815,20.1500000000001,-2.82499999999982
2007-05-10,2007,"Q2","2006/07","Q4","May",1681.47,1703.09,1692.28,21.6199999999999,3.46499999999992
2007-05-11,2007,"Q2","2006/07","Q4","May",1691.35,1707.64,1699.495,16.2900000000002,7.21499999999992
2007-05-14,2007,"Q2","2006/07","Q4","May",1691.07,1706.82,1698.945,15.75,-0.549999999999955
2007-05-15,2007,"Q2","2006/07","Q4","May",1690.37,1703.85,1697.11,13.48,-1.83500000000004
2007-05-16,2007,"Q2","2006/07","Q4","May",1691.43,1705.8,1698.615,14.3699999999999,1.50500000000011
2007-05-17,2007,"Q2","2006/07","Q4","May",1689.61,1701.04,1695.325,11.4300000000001,-3.29000000000019
2007-05-18,2007,"Q2","2006/07","Q4","May",1680.75,1694.88,1687.815,14.1300000000001,-7.50999999999976
2007-05-21,2007,"Q2","2006/07","Q4","May",1678.76,1691.04,1684.9,12.28,-2.91499999999996
2007-05-22,2007,"Q2","2006/07","Q4","May",1663.23,1679.93,1671.58,16.7,-13.3200000000002
2007-05-23,2007,"Q2","2006/07","Q4","May",1654.97,1674.43,1664.7,19.46,-6.87999999999988
2007-05-24,2007,"Q2","2006/07","Q4","May",1658.38,1687.88,1673.13,29.5,8.43000000000006
2007-05-25,2007,"Q2","2006/07","Q4","May",1698.12,1721.38,1709.75,23.2600000000002,36.6199999999999
2007-05-28,2007,"Q2","2006/07","Q4","May",1691.3,1709.17,1700.235,17.8700000000001,-9.51499999999987
2007-05-29,2007,"Q2","2006/07","Q4","May",1682.49,1698.42,1690.455,15.9300000000001,-9.7800000000002
2007-05-30,2007,"Q2","2006/07","Q4","May",1685.61,1701.15,1693.38,15.5400000000002,2.92500000000018
2007-05-31,2007,"Q2","2006/07","Q4","May",1684.99,1701.18,1693.085,16.1900000000001,-0.295000000000073
2007-06-01,2007,"Q2","2006/07","Q4","June",1669.76,1689.47,1679.615,19.71,-13.47
2007-06-04,2007,"Q2","2006/07","Q4","June",1679.33,1695.74,1687.535,16.4100000000001,7.91999999999985
2007-06-05,2007,"Q2","2006/07","Q4","June",1680.01,1693.81,1686.91,13.8,-0.625
2007-06-06,2007,"Q2","2006/07","Q4","June",1674.53,1690.59,1682.56,16.0599999999999,-4.34999999999991
2007-06-07,2007,"Q2","2006/07","Q4","June",1665.36,1682.98,1674.17,17.6200000000001,-8.38999999999987
2007-06-08,2007,"Q2","2006/07","Q4","June",1653.75,1674.17,1663.96,20.4200000000001,-10.21
2007-06-11,2007,"Q2","2006/07","Q4","June",1651.64,1670.28,1660.96,18.6399999999999,-3
2007-06-12,2007,"Q2","2006/07","Q4","June",1645.44,1664.14,1654.79,18.7,-6.17000000000007
2007-06-13,2007,"Q2","2006/07","Q4","June",1644.33,1662.83,1653.58,18.5,-1.21000000000004
2007-06-14,2007,"Q2","2006/07","Q4","June",1647.69,1660.57,1654.13,12.8799999999999,0.550000000000182
2007-06-15,2007,"Q2","2006/07","Q4","June",1645.91,1658.45,1652.18,12.54,-1.95000000000005
2007-06-18,2007,"Q2","2006/07","Q4","June",1637.13,1652.44,1644.785,15.3099999999999,-7.39499999999998
2007-06-19,2007,"Q2","2006/07","Q4","June",1628.5,1642,1635.25,13.5,-9.53500000000008
2007-06-20,2007,"Q2","2006/07","Q4","June",1606.59,1630.38,1618.485,23.7900000000002,-16.7649999999999
2007-06-21,2007,"Q2","2006/07","Q4","June",1598.27,1627.11,1612.69,28.8399999999999,-5.79500000000007
2007-06-22,2007,"Q2","2006/07","Q4","June",1604.25,1627.38,1615.815,23.1300000000001,3.125
2007-06-25,2007,"Q2","2006/07","Q4","June",1607.95,1625.22,1616.585,17.27,0.769999999999982
2007-06-26,2007,"Q2","2006/07","Q4","June",1607.48,1622.17,1614.825,14.6900000000001,-1.75999999999999
2007-06-27,2007,"Q2","2006/07","Q4","June",1604.78,1620.69,1612.735,15.9100000000001,-2.08999999999992
2007-06-28,2007,"Q2","2006/07","Q4","June",1593.97,1612.73,1603.35,18.76,-9.38500000000022
2007-06-29,2007,"Q2","2006/07","Q4","June",1578.86,1601.4,1590.13,22.5400000000002,-13.2199999999998
2007-07-02,2007,"Q3","2007/08","Q1","July",1570.99,1607.29,1589.14,36.3,-0.990000000000236
2007-07-03,2007,"Q3","2007/08","Q1","July",1606.19,1628.25,1617.22,22.0599999999999,28.0800000000002
2007-07-04,2007,"Q3","2007/08","Q1","July",1603.89,1626.06,1614.975,22.1699999999998,-2.24500000000012
2007-07-05,2007,"Q3","2007/08","Q1","July",1606.38,1628.3,1617.34,21.9199999999998,2.36500000000024
2007-07-06,2007,"Q3","2007/08","Q1","July",1622.36,1642.26,1632.31,19.9000000000001,14.9699999999998
2007-07-09,2007,"Q3","2007/08","Q1","July",1632.42,1653.26,1642.84,20.8399999999999,10.5300000000002
2007-07-10,2007,"Q3","2007/08","Q1","July",1641.64,1656.93,1649.285,15.29,6.44499999999994
2007-07-11,2007,"Q3","2007/08","Q1","July",1647.24,1658.7,1652.97,11.46,3.68499999999995
2007-07-12,2007,"Q3","2007/08","Q1","July",1656.15,1665.35,1660.75,9.19999999999982,7.77999999999997
2007-07-13,2007,"Q3","2007/08","Q1","July",1666.79,1678.64,1672.715,11.8500000000001,11.9650000000001
2007-07-16,2007,"Q3","2007/08","Q1","July",1666.78,1678.45,1672.615,11.6700000000001,-0.100000000000136
2007-07-17,2007,"Q3","2007/08","Q1","July",1653.8,1670.94,1662.37,17.1400000000001,-10.2450000000001
2007-07-18,2007,"Q3","2007/08","Q1","July",1663.36,1675.62,1669.49,12.26,7.11999999999989
2007-07-19,2007,"Q3","2007/08","Q1","July",1672.47,1682.29,1677.38,9.81999999999994,7.89000000000033
2007-07-20,2007,"Q3","2007/08","Q1","July",1674.89,1689.46,1682.175,14.5699999999999,4.79500000000007
2007-07-23,2007,"Q3","2007/08","Q1","July",1658.65,1676.88,1667.765,18.23,-14.4100000000001
2007-07-24,2007,"Q3","2007/08","Q1","July",1646.17,1668.98,1657.575,22.8099999999999,-10.1900000000001
2007-07-25,2007,"Q3","2007/08","Q1","July",1657.64,1675.45,1666.545,17.8099999999999,8.97000000000003
2007-07-26,2007,"Q3","2007/08","Q1","July",1658.94,1674.55,1666.745,15.6099999999999,0.199999999999818
2007-07-27,2007,"Q3","2007/08","Q1","July",1659.06,1678.1,1668.58,19.04,1.83500000000004
2007-07-30,2007,"Q3","2007/08","Q1","July",1655.85,1665.85,1660.85,10,-7.73000000000002
2007-07-31,2007,"Q3","2007/08","Q1","July",1656.72,1666.28,1661.5,9.55999999999995,0.650000000000091
2007-08-01,2007,"Q3","2007/08","Q1","August",1653.16,1662.99,1658.075,9.82999999999993,-3.42499999999995
2007-08-02,2007,"Q3","2007/08","Q1","August",1650.17,1660.1,1655.135,9.92999999999984,-2.94000000000005
2007-08-03,2007,"Q3","2007/08","Q1","August",1659.1,1669.59,1664.345,10.49,9.20999999999981
2007-08-06,2007,"Q3","2007/08","Q1","August",1688.33,1703.98,1696.155,15.6500000000001,31.8100000000002
2007-08-07,2007,"Q3","2007/08","Q1","August",1711.69,1723.9,1717.795,12.21,21.6400000000001
2007-08-08,2007,"Q3","2007/08","Q1","August",1714.6,1725.82,1720.21,11.22,2.41499999999996
2007-08-09,2007,"Q3","2007/08","Q1","August",1696.35,1709.35,1702.85,13,-17.3600000000001
2007-08-10,2007,"Q3","2007/08","Q1","August",1701.68,1712.47,1707.075,10.79,4.22500000000014
2007-08-13,2007,"Q3","2007/08","Q1","August",1698.55,1709.35,1703.95,10.8,-3.12500000000023
2007-08-14,2007,"Q3","2007/08","Q1","August",1698.22,1708.95,1703.585,10.73,-0.364999999999782
2007-08-15,2007,"Q3","2007/08","Q1","August",1709.22,1719.6,1714.41,10.3799999999999,10.8249999999998
2007-08-16,2007,"Q3","2007/08","Q1","August",1727.17,1747.28,1737.225,20.1099999999999,22.8150000000001
2007-08-17,2007,"Q3","2007/08","Q1","August",1781.71,1817.39,1799.55,35.6800000000001,62.3250000000003
2007-08-20,2007,"Q3","2007/08","Q1","August",1781.26,1808.96,1795.11,27.7,-4.44000000000005
2007-08-21,2007,"Q3","2007/08","Q1","August",1753.73,1778.78,1766.255,25.05,-28.855
2007-08-22,2007,"Q3","2007/08","Q1","August",1753.77,1776.14,1764.955,22.3700000000001,-1.30000000000018
2007-08-23,2007,"Q3","2007/08","Q1","August",1757.33,1778.01,1767.67,20.6800000000001,2.71500000000015
2007-08-24,2007,"Q3","2007/08","Q1","August",1759.76,1777.31,1768.535,17.55,0.864999999999782
2007-08-27,2007,"Q3","2007/08","Q1","August",1760.67,1776.75,1768.71,16.0799999999999,0.175000000000182
2007-08-28,2007,"Q3","2007/08","Q1","August",1761.96,1775.22,1768.59,13.26,-0.119999999999891
2007-08-29,2007,"Q3","2007/08","Q1","August",1787.63,1818.72,1803.175,31.0899999999999,34.585
2007-08-30,2007,"Q3","2007/08","Q1","August",1776.54,1807.71,1792.125,31.1700000000001,-11.0500000000002
2007-08-31,2007,"Q3","2007/08","Q1","August",1772.43,1798.4,1785.415,25.97,-6.71000000000004
2007-09-03,2007,"Q3","2007/08","Q1","September",1760.76,1776.41,1768.585,15.6500000000001,-16.8299999999999
2007-09-04,2007,"Q3","2007/08","Q1","September",1768.4,1786.1,1777.25,17.6999999999998,8.66499999999996
2007-09-05,2007,"Q3","2007/08","Q1","September",1768.45,1785.76,1777.105,17.3099999999999,-0.144999999999982
2007-09-06,2007,"Q3","2007/08","Q1","September",1768.55,1785.66,1777.105,17.1100000000001,0
2007-09-07,2007,"Q3","2007/08","Q1","September",1766.91,1782.22,1774.565,15.3099999999999,-2.53999999999996
2007-09-10,2007,"Q3","2007/08","Q1","September",1765.33,1778.69,1772.01,13.3600000000001,-2.55500000000006
2007-09-11,2007,"Q3","2007/08","Q1","September",1769.24,1780.56,1774.9,11.3199999999999,2.8900000000001
2007-09-12,2007,"Q3","2007/08","Q1","September",1765.76,1777.25,1771.505,11.49,-3.39499999999998
2007-09-13,2007,"Q3","2007/08","Q1","September",1761.95,1774.43,1768.19,12.48,-3.31500000000005
2007-09-14,2007,"Q3","2007/08","Q1","September",1759.15,1771.15,1765.15,12,-3.03999999999996
2007-09-17,2007,"Q3","2007/08","Q1","September",1756.46,1767.73,1762.095,11.27,-3.05500000000006
2007-09-18,2007,"Q3","2007/08","Q1","September",1749.72,1762.77,1756.245,13.05,-5.85000000000014
2007-09-19,2007,"Q3","2007/08","Q1","September",1748.33,1760.36,1754.345,12.03,-1.90000000000009
2007-09-20,2007,"Q3","2007/08","Q1","September",1749.42,1761.13,1755.275,11.71,0.930000000000291
2007-09-21,2007,"Q3","2007/08","Q1","September",1749.5,1760.78,1755.14,11.28,-0.135000000000218
2007-09-24,2007,"Q3","2007/08","Q1","September",1746.86,1758.73,1752.795,11.8700000000001,-2.3449999999998
2007-09-25,2007,"Q3","2007/08","Q1","September",1743.74,1755.83,1749.785,12.0899999999999,-3.01000000000022
2007-09-26,2007,"Q3","2007/08","Q1","September",1735.81,1753.21,1744.51,17.4000000000001,-5.27499999999986
2007-09-27,2007,"Q3","2007/08","Q1","September",1739.79,1756.13,1747.96,16.3400000000001,3.45000000000005
2007-09-28,2007,"Q3","2007/08","Q1","September",1744.11,1760.07,1752.09,15.96,4.12999999999988
2007-10-01,2007,"Q4","2007/08","Q2","October",1749.86,1761.26,1755.56,11.4000000000001,3.47000000000003
2007-10-02,2007,"Q4","2007/08","Q2","October",1749.81,1764.13,1756.97,14.3200000000002,1.41000000000008
2007-10-03,2007,"Q4","2007/08","Q2","October",1748.22,1761.92,1755.07,13.7,-1.89999999999986
2007-10-04,2007,"Q4","2007/08","Q2","October",1748.29,1761.72,1755.005,13.4300000000001,-0.0650000000000546
2007-10-05,2007,"Q4","2007/08","Q2","October",1743.81,1757.15,1750.48,13.3400000000001,-4.52500000000009
2007-10-08,2007,"Q4","2007/08","Q2","October",1760.72,1774.21,1767.465,13.49,16.9850000000001
2007-10-10,2007,"Q4","2007/08","Q2","October",1763.97,1776.92,1770.445,12.95,2.98000000000002
2007-10-11,2007,"Q4","2007/08","Q2","October",1746.26,1759.55,1752.905,13.29,-17.5400000000002
2007-10-15,2007,"Q4","2007/08","Q2","October",1734.76,1749.85,1742.305,15.0899999999999,-10.6000000000001
2007-10-16,2007,"Q4","2007/08","Q2","October",1727.4,1744.49,1735.945,17.0899999999999,-6.35999999999967
2007-10-17,2007,"Q4","2007/08","Q2","October",1728.79,1742.01,1735.4,13.22,-0.545000000000073
2007-10-18,2007,"Q4","2007/08","Q2","October",1726.66,1739.33,1732.995,12.6699999999998,-2.4050000000002
2007-10-19,2007,"Q4","2007/08","Q2","October",1736.93,1753.06,1744.995,16.1299999999999,12
2007-10-22,2007,"Q4","2007/08","Q2","October",1742.67,1756.43,1749.55,13.76,4.55500000000029
2007-10-23,2007,"Q4","2007/08","Q2","October",1751.52,1768.15,1759.835,16.6300000000001,10.2849999999999
2007-10-24,2007,"Q4","2007/08","Q2","October",1739.57,1752.89,1746.23,13.3200000000002,-13.605
2007-10-25,2007,"Q4","2007/08","Q2","October",1731.47,1744.65,1738.06,13.1800000000001,-8.17000000000007
2007-10-26,2007,"Q4","2007/08","Q2","October",1727.42,1741.64,1734.53,14.22,-3.52999999999975
2007-10-29,2007,"Q4","2007/08","Q2","October",1729.37,1741.25,1735.31,11.8800000000001,0.779999999999745
2007-10-30,2007,"Q4","2007/08","Q2","October",1730.77,1741.43,1736.1,10.6600000000001,0.789999999999964
2007-10-31,2007,"Q4","2007/08","Q2","October",1730.26,1740.64,1735.45,10.3800000000001,-0.649999999999864
2007-11-01,2007,"Q4","2007/08","Q2","November",1724.72,1735.02,1729.87,10.3,-5.58000000000015
2007-11-02,2007,"Q4","2007/08","Q2","November",1701.82,1720.51,1711.165,18.6900000000001,-18.7049999999999
2007-11-05,2007,"Q4","2007/08","Q2","November",1699.59,1716.22,1707.905,16.6300000000001,-3.25999999999999
2007-11-06,2007,"Q4","2007/08","Q2","November",1697.08,1711.42,1704.25,14.3400000000001,-3.65499999999997
2007-11-07,2007,"Q4","2007/08","Q2","November",1692.87,1706.29,1699.58,13.4200000000001,-4.67000000000007
2007-11-08,2007,"Q4","2007/08","Q2","November",1680.88,1697.15,1689.015,16.27,-10.5649999999998
2007-11-09,2007,"Q4","2007/08","Q2","November",1675.05,1695.12,1685.085,20.0699999999999,-3.93000000000006
2007-11-12,2007,"Q4","2007/08","Q2","November",1680.01,1695.58,1687.795,15.5699999999999,2.71000000000004
2007-11-13,2007,"Q4","2007/08","Q2","November",1688.78,1694.36,1691.57,5.57999999999993,3.77499999999986
2007-11-14,2007,"Q4","2007/08","Q2","November",1683.6,1695.15,1689.375,11.5500000000002,-2.19499999999994
2007-11-15,2007,"Q4","2007/08","Q2","November",1687.25,1698.78,1693.015,11.53,3.63999999999987
2007-11-16,2007,"Q4","2007/08","Q2","November",1690.38,1704.12,1697.25,13.7399999999998,4.23500000000013
2007-11-19,2007,"Q4","2007/08","Q2","November",1703.42,1720.45,1711.935,17.03,14.6849999999999
2007-11-20,2007,"Q4","2007/08","Q2","November",1697.96,1713.69,1705.825,15.73,-6.1099999999999
2007-11-21,2007,"Q4","2007/08","Q2","November",1701.51,1720.3,1710.905,18.79,5.07999999999993
2007-11-26,2007,"Q4","2007/08","Q2","November",1717.14,1735.91,1726.525,18.77,15.6200000000001
2007-11-27,2007,"Q4","2007/08","Q2","November",1716.62,1729.52,1723.07,12.9000000000001,-3.45500000000015
2007-11-28,2007,"Q4","2007/08","Q2","November",1716.84,1729.35,1723.095,12.51,0.0249999999998636
2007-11-29,2007,"Q4","2007/08","Q2","November",1722.29,1735.03,1728.66,12.74,5.56500000000005
2007-11-30,2007,"Q4","2007/08","Q2","November",1731.49,1745.88,1738.685,14.3900000000001,10.0250000000001
2007-12-03,2007,"Q4","2007/08","Q2","December",1731.03,1743.83,1737.43,12.8,-1.25500000000011
2007-12-04,2007,"Q4","2007/08","Q2","December",1731.49,1742.52,1737.005,11.03,-0.424999999999727
2007-12-05,2007,"Q4","2007/08","Q2","December",1730.72,1742.35,1736.535,11.6299999999999,-0.470000000000255
2007-12-06,2007,"Q4","2007/08","Q2","December",1731.3,1743.06,1737.18,11.76,0.644999999999982
2007-12-07,2007,"Q4","2007/08","Q2","December",1730.11,1741.54,1735.825,11.4300000000001,-1.35500000000002
2007-12-10,2007,"Q4","2007/08","Q2","December",1720.19,1731.59,1725.89,11.3999999999999,-9.93499999999995
2007-12-11,2007,"Q4","2007/08","Q2","December",1703.7,1716.1,1709.9,12.3999999999999,-15.9899999999998
2007-12-12,2007,"Q4","2007/08","Q2","December",1696.94,1710.61,1703.775,13.6699999999998,-6.125
2007-12-13,2007,"Q4","2007/08","Q2","December",1691.72,1703.48,1697.6,11.76,-6.17500000000018
2007-12-14,2007,"Q4","2007/08","Q2","December",1684.65,1699.62,1692.135,14.9699999999998,-5.46499999999992
2007-12-17,2007,"Q4","2007/08","Q2","December",1698.01,1710.49,1704.25,12.48,12.115
2007-12-18,2007,"Q4","2007/08","Q2","December",1694.88,1706.87,1700.875,11.9899999999998,-3.375
2007-12-20,2007,"Q4","2007/08","Q2","December",1695.14,1707.33,1701.235,12.1899999999998,0.360000000000127
2007-12-21,2007,"Q4","2007/08","Q2","December",1695.02,1707.31,1701.165,12.29,-0.0700000000001637
2007-12-24,2007,"Q4","2007/08","Q2","December",1689.91,1702.29,1696.1,12.3799999999999,-5.06500000000005
2007-12-27,2007,"Q4","2007/08","Q2","December",1692.49,1704.53,1698.51,12.04,2.41000000000008
2007-12-28,2007,"Q4","2007/08","Q2","December",1688.98,1703.6,1696.29,14.6199999999999,-2.22000000000003
2007-12-31,2007,"Q4","2007/08","Q2","December",1690.03,1704.65,1697.34,14.6200000000001,1.05000000000018
2008-01-02,2008,"Q1","2007/08","Q3","January",1690.7,1703.99,1697.345,13.29,0.00499999999988177
2008-01-03,2008,"Q1","2007/08","Q3","January",1696.59,1708.59,1702.59,12,5.24499999999989
2008-01-04,2008,"Q1","2007/08","Q3","January",1697.1,1708.54,1702.82,11.4400000000001,0.230000000000018
2008-01-07,2008,"Q1","2007/08","Q3","January",1702.18,1714.23,1708.205,12.05,5.38499999999999
2008-01-08,2008,"Q1","2007/08","Q3","January",1709.46,1720.34,1714.9,10.8799999999999,6.69500000000016
2008-01-09,2008,"Q1","2007/08","Q3","January",1706.68,1718.38,1712.53,11.7,-2.36999999999989
2008-01-10,2008,"Q1","2007/08","Q3","January",1705.69,1717.09,1711.39,11.3999999999999,-1.14000000000033
2008-01-11,2008,"Q1","2007/08","Q3","January",1702.2,1713.01,1707.605,10.8099999999999,-3.78499999999985
2008-01-14,2008,"Q1","2007/08","Q3","January",1703.94,1714.88,1709.41,10.9400000000001,1.80500000000006
2008-01-15,2008,"Q1","2007/08","Q3","January",1706.18,1717.35,1711.765,11.1699999999998,2.35499999999979
2008-01-16,2008,"Q1","2007/08","Q3","January",1700.02,1711.7,1705.86,11.6800000000001,-5.90499999999975
2008-01-17,2008,"Q1","2007/08","Q3","January",1698.53,1709.71,1704.12,11.1800000000001,-1.74000000000024
2008-01-18,2008,"Q1","2007/08","Q3","January",1698.48,1709.13,1703.805,10.6500000000001,-0.314999999999827
2008-01-21,2008,"Q1","2007/08","Q3","January",1699.09,1709.49,1704.29,10.4000000000001,0.4849999999999
2008-01-22,2008,"Q1","2007/08","Q3","January",1703.8,1714.46,1709.13,10.6600000000001,4.84000000000015
2008-01-23,2008,"Q1","2007/08","Q3","January",1713.75,1725.68,1719.715,11.9300000000001,10.585
2008-01-24,2008,"Q1","2007/08","Q3","January",1702.68,1714.38,1708.53,11.7,-11.1849999999999
2008-01-25,2008,"Q1","2007/08","Q3","January",1705.78,1717.17,1711.475,11.3900000000001,2.94499999999971
2008-01-28,2008,"Q1","2007/08","Q3","January",1708.31,1719.22,1713.765,10.9100000000001,2.28999999999996
2008-01-29,2008,"Q1","2007/08","Q3","January",1714,1725.32,1719.66,11.3199999999999,5.89499999999998
2008-01-30,2008,"Q1","2007/08","Q3","January",1722.02,1733.84,1727.93,11.8199999999999,8.26999999999998
2008-01-31,2008,"Q1","2007/08","Q3","January",1720.47,1731.62,1726.045,11.1499999999999,-1.88499999999976
2008-02-01,2008,"Q1","2007/08","Q3","February",1716.34,1727.11,1721.725,10.77,-4.32000000000016
2008-02-04,2008,"Q1","2007/08","Q3","February",1711.1,1721.81,1716.455,10.71,-5.26999999999998
2008-02-05,2008,"Q1","2007/08","Q3","February",1706.7,1717.41,1712.055,10.71,-4.39999999999986
2008-02-06,2008,"Q1","2007/08","Q3","February",1707.43,1717.62,1712.525,10.1899999999998,0.470000000000027
2008-02-07,2008,"Q1","2007/08","Q3","February",1703.71,1714.02,1708.865,10.3099999999999,-3.66000000000008
2008-02-08,2008,"Q1","2007/08","Q3","February",1704.05,1713.84,1708.945,9.78999999999996,0.0799999999999272
2008-02-11,2008,"Q1","2007/08","Q3","February",1703.31,1713.52,1708.415,10.21,-0.529999999999973
2008-02-12,2008,"Q1","2007/08","Q3","February",1704.9,1714.7,1709.8,9.79999999999995,1.38500000000022
2008-02-13,2008,"Q1","2007/08","Q3","February",1705.47,1714.81,1710.14,9.33999999999992,0.339999999999691
2008-02-14,2008,"Q1","2007/08","Q3","February",1704.94,1714.6,1709.77,9.65999999999985,-0.369999999999891
2008-02-15,2008,"Q1","2007/08","Q3","February",1704.93,1714.13,1709.53,9.20000000000005,-0.239999999999782
2008-02-18,2008,"Q1","2007/08","Q3","February",1705.46,1714.56,1710.01,9.09999999999991,0.479999999999791
2008-02-19,2008,"Q1","2007/08","Q3","February",1705.06,1713.13,1709.095,8.07000000000016,-0.914999999999964
2008-02-20,2008,"Q1","2007/08","Q3","February",1702.97,1711.54,1707.255,8.56999999999994,-1.83999999999992
2008-02-21,2008,"Q1","2007/08","Q3","February",1703.16,1711.68,1707.42,8.51999999999998,0.164999999999964
2008-02-22,2008,"Q1","2007/08","Q3","February",1703.62,1711.81,1707.715,8.19000000000005,0.294999999999845
2008-02-25,2008,"Q1","2007/08","Q3","February",1703.81,1711.93,1707.87,8.12000000000012,0.154999999999973
2008-02-26,2008,"Q1","2007/08","Q3","February",1703.79,1711.63,1707.71,7.84000000000015,-0.159999999999854
2008-02-27,2008,"Q1","2007/08","Q3","February",1689.43,1700.16,1694.795,10.73,-12.915
2008-02-28,2008,"Q1","2007/08","Q3","February",1686.68,1697.62,1692.15,10.9399999999998,-2.64499999999998
2008-02-29,2008,"Q1","2007/08","Q3","February",1687.05,1697.31,1692.18,10.26,0.0299999999997453
2008-03-03,2008,"Q1","2007/08","Q3","March",1680.28,1691.13,1685.705,10.8500000000001,-6.47499999999991
2008-03-04,2008,"Q1","2007/08","Q3","March",1679.99,1689.99,1684.99,10,-0.714999999999918
2008-03-05,2008,"Q1","2007/08","Q3","March",1673.94,1685.22,1679.58,11.28,-5.41000000000008
2008-03-06,2008,"Q1","2007/08","Q3","March",1665.07,1675.77,1670.42,10.7,-9.15999999999985
2008-03-07,2008,"Q1","2007/08","Q3","March",1663.73,1673.93,1668.83,10.2,-1.59000000000015
2008-03-10,2008,"Q1","2007/08","Q3","March",1664.8,1675.21,1670.005,10.4100000000001,1.17500000000018
2008-03-11,2008,"Q1","2007/08","Q3","March",1664.67,1674.84,1669.755,10.1699999999998,-0.25
2008-03-12,2008,"Q1","2007/08","Q3","March",1663.38,1673.35,1668.365,9.9699999999998,-1.3900000000001
2008-03-13,2008,"Q1","2007/08","Q3","March",1659.27,1669.1,1664.185,9.82999999999993,-4.18000000000006
2008-03-14,2008,"Q1","2007/08","Q3","March",1662.3,1672.77,1667.535,10.47,3.34999999999991
2008-03-17,2008,"Q1","2007/08","Q3","March",1692.32,1705.03,1698.675,12.71,31.1400000000001
2008-03-18,2008,"Q1","2007/08","Q3","March",1709.25,1723.28,1716.265,14.03,17.5899999999999
2008-03-19,2008,"Q1","2007/08","Q3","March",1699.08,1710.08,1704.58,11,-11.6849999999999
2008-03-20,2008,"Q1","2007/08","Q3","March",1682.65,1693.7,1688.175,11.05,-16.4049999999997
2008-03-25,2008,"Q1","2007/08","Q3","March",1680.42,1690.21,1685.315,9.78999999999996,-2.86000000000013
2008-03-26,2008,"Q1","2007/08","Q3","March",1693.42,1705.54,1699.48,12.1199999999999,14.165
2008-03-27,2008,"Q1","2007/08","Q3","March",1689.81,1700.94,1695.375,11.1300000000001,-4.10500000000002
2008-03-28,2008,"Q1","2007/08","Q3","March",1685.1,1695.11,1690.105,10.01,-5.26999999999998
2008-03-31,2008,"Q1","2007/08","Q3","March",1687.99,1699.04,1693.515,11.05,3.40999999999985
2008-04-01,2008,"Q2","2007/08","Q4","April",1687.06,1698.06,1692.56,11,-0.954999999999927
2008-04-02,2008,"Q2","2007/08","Q4","April",1686.19,1696.64,1691.415,10.45,-1.14499999999998
2008-04-03,2008,"Q2","2007/08","Q4","April",1685.84,1696.43,1691.135,10.5900000000001,-0.279999999999973
2008-04-04,2008,"Q2","2007/08","Q4","April",1685.58,1696.16,1690.87,10.5800000000002,-0.2650000000001
2008-04-07,2008,"Q2","2007/08","Q4","April",1686.34,1697.34,1691.84,11,0.970000000000027
2008-04-08,2008,"Q2","2007/08","Q4","April",1686.73,1697.41,1692.07,10.6800000000001,0.230000000000246
2008-04-09,2008,"Q2","2007/08","Q4","April",1691.38,1701.92,1696.65,10.54,4.57999999999993
2008-04-10,2008,"Q2","2007/08","Q4","April",1684.82,1696.12,1690.47,11.3,-6.18000000000029
2008-04-11,2008,"Q2","2007/08","Q4","April",1682.49,1693.43,1687.96,10.9400000000001,-2.50999999999976
2008-04-14,2008,"Q2","2007/08","Q4","April",1679.94,1690.86,1685.4,10.9199999999998,-2.55999999999995
2008-04-15,2008,"Q2","2007/08","Q4","April",1678.22,1688.76,1683.49,10.54,-1.91000000000008
2008-04-16,2008,"Q2","2007/08","Q4","April",1679.68,1690.45,1685.065,10.77,1.57500000000005
2008-04-17,2008,"Q2","2007/08","Q4","April",1678.34,1689.38,1683.86,11.0400000000002,-1.20499999999993
2008-04-18,2008,"Q2","2007/08","Q4","April",1676.77,1687.47,1682.12,10.7,-1.74000000000024
2008-04-21,2008,"Q2","2007/08","Q4","April",1676.62,1686.76,1681.69,10.1400000000001,-0.429999999999836
2008-04-22,2008,"Q2","2007/08","Q4","April",1680.41,1691.24,1685.825,10.8299999999999,4.13499999999999
2008-04-23,2008,"Q2","2007/08","Q4","April",1680.91,1691.13,1686.02,10.22,0.194999999999936
2008-04-24,2008,"Q2","2007/08","Q4","April",1680.66,1689.99,1685.325,9.32999999999993,-0.694999999999936
2008-04-25,2008,"Q2","2007/08","Q4","April",1676.02,1685.04,1680.53,9.01999999999998,-4.79500000000007
2008-04-28,2008,"Q2","2007/08","Q4","April",1675.66,1684.86,1680.26,9.19999999999982,-0.269999999999982
2008-04-29,2008,"Q2","2007/08","Q4","April",1675.75,1685.52,1680.635,9.76999999999998,0.375
2008-04-30,2008,"Q2","2007/08","Q4","April",1677.09,1686.6,1681.845,9.50999999999999,1.20999999999981
2008-05-02,2008,"Q2","2007/08","Q4","May",1673.5,1683.56,1678.53,10.0599999999999,-3.31499999999983
2008-05-05,2008,"Q2","2007/08","Q4","May",1671.14,1681.65,1676.395,10.51,-2.13499999999999
2008-05-06,2008,"Q2","2007/08","Q4","May",1671.05,1681.43,1676.24,10.3800000000001,-0.154999999999973
2008-05-07,2008,"Q2","2007/08","Q4","May",1670.89,1681.44,1676.165,10.55,-0.0750000000000455
2008-05-08,2008,"Q2","2007/08","Q4","May",1667.61,1678.13,1672.87,10.5200000000002,-3.29500000000007
2008-05-09,2008,"Q2","2007/08","Q4","May",1664.28,1674.75,1669.515,10.47,-3.35500000000002
2008-05-12,2008,"Q2","2007/08","Q4","May",1657.31,1667.64,1662.475,10.3300000000002,-7.03999999999996
2008-05-13,2008,"Q2","2007/08","Q4","May",1651.69,1662.32,1657.005,10.6299999999999,-5.4699999999998
2008-05-14,2008,"Q2","2007/08","Q4","May",1645.98,1656.3,1651.14,10.3199999999999,-5.86500000000024
2008-05-15,2008,"Q2","2007/08","Q4","May",1625.06,1636.98,1631.02,11.9200000000001,-20.1199999999999
2008-05-16,2008,"Q2","2007/08","Q4","May",1631.2,1643.68,1637.44,12.48,6.42000000000007
2008-05-19,2008,"Q2","2007/08","Q4","May",1631.97,1643.2,1637.585,11.23,0.144999999999982
2008-05-20,2008,"Q2","2007/08","Q4","May",1630.82,1642.4,1636.61,11.5800000000002,-0.974999999999909
2008-05-21,2008,"Q2","2007/08","Q4","May",1627.64,1638.38,1633.01,10.74,-3.59999999999991
2008-05-22,2008,"Q2","2007/08","Q4","May",1626.23,1636.22,1631.225,9.99000000000001,-1.78500000000031
2008-05-23,2008,"Q2","2007/08","Q4","May",1626.46,1636.89,1631.675,10.4300000000001,0.450000000000273
2008-05-26,2008,"Q2","2007/08","Q4","May",1623.89,1634.64,1629.265,10.75,-2.41000000000008
2008-05-27,2008,"Q2","2007/08","Q4","May",1622.98,1633.65,1628.315,10.6700000000001,-0.950000000000045
2008-05-28,2008,"Q2","2007/08","Q4","May",1623.08,1633.59,1628.335,10.51,0.0199999999999818
2008-05-29,2008,"Q2","2007/08","Q4","May",1623.01,1633.47,1628.24,10.46,-0.0950000000000273
2008-05-30,2008,"Q2","2007/08","Q4","May",1623.01,1633.47,1628.24,10.46,0
2008-06-02,2008,"Q2","2007/08","Q4","June",1616.31,1626.87,1621.59,10.5599999999999,-6.65000000000009
2008-06-04,2008,"Q2","2007/08","Q4","June",1606.37,1617.05,1611.71,10.6800000000001,-9.87999999999988
2008-06-05,2008,"Q2","2007/08","Q4","June",1599.3,1609.78,1604.54,10.48,-7.17000000000007
2008-06-06,2008,"Q2","2007/08","Q4","June",1593.6,1604.64,1599.12,11.0400000000002,-5.42000000000007
2008-06-10,2008,"Q2","2007/08","Q4","June",1590.06,1600.66,1595.36,10.6000000000001,-3.75999999999976
2008-06-11,2008,"Q2","2007/08","Q4","June",1582.94,1593.52,1588.23,10.5799999999999,-7.13000000000011
2008-06-12,2008,"Q2","2007/08","Q4","June",1572.29,1582.57,1577.43,10.28,-10.8000000000002
2008-06-13,2008,"Q2","2007/08","Q4","June",1565.59,1575.96,1570.775,10.3700000000001,-6.65499999999975
2008-06-16,2008,"Q2","2007/08","Q4","June",1561.22,1572.62,1566.92,11.3999999999999,-3.85500000000002
2008-06-17,2008,"Q2","2007/08","Q4","June",1560.44,1571.1,1565.77,10.6599999999999,-1.15000000000009
2008-06-18,2008,"Q2","2007/08","Q4","June",1562.18,1572.41,1567.295,10.23,1.52500000000009
2008-06-19,2008,"Q2","2007/08","Q4","June",1574.09,1585.02,1579.555,10.9300000000001,12.2599999999998
2008-06-20,2008,"Q2","2007/08","Q4","June",1603.4,1626.52,1614.96,23.1199999999999,35.4050000000002
2008-06-23,2008,"Q2","2007/08","Q4","June",1621.79,1634.17,1627.98,12.3800000000001,13.02
2008-06-24,2008,"Q2","2007/08","Q4","June",1621.7,1632.01,1626.855,10.3099999999999,-1.125
2008-06-25,2008,"Q2","2007/08","Q4","June",1624.53,1635,1629.765,10.47,2.90999999999985
2008-06-26,2008,"Q2","2007/08","Q4","June",1616.53,1626.99,1621.76,10.46,-8.00499999999988
2008-06-27,2008,"Q2","2007/08","Q4","June",1619.96,1629.96,1624.96,10,3.20000000000005
2008-06-30,2008,"Q2","2007/08","Q4","June",1614.48,1624.48,1619.48,10,-5.48000000000002
2008-07-01,2008,"Q3","2008/09","Q1","July",1602.49,1612.8,1607.645,10.3099999999999,-11.835
2008-07-02,2008,"Q3","2008/09","Q1","July",1604.26,1615.64,1609.95,11.3800000000001,2.30500000000006
2008-07-03,2008,"Q3","2008/09","Q1","July",1639.69,1654.48,1647.085,14.79,37.135
2008-07-04,2008,"Q3","2008/09","Q1","July",1639.11,1652.22,1645.665,13.1100000000001,-1.42000000000007
2008-07-07,2008,"Q3","2008/09","Q1","July",1639.16,1650.57,1644.865,11.4099999999999,-0.799999999999955
2008-07-08,2008,"Q3","2008/09","Q1","July",1624.29,1636.24,1630.265,11.95,-14.6000000000001
2008-07-09,2008,"Q3","2008/09","Q1","July",1612.84,1625.1,1618.97,12.26,-11.2950000000001
2008-07-10,2008,"Q3","2008/09","Q1","July",1622.04,1634.87,1628.455,12.8299999999999,9.48500000000013
2008-07-11,2008,"Q3","2008/09","Q1","July",1633.79,1645.6,1639.695,11.8099999999999,11.24
2008-07-14,2008,"Q3","2008/09","Q1","July",1637.34,1649.17,1643.255,11.8300000000002,3.56000000000017
2008-07-15,2008,"Q3","2008/09","Q1","July",1643.28,1653.89,1648.585,10.6100000000001,5.32999999999993
2008-07-16,2008,"Q3","2008/09","Q1","July",1629.74,1641.02,1635.38,11.28,-13.2049999999999
2008-07-17,2008,"Q3","2008/09","Q1","July",1619.73,1630.44,1625.085,10.71,-10.2950000000001
2008-07-18,2008,"Q3","2008/09","Q1","July",1623.24,1633.62,1628.43,10.3799999999999,3.3449999999998
2008-07-21,2008,"Q3","2008/09","Q1","July",1624.15,1633.92,1629.035,9.76999999999998,0.605000000000246
2008-07-22,2008,"Q3","2008/09","Q1","July",1627.82,1637.88,1632.85,10.0600000000002,3.81499999999983
2008-07-23,2008,"Q3","2008/09","Q1","July",1626.5,1636.49,1631.495,9.99000000000001,-1.35500000000002
2008-07-24,2008,"Q3","2008/09","Q1","July",1626.99,1637.42,1632.205,10.4300000000001,0.710000000000036
2008-07-25,2008,"Q3","2008/09","Q1","July",1632.02,1642.41,1637.215,10.3900000000001,5.01000000000022
2008-07-28,2008,"Q3","2008/09","Q1","July",1635.97,1646.09,1641.03,10.1199999999999,3.81499999999983
2008-07-29,2008,"Q3","2008/09","Q1","July",1638.27,1646.05,1642.16,7.77999999999997,1.12999999999988
2008-07-30,2008,"Q3","2008/09","Q1","July",1635.47,1645.81,1640.64,10.3399999999999,-1.51999999999998
2008-07-31,2008,"Q3","2008/09","Q1","July",1636.35,1644.98,1640.665,8.63000000000011,0.0250000000000909
2008-08-01,2008,"Q3","2008/09","Q1","August",1622.25,1632.4,1627.325,10.1500000000001,-13.3399999999999
2008-08-04,2008,"Q3","2008/09","Q1","August",1614.14,1624.38,1619.26,10.24,-8.06499999999983
2008-08-05,2008,"Q3","2008/09","Q1","August",1607.5,1617.54,1612.52,10.04,-6.74000000000024
2008-08-06,2008,"Q3","2008/09","Q1","August",1610.2,1620.19,1615.195,9.99000000000001,2.67500000000018
2008-08-07,2008,"Q3","2008/09","Q1","August",1615.89,1626.29,1621.09,10.3999999999999,5.89499999999998
2008-08-08,2008,"Q3","2008/09","Q1","August",1614.58,1625.27,1619.925,10.6900000000001,-1.16500000000019
2008-08-11,2008,"Q3","2008/09","Q1","August",1609.09,1618.5,1613.795,9.41000000000008,-6.12999999999988
2008-08-12,2008,"Q3","2008/09","Q1","August",1610.74,1620.49,1615.615,9.75,1.81999999999994
2008-08-13,2008,"Q3","2008/09","Q1","August",1608.11,1618.3,1613.205,10.1900000000001,-2.41000000000008
2008-08-14,2008,"Q3","2008/09","Q1","August",1605.71,1616.02,1610.865,10.3099999999999,-2.33999999999992
2008-08-15,2008,"Q3","2008/09","Q1","August",1607.23,1617.06,1612.145,9.82999999999993,1.27999999999997
2008-08-18,2008,"Q3","2008/09","Q1","August",1607.98,1617.8,1612.89,9.81999999999994,0.744999999999891
2008-08-19,2008,"Q3","2008/09","Q1","August",1614.14,1623.89,1619.015,9.75,6.12500000000023
2008-08-20,2008,"Q3","2008/09","Q1","August",1614.01,1623.99,1619,9.98000000000002,-0.0150000000001
2008-08-21,2008,"Q3","2008/09","Q1","August",1620.08,1629.87,1624.975,9.78999999999996,5.97499999999991
2008-08-22,2008,"Q3","2008/09","Q1","August",1627.14,1636.5,1631.82,9.3599999999999,6.84500000000025
2008-08-25,2008,"Q3","2008/09","Q1","August",1630.3,1640.37,1635.335,10.0699999999999,3.51499999999987
2008-08-26,2008,"Q3","2008/09","Q1","August",1632.81,1642.85,1637.83,10.04,2.49499999999989
2008-08-27,2008,"Q3","2008/09","Q1","August",1637.68,1647.61,1642.645,9.92999999999984,4.81500000000005
2008-08-28,2008,"Q3","2008/09","Q1","August",1641.44,1651.69,1646.565,10.25,3.92000000000007
2008-08-29,2008,"Q3","2008/09","Q1","August",1639.9,1650.07,1644.985,10.1699999999998,-1.57999999999993
2008-09-01,2008,"Q3","2008/09","Q1","September",1629.65,1639.87,1634.76,10.2199999999998,-10.2250000000001
2008-09-02,2008,"Q3","2008/09","Q1","September",1631.38,1638.32,1634.85,6.93999999999983,0.0899999999999181
2008-09-03,2008,"Q3","2008/09","Q1","September",1633.19,1638.2,1635.695,5.00999999999999,0.845000000000255
2008-09-04,2008,"Q3","2008/09","Q1","September",1630.77,1640.74,1635.755,9.97000000000003,0.0599999999999454
2008-09-05,2008,"Q3","2008/09","Q1","September",1633.45,1643.16,1638.305,9.71000000000004,2.54999999999995
2008-09-09,2008,"Q3","2008/09","Q1","September",1628.79,1638.82,1633.805,10.03,-4.50000000000023
2008-09-10,2008,"Q3","2008/09","Q1","September",1628.69,1638.71,1633.7,10.02,-0.104999999999791
2008-09-11,2008,"Q3","2008/09","Q1","September",1629.32,1639.29,1634.305,9.97000000000003,0.604999999999791
2008-09-12,2008,"Q3","2008/09","Q1","September",1633.35,1643.26,1638.305,9.91000000000008,4
2008-09-15,2008,"Q3","2008/09","Q1","September",1634.02,1644.23,1639.125,10.21,0.820000000000164
2008-09-16,2008,"Q3","2008/09","Q1","September",1638.4,1649.09,1643.745,10.6899999999998,4.61999999999989
2008-09-17,2008,"Q3","2008/09","Q1","September",1639.77,1650.04,1644.905,10.27,1.16000000000008
2008-09-18,2008,"Q3","2008/09","Q1","September",1640.93,1651.04,1645.985,10.1099999999999,1.08000000000015
2008-09-19,2008,"Q3","2008/09","Q1","September",1641.5,1651.39,1646.445,9.8900000000001,0.460000000000036
2008-09-22,2008,"Q3","2008/09","Q1","September",1641.95,1651.66,1646.805,9.71000000000004,0.3599999999999
2008-09-23,2008,"Q3","2008/09","Q1","September",1643.04,1652.79,1647.915,9.75,1.1099999999999
2008-09-24,2008,"Q3","2008/09","Q1","September",1653.94,1663.78,1658.86,9.83999999999992,10.9450000000002
2008-09-25,2008,"Q3","2008/09","Q1","September",1662.76,1672.84,1667.8,10.0799999999999,8.93999999999983
2008-09-26,2008,"Q3","2008/09","Q1","September",1664.15,1674.06,1669.105,9.90999999999985,1.30500000000006
2008-09-29,2008,"Q3","2008/09","Q1","September",1665.03,1675.06,1670.045,10.03,0.940000000000055
2008-10-01,2008,"Q4","2008/09","Q2","October",1673.35,1682.88,1678.115,9.5300000000002,8.06999999999994
2008-10-02,2008,"Q4","2008/09","Q2","October",1674.99,1684.72,1679.855,9.73000000000002,1.74000000000001
2008-10-03,2008,"Q4","2008/09","Q2","October",1677.41,1687.37,1682.39,9.95999999999981,2.53499999999985
2008-10-06,2008,"Q4","2008/09","Q2","October",1690.14,1700.49,1695.315,10.3499999999999,12.9250000000002
2008-10-07,2008,"Q4","2008/09","Q2","October",1698.98,1709.01,1703.995,10.03,8.67999999999984
2008-10-08,2008,"Q4","2008/09","Q2","October",1722.11,1732.14,1727.125,10.0300000000002,23.1300000000001
2008-10-10,2008,"Q4","2008/09","Q2","October",1734.54,1761.09,1747.815,26.55,20.6900000000001
2008-10-13,2008,"Q4","2008/09","Q2","October",1770.98,1792.34,1781.66,21.3599999999999,33.8449999999998
2008-10-14,2008,"Q4","2008/09","Q2","October",1754.2,1772.49,1763.345,18.29,-18.3149999999998
2008-10-15,2008,"Q4","2008/09","Q2","October",1720.75,1748.07,1734.41,27.3199999999999,-28.9350000000002
2008-10-16,2008,"Q4","2008/09","Q2","October",1760.67,1789.02,1774.845,28.3499999999999,40.4350000000002
2008-10-17,2008,"Q4","2008/09","Q2","October",1788.57,1823.18,1805.875,34.6100000000001,31.03
2008-10-20,2008,"Q4","2008/09","Q2","October",1826.03,1862.43,1844.23,36.4000000000001,38.355
2008-10-21,2008,"Q4","2008/09","Q2","October",1887.71,1919.53,1903.62,31.8199999999999,59.3899999999999
2008-10-22,2008,"Q4","2008/09","Q2","October",1950.63,2046.98,1998.805,96.3499999999999,95.1850000000002
2008-10-23,2008,"Q4","2008/09","Q2","October",1988.29,2100.95,2044.62,112.66,45.8149999999998
2008-10-24,2008,"Q4","2008/09","Q2","October",2007.29,2117.78,2062.535,110.49,17.915
2008-10-27,2008,"Q4","2008/09","Q2","October",1964.33,2053.35,2008.84,89.02,-53.6949999999999
2008-10-28,2008,"Q4","2008/09","Q2","October",1974.15,2048.35,2011.25,74.1999999999998,2.41000000000008
2008-10-29,2008,"Q4","2008/09","Q2","October",1960.82,2038.53,1999.675,77.71,-11.575
2008-10-30,2008,"Q4","2008/09","Q2","October",1862.45,1980.1,1921.275,117.65,-78.3999999999999
2008-10-31,2008,"Q4","2008/09","Q2","October",1819.51,1942.47,1880.99,122.96,-40.2850000000001
2008-11-03,2008,"Q4","2008/09","Q2","November",1823.28,1938,1880.64,114.72,-0.350000000000136
2008-11-04,2008,"Q4","2008/09","Q2","November",1823.1,1924.13,1873.615,101.03,-7.02499999999986
2008-11-05,2008,"Q4","2008/09","Q2","November",1792.72,1892.01,1842.365,99.29,-31.25
2008-11-06,2008,"Q4","2008/09","Q2","November",1756.53,1830.38,1793.455,73.8500000000001,-48.9100000000001
2008-11-07,2008,"Q4","2008/09","Q2","November",1806.01,1847.04,1826.525,41.03,33.0700000000002
2008-11-10,2008,"Q4","2008/09","Q2","November",1832.15,1841.4,1836.775,9.25,10.25
2008-11-11,2008,"Q4","2008/09","Q2","November",1845.29,1857.4,1851.345,12.1100000000001,14.5699999999999
2008-11-12,2008,"Q4","2008/09","Q2","November",1874.07,1885.96,1880.015,11.8900000000001,28.6699999999998
2008-11-13,2008,"Q4","2008/09","Q2","November",1915.96,1963.24,1939.6,47.28,59.585
2008-11-14,2008,"Q4","2008/09","Q2","November",1886.61,1936.84,1911.725,50.23,-27.875
2008-11-17,2008,"Q4","2008/09","Q2","November",1896.98,1926.12,1911.55,29.1399999999999,-0.174999999999955
2008-11-18,2008,"Q4","2008/09","Q2","November",1903.9,1952.53,1928.215,48.6299999999999,16.6650000000002
2008-11-19,2008,"Q4","2008/09","Q2","November",1935.61,1975.27,1955.44,39.6600000000001,27.2249999999999
2008-11-20,2008,"Q4","2008/09","Q2","November",1962.73,1995.5,1979.115,32.77,23.675
2008-11-21,2008,"Q4","2008/09","Q2","November",1956.77,1990.6,1973.685,33.8299999999999,-5.43000000000006
2008-11-24,2008,"Q4","2008/09","Q2","November",1933.47,1972.05,1952.76,38.5799999999999,-20.925
2008-11-25,2008,"Q4","2008/09","Q2","November",1932.68,1971.77,1952.225,39.0899999999999,-0.535000000000082
2008-11-26,2008,"Q4","2008/09","Q2","November",1938.85,1972.84,1955.845,33.99,3.61999999999989
2008-11-27,2008,"Q4","2008/09","Q2","November",1966.5,2001.12,1983.81,34.6199999999999,27.9650000000001
2008-11-28,2008,"Q4","2008/09","Q2","November",1959.17,1988.62,1973.895,29.4499999999998,-9.91499999999996
2008-12-01,2008,"Q4","2008/09","Q2","December",1939.91,1970.79,1955.35,30.8799999999999,-18.5450000000001
2008-12-02,2008,"Q4","2008/09","Q2","December",1943.13,1972.15,1957.64,29.02,2.29000000000019
2008-12-03,2008,"Q4","2008/09","Q2","December",1950.1,1977.28,1963.69,27.1800000000001,6.04999999999995
2008-12-04,2008,"Q4","2008/09","Q2","December",1965.75,1994.04,1979.895,28.29,16.2049999999999
2008-12-05,2008,"Q4","2008/09","Q2","December",1975.55,2001.28,1988.415,25.73,8.51999999999998
2008-12-09,2008,"Q4","2008/09","Q2","December",1973.84,2000.91,1987.375,27.0700000000002,-1.03999999999996
2008-12-10,2008,"Q4","2008/09","Q2","December",1964.04,1992.01,1978.025,27.97,-9.34999999999991
2008-12-11,2008,"Q4","2008/09","Q2","December",1976.2,1998.08,1987.14,21.8799999999999,9.11499999999978
2008-12-12,2008,"Q4","2008/09","Q2","December",1982.76,2003.58,1993.17,20.8199999999999,6.0300000000002
2008-12-15,2008,"Q4","2008/09","Q2","December",1975.3,1992.57,1983.935,17.27,-9.23500000000013
2008-12-16,2008,"Q4","2008/09","Q2","December",1965.5,1980.98,1973.24,15.48,-10.6949999999999
2008-12-17,2008,"Q4","2008/09","Q2","December",1954.6,1970.48,1962.54,15.8800000000001,-10.7
2008-12-18,2008,"Q4","2008/09","Q2","December",1933.44,1949.09,1941.265,15.6499999999999,-21.2750000000001
2008-12-19,2008,"Q4","2008/09","Q2","December",1901.01,1918.33,1909.67,17.3199999999999,-31.5949999999998
2008-12-22,2008,"Q4","2008/09","Q2","December",1882.92,1900.02,1891.47,17.0999999999999,-18.2
2008-12-23,2008,"Q4","2008/09","Q2","December",1886.62,1904.16,1895.39,17.5400000000002,3.91999999999985
2008-12-24,2008,"Q4","2008/09","Q2","December",1919.97,1940.75,1930.36,20.78,34.9700000000003
2008-12-29,2008,"Q4","2008/09","Q2","December",1934.74,1950.92,1942.83,16.1800000000001,12.4699999999998
2008-12-30,2008,"Q4","2008/09","Q2","December",1945.49,1960.9,1953.195,15.4100000000001,10.3650000000002
2008-12-31,2008,"Q4","2008/09","Q2","December",1941.15,1957.21,1949.18,16.0599999999999,-4.0150000000001
2009-01-02,2009,"Q1","2008/09","Q3","January",1952.99,1969.52,1961.255,16.53,12.075
2009-01-05,2009,"Q1","2008/09","Q3","January",1959.42,1975.61,1967.515,16.1899999999998,6.25999999999976
2009-01-06,2009,"Q1","2008/09","Q3","January",1974.41,1989.56,1981.985,15.1499999999999,14.4700000000003
2009-01-07,2009,"Q1","2008/09","Q3","January",1960.81,1977.47,1969.14,16.6600000000001,-12.8450000000003
2009-01-08,2009,"Q1","2008/09","Q3","January",1943.71,1959.52,1951.615,15.8099999999999,-17.5249999999999
2009-01-09,2009,"Q1","2008/09","Q3","January",1946,1960.69,1953.345,14.6900000000001,1.73000000000002
2009-01-12,2009,"Q1","2008/09","Q3","January",1945.84,1960.8,1953.32,14.96,-0.0250000000000909
2009-01-13,2009,"Q1","2008/09","Q3","January",1957.7,1973.08,1965.39,15.3799999999999,12.0699999999999
2009-01-14,2009,"Q1","2008/09","Q3","January",1970.97,1987.02,1978.995,16.05,13.605
2009-01-15,2009,"Q1","2008/09","Q3","January",1970.4,1986.14,1978.27,15.74,-0.724999999999909
2009-01-16,2009,"Q1","2008/09","Q3","January",1973.48,1989.33,1981.405,15.8499999999999,3.13499999999999
2009-01-19,2009,"Q1","2008/09","Q3","January",1984.7,2000.11,1992.405,15.4099999999999,11
2009-01-20,2009,"Q1","2008/09","Q3","January",1991.64,2006.89,1999.265,15.25,6.86000000000013
2009-01-21,2009,"Q1","2008/09","Q3","January",1992.46,2007.55,2000.005,15.0899999999999,0.740000000000009
2009-01-22,2009,"Q1","2008/09","Q3","January",1987.12,2002.3,1994.71,15.1800000000001,-5.29500000000007
2009-01-23,2009,"Q1","2008/09","Q3","January",1978.35,1994.15,1986.25,15.8000000000002,-8.46000000000004
2009-01-27,2009,"Q1","2008/09","Q3","January",1972.06,1988.59,1980.325,16.53,-5.92500000000018
2009-01-28,2009,"Q1","2008/09","Q3","January",1951.69,1968.47,1960.08,16.78,-20.2449999999999
2009-01-29,2009,"Q1","2008/09","Q3","January",1978.65,1994.61,1986.63,15.9599999999998,26.5500000000002
2009-01-30,2009,"Q1","2008/09","Q3","January",1968.78,1986.21,1977.495,17.4300000000001,-9.13500000000022
2009-02-02,2009,"Q1","2008/09","Q3","February",1953.38,1971.5,1962.44,18.1199999999999,-15.0549999999998
2009-02-03,2009,"Q1","2008/09","Q3","February",1943.55,1957.08,1950.315,13.53,-12.125
2009-02-04,2009,"Q1","2008/09","Q3","February",1954.37,1970.71,1962.54,16.3400000000001,12.2249999999999
2009-02-05,2009,"Q1","2008/09","Q3","February",1950.78,1965.9,1958.34,15.1200000000001,-4.19999999999982
2009-02-06,2009,"Q1","2008/09","Q3","February",1950.46,1965.45,1957.955,14.99,-0.385000000000218
2009-02-09,2009,"Q1","2008/09","Q3","February",1951.38,1966.79,1959.085,15.4099999999999,1.13000000000011
2009-02-10,2009,"Q1","2008/09","Q3","February",1950.71,1966.1,1958.405,15.3899999999999,-0.680000000000064
2009-02-11,2009,"Q1","2008/09","Q3","February",1950.83,1966.1,1958.465,15.27,0.0599999999999454
2009-02-12,2009,"Q1","2008/09","Q3","February",1950.84,1966.14,1958.49,15.3000000000002,0.02
2009-02-13,2009,"Q1","2008/09","Q3","February",1953.73,1968.91,1961.32,15.1800000000001,2.83000000000015
2009-02-16,2009,"Q1","2008/09","Q3","February",1960.07,1972.99,1966.53,12.9200000000001,5.20999999999981
2009-02-17,2009,"Q1","2008/09","Q3","February",1949.92,1965.03,1957.475,15.1099999999999,-9.05500000000006
2009-02-18,2009,"Q1","2008/09","Q3","February",1962.54,1977.71,1970.125,15.1700000000001,12.6500000000001
2009-02-19,2009,"Q1","2008/09","Q3","February",1964.91,1979.46,1972.185,14.55,2.05999999999995
2009-02-20,2009,"Q1","2008/09","Q3","February",1965.69,1980.47,1973.08,14.78,0.894999999999982
2009-02-23,2009,"Q1","2008/09","Q3","February",1965.51,1980.42,1972.965,14.9100000000001,-0.114999999999782
2009-02-24,2009,"Q1","2008/09","Q3","February",1960.64,1975.84,1968.24,15.1999999999998,-4.72500000000014
2009-02-25,2009,"Q1","2008/09","Q3","February",1965.78,1980.66,1973.22,14.8800000000001,4.98000000000002
2009-02-26,2009,"Q1","2008/09","Q3","February",1967.92,1983.03,1975.475,15.1099999999999,2.25499999999988
2009-02-27,2009,"Q1","2008/09","Q3","February",1972.56,1987.45,1980.005,14.8900000000001,4.5300000000002
2009-03-02,2009,"Q1","2008/09","Q3","March",1970.6,1984.99,1977.795,14.3900000000001,-2.21000000000004
2009-03-03,2009,"Q1","2008/09","Q3","March",1975.91,1990.76,1983.335,14.8499999999999,5.53999999999996
2009-03-04,2009,"Q1","2008/09","Q3","March",1983.35,1998.08,1990.715,14.73,7.37999999999988
2009-03-05,2009,"Q1","2008/09","Q3","March",1990.47,2004.75,1997.61,14.28,6.89500000000021
2009-03-06,2009,"Q1","2008/09","Q3","March",1993.22,2008.27,2000.745,15.05,3.13499999999976
2009-03-09,2009,"Q1","2008/09","Q3","March",1997.31,2007.35,2002.33,10.04,1.58500000000004
2009-03-10,2009,"Q1","2008/09","Q3","March",2004.91,2014.99,2009.95,10.0799999999999,7.62000000000012
2009-03-11,2009,"Q1","2008/09","Q3","March",2011.96,2021.95,2016.955,9.99000000000001,7.00499999999988
2009-03-12,2009,"Q1","2008/09","Q3","March",2025.88,2036.01,2030.945,10.1299999999999,13.9900000000002
2009-03-13,2009,"Q1","2008/09","Q3","March",2021.92,2032.09,2027.005,10.1699999999998,-3.94000000000005
2009-03-16,2009,"Q1","2008/09","Q3","March",2020.51,2030.67,2025.59,10.1600000000001,-1.41499999999996
2009-03-17,2009,"Q1","2008/09","Q3","March",2024.61,2034.48,2029.545,9.87000000000012,3.95499999999993
2009-03-18,2009,"Q1","2008/09","Q3","March",2034.32,2044.5,2039.41,10.1800000000001,9.86499999999978
2009-03-19,2009,"Q1","2008/09","Q3","March",2053.29,2064.26,2058.775,10.9700000000003,19.3650000000002
2009-03-20,2009,"Q1","2008/09","Q3","March",2065.81,2076.11,2070.96,10.3000000000002,12.1849999999999
2009-03-23,2009,"Q1","2008/09","Q3","March",2076.42,2086.29,2081.355,9.86999999999989,10.395
2009-03-24,2009,"Q1","2008/09","Q3","March",2077.55,2087.41,2082.48,9.85999999999967,1.125
2009-03-25,2009,"Q1","2008/09","Q3","March",2086.94,2102.97,2094.955,16.0299999999997,12.4749999999999
2009-03-26,2009,"Q1","2008/09","Q3","March",2140.47,2179.1,2159.785,38.6300000000001,64.8299999999999
2009-03-27,2009,"Q1","2008/09","Q3","March",2162.8,2191.26,2177.03,28.46,17.2450000000003
2009-03-30,2009,"Q1","2008/09","Q3","March",2142.67,2173.96,2158.315,31.29,-18.7150000000001
2009-03-31,2009,"Q1","2008/09","Q3","March",2094.85,2141.97,2118.41,47.1199999999999,-39.9050000000002
2009-04-01,2009,"Q2","2008/09","Q4","April",2111.59,2147.41,2129.5,35.8199999999997,11.0900000000001
2009-04-02,2009,"Q2","2008/09","Q4","April",2136.51,2178.35,2157.43,41.8399999999997,27.9300000000003
2009-04-03,2009,"Q2","2008/09","Q4","April",2133.45,2169.87,2151.66,36.4200000000001,-5.77000000000044
2009-04-06,2009,"Q2","2008/09","Q4","April",2143.88,2170.79,2157.335,26.9099999999999,5.67500000000018
2009-04-07,2009,"Q2","2008/09","Q4","April",2151.59,2178.37,2164.98,26.7799999999997,7.64499999999998
2009-04-08,2009,"Q2","2008/09","Q4","April",2146.48,2169.35,2157.915,22.8699999999999,-7.06500000000005
2009-04-09,2009,"Q2","2008/09","Q4","April",2148.78,2173.63,2161.205,24.8499999999999,3.28999999999996
2009-04-14,2009,"Q2","2008/09","Q4","April",2149.12,2173.02,2161.07,23.9000000000001,-0.135000000000218
2009-04-15,2009,"Q2","2008/09","Q4","April",2145.98,2167.91,2156.945,21.9299999999998,-4.125
2009-04-16,2009,"Q2","2008/09","Q4","April",2141.39,2163.92,2152.655,22.5300000000002,-4.28999999999996
2009-04-17,2009,"Q2","2008/09","Q4","April",2154.25,2175.33,2164.79,21.0799999999999,12.1350000000002
2009-04-20,2009,"Q2","2008/09","Q4","April",2156.98,2175.87,2166.425,18.8899999999999,1.63500000000022
2009-04-21,2009,"Q2","2008/09","Q4","April",2159.7,2175.54,2167.62,15.8400000000001,1.19499999999971
2009-04-22,2009,"Q2","2008/09","Q4","April",2169.58,2188.12,2178.85,18.54,11.23
2009-04-23,2009,"Q2","2008/09","Q4","April",2180.22,2202.12,2191.17,21.9000000000001,12.3200000000002
2009-04-24,2009,"Q2","2008/09","Q4","April",2190.27,2211.24,2200.755,20.9699999999998,9.58500000000004
2009-04-27,2009,"Q2","2008/09","Q4","April",2211.33,2228.25,2219.79,16.9200000000001,19.0349999999999
2009-04-28,2009,"Q2","2008/09","Q4","April",2211.05,2234.72,2222.885,23.6699999999996,3.09500000000025
2009-04-29,2009,"Q2","2008/09","Q4","April",2210.07,2234.91,2222.49,24.8399999999997,-0.395000000000437
2009-04-30,2009,"Q2","2008/09","Q4","April",2216.1,2237.37,2226.735,21.27,4.24499999999989
2009-05-04,2009,"Q2","2008/09","Q4","May",2212.46,2233.62,2223.04,21.1599999999999,-3.69499999999971
2009-05-05,2009,"Q2","2008/09","Q4","May",2203.94,2225.14,2214.54,21.1999999999998,-8.5
2009-05-06,2009,"Q2","2008/09","Q4","May",2189.61,2211.41,2200.51,21.7999999999997,-14.0299999999997
2009-05-07,2009,"Q2","2008/09","Q4","May",2188.68,2210.01,2199.345,21.3300000000004,-1.16499999999996
2009-05-08,2009,"Q2","2008/09","Q4","May",2214.72,2235.02,2224.87,20.3000000000002,25.5249999999996
2009-05-11,2009,"Q2","2008/09","Q4","May",2224.71,2245.65,2235.18,20.9400000000001,10.3100000000004
2009-05-12,2009,"Q2","2008/09","Q4","May",2230.66,2251.15,2240.905,20.4900000000002,5.72499999999945
2009-05-13,2009,"Q2","2008/09","Q4","May",2246.98,2268,2257.49,21.02,16.585
2009-05-14,2009,"Q2","2008/09","Q4","May",2268.86,2293.81,2281.335,24.9499999999998,23.8450000000003
2009-05-15,2009,"Q2","2008/09","Q4","May",2274.42,2299.18,2286.8,24.7599999999998,5.46500000000015
2009-05-18,2009,"Q2","2008/09","Q4","May",2269.97,2293.68,2281.825,23.71,-4.97500000000036
2009-05-19,2009,"Q2","2008/09","Q4","May",2264,2286.5,2275.25,22.5,-6.57499999999982
2009-05-20,2009,"Q2","2008/09","Q4","May",2256.4,2277.5,2266.95,21.0999999999999,-8.30000000000018
2009-05-21,2009,"Q2","2008/09","Q4","May",2260.75,2283.29,2272.02,22.54,5.07000000000016
2009-05-22,2009,"Q2","2008/09","Q4","May",2261.28,2284.15,2272.715,22.8699999999999,0.695000000000164
2009-05-25,2009,"Q2","2008/09","Q4","May",2247.09,2269.05,2258.07,21.96,-14.645
2009-05-26,2009,"Q2","2008/09","Q4","May",2235.75,2257.44,2246.595,21.6900000000001,-11.4749999999999
2009-05-27,2009,"Q2","2008/09","Q4","May",2234.02,2255.44,2244.73,21.4200000000001,-1.86500000000024
2009-05-28,2009,"Q2","2008/09","Q4","May",2226.89,2247.52,2237.205,20.6300000000001,-7.52500000000009
2009-05-29,2009,"Q2","2008/09","Q4","May",2223.68,2244.87,2234.275,21.1900000000001,-2.93000000000029
2009-06-01,2009,"Q2","2008/09","Q4","June",2214.23,2236.76,2225.495,22.5300000000002,-8.77999999999975
2009-06-02,2009,"Q2","2008/09","Q4","June",2182.15,2211.07,2196.61,28.9200000000001,-28.8849999999998
2009-06-04,2009,"Q2","2008/09","Q4","June",2127.11,2157.78,2142.445,30.6700000000001,-54.165
2009-06-05,2009,"Q2","2008/09","Q4","June",2113.65,2145.16,2129.405,31.5099999999998,-13.0400000000004
2009-06-08,2009,"Q2","2008/09","Q4","June",2144.68,2170.52,2157.6,25.8400000000001,28.1950000000002
2009-06-10,2009,"Q2","2008/09","Q4","June",2165.31,2189.23,2177.27,23.9200000000001,19.6700000000001
2009-06-11,2009,"Q2","2008/09","Q4","June",2174.99,2203.94,2189.465,28.9500000000003,12.1950000000002
2009-06-12,2009,"Q2","2008/09","Q4","June",2159.74,2190.24,2174.99,30.5,-14.4750000000004
2009-06-15,2009,"Q2","2008/09","Q4","June",2144.94,2171.35,2158.145,26.4099999999999,-16.8449999999998
2009-06-16,2009,"Q2","2008/09","Q4","June",2148.2,2171.58,2159.89,23.3800000000001,1.74499999999989
2009-06-17,2009,"Q2","2008/09","Q4","June",2137.01,2163.95,2150.48,26.9399999999996,-9.40999999999985
2009-06-18,2009,"Q2","2008/09","Q4","June",2101,2130.59,2115.795,29.5900000000001,-34.6849999999999
2009-06-19,2009,"Q2","2008/09","Q4","June",2096.75,2130.71,2113.73,33.96,-2.06500000000005
2009-06-22,2009,"Q2","2008/09","Q4","June",2099.01,2112.58,2105.795,13.5699999999997,-7.93499999999995
2009-06-23,2009,"Q2","2008/09","Q4","June",2093.55,2115.37,2104.46,21.8199999999997,-1.33500000000004
2009-06-24,2009,"Q2","2008/09","Q4","June",2092.83,2113.83,2103.33,21,-1.13000000000011
2009-06-25,2009,"Q2","2008/09","Q4","June",2091.41,2112.6,2102.005,21.1900000000001,-1.32499999999982
2009-06-26,2009,"Q2","2008/09","Q4","June",2087.17,2108.83,2098,21.6599999999999,-4.00500000000011
2009-06-29,2009,"Q2","2008/09","Q4","June",2062.57,2086.64,2074.605,24.0699999999997,-23.395
2009-06-30,2009,"Q2","2008/09","Q4","June",2052.05,2076.1,2064.075,24.0499999999997,-10.5300000000002
2009-07-01,2009,"Q3","2009/10","Q1","July",2048.93,2072.42,2060.675,23.4900000000002,-3.39999999999964
2009-07-02,2009,"Q3","2009/10","Q1","July",2067.32,2098.3,2082.81,30.98,22.1350000000002
2009-07-03,2009,"Q3","2009/10","Q1","July",2072.05,2099.65,2085.85,27.5999999999999,3.03999999999996
2009-07-06,2009,"Q3","2009/10","Q1","July",2101.5,2127.91,2114.705,26.4099999999999,28.8549999999996
2009-07-07,2009,"Q3","2009/10","Q1","July",2111.35,2135.66,2123.505,24.3099999999999,8.80000000000018
2009-07-08,2009,"Q3","2009/10","Q1","July",2123.71,2145.16,2134.435,21.4499999999998,10.9299999999998
2009-07-09,2009,"Q3","2009/10","Q1","July",2130.7,2151.97,2141.335,21.27,6.90000000000009
2009-07-10,2009,"Q3","2009/10","Q1","July",2153.42,2177.88,2165.65,24.46,24.3150000000001
2009-07-13,2009,"Q3","2009/10","Q1","July",2151.94,2176.87,2164.405,24.9299999999998,-1.24500000000035
2009-07-14,2009,"Q3","2009/10","Q1","July",2122.01,2147.7,2134.855,25.6899999999996,-29.5499999999997
2009-07-15,2009,"Q3","2009/10","Q1","July",2107.55,2134.9,2121.225,27.3499999999999,-13.6299999999997
2009-07-16,2009,"Q3","2009/10","Q1","July",2089.71,2116.16,2102.935,26.4499999999998,-18.2900000000004
2009-07-17,2009,"Q3","2009/10","Q1","July",2089.62,2119.17,2104.395,29.5500000000002,1.46000000000004
2009-07-20,2009,"Q3","2009/10","Q1","July",2085.74,2113.1,2099.42,27.3600000000001,-4.97499999999991
2009-07-21,2009,"Q3","2009/10","Q1","July",2087.71,2110.11,2098.91,22.4000000000001,-0.510000000000218
2009-07-22,2009,"Q3","2009/10","Q1","July",2087,2111.22,2099.11,24.2199999999998,0.199999999999818
2009-07-23,2009,"Q3","2009/10","Q1","July",2096.76,2120.36,2108.56,23.5999999999999,9.45000000000073
2009-07-24,2009,"Q3","2009/10","Q1","July",2092.36,2116.88,2104.62,24.52,-3.94000000000051
2009-07-27,2009,"Q3","2009/10","Q1","July",2095.33,2118.92,2107.125,23.5900000000001,2.50500000000011
2009-07-28,2009,"Q3","2009/10","Q1","July",2080,2104.65,2092.325,24.6500000000001,-14.8000000000002
2009-07-29,2009,"Q3","2009/10","Q1","July",2081.96,2105.49,2093.725,23.5299999999997,1.40000000000009
2009-07-30,2009,"Q3","2009/10","Q1","July",2092.98,2112.14,2102.56,19.1599999999999,8.83500000000004
2009-07-31,2009,"Q3","2009/10","Q1","July",2096.16,2112.82,2104.49,16.6600000000003,1.92999999999984
2009-08-03,2009,"Q3","2009/10","Q1","August",2094.09,2111.77,2102.93,17.6799999999998,-1.55999999999949
2009-08-04,2009,"Q3","2009/10","Q1","August",2089.76,2110.4,2100.08,20.6399999999999,-2.85000000000036
2009-08-05,2009,"Q3","2009/10","Q1","August",2088.26,2109.1,2098.68,20.8399999999997,-1.39999999999964
2009-08-06,2009,"Q3","2009/10","Q1","August",2074.79,2095.58,2085.185,20.79,-13.4950000000003
2009-08-07,2009,"Q3","2009/10","Q1","August",2060.03,2081.89,2070.96,21.8599999999997,-14.2249999999999
2009-08-10,2009,"Q3","2009/10","Q1","August",2051.08,2073.02,2062.05,21.9400000000001,-8.90999999999985
2009-08-11,2009,"Q3","2009/10","Q1","August",2049.35,2072.37,2060.86,23.02,-1.19000000000051
2009-08-12,2009,"Q3","2009/10","Q1","August",2079.02,2100.47,2089.745,21.4499999999998,28.8850000000002
2009-08-13,2009,"Q3","2009/10","Q1","August",2067.83,2089.18,2078.505,21.3499999999999,-11.2399999999998
2009-08-14,2009,"Q3","2009/10","Q1","August",2054.29,2074.76,2064.525,20.4700000000003,-13.98
2009-08-17,2009,"Q3","2009/10","Q1","August",2051.13,2070.13,2060.63,19,-3.89499999999998
2009-08-18,2009,"Q3","2009/10","Q1","August",2051.13,2070.39,2060.76,19.2599999999998,0.130000000000109
2009-08-19,2009,"Q3","2009/10","Q1","August",2053.95,2070.91,2062.43,16.96,1.66999999999962
2009-08-20,2009,"Q3","2009/10","Q1","August",2058.93,2078.03,2068.48,19.1000000000004,6.05000000000018
2009-08-21,2009,"Q3","2009/10","Q1","August",2063.66,2082.4,2073.03,18.7400000000002,4.54999999999973
2009-08-24,2009,"Q3","2009/10","Q1","August",2052.23,2073.18,2062.705,20.9499999999998,-10.3249999999998
2009-08-25,2009,"Q3","2009/10","Q1","August",2052.87,2073.29,2063.08,20.4200000000001,0.375
2009-08-26,2009,"Q3","2009/10","Q1","August",2052.93,2073.17,2063.05,20.2400000000002,-0.0299999999997453
2009-08-27,2009,"Q3","2009/10","Q1","August",2050.36,2071.87,2061.115,21.5099999999998,-1.9350000000004
2009-08-28,2009,"Q3","2009/10","Q1","August",2050.04,2071.46,2060.75,21.4200000000001,-0.364999999999782
2009-08-31,2009,"Q3","2009/10","Q1","August",2046.35,2064.64,2055.495,18.29,-5.25500000000011
2009-09-01,2009,"Q3","2009/10","Q1","September",2022.18,2043.54,2032.86,21.3599999999999,-22.6349999999998
2009-09-02,2009,"Q3","2009/10","Q1","September",2022.35,2041.77,2032.06,19.4200000000001,-0.800000000000182
2009-09-03,2009,"Q3","2009/10","Q1","September",2020.09,2030.76,2025.425,10.6700000000001,-6.63499999999999
2009-09-04,2009,"Q3","2009/10","Q1","September",1993.07,2008.05,2000.56,14.98,-24.865
2009-09-07,2009,"Q3","2009/10","Q1","September",1974.93,1985.85,1980.39,10.9199999999998,-20.1700000000001
2009-09-08,2009,"Q3","2009/10","Q1","September",1960.8,1972.15,1966.475,11.3500000000001,-13.915
2009-09-09,2009,"Q3","2009/10","Q1","September",1959.62,1970.84,1965.23,11.22,-1.24499999999989
2009-09-10,2009,"Q3","2009/10","Q1","September",1959.92,1970.61,1965.265,10.6899999999998,0.0349999999998545
2009-09-11,2009,"Q3","2009/10","Q1","September",1959.97,1970.02,1964.995,10.05,-0.269999999999982
2009-09-14,2009,"Q3","2009/10","Q1","September",1963.43,1973.44,1968.435,10.01,3.44000000000005
2009-09-15,2009,"Q3","2009/10","Q1","September",1957.96,1968.17,1963.065,10.21,-5.36999999999989
2009-09-16,2009,"Q3","2009/10","Q1","September",1951.79,1961.74,1956.765,9.95000000000005,-6.30000000000018
2009-09-17,2009,"Q3","2009/10","Q1","September",1949.92,1959.86,1954.89,9.93999999999983,-1.875
2009-09-18,2009,"Q3","2009/10","Q1","September",1942.24,1952.23,1947.235,9.99000000000001,-7.65499999999975
2009-09-21,2009,"Q3","2009/10","Q1","September",1929.68,1939.7,1934.69,10.02,-12.5450000000001
2009-09-22,2009,"Q3","2009/10","Q1","September",1920,1930.06,1925.03,10.0599999999999,-9.66000000000008
2009-09-23,2009,"Q3","2009/10","Q1","September",1916.37,1926.35,1921.36,9.98000000000002,-3.67000000000007
2009-09-24,2009,"Q3","2009/10","Q1","September",1915.3,1925.26,1920.28,9.96000000000004,-1.07999999999993
2009-09-25,2009,"Q3","2009/10","Q1","September",1921.34,1931.52,1926.43,10.1800000000001,6.14999999999986
2009-09-28,2009,"Q3","2009/10","Q1","September",1941.71,1952.7,1947.205,10.99,20.7750000000001
2009-09-29,2009,"Q3","2009/10","Q1","September",1933.93,1944.57,1939.25,10.6399999999999,-7.95499999999993
2009-09-30,2009,"Q3","2009/10","Q1","September",1918.63,1929.34,1923.985,10.7099999999998,-15.2649999999999
2009-10-01,2009,"Q4","2009/10","Q2","October",1920.61,1930.21,1925.41,9.60000000000014,1.42499999999973
2009-10-02,2009,"Q4","2009/10","Q2","October",1925.09,1935.09,1930.09,10,4.68000000000006
2009-10-05,2009,"Q4","2009/10","Q2","October",1924.87,1934.86,1929.865,9.99000000000001,-0.225000000000136
2009-10-06,2009,"Q4","2009/10","Q2","October",1909.98,1920.17,1915.075,10.1900000000001,-14.7899999999997
2009-10-07,2009,"Q4","2009/10","Q2","October",1904.97,1915.07,1910.02,10.0999999999999,-5.05500000000006
2009-10-08,2009,"Q4","2009/10","Q2","October",1904.66,1914.72,1909.69,10.0599999999999,-0.329999999999927
2009-10-12,2009,"Q4","2009/10","Q2","October",1906.61,1916.54,1911.575,9.93000000000006,1.88499999999976
2009-10-13,2009,"Q4","2009/10","Q2","October",1915.03,1925.48,1920.255,10.45,8.68000000000029
2009-10-14,2009,"Q4","2009/10","Q2","October",1910.54,1920.45,1915.495,9.91000000000008,-4.76000000000022
2009-10-15,2009,"Q4","2009/10","Q2","October",1896.37,1907.26,1901.815,10.8900000000001,-13.6799999999998
2009-10-16,2009,"Q4","2009/10","Q2","October",1891.2,1901.49,1896.345,10.29,-5.47000000000003
2009-10-19,2009,"Q4","2009/10","Q2","October",1887.95,1897.99,1892.97,10.04,-3.375
2009-10-20,2009,"Q4","2009/10","Q2","October",1879.1,1889.08,1884.09,9.98000000000002,-8.88000000000011
2009-10-21,2009,"Q4","2009/10","Q2","October",1876.27,1886.33,1881.3,10.0599999999999,-2.78999999999996
2009-10-22,2009,"Q4","2009/10","Q2","October",1872.36,1882.43,1877.395,10.0700000000002,-3.90499999999997
2009-10-23,2009,"Q4","2009/10","Q2","October",1867.76,1877.79,1872.775,10.03,-4.61999999999989
2009-10-26,2009,"Q4","2009/10","Q2","October",1864.82,1875.05,1869.935,10.23,-2.84000000000015
2009-10-27,2009,"Q4","2009/10","Q2","October",1868.93,1879.59,1874.26,10.6599999999999,4.32500000000005
2009-10-28,2009,"Q4","2009/10","Q2","October",1874.65,1884.61,1879.63,9.95999999999981,5.37000000000012
2009-10-29,2009,"Q4","2009/10","Q2","October",1877.17,1887.13,1882.15,9.96000000000004,2.51999999999998
2009-10-30,2009,"Q4","2009/10","Q2","October",1878.63,1888.96,1883.795,10.3299999999999,1.64499999999998
2009-11-02,2009,"Q4","2009/10","Q2","November",1875.01,1885.04,1880.025,10.03,-3.76999999999998
2009-11-03,2009,"Q4","2009/10","Q2","November",1874.58,1884.56,1879.57,9.98000000000002,-0.455000000000155
2009-11-04,2009,"Q4","2009/10","Q2","November",1873.75,1883.05,1878.4,9.29999999999995,-1.16999999999985
2009-11-05,2009,"Q4","2009/10","Q2","November",1875.2,1884.77,1879.985,9.56999999999994,1.58500000000004
2009-11-06,2009,"Q4","2009/10","Q2","November",1872.43,1882.46,1877.445,10.03,-2.53999999999996
2009-11-09,2009,"Q4","2009/10","Q2","November",1871.79,1881.63,1876.71,9.84000000000015,-0.735000000000127
2009-11-10,2009,"Q4","2009/10","Q2","November",1875.79,1885.8,1880.795,10.01,4.08500000000004
2009-11-11,2009,"Q4","2009/10","Q2","November",1876.14,1885.74,1880.94,9.59999999999991,0.144999999999982
2009-11-12,2009,"Q4","2009/10","Q2","November",1867.32,1877.63,1872.475,10.3100000000002,-8.46500000000015
2009-11-13,2009,"Q4","2009/10","Q2","November",1872.1,1881.88,1876.99,9.7800000000002,4.5150000000001
2009-11-16,2009,"Q4","2009/10","Q2","November",1862.95,1872.78,1867.865,9.82999999999993,-9.125
2009-11-17,2009,"Q4","2009/10","Q2","November",1858.92,1868.97,1863.945,10.05,-3.91999999999985
2009-11-18,2009,"Q4","2009/10","Q2","November",1858.58,1866.96,1862.77,8.38000000000011,-1.17500000000018
2009-11-19,2009,"Q4","2009/10","Q2","November",1859.61,1869.41,1864.51,9.80000000000018,1.74000000000001
2009-11-20,2009,"Q4","2009/10","Q2","November",1864.87,1874.4,1869.635,9.5300000000002,5.125
2009-11-23,2009,"Q4","2009/10","Q2","November",1867.39,1876.63,1872.01,9.24000000000001,2.37500000000023
2009-11-24,2009,"Q4","2009/10","Q2","November",1868.94,1878.13,1873.535,9.19000000000005,1.52499999999986
2009-11-25,2009,"Q4","2009/10","Q2","November",1868.63,1878.78,1873.705,10.1499999999999,0.169999999999845
2009-11-26,2009,"Q4","2009/10","Q2","November",1868.52,1878.52,1873.52,10,-0.184999999999945
2009-11-30,2009,"Q4","2009/10","Q2","November",1865.82,1875.65,1870.735,9.83000000000015,-2.78499999999985
2009-12-01,2009,"Q4","2009/10","Q2","December",1867.67,1875.01,1871.34,7.33999999999992,0.605000000000018
2009-12-02,2009,"Q4","2009/10","Q2","December",1860.58,1870.36,1865.47,9.77999999999997,-5.87000000000035
2009-12-03,2009,"Q4","2009/10","Q2","December",1858.79,1868.63,1863.71,9.84000000000015,-1.75999999999976
2009-12-04,2009,"Q4","2009/10","Q2","December",1857.71,1867.53,1862.62,9.81999999999994,-1.09000000000015
2009-12-07,2009,"Q4","2009/10","Q2","December",1858.36,1868.21,1863.285,9.85000000000014,0.664999999999964
2009-12-08,2009,"Q4","2009/10","Q2","December",1860,1869.98,1864.99,9.98000000000002,1.70500000000015
2009-12-09,2009,"Q4","2009/10","Q2","December",1868.53,1878.61,1873.57,10.0799999999999,8.57999999999993
2009-12-10,2009,"Q4","2009/10","Q2","December",1884.86,1897.28,1891.07,12.4200000000001,17.5
2009-12-11,2009,"Q4","2009/10","Q2","December",1923.26,1933.63,1928.445,10.3700000000001,37.3750000000002
2009-12-14,2009,"Q4","2009/10","Q2","December",1925.21,1935.58,1930.395,10.3699999999999,1.94999999999982
2009-12-15,2009,"Q4","2009/10","Q2","December",1918.29,1929.07,1923.68,10.78,-6.71500000000015
2009-12-16,2009,"Q4","2009/10","Q2","December",1923.07,1933.27,1928.17,10.2,4.49000000000024
2009-12-17,2009,"Q4","2009/10","Q2","December",1912.44,1922.51,1917.475,10.0699999999999,-10.6950000000002
2009-12-18,2009,"Q4","2009/10","Q2","December",1910.96,1921.4,1916.18,10.4400000000001,-1.29499999999985
2009-12-21,2009,"Q4","2009/10","Q2","December",1905.61,1916.05,1910.83,10.4400000000001,-5.35000000000014
2009-12-22,2009,"Q4","2009/10","Q2","December",1896.29,1906.68,1901.485,10.3900000000001,-9.3449999999998
2009-12-23,2009,"Q4","2009/10","Q2","December",1898.12,1908.32,1903.22,10.2,1.73499999999967
2009-12-24,2009,"Q4","2009/10","Q2","December",1895.32,1905.83,1900.575,10.51,-2.64499999999998
2009-12-28,2009,"Q4","2009/10","Q2","December",1894.99,1905.12,1900.055,10.1299999999999,-0.519999999999982
2009-12-29,2009,"Q4","2009/10","Q2","December",1901.18,1911.26,1906.22,10.0799999999999,6.16500000000019
2009-12-30,2009,"Q4","2009/10","Q2","December",1898.47,1908.57,1903.52,10.0999999999999,-2.70000000000005
2009-12-31,2009,"Q4","2009/10","Q2","December",1894.59,1904.83,1899.71,10.24,-3.80999999999995
2010-01-04,2010,"Q1","2009/10","Q3","January",1904.5,1915.87,1910.185,11.3699999999999,10.4749999999999
2010-01-05,2010,"Q1","2009/10","Q3","January",1913.31,1923.59,1918.45,10.28,8.26499999999987
2010-01-06,2010,"Q1","2009/10","Q3","January",1913.17,1923.22,1918.195,10.05,-0.254999999999654
2010-01-07,2010,"Q1","2009/10","Q3","January",1912.46,1922.23,1917.345,9.76999999999998,-0.850000000000136
2010-01-08,2010,"Q1","2009/10","Q3","January",1917.5,1927.43,1922.465,9.93000000000006,5.12000000000012
2010-01-11,2010,"Q1","2009/10","Q3","January",1916.8,1926.86,1921.83,10.0599999999999,-0.635000000000218
2010-01-12,2010,"Q1","2009/10","Q3","January",1915.05,1925.08,1920.065,10.03,-1.76499999999987
2010-01-13,2010,"Q1","2009/10","Q3","January",1918.28,1928.53,1923.405,10.25,3.33999999999992
2010-01-14,2010,"Q1","2009/10","Q3","January",1919.48,1929.52,1924.5,10.04,1.09500000000003
2010-01-15,2010,"Q1","2009/10","Q3","January",1925.21,1935.24,1930.225,10.03,5.72499999999991
2010-01-18,2010,"Q1","2009/10","Q3","January",1925.86,1935.87,1930.865,10.01,0.639999999999873
2010-01-19,2010,"Q1","2009/10","Q3","January",1936.81,1947.02,1941.915,10.21,11.0500000000002
2010-01-20,2010,"Q1","2009/10","Q3","January",1949.47,1960.73,1955.1,11.26,13.1849999999999
2010-01-21,2010,"Q1","2009/10","Q3","January",1960.73,1971,1965.865,10.27,10.7650000000001
2010-01-22,2010,"Q1","2009/10","Q3","January",1956.38,1967.05,1961.715,10.6699999999998,-4.14999999999986
2010-01-25,2010,"Q1","2009/10","Q3","January",1953.65,1964.25,1958.95,10.5999999999999,-2.7650000000001
2010-01-27,2010,"Q1","2009/10","Q3","January",1953.88,1964.08,1958.98,10.1999999999998,0.0299999999999727
2010-01-28,2010,"Q1","2009/10","Q3","January",1943.14,1952.21,1947.675,9.06999999999994,-11.3049999999998
2010-01-29,2010,"Q1","2009/10","Q3","January",1943.36,1954.97,1949.165,11.6100000000001,1.48999999999978
2010-02-01,2010,"Q1","2009/10","Q3","February",1944.98,1955.18,1950.08,10.2,0.914999999999964
2010-02-02,2010,"Q1","2009/10","Q3","February",1945.42,1955.53,1950.475,10.1099999999999,0.394999999999982
2010-02-03,2010,"Q1","2009/10","Q3","February",1954.09,1963.96,1959.025,9.87000000000012,8.55000000000018
2010-02-04,2010,"Q1","2009/10","Q3","February",1964.76,1974.87,1969.815,10.1099999999999,10.79
2010-02-05,2010,"Q1","2009/10","Q3","February",1977.9,1988.05,1982.975,10.1499999999999,13.1599999999999
2010-02-08,2010,"Q1","2009/10","Q3","February",1979.54,1989.77,1984.655,10.23,1.68000000000006
2010-02-09,2010,"Q1","2009/10","Q3","February",1976.65,1986.47,1981.56,9.81999999999994,-3.09500000000003
2010-02-10,2010,"Q1","2009/10","Q3","February",1978.83,1988.68,1983.755,9.85000000000014,2.19500000000016
2010-02-11,2010,"Q1","2009/10","Q3","February",1980.01,1989.95,1984.98,9.94000000000005,1.22499999999991
2010-02-12,2010,"Q1","2009/10","Q3","February",1999.1,2009.52,2004.31,10.4200000000001,19.3299999999999
2010-02-15,2010,"Q1","2009/10","Q3","February",2009.85,2019.98,2014.915,10.1300000000001,10.605
2010-02-16,2010,"Q1","2009/10","Q3","February",2010.45,2020.57,2015.51,10.1199999999999,0.595000000000027
2010-02-17,2010,"Q1","2009/10","Q3","February",2010.37,2020.44,2015.405,10.0700000000002,-0.105000000000018
2010-02-18,2010,"Q1","2009/10","Q3","February",2010.57,2020.35,2015.46,9.77999999999997,0.0550000000000637
2010-02-19,2010,"Q1","2009/10","Q3","February",2006.56,2016.85,2011.705,10.29,-3.75500000000011
2010-02-22,2010,"Q1","2009/10","Q3","February",1997.53,2008.25,2002.89,10.72,-8.81500000000005
2010-02-23,2010,"Q1","2009/10","Q3","February",2000.74,2010.68,2005.71,9.94000000000005,2.82000000000016
2010-02-24,2010,"Q1","2009/10","Q3","February",2013.39,2026.69,2020.04,13.3,14.3299999999999
2010-02-25,2010,"Q1","2009/10","Q3","February",2026.27,2037.76,2032.015,11.49,11.9749999999999
2010-02-26,2010,"Q1","2009/10","Q3","February",2039.88,2051,2045.44,11.1199999999999,13.4250000000002
2010-03-01,2010,"Q1","2009/10","Q3","March",2042.41,2052.75,2047.58,10.3399999999999,2.13999999999987
2010-03-02,2010,"Q1","2009/10","Q3","March",2047.36,2058.2,2052.78,10.8399999999999,5.19999999999982
2010-03-03,2010,"Q1","2009/10","Q3","March",2049.85,2060.7,2055.275,10.8499999999999,2.49499999999989
2010-03-04,2010,"Q1","2009/10","Q3","March",2043.46,2053.95,2048.705,10.4899999999998,-6.56999999999971
2010-03-05,2010,"Q1","2009/10","Q3","March",2049.44,2059.86,2054.65,10.4200000000001,5.94500000000016
2010-03-09,2010,"Q1","2009/10","Q3","March",2052.86,2063.06,2057.96,10.1999999999998,3.30999999999995
2010-03-10,2010,"Q1","2009/10","Q3","March",2062.53,2072.88,2067.705,10.3499999999999,9.74499999999989
2010-03-11,2010,"Q1","2009/10","Q3","March",2068.85,2079.58,2074.215,10.73,6.51000000000022
2010-03-12,2010,"Q1","2009/10","Q3","March",2081.21,2091.73,2086.47,10.52,12.2550000000001
2010-03-15,2010,"Q1","2009/10","Q3","March",2084.01,2094.3,2089.155,10.29,2.68499999999995
2010-03-16,2010,"Q1","2009/10","Q3","March",2090,2100.39,2095.195,10.3899999999999,6.03999999999951
2010-03-17,2010,"Q1","2009/10","Q3","March",2095.14,2105.43,2100.285,10.29,5.09000000000015
2010-03-18,2010,"Q1","2009/10","Q3","March",2115.26,2125.95,2120.605,10.6899999999996,20.3200000000002
2010-03-19,2010,"Q1","2009/10","Q3","March",2128.99,2139.03,2134.01,10.0400000000004,13.4050000000002
2010-03-22,2010,"Q1","2009/10","Q3","March",2132.41,2142.93,2137.67,10.52,3.65999999999985
2010-03-23,2010,"Q1","2009/10","Q3","March",2123.49,2133.86,2128.675,10.3700000000003,-8.99499999999989
2010-03-24,2010,"Q1","2009/10","Q3","March",2120.37,2130.65,2125.51,10.2800000000002,-3.16499999999996
2010-03-25,2010,"Q1","2009/10","Q3","March",2098.23,2112.37,2105.3,14.1399999999999,-20.21
2010-03-26,2010,"Q1","2009/10","Q3","March",2075.15,2093.32,2084.235,18.1700000000001,-21.0650000000001
2010-03-29,2010,"Q1","2009/10","Q3","March",2059.7,2071.42,2065.56,11.7200000000003,-18.6750000000002
2010-03-30,2010,"Q1","2009/10","Q3","March",2078.6,2089.75,2084.175,11.1500000000001,18.6150000000002
2010-03-31,2010,"Q1","2009/10","Q3","March",2079.21,2089.48,2084.345,10.27,0.170000000000073
2010-04-01,2010,"Q2","2009/10","Q4","April",2068,2078.72,2073.36,10.7199999999998,-10.9850000000006
2010-04-06,2010,"Q2","2009/10","Q4","April",2065.87,2077.11,2071.49,11.2400000000002,-1.86999999999989
2010-04-07,2010,"Q2","2009/10","Q4","April",2071.12,2082.17,2076.645,11.0500000000002,5.1550000000002
2010-04-08,2010,"Q2","2009/10","Q4","April",2072.47,2082.98,2077.725,10.5100000000002,1.07999999999993
2010-04-09,2010,"Q2","2009/10","Q4","April",2064.34,2075.23,2069.785,10.8899999999999,-7.94000000000005
2010-04-12,2010,"Q2","2009/10","Q4","April",2057.76,2067.84,2062.8,10.0799999999999,-6.98499999999967
2010-04-13,2010,"Q2","2009/10","Q4","April",2074.61,2084.91,2079.76,10.2999999999997,16.96
2010-04-14,2010,"Q2","2009/10","Q4","April",2074.41,2084.78,2079.595,10.3700000000003,-0.164999999999964
2010-04-15,2010,"Q2","2009/10","Q4","April",2069.76,2079.86,2074.81,10.0999999999999,-4.78499999999985
2010-04-16,2010,"Q2","2009/10","Q4","April",2074.86,2084.97,2079.915,10.1099999999997,5.10499999999956
2010-04-19,2010,"Q2","2009/10","Q4","April",2077.3,2087.36,2082.33,10.0599999999999,2.41499999999996
2010-04-20,2010,"Q2","2009/10","Q4","April",2078.21,2088.2,2083.205,9.98999999999978,0.875
2010-04-21,2010,"Q2","2009/10","Q4","April",2075.49,2085.77,2080.63,10.2800000000002,-2.57499999999982
2010-04-22,2010,"Q2","2009/10","Q4","April",2071.34,2081.69,2076.515,10.3499999999999,-4.11499999999978
2010-04-23,2010,"Q2","2009/10","Q4","April",2077.59,2087.98,2082.785,10.3899999999999,6.26999999999953
2010-04-26,2010,"Q2","2009/10","Q4","April",2078.08,2088.45,2083.265,10.3699999999999,0.480000000000018
2010-04-27,2010,"Q2","2009/10","Q4","April",2083.88,2094.51,2089.195,10.6300000000001,5.93000000000029
2010-04-28,2010,"Q2","2009/10","Q4","April",2093.71,2104.02,2098.865,10.3099999999999,9.66999999999962
2010-04-29,2010,"Q2","2009/10","Q4","April",2109.08,2119.22,2114.15,10.1399999999999,15.2849999999999
2010-04-30,2010,"Q2","2009/10","Q4","April",2117.83,2128.68,2123.255,10.8499999999999,9.10500000000047
2010-05-03,2010,"Q2","2009/10","Q4","May",2100.8,2111.33,2106.065,10.5299999999997,-17.1900000000001
2010-05-04,2010,"Q2","2009/10","Q4","May",2104.45,2114.45,2109.45,10,3.38499999999976
2010-05-05,2010,"Q2","2009/10","Q4","May",2114.27,2124.83,2119.55,10.5599999999999,10.1000000000004
2010-05-06,2010,"Q2","2009/10","Q4","May",2127.66,2138.2,2132.93,10.54,13.3799999999997
2010-05-07,2010,"Q2","2009/10","Q4","May",2142.97,2153.51,2148.24,10.5400000000004,15.3099999999999
2010-05-10,2010,"Q2","2009/10","Q4","May",2136.06,2146.54,2141.3,10.48,-6.9399999999996
2010-05-11,2010,"Q2","2009/10","Q4","May",2138.99,2149.67,2144.33,10.6800000000003,3.02999999999975
2010-05-12,2010,"Q2","2009/10","Q4","May",2144.5,2154.84,2149.67,10.3400000000001,5.34000000000015
2010-05-13,2010,"Q2","2009/10","Q4","May",2139.46,2151.04,2145.25,11.5799999999999,-4.42000000000007
2010-05-14,2010,"Q2","2009/10","Q4","May",2145.35,2155.35,2150.35,10,5.09999999999991
2010-05-17,2010,"Q2","2009/10","Q4","May",2155.07,2166.56,2160.815,11.4899999999998,10.4650000000001
2010-05-18,2010,"Q2","2009/10","Q4","May",2166.8,2178.15,2172.475,11.3499999999999,11.6600000000003
2010-05-19,2010,"Q2","2009/10","Q4","May",2195.4,2208.04,2201.72,12.6399999999999,29.2449999999999
2010-05-20,2010,"Q2","2009/10","Q4","May",2195.65,2208.04,2201.845,12.3899999999999,0.125
2010-05-21,2010,"Q2","2009/10","Q4","May",2198.2,2210.2,2204.2,12,2.35499999999956
2010-05-24,2010,"Q2","2009/10","Q4","May",2200.42,2213.17,2206.795,12.75,2.59500000000025
2010-05-25,2010,"Q2","2009/10","Q4","May",2235.55,2246.93,2241.24,11.3799999999997,34.4449999999997
2010-05-26,2010,"Q2","2009/10","Q4","May",2246.28,2257.26,2251.77,10.98,10.5300000000007
2010-05-27,2010,"Q2","2009/10","Q4","May",2233.79,2245.23,2239.51,11.4400000000001,-12.2600000000002
2010-05-28,2010,"Q2","2009/10","Q4","May",2223.56,2235.47,2229.515,11.9099999999999,-9.99500000000035
2010-05-31,2010,"Q2","2009/10","Q4","May",2201.28,2216.55,2208.915,15.27,-20.5999999999999
2010-06-01,2010,"Q2","2009/10","Q4","June",2221.39,2235.15,2228.27,13.7600000000002,19.355
2010-06-02,2010,"Q2","2009/10","Q4","June",2247.56,2259.9,2253.73,12.3400000000001,25.46
2010-06-04,2010,"Q2","2009/10","Q4","June",2268.62,2279.3,2273.96,10.6800000000003,20.23
2010-06-07,2010,"Q2","2009/10","Q4","June",2285.23,2296.41,2290.82,11.1799999999998,16.8599999999997
2010-06-08,2010,"Q2","2009/10","Q4","June",2280.55,2290.64,2285.595,10.0899999999997,-5.22499999999945
2010-06-10,2010,"Q2","2009/10","Q4","June",2261.79,2272.5,2267.145,10.71,-18.4500000000003
2010-06-11,2010,"Q2","2009/10","Q4","June",2225.29,2237.29,2231.29,12,-35.855
2010-06-14,2010,"Q2","2009/10","Q4","June",2231.57,2242.47,2237.02,10.8999999999996,5.73000000000002
2010-06-15,2010,"Q2","2009/10","Q4","June",2241.69,2252.27,2246.98,10.5799999999999,9.96000000000004
2010-06-16,2010,"Q2","2009/10","Q4","June",2234.78,2245.69,2240.235,10.9099999999999,-6.74499999999989
2010-06-17,2010,"Q2","2009/10","Q4","June",2250.28,2261.51,2255.895,11.23,15.6600000000003
2010-06-18,2010,"Q2","2009/10","Q4","June",2251.41,2262.69,2257.05,11.2800000000002,1.15499999999975
2010-06-21,2010,"Q2","2009/10","Q4","June",2245.34,2255.56,2250.45,10.2199999999998,-6.60000000000036
2010-06-22,2010,"Q2","2009/10","Q4","June",2248.6,2258.82,2253.71,10.2200000000003,3.26000000000022
2010-06-23,2010,"Q2","2009/10","Q4","June",2249.1,2259.16,2254.13,10.0599999999999,0.420000000000073
2010-06-24,2010,"Q2","2009/10","Q4","June",2242.27,2252.89,2247.58,10.6199999999999,-6.55000000000018
2010-06-25,2010,"Q2","2009/10","Q4","June",2251.15,2261.53,2256.34,10.3800000000001,8.76000000000022
2010-06-28,2010,"Q2","2009/10","Q4","June",2252.84,2262.78,2257.81,9.94000000000005,1.47000000000025
2010-06-29,2010,"Q2","2009/10","Q4","June",2271.94,2282.81,2277.375,10.8699999999999,19.5649999999996
2010-06-30,2010,"Q2","2009/10","Q4","June",2278.28,2288.39,2283.335,10.1099999999997,5.96000000000004
2010-07-01,2010,"Q3","2010/11","Q1","July",2269.27,2279.86,2274.565,10.5900000000001,-8.76999999999998
2010-07-02,2010,"Q3","2010/11","Q1","July",2263.67,2273.99,2268.83,10.3199999999997,-5.73500000000013
2010-07-05,2010,"Q3","2010/11","Q1","July",2257.76,2268.13,2262.945,10.3699999999999,-5.88499999999976
2010-07-06,2010,"Q3","2010/11","Q1","July",2263.17,2273.14,2268.155,9.9699999999998,5.20999999999958
2010-07-07,2010,"Q3","2010/11","Q1","July",2263.15,2273.05,2268.1,9.90000000000009,-0.0549999999993815
2010-07-08,2010,"Q3","2010/11","Q1","July",2260,2269.92,2264.96,9.92000000000007,-3.14000000000033
2010-07-09,2010,"Q3","2010/11","Q1","July",2257.56,2267.73,2262.645,10.1700000000001,-2.31500000000005
2010-07-12,2010,"Q3","2010/11","Q1","July",2264.07,2274.23,2269.15,10.1599999999999,6.50500000000011
2010-07-13,2010,"Q3","2010/11","Q1","July",2269.4,2279.97,2274.685,10.5699999999997,5.53499999999985
2010-07-14,2010,"Q3","2010/11","Q1","July",2261.06,2271.14,2266.1,10.0799999999999,-8.58500000000004
2010-07-15,2010,"Q3","2010/11","Q1","July",2251.69,2262.02,2256.855,10.3299999999999,-9.24499999999989
2010-07-16,2010,"Q3","2010/11","Q1","July",2244.89,2254.91,2249.9,10.02,-6.95500000000038
2010-07-19,2010,"Q3","2010/11","Q1","July",2250.25,2260.17,2255.21,9.92000000000007,5.3100000000004
2010-07-20,2010,"Q3","2010/11","Q1","July",2249.56,2259.8,2254.68,10.2400000000002,-0.529999999999745
2010-07-21,2010,"Q3","2010/11","Q1","July",2252.69,2262.39,2257.54,9.69999999999982,2.85999999999967
2010-07-22,2010,"Q3","2010/11","Q1","July",2249.42,2259.46,2254.44,10.04,-3.09999999999991
2010-07-23,2010,"Q3","2010/11","Q1","July",2246.86,2257.4,2252.13,10.54,-2.30999999999995
2010-07-26,2010,"Q3","2010/11","Q1","July",2241.48,2251.62,2246.55,10.1399999999999,-5.57999999999993
2010-07-27,2010,"Q3","2010/11","Q1","July",2236.86,2246.85,2241.855,9.98999999999978,-4.69500000000016
2010-07-28,2010,"Q3","2010/11","Q1","July",2238.09,2248.06,2243.075,9.9699999999998,1.2199999999998
2010-07-29,2010,"Q3","2010/11","Q1","July",2231.27,2241.44,2236.355,10.1700000000001,-6.7199999999998
2010-07-30,2010,"Q3","2010/11","Q1","July",2226.02,2237.13,2231.575,11.1100000000001,-4.7800000000002
2010-08-02,2010,"Q3","2010/11","Q1","August",2219.6,2229.97,2224.785,10.3699999999999,-6.78999999999996
2010-08-03,2010,"Q3","2010/11","Q1","August",2206.36,2216.8,2211.58,10.4400000000001,-13.2049999999999
2010-08-04,2010,"Q3","2010/11","Q1","August",2197.78,2208.29,2203.035,10.5099999999998,-8.54500000000007
2010-08-05,2010,"Q3","2010/11","Q1","August",2198.22,2208.28,2203.25,10.0600000000004,0.215000000000146
2010-08-06,2010,"Q3","2010/11","Q1","August",2199.08,2209.32,2204.2,10.2400000000002,0.949999999999818
2010-08-09,2010,"Q3","2010/11","Q1","August",2194.47,2204.23,2199.35,9.76000000000022,-4.84999999999991
2010-08-10,2010,"Q3","2010/11","Q1","August",2196.93,2206.72,2201.825,9.78999999999996,2.47499999999991
2010-08-12,2010,"Q3","2010/11","Q1","August",2212.26,2222.55,2217.405,10.29,15.5800000000004
2010-08-13,2010,"Q3","2010/11","Q1","August",2209.73,2220.2,2214.965,10.4699999999998,-2.44000000000005
2010-08-16,2010,"Q3","2010/11","Q1","August",2209.68,2219.74,2214.71,10.0599999999999,-0.255000000000109
2010-08-17,2010,"Q3","2010/11","Q1","August",2209.6,2219.64,2214.62,10.04,-0.0900000000001455
2010-08-18,2010,"Q3","2010/11","Q1","August",2216.12,2226.6,2221.36,10.48,6.73999999999978
2010-08-19,2010,"Q3","2010/11","Q1","August",2241.47,2251.9,2246.685,10.4300000000003,25.3250000000003
2010-08-20,2010,"Q3","2010/11","Q1","August",2254.4,2264.94,2259.67,10.54,12.9850000000001
2010-08-23,2010,"Q3","2010/11","Q1","August",2247.61,2257.9,2252.755,10.29,-6.91499999999996
2010-08-24,2010,"Q3","2010/11","Q1","August",2253.63,2263.91,2258.77,10.2799999999997,6.01499999999987
2010-08-25,2010,"Q3","2010/11","Q1","August",2255.79,2264.97,2260.38,9.17999999999984,1.61000000000013
2010-08-26,2010,"Q3","2010/11","Q1","August",2248.58,2258.64,2253.61,10.0599999999999,-6.77000000000044
2010-08-27,2010,"Q3","2010/11","Q1","August",2247.39,2257.64,2252.515,10.25,-1.0949999999998
2010-08-30,2010,"Q3","2010/11","Q1","August",2258.05,2270.52,2264.285,12.4699999999998,11.77
2010-08-31,2010,"Q3","2010/11","Q1","August",2264.71,2275.29,2270,10.5799999999999,5.71500000000015
2010-09-01,2010,"Q3","2010/11","Q1","September",2258.85,2269.3,2264.075,10.4500000000003,-5.92500000000018
2010-09-02,2010,"Q3","2010/11","Q1","September",2252.12,2262.48,2257.3,10.3600000000001,-6.77499999999964
2010-09-03,2010,"Q3","2010/11","Q1","September",2245.19,2255.43,2250.31,10.2399999999998,-6.99000000000024
2010-09-06,2010,"Q3","2010/11","Q1","September",2242.9,2252.72,2247.81,9.81999999999971,-2.5
2010-09-07,2010,"Q3","2010/11","Q1","September",2252.07,2262.15,2257.11,10.0799999999999,9.30000000000018
2010-09-08,2010,"Q3","2010/11","Q1","September",2260.73,2270.18,2265.455,9.44999999999982,8.3449999999998
2010-09-09,2010,"Q3","2010/11","Q1","September",2254.01,2263.99,2259,9.97999999999956,-6.45499999999993
2010-09-13,2010,"Q3","2010/11","Q1","September",2248.06,2257.98,2253.02,9.92000000000007,-5.98000000000002
2010-09-14,2010,"Q3","2010/11","Q1","September",2244.8,2254.7,2249.75,9.89999999999964,-3.26999999999998
2010-09-15,2010,"Q3","2010/11","Q1","September",2240.61,2250.57,2245.59,9.96000000000004,-4.15999999999985
2010-09-16,2010,"Q3","2010/11","Q1","September",2241.7,2251.86,2246.78,10.1600000000003,1.1899999999996
2010-09-17,2010,"Q3","2010/11","Q1","September",2239.32,2249.4,2244.36,10.0799999999999,-2.41999999999962
2010-09-20,2010,"Q3","2010/11","Q1","September",2245.81,2255.52,2250.665,9.71000000000004,6.30499999999984
2010-09-21,2010,"Q3","2010/11","Q1","September",2249.96,2259.87,2254.915,9.90999999999985,4.25
2010-09-22,2010,"Q3","2010/11","Q1","September",2244.57,2254.61,2249.59,10.04,-5.32499999999982
2010-09-23,2010,"Q3","2010/11","Q1","September",2243.84,2253.72,2248.78,9.87999999999965,-0.8100000000004
2010-09-24,2010,"Q3","2010/11","Q1","September",2244.18,2254.04,2249.11,9.86000000000013,0.329999999999927
2010-09-27,2010,"Q3","2010/11","Q1","September",2243.51,2253.34,2248.425,9.82999999999993,-0.684999999999491
2010-09-28,2010,"Q3","2010/11","Q1","September",2241.36,2251.39,2246.375,10.0299999999997,-2.05000000000018
2010-09-29,2010,"Q3","2010/11","Q1","September",2239.83,2249.9,2244.865,10.0700000000002,-1.51000000000022
2010-09-30,2010,"Q3","2010/11","Q1","September",2239.33,2248.83,2244.08,9.5,-0.784999999999854
2010-10-01,2010,"Q4","2010/11","Q2","October",2239.19,2248.89,2244.04,9.69999999999982,-0.0399999999999636
2010-10-04,2010,"Q4","2010/11","Q2","October",2243.34,2253.37,2248.355,10.0299999999997,4.31500000000005
2010-10-05,2010,"Q4","2010/11","Q2","October",2244.95,2254.94,2249.945,9.99000000000024,1.58999999999969
2010-10-06,2010,"Q4","2010/11","Q2","October",2244.81,2254.82,2249.815,10.0100000000002,-0.129999999999654
2010-10-07,2010,"Q4","2010/11","Q2","October",2244.02,2253.84,2248.93,9.82000000000016,-0.884999999999764
2010-10-08,2010,"Q4","2010/11","Q2","October",2244.9,2254.94,2249.92,10.04,0.989999999999782
2010-10-11,2010,"Q4","2010/11","Q2","October",2248.13,2256.41,2252.27,8.27999999999975,2.34999999999991
2010-10-12,2010,"Q4","2010/11","Q2","October",2255.46,2260.41,2257.935,4.94999999999982,5.66499999999996
2010-10-13,2010,"Q4","2010/11","Q2","October",2259.49,2264.57,2262.03,5.08000000000038,4.0949999999998
2010-10-14,2010,"Q4","2010/11","Q2","October",2258.25,2263.24,2260.745,4.98999999999978,-1.28499999999985
2010-10-15,2010,"Q4","2010/11","Q2","October",2258.37,2263.32,2260.845,4.95000000000027,0.100000000000364
2010-10-18,2010,"Q4","2010/11","Q2","October",2258.94,2263.97,2261.455,5.02999999999975,0.609999999999673
2010-10-19,2010,"Q4","2010/11","Q2","October",2267.04,2271.88,2269.46,4.84000000000015,8.00500000000011
2010-10-20,2010,"Q4","2010/11","Q2","October",2275.1,2280.27,2277.685,5.17000000000007,8.22499999999991
2010-10-21,2010,"Q4","2010/11","Q2","October",2274.16,2279.14,2276.65,4.98000000000002,-1.03500000000031
2010-10-22,2010,"Q4","2010/11","Q2","October",2274.75,2279.55,2277.15,4.80000000000018,0.500000000000455
2010-10-25,2010,"Q4","2010/11","Q2","October",2276.19,2281.4,2278.795,5.21000000000004,1.64499999999998
2010-10-26,2010,"Q4","2010/11","Q2","October",2278.77,2284.07,2281.42,5.30000000000018,2.625
2010-10-27,2010,"Q4","2010/11","Q2","October",2281.91109001799,2286.85898942932,2284.38503972365,4.94789941133286,2.96503972365372
2010-10-28,2010,"Q4","2010/11","Q2","October",2282.14,2287.24,2284.69,5.09999999999991,0.30496027634581
2010-10-29,2010,"Q4","2010/11","Q2","October",2282.22,2287.22,2284.72,5,0.0300000000002001
2010-11-01,2010,"Q4","2010/11","Q2","November",2282.17,2287.18,2284.675,5.00999999999976,-0.044999999999618
2010-11-02,2010,"Q4","2010/11","Q2","November",2282.22,2287.23,2284.725,5.01000000000022,0.0499999999997272
2010-11-03,2010,"Q4","2010/11","Q2","November",2291.18,2298.13,2294.655,6.95000000000027,9.92999999999984
2010-11-04,2010,"Q4","2010/11","Q2","November",2283.59,2293.14,2288.365,9.54999999999973,-6.28999999999996
2010-11-05,2010,"Q4","2010/11","Q2","November",2272.88,2282.99,2277.935,10.1099999999997,-10.4299999999998
2010-11-08,2010,"Q4","2010/11","Q2","November",2271.51,2281.63,2276.57,10.1199999999999,-1.36499999999978
2010-11-09,2010,"Q4","2010/11","Q2","November",2277.1,2287.1,2282.1,10,5.52999999999975
2010-11-10,2010,"Q4","2010/11","Q2","November",2284.03,2294.09,2289.06,10.0599999999999,6.96000000000049
2010-11-11,2010,"Q4","2010/11","Q2","November",2276.29,2286.3,2281.295,10.0100000000002,-7.76500000000033
2010-11-12,2010,"Q4","2010/11","Q2","November",2284.19,2294.13,2289.16,9.94000000000005,7.86499999999978
2010-11-15,2010,"Q4","2010/11","Q2","November",2284.56,2294.49,2289.525,9.92999999999984,0.364999999999782
2010-11-17,2010,"Q4","2010/11","Q2","November",2288.72,2298.74,2293.73,10.02,4.20499999999993
2010-11-18,2010,"Q4","2010/11","Q2","November",2282.29,2292.38,2287.335,10.0900000000001,-6.39499999999953
2010-11-19,2010,"Q4","2010/11","Q2","November",2278.19,2288.16,2283.175,9.9699999999998,-4.15999999999985
2010-11-22,2010,"Q4","2010/11","Q2","November",2279.76,2289.74,2284.75,9.97999999999956,1.57499999999982
2010-11-23,2010,"Q4","2010/11","Q2","November",2279.89,2289.9,2284.895,10.0100000000002,0.144999999999982
2010-11-24,2010,"Q4","2010/11","Q2","November",2284.72,2294.67,2289.695,9.95000000000027,4.79999999999973
2010-11-25,2010,"Q4","2010/11","Q2","November",2285.65,2295.77,2290.71,10.1199999999999,1.01500000000033
2010-11-26,2010,"Q4","2010/11","Q2","November",2291.86,2301.78,2296.82,9.92000000000007,6.11000000000013
2010-11-29,2010,"Q4","2010/11","Q2","November",2298.37,2308.61,2303.49,10.2400000000002,6.66999999999962
2010-11-30,2010,"Q4","2010/11","Q2","November",2308.6,2318.73,2313.665,10.1300000000001,10.1750000000002
2010-12-01,2010,"Q4","2010/11","Q2","December",2303.16,2315.18,2309.17,12.02,-4.49499999999989
2010-12-02,2010,"Q4","2010/11","Q2","December",2286.51,2296.61,2291.56,10.0999999999999,-17.6099999999997
2010-12-03,2010,"Q4","2010/11","Q2","December",2287.08,2297.96,2292.52,10.8800000000001,0.959999999999582
2010-12-06,2010,"Q4","2010/11","Q2","December",2292.34,2302.08,2297.21,9.73999999999978,4.69000000000005
2010-12-07,2010,"Q4","2010/11","Q2","December",2302.44,2312.81,2307.625,10.3699999999999,10.415
2010-12-08,2010,"Q4","2010/11","Q2","December",2303.86,2314.4,2309.13,10.54,1.50500000000011
2010-12-09,2010,"Q4","2010/11","Q2","December",2303.91,2313.91,2308.91,10,-0.220000000000255
2010-12-10,2010,"Q4","2010/11","Q2","December",2300.64,2310.79,2305.715,10.1500000000001,-3.19499999999971
2010-12-13,2010,"Q4","2010/11","Q2","December",2301.51,2311.49,2306.5,9.97999999999956,0.784999999999854
2010-12-14,2010,"Q4","2010/11","Q2","December",2295.57,2305.3,2300.435,9.73000000000002,-6.0649999999996
2010-12-15,2010,"Q4","2010/11","Q2","December",2294.53,2304.21,2299.37,9.67999999999984,-1.06500000000051
2010-12-16,2010,"Q4","2010/11","Q2","December",2298.18,2308.19,2303.185,10.0100000000002,3.81500000000005
2010-12-17,2010,"Q4","2010/11","Q2","December",2294.24,2304.19,2299.215,9.95000000000027,-3.9699999999998
2010-12-20,2010,"Q4","2010/11","Q2","December",2287.94,2297.76,2292.85,9.82000000000016,-6.36499999999978
2010-12-21,2010,"Q4","2010/11","Q2","December",2285.64,2295.55,2290.595,9.91000000000031,-2.25500000000011
2010-12-22,2010,"Q4","2010/11","Q2","December",2292.77,2303.05,2297.91,10.2800000000002,7.3149999999996
2010-12-23,2010,"Q4","2010/11","Q2","December",2299.14,2309.17,2304.155,10.0300000000002,6.24499999999989
2010-12-24,2010,"Q4","2010/11","Q2","December",2297.46,2307.17,2302.315,9.71000000000004,-1.83999999999969
2010-12-27,2010,"Q4","2010/11","Q2","December",2302.31,2312.54,2307.425,10.23,5.11000000000013
2010-12-28,2010,"Q4","2010/11","Q2","December",2309.39,2319.47,2314.43,10.0799999999999,7.00499999999965
2010-12-29,2010,"Q4","2010/11","Q2","December",2316.74,2327.18,2321.96,10.4400000000001,7.5300000000002
2010-12-30,2010,"Q4","2010/11","Q2","December",2314.65,2325.13,2319.89,10.48,-2.06999999999971
2010-12-31,2010,"Q4","2010/11","Q2","December",2302.58,2314.02,2308.3,11.4400000000001,-11.5900000000001
2011-01-03,2011,"Q1","2010/11","Q3","January",2304.73,2315.09,2309.91,10.3600000000001,1.60999999999967
2011-01-04,2011,"Q1","2010/11","Q3","January",2313.19,2323.54,2318.365,10.3499999999999,8.45499999999993
2011-01-05,2011,"Q1","2010/11","Q3","January",2324.02,2334.43,2329.225,10.4099999999999,10.8600000000001
2011-01-06,2011,"Q1","2010/11","Q3","January",2320.96,2330.95,2325.955,9.98999999999978,-3.26999999999998
2011-01-07,2011,"Q1","2010/11","Q3","January",2325.97,2335.96,2330.965,9.99000000000024,5.01000000000022
2011-01-10,2011,"Q1","2010/11","Q3","January",2333.03,2343.08,2338.055,10.0499999999997,7.09000000000015
2011-01-11,2011,"Q1","2010/11","Q3","January",2337.54,2347.55,2342.545,10.0100000000002,4.48999999999978
2011-01-12,2011,"Q1","2010/11","Q3","January",2337.67,2347.72,2342.695,10.0499999999997,0.149999999999636
2011-01-13,2011,"Q1","2010/11","Q3","January",2343.35,2353.26,2348.305,9.91000000000031,5.61000000000058
2011-01-14,2011,"Q1","2010/11","Q3","January",2357.46,2367.84,2362.65,10.3800000000001,14.3449999999998
2011-01-17,2011,"Q1","2010/11","Q3","January",2370.28,2380.48,2375.38,10.1999999999998,12.73
2011-01-18,2011,"Q1","2010/11","Q3","January",2385.86,2396.2,2391.03,10.3399999999997,15.6499999999996
2011-01-19,2011,"Q1","2010/11","Q3","January",2366.21,2376.5,2371.355,10.29,-19.6749999999997
2011-01-20,2011,"Q1","2010/11","Q3","January",2334.38,2345.22,2339.8,10.8399999999997,-31.5549999999998
2011-01-21,2011,"Q1","2010/11","Q3","January",2325.84,2336.55,2331.195,10.71,-8.60500000000002
2011-01-24,2011,"Q1","2010/11","Q3","January",2309.69,2320.36,2315.025,10.6700000000001,-16.1700000000001
2011-01-25,2011,"Q1","2010/11","Q3","January",2297.46,2307.99,2302.725,10.5299999999997,-12.3000000000002
2011-01-27,2011,"Q1","2010/11","Q3","January",2286.7,2298.5,2292.6,11.8000000000002,-10.125
2011-01-28,2011,"Q1","2010/11","Q3","January",2287.1,2297.32,2292.21,10.2200000000003,-0.389999999999873
2011-01-31,2011,"Q1","2010/11","Q3","January",2297.35,2308.07,2302.71,10.7200000000003,10.5
2011-02-01,2011,"Q1","2010/11","Q3","February",2300.08,2310.25,2305.165,10.1700000000001,2.45499999999993
2011-02-02,2011,"Q1","2010/11","Q3","February",2301.87,2311.84,2306.855,9.97000000000025,1.69000000000005
2011-02-03,2011,"Q1","2010/11","Q3","February",2302.2,2312.1,2307.15,9.90000000000009,0.294999999999618
2011-02-04,2011,"Q1","2010/11","Q3","February",2306.89,2317.07,2311.98,10.1800000000003,4.83000000000038
2011-02-07,2011,"Q1","2010/11","Q3","February",2315.63,2325.44,2320.535,9.80999999999995,8.55499999999984
2011-02-08,2011,"Q1","2010/11","Q3","February",2325.9,2335.82,2330.86,9.92000000000007,10.3250000000003
2011-02-09,2011,"Q1","2010/11","Q3","February",2331.25,2341.65,2336.45,10.4000000000001,5.58999999999969
2011-02-10,2011,"Q1","2010/11","Q3","February",2335.7,2346.18,2340.94,10.48,4.48999999999978
2011-02-11,2011,"Q1","2010/11","Q3","February",2347.79,2359.86,2353.825,12.0700000000002,12.8850000000002
2011-02-14,2011,"Q1","2010/11","Q3","February",2360.93,2371.08,2366.005,10.1500000000001,12.1800000000003
2011-02-15,2011,"Q1","2010/11","Q3","February",2360.39,2370.71,2365.55,10.3200000000002,-0.454999999999927
2011-02-16,2011,"Q1","2010/11","Q3","February",2367.79,2377.89,2372.84,10.0999999999999,7.28999999999996
2011-02-17,2011,"Q1","2010/11","Q3","February",2373.82,2384.04,2378.93,10.2199999999998,6.09000000000015
2011-02-21,2011,"Q1","2010/11","Q3","February",2356.76,2367.73,2362.245,10.9699999999998,-16.6850000000004
2011-02-22,2011,"Q1","2010/11","Q3","February",2331.99,2343.45,2337.72,11.46,-24.5250000000001
2011-02-24,2011,"Q1","2010/11","Q3","February",2341.26,2351.52,2346.39,10.2599999999998,8.67000000000053
2011-02-25,2011,"Q1","2010/11","Q3","February",2346.88,2357.13,2352.005,10.25,5.61499999999978
2011-02-28,2011,"Q1","2010/11","Q3","February",2354.08,2364.41,2359.245,10.3299999999999,7.23999999999978
2011-03-01,2011,"Q1","2010/11","Q3","March",2359.75,2370.06,2364.905,10.3099999999999,5.65999999999985
2011-03-02,2011,"Q1","2010/11","Q3","March",2359.46,2369.91,2364.685,10.4499999999998,-0.2199999999998
2011-03-03,2011,"Q1","2010/11","Q3","March",2362.46,2372.98,2367.72,10.52,3.03500000000031
2011-03-04,2011,"Q1","2010/11","Q3","March",2370.05,2380.56,2375.305,10.5099999999998,7.58500000000004
2011-03-07,2011,"Q1","2010/11","Q3","March",2375.65,2386.05,2380.85,10.4000000000001,5.54500000000007
2011-03-09,2011,"Q1","2010/11","Q3","March",2376.69,2387.17,2381.93,10.48,1.07999999999993
2011-03-10,2011,"Q1","2010/11","Q3","March",2379.56,2389.68,2384.62,10.1199999999999,2.6899999999996
2011-03-11,2011,"Q1","2010/11","Q3","March",2381.17,2393.388,2387.279,12.2179999999998,2.65900000000011
2011-03-15,2011,"Q1","2010/11","Q3","March",2403.1,2414.97,2409.035,11.8699999999999,21.7559999999999
2011-03-16,2011,"Q1","2010/11","Q3","March",2413.91,2425.89,2419.9,11.98,10.8649999999998
2011-03-17,2011,"Q1","2010/11","Q3","March",2401,2412.56,2406.78,11.5599999999999,-13.1199999999999
2011-03-18,2011,"Q1","2010/11","Q3","March",2390.88,2401.85,2396.365,10.9699999999998,-10.415
2011-03-21,2011,"Q1","2010/11","Q3","March",2391.88,2402.79,2397.335,10.9099999999999,0.970000000000255
2011-03-22,2011,"Q1","2010/11","Q3","March",2395.91,2406.2,2401.055,10.29,3.7199999999998
2011-03-23,2011,"Q1","2010/11","Q3","March",2400.57,2411.15,2405.86,10.5799999999999,4.80500000000029
2011-03-24,2011,"Q1","2010/11","Q3","March",2398.59,2409.02,2403.805,10.4299999999998,-2.05499999999984
2011-03-25,2011,"Q1","2010/11","Q3","March",2398.65,2408.67,2403.66,10.02,-0.145000000000437
2011-03-28,2011,"Q1","2010/11","Q3","March",2399.36,2409.54,2404.45,10.1799999999998,0.789999999999964
2011-03-29,2011,"Q1","2010/11","Q3","March",2398.9,2408.4,2403.65,9.5,-0.799999999999727
2011-03-30,2011,"Q1","2010/11","Q3","March",2398.11,2408.08,2403.095,9.9699999999998,-0.554999999999836
2011-03-31,2011,"Q1","2010/11","Q3","March",2392.27,2402.31,2397.29,10.04,-5.80500000000029
2011-04-01,2011,"Q2","2010/11","Q4","April",2387.37,2397.56,2392.465,10.1900000000001,-4.82499999999982
2011-04-04,2011,"Q2","2010/11","Q4","April",2375.09,2385.06,2380.075,9.9699999999998,-12.3900000000003
2011-04-05,2011,"Q2","2010/11","Q4","April",2378.09,2388.29,2383.19,10.1999999999998,3.11500000000024
2011-04-06,2011,"Q2","2010/11","Q4","April",2369.96,2380.01,2374.985,10.0500000000002,-8.20499999999993
2011-04-07,2011,"Q2","2010/11","Q4","April",2348.71,2358.61,2353.66,9.90000000000009,-21.3250000000003
2011-04-08,2011,"Q2","2010/11","Q4","April",2353.22,2362.11,2357.665,8.89000000000033,4.00500000000011
2011-04-11,2011,"Q2","2010/11","Q4","April",2337.21,2347.26,2342.235,10.0500000000002,-15.4299999999998
2011-04-12,2011,"Q2","2010/11","Q4","April",2324.62,2334.62,2329.62,10,-12.6150000000002
2011-04-13,2011,"Q2","2010/11","Q4","April",2323.88,2333.96,2328.92,10.0799999999999,-0.699999999999818
2011-04-14,2011,"Q2","2010/11","Q4","April",2343.52,2353.4,2348.46,9.88000000000011,19.54
2011-04-15,2011,"Q2","2010/11","Q4","April",2363.96,2374.07,2369.015,10.1100000000001,20.5550000000003
2011-04-18,2011,"Q2","2010/11","Q4","April",2371.8,2381.77,2376.785,9.9699999999998,7.76999999999953
2011-04-19,2011,"Q2","2010/11","Q4","April",2374.24,2384.25,2379.245,10.0100000000002,2.46000000000004
2011-04-20,2011,"Q2","2010/11","Q4","April",2374.88,2384.89,2379.885,10.0099999999998,0.640000000000327
2011-04-21,2011,"Q2","2010/11","Q4","April",2371.95,2381.51,2376.73,9.5600000000004,-3.1550000000002
2011-04-26,2011,"Q2","2010/11","Q4","April",2369.92,2379.77,2374.845,9.84999999999991,-1.88499999999976
2011-04-27,2011,"Q2","2010/11","Q4","April",2375.92,2385.12,2380.52,9.19999999999982,5.67499999999973
2011-04-28,2011,"Q2","2010/11","Q4","April",2376.02,2385.79,2380.905,9.76999999999998,0.384999999999764
2011-04-29,2011,"Q2","2010/11","Q4","April",2370.03,2379.95,2374.99,9.91999999999962,-5.91499999999996
2011-05-02,2011,"Q2","2010/11","Q4","May",2378.02,2387.98,2383,9.96000000000004,8.01000000000022
2011-05-03,2011,"Q2","2010/11","Q4","May",2376.63,2386.41,2381.52,9.77999999999975,-1.48000000000002
2011-05-04,2011,"Q2","2010/11","Q4","May",2375.6,2385.31,2380.455,9.71000000000004,-1.06500000000005
2011-05-05,2011,"Q2","2010/11","Q4","May",2375.14,2384.82,2379.98,9.68000000000029,-0.474999999999909
2011-05-06,2011,"Q2","2010/11","Q4","May",2380.64,2390.21,2385.425,9.57000000000016,5.44500000000016
2011-05-09,2011,"Q2","2010/11","Q4","May",2384.01,2393.99,2389,9.97999999999956,3.57499999999982
2011-05-10,2011,"Q2","2010/11","Q4","May",2383.01,2392.97,2387.99,9.95999999999958,-1.01000000000022
2011-05-11,2011,"Q2","2010/11","Q4","May",2382.48,2392.19,2387.335,9.71000000000004,-0.654999999999745
2011-05-13,2011,"Q2","2010/11","Q4","May",2384.91,2394.94,2389.925,10.0300000000002,2.59000000000015
2011-05-16,2011,"Q2","2010/11","Q4","May",2389.5,2399.34,2394.42,9.84000000000015,4.49499999999989
2011-05-17,2011,"Q2","2010/11","Q4","May",2387.09,2396.73,2391.91,9.63999999999987,-2.51000000000022
2011-05-18,2011,"Q2","2010/11","Q4","May",2384.54,2394.29,2389.415,9.75,-2.49499999999989
2011-05-19,2011,"Q2","2010/11","Q4","May",2385.1,2394.82,2389.96,9.72000000000025,0.545000000000073
2011-05-20,2011,"Q2","2010/11","Q4","May",2377.01,2386.89,2381.95,9.87999999999965,-8.01000000000022
2011-05-23,2011,"Q2","2010/11","Q4","May",2380.26,2390.12,2385.19,9.85999999999967,3.24000000000024
2011-05-24,2011,"Q2","2010/11","Q4","May",2384.79,2394.59,2389.69,9.80000000000018,4.5
2011-05-25,2011,"Q2","2010/11","Q4","May",2387.3,2397.14,2392.22,9.83999999999969,2.5300000000002
2011-05-26,2011,"Q2","2010/11","Q4","May",2385.07,2395.06,2390.065,9.98999999999978,-2.1550000000002
2011-05-27,2011,"Q2","2010/11","Q4","May",2384.24,2394.26,2389.25,10.0200000000004,-0.815000000000055
2011-05-30,2011,"Q2","2010/11","Q4","May",2387.36,2397.24,2392.3,9.87999999999965,3.05000000000018
2011-05-31,2011,"Q2","2010/11","Q4","May",2385.38,2395.35,2390.365,9.9699999999998,-1.9350000000004
2011-06-01,2011,"Q2","2010/11","Q4","June",2385.88,2395.24,2390.56,9.35999999999967,0.195000000000164
2011-06-02,2011,"Q2","2010/11","Q4","June",2385.35,2395.06,2390.205,9.71000000000004,-0.355000000000018
2011-06-06,2011,"Q2","2010/11","Q4","June",2386.18,2395.99,2391.085,9.80999999999995,0.880000000000109
2011-06-07,2011,"Q2","2010/11","Q4","June",2388.85,2398.83,2393.84,9.98000000000002,2.75500000000011
2011-06-08,2011,"Q2","2010/11","Q4","June",2394.8,2404.71,2399.755,9.90999999999985,5.91499999999996
2011-06-10,2011,"Q2","2010/11","Q4","June",2398.6,2408.36,2403.48,9.76000000000022,3.72499999999991
2011-06-13,2011,"Q2","2010/11","Q4","June",2399.71,2409.48,2404.595,9.76999999999998,1.11500000000024
2011-06-14,2011,"Q2","2010/11","Q4","June",2404.03,2411.77,2407.9,7.73999999999978,3.30499999999984
2011-06-15,2011,"Q2","2010/11","Q4","June",2413.68,2423.91,2418.795,10.23,10.895
2011-06-16,2011,"Q2","2010/11","Q4","June",2424.46,2434.75,2429.605,10.29,10.8099999999999
2011-06-17,2011,"Q2","2010/11","Q4","June",2434.65,2445.13,2439.89,10.48,10.2850000000003
2011-06-20,2011,"Q2","2010/11","Q4","June",2446.15,2457.11,2451.63,10.96,11.7399999999998
2011-06-21,2011,"Q2","2010/11","Q4","June",2472.42,2483.93,2478.175,11.5099999999998,26.5450000000001
2011-06-22,2011,"Q2","2010/11","Q4","June",2474.87,2484.9,2479.885,10.0300000000002,1.71000000000004
2011-06-23,2011,"Q2","2010/11","Q4","June",2477.14,2486.91,2482.025,9.76999999999998,2.13999999999942
2011-06-24,2011,"Q2","2010/11","Q4","June",2491.04,2501.22,2496.13,10.1799999999998,14.1050000000005
2011-06-27,2011,"Q2","2010/11","Q4","June",2507.57,2517.57,2512.57,10,16.4400000000001
2011-06-28,2011,"Q2","2010/11","Q4","June",2556.34,2590.91,2573.625,34.5699999999997,61.0549999999998
2011-06-29,2011,"Q2","2010/11","Q4","June",2621.22,2686.49,2653.855,65.27,80.2299999999996
2011-06-30,2011,"Q2","2010/11","Q4","June",2569.54,2676.79,2623.165,107.25,-30.6899999999996
2011-07-01,2011,"Q3","2011/12","Q1","July",2530.67,2586.2,2558.435,55.5299999999997,-64.73
2011-07-04,2011,"Q3","2011/12","Q1","July",2490.44,2531.16,2510.8,40.7199999999998,-47.6349999999998
2011-07-05,2011,"Q3","2011/12","Q1","July",2521.1,2560.95,2541.025,39.8499999999999,30.2249999999995
2011-07-06,2011,"Q3","2011/12","Q1","July",2560.24,2610.15,2585.195,49.9100000000003,44.1700000000001
2011-07-07,2011,"Q3","2011/12","Q1","July",2578.6,2628.73,2603.665,50.1300000000001,18.4700000000003
2011-07-08,2011,"Q3","2011/12","Q1","July",2594.06,2638.1,2616.08,44.04,12.415
2011-07-11,2011,"Q3","2011/12","Q1","July",2591.85,2630.33,2611.09,38.48,-4.98999999999978
2011-07-12,2011,"Q3","2011/12","Q1","July",2595.22,2618.85,2607.035,23.6300000000001,-4.05500000000029
2011-07-13,2011,"Q3","2011/12","Q1","July",2581.48,2601.51,2591.495,20.0300000000002,-15.54
2011-07-14,2011,"Q3","2011/12","Q1","July",2574.71,2595.06,2584.885,20.3499999999999,-6.60999999999967
2011-07-15,2011,"Q3","2011/12","Q1","July",2552.49,2574.32,2563.405,21.8300000000004,-21.4800000000005
2011-07-18,2011,"Q3","2011/12","Q1","July",2564.29,2586.86,2575.575,22.5700000000002,12.1700000000001
2011-07-19,2011,"Q3","2011/12","Q1","July",2584.94,2604.71,2594.825,19.77,19.25
2011-07-20,2011,"Q3","2011/12","Q1","July",2576.71,2596.71,2586.71,20,-8.11499999999978
2011-07-21,2011,"Q3","2011/12","Q1","July",2580.05,2600.37,2590.21,20.3199999999997,3.5
2011-07-22,2011,"Q3","2011/12","Q1","July",2588.96,2609.41,2599.185,20.4499999999998,8.97499999999991
2011-07-25,2011,"Q3","2011/12","Q1","July",2589.73,2609.78,2599.755,20.0500000000002,0.570000000000164
2011-07-26,2011,"Q3","2011/12","Q1","July",2590.24,2610,2600.12,19.7600000000002,0.364999999999782
2011-07-27,2011,"Q3","2011/12","Q1","July",2590.5,2609.49,2599.995,18.9899999999998,-0.125
2011-07-28,2011,"Q3","2011/12","Q1","July",2592.16,2611.29,2601.725,19.1300000000001,1.73000000000002
2011-07-29,2011,"Q3","2011/12","Q1","July",2600.27,2620.9,2610.585,20.6300000000001,8.86000000000013
2011-08-01,2011,"Q3","2011/12","Q1","August",2622.19,2659.43,2640.81,37.2399999999998,30.2249999999999
2011-08-02,2011,"Q3","2011/12","Q1","August",2633.81,2660.92,2647.365,27.1100000000001,6.55499999999984
2011-08-03,2011,"Q3","2011/12","Q1","August",2636.53,2661.37,2648.95,24.8399999999997,1.58500000000004
2011-08-04,2011,"Q3","2011/12","Q1","August",2657.4,2678.1,2667.75,20.6999999999998,18.8000000000002
2011-08-05,2011,"Q3","2011/12","Q1","August",2661.77,2684.28,2673.025,22.5100000000002,5.27500000000009
2011-08-08,2011,"Q3","2011/12","Q1","August",2665.73,2692.18,2678.955,26.4499999999998,5.92999999999984
2011-08-09,2011,"Q3","2011/12","Q1","August",2701.37,2735.19,2718.28,33.8200000000002,39.3249999999998
2011-08-10,2011,"Q3","2011/12","Q1","August",2720.88,2754.21,2737.545,33.3299999999999,19.2650000000003
2011-08-11,2011,"Q3","2011/12","Q1","August",2741.89,2779.02,2760.455,37.1300000000001,22.9099999999999
2011-08-12,2011,"Q3","2011/12","Q1","August",2777.06,2817.73,2797.395,40.6700000000001,36.9400000000001
2011-08-15,2011,"Q3","2011/12","Q1","August",2766.67,2809.2,2787.935,42.5299999999997,-9.46000000000004
2011-08-16,2011,"Q3","2011/12","Q1","August",2772.3,2809.56,2790.93,37.2599999999998,2.99500000000035
2011-08-17,2011,"Q3","2011/12","Q1","August",2773.96,2806.54,2790.25,32.5799999999999,-0.680000000000291
2011-08-18,2011,"Q3","2011/12","Q1","August",2767.19,2793.29,2780.24,26.0999999999999,-10.0100000000002
2011-08-19,2011,"Q3","2011/12","Q1","August",2763.94,2790.33,2777.135,26.3899999999999,-3.10499999999956
2011-08-22,2011,"Q3","2011/12","Q1","August",2775.07,2785.05,2780.06,9.98000000000002,2.92500000000018
2011-08-23,2011,"Q3","2011/12","Q1","August",2789.36,2802.24,2795.8,12.8799999999997,15.7399999999998
2011-08-24,2011,"Q3","2011/12","Q1","August",2810.25,2824.03,2817.14,13.7800000000002,21.3400000000001
2011-08-25,2011,"Q3","2011/12","Q1","August",2810.24,2819.78,2815.01,9.54000000000042,-2.13000000000011
2011-08-26,2011,"Q3","2011/12","Q1","August",2816.18,2826.19,2821.185,10.0100000000002,6.17499999999973
2011-08-29,2011,"Q3","2011/12","Q1","August",2818.87,2828.68,2823.775,9.80999999999995,2.58999999999969
2011-08-31,2011,"Q3","2011/12","Q1","August",2816.22,2826.04,2821.13,9.82000000000016,-2.64499999999953
2011-09-01,2011,"Q3","2011/12","Q1","September",2816.33,2825.98,2821.155,9.65000000000009,0.0249999999996362
2011-09-02,2011,"Q3","2011/12","Q1","September",2812.89,2822.68,2817.785,9.78999999999996,-3.36999999999989
2011-09-05,2011,"Q3","2011/12","Q1","September",2804.79,2814.79,2809.79,10,-7.99499999999989
2011-09-06,2011,"Q3","2011/12","Q1","September",2807.47,2817.5,2812.485,10.0300000000002,2.69499999999971
2011-09-07,2011,"Q3","2011/12","Q1","September",2808.44,2818.51,2813.475,10.0700000000002,0.990000000000691
2011-09-08,2011,"Q3","2011/12","Q1","September",2795.68,2805.75,2800.715,10.0700000000002,-12.7600000000002
2011-09-09,2011,"Q3","2011/12","Q1","September",2763.38,2773.33,2768.355,9.94999999999982,-32.3600000000001
2011-09-12,2011,"Q3","2011/12","Q1","September",2773.19,2783.19,2778.19,10,9.83500000000004
2011-09-13,2011,"Q3","2011/12","Q1","September",2797.74,2807.71,2802.725,9.97000000000025,24.5349999999999
2011-09-14,2011,"Q3","2011/12","Q1","September",2786.81,2796.77,2791.79,9.96000000000004,-10.9349999999999
2011-09-15,2011,"Q3","2011/12","Q1","September",2778.61,2788.6,2783.605,9.98999999999978,-8.18499999999995
2011-09-16,2011,"Q3","2011/12","Q1","September",2775.81,2785.07,2780.44,9.26000000000022,-3.16499999999996
2011-09-19,2011,"Q3","2011/12","Q1","September",2775.37,2784.99,2780.18,9.61999999999989,-0.260000000000218
2011-09-20,2011,"Q3","2011/12","Q1","September",2785.52,2795.23,2790.375,9.71000000000004,10.1950000000002
2011-09-21,2011,"Q3","2011/12","Q1","September",2785.24,2794.89,2790.065,9.65000000000009,-0.3100000000004
2011-09-22,2011,"Q3","2011/12","Q1","September",2828.44,2838.48,2833.46,10.04,43.3950000000004
2011-09-23,2011,"Q3","2011/12","Q1","September",2870.38801549663,2880.38458365719,2875.38629957691,9.99656816056222,41.9262995769122
2011-09-26,2011,"Q3","2011/12","Q1","September",2859.72456294087,2869.75242410809,2864.73849352448,10.0278611672175,-10.64780605243
2011-09-27,2011,"Q3","2011/12","Q1","September",2840.40789050698,2850.34437660122,2845.3761335541,9.93648609423963,-19.3623599703806
2011-09-28,2011,"Q3","2011/12","Q1","September",2844.931743071,2854.93164291569,2849.93169299334,9.99989984468812,4.55555943924173
2011-09-29,2011,"Q3","2011/12","Q1","September",2848.41386769425,2858.29989966433,2853.35688367929,9.88603197007797,3.42519068594993
2011-09-30,2011,"Q3","2011/12","Q1","September",2840.0334605199,2850.03333937843,2845.03339994917,9.99987885852306,-8.32348373012746
2011-10-03,2011,"Q4","2011/12","Q2","October",2851.36554607528,2861.31905639401,2856.34230123465,9.95351031872633,11.3089012854794
2011-10-04,2011,"Q4","2011/12","Q2","October",2860.01740818904,2869.85893542279,2864.93817180592,9.84152723375655,8.59587057127146
2011-10-05,2011,"Q4","2011/12","Q2","October",2851.15,2861.06,2856.105,9.90999999999985,-8.83317180591666
2011-10-06,2011,"Q4","2011/12","Q2","October",2852.88,2862.77,2857.825,9.88999999999987,1.7199999999998
2011-10-07,2011,"Q4","2011/12","Q2","October",2861.37,2871.34,2866.355,9.97000000000025,8.5300000000002
2011-10-10,2011,"Q4","2011/12","Q2","October",2864.11,2874.11,2869.11,10,2.75500000000011
2011-10-11,2011,"Q4","2011/12","Q2","October",2872.66,2882.72,2877.69,10.0599999999999,8.57999999999947
2011-10-12,2011,"Q4","2011/12","Q2","October",2877.21,2887.22,2882.215,10.0099999999998,4.52500000000055
2011-10-13,2011,"Q4","2011/12","Q2","October",2863.4,2873.39,2868.395,9.98999999999978,-13.8200000000002
2011-10-14,2011,"Q4","2011/12","Q2","October",2840.04,2850.04,2845.04,10,-23.355
2011-10-17,2011,"Q4","2011/12","Q2","October",2849.37,2859.37,2854.37,10,9.32999999999993
2011-10-18,2011,"Q4","2011/12","Q2","October",2840.01,2849.99,2845,9.97999999999956,-9.36999999999989
2011-10-19,2011,"Q4","2011/12","Q2","October",2830.21,2840.19,2835.2,9.98000000000002,-9.80000000000018
2011-10-20,2011,"Q4","2011/12","Q2","October",2837.32,2847.18,2842.25,9.85999999999967,7.05000000000018
2011-10-21,2011,"Q4","2011/12","Q2","October",2823.75,2833.7,2828.725,9.94999999999982,-13.5250000000001
2011-10-24,2011,"Q4","2011/12","Q2","October",2799.16,2809.11,2804.135,9.95000000000027,-24.5899999999997
2011-10-25,2011,"Q4","2011/12","Q2","October",2733.92,2744.1,2739.01,10.1799999999998,-65.125
2011-10-26,2011,"Q4","2011/12","Q2","October",2671.73,2681.85,2676.79,10.1199999999999,-62.2200000000003
2011-10-27,2011,"Q4","2011/12","Q2","October",2635.07,2645.08,2640.075,10.0099999999998,-36.7150000000001
2011-10-28,2011,"Q4","2011/12","Q2","October",2604.72,2614.71,2609.715,9.99000000000024,-30.3599999999997
2011-10-31,2011,"Q4","2011/12","Q2","October",2588.4,2598.4,2593.4,10,-16.3150000000001
2011-11-01,2011,"Q4","2011/12","Q2","November",2577.66,2587.66,2582.66,10,-10.7400000000002
2011-11-02,2011,"Q4","2011/12","Q2","November",2621,2631.02,2626.01,10.02,43.3500000000004
2011-11-03,2011,"Q4","2011/12","Q2","November",2590.03,2600.45,2595.24,10.4199999999996,-30.7700000000004
2011-11-04,2011,"Q4","2011/12","Q2","November",2618.62,2628.59,2623.605,9.97000000000025,28.3650000000002
2011-11-07,2011,"Q4","2011/12","Q2","November",2608.26,2618.24,2613.25,9.97999999999956,-10.355
2011-11-08,2011,"Q4","2011/12","Q2","November",2585.05,2595.04,2590.045,9.98999999999978,-23.2049999999999
2011-11-09,2011,"Q4","2011/12","Q2","November",2584.01,2594.01,2589.01,10,-1.03499999999985
2011-11-10,2011,"Q4","2011/12","Q2","November",2599.78,2609.67,2604.725,9.88999999999987,15.7150000000001
2011-11-11,2011,"Q4","2011/12","Q2","November",2598.92,2608.91,2603.915,9.98999999999978,-0.8100000000004
2011-11-14,2011,"Q4","2011/12","Q2","November",2588.57,2598.53,2593.55,9.96000000000004,-10.3649999999998
2011-11-15,2011,"Q4","2011/12","Q2","November",2584.58,2594.51,2589.545,9.93000000000029,-4.00500000000011
2011-11-16,2011,"Q4","2011/12","Q2","November",2586.56,2596.56,2591.56,10,2.01499999999987
2011-11-17,2011,"Q4","2011/12","Q2","November",2575.07,2585.02,2580.045,9.94999999999982,-11.5149999999999
2011-11-18,2011,"Q4","2011/12","Q2","November",2536.34,2546.32,2541.33,9.98000000000002,-38.7150000000001
2011-11-21,2011,"Q4","2011/12","Q2","November",2505.28,2515.3,2510.29,10.02,-31.04
2011-11-22,2011,"Q4","2011/12","Q2","November",2518.23,2528.13,2523.18,9.90000000000009,12.8900000000003
2011-11-23,2011,"Q4","2011/12","Q2","November",2544.55,2554.48,2549.515,9.92999999999984,26.335
2011-11-24,2011,"Q4","2011/12","Q2","November",2584,2594.14,2589.07,10.1399999999999,39.5549999999994
2011-11-25,2011,"Q4","2011/12","Q2","November",2590.8,2600.79,2595.795,9.98999999999978,6.72500000000036
2011-11-28,2011,"Q4","2011/12","Q2","November",2579.03,2589.05,2584.04,10.02,-11.7550000000001
2011-11-29,2011,"Q4","2011/12","Q2","November",2560.31,2570.26,2565.285,9.95000000000027,-18.7550000000001
2011-11-30,2011,"Q4","2011/12","Q2","November",2561.22,2571.25,2566.235,10.0300000000002,0.949999999999818
2011-12-01,2011,"Q4","2011/12","Q2","December",2541.89,2551.74,2546.815,9.84999999999991,-19.4200000000001
2011-12-02,2011,"Q4","2011/12","Q2","December",2520.54,2530.49,2525.515,9.94999999999982,-21.2999999999997
2011-12-05,2011,"Q4","2011/12","Q2","December",2502.02,2511.89,2506.955,9.86999999999989,-18.5599999999999
2011-12-06,2011,"Q4","2011/12","Q2","December",2489.52,2499.34,2494.43,9.82000000000016,-12.5249999999996
2011-12-07,2011,"Q4","2011/12","Q2","December",2485.49,2495.28,2490.385,9.79000000000042,-4.04500000000007
2011-12-08,2011,"Q4","2011/12","Q2","December",2462.07,2472.05,2467.06,9.98000000000002,-23.3249999999998
2011-12-09,2011,"Q4","2011/12","Q2","December",2460.73,2470.76,2465.745,10.0300000000002,-1.31500000000051
2011-12-12,2011,"Q4","2011/12","Q2","December",2445.15,2455.1,2450.125,9.94999999999982,-15.6199999999999
2011-12-13,2011,"Q4","2011/12","Q2","December",2429.31,2439.4,2434.355,10.0900000000001,-15.77
2011-12-14,2011,"Q4","2011/12","Q2","December",2388.81,2398.76,2393.785,9.95000000000027,-40.5700000000002
2011-12-15,2011,"Q4","2011/12","Q2","December",2378.42,2388.38,2383.4,9.96000000000004,-10.3849999999998
2011-12-16,2011,"Q4","2011/12","Q2","December",2378.69,2388.58,2383.635,9.88999999999987,0.235000000000127
2011-12-19,2011,"Q4","2011/12","Q2","December",2362.33,2372.09,2367.21,9.76000000000022,-16.4250000000002
2011-12-20,2011,"Q4","2011/12","Q2","December",2358.72,2368.52,2363.62,9.80000000000018,-3.59000000000015
2011-12-21,2011,"Q4","2011/12","Q2","December",2363.28,2373.13,2368.205,9.84999999999991,4.58500000000004
2011-12-22,2011,"Q4","2011/12","Q2","December",2406.06,2416.06,2411.06,10,42.855
2011-12-23,2011,"Q4","2011/12","Q2","December",2440.11,2450.22,2445.165,10.1099999999997,34.105
2011-12-27,2011,"Q4","2011/12","Q2","December",2430.26,2440.23,2435.245,9.9699999999998,-9.92000000000007
2011-12-28,2011,"Q4","2011/12","Q2","December",2463.23,2473.21,2468.22,9.98000000000002,32.9750000000004
2011-12-29,2011,"Q4","2011/12","Q2","December",2488.29,2498.27,2493.28,9.98000000000002,25.0599999999995
2011-12-30,2011,"Q4","2011/12","Q2","December",2485.96,2496.02,2490.99,10.0599999999999,-2.28999999999996
2012-01-02,2012,"Q1","2011/12","Q3","January",2466.85,2476.87,2471.86,10.02,-19.1300000000001
2012-01-03,2012,"Q1","2011/12","Q3","January",2445.68,2455.55,2450.615,9.87000000000035,-21.2449999999999
2012-01-04,2012,"Q1","2011/12","Q3","January",2446.8,2456.69,2451.745,9.88999999999987,1.13000000000011
2012-01-05,2012,"Q1","2011/12","Q3","January",2449.78,2459.75,2454.765,9.9699999999998,3.02000000000044
2012-01-06,2012,"Q1","2011/12","Q3","January",2449.36,2459.31,2454.335,9.94999999999982,-0.430000000000291
2012-01-09,2012,"Q1","2011/12","Q3","January",2456.87,2469.88,2463.375,13.0100000000002,9.03999999999996
2012-01-10,2012,"Q1","2011/12","Q3","January",2454.42,2464.48,2459.45,10.0599999999999,-3.92500000000018
2012-01-11,2012,"Q1","2011/12","Q3","January",2449.91,2459.92,2454.915,10.0100000000002,-4.53499999999985
2012-01-12,2012,"Q1","2011/12","Q3","January",2445.18,2455.21,2450.195,10.0300000000002,-4.72000000000025
2012-01-13,2012,"Q1","2011/12","Q3","January",2407.34,2417.35,2412.345,10.0099999999998,-37.8499999999995
2012-01-16,2012,"Q1","2011/12","Q3","January",2419.45,2429.44,2424.445,9.99000000000024,12.0999999999995
2012-01-17,2012,"Q1","2011/12","Q3","January",2405.18,2415.15,2410.165,9.97000000000025,-14.2799999999997
2012-01-18,2012,"Q1","2011/12","Q3","January",2399.11,2409.01,2404.06,9.90000000000009,-6.10499999999956
2012-01-19,2012,"Q1","2011/12","Q3","January",2394.61,2404.57,2399.59,9.96000000000004,-4.47000000000025
2012-01-20,2012,"Q1","2011/12","Q3","January",2391.42,2401.39,2396.405,9.9699999999998,-3.1850000000004
2012-01-23,2012,"Q1","2011/12","Q3","January",2383.31,2393.29,2388.3,9.98000000000002,-8.10499999999956
2012-01-24,2012,"Q1","2011/12","Q3","January",2370.07,2380.07,2375.07,10,-13.23
2012-01-25,2012,"Q1","2011/12","Q3","January",2359.91,2369.9,2364.905,9.99000000000024,-10.1650000000004
2012-01-27,2012,"Q1","2011/12","Q3","January",2340.27,2350.29,2345.28,10.02,-19.625
2012-01-30,2012,"Q1","2011/12","Q3","January",2334.41,2344.4,2339.405,9.99000000000024,-5.875
2012-01-31,2012,"Q1","2011/12","Q3","January",2321.87,2331.79,2326.83,9.92000000000007,-12.5749999999998
2012-02-01,2012,"Q1","2011/12","Q3","February",2315.72,2325.62,2320.67,9.90000000000009,-6.15999999999985
2012-02-02,2012,"Q1","2011/12","Q3","February",2320.73,2330.71,2325.72,9.98000000000002,5.05000000000018
2012-02-03,2012,"Q1","2011/12","Q3","February",2311.74,2321.74,2316.74,10,-8.98000000000047
2012-02-06,2012,"Q1","2011/12","Q3","February",2312.63,2322.66,2317.645,10.0299999999997,0.9050000000002
2012-02-07,2012,"Q1","2011/12","Q3","February",2305.63,2315.64,2310.635,10.0099999999998,-7.00999999999976
2012-02-08,2012,"Q1","2011/12","Q3","February",2304.98,2314.98,2309.98,10,-0.6550000000002
2012-02-09,2012,"Q1","2011/12","Q3","February",2312.89,2322.69,2317.79,9.80000000000018,7.80999999999995
2012-02-10,2012,"Q1","2011/12","Q3","February",2310.96,2320.81,2315.885,9.84999999999991,-1.90499999999975
2012-02-13,2012,"Q1","2011/12","Q3","February",2303.03,2313,2308.015,9.9699999999998,-7.86999999999989
2012-02-14,2012,"Q1","2011/12","Q3","February",2307.3,2317.24,2312.27,9.9399999999996,4.25499999999965
2012-02-15,2012,"Q1","2011/12","Q3","February",2313.56,2323.5,2318.53,9.94000000000005,6.25999999999976
2012-02-16,2012,"Q1","2011/12","Q3","February",2315.35,2325.19,2320.27,9.84000000000015,1.74000000000024
2012-02-17,2012,"Q1","2011/12","Q3","February",2313.69,2323.47,2318.58,9.77999999999975,-1.69000000000005
2012-02-20,2012,"Q1","2011/12","Q3","February",2319.22,2329.03,2324.125,9.8100000000004,5.54500000000007
2012-02-21,2012,"Q1","2011/12","Q3","February",2335.22,2345.2,2340.21,9.98000000000002,16.085
2012-02-22,2012,"Q1","2011/12","Q3","February",2328.46,2338.41,2333.435,9.94999999999982,-6.77500000000009
2012-02-23,2012,"Q1","2011/12","Q3","February",2331.31,2341.19,2336.25,9.88000000000011,2.81500000000005
2012-02-24,2012,"Q1","2011/12","Q3","February",2334.89,2344.66,2339.775,9.76999999999998,3.52499999999964
2012-02-27,2012,"Q1","2011/12","Q3","February",2358.06,2367.99,2363.025,9.92999999999984,23.25
2012-02-28,2012,"Q1","2011/12","Q3","February",2360.3,2370.27,2365.285,9.9699999999998,2.26000000000022
2012-02-29,2012,"Q1","2011/12","Q3","February",2367.63,2377.41,2372.52,9.77999999999975,7.23500000000013
2012-03-01,2012,"Q1","2011/12","Q3","March",2385.42,2395.35,2390.385,9.92999999999984,17.8650000000002
2012-03-02,2012,"Q1","2011/12","Q3","March",2441.69,2451.69,2446.69,10,56.3049999999998
2012-03-05,2012,"Q1","2011/12","Q3","March",2548.35,2558.34,2553.345,9.99000000000024,106.655
2012-03-06,2012,"Q1","2011/12","Q3","March",2572.67,2582.68,2577.675,10.0099999999998,24.3299999999999
2012-03-07,2012,"Q1","2011/12","Q3","March",2453.08,2466.25,2459.665,13.1700000000001,-118.01
2012-03-09,2012,"Q1","2011/12","Q3","March",2444.03,2454.11,2449.07,10.0799999999999,-10.5949999999998
2012-03-12,2012,"Q1","2011/12","Q3","March",2444.83,2454.79,2449.81,9.96000000000004,0.739999999999782
2012-03-13,2012,"Q1","2011/12","Q3","March",2455.47,2465.43,2460.45,9.96000000000004,10.6399999999999
2012-03-14,2012,"Q1","2011/12","Q3","March",2461.34,2471.23,2466.285,9.88999999999987,5.83500000000004
2012-03-15,2012,"Q1","2011/12","Q3","March",2463.76,2473.67,2468.715,9.90999999999985,2.43000000000029
2012-03-16,2012,"Q1","2011/12","Q3","March",2479.82,2484.81,2482.315,4.98999999999978,13.5999999999999
2012-03-19,2012,"Q1","2011/12","Q3","March",2478.2,2488.12,2483.16,9.92000000000007,0.8449999999998
2012-03-20,2012,"Q1","2011/12","Q3","March",2471.7,2481.62,2476.66,9.92000000000007,-6.5
2012-03-21,2012,"Q1","2011/12","Q3","March",2481.07,2491.05,2486.06,9.98000000000002,9.40000000000055
2012-03-22,2012,"Q1","2011/12","Q3","March",2484.67,2494.67,2489.67,10,3.60999999999967
2012-03-23,2012,"Q1","2011/12","Q3","March",2484.88,2494.87,2489.875,9.98999999999978,0.204999999999927
2012-03-26,2012,"Q1","2011/12","Q3","March",2504.89,2509.82,2507.355,4.93000000000029,17.48
2012-03-27,2012,"Q1","2011/12","Q3","March",2501.89,2511.48,2506.685,9.59000000000015,-0.670000000000073
2012-03-28,2012,"Q1","2011/12","Q3","March",2498.33,2508.16,2503.245,9.82999999999993,-3.44000000000005
2012-03-29,2012,"Q1","2011/12","Q3","March",2514.83,2524.82,2519.825,9.99000000000024,16.5799999999999
2012-03-30,2012,"Q1","2011/12","Q3","March",2513.5,2523.38,2518.44,9.88000000000011,-1.38499999999976
2012-04-02,2012,"Q2","2011/12","Q4","April",2514.61,2524.53,2519.57,9.92000000000007,1.13000000000011
2012-04-03,2012,"Q2","2011/12","Q4","April",2497.98,2507.72,2502.85,9.73999999999978,-16.7200000000003
2012-04-04,2012,"Q2","2011/12","Q4","April",2483.65,2493.29,2488.47,9.63999999999987,-14.3799999999997
2012-04-05,2012,"Q2","2011/12","Q4","April",2479.37,2489.16,2484.265,9.78999999999996,-4.20500000000038
2012-04-10,2012,"Q2","2011/12","Q4","April",2482.97,2492.9,2487.935,9.93000000000029,3.67000000000007
2012-04-11,2012,"Q2","2011/12","Q4","April",2492.79,2502.76,2497.775,9.97000000000025,9.84000000000015
2012-04-12,2012,"Q2","2011/12","Q4","April",2506.73,2516.61,2511.67,9.88000000000011,13.895
2012-04-13,2012,"Q2","2011/12","Q4","April",2510.17,2520.1,2515.135,9.92999999999984,3.46500000000015
2012-04-16,2012,"Q2","2011/12","Q4","April",2496.89,2506.89,2501.89,10,-13.2450000000003
2012-04-17,2012,"Q2","2011/12","Q4","April",2500.22,2510.12,2505.17,9.90000000000009,3.2800000000002
2012-04-18,2012,"Q2","2011/12","Q4","April",2509.87,2519.85,2514.86,9.98000000000002,9.6899999999996
2012-04-19,2012,"Q2","2011/12","Q4","April",2508.71,2518.53,2513.62,9.82000000000016,-1.23999999999978
2012-04-20,2012,"Q2","2011/12","Q4","April",2509.93,2519.82,2514.875,9.89000000000033,1.25500000000011
2012-04-23,2012,"Q2","2011/12","Q4","April",2509.38,2519.21,2514.295,9.82999999999993,-0.579999999999927
2012-04-24,2012,"Q2","2011/12","Q4","April",2507.76,2517.51,2512.635,9.75,-1.65999999999985
2012-04-25,2012,"Q2","2011/12","Q4","April",2505.88,2515.84,2510.86,9.96000000000004,-1.77500000000009
2012-04-26,2012,"Q2","2011/12","Q4","April",2504.85,2514.46,2509.655,9.61000000000013,-1.20500000000038
2012-04-27,2012,"Q2","2011/12","Q4","April",2501.99,2511.56,2506.775,9.57000000000016,-2.88000000000011
2012-04-30,2012,"Q2","2011/12","Q4","April",2500.92,2510.55,2505.735,9.63000000000011,-1.03999999999951
2012-05-02,2012,"Q2","2011/12","Q4","May",2489.09,2499.11,2494.1,10.02,-11.6349999999998
2012-05-03,2012,"Q2","2011/12","Q4","May",2465.75,2477.69,2471.72,11.9400000000001,-22.3800000000001
2012-05-04,2012,"Q2","2011/12","Q4","May",2450.84,2460.84,2455.84,10,-15.8800000000001
2012-05-07,2012,"Q2","2011/12","Q4","May",2473.74124609889,2483.77339800975,2478.75732205432,10.0321519108597,22.9173220543153
2012-05-08,2012,"Q2","2011/12","Q4","May",2475.7668271113,2485.84668643923,2480.80675677527,10.0798593279255,2.04943472095238
2012-05-09,2012,"Q2","2011/12","Q4","May",2468.099720347,2478.00712114534,2473.05342074617,9.9074007983404,-7.75333602910268
2012-05-10,2012,"Q2","2011/12","Q4","May",2474.54062235277,2484.49400413998,2479.51731324638,9.95338178720294,6.46389250021002
2012-05-11,2012,"Q2","2011/12","Q4","May",2467.06,2476.82,2471.94,9.76000000000022,-7.57731324637507
2012-05-14,2012,"Q2","2011/12","Q4","May",2461.75,2471.72,2466.735,9.9699999999998,-5.20500000000038
2012-05-15,2012,"Q2","2011/12","Q4","May",2470.25,2480.26,2475.255,10.0100000000002,8.52000000000044
2012-05-16,2012,"Q2","2011/12","Q4","May",2489.72,2499.61,2494.665,9.89000000000033,19.4099999999999
2012-05-17,2012,"Q2","2011/12","Q4","May",2471.59,2481.58,2476.585,9.98999999999978,-18.0799999999999
2012-05-18,2012,"Q2","2011/12","Q4","May",2470.82,2480.59,2475.705,9.76999999999998,-0.880000000000109
2012-05-21,2012,"Q2","2011/12","Q4","May",2469.77,2479.77,2474.77,10,-0.934999999999945
2012-05-22,2012,"Q2","2011/12","Q4","May",2473.26,2483.22,2478.24,9.95999999999958,3.4699999999998
2012-05-23,2012,"Q2","2011/12","Q4","May",2476.45,2486.4,2481.425,9.95000000000027,3.1850000000004
2012-05-24,2012,"Q2","2011/12","Q4","May",2488.77,2498.55,2493.66,9.7800000000002,12.2349999999997
2012-05-25,2012,"Q2","2011/12","Q4","May",2481.29,2490.72,2486.005,9.42999999999984,-7.65499999999975
2012-05-28,2012,"Q2","2011/12","Q4","May",2473.86,2483.63,2478.745,9.76999999999998,-7.26000000000022
2012-05-29,2012,"Q2","2011/12","Q4","May",2475.2,2484.82,2480.01,9.62000000000035,1.26500000000033
2012-05-30,2012,"Q2","2011/12","Q4","May",2478.64,2488.58,2483.61,9.94000000000005,3.59999999999945
2012-05-31,2012,"Q2","2011/12","Q4","May",2483.1,2492.94,2488.02,9.84000000000015,4.41000000000031
2012-06-01,2012,"Q2","2011/12","Q4","June",2497.45,2507.44,2502.445,9.99000000000024,14.4249999999997
2012-06-04,2012,"Q2","2011/12","Q4","June",2493.99,2503.99,2498.99,10,-3.45499999999993
2012-06-05,2012,"Q2","2011/12","Q4","June",2485.8,2495.51,2490.655,9.71000000000004,-8.33499999999958
2012-06-06,2012,"Q2","2011/12","Q4","June",2482.4,2492.06,2487.23,9.65999999999985,-3.42500000000018
2012-06-07,2012,"Q2","2011/12","Q4","June",2474.81,2484.36,2479.585,9.55000000000018,-7.64499999999998
2012-06-08,2012,"Q2","2011/12","Q4","June",2475.55,2485.49,2480.52,9.9399999999996,0.934999999999945
2012-06-11,2012,"Q2","2011/12","Q4","June",2481.45,2491.38,2486.415,9.93000000000029,5.89499999999998
2012-06-12,2012,"Q2","2011/12","Q4","June",2486.75,2496.62,2491.685,9.86999999999989,5.26999999999998
2012-06-13,2012,"Q2","2011/12","Q4","June",2488.21,2498.03,2493.12,9.82000000000016,1.43499999999995
2012-06-14,2012,"Q2","2011/12","Q4","June",2488.39,2498.02,2493.205,9.63000000000011,0.0850000000000364
2012-06-15,2012,"Q2","2011/12","Q4","June",2495.58,2505.42,2500.5,9.84000000000015,7.29500000000007
2012-06-18,2012,"Q2","2011/12","Q4","June",2487.77,2497.42,2492.595,9.65000000000009,-7.90499999999975
2012-06-19,2012,"Q2","2011/12","Q4","June",2484.41,2494.11,2489.26,9.70000000000027,-3.33500000000004
2012-06-20,2012,"Q2","2011/12","Q4","June",2480.63,2490.67,2485.65,10.04,-3.61000000000013
2012-06-21,2012,"Q2","2011/12","Q4","June",2472.78,2482.8,2477.79,10.02,-7.86000000000013
2012-06-22,2012,"Q2","2011/12","Q4","June",2463.05,2473.09,2468.07,10.04,-9.7199999999998
2012-06-25,2012,"Q2","2011/12","Q4","June",2463.18,2473.23,2468.205,10.0500000000002,0.134999999999764
2012-06-26,2012,"Q2","2011/12","Q4","June",2463.29,2473.18,2468.235,9.88999999999987,0.0299999999997453
2012-06-27,2012,"Q2","2011/12","Q4","June",2466.78,2476.73,2471.755,9.94999999999982,3.52000000000044
2012-06-28,2012,"Q2","2011/12","Q4","June",2468.27,2478.21,2473.24,9.94000000000005,1.48499999999967
2012-06-29,2012,"Q2","2011/12","Q4","June",2467.54,2477.18,2472.36,9.63999999999987,-0.880000000000109
2012-07-02,2012,"Q3","2012/13","Q1","July",2472.23,2482.21,2477.22,9.98000000000002,4.86000000000058
2012-07-03,2012,"Q3","2012/13","Q1","July",2470.63,2480.36,2475.495,9.73000000000002,-1.72500000000036
2012-07-04,2012,"Q3","2012/13","Q1","July",2468,2478.33,2473.165,10.3299999999999,-2.32999999999993
2012-07-05,2012,"Q3","2012/13","Q1","July",2469.13,2479.02,2474.075,9.88999999999987,0.909999999999854
2012-07-06,2012,"Q3","2012/13","Q1","July",2471.72,2481.66,2476.69,9.94000000000005,2.61499999999978
2012-07-09,2012,"Q3","2012/13","Q1","July",2471.6,2481.57,2476.585,9.97000000000025,-0.104999999999563
2012-07-10,2012,"Q3","2012/13","Q1","July",2466.49,2476.39,2471.44,9.90000000000009,-5.14500000000044
2012-07-11,2012,"Q3","2012/13","Q1","July",2466.29,2476.2,2471.245,9.90999999999985,-0.194999999999709
2012-07-12,2012,"Q3","2012/13","Q1","July",2472.86,2482.69,2477.775,9.82999999999993,6.5300000000002
2012-07-13,2012,"Q3","2012/13","Q1","July",2469.27,2478.44,2473.855,9.17000000000007,-3.92000000000007
2012-07-16,2012,"Q3","2012/13","Q1","July",2467.23,2476.69,2471.96,9.46000000000004,-1.89499999999998
2012-07-17,2012,"Q3","2012/13","Q1","July",2465.41,2475.08,2470.245,9.67000000000007,-1.71500000000015
2012-07-18,2012,"Q3","2012/13","Q1","July",2464.52,2474.31,2469.415,9.78999999999996,-0.829999999999927
2012-07-19,2012,"Q3","2012/13","Q1","July",2464.21,2473.88,2469.045,9.67000000000007,-0.369999999999891
2012-07-20,2012,"Q3","2012/13","Q1","July",2464.29,2473.59,2468.94,9.30000000000018,-0.105000000000018
2012-07-23,2012,"Q3","2012/13","Q1","July",2463.98,2473.27,2468.625,9.28999999999996,-0.315000000000055
2012-07-24,2012,"Q3","2012/13","Q1","July",2468.68,2478.53,2473.605,9.85000000000036,4.98000000000002
2012-07-25,2012,"Q3","2012/13","Q1","July",2474.34,2484.21,2479.275,9.86999999999989,5.67000000000007
2012-07-26,2012,"Q3","2012/13","Q1","July",2471.89,2481.63,2476.76,9.74000000000024,-2.51499999999987
2012-07-27,2012,"Q3","2012/13","Q1","July",2474.57,2484.27,2479.42,9.69999999999982,2.65999999999985
2012-07-30,2012,"Q3","2012/13","Q1","July",2473.61,2483.17,2478.39,9.55999999999995,-1.02999999999975
2012-07-31,2012,"Q3","2012/13","Q1","July",2473.79,2483.69,2478.74,9.90000000000009,0.349999999999454
2012-08-01,2012,"Q3","2012/13","Q1","August",2475.84185548658,2485.74207623469,2480.79196586063,9.90022074811486,2.05196586063266
2012-08-02,2012,"Q3","2012/13","Q1","August",2484.13,2494.03,2489.08,9.90000000000009,8.28803413936748
2012-08-03,2012,"Q3","2012/13","Q1","August",2483.72,2493.28,2488.5,9.5600000000004,-0.579999999999927
2012-08-06,2012,"Q3","2012/13","Q1","August",2479.44,2489.27,2484.355,9.82999999999993,-4.14499999999998
2012-08-07,2012,"Q3","2012/13","Q1","August",2474.69,2484.29,2479.49,9.59999999999991,-4.86500000000024
2012-08-08,2012,"Q3","2012/13","Q1","August",2474.56,2483.86,2479.21,9.30000000000018,-0.279999999999745
2012-08-09,2012,"Q3","2012/13","Q1","August",2475.21,2484.86,2480.035,9.65000000000009,0.824999999999818
2012-08-10,2012,"Q3","2012/13","Q1","August",2476.18,2485.61,2480.895,9.43000000000029,0.860000000000127
2012-08-13,2012,"Q3","2012/13","Q1","August",2475.68,2485.31,2480.495,9.63000000000011,-0.400000000000091
2012-08-14,2012,"Q3","2012/13","Q1","August",2475.54,2485.31,2480.425,9.76999999999998,-0.069999999999709
2012-08-15,2012,"Q3","2012/13","Q1","August",2477.68,2487.67,2482.675,9.99000000000024,2.25
2012-08-16,2012,"Q3","2012/13","Q1","August",2479.61,2489.54,2484.575,9.92999999999984,1.89999999999964
2012-08-17,2012,"Q3","2012/13","Q1","August",2483.68,2493.3,2488.49,9.62000000000035,3.91499999999996
2012-08-20,2012,"Q3","2012/13","Q1","August",2483.6,2492.89,2488.245,9.28999999999996,-0.244999999999891
2012-08-21,2012,"Q3","2012/13","Q1","August",2485.45,2495.12,2490.285,9.67000000000007,2.03999999999996
2012-08-22,2012,"Q3","2012/13","Q1","August",2490.83,2500.99,2495.91,10.1599999999999,5.625
2012-08-23,2012,"Q3","2012/13","Q1","August",2511.79,2521.34,2516.565,9.55000000000018,20.6550000000002
2012-08-24,2012,"Q3","2012/13","Q1","August",2522.49,2532.38,2527.435,9.89000000000033,10.8699999999999
2012-08-27,2012,"Q3","2012/13","Q1","August",2514.64,2524.58,2519.61,9.94000000000005,-7.82500000000027
2012-08-28,2012,"Q3","2012/13","Q1","August",2491.27,2501.14,2496.205,9.86999999999989,-23.4049999999997
2012-08-29,2012,"Q3","2012/13","Q1","August",2490.4,2500.42,2495.41,10.02,-0.795000000000073
2012-08-30,2012,"Q3","2012/13","Q1","August",2495.15,2504.19,2499.67,9.03999999999996,4.26000000000022
2012-08-31,2012,"Q3","2012/13","Q1","August",2503.55,2513.5,2508.525,9.94999999999982,8.85500000000002
2012-09-03,2012,"Q3","2012/13","Q1","September",2506.51,2516.41,2511.46,9.89999999999964,2.93499999999995
2012-09-04,2012,"Q3","2012/13","Q1","September",2507.06,2517.15,2512.105,10.0900000000001,0.644999999999982
2012-09-05,2012,"Q3","2012/13","Q1","September",2510.15,2520.2,2515.175,10.0499999999997,3.07000000000016
2012-09-06,2012,"Q3","2012/13","Q1","September",2510.95,2520.86,2515.905,9.91000000000031,0.729999999999563
2012-09-07,2012,"Q3","2012/13","Q1","September",2505.78,2515.8,2510.79,10.02,-5.11499999999978
2012-09-10,2012,"Q3","2012/13","Q1","September",2497.97,2507.81,2502.89,9.84000000000015,-7.90000000000009
2012-09-11,2012,"Q3","2012/13","Q1","September",2499.72,2509.61,2504.665,9.89000000000033,1.77500000000009
2012-09-12,2012,"Q3","2012/13","Q1","September",2500.34,2510.01,2505.175,9.67000000000007,0.510000000000218
2012-09-13,2012,"Q3","2012/13","Q1","September",2500.73,2510.44,2505.585,9.71000000000004,0.409999999999854
2012-09-14,2012,"Q3","2012/13","Q1","September",2500.41,2510.31,2505.36,9.90000000000009,-0.225000000000364
2012-09-17,2012,"Q3","2012/13","Q1","September",2500.08,2509.77,2504.925,9.69000000000005,-0.434999999999491
2012-09-18,2012,"Q3","2012/13","Q1","September",2502.25,2511.99,2507.12,9.73999999999978,2.19499999999971
2012-09-19,2012,"Q3","2012/13","Q1","September",2505.96,2515.56,2510.76,9.59999999999991,3.64000000000033
2012-09-20,2012,"Q3","2012/13","Q1","September",2514.56,2524.43,2519.495,9.86999999999989,8.73499999999967
2012-09-21,2012,"Q3","2012/13","Q1","September",2519.7,2529.57,2524.635,9.87000000000035,5.14000000000033
2012-09-24,2012,"Q3","2012/13","Q1","September",2519.84,2529.52,2524.68,9.67999999999984,0.0450000000000728
2012-09-25,2012,"Q3","2012/13","Q1","September",2520.09,2529.46,2524.775,9.36999999999989,0.0949999999997999
2012-09-26,2012,"Q3","2012/13","Q1","September",2526.06,2535.78,2530.92,9.72000000000025,6.14499999999998
2012-09-27,2012,"Q3","2012/13","Q1","September",2531.09,2540.7,2535.895,9.60999999999967,4.97499999999991
2012-09-28,2012,"Q3","2012/13","Q1","September",2540.25,2550.2,2545.225,9.94999999999982,9.32999999999993
2012-10-01,2012,"Q4","2012/13","Q2","October",2551.45,2561.42,2556.435,9.97000000000025,11.21
2012-10-02,2012,"Q4","2012/13","Q2","October",2559.38,2569.33,2564.355,9.94999999999982,7.92000000000007
2012-10-03,2012,"Q4","2012/13","Q2","October",2558.58,2568.26,2563.42,9.68000000000029,-0.934999999999945
2012-10-04,2012,"Q4","2012/13","Q2","October",2550.38,2560.12,2555.25,9.73999999999978,-8.17000000000007
2012-10-05,2012,"Q4","2012/13","Q2","October",2559.17,2569.19,2564.18,10.02,8.93000000000029
2012-10-08,2012,"Q4","2012/13","Q2","October",2566.26,2576.29,2571.275,10.0299999999997,7.0949999999998
2012-10-10,2012,"Q4","2012/13","Q2","October",2581.84,2591.62,2586.73,9.77999999999975,15.4549999999999
2012-10-11,2012,"Q4","2012/13","Q2","October",2592.11,2602.04,2597.075,9.92999999999984,10.3449999999998
2012-10-12,2012,"Q4","2012/13","Q2","October",2590,2600,2595,10,-2.07499999999982
2012-10-15,2012,"Q4","2012/13","Q2","October",2586.11,2596.03,2591.07,9.92000000000007,-3.92999999999984
2012-10-16,2012,"Q4","2012/13","Q2","October",2575.72,2585.43,2580.575,9.71000000000004,-10.4950000000003
2012-10-17,2012,"Q4","2012/13","Q2","October",2575.73,2585.43,2580.58,9.69999999999982,0.00500000000010914
2012-10-18,2012,"Q4","2012/13","Q2","October",2575.19,2585.12,2580.155,9.92999999999984,-0.425000000000182
2012-10-19,2012,"Q4","2012/13","Q2","October",2575.29,2584.99,2580.14,9.69999999999982,-0.0149999999998727
2012-10-22,2012,"Q4","2012/13","Q2","October",2575.45,2584.95,2580.2,9.5,0.0599999999999454
2012-10-23,2012,"Q4","2012/13","Q2","October",2574.43,2584.19,2579.31,9.76000000000022,-0.889999999999873
2012-10-24,2012,"Q4","2012/13","Q2","October",2584.56488521283,2594.40585891772,2589.48537206527,9.84097370489462,10.1753720652737
2012-10-25,2012,"Q4","2012/13","Q2","October",2584.57,2594.31,2589.44,9.73999999999978,-0.0453720652735683
2012-10-29,2012,"Q4","2012/13","Q2","October",2584.11,2593.77,2588.94,9.65999999999985,-0.5
2012-10-30,2012,"Q4","2012/13","Q2","October",2584.06,2593.88,2588.97,9.82000000000016,0.0300000000002001
2012-10-31,2012,"Q4","2012/13","Q2","October",2580.58,2590.23,2585.405,9.65000000000009,-3.56500000000051
2012-11-01,2012,"Q4","2012/13","Q2","November",2575.57,2585.47,2580.52,9.89999999999964,-4.88499999999976
2012-11-02,2012,"Q4","2012/13","Q2","November",2575.56,2585.28,2580.42,9.72000000000025,-0.0999999999999091
2012-11-05,2012,"Q4","2012/13","Q2","November",2575.07,2585.04,2580.055,9.9699999999998,-0.364999999999782
2012-11-06,2012,"Q4","2012/13","Q2","November",2576,2585.83,2580.915,9.82999999999993,0.859999999999673
2012-11-07,2012,"Q4","2012/13","Q2","November",2576.32,2586.06,2581.19,9.73999999999978,0.275000000000091
2012-11-08,2012,"Q4","2012/13","Q2","November",2582.7,2592.54,2587.62,9.84000000000015,6.42999999999984
2012-11-09,2012,"Q4","2012/13","Q2","November",2595.68,2605.36,2600.52,9.68000000000029,12.9000000000001
2012-11-12,2012,"Q4","2012/13","Q2","November",2595.87,2605.3,2600.585,9.43000000000029,0.0650000000000546
2012-11-13,2012,"Q4","2012/13","Q2","November",2597.12,2606.59,2601.855,9.47000000000025,1.26999999999998
2012-11-14,2012,"Q4","2012/13","Q2","November",2602.68,2612.23,2607.455,9.55000000000018,5.59999999999991
2012-11-15,2012,"Q4","2012/13","Q2","November",2604.83,2614.49,2609.66,9.65999999999985,2.20499999999993
2012-11-16,2012,"Q4","2012/13","Q2","November",2605.48,2615.06,2610.27,9.57999999999993,0.610000000000127
2012-11-19,2012,"Q4","2012/13","Q2","November",2607.71,2617.44,2612.575,9.73000000000002,2.30499999999984
2012-11-20,2012,"Q4","2012/13","Q2","November",2616.54,2626.45,2621.495,9.90999999999985,8.92000000000007
2012-11-21,2012,"Q4","2012/13","Q2","November",2620.37,2630.09,2625.23,9.72000000000025,3.73500000000013
2012-11-22,2012,"Q4","2012/13","Q2","November",2635.95,2645.87,2640.91,9.92000000000007,15.6799999999998
2012-11-23,2012,"Q4","2012/13","Q2","November",2655.1,2665.14,2660.12,10.04,19.21
2012-11-26,2012,"Q4","2012/13","Q2","November",2655.13,2664.79,2659.96,9.65999999999985,-0.159999999999854
2012-11-27,2012,"Q4","2012/13","Q2","November",2676.42,2686.43,2681.425,10.0099999999998,21.4650000000001
2012-11-28,2012,"Q4","2012/13","Q2","November",2693.11,2702.9,2698.005,9.78999999999996,16.5799999999999
2012-11-29,2012,"Q4","2012/13","Q2","November",2690.93,2700.68,2695.805,9.75,-2.20000000000027
2012-11-30,2012,"Q4","2012/13","Q2","November",2683.42,2693.32,2688.37,9.90000000000009,-7.43499999999995
2012-12-03,2012,"Q4","2012/13","Q2","December",2675.04,2684.96,2680,9.92000000000007,-8.36999999999989
2012-12-04,2012,"Q4","2012/13","Q2","December",2677,2686.96,2681.98,9.96000000000004,1.98000000000002
2012-12-05,2012,"Q4","2012/13","Q2","December",2687.17,2697.03,2692.1,9.86000000000013,10.1200000000003
2012-12-06,2012,"Q4","2012/13","Q2","December",2688.26,2697.96,2693.11,9.69999999999982,1.00999999999976
2012-12-07,2012,"Q4","2012/13","Q2","December",2690.49,2699.13,2694.81,8.64000000000033,1.69999999999982
2012-12-10,2012,"Q4","2012/13","Q2","December",2691.5,2699.45,2695.475,7.94999999999982,0.664999999999964
2012-12-11,2012,"Q4","2012/13","Q2","December",2681.92,2691.33,2686.625,9.40999999999985,-8.84999999999991
2012-12-12,2012,"Q4","2012/13","Q2","December",2674.72,2684.51,2679.615,9.79000000000042,-7.01000000000022
2012-12-13,2012,"Q4","2012/13","Q2","December",2672.49,2682.37,2677.43,9.88000000000011,-2.18499999999995
2012-12-14,2012,"Q4","2012/13","Q2","December",2663.83,2673.7,2668.765,9.86999999999989,-8.66499999999996
2012-12-17,2012,"Q4","2012/13","Q2","December",2656.75,2666.53,2661.64,9.7800000000002,-7.12499999999955
2012-12-18,2012,"Q4","2012/13","Q2","December",2654.52,2664.19,2659.355,9.67000000000007,-2.28500000000031
2012-12-19,2012,"Q4","2012/13","Q2","December",2650.65852105696,2660.439823298,2655.54917217748,9.78130224104098,-3.80582782252395
2012-12-20,2012,"Q4","2012/13","Q2","December",2643.73,2653.66,2648.695,9.92999999999984,-6.85417217747636
2012-12-21,2012,"Q4","2012/13","Q2","December",2642.84,2652.87,2647.855,10.0299999999997,-0.839999999999691
2012-12-24,2012,"Q4","2012/13","Q2","December",2649.65,2659.6,2654.625,9.94999999999982,6.76999999999998
2012-12-27,2012,"Q4","2012/13","Q2","December",2653.21,2663.18,2658.195,9.9699999999998,3.56999999999971
2012-12-28,2012,"Q4","2012/13","Q2","December",2669.29,2679.3,2674.295,10.0100000000002,16.1000000000004
2012-12-31,2012,"Q4","2012/13","Q2","December",2680.98,2690.91,2685.945,9.92999999999984,11.6499999999996
2013-01-02,2013,"Q1","2012/13","Q3","January",2693.47,2703.41,2698.44,9.94000000000005,12.4949999999999
2013-01-03,2013,"Q1","2012/13","Q3","January",2695.52,2705.52,2700.52,10,2.08000000000038
2013-01-04,2013,"Q1","2012/13","Q3","January",2707.67,2717.66,2712.665,9.98999999999978,12.145
2013-01-07,2013,"Q1","2012/13","Q3","January",2712.17,2722.23,2717.2,10.0599999999999,4.53499999999985
2013-01-08,2013,"Q1","2012/13","Q3","January",2710.82,2720.43,2715.625,9.60999999999967,-1.57499999999982
2013-01-09,2013,"Q1","2012/13","Q3","January",2701.3,2711.11,2706.205,9.80999999999995,-9.42000000000007
2013-01-10,2013,"Q1","2012/13","Q3","January",2701.58,2711.12,2706.35,9.53999999999996,0.144999999999982
2013-01-11,2013,"Q1","2012/13","Q3","January",2684.58,2694.69,2689.635,10.1100000000001,-16.7149999999997
2013-01-14,2013,"Q1","2012/13","Q3","January",2671.76,2681.71,2676.735,9.94999999999982,-12.9000000000001
2013-01-15,2013,"Q1","2012/13","Q3","January",2668.62,2678.42,2673.52,9.80000000000018,-3.21500000000015
2013-01-16,2013,"Q1","2012/13","Q3","January",2661.46,2671.49,2666.475,10.0299999999997,-7.04500000000007
2013-01-17,2013,"Q1","2012/13","Q3","January",2660.51,2670.14,2665.325,9.62999999999965,-1.15000000000009
2013-01-18,2013,"Q1","2012/13","Q3","January",2660.52,2670.44,2665.48,9.92000000000007,0.1550000000002
2013-01-21,2013,"Q1","2012/13","Q3","January",2663.73,2673.66,2668.695,9.92999999999984,3.21499999999969
2013-01-22,2013,"Q1","2012/13","Q3","January",2672.65,2682.59,2677.62,9.94000000000005,8.92500000000018
2013-01-23,2013,"Q1","2012/13","Q3","January",2672.46,2682.14,2677.3,9.67999999999984,-0.319999999999709
2013-01-24,2013,"Q1","2012/13","Q3","January",2672.6,2682.09,2677.345,9.49000000000024,0.0450000000000728
2013-01-25,2013,"Q1","2012/13","Q3","January",2664.11,2673.94,2669.025,9.82999999999993,-8.32000000000016
2013-01-28,2013,"Q1","2012/13","Q3","January",2660.53,2669.98,2665.255,9.44999999999982,-3.76999999999998
2013-01-29,2013,"Q1","2012/13","Q3","January",2660.28,2669.69,2664.985,9.40999999999985,-0.269999999999982
2013-01-31,2013,"Q1","2012/13","Q3","January",2660.3,2670.05,2665.175,9.75,0.190000000000055
2013-02-01,2013,"Q1","2012/13","Q3","February",2660.42,2669.45,2664.935,9.02999999999975,-0.240000000000236
2013-02-04,2013,"Q1","2012/13","Q3","February",2660.25,2669.72,2664.985,9.4699999999998,0.0499999999997272
2013-02-05,2013,"Q1","2012/13","Q3","February",2653.82,2663.29,2658.555,9.4699999999998,-6.42999999999938
2013-02-06,2013,"Q1","2012/13","Q3","February",2650.05,2659.4,2654.725,9.34999999999991,-3.82999999999993
2013-02-07,2013,"Q1","2012/13","Q3","February",2649.51,2658.72,2654.115,9.20999999999958,-0.610000000000582
2013-02-08,2013,"Q1","2012/13","Q3","February",2648.59,2658.24,2653.415,9.64999999999964,-0.699999999999818
2013-02-11,2013,"Q1","2012/13","Q3","February",2647.6,2656.79,2652.195,9.19000000000005,-1.22000000000025
2013-02-12,2013,"Q1","2012/13","Q3","February",2645.5350843415,2654.98703615926,2650.26106025038,9.45195181775762,-1.93393974962146
2013-02-13,2013,"Q1","2012/13","Q3","February",2641.46,2651.02,2646.24,9.55999999999995,-4.02106025037847
2013-02-14,2013,"Q1","2012/13","Q3","February",2637.22,2646.58,2641.9,9.36000000000013,-4.34000000000015
2013-02-15,2013,"Q1","2012/13","Q3","February",2633.19,2642.67,2637.93,9.48000000000002,-3.96999999999935
2013-02-18,2013,"Q1","2012/13","Q3","February",2645.98,2655.91,2650.945,9.92999999999984,13.0149999999994
2013-02-19,2013,"Q1","2012/13","Q3","February",2658.29,2668.21,2663.25,9.92000000000007,12.3050000000003
2013-02-20,2013,"Q1","2012/13","Q3","February",2671.62,2681.51,2676.565,9.89000000000033,13.3150000000001
2013-02-21,2013,"Q1","2012/13","Q3","February",2680.32,2690.21,2685.265,9.88999999999987,8.70000000000027
2013-02-22,2013,"Q1","2012/13","Q3","February",2669.1,2679.06,2674.08,9.96000000000004,-11.1850000000004
2013-02-25,2013,"Q1","2012/13","Q3","February",2660.1,2669.92,2665.01,9.82000000000016,-9.06999999999971
2013-02-26,2013,"Q1","2012/13","Q3","February",2648.91,2658.72,2653.815,9.80999999999995,-11.1950000000006
2013-02-27,2013,"Q1","2012/13","Q3","February",2654.15,2664.1,2659.125,9.94999999999982,5.3100000000004
2013-02-28,2013,"Q1","2012/13","Q3","February",2646.17,2641.18,2643.675,-4.99000000000024,-15.4499999999998
2013-03-01,2013,"Q1","2012/13","Q3","March",2648.02,2657.84,2652.93,9.82000000000016,9.25500000000011
2013-03-04,2013,"Q1","2012/13","Q3","March",2648.41,2658.37,2653.39,9.96000000000004,0.459999999999582
2013-03-05,2013,"Q1","2012/13","Q3","March",2646.49,2656.5,2651.495,10.0100000000002,-1.89499999999998
2013-03-06,2013,"Q1","2012/13","Q3","March",2648.27,2658.12,2653.195,9.84999999999991,1.69999999999982
2013-03-07,2013,"Q1","2012/13","Q3","March",2647.62,2657.48,2652.55,9.86000000000013,-0.644999999999527
2013-03-11,2013,"Q1","2012/13","Q3","March",2647.22,2657.04,2652.13,9.82000000000016,-0.420000000000073
2013-03-12,2013,"Q1","2012/13","Q3","March",2637.45,2647.5,2642.475,10.0500000000002,-9.6550000000002
2013-03-13,2013,"Q1","2012/13","Q3","March",2639.46,2649.43,2644.445,9.9699999999998,1.9699999999998
2013-03-14,2013,"Q1","2012/13","Q3","March",2640.48,2650.42,2645.45,9.94000000000005,1.00500000000011
2013-03-15,2013,"Q1","2012/13","Q3","March",2637.59,2647.5,2642.545,9.90999999999985,-2.90499999999975
2013-03-18,2013,"Q1","2012/13","Q3","March",2629.89,2639.8,2634.845,9.91000000000031,-7.69999999999982
2013-03-19,2013,"Q1","2012/13","Q3","March",2626.85,2636.86,2631.855,10.0100000000002,-2.99000000000024
2013-03-20,2013,"Q1","2012/13","Q3","March",2632.17,2642.14,2637.155,9.9699999999998,5.29999999999973
2013-03-21,2013,"Q1","2012/13","Q3","March",2635,2644.89,2639.945,9.88999999999987,2.78999999999996
2013-03-22,2013,"Q1","2012/13","Q3","March",2632.54,2642.38,2637.46,9.84000000000015,-2.48499999999967
2013-03-25,2013,"Q1","2012/13","Q3","March",2620.23,2630.04,2625.135,9.80999999999995,-12.3249999999998
2013-03-26,2013,"Q1","2012/13","Q3","March",2607.8,2617.7,2612.75,9.89999999999964,-12.3850000000002
2013-03-27,2013,"Q1","2012/13","Q3","March",2591.45,2601.39,2596.42,9.94000000000005,-16.3299999999999
2013-03-28,2013,"Q1","2012/13","Q3","March",2589.83,2599.71,2594.77,9.88000000000011,-1.65000000000009
2013-04-02,2013,"Q2","2012/13","Q4","April",2589.51,2599.47,2594.49,9.95999999999958,-0.2800000000002
2013-04-03,2013,"Q2","2012/13","Q4","April",2586.91,2596.76,2591.835,9.85000000000036,-2.65499999999975
2013-04-04,2013,"Q2","2012/13","Q4","April",2591.55,2601.52,2596.535,9.9699999999998,4.69999999999982
2013-04-05,2013,"Q2","2012/13","Q4","April",2595.07,2605.02,2600.045,9.94999999999982,3.51000000000022
2013-04-08,2013,"Q2","2012/13","Q4","April",2594.88,2604.33,2599.605,9.44999999999982,-0.440000000000055
2013-04-09,2013,"Q2","2012/13","Q4","April",2588.41,2597.96,2593.185,9.55000000000018,-6.42000000000007
2013-04-10,2013,"Q2","2012/13","Q4","April",2577.24,2587.23,2582.235,9.99000000000024,-10.9500000000003
2013-04-11,2013,"Q2","2012/13","Q4","April",2560.89,2570.86,2565.875,9.97000000000025,-16.3599999999997
2013-04-12,2013,"Q2","2012/13","Q4","April",2536.55,2546.43,2541.49,9.87999999999965,-24.3850000000002
2013-04-15,2013,"Q2","2012/13","Q4","April",2521.04,2530.97,2526.005,9.92999999999984,-15.4849999999997
2013-04-16,2013,"Q2","2012/13","Q4","April",2524.17,2534.03,2529.1,9.86000000000013,3.09500000000025
2013-04-17,2013,"Q2","2012/13","Q4","April",2549.56,2559.47,2554.515,9.90999999999985,25.4149999999995
2013-04-18,2013,"Q2","2012/13","Q4","April",2573.59,2583.43,2578.51,9.83999999999969,23.9950000000003
2013-04-19,2013,"Q2","2012/13","Q4","April",2562.84,2572.8,2567.82,9.96000000000004,-10.6900000000001
2013-04-22,2013,"Q2","2012/13","Q4","April",2552.77,2562.76,2557.765,9.99000000000024,-10.0549999999998
2013-04-23,2013,"Q2","2012/13","Q4","April",2568.45,2578.33,2573.39,9.88000000000011,15.6249999999995
2013-04-24,2013,"Q2","2012/13","Q4","April",2574.58,2584.54,2579.56,9.96000000000004,6.17000000000007
2013-04-25,2013,"Q2","2012/13","Q4","April",2582.54,2592.55,2587.545,10.0100000000002,7.98500000000013
2013-04-26,2013,"Q2","2012/13","Q4","April",2601.41,2611.37,2606.39,9.96000000000004,18.8449999999998
2013-04-29,2013,"Q2","2012/13","Q4","April",2610.06,2619.95,2615.005,9.88999999999987,8.61500000000024
2013-04-30,2013,"Q2","2012/13","Q4","April",2592.30551653222,2602.38557433997,2597.3455454361,10.0800578077492,-17.6594545639036
2013-05-02,2013,"Q2","2012/13","Q4","May",2569.68,2579.62,2574.65,9.94000000000005,-22.6955454360968
2013-05-03,2013,"Q2","2012/13","Q4","May",2561.23290682918,2571.14456333897,2566.18873508407,9.91165650979292,-8.46126491592713
2013-05-06,2013,"Q2","2012/13","Q4","May",2556.41,2566.44,2561.425,10.0300000000002,-4.76373508407232
2013-05-07,2013,"Q2","2012/13","Q4","May",2559.35255989423,2569.34067467771,2564.34661728597,9.98811478347261,2.92161728596875
2013-05-08,2013,"Q2","2012/13","Q4","May",2550.39465301501,2560.365889007,2555.38027101101,9.97123599198949,-8.96634627496314
2013-05-09,2013,"Q2","2012/13","Q4","May",2565.67,2575.59,2570.63,9.92000000000007,15.2497289889943
2013-05-10,2013,"Q2","2012/13","Q4","May",2585.51750034117,2595.48469177431,2590.50109605774,9.96719143313794,19.8710960577364
2013-05-13,2013,"Q2","2012/13","Q4","May",2583.2838994045,2593.24531296546,2588.26460618498,9.96141356096086,-2.23648987275874
2013-05-14,2013,"Q2","2012/13","Q4","May",2579.64127630624,2589.59975270744,2584.62051450684,9.95847640120246,-3.64409167813756
2013-05-15,2013,"Q2","2012/13","Q4","May",2577.88520941475,2587.89513283333,2582.89017112404,10.0099234185777,-1.73034338280422
2013-05-16,2013,"Q2","2012/13","Q4","May",2573.73,2583.69,2578.71,9.96000000000004,-4.18017112403595
2013-05-17,2013,"Q2","2012/13","Q4","May",2562.64,2572.65,2567.645,10.0100000000002,-11.0650000000001
2013-05-20,2013,"Q2","2012/13","Q4","May",2574.71162000203,2584.69224331382,2579.70193165793,9.98062331179153,12.0569316579263
2013-05-21,2013,"Q2","2012/13","Q4","May",2599.35202848933,2609.36394344096,2604.35798596515,10.0119149516277,24.6560543072192
2013-05-22,2013,"Q2","2012/13","Q4","May",2605.51629113964,2615.54469005708,2610.53049059836,10.0283989174391,6.17250463321398
2013-05-23,2013,"Q2","2012/13","Q4","May",2610.43494710218,2620.43138572572,2615.43316641395,9.99643862353332,4.90267581558919
2013-05-24,2013,"Q2","2012/13","Q4","May",2593.81302411758,2603.88013780669,2598.84658096213,10.0671136891056,-16.5865854518156
2013-05-27,2013,"Q2","2012/13","Q4","May",2600.2862398273,2610.29607042965,2605.29115512847,10.0098306023524,6.44457416634123
2013-05-28,2013,"Q2","2012/13","Q4","May",2600.87266008534,2610.52007931296,2605.69636969915,9.64741922762232,0.405214570676435
2013-05-29,2013,"Q2","2012/13","Q4","May",2593.95405050773,2603.85690962548,2598.90548006661,9.90285911774481,-6.79088963254389
2013-05-30,2013,"Q2","2012/13","Q4","May",2590.99903270426,2600.96361467047,2595.98132368737,9.96458196621097,-2.92415637923887
2013-05-31,2013,"Q2","2012/13","Q4","May",2589.54609981724,2599.45436439537,2594.5002321063,9.90826457813318,-1.4810915810649
2013-06-04,2013,"Q2","2012/13","Q4","June",2586.36130527295,2596.34059405842,2591.35094966569,9.9792887854619,-3.1492824406173
2013-06-05,2013,"Q2","2012/13","Q4","June",2575.30227819875,2585.35628607681,2580.32928213778,10.0540078780546,-11.0216675279057
2013-06-06,2013,"Q2","2012/13","Q4","June",2576.54587937699,2586.56195613381,2581.5539177554,10.0160767568141,1.22463561762015
2013-06-07,2013,"Q2","2012/13","Q4","June",2586.95977420869,2596.97268353086,2591.96622886978,10.0129093221722,10.4123111143767
2013-06-10,2013,"Q2","2012/13","Q4","June",2585.46007026971,2595.4395962021,2590.4498332359,9.97952593238915,-1.5163956338738
2013-06-11,2013,"Q2","2012/13","Q4","June",2580.90260264028,2590.82736755957,2585.86498509993,9.92476491929347,-4.58484813597761
2013-06-12,2013,"Q2","2012/13","Q4","June",2585.11731621685,2595.12333394428,2590.12032508056,10.006017727434,4.25533998063747
2013-06-13,2013,"Q2","2012/13","Q4","June",2587.34183648993,2597.34235757688,2592.34209703341,10.0005210869458,2.22177195284439
2013-06-14,2013,"Q2","2012/13","Q4","June",2596.28982769626,2606.29252045172,2601.29117407399,10.00269275546,8.94907704058232
2013-06-17,2013,"Q2","2012/13","Q4","June",2596.3727589035,2606.2665038094,2601.31963135645,9.89374490589444,0.0284572824589304
2013-06-18,2013,"Q2","2012/13","Q4","June",2588.82281271624,2598.73646783585,2593.77964027605,9.91365511961794,-7.53999108040261
2013-06-19,2013,"Q2","2012/13","Q4","June",2583.518626196,2593.35644620294,2588.43753619947,9.83782000694055,-5.34210407657702
2013-06-20,2013,"Q2","2012/13","Q4","June",2593.89727729388,2603.89069263298,2598.89398496343,9.99341533910138,10.4564487639632
2013-06-21,2013,"Q2","2012/13","Q4","June",2593.72202276978,2603.65617187024,2598.68909732001,9.93414910045931,-0.204887643420534
2013-06-24,2013,"Q2","2012/13","Q4","June",2595.76649084828,2605.63024294898,2600.69836689863,9.86375210069355,2.00926957861793
2013-06-25,2013,"Q2","2012/13","Q4","June",2593.63450391585,2603.0560880623,2598.34529598908,9.42158414644882,-2.35307090955394
2013-06-26,2013,"Q2","2012/13","Q4","June",2590.58711118059,2600.39561668856,2595.49136393458,9.80850550796367,-2.85393205450055
2013-06-27,2013,"Q2","2012/13","Q4","June",2589.2923143968,2599.29499114754,2594.29365277217,10.0026767507434,-1.1977111624069
2013-06-28,2013,"Q2","2012/13","Q4","June",2588.42676191042,2598.23573858565,2593.33125024803,9.8089766752305,-0.962402524133267
2013-07-01,2013,"Q3","2013/14","Q1","July",2586.76977485868,2596.79549619168,2591.78263552518,10.0257213330046,-1.54861472285666
2013-07-02,2013,"Q3","2013/14","Q1","July",2580.59549837788,2590.40179953665,2585.49864895726,9.8063011587742,-6.28398656791433
2013-07-03,2013,"Q3","2013/14","Q1","July",2573.99823304778,2583.93479533113,2578.96651418945,9.93656228335158,-6.53213476781002
2013-07-04,2013,"Q3","2013/14","Q1","July",2580.57921333839,2590.49143861678,2585.53532597758,9.91222527838909,6.56881178813046
2013-07-05,2013,"Q3","2013/14","Q1","July",2587.29332843481,2596.59178471767,2591.94255657624,9.29845628286103,6.40723059865604
2013-07-08,2013,"Q3","2013/14","Q1","July",2589.44301041909,2598.80320170721,2594.12310606315,9.36019128811586,2.18054948691088
2013-07-09,2013,"Q3","2013/14","Q1","July",2592.70600287034,2602.20510768794,2597.45555527914,9.4991048176048,3.3324492159868
2013-07-10,2013,"Q3","2013/14","Q1","July",2595.99955940011,2605.61717583296,2600.80836761654,9.61761643285763,3.35281233739806
2013-07-11,2013,"Q3","2013/14","Q1","July",2592.42011018437,2602.17506289761,2597.29758654099,9.75495271323734,-3.5107810755444
2013-07-12,2013,"Q3","2013/14","Q1","July",2590.3673116095,2599.80828022667,2595.08779591808,9.44096861717253,-2.20979062290826
2013-07-15,2013,"Q3","2013/14","Q1","July",2590.77212824906,2600.33996901492,2595.55604863199,9.56784076586291,0.468252713904803
2013-07-16,2013,"Q3","2013/14","Q1","July",2591.48412799778,2601.44450925763,2596.46431862771,9.96038125985024,0.908269995717092
2013-07-17,2013,"Q3","2013/14","Q1","July",2578.27294887429,2588.13492172839,2583.20393530134,9.86197285410026,-13.2603833263665
2013-07-18,2013,"Q3","2013/14","Q1","July",2581.18257951881,2591.09690417616,2586.13974184748,9.91432465735079,2.93580654614561
2013-07-19,2013,"Q3","2013/14","Q1","July",2579.16162943759,2589.07781867033,2584.11972405396,9.91618923273973,-2.02001779352213
2013-07-22,2013,"Q3","2013/14","Q1","July",2577.21980822576,2587.13985938578,2582.17983380577,9.92005116001792,-1.93989024819348
2013-07-23,2013,"Q3","2013/14","Q1","July",2577.72361617605,2587.45931458953,2582.59146538279,9.73569841347853,0.411631577024309
2013-07-24,2013,"Q3","2013/14","Q1","July",2575.78203589186,2585.03111278344,2580.40657433765,9.24907689157635,-2.18489104514265
2013-07-25,2013,"Q3","2013/14","Q1","July",2573.0512238259,2582.66855283722,2577.85988833156,9.61732901132882,-2.54668600609057
2013-07-26,2013,"Q3","2013/14","Q1","July",2580.34140994873,2590.16853180013,2585.25497087443,9.82712185140099,7.39508254286602
2013-07-29,2013,"Q3","2013/14","Q1","July",2594.06783254559,2601.15509134551,2597.61146194555,7.08725879991698,12.3564910711243
2013-07-30,2013,"Q3","2013/14","Q1","July",2587.1775471719,2594.22939682361,2590.70347199776,7.05184965170929,-6.90798994779379
2013-07-31,2013,"Q3","2013/14","Q1","July",2581.13255352654,2587.11233321837,2584.12244337245,5.97977969183103,-6.58102862530177
2013-08-01,2013,"Q3","2013/14","Q1","August",2582.61204151933,2588.07245697346,2585.3422492464,5.46041545412572,1.21980587394273
2013-08-02,2013,"Q3","2013/14","Q1","August",2582.70664644969,2587.8544813267,2585.28056388819,5.1478348770047,-0.0616853582046133
2013-08-05,2013,"Q3","2013/14","Q1","August",2580.43950866286,2585.36587150521,2582.90269008404,4.92636284234459,-2.37787380415739
2013-08-06,2013,"Q3","2013/14","Q1","August",2576.60276177706,2582.19240859949,2579.39758518828,5.58964682243459,-3.50510489576027
2013-08-07,2013,"Q3","2013/14","Q1","August",2571.6581109307,2577.54990298777,2574.60400695924,5.89179205706887,-4.79357822903785
2013-08-09,2013,"Q3","2013/14","Q1","August",2573.0170760084,2578.72930343243,2575.87318972042,5.71222742403188,1.26918276117976
2013-08-12,2013,"Q3","2013/14","Q1","August",2570.25388356402,2576.87815463909,2573.56601910156,6.62427107506437,-2.30717061886116
2013-08-13,2013,"Q3","2013/14","Q1","August",2567.89172063768,2574.98109638287,2571.43640851028,7.08937574519132,-2.12961059128065
2013-08-14,2013,"Q3","2013/14","Q1","August",2562.83284120311,2569.85492646764,2566.34388383538,7.02208526453114,-5.09252467489841
2013-08-15,2013,"Q3","2013/14","Q1","August",2559.55416254167,2566.77949559199,2563.16682906683,7.22533305031811,-3.17705476854962
2013-08-16,2013,"Q3","2013/14","Q1","August",2573.23998636187,2581.00325410866,2577.12162023526,7.763267746785,13.9547911684372
2013-08-19,2013,"Q3","2013/14","Q1","August",2573.13205772042,2581.41735897758,2577.274708349,8.28530125715679,0.153088113735066
2013-08-20,2013,"Q3","2013/14","Q1","August",2583.25186517891,2591.76391195057,2587.50788856474,8.51204677166652,10.2331802157405
2013-08-21,2013,"Q3","2013/14","Q1","August",2583.86819855377,2591.96933779279,2587.91876817328,8.10113923902554,0.410879608541563
2013-08-22,2013,"Q3","2013/14","Q1","August",2576.77147363078,2584.56743602021,2580.66945482549,7.79596238943486,-7.24931334778739
2013-08-23,2013,"Q3","2013/14","Q1","August",2570.48204340906,2578.83888876311,2574.66046608608,8.35684535405153,-6.00898873940923
2013-08-26,2013,"Q3","2013/14","Q1","August",2571.48701451835,2579.85991789408,2575.67346620621,8.3729033757354,1.01300012012916
2013-08-27,2013,"Q3","2013/14","Q1","August",2576.82324419297,2585.24487485309,2581.03405952303,8.42163066011835,5.36059331681736
2013-08-28,2013,"Q3","2013/14","Q1","August",2576.93257963312,2585.0494240331,2580.99100183311,8.11684439997634,-0.0430576899229891
2013-08-29,2013,"Q3","2013/14","Q1","August",2581.26244526291,2589.43327064649,2585.3478579547,8.17082538358318,4.35685612158977
2013-08-30,2013,"Q3","2013/14","Q1","August",2586.1603286677,2594.2175772597,2590.1889529637,8.05724859200336,4.84109500900286
2013-09-02,2013,"Q3","2013/14","Q1","September",2584.51452542933,2593.06218104943,2588.78835323938,8.54765562010061,-1.40059972432118
2013-09-03,2013,"Q3","2013/14","Q1","September",2581.05942755321,2590.17925215426,2585.61933985373,9.11982460105446,-3.16901338564639
2013-09-04,2013,"Q3","2013/14","Q1","September",2571.56949176797,2580.38426366893,2575.97687771845,8.8147719009603,-9.64246213528577
2013-09-05,2013,"Q3","2013/14","Q1","September",2571.26251112182,2579.91077903405,2575.58664507793,8.64826791223322,-0.390232640513659
2013-09-06,2013,"Q3","2013/14","Q1","September",2573.60840212235,2582.6327115487,2578.12055683552,9.0243094263501,2.53391175758952
2013-09-09,2013,"Q3","2013/14","Q1","September",2578.87494090207,2587.17914752406,2583.02704421307,8.30420662199094,4.90648737754236
2013-09-10,2013,"Q3","2013/14","Q1","September",2575.86363088829,2583.44865964144,2579.65614526486,7.58502875314525,-3.37089894820201
2013-09-11,2013,"Q3","2013/14","Q1","September",2571.33581831324,2579.18292461745,2575.25937146535,7.84710630420523,-4.39677379951763
2013-09-12,2013,"Q3","2013/14","Q1","September",2567.97932528864,2576.03863411146,2572.00897970005,8.05930882281518,-3.25039176529663
2013-09-13,2013,"Q3","2013/14","Q1","September",2565.98087726877,2574.26952815487,2570.12520271182,8.28865088609746,-1.88377698823115
2013-09-16,2013,"Q3","2013/14","Q1","September",2563.21814183266,2571.13942919244,2567.17878551255,7.92128735977349,-2.94641719926994
2013-09-17,2013,"Q3","2013/14","Q1","September",2562.81262884573,2570.90562364772,2566.85912624672,8.09299480199525,-0.319659265824157
2013-09-18,2013,"Q3","2013/14","Q1","September",2564.57816759338,2572.79650000824,2568.68733380081,8.21833241485638,1.82820755408466
2013-09-19,2013,"Q3","2013/14","Q1","September",2558.13562125874,2566.69255451986,2562.4140878893,8.55693326112532,-6.27324591150864
2013-09-20,2013,"Q3","2013/14","Q1","September",2548.65875767586,2557.34164363034,2553.0002006531,8.68288595448166,-9.41388723620094
2013-09-23,2013,"Q3","2013/14","Q1","September",2541.42679048089,2550.17924753141,2545.80301900615,8.75245705051702,-7.19718164695132
2013-09-24,2013,"Q3","2013/14","Q1","September",2542.57170878192,2551.23783945677,2546.90477411935,8.66613067485332,1.10175511319812
2013-09-25,2013,"Q3","2013/14","Q1","September",2547.42532135553,2556.49465932039,2551.95999033796,9.06933796486464,5.05521621861271
2013-09-26,2013,"Q3","2013/14","Q1","September",2565.78,2575.03,2570.405,9.25,18.4450096620412
2013-09-27,2013,"Q3","2013/14","Q1","September",2563.2178781542,2572.25744626517,2567.73766220968,9.0395681109726,-2.66733779031574
2013-09-30,2013,"Q3","2013/14","Q1","September",2556.65,2565.41,2561.03,8.75999999999976,-6.70766220968471
2013-10-01,2013,"Q4","2013/14","Q2","October",2549.19695224374,2558.15441982976,2553.67568603675,8.95746758602036,-7.35431396325248
2013-10-02,2013,"Q4","2013/14","Q2","October",2549.7,2558.59,2554.145,8.89000000000033,0.469313963252716
2013-10-03,2013,"Q4","2013/14","Q2","October",2549.47,2558.11,2553.79,8.64000000000033,-0.355000000000018
2013-10-04,2013,"Q4","2013/14","Q2","October",2547.03,2555.89,2551.46,8.85999999999967,-2.32999999999993
2013-10-07,2013,"Q4","2013/14","Q2","October",2544.3,2552.62,2548.46,8.31999999999971,-3
2013-10-08,2013,"Q4","2013/14","Q2","October",2537.45551095899,2546.32770053085,2541.89160574492,8.87218957185723,-6.56839425508133
2013-10-10,2013,"Q4","2013/14","Q2","October",2539.70779445299,2548.93084215721,2544.3193183051,9.22304770422215,2.42771256018023
2013-10-11,2013,"Q4","2013/14","Q2","October",2540.22361335672,2549.08233289464,2544.65297312568,8.85871953792412,0.333654820578886
2013-10-14,2013,"Q4","2013/14","Q2","October",2536.95590952016,2545.56463720532,2541.26027336274,8.60872768515537,-3.39269976293508
2013-10-16,2013,"Q4","2013/14","Q2","October",2530.37152892621,2539.50103925077,2534.93628408849,9.12951032456704,-6.32398927425402
2013-10-17,2013,"Q4","2013/14","Q2","October",2512.76826100659,2522.19502584017,2517.48164342338,9.42676483358537,-17.454640665107
2013-10-18,2013,"Q4","2013/14","Q2","October",2511.08195446505,2520.15112447246,2515.61653946875,9.06917000740759,-1.8651039546271
2013-10-21,2013,"Q4","2013/14","Q2","October",2516.00352102411,2525.00851752968,2520.5060192769,9.00499650556822,4.88947980814328
2013-10-22,2013,"Q4","2013/14","Q2","October",2519.17333906013,2528.87748275421,2524.02541090717,9.70414369407627,3.51939163027009
2013-10-23,2013,"Q4","2013/14","Q2","October",2517.74577535077,2527.19404574955,2522.46991055016,9.44827039877964,-1.55550035700753
2013-10-24,2013,"Q4","2013/14","Q2","October",2524.61813973457,2534.23824670834,2529.42819322145,9.62010697377218,6.95828267129309
2013-10-25,2013,"Q4","2013/14","Q2","October",2522.12435439123,2531.48750668305,2526.80593053714,9.36315229182037,-2.62226268431368
2013-10-28,2013,"Q4","2013/14","Q2","October",2520.46062579478,2529.49721817399,2524.97892198439,9.03659237921602,-1.82700855275289
2013-10-29,2013,"Q4","2013/14","Q2","October",2518.98613182159,2528.58538552213,2523.78575867186,9.59925370054134,-1.19316331252276
2013-10-30,2013,"Q4","2013/14","Q2","October",2519.76741911413,2529.2407943672,2524.50410674066,9.47337525306921,0.718348068800424
2013-10-31,2013,"Q4","2013/14","Q2","October",2519.41334461142,2528.65694367663,2524.03514414402,9.24359906521295,-0.468962596642996
2013-11-01,2013,"Q4","2013/14","Q2","November",2517.63727492041,2526.34882383113,2521.99304937577,8.71154891071819,-2.04209476824917
2013-11-04,2013,"Q4","2013/14","Q2","November",2516.61121220355,2525.14408560888,2520.87764890621,8.5328734053287,-1.11540046956134
2013-11-05,2013,"Q4","2013/14","Q2","November",2512.04330688471,2520.85721926313,2516.45026307392,8.81391237841399,-4.42738583229175
2013-11-06,2013,"Q4","2013/14","Q2","November",2513.36241371141,2522.62208330215,2517.99224850678,9.25966959074685,1.54198543286157
2013-11-07,2013,"Q4","2013/14","Q2","November",2513.32969976199,2522.58650293023,2517.95810134611,9.25680316823855,-0.0341471606693631
2013-11-08,2013,"Q4","2013/14","Q2","November",2516.59680798128,2525.72929981848,2521.16305389988,9.13249183719881,3.20495255376454
2013-11-11,2013,"Q4","2013/14","Q2","November",2515.10461229905,2524.74039225515,2519.9225022771,9.63577995609648,-1.24055162277546
2013-11-12,2013,"Q4","2013/14","Q2","November",2515.1167751015,2524.59722578213,2519.85700044182,9.48045068062902,-0.0655018352854313
2013-11-13,2013,"Q4","2013/14","Q2","November",2516.16526443717,2525.70285408045,2520.93405925881,9.53758964327699,1.07705881699667
2013-11-14,2013,"Q4","2013/14","Q2","November",2515.65612708738,2525.30634144768,2520.48123426753,9.65021436030474,-0.452824991280522
2013-11-15,2013,"Q4","2013/14","Q2","November",2512.57118174237,2522.3613555463,2517.46626864433,9.79017380392634,-3.01496562319744
2013-11-18,2013,"Q4","2013/14","Q2","November",2511.72402888247,2521.63997130378,2516.68200009313,9.91594242131623,-0.784268551208243
2013-11-19,2013,"Q4","2013/14","Q2","November",2514.78411675413,2524.67152405301,2519.72782040357,9.88740729888332,3.04582031044265
2013-11-20,2013,"Q4","2013/14","Q2","November",2520.17455915394,2529.80272960935,2524.98864438164,9.62817045541487,5.26082397807431
2013-11-21,2013,"Q4","2013/14","Q2","November",2521.91473312673,2531.7259184033,2526.82032576502,9.81118527657873,1.8316813833726
2013-11-22,2013,"Q4","2013/14","Q2","November",2532.32243944198,2542.25817592316,2537.29030768257,9.93573648118218,10.4699819175521
2013-11-25,2013,"Q4","2013/14","Q2","November",2535.60796864227,2545.48888143006,2540.54842503616,9.88091278778711,3.25811735359684
2013-11-26,2013,"Q4","2013/14","Q2","November",2528.77391879883,2538.66539425769,2533.71965652826,9.89147545886271,-6.82876850790581
2013-11-27,2013,"Q4","2013/14","Q2","November",2519.64879322011,2529.42242254843,2524.53560788427,9.77362932832193,-9.1840486439869
2013-11-28,2013,"Q4","2013/14","Q2","November",2520.12555159858,2529.53271872945,2524.82913516402,9.40716713086567,0.293527279744467
2013-11-29,2013,"Q4","2013/14","Q2","November",2519.62277249114,2529.35262173134,2524.48769711124,9.72984924020375,-0.341438052777903
2013-12-02,2013,"Q4","2013/14","Q2","December",2518.76437734859,2528.76507936071,2523.76472835465,10.0007020121211,-0.722968756589125
2013-12-03,2013,"Q4","2013/14","Q2","December",2521.41842280134,2531.37279491722,2526.39560885928,9.95437211588342,2.63088050462875
2013-12-04,2013,"Q4","2013/14","Q2","December",2519.37039928934,2528.73907518691,2524.05473723813,9.36867589757503,-2.34087162115156
2013-12-05,2013,"Q4","2013/14","Q2","December",2518.77594508955,2528.04358907996,2523.40976708475,9.26764399041122,-0.644970153372924
2013-12-06,2013,"Q4","2013/14","Q2","December",2518.31285691165,2527.74141892292,2523.02713791729,9.42856201126642,-0.382629167464984
2013-12-09,2013,"Q4","2013/14","Q2","December",2516.49900012263,2526.09693028947,2521.29796520605,9.59793016684125,-1.72917271123561
2013-12-10,2013,"Q4","2013/14","Q2","December",2513.94875623269,2523.3736241636,2518.66119019815,9.42486793090256,-2.63677500790664
2013-12-11,2013,"Q4","2013/14","Q2","December",2509.70507286297,2519.41530185106,2514.56018735701,9.71022898809633,-4.10100284113105
2013-12-12,2013,"Q4","2013/14","Q2","December",2501.26964469751,2510.61010755629,2505.9398761269,9.34046285877957,-8.62031123011639
2013-12-13,2013,"Q4","2013/14","Q2","December",2499.52763237391,2509.46095507724,2504.49429372558,9.9333227033294,-1.44558240132028
2013-12-16,2013,"Q4","2013/14","Q2","December",2499.81563334371,2509.53312583401,2504.67437958886,9.71749249029654,0.18008586328142
2013-12-17,2013,"Q4","2013/14","Q2","December",2497.25280143324,2506.52563934692,2501.88922039008,9.27283791367472,-2.78515919877736
2013-12-18,2013,"Q4","2013/14","Q2","December",2493.12352493229,2502.84008867867,2497.98180680548,9.7165637463886,-3.90741358460218
2013-12-19,2013,"Q4","2013/14","Q2","December",2496.62176835284,2506.29503734762,2501.45840285023,9.67326899478485,3.47659604475166
2013-12-20,2013,"Q4","2013/14","Q2","December",2500.15186787483,2509.86641969757,2505.0091437862,9.71455182274258,3.5507409359675
2013-12-23,2013,"Q4","2013/14","Q2","December",2499.21112806021,2509.18582747563,2504.19847776792,9.97469941541476,-0.810666018277516
2013-12-24,2013,"Q4","2013/14","Q2","December",2499.8689999742,2509.8763611648,2504.8726805695,10.0073611906005,0.674202801579668
2013-12-27,2013,"Q4","2013/14","Q2","December",2503.65907755558,2513.52288099114,2508.59097927336,9.86380343556448,3.71829870385864
2013-12-30,2013,"Q4","2013/14","Q2","December",2511.50362356796,2521.51469188372,2516.50915772584,10.0110683157518,7.91817845248033
2013-12-31,2013,"Q4","2013/14","Q2","December",2522.97640450652,2532.93455427647,2527.95547939149,9.95814976995098,11.4463216656518
2014-01-02,2014,"Q1","2013/14","Q3","January",2521.53522044974,2531.48448567031,2526.50985306003,9.94926522057267,-1.44562633146643
2014-01-03,2014,"Q1","2013/14","Q3","January",2520.84212083787,2530.44475503936,2525.64343793861,9.60263420148431,-0.866415121412956
2014-01-06,2014,"Q1","2013/14","Q3","January",2520.23929616158,2529.80961243939,2525.02445430048,9.57031627780907,-0.618983638130885
2014-01-07,2014,"Q1","2013/14","Q3","January",2519.50115879464,2527.8700185492,2523.68558867192,8.36885975455607,-1.33886562855969
2014-01-08,2014,"Q1","2013/14","Q3","January",2516.82326820073,2525.76870318201,2521.29598569137,8.94543498127859,-2.38960298054917
2014-01-09,2014,"Q1","2013/14","Q3","January",2513.6601199141,2523.0944750397,2518.3772974769,9.4343551255929,-2.91868821447315
2014-01-10,2014,"Q1","2013/14","Q3","January",2513.66916250819,2523.33339789314,2518.50128020066,9.66423538494973,0.12398272376322
2014-01-13,2014,"Q1","2013/14","Q3","January",2508.82920047472,2518.83641964902,2513.83281006187,10.0072191742993,-4.66847013879624
2014-01-14,2014,"Q1","2013/14","Q3","January",2504.9719905634,2515.00449988007,2509.98824522174,10.0325093166734,-3.8445648401289
2014-01-15,2014,"Q1","2013/14","Q3","January",2504.06368908856,2513.90346496877,2508.98357702867,9.83977588021116,-1.00466819307258
2014-01-16,2014,"Q1","2013/14","Q3","January",2496.07472856948,2505.85140580065,2500.96306718507,9.77667723116383,-8.02050984359994
2014-01-17,2014,"Q1","2013/14","Q3","January",2493.52,2503.17,2498.345,9.65000000000009,-2.61806718506523
2014-01-20,2014,"Q1","2013/14","Q3","January",2490.71,2501.79,2496.25,11.0799999999999,-2.09500000000025
2014-01-21,2014,"Q1","2013/14","Q3","January",2484.06,2493.77,2488.915,9.71000000000004,-7.33500000000004
2014-01-22,2014,"Q1","2013/14","Q3","January",2479.21,2488.55,2483.88,9.34000000000015,-5.03499999999985
2014-01-23,2014,"Q1","2013/14","Q3","January",2468.12,2478.21,2473.165,10.0900000000001,-10.7150000000001
2014-01-24,2014,"Q1","2013/14","Q3","January",2470.27,2480.13,2475.2,9.86000000000013,2.03499999999985
2014-01-27,2014,"Q1","2013/14","Q3","January",2470.75,2480.62,2475.685,9.86999999999989,0.485000000000127
2014-01-28,2014,"Q1","2013/14","Q3","January",2477.09,2486.95,2482.02,9.85999999999967,6.33500000000004
2014-01-29,2014,"Q1","2013/14","Q3","January",2476.61,2485.89,2481.25,9.27999999999975,-0.769999999999982
2014-01-30,2014,"Q1","2013/14","Q3","January",2470.32,2480.02,2475.17,9.69999999999982,-6.07999999999993
2014-01-31,2014,"Q1","2013/14","Q3","January",2470.31,2480.09,2475.2,9.7800000000002,0.0299999999997453
2014-02-03,2014,"Q1","2013/14","Q3","February",2469.7741066977,2479.08102387631,2474.42756528701,9.30691717860964,-0.772434712994254
2014-02-04,2014,"Q1","2013/14","Q3","February",2469.06251302716,2478.68595775915,2473.87423539315,9.62344473198709,-0.553329893852606
2014-02-05,2014,"Q1","2013/14","Q3","February",2468.25015349995,2477.39379123371,2472.82197236683,9.1436377337609,-1.05226302632218
2014-02-06,2014,"Q1","2013/14","Q3","February",2465.6194670081,2474.81313156765,2470.21629928787,9.19366455954514,-2.60567307895735
2014-02-07,2014,"Q1","2013/14","Q3","February",2464.02139361167,2473.40853554432,2468.71496457799,9.3871419326515,-1.50133470987885
2014-02-10,2014,"Q1","2013/14","Q3","February",2462.67,2472.4,2467.535,9.73000000000002,-1.18000000000029
2014-02-11,2014,"Q1","2013/14","Q3","February",2463.07,2472.99,2468.03,9.91999999999962,0.494999999999891
2014-02-12,2014,"Q1","2013/14","Q3","February",2462.06683300229,2471.88645833443,2466.97664566836,9.81962533213482,-1.05335433164055
2014-02-13,2014,"Q1","2013/14","Q3","February",2460.11023594945,2469.73382356612,2464.92202975778,9.6235876166711,-2.05461591057428
2014-02-14,2014,"Q1","2013/14","Q3","February",2458.85945373469,2468.10186865346,2463.48066119407,9.24241491877501,-1.44136856371006
2014-02-17,2014,"Q1","2013/14","Q3","February",2456.71099923617,2465.88674508963,2461.2988721629,9.17574585345437,-2.18178903117678
2014-02-18,2014,"Q1","2013/14","Q3","February",2451.10522874877,2460.62481170513,2455.86502022695,9.51958295635177,-5.43385193594895
2014-02-19,2014,"Q1","2013/14","Q3","February",2449.16473754208,2458.74299841678,2453.95386797943,9.57826087469903,-1.91115224751684
2014-02-20,2014,"Q1","2013/14","Q3","February",2448.18079650449,2457.85603934747,2453.01841792598,9.67524284297815,-0.935450053453224
2014-02-21,2014,"Q1","2013/14","Q3","February",2454.21848263316,2464.2217521115,2459.22011737233,10.0032694783404,6.2016994463479
2014-02-24,2014,"Q1","2013/14","Q3","February",2453.39738000598,2463.3135646577,2458.35547233184,9.91618465171905,-0.864645040483083
2014-02-25,2014,"Q1","2013/14","Q3","February",2450.32147331559,2459.86662711768,2455.09405021663,9.54515380208386,-3.26142211520892
2014-02-26,2014,"Q1","2013/14","Q3","February",2483.04233522104,2493.07775461719,2488.06004491912,10.0354193961493,32.9659947024807
2014-02-27,2014,"Q1","2013/14","Q3","February",2520.33985283923,2530.27024356933,2525.30504820428,9.93039073009868,37.2450032851625
2014-02-28,2014,"Q1","2013/14","Q3","February",2533.18238319131,2542.94855679862,2538.06546999496,9.7661736073087,12.7604217906851
2014-03-03,2014,"Q1","2013/14","Q3","March",2526.76924391423,2536.76443801451,2531.76684096437,9.99519410028779,-6.29862903059302
2014-03-04,2014,"Q1","2013/14","Q3","March",2512.51197214606,2522.2485571398,2517.38026464293,9.73658499373732,-14.3865763214399
2014-03-05,2014,"Q1","2013/14","Q3","March",2511.33359480955,2520.92976392736,2516.13167936846,9.59616911781586,-1.24858527447486
2014-03-06,2014,"Q1","2013/14","Q3","March",2509.92005821407,2519.21550477921,2514.56778149664,9.29544656513281,-1.56389787181433
2014-03-07,2014,"Q1","2013/14","Q3","March",2507.0049485263,2516.85979151692,2511.93237002161,9.85484299062227,-2.63541147502929
2014-03-10,2014,"Q1","2013/14","Q3","March",2517.64984126541,2527.44921645039,2522.5495288579,9.79937518497763,10.6171588362886
2014-03-11,2014,"Q1","2013/14","Q3","March",2515.04,2524.92,2519.98,9.88000000000011,-2.56952885790042
2014-03-12,2014,"Q1","2013/14","Q3","March",2512.08190593662,2521.81128613194,2516.94659603428,9.72938019531875,-3.03340396571593
2014-03-13,2014,"Q1","2013/14","Q3","March",2510.090476258,2519.42162566203,2514.75605096002,9.33114940402584,-2.19054507426881
2014-03-14,2014,"Q1","2013/14","Q3","March",2514.38,2524.13,2519.255,9.75,4.49894903998484
2014-03-17,2014,"Q1","2013/14","Q3","March",2521.3,2530.69,2525.995,9.38999999999987,6.73999999999978
2014-03-18,2014,"Q1","2013/14","Q3","March",2521.33,2531.15,2526.24,9.82000000000016,0.244999999999891
2014-03-19,2014,"Q1","2013/14","Q3","March",2531.96,2541.92,2536.94,9.96000000000004,10.7000000000003
2014-03-20,2014,"Q1","2013/14","Q3","March",2534.84,2544.51,2539.675,9.67000000000007,2.73500000000013
2014-03-21,2014,"Q1","2013/14","Q3","March",2548.06687931329,2558.02412650835,2553.04550291082,9.95724719505597,13.3705029108205
2014-03-24,2014,"Q1","2013/14","Q3","March",2563.37168667231,2573.22221359793,2568.29695013512,9.85052692562249,15.2514472242974
2014-03-25,2014,"Q1","2013/14","Q3","March",2564.04818056603,2573.82004636099,2568.93411346351,9.77186579495992,0.637163328387487
2014-03-26,2014,"Q1","2013/14","Q3","March",2559.14178248387,2568.54061261327,2563.84119754857,9.39883012939754,-5.09291591493866
2014-03-27,2014,"Q1","2013/14","Q3","March",2547.96368503238,2557.46003676566,2552.71186089902,9.49635173327852,-11.1293366495465
2014-03-28,2014,"Q1","2013/14","Q3","March",2543.10126891225,2552.96879918627,2548.03503404926,9.86753027402165,-4.67682684975716
2014-03-31,2014,"Q1","2013/14","Q3","March",2544.61457365276,2554.48291869273,2549.54874617274,9.86834503996897,1.51371212348022
2014-04-01,2014,"Q2","2013/14","Q4","April",2544.15723340807,2553.55089793422,2548.85406567115,9.39366452614649,-0.69468050159594
2014-04-02,2014,"Q2","2013/14","Q4","April",2540.91500145351,2550.77942236511,2545.84721190931,9.86442091160143,-3.00685376183537
2014-04-03,2014,"Q2","2013/14","Q4","April",2547.6590379133,2557.475613104,2552.56732550865,9.81657519070177,6.72011359933913
2014-04-04,2014,"Q2","2013/14","Q4","April",2556.44011892744,2566.42068836694,2561.43040364719,9.98056943950178,8.86307813853955
2014-04-07,2014,"Q2","2013/14","Q4","April",2559.93793317523,2569.60121790964,2564.76957554243,9.66328473441399,3.33917189524118
2014-04-08,2014,"Q2","2013/14","Q4","April",2550.12,2559.8,2554.96,9.68000000000029,-9.80957554243196
2014-04-09,2014,"Q2","2013/14","Q4","April",2536.61953309275,2546.40024802337,2541.50989055806,9.78071493062498,-13.450109441942
2014-04-10,2014,"Q2","2013/14","Q4","April",2522,2531.84,2526.92,9.84000000000015,-14.589890558058
2014-04-11,2014,"Q2","2013/14","Q4","April",2511.3,2521.25,2516.275,9.94999999999982,-10.645
2014-04-14,2014,"Q2","2013/14","Q4","April",2519.54,2529.51,2524.525,9.97000000000025,8.25
2014-04-15,2014,"Q2","2013/14","Q4","April",2514.73,2524.64,2519.685,9.90999999999985,-4.84000000000015
2014-04-16,2014,"Q2","2013/14","Q4","April",2508.22,2518.12,2513.17,9.90000000000009,-6.51499999999987
2014-04-17,2014,"Q2","2013/14","Q4","April",2506.3,2516.25,2511.275,9.94999999999982,-1.89499999999998
2014-04-22,2014,"Q2","2013/14","Q4","April",2510.35,2520.23,2515.29,9.88000000000011,4.01499999999987
2014-04-23,2014,"Q2","2013/14","Q4","April",2509.49,2519.27,2514.38,9.7800000000002,-0.909999999999854
2014-04-24,2014,"Q2","2013/14","Q4","April",2508.67,2517.84,2513.255,9.17000000000007,-1.125
2014-04-25,2014,"Q2","2013/14","Q4","April",2509.14,2518.66,2513.9,9.51999999999998,0.644999999999527
2014-04-28,2014,"Q2","2013/14","Q4","April",2509.92,2519.71,2514.815,9.78999999999996,0.915000000000418
2014-04-29,2014,"Q2","2013/14","Q4","April",2516.06,2525.86,2520.96,9.80000000000018,6.14499999999998
2014-04-30,2014,"Q2","2013/14","Q4","April",2516.35666666667,2526.34666666667,2521.35166666667,9.98999999999978,0.391666666666424
2014-05-02,2014,"Q2","2013/14","Q4","May",2520.89813438819,2530.7439210132,2525.82102770069,9.84578662500599,4.4693610340255
2014-05-05,2014,"Q2","2013/14","Q4","May",2521.05584795833,2530.98468909116,2526.02026852475,9.92884113283208,0.199240824053959
2014-05-06,2014,"Q2","2013/14","Q4","May",2516.42932978875,2526.26744657543,2521.34838818209,9.83811678667917,-4.67188034265837
2014-05-07,2014,"Q2","2013/14","Q4","May",2512.43,2522.17,2517.3,9.74000000000024,-4.04838818208736
2014-05-08,2014,"Q2","2013/14","Q4","May",2513.19806090293,2523.15203888151,2518.17504989222,9.95397797858686,0.875049892219067
2014-05-09,2014,"Q2","2013/14","Q4","May",2521.78899813851,2531.64631361281,2526.71765587566,9.85731547429668,8.54260598344081
2014-05-12,2014,"Q2","2013/14","Q4","May",2516.83,2526.53,2521.68,9.70000000000027,-5.03765587565977
2014-05-13,2014,"Q2","2013/14","Q4","May",2515.63,2525.24,2520.435,9.60999999999967,-1.24500000000035
2014-05-14,2014,"Q2","2013/14","Q4","May",2519.94,2529.5,2524.72,9.55999999999995,4.28500000000031
2014-05-15,2014,"Q2","2013/14","Q4","May",2532.64,2542.49,2537.565,9.84999999999991,12.8449999999993
2014-05-16,2014,"Q2","2013/14","Q4","May",2534.58053942087,2544.3812729037,2539.48090616228,9.80073348282804,1.91590616228405
2014-05-19,2014,"Q2","2013/14","Q4","May",2535.39,2545.19,2540.29,9.80000000000018,0.809093837716318
2014-05-20,2014,"Q2","2013/14","Q4","May",2534.4,2544.15,2539.275,9.75,-1.01499999999987
2014-05-21,2014,"Q2","2013/14","Q4","May",2526.90920342167,2536.8633043786,2531.88625390013,9.95410095692705,-7.38874609986715
2014-05-22,2014,"Q2","2013/14","Q4","May",2525.06605289619,2534.76049840948,2529.91327565283,9.69444551328615,-1.97297824730094
2014-05-23,2014,"Q2","2013/14","Q4","May",2531.57,2541,2536.285,9.42999999999984,6.37172434716786
2014-05-26,2014,"Q2","2013/14","Q4","May",2529.41107976777,2538.90618788588,2534.15863382683,9.49510811811206,-2.12636617317366
2014-05-27,2014,"Q2","2013/14","Q4","May",2530.42,2540.48,2535.45,10.0599999999999,1.29136617317363
2014-05-28,2014,"Q2","2013/14","Q4","May",2537.43932484317,2547.41236187153,2542.42584335735,9.97303702835961,6.97584335734928
2014-05-29,2014,"Q2","2013/14","Q4","May",2548.47,2558.4,2553.435,9.93000000000029,11.0091566426509
2014-05-30,2014,"Q2","2013/14","Q4","May",2552.86116723634,2562.58004635652,2557.72060679643,9.71887912017473,4.28560679642806
2014-06-02,2014,"Q2","2013/14","Q4","June",2551.47,2561.35,2556.41,9.88000000000011,-1.31060679642815
2014-06-04,2014,"Q2","2013/14","Q4","June",2557.46611853079,2567.30631302927,2562.38621578003,9.84019449848483,5.97621578003054
2014-06-05,2014,"Q2","2013/14","Q4","June",2565.7225748924,2575.32817534384,2570.52537511812,9.60560045144121,8.13915933809039
2014-06-06,2014,"Q2","2013/14","Q4","June",2563.51,2573.31,2568.41,9.79999999999973,-2.11537511812094
2014-06-10,2014,"Q2","2013/14","Q4","June",2556.82,2566.76,2561.79,9.94000000000005,-6.61999999999989
2014-06-11,2014,"Q2","2013/14","Q4","June",2554.52,2564.4,2559.46,9.88000000000011,-2.32999999999993
2014-06-12,2014,"Q2","2013/14","Q4","June",2556.08,2566.1,2561.09,10.02,1.63000000000011
2014-06-13,2014,"Q2","2013/14","Q4","June",2565.4,2575.31,2570.355,9.90999999999985,9.26499999999987
2014-06-16,2014,"Q2","2013/14","Q4","June",2567.78,2578.01,2572.895,10.23,2.54000000000042
2014-06-17,2014,"Q2","2013/14","Q4","June",2576.16,2586.13,2581.145,9.97000000000025,8.24999999999955
2014-06-18,2014,"Q2","2013/14","Q4","June",2576.69,2586.66,2581.675,9.9699999999998,0.5300000000002
2014-06-19,2014,"Q2","2013/14","Q4","June",2573.14,2583.09,2578.115,9.95000000000027,-3.5600000000004
2014-06-20,2014,"Q2","2013/14","Q4","June",2580.24,2590.15,2585.195,9.91000000000031,7.07999999999993
2014-06-23,2014,"Q2","2013/14","Q4","June",2601.56,2611.63,2606.595,10.0700000000002,21.4000000000005
2014-06-24,2014,"Q2","2013/14","Q4","June",2611.60299078048,2621.2495164959,2616.42625363819,9.64652571541228,9.83125363819045
2014-06-25,2014,"Q2","2013/14","Q4","June",2601.58584565718,2611.58478173334,2606.58531369526,9.99893607616832,-9.84093994293107
2014-06-26,2014,"Q2","2013/14","Q4","June",2594.33,2604.13,2599.23,9.80000000000018,-7.35531369525961
2014-06-27,2014,"Q2","2013/14","Q4","June",2593.48,2603.35,2598.415,9.86999999999989,-0.815000000000055
2014-06-30,2014,"Q2","2013/14","Q4","June",2594.76,2604.6,2599.68,9.83999999999969,1.26500000000033
2014-07-01,2014,"Q3","2014/15","Q1","July",2603.17,2613.09,2608.13,9.92000000000007,8.44999999999982
2014-07-02,2014,"Q3","2014/15","Q1","July",2606.58,2616.37,2611.475,9.78999999999996,3.3449999999998
2014-07-03,2014,"Q3","2014/15","Q1","July",2613.53,2623.35,2618.44,9.81999999999971,6.96500000000015
2014-07-04,2014,"Q3","2014/15","Q1","July",2626.63,2636.37,2631.5,9.73999999999978,13.0599999999999
2014-07-07,2014,"Q3","2014/15","Q1","July",2634.25,2644.1,2639.175,9.84999999999991,7.67500000000018
2014-07-08,2014,"Q3","2014/15","Q1","July",2638.97,2648.91,2643.94,9.94000000000005,4.76499999999942
2014-07-09,2014,"Q3","2014/15","Q1","July",2650.29267949273,2660.23444167857,2655.26356058565,9.94176218584789,11.3235605856498
2014-07-10,2014,"Q3","2014/15","Q1","July",2661.63,2671.6,2666.615,9.9699999999998,11.3514394143504
2014-07-11,2014,"Q3","2014/15","Q1","July",2662.1,2672.1,2667.1,10,0.485000000000127
2014-07-14,2014,"Q3","2014/15","Q1","July",2646.6,2656.55,2651.575,9.95000000000027,-15.5250000000001
2014-07-15,2014,"Q3","2014/15","Q1","July",2635.32,2645.32,2640.32,10,-11.2549999999997
2014-07-16,2014,"Q3","2014/15","Q1","July",2630.25,2640.26,2635.255,10.0100000000002,-5.06500000000005
2014-07-17,2014,"Q3","2014/15","Q1","July",2609.1,2618.97,2614.035,9.86999999999989,-21.2200000000003
2014-07-18,2014,"Q3","2014/15","Q1","July",2613.24,2623.28,2618.26,10.0400000000004,4.22500000000036
2014-07-21,2014,"Q3","2014/15","Q1","July",2622.53,2632.56,2627.545,10.0299999999997,9.28499999999985
2014-07-22,2014,"Q3","2014/15","Q1","July",2629.51,2639.43,2634.47,9.91999999999962,6.92500000000018
2014-07-23,2014,"Q3","2014/15","Q1","July",2628.48050746174,2638.43806614321,2633.45928680248,9.95755868146671,-1.01071319752373
2014-07-24,2014,"Q3","2014/15","Q1","July",2630.55,2640.43,2635.49,9.87999999999965,2.03071319752326
2014-07-25,2014,"Q3","2014/15","Q1","July",2624.18,2634.14,2629.16,9.96000000000004,-6.32999999999993
2014-07-29,2014,"Q3","2014/15","Q1","July",2623.65,2633.6,2628.625,9.94999999999982,-0.534999999999854
2014-07-30,2014,"Q3","2014/15","Q1","July",2617.41,2627.2,2622.305,9.78999999999996,-6.32000000000016
2014-07-31,2014,"Q3","2014/15","Q1","July",2620.29,2630.11,2625.2,9.82000000000016,2.89499999999998
2014-08-01,2014,"Q3","2014/15","Q1","August",2617.56,2627.4,2622.48,9.84000000000015,-2.7199999999998
2014-08-04,2014,"Q3","2014/15","Q1","August",2608.75,2618.73,2613.74,9.98000000000002,-8.74000000000024
2014-08-05,2014,"Q3","2014/15","Q1","August",2613.59618654852,2623.36065994403,2618.47842324627,9.76447339551487,4.73842324627458
2014-08-06,2014,"Q3","2014/15","Q1","August",2616.9,2626.77,2621.835,9.86999999999989,3.35657675372568
2014-08-07,2014,"Q3","2014/15","Q1","August",2617.6,2627.47,2622.535,9.86999999999989,0.699999999999818
2014-08-08,2014,"Q3","2014/15","Q1","August",2615.76,2625.48,2620.62,9.7199999999998,-1.91499999999996
2014-08-11,2014,"Q3","2014/15","Q1","August",2614.93,2624.35,2619.64,9.42000000000007,-0.980000000000018
2014-08-12,2014,"Q3","2014/15","Q1","August",2611.47,2621.07,2616.27,9.60000000000036,-3.36999999999989
2014-08-13,2014,"Q3","2014/15","Q1","August",2609.57,2619.15,2614.36,9.57999999999993,-1.90999999999985
2014-08-14,2014,"Q3","2014/15","Q1","August",2604.3,2614.11,2609.21,9.81,-5.16
2014-08-15,2014,"Q3","2014/15","Q1","August",2603.43,2612.4,2607.92,8.97,-1.29
2014-08-18,2014,"Q3","2014/15","Q1","August",2598.06,2607.9,2602.98,9.84,-4.93
2014-08-19,2014,"Q3","2014/15","Q1","August",2604.24,2614.19,2609.22,9.95,6.24
2014-08-20,2014,"Q3","2014/15","Q1","August",2608.64,2618.55,2613.6,9.91,4.38
2014-08-21,2014,"Q3","2014/15","Q1","August",2601.26,2611.03,2606.15,9.77,-7.45
2014-08-22,2014,"Q3","2014/15","Q1","August",2594.19,2604.18,2599.19,9.99,-6.96
2014-08-25,2014,"Q3","2014/15","Q1","August",2593.96,2603.95,2598.96,9.99,-0.23
2014-08-26,2014,"Q3","2014/15","Q1","August",2597.41,2607.42,2602.42,10.01,3.46
2014-08-27,2014,"Q3","2014/15","Q1","August",2603.88,2613.78,2608.83,9.9,6.41
2014-08-28,2014,"Q3","2014/15","Q1","August",2612.21,2622.2,2617.21,9.99,8.38
2014-08-29,2014,"Q3","2014/15","Q1","August",2612,2621.99,2617,9.99,-0.21
2014-09-01,2014,"Q3","2014/15","Q1","September",2605.83,2615.8,2610.815,9.97000000000025,-6.17999999999984
2014-09-02,2014,"Q3","2014/15","Q1","September",2601.08,2610.65,2605.865,9.57000000000016,-4.95000000000027
2014-09-03,2014,"Q3","2014/15","Q1","September",2601.73,2611.6,2606.665,9.86999999999989,0.800000000000182
2014-09-04,2014,"Q3","2014/15","Q1","September",2602.91,2612.78,2607.845,9.87000000000035,1.18000000000029
2014-09-05,2014,"Q3","2014/15","Q1","September",2603.66558508412,2613.55090392105,2608.60824450258,9.88531883692713,0.763244502582893
2014-09-08,2014,"Q3","2014/15","Q1","September",2600.29761707415,2610.18948360462,2605.24355033939,9.89186653046499,-3.36469416319687
2014-09-09,2014,"Q3","2014/15","Q1","September",2600.8124150913,2610.64761949288,2605.73001729209,9.83520440158372,0.486466952704632
2014-09-10,2014,"Q3","2014/15","Q1","September",2603.97259288639,2613.66684195916,2608.81971742278,9.69424907277744,3.08970013068529
2014-09-11,2014,"Q3","2014/15","Q1","September",2604.1340555876,2613.81184728079,2608.97295143419,9.67779169318464,0.153234011418135
2014-09-12,2014,"Q3","2014/15","Q1","September",2606.55226762287,2616.02766278566,2611.28996520427,9.47539516278766,2.31701377007357
2014-09-15,2014,"Q3","2014/15","Q1","September",2605.81939080373,2615.28337907813,2610.55138494093,9.46398827439589,-0.738580263337099
2014-09-16,2014,"Q3","2014/15","Q1","September",2605.3215931082,2614.8361383681,2610.07886573815,9.51454525990403,-0.472519202781768
2014-09-17,2014,"Q3","2014/15","Q1","September",2608.51764759011,2618.36127221519,2613.43945990265,9.8436246250817,3.36059416450007
2014-09-18,2014,"Q3","2014/15","Q1","September",2611.96766663032,2621.80176579733,2616.88471621382,9.83409916701157,3.44525631117358
2014-09-19,2014,"Q3","2014/15","Q1","September",2619.69340564165,2629.67422559753,2624.68381561959,9.98081995588473,7.7990994057659
2014-09-22,2014,"Q3","2014/15","Q1","September",2619.39085805986,2628.67249414811,2624.03167610399,9.28163608825116,-0.652139515600084
2014-09-23,2014,"Q3","2014/15","Q1","September",2617.74130383306,2627.61511947029,2622.67821165168,9.87381563723284,-1.35346445231016
2014-09-24,2014,"Q3","2014/15","Q1","September",2624.03616153335,2633.97448888148,2629.00532520741,9.93832734812986,6.3271135557361
2014-09-25,2014,"Q3","2014/15","Q1","September",2628.05508774573,2638.03746512051,2633.04627643312,9.98237737477712,4.04095122570607
2014-09-26,2014,"Q3","2014/15","Q1","September",2643.61377480483,2653.53406319952,2648.57391900218,9.92028839469276,15.5276425690563
2014-09-29,2014,"Q3","2014/15","Q1","September",2644.10472032887,2654.05658582422,2649.08065307655,9.9518654953431,0.506734074368978
2014-09-30,2014,"Q3","2014/15","Q1","September",2646.59335847207,2656.61975475868,2651.60655661537,10.0263962866093,2.52590353882488
2014-10-01,2014,"Q4","2014/15","Q2","October",2646.9242667557,2656.98487614503,2651.95457145036,10.0606093893307,0.348014834994046
2014-10-02,2014,"Q4","2014/15","Q2","October",2641.74687493335,2651.28215552079,2646.51451522707,9.53528058743996,-5.4400562232936
2014-10-03,2014,"Q4","2014/15","Q2","October",2638.96287848744,2648.7341958739,2643.84853718067,9.77131738645994,-2.66597804639832
2014-10-06,2014,"Q4","2014/15","Q2","October",2641.2998483601,2651.21747584095,2646.25866210053,9.91762748085193,2.41012491985566
2014-10-07,2014,"Q4","2014/15","Q2","October",2644.23170185441,2654.03237745654,2649.13203965547,9.80067560212547,2.87337755494536
2014-10-08,2014,"Q4","2014/15","Q2","October",2651.26945949902,2661.14165196794,2656.20555573348,9.87219246891846,7.0735160780041
2014-10-10,2014,"Q4","2014/15","Q2","October",2662.3,2672.29,2667.295,9.98999999999978,11.0894442665222
2014-10-13,2014,"Q4","2014/15","Q2","October",2671.01,2680.99,2676,9.97999999999956,8.70499999999993
2014-10-14,2014,"Q4","2014/15","Q2","October",2683.67994616197,2693.65261506178,2688.66628061187,9.9726688998112,12.6662806118748
2014-10-15,2014,"Q4","2014/15","Q2","October",2678.29,2688.19,2683.24,9.90000000000009,-5.42628061187497
2014-10-16,2014,"Q4","2014/15","Q2","October",2671.19286658765,2681.17804034963,2676.18545346864,9.98517376197333,-7.05454653135803
2014-10-17,2014,"Q4","2014/15","Q2","October",2674.8235246887,2684.81698440347,2679.82025454608,9.99345971476851,3.63480107744317
2014-10-20,2014,"Q4","2014/15","Q2","October",2675.46,2685.35,2680.405,9.88999999999987,0.58474545391482
2014-10-21,2014,"Q4","2014/15","Q2","October",2674.21,2684.2,2679.205,9.98999999999978,-1.19999999999982
2014-10-22,2014,"Q4","2014/15","Q2","October",2690.76562525344,2700.73098666929,2695.74830596137,9.96536141584829,16.5433059613651
2014-10-23,2014,"Q4","2014/15","Q2","October",2699.61341232954,2709.63308040791,2704.62324636872,10.0196680783665,8.87494040735783
2014-10-24,2014,"Q4","2014/15","Q2","October",2701.16,2711.13,2706.145,9.97000000000025,1.52175363127708
2014-10-27,2014,"Q4","2014/15","Q2","October",2698.99482125696,2708.99061236241,2703.99271680968,9.99579110545619,-2.1522831903153
2014-10-28,2014,"Q4","2014/15","Q2","October",2706.44848986054,2716.31585952022,2711.38217469038,9.86736965968066,7.38945788069759
2014-10-29,2014,"Q4","2014/15","Q2","October",2702.22348468749,2712.11716564309,2707.17032516529,9.89368095559712,-4.21184952509066
2014-10-30,2014,"Q4","2014/15","Q2","October",2705.1839157426,2714.9519087837,2710.06791226315,9.767993041095,2.8975870978561
2014-10-31,2014,"Q4","2014/15","Q2","October",2702.38,2712.28,2707.33,9.90000000000009,-2.73791226314779
2014-11-03,2014,"Q4","2014/15","Q2","November",2699.92,2709.47,2704.695,9.54999999999973,-5.37291226314801
2014-11-04,2014,"Q4","2014/15","Q2","November",2692.21,2702.03,2697.12,9.82000000000016,-7.57499999999982
2014-11-05,2014,"Q4","2014/15","Q2","November",2691.47,2701.02,2696.245,9.55000000000018,-0.875
2014-11-06,2014,"Q4","2014/15","Q2","November",2698.62,2707.84,2703.23,9.22000000000025,6.98500000000013
2014-11-07,2014,"Q4","2014/15","Q2","November",2703.09,2713.02,2708.055,9.92999999999984,4.82500000000027
2014-11-10,2014,"Q4","2014/15","Q2","November",2707.86,2717.87,2712.865,10.0099999999998,4.80999999999949
2014-11-11,2014,"Q4","2014/15","Q2","November",2710.02,2719.9,2714.96,9.88000000000011,2.09500000000025
2014-11-12,2014,"Q4","2014/15","Q2","November",2723.73,2733.72,2728.725,9.98999999999978,13.7649999999999
2014-11-13,2014,"Q4","2014/15","Q2","November",2736.47,2746.51,2741.49,10.0400000000004,12.7649999999999
2014-11-14,2014,"Q4","2014/15","Q2","November",2745.05,2754.83,2749.94,9.77999999999975,8.45000000000027
2014-11-17,2014,"Q4","2014/15","Q2","November",2733.16,2742.96,2738.06,9.80000000000018,-11.8800000000001
2014-11-18,2014,"Q4","2014/15","Q2","November",2729.45,2739.15,2734.3,9.70000000000027,-3.75999999999976
2014-11-19,2014,"Q4","2014/15","Q2","November",2737.36,2747.06,2742.21,9.69999999999982,7.90999999999985
2014-11-20,2014,"Q4","2014/15","Q2","November",2740.21,2750.04,2745.125,9.82999999999993,2.91499999999996
2014-11-21,2014,"Q4","2014/15","Q2","November",2743.98,2753.77,2748.875,9.78999999999996,3.75
2014-11-24,2014,"Q4","2014/15","Q2","November",2746.34,2756.09,2751.215,9.75,2.34000000000015
2014-11-25,2014,"Q4","2014/15","Q2","November",2745.31,2754.91,2750.11,9.59999999999991,-1.10500000000047
2014-11-26,2014,"Q4","2014/15","Q2","November",2753.94,2763.73,2758.835,9.78999999999996,8.72500000000036
2014-11-27,2014,"Q4","2014/15","Q2","November",2773.44,2783.45,2778.445,10.0099999999998,19.6099999999997
2014-11-28,2014,"Q4","2014/15","Q2","November",2774.96,2784.93,2779.945,9.9699999999998,1.5
2014-12-01,2014,"Q4","2014/15","Q2","December",2767.53,2777.35,2772.44,9.81999999999971,-7.50499999999965
2014-12-02,2014,"Q4","2014/15","Q2","December",2755.35,2765.4,2760.375,10.0500000000002,-12.0650000000001
2014-12-03,2014,"Q4","2014/15","Q2","December",2759.02396874392,2769.0075968378,2764.01578279086,9.98362809387709,3.64078279086243
2014-12-04,2014,"Q4","2014/15","Q2","December",2757.4,2767.46,2762.43,10.0599999999999,-1.58578279086214
2014-12-05,2014,"Q4","2014/15","Q2","December",2757.74,2767.74,2762.74,10,0.309999999999491
2014-12-08,2014,"Q4","2014/15","Q2","December",2759.73,2769.63,2764.68,9.90000000000009,1.94000000000051
2014-12-09,2014,"Q4","2014/15","Q2","December",2759.64,2769.53,2764.585,9.89000000000033,-0.0950000000002547
2014-12-10,2014,"Q4","2014/15","Q2","December",2759.8,2769.69,2764.745,9.88999999999987,0.159999999999854
2014-12-11,2014,"Q4","2014/15","Q2","December",2759.54,2769.42,2764.48,9.88000000000011,-0.264999999999873
2014-12-12,2014,"Q4","2014/15","Q2","December",2762.64,2772.55,2767.595,9.91000000000031,3.11500000000024
2014-12-15,2014,"Q4","2014/15","Q2","December",2764.66,2774.7,2769.68,10.04,2.08499999999958
2014-12-16,2014,"Q4","2014/15","Q2","December",2775.72,2785.67,2780.695,9.95000000000027,11.0149999999999
2014-12-17,2014,"Q4","2014/15","Q2","December",2776.52,2786.51,2781.515,9.99000000000024,0.820000000000618
2014-12-18,2014,"Q4","2014/15","Q2","December",2773.73,2783.6,2778.665,9.86999999999989,-2.85000000000036
2014-12-19,2014,"Q4","2014/15","Q2","December",2771.49,2781.29,2776.39,9.80000000000018,-2.27500000000009
2014-12-22,2014,"Q4","2014/15","Q2","December",2764.3,2774.24,2769.27,9.9399999999996,-7.11999999999989
2014-12-23,2014,"Q4","2014/15","Q2","December",2760.03,2769.96,2764.995,9.92999999999984,-4.27500000000009
2014-12-24,2014,"Q4","2014/15","Q2","December",2756.46,2766.28,2761.37,9.82000000000016,-3.625
2014-12-29,2014,"Q4","2014/15","Q2","December",2761.66,2771.67,2766.665,10.0100000000002,5.29500000000007
2014-12-30,2014,"Q4","2014/15","Q2","December",2769.25,2779.34,2774.295,10.0900000000001,7.63000000000011
2014-12-31,2014,"Q4","2014/15","Q2","December",2768.06,2778.07,2773.065,10.0100000000002,-1.23000000000002
2015-01-02,2015,"Q1","2014/15","Q3","January",2774,2784.04,2779.02,10.04,5.95499999999993
2015-01-05,2015,"Q1","2014/15","Q3","January",2792,2801.91,2796.955,9.90999999999985,17.9349999999999
2015-01-06,2015,"Q1","2014/15","Q3","January",2805.49,2815.47,2810.48,9.98000000000002,13.5249999999996
2015-01-07,2015,"Q1","2014/15","Q3","January",2826.35,2836.25,2831.3,9.90000000000009,20.8200000000006
2015-01-08,2015,"Q1","2014/15","Q3","January",2841.9,2851.83,2846.865,9.92999999999984,15.5649999999996
2015-01-09,2015,"Q1","2014/15","Q3","January",2845.5,2855.39,2850.445,9.88999999999987,3.57999999999993
2015-01-12,2015,"Q1","2014/15","Q3","January",2859.36,2869.37,2864.365,10.0099999999998,13.9200000000001
2015-01-13,2015,"Q1","2014/15","Q3","January",2861.81,2871.75,2866.78,9.94000000000005,2.41499999999996
2015-01-14,2015,"Q1","2014/15","Q3","January",2885.71,2895.63,2890.67,9.92000000000007,23.8900000000003
2015-01-15,2015,"Q1","2014/15","Q3","January",2890.3,2900.26,2895.28,9.96000000000004,4.61000000000013
2015-01-16,2015,"Q1","2014/15","Q3","January",2889.91,2899.91,2894.91,10,-0.370000000000346
2015-01-19,2015,"Q1","2014/15","Q3","January",2889.51,2899.51,2894.51,10,-0.399999999999636
2015-01-20,2015,"Q1","2014/15","Q3","January",2893.28,2903.28,2898.28,10,3.76999999999998
2015-01-21,2015,"Q1","2014/15","Q3","January",2892.57,2902.49,2897.53,9.91999999999962,-0.750000000000455
2015-01-22,2015,"Q1","2014/15","Q3","January",2882.04,2891.8,2886.92,9.76000000000022,-10.6099999999997
2015-01-23,2015,"Q1","2014/15","Q3","January",2863.43,2873.47,2868.45,10.04,-18.4700000000003
2015-01-27,2015,"Q1","2014/15","Q3","January",2848.91,2858.75,2853.83,9.84000000000015,-14.6199999999999
2015-01-28,2015,"Q1","2014/15","Q3","January",2852.61,2862.4,2857.505,9.78999999999996,3.67500000000018
2015-01-29,2015,"Q1","2014/15","Q3","January",2858.41,2868.33,2863.37,9.92000000000007,5.86499999999978
2015-01-30,2015,"Q1","2014/15","Q3","January",2861.74,2871.8,2866.77,10.0600000000004,3.40000000000009
2015-02-02,2015,"Q1","2014/15","Q3","February",2853.65,2863.75,2858.7,10.0999999999999,-8.07000000000016
2015-02-03,2015,"Q1","2014/15","Q3","February",2855.1,2865.25,2860.175,10.1500000000001,1.47500000000036
2015-02-04,2015,"Q1","2014/15","Q3","February",2859.12,2869.26,2864.19,10.1400000000003,4.01499999999987
2015-02-05,2015,"Q1","2014/15","Q3","February",2857.3,2867.33,2862.315,10.0299999999997,-1.875
2015-02-06,2015,"Q1","2014/15","Q3","February",2856.46,2866.43,2861.445,9.9699999999998,-0.870000000000346
2015-02-09,2015,"Q1","2014/15","Q3","February",2855.75,2865.67,2860.71,9.92000000000007,-0.734999999999673
2015-02-10,2015,"Q1","2014/15","Q3","February",2857.54,2867.38,2862.46,9.84000000000015,1.75
2015-02-11,2015,"Q1","2014/15","Q3","February",2861.28,2871.32,2866.3,10.04,3.84000000000015
2015-02-12,2015,"Q1","2014/15","Q3","February",2864.03,2874.06,2869.045,10.0299999999997,2.74499999999989
2015-02-13,2015,"Q1","2014/15","Q3","February",2864.45,2874.28,2869.365,9.83000000000038,0.319999999999709
2015-02-16,2015,"Q1","2014/15","Q3","February",2858.16,2868.17,2863.165,10.0100000000002,-6.19999999999982
2015-02-17,2015,"Q1","2014/15","Q3","February",2858.12,2868.19,2863.155,10.0700000000002,-0.0100000000002183
2015-02-18,2015,"Q1","2014/15","Q3","February",2858.8,2868.8,2863.8,10,0.645000000000437
2015-02-19,2015,"Q1","2014/15","Q3","February",2860.55,2870.58,2865.565,10.0299999999997,1.76499999999987
2015-02-20,2015,"Q1","2014/15","Q3","February",2862.59,2872.71,2867.65,10.1199999999999,2.08500000000004
2015-02-23,2015,"Q1","2014/15","Q3","February",2869.83,2879.81,2874.82,9.98000000000002,7.16999999999962
2015-02-24,2015,"Q1","2014/15","Q3","February",2873.1,2883.05,2878.075,9.95000000000027,3.25500000000011
2015-02-25,2015,"Q1","2014/15","Q3","February",2876.69,2886.67,2881.68,9.98000000000002,3.60500000000047
2015-02-26,2015,"Q1","2014/15","Q3","February",2885.16,2895.15,2890.155,9.99000000000024,8.47499999999945
2015-02-27,2015,"Q1","2014/15","Q3","February",2889.18,2899.18,2894.18,10,4.02500000000009
2015-03-02,2015,"Q1","2014/15","Q3","March",2886.63,2896.61,2891.62,9.98000000000002,-2.55999999999995
2015-03-03,2015,"Q1","2014/15","Q3","March",2897.11,2907.11,2902.11,10,10.4900000000002
2015-03-04,2015,"Q1","2014/15","Q3","March",2920.03,2930.1,2925.065,10.0699999999997,22.9549999999999
2015-03-05,2015,"Q1","2014/15","Q3","March",2939.72,2949.81,2944.765,10.0900000000001,19.6999999999998
2015-03-06,2015,"Q1","2014/15","Q3","March",2943.34,2953.37,2948.355,10.0299999999997,3.59000000000015
2015-03-09,2015,"Q1","2014/15","Q3","March",2968.2,2978.19,2973.195,9.99000000000024,24.8399999999997
2015-03-10,2015,"Q1","2014/15","Q3","March",2987.81,2997.79,2992.8,9.98000000000002,19.6050000000005
2015-03-11,2015,"Q1","2014/15","Q3","March",3021.59,3031.6,3026.595,10.0099999999998,33.7950000000001
2015-03-12,2015,"Q1","2014/15","Q3","March",3022.00769687354,3031.98205539457,3026.99487613406,9.97435852102581,0.399876134055376
2015-03-13,2015,"Q1","2014/15","Q3","March",2926.05,2936.02,2931.035,9.9699999999998,-95.9598761340558
2015-03-16,2015,"Q1","2014/15","Q3","March",2923.47,2933.13,2928.3,9.66000000000031,-2.73499999999967
2015-03-17,2015,"Q1","2014/15","Q3","March",2909.12,2918.9,2914.01,9.7800000000002,-14.29
2015-03-18,2015,"Q1","2014/15","Q3","March",2894.09,2904.06,2899.075,9.9699999999998,-14.9350000000004
2015-03-19,2015,"Q1","2014/15","Q3","March",2893.03,2902.94,2897.985,9.90999999999985,-1.08999999999969
2015-03-20,2015,"Q1","2014/15","Q3","March",2929.18,2939.11,2934.145,9.93000000000029,36.1599999999999
2015-03-23,2015,"Q1","2014/15","Q3","March",2948.37,2958.37,2953.37,10,19.2249999999999
2015-03-24,2015,"Q1","2014/15","Q3","March",2972.11,2982.11,2977.11,10,23.7400000000002
2015-03-25,2015,"Q1","2014/15","Q3","March",2973.21,2983.21,2978.21,10,1.09999999999991
2015-03-26,2015,"Q1","2014/15","Q3","March",2970.95,2980.95,2975.95,10,-2.26000000000022
2015-03-27,2015,"Q1","2014/15","Q3","March",2970.49,2980.11,2975.3,9.62000000000035,-0.649999999999636
2015-03-30,2015,"Q1","2014/15","Q3","March",2966.59,2976.59,2971.59,10,-3.71000000000004
2015-03-31,2015,"Q1","2014/15","Q3","March",2965.63,2975.63,2970.63,10,-0.960000000000036
2015-04-01,2015,"Q2","2014/15","Q4","April",2980.76,2990.76,2985.76,10,15.1300000000001
2015-04-02,2015,"Q2","2014/15","Q4","April",2996.1,3006.03,3001.065,9.93000000000029,15.3049999999998
2015-04-07,2015,"Q2","2014/15","Q4","April",2990.46,3000.37,2995.415,9.90999999999985,-5.65000000000009
2015-04-08,2015,"Q2","2014/15","Q4","April",2977.86,2987.84,2982.85,9.98000000000002,-12.5649999999996
2015-04-09,2015,"Q2","2014/15","Q4","April",2964.89,2974.76,2969.825,9.87000000000035,-13.0250000000005
2015-04-10,2015,"Q2","2014/15","Q4","April",2970.05,2979.94,2974.995,9.88999999999987,5.17000000000007
2015-04-13,2015,"Q2","2014/15","Q4","April",2978.08,2987.95,2983.015,9.86999999999989,8.01999999999998
2015-04-14,2015,"Q2","2014/15","Q4","April",2996.89,3006.89,3001.89,10,18.875
2015-04-15,2015,"Q2","2014/15","Q4","April",2998.32,3008.32,3003.32,10,1.43000000000029
2015-04-16,2015,"Q2","2014/15","Q4","April",3000.11,3010.05,3005.08,9.94000000000005,1.75999999999976
2015-04-17,2015,"Q2","2014/15","Q4","April",2994.46,3004.37,2999.415,9.90999999999985,-5.66499999999996
2015-04-20,2015,"Q2","2014/15","Q4","April",2996.87,3006.68,3001.775,9.80999999999995,2.35999999999967
2015-04-21,2015,"Q2","2014/15","Q4","April",3001.13,3011.03,3006.08,9.90000000000009,4.30500000000029
2015-04-22,2015,"Q2","2014/15","Q4","April",3002.29,3012.23,3007.26,9.94000000000005,1.18000000000029
2015-04-23,2015,"Q2","2014/15","Q4","April",2994.39,3004.39,2999.39,10,-7.87000000000035
2015-04-24,2015,"Q2","2014/15","Q4","April",2998.36,3008.27,3003.315,9.90999999999985,3.92500000000018
2015-04-27,2015,"Q2","2014/15","Q4","April",2997.44,3007.44,3002.44,10,-0.875
2015-04-28,2015,"Q2","2014/15","Q4","April",2996.59,3006.59,3001.59,10,-0.849999999999909
2015-04-29,2015,"Q2","2014/15","Q4","April",2994.61,3004.61,2999.61,10,-1.98000000000002
2015-04-30,2015,"Q2","2014/15","Q4","April",2982.47,2992.47,2987.47,10,-12.1400000000003
2015-05-04,2015,"Q2","2014/15","Q4","May",2994.88,3004.88,2999.88,10,12.4100000000003
2015-05-05,2015,"Q2","2014/15","Q4","May",2996.75,3006.75,3001.75,10,1.86999999999989
2015-05-06,2015,"Q2","2014/15","Q4","May",2994.03,3004.01,2999.02,9.98000000000002,-2.72999999999956
2015-05-07,2015,"Q2","2014/15","Q4","May",2996.71,3006.62,3001.665,9.90999999999985,2.64499999999953
2015-05-08,2015,"Q2","2014/15","Q4","May",3000.32,3010.23,3005.275,9.90999999999985,3.61000000000013
2015-05-11,2015,"Q2","2014/15","Q4","May",2997.04,3006.99,3002.015,9.94999999999982,-3.26000000000022
2015-05-12,2015,"Q2","2014/15","Q4","May",2994.52,3004.49,2999.505,9.9699999999998,-2.50999999999976
2015-05-13,2015,"Q2","2014/15","Q4","May",2990.17,3000.17,2995.17,10,-4.33500000000004
2015-05-14,2015,"Q2","2014/15","Q4","May",2990.07,3000.04,2995.055,9.9699999999998,-0.114999999999782
2015-05-15,2015,"Q2","2014/15","Q4","May",2990.51,3000.48,2995.495,9.9699999999998,0.4399999999996
2015-05-18,2015,"Q2","2014/15","Q4","May",2993.57,3003.57,2998.57,10,3.07500000000027
2015-05-19,2015,"Q2","2014/15","Q4","May",2993.07,3003.07,2998.07,10,-0.5
2015-05-20,2015,"Q2","2014/15","Q4","May",2989,2998.99,2993.995,9.98999999999978,-4.07500000000027
2015-05-21,2015,"Q2","2014/15","Q4","May",2989.12,2999.12,2994.12,10,0.125
2015-05-22,2015,"Q2","2014/15","Q4","May",2993.59,3003.59,2998.59,10,4.47000000000025
2015-05-25,2015,"Q2","2014/15","Q4","May",2998.17,3008.17,3003.17,10,4.57999999999993
2015-05-26,2015,"Q2","2014/15","Q4","May",3022.16,3032.09,3027.125,9.93000000000029,23.9549999999999
2015-05-27,2015,"Q2","2014/15","Q4","May",3032.55,3042.55,3037.55,10,10.4250000000002
2015-05-28,2015,"Q2","2014/15","Q4","May",3046.75,3056.75,3051.75,10,14.1999999999998
2015-05-29,2015,"Q2","2014/15","Q4","May",3049.29,3059.29,3054.29,10,2.53999999999996
2015-06-01,2015,"Q2","2014/15","Q4","June",3061.28,3071.28,3066.28,10,11.9900000000002
2015-06-02,2015,"Q2","2014/15","Q4","June",3071.88,3081.88,3076.88,10,10.5999999999999
2015-06-04,2015,"Q2","2014/15","Q4","June",3077.71,3087.71,3082.71,10,5.82999999999993
2015-06-05,2015,"Q2","2014/15","Q4","June",3078.68,3088.67,3083.675,9.99000000000024,0.965000000000146
2015-06-08,2015,"Q2","2014/15","Q4","June",3100.22,3110.22,3105.22,10,21.5449999999996
2015-06-10,2015,"Q2","2014/15","Q4","June",3117.94,3127.94,3122.94,10,17.7200000000003
2015-06-11,2015,"Q2","2014/15","Q4","June",3140.03,3150.03,3145.03,10,22.0900000000001
2015-06-12,2015,"Q2","2014/15","Q4","June",3158.8,3168.8,3163.8,10,18.77
2015-06-15,2015,"Q2","2014/15","Q4","June",3170.16,3180.38,3175.27,10.2200000000003,11.4699999999998
2015-06-16,2015,"Q2","2014/15","Q4","June",3185.83,3195.83,3190.83,10,15.5599999999999
2015-06-17,2015,"Q2","2014/15","Q4","June",3204.41,3214.39,3209.4,9.98000000000002,18.5699999999997
2015-06-18,2015,"Q2","2014/15","Q4","June",3252.91,3262.91,3257.91,10,48.5100000000002
2015-06-19,2015,"Q2","2014/15","Q4","June",3290.86,3300.86,3295.86,10,37.9500000000003
2015-06-22,2015,"Q2","2014/15","Q4","June",3291,3301,3296,10,0.139999999999873
2015-06-23,2015,"Q2","2014/15","Q4","June",3312.48,3322.48,3317.48,10,21.48
2015-06-24,2015,"Q2","2014/15","Q4","June",3297.46,3307.46,3302.46,10,-15.02
2015-06-25,2015,"Q2","2014/15","Q4","June",3272.55,3282.55,3277.55,10,-24.9099999999999
2015-06-26,2015,"Q2","2014/15","Q4","June",3253.22,3263.22,3258.22,10,-19.3300000000004
2015-06-29,2015,"Q2","2014/15","Q4","June",3263.77,3273.77,3268.77,10,10.5500000000002
2015-06-30,2015,"Q2","2014/15","Q4","June",3296.77,3306.77,3301.77,10,33
2015-07-01,2015,"Q3","2015/16","Q1","July",3301.46,3311.46,3306.46,10,4.69000000000005
2015-07-02,2015,"Q3","2015/16","Q1","July",3307.59,3317.59,3312.59,10,6.13000000000011
2015-07-03,2015,"Q3","2015/16","Q1","July",3359.58,3369.58,3364.58,10,51.9899999999998
2015-07-06,2015,"Q3","2015/16","Q1","July",3411.71,3421.71,3416.71,10,52.1300000000001
2015-07-07,2015,"Q3","2015/16","Q1","July",3454.36,3464.36,3459.36,10,42.6500000000001
2015-07-08,2015,"Q3","2015/16","Q1","July",3526.26,3536.26,3531.26,10,71.9000000000001
2015-07-09,2015,"Q3","2015/16","Q1","July",3465.81,3475.81,3470.81,10,-60.4500000000003
2015-07-10,2015,"Q3","2015/16","Q1","July",3308.77,3318.77,3313.77,10,-157.04
2015-07-13,2015,"Q3","2015/16","Q1","July",3248.77,3258.77,3253.77,10,-60
2015-07-14,2015,"Q3","2015/16","Q1","July",3282.38,3292.38,3287.38,10,33.6100000000001
2015-07-15,2015,"Q3","2015/16","Q1","July",3319.71,3329.71,3324.71,10,37.3299999999999
2015-07-16,2015,"Q3","2015/16","Q1","July",3320.29,3330.29,3325.29,10,0.579999999999927
2015-07-20,2015,"Q3","2015/16","Q1","July",3313,3323,3318,10,-7.28999999999996
2015-07-21,2015,"Q3","2015/16","Q1","July",3290.55,3300.55,3295.55,10,-22.4499999999998
2015-07-22,2015,"Q3","2015/16","Q1","July",3289.49,3299.49,3294.49,10,-1.0600000000004
2015-07-23,2015,"Q3","2015/16","Q1","July",3305.42,3315.42,3310.42,10,15.9300000000003
2015-07-24,2015,"Q3","2015/16","Q1","July",3330.94,3340.94,3335.94,10,25.52
2015-07-27,2015,"Q3","2015/16","Q1","July",3350.94,3360.94,3355.94,10,20
2015-07-28,2015,"Q3","2015/16","Q1","July",3402.71,3412.71,3407.71,10,51.77
2015-07-29,2015,"Q3","2015/16","Q1","July",3397.22,3407.22,3402.22,10,-5.49000000000024
2015-07-30,2015,"Q3","2015/16","Q1","July",3404.3,3414.3,3409.3,10,7.08000000000038
2015-07-31,2015,"Q3","2015/16","Q1","July",3420.81,3430.81,3425.81,10,16.5099999999998
2015-08-03,2015,"Q3","2015/16","Q1","August",3438.77,3448.77,3443.77,10,17.96
2015-08-04,2015,"Q3","2015/16","Q1","August",3456.71,3466.71,3461.71,10,17.9400000000001
2015-08-05,2015,"Q3","2015/16","Q1","August",3483.52,3493.52,3488.52,10,26.8099999999999
2015-08-06,2015,"Q3","2015/16","Q1","August",3503.94,3513.94,3508.94,10,20.4200000000001
2015-08-07,2015,"Q3","2015/16","Q1","August",3521.36,3531.36,3526.36,10,17.4200000000001
2015-08-10,2015,"Q3","2015/16","Q1","August",3534.64,3544.64,3539.64,10,13.2799999999997
2015-08-11,2015,"Q3","2015/16","Q1","August",3539.77,3549.72,3544.745,9.94999999999982,5.10500000000002
2015-08-12,2015,"Q3","2015/16","Q1","August",3539.23,3549.23,3544.23,10,-0.514999999999873
2015-08-13,2015,"Q3","2015/16","Q1","August",3543.77,3553.65,3548.71,9.88000000000011,4.48000000000002
2015-08-14,2015,"Q3","2015/16","Q1","August",3539.36,3549.3,3544.33,9.94000000000005,-4.38000000000011
2015-08-17,2015,"Q3","2015/16","Q1","August",3539.28,3549.28,3544.28,10,-0.0499999999997272
2015-08-18,2015,"Q3","2015/16","Q1","August",3540.83,3550.83,3545.83,10,1.54999999999973
2015-08-19,2015,"Q3","2015/16","Q1","August",3549.48,3559.48,3554.48,10,8.65000000000009
2015-08-20,2015,"Q3","2015/16","Q1","August",3567.25,3577.25,3572.25,10,17.77
2015-08-21,2015,"Q3","2015/16","Q1","August",3584.3,3594.28,3589.29,9.98000000000002,17.04
2015-08-24,2015,"Q3","2015/16","Q1","August",3626.81,3636.81,3631.81,10,42.52
2015-08-25,2015,"Q3","2015/16","Q1","August",3516.16,3526.16,3521.16,10,-110.65
2015-08-26,2015,"Q3","2015/16","Q1","August",3539.49,3549.49,3544.49,10,23.3299999999999
2015-08-27,2015,"Q3","2015/16","Q1","August",3563.41,3573.41,3568.41,10,23.9200000000001
2015-08-28,2015,"Q3","2015/16","Q1","August",3626.93,3636.93,3631.93,10,63.52
2015-08-31,2015,"Q3","2015/16","Q1","August",3653.39,3663.39,3658.39,10,26.46
2015-09-01,2015,"Q3","2015/16","Q1","September",3666.36,3676.36,3671.36,10,12.9700000000003
2015-09-02,2015,"Q3","2015/16","Q1","September",3671.72,3681.72,3676.72,10,5.35999999999967
2015-09-03,2015,"Q3","2015/16","Q1","September",3669.36,3679.36,3674.36,10,-2.35999999999967
2015-09-04,2015,"Q3","2015/16","Q1","September",3669.36,3679.36,3674.36,10,0
2015-09-07,2015,"Q3","2015/16","Q1","September",3669.36,3679.36,3674.36,10,0
2015-09-08,2015,"Q3","2015/16","Q1","September",3662.9,3672.9,3667.9,10,-6.46000000000004
2015-09-09,2015,"Q3","2015/16","Q1","September",3656.58,3666.58,3661.58,10,-6.32000000000016
2015-09-10,2015,"Q3","2015/16","Q1","September",3658.32,3668.32,3663.32,10,1.74000000000024
2015-09-11,2015,"Q3","2015/16","Q1","September",3660.36,3670.36,3665.36,10,2.03999999999996
2015-09-14,2015,"Q3","2015/16","Q1","September",3660.99,3670.99,3665.99,10,0.629999999999654
2015-09-15,2015,"Q3","2015/16","Q1","September",3660.57,3670.57,3665.57,10,-0.419999999999618
2015-09-16,2015,"Q3","2015/16","Q1","September",3648.94,3658.94,3653.94,10,-11.6300000000001
2015-09-17,2015,"Q3","2015/16","Q1","September",3651.3,3661.3,3656.3,10,2.36000000000013
2015-09-18,2015,"Q3","2015/16","Q1","September",3656.16,3666.16,3661.16,10,4.85999999999967
2015-09-21,2015,"Q3","2015/16","Q1","September",3656.06,3666.06,3661.06,10,-0.0999999999999091
2015-09-22,2015,"Q3","2015/16","Q1","September",3654.75,3664.75,3659.75,10,-1.30999999999995
2015-09-23,2015,"Q3","2015/16","Q1","September",3654.93,3664.93,3659.93,10,0.179999999999836
2015-09-25,2015,"Q3","2015/16","Q1","September",3655.88,3665.88,3660.88,10,0.950000000000273
2015-09-28,2015,"Q3","2015/16","Q1","September",3660.19,3670.19,3665.19,10,4.30999999999995
2015-09-29,2015,"Q3","2015/16","Q1","September",3678.26,3688.26,3683.26,10,18.0700000000002
2015-09-30,2015,"Q3","2015/16","Q1","September",3690.25,3700.25,3695.25,10,11.9899999999998
2015-10-01,2015,"Q4","2015/16","Q2","October",3688.91,3698.91,3693.91,10,-1.34000000000015
2015-10-02,2015,"Q4","2015/16","Q2","October",3687.12,3697.12,3692.12,10,-1.78999999999996
2015-10-05,2015,"Q4","2015/16","Q2","October",3682.65,3692.65,3687.65,10,-4.4699999999998
2015-10-06,2015,"Q4","2015/16","Q2","October",3680.42,3690.42,3685.42,10,-2.23000000000002
2015-10-07,2015,"Q4","2015/16","Q2","October",3680.81,3690.81,3685.81,10,0.389999999999873
2015-10-08,2015,"Q4","2015/16","Q2","October",3679.62,3689.62,3684.62,10,-1.19000000000005
2015-10-12,2015,"Q4","2015/16","Q2","October",3672.16,3681.94,3677.05,9.7800000000002,-7.56999999999971
2015-10-13,2015,"Q4","2015/16","Q2","October",3666.07,3675.93,3671,9.85999999999967,-6.05000000000018
2015-10-14,2015,"Q4","2015/16","Q2","October",3672.8,3682.8,3677.8,10,6.80000000000018
2015-10-15,2015,"Q4","2015/16","Q2","October",3669.07,3679.07,3674.07,10,-3.73000000000002
2015-10-16,2015,"Q4","2015/16","Q2","October",3657.19,3667.19,3662.19,10,-11.8800000000001
2015-10-19,2015,"Q4","2015/16","Q2","October",3635.61,3645.46,3640.535,9.84999999999991,-21.6550000000002
2015-10-20,2015,"Q4","2015/16","Q2","October",3624.9,3634.9,3629.9,10,-10.6349999999998
2015-10-21,2015,"Q4","2015/16","Q2","October",3607.75,3617.75,3612.75,10,-17.1500000000001
2015-10-22,2015,"Q4","2015/16","Q2","October",3615.35,3625.35,3620.35,10,7.59999999999991
2015-10-23,2015,"Q4","2015/16","Q2","October",3599.07,3609.07,3604.07,10,-16.2799999999997
2015-10-26,2015,"Q4","2015/16","Q2","October",3565.91,3575.91,3570.91,10,-33.1600000000003
2015-10-27,2015,"Q4","2015/16","Q2","October",3525.68,3535.68,3530.68,10,-40.23
2015-10-28,2015,"Q4","2015/16","Q2","October",3533.46,3543.46,3538.46,10,7.7800000000002
2015-10-29,2015,"Q4","2015/16","Q2","October",3552.03,3562.03,3557.03,10,18.5700000000002
2015-10-30,2015,"Q4","2015/16","Q2","October",3555.19,3565.19,3560.19,10,3.15999999999985
2015-11-02,2015,"Q4","2015/16","Q2","November",3548.28,3558.28,3553.28,10,-6.90999999999985
2015-11-03,2015,"Q4","2015/16","Q2","November",3532.62,3542.62,3537.62,10,-15.6600000000003
2015-11-04,2015,"Q4","2015/16","Q2","November",3484.71,3494.71,3489.71,10,-47.9099999999999
2015-11-05,2015,"Q4","2015/16","Q2","November",3421.88,3431.88,3426.88,10,-62.8299999999999
2015-11-06,2015,"Q4","2015/16","Q2","November",3382.51,3392.51,3387.51,10,-39.3699999999999
2015-11-09,2015,"Q4","2015/16","Q2","November",3407.72,3417.72,3412.72,10,25.2099999999996
2015-11-10,2015,"Q4","2015/16","Q2","November",3458.41,3468.23,3463.32,9.82000000000016,50.5999999999999
2015-11-11,2015,"Q4","2015/16","Q2","November",3490.87,3500.87,3495.87,10,32.5500000000002
2015-11-12,2015,"Q4","2015/16","Q2","November",3513.19,3523.19,3518.19,10,22.3200000000002
2015-11-13,2015,"Q4","2015/16","Q2","November",3479.96,3489.96,3484.96,10,-33.23
2015-11-16,2015,"Q4","2015/16","Q2","November",3465.7,3475.7,3470.7,10,-14.2600000000002
2015-11-17,2015,"Q4","2015/16","Q2","November",3440.09,3450.01,3445.05,9.92000000000007,-25.6499999999996
2015-11-18,2015,"Q4","2015/16","Q2","November",3374.58,3384.58,3379.58,10,-65.4700000000003
2015-11-19,2015,"Q4","2015/16","Q2","November",3350.87,3360.87,3355.87,10,-23.71
2015-11-20,2015,"Q4","2015/16","Q2","November",3364.35,3374.35,3369.35,10,13.48
2015-11-23,2015,"Q4","2015/16","Q2","November",3383.13,3392.99,3388.06,9.85999999999967,18.71
2015-11-24,2015,"Q4","2015/16","Q2","November",3380.1,3390.1,3385.1,10,-2.96000000000004
2015-11-25,2015,"Q4","2015/16","Q2","November",3366.17,3376.17,3371.17,10,-13.9299999999998
2015-11-26,2015,"Q4","2015/16","Q2","November",3356.64,3366.64,3361.64,10,-9.5300000000002
2015-11-27,2015,"Q4","2015/16","Q2","November",3350.26,3360.26,3355.26,10,-6.37999999999965
2015-11-30,2015,"Q4","2015/16","Q2","November",3352.12,3362.12,3357.12,10,1.85999999999967
2015-12-01,2015,"Q4","2015/16","Q2","December",3337.83,3347.83,3342.83,10,-14.29
2015-12-02,2015,"Q4","2015/16","Q2","December",3328.29,3338.29,3333.29,10,-9.53999999999996
2015-12-03,2015,"Q4","2015/16","Q2","December",3310.95652173913,3320.95652173913,3315.95652173913,10,-17.3334782608695
2015-12-04,2015,"Q4","2015/16","Q2","December",3314.68,3324.68,3319.68,10,3.72347826086934
2015-12-07,2015,"Q4","2015/16","Q2","December",3314.35,3324.35,3319.35,10,-0.329999999999927
2015-12-08,2015,"Q4","2015/16","Q2","December",3312.3,3322.3,3317.3,10,-2.04999999999973
2015-12-09,2015,"Q4","2015/16","Q2","December",3302.65,3312.65,3307.65,10,-9.65000000000009
2015-12-10,2015,"Q4","2015/16","Q2","December",3324.97,3334.97,3329.97,10,22.3199999999997
2015-12-11,2015,"Q4","2015/16","Q2","December",3414.42,3424.42,3419.42,10,89.4500000000003
2015-12-14,2015,"Q4","2015/16","Q2","December",3461.09,3471.09,3466.09,10,46.6700000000001
2015-12-15,2015,"Q4","2015/16","Q2","December",3425.87,3435.87,3430.87,10,-35.2200000000003
2015-12-16,2015,"Q4","2015/16","Q2","December",3389.13,3399.13,3394.13,10,-36.7399999999998
2015-12-17,2015,"Q4","2015/16","Q2","December",3410.84,3420.84,3415.84,10,21.71
2015-12-18,2015,"Q4","2015/16","Q2","December",3378.74,3388.74,3383.74,10,-32.1000000000004
2015-12-21,2015,"Q4","2015/16","Q2","December",3342.03,3352.03,3347.03,10,-36.7099999999996
2015-12-22,2015,"Q4","2015/16","Q2","December",3320.58,3330.58,3325.58,10,-21.4500000000003
2015-12-23,2015,"Q4","2015/16","Q2","December",3333.97,3343.97,3338.97,10,13.3899999999999
2015-12-24,2015,"Q4","2015/16","Q2","December",3347.65,3357.65,3352.65,10,13.6800000000003
2015-12-28,2015,"Q4","2015/16","Q2","December",3365.35,3375.35,3370.35,10,17.6999999999998
2015-12-29,2015,"Q4","2015/16","Q2","December",3378.29,3388.29,3383.29,10,12.9400000000001
2015-12-30,2015,"Q4","2015/16","Q2","December",3378.84,3388.84,3383.84,10,0.550000000000182
2015-12-31,2015,"Q4","2015/16","Q2","December",3372.01,3382.01,3377.01,10,-6.82999999999993
2016-01-04,2016,"Q1","2015/16","Q3","January",3373.32,3383.32,3378.32,10,1.30999999999995
2016-01-05,2016,"Q1","2015/16","Q3","January",3393.46,3403.46,3398.46,10,20.1399999999999
2016-01-06,2016,"Q1","2015/16","Q3","January",3388.19,3398.19,3393.19,10,-5.26999999999998
2016-01-07,2016,"Q1","2015/16","Q3","January",3389.74,3399.74,3394.74,10,1.54999999999973
2016-01-08,2016,"Q1","2015/16","Q3","January",3421.19,3431.19,3426.19,10,31.4500000000003
2016-01-11,2016,"Q1","2015/16","Q3","January",3423.17,3433.17,3428.17,10,1.98000000000002
2016-01-12,2016,"Q1","2015/16","Q3","January",3439.12,3449.12,3444.12,10,15.9499999999998
2016-01-13,2016,"Q1","2015/16","Q3","January",3461.99,3471.99,3466.99,10,22.8699999999999
2016-01-14,2016,"Q1","2015/16","Q3","January",3473.22,3483.22,3478.22,10,11.23
2016-01-15,2016,"Q1","2015/16","Q3","January",3480.22,3490.22,3485.22,10,7
2016-01-18,2016,"Q1","2015/16","Q3","January",3469.23,3479.23,3474.23,10,-10.9899999999998
2016-01-19,2016,"Q1","2015/16","Q3","January",3469.8,3479.8,3474.8,10,0.570000000000164
2016-01-20,2016,"Q1","2015/16","Q3","January",3470.97,3480.97,3475.97,10,1.16999999999962
2016-01-21,2016,"Q1","2015/16","Q3","January",3467.35,3477.35,3472.35,10,-3.61999999999989
2016-01-22,2016,"Q1","2015/16","Q3","January",3465.16,3475.16,3470.16,10,-2.19000000000005
2016-01-25,2016,"Q1","2015/16","Q3","January",3470.17,3480.17,3475.17,10,5.01000000000022
2016-01-27,2016,"Q1","2015/16","Q3","January",3471.64,3481.64,3476.64,10,1.4699999999998
2016-01-28,2016,"Q1","2015/16","Q3","January",3475.48,3485.48,3480.48,10,3.84000000000015
2016-01-29,2016,"Q1","2015/16","Q3","January",3474.55,3484.55,3479.55,10,-0.929999999999836
2016-02-01,2016,"Q1","2015/16","Q3","February",3472.9,3482.9,3477.9,10,-1.65000000000009
2016-02-02,2016,"Q1","2015/16","Q3","February",3473.26,3483.26,3478.26,10,0.360000000000127
2016-02-03,2016,"Q1","2015/16","Q3","February",3466.96,3476.96,3471.96,10,-6.30000000000018
2016-02-04,2016,"Q1","2015/16","Q3","February",3461.14,3471.14,3466.14,10,-5.82000000000016
2016-02-05,2016,"Q1","2015/16","Q3","February",3447.22,3457.22,3452.22,10,-13.9200000000001
2016-02-08,2016,"Q1","2015/16","Q3","February",3438.94,3448.94,3443.94,10,-8.27999999999975
2016-02-09,2016,"Q1","2015/16","Q3","February",3452.17,3462.17,3457.17,10,13.23
2016-02-10,2016,"Q1","2015/16","Q3","February",3459.07,3469.07,3464.07,10,6.90000000000009
2016-02-11,2016,"Q1","2015/16","Q3","February",3458.93,3468.93,3463.93,10,-0.140000000000327
2016-02-12,2016,"Q1","2015/16","Q3","February",3434.74,3444.74,3439.74,10,-24.1900000000001
2016-02-15,2016,"Q1","2015/16","Q3","February",3410.14,3420.14,3415.14,10,-24.5999999999999
2016-02-17,2016,"Q1","2015/16","Q3","February",3427.71,3437.71,3432.71,10,17.5700000000002
2016-02-19,2016,"Q1","2015/16","Q3","February",3425.43,3435.43,3430.43,10,-2.2800000000002
2016-02-22,2016,"Q1","2015/16","Q3","February",3434.3,3444.3,3439.3,10,8.87000000000035
2016-02-23,2016,"Q1","2015/16","Q3","February",3415.87,3425.87,3420.87,10,-18.4300000000003
2016-02-25,2016,"Q1","2015/16","Q3","February",3371.88,3381.88,3376.88,10,-43.9899999999998
2016-02-26,2016,"Q1","2015/16","Q3","February",3347.84057971014,3357.84057971014,3352.84057971014,10,-24.0394202898556
2016-02-29,2016,"Q1","2015/16","Q3","February",3343.55072463768,3353.55072463768,3348.55072463768,10.0000000000005,-4.28985507246261
2016-03-01,2016,"Q1","2015/16","Q3","March",3336.49275362319,3346.49275362319,3341.49275362319,10,-7.05797101449298
2016-03-02,2016,"Q1","2015/16","Q3","March",3334.75,3344.75,3339.75,10,-1.74275362318895
2016-03-03,2016,"Q1","2015/16","Q3","March",3343.78260869565,3353.78260869565,3348.78260869565,10,9.03260869565156
2016-03-04,2016,"Q1","2015/16","Q3","March",3370.60869565217,3380.60869565217,3375.60869565217,10,26.8260869565224
2016-03-07,2016,"Q1","2015/16","Q3","March",3370.59420289855,3380.59420289855,3375.59420289855,10,-0.0144927536230171
2016-03-09,2016,"Q1","2015/16","Q3","March",3361,3371,3366,10,-9.59420289855098
2016-03-10,2016,"Q1","2015/16","Q3","March",3352.26086956522,3362.26086956522,3357.26086956522,10,-8.73913043478251
2016-03-11,2016,"Q1","2015/16","Q3","March",3348.19,3358.19,3353.19,10,-4.07086956521744
2016-03-14,2016,"Q1","2015/16","Q3","March",3355.04,3365.04,3360.04,10,6.84999999999991
2016-03-15,2016,"Q1","2015/16","Q3","March",3355.54,3365.54,3360.54,10,0.5
2016-03-16,2016,"Q1","2015/16","Q3","March",3358.58,3368.58,3363.58,10,3.03999999999996
2016-03-17,2016,"Q1","2015/16","Q3","March",3368.49,3378.49,3373.49,10,9.90999999999985
2016-03-18,2016,"Q1","2015/16","Q3","March",3369.59420289855,3379.59420289855,3374.59420289855,10,1.10420289855119
2016-03-21,2016,"Q1","2015/16","Q3","March",3369.84057971015,3379.84057971015,3374.84057971015,10,0.246376811594473
2016-03-22,2016,"Q1","2015/16","Q3","March",3369.86956521739,3379.86956521739,3374.86956521739,10,0.0289855072460341
2016-03-23,2016,"Q1","2015/16","Q3","March",3371.14492753623,3381.14492753623,3376.14492753623,10,1.2753623188396
2016-03-24,2016,"Q1","2015/16","Q3","March",3370.4347826087,3380.4347826087,3375.4347826087,10,-0.710144927536021
2016-03-29,2016,"Q1","2015/16","Q3","March",3368.47826086957,3378.47826086957,3373.47826086957,10,-1.95652173912913
2016-03-30,2016,"Q1","2015/16","Q3","March",3365.8115942029,3375.8115942029,3370.8115942029,10,-2.66666666666697
2016-03-31,2016,"Q1","2015/16","Q3","March",3369.4347826087,3379.4347826087,3374.4347826087,10,3.62318840579746
2016-04-01,2016,"Q2","2015/16","Q4","April",3367.32,3377.32,3372.32,10,-2.11478260869626
2016-04-04,2016,"Q2","2015/16","Q4","April",3361.39,3371.39,3366.39,10,-5.93000000000029
2016-04-05,2016,"Q2","2015/16","Q4","April",3361.05797101449,3371.05797101449,3366.05797101449,10,-0.332028985506895
2016-04-06,2016,"Q2","2015/16","Q4","April",3359.34782608696,3369.34782608696,3364.34782608696,10,-1.71014492753648
2016-04-07,2016,"Q2","2015/16","Q4","April",3358.92753623188,3368.92753623188,3363.92753623188,10,-0.420289855072042
2016-04-08,2016,"Q2","2015/16","Q4","April",3350.24637681159,3360.24637681159,3355.24637681159,10,-8.68115942028953
2016-04-11,2016,"Q2","2015/16","Q4","April",3345.73913043478,3355.73913043478,3350.73913043478,10,-4.50724637681242
2016-04-12,2016,"Q2","2015/16","Q4","April",3344.72463768116,3354.72463768116,3349.72463768116,10,-1.01449275362302
2016-04-13,2016,"Q2","2015/16","Q4","April",3343.07246376812,3353.07246376812,3348.07246376812,10,-1.6521739130435
2016-04-14,2016,"Q2","2015/16","Q4","April",3340.40579710145,3350.40579710145,3345.40579710145,10,-2.66666666666697
2016-04-15,2016,"Q2","2015/16","Q4","April",3335.53623188406,3345.53623188406,3340.53623188406,10,-4.86956521739057
2016-04-18,2016,"Q2","2015/16","Q4","April",3332.73913043478,3342.73913043478,3337.73913043478,10,-2.79710144927594
2016-04-19,2016,"Q2","2015/16","Q4","April",3327.59420289855,3337.59420289855,3332.59420289855,10,-5.14492753623153
2016-04-20,2016,"Q2","2015/16","Q4","April",3314.15942028985,3324.15942028985,3319.15942028985,10,-13.4347826086964
2016-04-21,2016,"Q2","2015/16","Q4","April",3309.76811594203,3319.76811594203,3314.76811594203,10,-4.39130434782646
2016-04-22,2016,"Q2","2015/16","Q4","April",3305.98550724638,3315.98550724638,3310.98550724638,10,-3.78260869565111
2016-04-25,2016,"Q2","2015/16","Q4","April",3319.66666666667,3329.66666666667,3324.66666666667,10,13.6811594202895
2016-04-26,2016,"Q2","2015/16","Q4","April",3331.15942028985,3341.15942028985,3336.15942028985,10,11.492753623188
2016-04-27,2016,"Q2","2015/16","Q4","April",3343.11594202899,3353.11594202899,3348.11594202899,10,11.9565217391305
2016-04-28,2016,"Q2","2015/16","Q4","April",3337.50724637681,3347.50724637681,3342.50724637681,10,-5.60869565217399
2016-04-29,2016,"Q2","2015/16","Q4","April",3320.55,3330.55,3325.55,10,-16.9572463768109
2016-05-02,2016,"Q2","2015/16","Q4","May",3313.69565217391,3323.69565217391,3318.69565217391,10,-6.85434782608763
2016-05-03,2016,"Q2","2015/16","Q4","May",3323.08695652174,3333.08695652174,3328.08695652174,10,9.39130434782646
2016-05-04,2016,"Q2","2015/16","Q4","May",3325.40579710145,3335.40579710145,3330.40579710145,10,2.31884057971001
2016-05-05,2016,"Q2","2015/16","Q4","May",3327.88405797101,3337.88405797101,3332.88405797101,10,2.47826086956593
2016-05-06,2016,"Q2","2015/16","Q4","May",3331.57971014493,3341.57971014493,3336.57971014493,10,3.69565217391255
2016-05-09,2016,"Q2","2015/16","Q4","May",3331.5652173913,3341.5652173913,3336.5652173913,10,-0.0144927536230171
2016-05-10,2016,"Q2","2015/16","Q4","May",3321.27536231884,3331.27536231884,3326.27536231884,10,-10.289855072464
2016-05-11,2016,"Q2","2015/16","Q4","May",3319.33333333333,3329.33333333333,3324.33333333333,10,-1.94202898550702
2016-05-13,2016,"Q2","2015/16","Q4","May",3319.1884057971,3329.1884057971,3324.1884057971,10,-0.144927536232444
2016-05-16,2016,"Q2","2015/16","Q4","May",3322.04347826087,3332.04347826087,3327.04347826087,10,2.85507246376847
2016-05-17,2016,"Q2","2015/16","Q4","May",3337.24637681159,3347.24637681159,3342.24637681159,10,15.2028985507241
2016-05-18,2016,"Q2","2015/16","Q4","May",3343.10144927536,3353.10144927536,3348.10144927536,10,5.85507246376847
2016-05-19,2016,"Q2","2015/16","Q4","May",3346.59420289855,3356.59420289855,3351.59420289855,10,3.4927536231894
2016-05-20,2016,"Q2","2015/16","Q4","May",3362.97101449275,3372.97101449275,3367.97101449275,10,16.3768115942012
2016-05-23,2016,"Q2","2015/16","Q4","May",3370.10144927536,3380.10144927536,3375.10144927536,10,7.13043478260943
2016-05-24,2016,"Q2","2015/16","Q4","May",3382.95652173913,3392.95652173913,3387.95652173913,10,12.8550724637676
2016-05-25,2016,"Q2","2015/16","Q4","May",3384.98550724638,3394.98550724638,3389.98550724638,10,2.02898550724694
2016-05-26,2016,"Q2","2015/16","Q4","May",3375.30434782609,3385.30434782609,3380.30434782609,10,-9.68115942028953
2016-05-27,2016,"Q2","2015/16","Q4","May",3363.94202898551,3373.94202898551,3368.94202898551,10,-11.36231884058
2016-05-30,2016,"Q2","2015/16","Q4","May",3360.52173913043,3370.52173913043,3365.52173913043,10,-3.42028985507204
2016-05-31,2016,"Q2","2015/16","Q4","May",3359.52173913043,3369.52173913043,3364.52173913043,10,-1
2016-06-01,2016,"Q2","2015/16","Q4","June",3359.4347826087,3369.4347826087,3364.4347826087,10,-0.0869565217394666
2016-06-02,2016,"Q2","2015/16","Q4","June",3363.21739130435,3373.21739130435,3368.21739130435,10,3.78260869565156
2016-06-06,2016,"Q2","2015/16","Q4","June",3360.13043478261,3370.13043478261,3365.13043478261,10,-3.08695652173901
2016-06-07,2016,"Q2","2015/16","Q4","June",3344.97222222222,3354.97222222222,3349.97222222222,10,-15.1582125603859
2016-06-08,2016,"Q2","2015/16","Q4","June",3343.20833333333,3353.20833333333,3348.20833333333,10,-1.76388888888869
2016-06-10,2016,"Q2","2015/16","Q4","June",3340.59722222222,3350.54166666667,3345.56944444444,9.94444444444434,-2.63888888888914
2016-06-13,2016,"Q2","2015/16","Q4","June",3347.02777777778,3357.02777777778,3352.02777777778,10,6.45833333333303
2016-06-14,2016,"Q2","2015/16","Q4","June",3347.18055555556,3357.18055555556,3352.18055555556,10,0.152777777778738
2016-06-15,2016,"Q2","2015/16","Q4","June",3341.47222222222,3351.47222222222,3346.47222222222,10,-5.70833333333348
2016-06-16,2016,"Q2","2015/16","Q4","June",3340.68055555556,3350.68055555556,3345.68055555556,10,-0.791666666667425
2016-06-17,2016,"Q2","2015/16","Q4","June",3347.19444444445,3357.19444444445,3352.19444444445,10,6.51388888889005
2016-06-20,2016,"Q2","2015/16","Q4","June",3352.65277777778,3362.65277777778,3357.65277777778,10,5.45833333333258
2016-06-21,2016,"Q2","2015/16","Q4","June",3354,3364,3359,10,1.34722222222217
2016-06-22,2016,"Q2","2015/16","Q4","June",3361.59722222222,3371.59722222222,3366.59722222222,10,7.59722222222263
2016-06-23,2016,"Q2","2015/16","Q4","June",3361.56944444444,3371.56944444444,3366.56944444444,10,-0.0277777777778283
2016-06-24,2016,"Q2","2015/16","Q4","June",3380.77777777778,3390.77777777778,3385.77777777778,10,19.2083333333326
2016-06-27,2016,"Q2","2015/16","Q4","June",3411.23611111111,3421.23611111111,3416.23611111111,10,30.4583333333335
2016-06-28,2016,"Q2","2015/16","Q4","June",3406.34722222222,3416.34722222222,3411.34722222222,10,-4.88888888888869
2016-06-29,2016,"Q2","2015/16","Q4","June",3396.72222222222,3406.72222222222,3401.72222222222,10,-9.625
2016-06-30,2016,"Q2","2015/16","Q4","June",3399.86111111111,3409.86111111111,3404.86111111111,10,3.13888888888869
2016-07-01,2016,"Q3","2016/17","Q1","July",3399.93055555556,3409.93055555556,3404.93055555556,10,0.0694444444452529
2016-07-04,2016,"Q3","2016/17","Q1","July",3395.72222222222,3405.72222222222,3400.72222222222,10,-4.20833333333348
2016-07-05,2016,"Q3","2016/17","Q1","July",3390.93,3400.93,3395.93,10,-4.79222222222279
2016-07-07,2016,"Q3","2016/17","Q1","July",3390.15,3400.15,3395.15,10,-0.779999999999745
2016-07-08,2016,"Q3","2016/17","Q1","July",3384.71,3394.71,3389.71,10,-5.44000000000005
2016-07-11,2016,"Q3","2016/17","Q1","July",3375.65277777778,3385.65277777778,3380.65277777778,10,-9.05722222222221
2016-07-12,2016,"Q3","2016/17","Q1","July",3366.19444444444,3376.19444444444,3371.19444444444,10,-9.45833333333303
2016-07-13,2016,"Q3","2016/17","Q1","July",3367.33333333333,3377.33333333333,3372.33333333333,10,1.13888888888778
2016-07-14,2016,"Q3","2016/17","Q1","July",3370.80555555556,3380.80555555556,3375.80555555556,10,3.47222222222263
2016-07-15,2016,"Q3","2016/17","Q1","July",3366.08333333333,3376.08333333333,3371.08333333333,10,-4.72222222222172
2016-07-18,2016,"Q3","2016/17","Q1","July",3361.33333333333,3371.33333333333,3366.33333333333,10,-4.75
2016-07-19,2016,"Q3","2016/17","Q1","July",3363.09722222222,3373.09722222222,3368.09722222222,10,1.76388888888869
2016-07-20,2016,"Q3","2016/17","Q1","July",3363.89,3373.89,3368.89,10,0.792777777777701
2016-07-21,2016,"Q3","2016/17","Q1","July",3362.33,3372.33,3367.33,10,-1.55999999999995
2016-07-22,2016,"Q3","2016/17","Q1","July",3363.43,3373.43,3368.43,10,1.09999999999991
2016-07-25,2016,"Q3","2016/17","Q1","July",3366.06,3376.06,3371.06,10,2.63000000000011
2016-07-26,2016,"Q3","2016/17","Q1","July",3376.01,3386.01,3381.01,10,9.95000000000027
2016-07-27,2016,"Q3","2016/17","Q1","July",3376.85,3386.85,3381.85,10,0.839999999999691
2016-07-28,2016,"Q3","2016/17","Q1","July",3374.74,3384.71,3379.725,9.97000000000025,-2.125
2016-07-29,2016,"Q3","2016/17","Q1","July",3370.63,3380.63,3375.63,10,-4.0949999999998
2016-08-01,2016,"Q3","2016/17","Q1","August",3372.36,3382.36,3377.36,10,1.73000000000002
2016-08-02,2016,"Q3","2016/17","Q1","August",3380.05555555556,3390.05555555556,3385.05555555556,10,7.69555555555598
2016-08-03,2016,"Q3","2016/17","Q1","August",3370.51388888889,3380.51388888889,3375.51388888889,10,-9.54166666666697
2016-08-04,2016,"Q3","2016/17","Q1","August",3365.26388888889,3375.26388888889,3370.26388888889,10,-5.25000000000045
2016-08-05,2016,"Q3","2016/17","Q1","August",3365.5,3375.5,3370.5,10,0.236111111111313
2016-08-08,2016,"Q3","2016/17","Q1","August",3369.94,3379.94,3374.94,10,4.44000000000005
2016-08-09,2016,"Q3","2016/17","Q1","August",3371.14,3381.14,3376.14,10,1.19999999999982
2016-08-10,2016,"Q3","2016/17","Q1","August",3370.66666666667,3380.66666666667,3375.66666666667,10,-0.473333333333358
2016-08-11,2016,"Q3","2016/17","Q1","August",3370.18,3380.18,3375.18,10,-0.486666666666679
2016-08-12,2016,"Q3","2016/17","Q1","August",3366.63,3376.63,3371.63,10,-3.54999999999973
2016-08-15,2016,"Q3","2016/17","Q1","August",3365.49,3375.49,3370.49,10,-1.14000000000033
2016-08-16,2016,"Q3","2016/17","Q1","August",3365.4,3375.4,3370.4,10,-0.0899999999996908
2016-08-17,2016,"Q3","2016/17","Q1","August",3365.14,3375.14,3370.14,10,-0.260000000000218
2016-08-18,2016,"Q3","2016/17","Q1","August",3365.32,3375.32,3370.32,10,0.180000000000291
2016-08-19,2016,"Q3","2016/17","Q1","August",3365.17,3375.17,3370.17,10,-0.150000000000091
2016-08-22,2016,"Q3","2016/17","Q1","August",3364.94,3374.94,3369.94,10,-0.230000000000018
2016-08-23,2016,"Q3","2016/17","Q1","August",3366.25,3376.24,3371.245,9.98999999999978,1.30499999999984
2016-08-24,2016,"Q3","2016/17","Q1","August",3367.61,3377.61,3372.61,10,1.36500000000024
2016-08-25,2016,"Q3","2016/17","Q1","August",3368.49,3378.49,3373.49,10,0.879999999999654
2016-08-26,2016,"Q3","2016/17","Q1","August",3369.78,3379.78,3374.78,10,1.29000000000042
2016-08-29,2016,"Q3","2016/17","Q1","August",3369.19,3379.19,3374.19,10,-0.590000000000146
2016-08-30,2016,"Q3","2016/17","Q1","August",3370.64,3380.64,3375.64,10,1.44999999999982
2016-08-31,2016,"Q3","2016/17","Q1","August",3370.64,3380.64,3375.64,10,0
2016-09-01,2016,"Q3","2016/17","Q1","September",3370.82,3380.82,3375.82,10,0.180000000000291
2016-09-02,2016,"Q3","2016/17","Q1","September",3370.72,3380.72,3375.72,10,-0.100000000000364
2016-09-05,2016,"Q3","2016/17","Q1","September",3370.54,3380.54,3375.54,10,-0.179999999999836
2016-09-06,2016,"Q3","2016/17","Q1","September",3372.47,3382.47,3377.47,10,1.92999999999984
2016-09-07,2016,"Q3","2016/17","Q1","September",3375.57,3385.57,3380.57,10,3.10000000000036
2016-09-08,2016,"Q3","2016/17","Q1","September",3376.35,3386.35,3381.35,10,0.779999999999745
2016-09-09,2016,"Q3","2016/17","Q1","September",3376.49,3386.49,3381.49,10,0.139999999999873
2016-09-13,2016,"Q3","2016/17","Q1","September",3376.5,3386.5,3381.5,10,0.0100000000002183
2016-09-14,2016,"Q3","2016/17","Q1","September",3374.92,3384.92,3379.92,10,-1.57999999999993
2016-09-15,2016,"Q3","2016/17","Q1","September",3371.89,3381.89,3376.89,10,-3.0300000000002
2016-09-16,2016,"Q3","2016/17","Q1","September",3372.42,3382.42,3377.42,10,0.5300000000002
2016-09-19,2016,"Q3","2016/17","Q1","September",3373.61,3383.61,3378.61,10,1.19000000000005
2016-09-20,2016,"Q3","2016/17","Q1","September",3375.38,3385.38,3380.38,10,1.76999999999998
2016-09-21,2016,"Q3","2016/17","Q1","September",3376.99,3386.99,3381.99,10,1.60999999999967
2016-09-22,2016,"Q3","2016/17","Q1","September",3380.03,3390.03,3385.03,10,3.04000000000042
2016-09-23,2016,"Q3","2016/17","Q1","September",3380.71,3390.71,3385.71,10,0.679999999999836
2016-09-26,2016,"Q3","2016/17","Q1","September",3380.49,3390.49,3385.49,10,-0.220000000000255
2016-09-27,2016,"Q3","2016/17","Q1","September",3380.85,3390.85,3385.85,10,0.360000000000127
2016-09-28,2016,"Q3","2016/17","Q1","September",3381.65,3391.65,3386.65,10,0.800000000000182
2016-09-29,2016,"Q3","2016/17","Q1","September",3382.57,3392.57,3387.57,10,0.920000000000073
2016-09-30,2016,"Q3","2016/17","Q1","September",3383.56,3393.56,3388.56,10,0.989999999999782
2016-10-03,2016,"Q4","2016/17","Q2","October",3384.38,3394.38,3389.38,10,0.820000000000164
2016-10-04,2016,"Q4","2016/17","Q2","October",3389.42,3399.42,3394.42,10,5.03999999999996
2016-10-05,2016,"Q4","2016/17","Q2","October",3395.97,3405.97,3400.97,10,6.54999999999973
2016-10-06,2016,"Q4","2016/17","Q2","October",3405.75,3415.75,3410.75,10,9.7800000000002
2016-10-07,2016,"Q4","2016/17","Q2","October",3405.08333333333,3415.08333333333,3410.08333333333,10,-0.666666666666515
2016-10-10,2016,"Q4","2016/17","Q2","October",3404.30555555556,3414.30555555556,3409.30555555556,10,-0.777777777778283
2016-10-11,2016,"Q4","2016/17","Q2","October",3411.04166666667,3421.04166666667,3416.04166666667,10,6.73611111111131
2016-10-12,2016,"Q4","2016/17","Q2","October",3417.52777777778,3427.52777777778,3422.52777777778,10,6.48611111111222
2016-10-13,2016,"Q4","2016/17","Q2","October",3427.875,3437.875,3432.875,10,10.3472222222213
2016-10-14,2016,"Q4","2016/17","Q2","October",3440.54166666667,3450.54166666667,3445.54166666667,9.99999999999636,12.6666666666683
2016-10-17,2016,"Q4","2016/17","Q2","October",3454.19444444444,3464.19444444444,3459.19444444444,10,13.6527777777765
2016-10-18,2016,"Q4","2016/17","Q2","October",3461.33,3471.33,3466.33,10,7.13555555555513
2016-10-19,2016,"Q4","2016/17","Q2","October",3454.11,3464.11,3459.11,10,-7.2199999999998
2016-10-20,2016,"Q4","2016/17","Q2","October",3435.08,3445.08,3440.08,10,-19.0300000000002
2016-10-21,2016,"Q4","2016/17","Q2","October",3439.44,3449.44,3444.44,10,4.36000000000013
2016-10-24,2016,"Q4","2016/17","Q2","October",3442.44,3452.44,3447.44,10,3
2016-10-25,2016,"Q4","2016/17","Q2","October",3449.23611111111,3459.23611111111,3454.23611111111,10,6.7961111111108
2016-10-26,2016,"Q4","2016/17","Q2","October",3453.11,3463.11,3458.11,10,3.87388888888927
2016-10-27,2016,"Q4","2016/17","Q2","October",3458.39,3468.39,3463.39,10,5.27999999999975
2016-10-28,2016,"Q4","2016/17","Q2","October",3458.44,3468.44,3463.44,10,0.0500000000001819
2016-10-31,2016,"Q4","2016/17","Q2","October",3460.15,3470.15,3465.15,10,1.71000000000004
2016-11-01,2016,"Q4","2016/17","Q2","November",3464.35,3474.35,3469.35,10,4.19999999999982
2016-11-02,2016,"Q4","2016/17","Q2","November",3471.29,3481.29,3476.29,10,6.94000000000005
2016-11-03,2016,"Q4","2016/17","Q2","November",3475.53,3485.53,3480.53,10,4.24000000000024
2016-11-04,2016,"Q4","2016/17","Q2","November",3486.31944444444,3496.31944444444,3491.31944444444,10,10.7894444444446
2016-11-07,2016,"Q4","2016/17","Q2","November",3506.44444444444,3516.44444444444,3511.44444444444,10,20.125
2016-11-08,2016,"Q4","2016/17","Q2","November",3504.26,3514.26,3509.26,10,-2.18444444444458
2016-11-09,2016,"Q4","2016/17","Q2","November",3507.40277777778,3517.40277777778,3512.40277777778,10,3.14277777777761
2016-11-10,2016,"Q4","2016/17","Q2","November",3514.51388888889,3524.51388888889,3519.51388888889,10,7.11111111111131
2016-11-11,2016,"Q4","2016/17","Q2","November",3528.07,3538.07,3533.07,10,13.556111111111
2016-11-14,2016,"Q4","2016/17","Q2","November",3543.15277777778,3553.15277777778,3548.15277777778,10,15.0827777777786
2016-11-15,2016,"Q4","2016/17","Q2","November",3552.81944444444,3562.81944444444,3557.81944444444,10,9.66666666666606
2016-11-16,2016,"Q4","2016/17","Q2","November",3575.02777777778,3585.02777777778,3580.02777777778,10,22.2083333333326
2016-11-17,2016,"Q4","2016/17","Q2","November",3586.81944444445,3596.81944444445,3591.81944444445,10,11.7916666666679
2016-11-18,2016,"Q4","2016/17","Q2","November",3590.95833333333,3600.95833333333,3595.95833333333,10,4.13888888888732
2016-11-21,2016,"Q4","2016/17","Q2","November",3600.29,3610.29,3605.29,10,9.33166666666739
2016-11-22,2016,"Q4","2016/17","Q2","November",3597.13,3607.1,3602.115,9.9699999999998,-3.17500000000018
2016-11-23,2016,"Q4","2016/17","Q2","November",3607.67,3617.67,3612.67,10,10.5550000000003
2016-11-24,2016,"Q4","2016/17","Q2","November",3619.58,3629.58,3624.58,10,11.9099999999999
2016-11-25,2016,"Q4","2016/17","Q2","November",3622.44,3632.44,3627.44,10,2.86000000000013
2016-11-28,2016,"Q4","2016/17","Q2","November",3620.86,3630.86,3625.86,10,-1.57999999999993
2016-11-29,2016,"Q4","2016/17","Q2","November",3623.58,3633.58,3628.58,10,2.7199999999998
2016-11-30,2016,"Q4","2016/17","Q2","November",3625.22222222222,3635.22222222222,3630.22222222222,10,1.6422222222227
2016-12-01,2016,"Q4","2016/17","Q2","December",3624.64,3634.64,3629.64,10,-0.582222222222754
2016-12-02,2016,"Q4","2016/17","Q2","December",3624.23611111111,3634.23611111111,3629.23611111111,10,-0.403888888888559
2016-12-05,2016,"Q4","2016/17","Q2","December",3624.26388888889,3634.26388888889,3629.26388888889,10,0.0277777777778283
2016-12-06,2016,"Q4","2016/17","Q2","December",3622.24,3632.24,3627.24,10,-2.02388888888936
2016-12-07,2016,"Q4","2016/17","Q2","December",3619.21,3629.21,3624.21,10,-3.02999999999975
2016-12-08,2016,"Q4","2016/17","Q2","December",3609.22,3619.22,3614.22,10,-9.99000000000024
2016-12-09,2016,"Q4","2016/17","Q2","December",3594.75,3604.75,3599.75,10,-14.4699999999998
2016-12-12,2016,"Q4","2016/17","Q2","December",3580.69,3590.63,3585.66,9.94000000000005,-14.0900000000001
2016-12-13,2016,"Q4","2016/17","Q2","December",3569.72,3579.72,3574.72,10,-10.9400000000001
2016-12-14,2016,"Q4","2016/17","Q2","December",3580.14,3590.14,3585.14,10,10.4200000000001
2016-12-15,2016,"Q4","2016/17","Q2","December",3596.07,3606.07,3601.07,10,15.9300000000003
2016-12-16,2016,"Q4","2016/17","Q2","December",3590.24,3600.17,3595.205,9.93000000000029,-5.86500000000024
2016-12-19,2016,"Q4","2016/17","Q2","December",3582.30555555556,3592.30555555556,3587.30555555556,10,-7.89944444444473
2016-12-20,2016,"Q4","2016/17","Q2","December",3569.44,3579.44,3574.44,10,-12.8655555555551
2016-12-21,2016,"Q4","2016/17","Q2","December",3561.5,3571.5,3566.5,10,-7.94000000000005
2016-12-22,2016,"Q4","2016/17","Q2","December",3561.18055555556,3571.18055555556,3568.83,10,2.32999999999993
2016-12-23,2016,"Q4","2016/17","Q2","December",3567.93,3577.92,3572.925,9.99000000000024,4.09500000000025
2016-12-27,2016,"Q4","2016/17","Q2","December",3576.03,3586.03,3581.03,10,8.10500000000002
2016-12-28,2016,"Q4","2016/17","Q2","December",3590.81,3600.81,3595.81,10,14.7799999999997
2016-12-29,2016,"Q4","2016/17","Q2","December",3603.79,3613.79,3608.79,10,12.98
2016-12-30,2016,"Q4","2016/17","Q2","December",3605.5,3615.5,3610.5,10,1.71000000000004
2017-01-02,2017,"Q1","2016/17","Q3","January",3604.11,3614.11,3609.11,10,-1.38999999999987
2017-01-03,2017,"Q1","2016/17","Q3","January",3606.22,3616.22,3611.22,10,2.10999999999967
2017-01-04,2017,"Q1","2016/17","Q3","January",3613.46,3623.46,3618.46,10,7.24000000000024
2017-01-05,2017,"Q1","2016/17","Q3","January",3621.9,3631.9,3626.9,10,8.44000000000005
2017-01-06,2017,"Q1","2016/17","Q3","January",3624.43,3634.43,3629.43,10,2.52999999999975
2017-01-09,2017,"Q1","2016/17","Q3","January",3624.75,3634.75,3629.75,10,0.320000000000164
2017-01-10,2017,"Q1","2016/17","Q3","January",3624.76,3634.76,3629.76,10,0.0100000000002183
2017-01-11,2017,"Q1","2016/17","Q3","January",3624.57,3634.57,3629.57,10,-0.190000000000055
2017-01-12,2017,"Q1","2016/17","Q3","January",3616.47,3626.4,3621.435,9.93000000000029,-8.13500000000022
2017-01-13,2017,"Q1","2016/17","Q3","January",3607.57,3617.57,3612.57,10,-8.86499999999978
2017-01-16,2017,"Q1","2016/17","Q3","January",3607.13,3617.13,3612.13,10,-0.440000000000055
2017-01-17,2017,"Q1","2016/17","Q3","January",3607.56,3617.56,3612.56,10,0.429999999999836
2017-01-18,2017,"Q1","2016/17","Q3","January",3605.07,3615.07,3610.07,10,-2.48999999999978
2017-01-19,2017,"Q1","2016/17","Q3","January",3590.69,3600.69,3595.69,10,-14.3800000000001
2017-01-20,2017,"Q1","2016/17","Q3","January",3588.08,3598.08,3593.08,10,-2.61000000000013
2017-01-23,2017,"Q1","2016/17","Q3","January",3590.79,3600.79,3595.79,10,2.71000000000004
2017-01-24,2017,"Q1","2016/17","Q3","January",3590.22,3600.22,3595.22,10,-0.570000000000164
2017-01-25,2017,"Q1","2016/17","Q3","January",3586.70833333333,3596.70833333333,3591.70833333333,10,-3.51166666666631
2017-01-27,2017,"Q1","2016/17","Q3","January",3588.14,3598.14,3593.14,10,1.43166666666639
2017-01-30,2017,"Q1","2016/17","Q3","January",3587.92,3597.92,3592.92,10,-0.2199999999998
2017-01-31,2017,"Q1","2016/17","Q3","January",3583.51,3593.51,3588.51,10,-4.40999999999985
2017-02-01,2017,"Q1","2016/17","Q3","February",3584.26,3594.26,3589.26,10,0.75
2017-02-02,2017,"Q1","2016/17","Q3","February",3582.30555555556,3592.30555555556,3587.30555555556,10,-1.95444444444502
2017-02-03,2017,"Q1","2016/17","Q3","February",3580.90277777778,3590.86111111111,3585.88194444444,9.95833333333348,-1.42361111111086
2017-02-06,2017,"Q1","2016/17","Q3","February",3578.82,3588.74,3583.78,9.91999999999962,-2.1019444444446
2017-02-07,2017,"Q1","2016/17","Q3","February",3578.74,3588.61,3583.675,9.87000000000035,-0.104999999999563
2017-02-08,2017,"Q1","2016/17","Q3","February",3578.88888888889,3588.88888888889,3583.88888888889,10,0.213888888888505
2017-02-09,2017,"Q1","2016/17","Q3","February",3578.75,3588.75,3583.75,10,-0.138888888888687
2017-02-10,2017,"Q1","2016/17","Q3","February",3577.64,3587.64,3582.64,10,-1.11000000000013
2017-02-13,2017,"Q1","2016/17","Q3","February",3579.94,3589.94,3584.94,10,2.30000000000018
2017-02-14,2017,"Q1","2016/17","Q3","February",3580.56,3590.56,3585.56,10,0.619999999999891
2017-02-15,2017,"Q1","2016/17","Q3","February",3580.11,3590.11,3585.11,10,-0.449999999999818
2017-02-17,2017,"Q1","2016/17","Q3","February",3580.89,3590.89,3585.89,10,0.779999999999745
2017-02-20,2017,"Q1","2016/17","Q3","February",3581.29,3591.29,3586.29,10,0.400000000000091
2017-02-21,2017,"Q1","2016/17","Q3","February",3580.72,3590.72,3585.72,10,-0.570000000000164
2017-02-22,2017,"Q1","2016/17","Q3","February",3580.61,3590.61,3585.61,10,-0.109999999999673
2017-02-23,2017,"Q1","2016/17","Q3","February",3580.19,3590.19,3585.19,10,-0.420000000000073
2017-02-24,2017,"Q1","2016/17","Q3","February",3580.13,3590.13,3585.13,10,-0.0599999999999454
2017-02-27,2017,"Q1","2016/17","Q3","February",3580.33,3590.33,3585.33,10,0.199999999999818
2017-02-28,2017,"Q1","2016/17","Q3","February",3581.69,3591.69,3586.69,10,1.36000000000013
2017-03-01,2017,"Q1","2016/17","Q3","March",3583.36,3593.36,3588.36,10,1.67000000000007
2017-03-02,2017,"Q1","2016/17","Q3","March",3589.07,3599.07,3594.07,10,5.71000000000004
2017-03-03,2017,"Q1","2016/17","Q3","March",3590.75,3600.75,3595.75,10,1.67999999999984
2017-03-06,2017,"Q1","2016/17","Q3","March",3592.38,3602.38,3597.38,10,1.63000000000011
2017-03-07,2017,"Q1","2016/17","Q3","March",3591.47,3601.47,3596.47,10,-0.910000000000309
2017-03-09,2017,"Q1","2016/17","Q3","March",3591.74,3601.74,3596.74,10,0.269999999999982
2017-03-10,2017,"Q1","2016/17","Q3","March",3592.42,3602.42,3597.42,10,0.680000000000291
2017-03-13,2017,"Q1","2016/17","Q3","March",3593.01,3603.01,3598.01,10,0.590000000000146
2017-03-14,2017,"Q1","2016/17","Q3","March",3592.6,3602.6,3597.6,10,-0.410000000000309
2017-03-15,2017,"Q1","2016/17","Q3","March",3591.51,3601.51,3596.51,10,-1.08999999999969
2017-03-16,2017,"Q1","2016/17","Q3","March",3591.6,3601.6,3596.6,10,0.0899999999996908
2017-03-17,2017,"Q1","2016/17","Q3","March",3591.83,3601.83,3596.83,10,0.230000000000018
2017-03-20,2017,"Q1","2016/17","Q3","March",3591.96,3601.96,3596.96,10,0.130000000000109
2017-03-21,2017,"Q1","2016/17","Q3","March",3592.44,3602.441,3597.4405,10.0009999999997,0.480499999999665
2017-03-22,2017,"Q1","2016/17","Q3","March",3591.35,3601.35,3596.35,10,-1.09049999999979
2017-03-23,2017,"Q1","2016/17","Q3","March",3590.54,3600.54,3595.54,10,-0.809999999999945
2017-03-24,2017,"Q1","2016/17","Q3","March",3592.71,3602.71,3597.71,10,2.17000000000007
2017-03-27,2017,"Q1","2016/17","Q3","March",3596.68,3606.68,3601.68,10,3.9699999999998
2017-03-28,2017,"Q1","2016/17","Q3","March",3599.28,3609.28,3604.28,10,2.60000000000036
2017-03-29,2017,"Q1","2016/17","Q3","March",3604.25,3614.25,3609.25,10,4.9699999999998
2017-03-30,2017,"Q1","2016/17","Q3","March",3608.17,3618.17,3613.17,10,3.92000000000007
2017-03-31,2017,"Q1","2016/17","Q3","March",3609.19,3619.19,3614.19,10,1.01999999999998
2017-04-03,2017,"Q2","2016/17","Q4","April",3608.79,3618.79,3613.79,10,-0.400000000000091
2017-04-04,2017,"Q2","2016/17","Q4","April",3608.11,3618.11,3613.11,10,-0.679999999999836
2017-04-05,2017,"Q2","2016/17","Q4","April",3607.85,3617.85,3612.85,10,-0.260000000000218
2017-04-06,2017,"Q2","2016/17","Q4","April",3607.61,3617.61,3612.61,10,-0.239999999999782
2017-04-07,2017,"Q2","2016/17","Q4","April",3608.36,3618.36,3613.36,10,0.75
2017-04-10,2017,"Q2","2016/17","Q4","April",3609.54,3619.54,3614.54,10,1.17999999999984
2017-04-11,2017,"Q2","2016/17","Q4","April",3610.44,3620.44,3615.44,10,0.900000000000091
2017-04-12,2017,"Q2","2016/17","Q4","April",3610.74,3620.74,3615.74,10,0.299999999999727
2017-04-13,2017,"Q2","2016/17","Q4","April",3610.69,3620.69,3615.69,10,-0.0499999999997272
2017-04-18,2017,"Q2","2016/17","Q4","April",3610.75,3620.75,3615.75,10,0.0599999999999454
2017-04-19,2017,"Q2","2016/17","Q4","April",3609.22,3619.22,3614.22,10,-1.5300000000002
2017-04-20,2017,"Q2","2016/17","Q4","April",3608.03,3618.03,3613.03,10,-1.1899999999996
2017-04-21,2017,"Q2","2016/17","Q4","April",3608.15,3618.15,3613.15,10,0.119999999999891
2017-04-24,2017,"Q2","2016/17","Q4","April",3609.74,3619.74,3614.74,10,1.58999999999969
2017-04-25,2017,"Q2","2016/17","Q4","April",3617.04,3627.04,3622.04,10,7.30000000000018
2017-04-26,2017,"Q2","2016/17","Q4","April",3627.75,3637.75,3632.75,10,10.71
2017-04-27,2017,"Q2","2016/17","Q4","April",3634.11,3644.11,3639.11,10,6.36000000000013
2017-04-28,2017,"Q2","2016/17","Q4","April",3639.63,3649.63,3644.63,10,5.51999999999998
2017-05-02,2017,"Q2","2016/17","Q4","May",3641.56,3651.56,3646.56,10,1.92999999999984
2017-05-03,2017,"Q2","2016/17","Q4","May",3629.22,3639.22,3634.22,10,-12.3400000000001
2017-05-04,2017,"Q2","2016/17","Q4","May",3624.83,3634.83,3629.83,10,-4.38999999999987
2017-05-05,2017,"Q2","2016/17","Q4","May",3624.35,3634.35,3629.35,10,-0.480000000000018
2017-05-08,2017,"Q2","2016/17","Q4","May",3623.51,3633.51,3628.51,10,-0.839999999999691
2017-05-09,2017,"Q2","2016/17","Q4","May",3622.85,3632.85,3627.85,10,-0.660000000000309
2017-05-10,2017,"Q2","2016/17","Q4","May",3624.57,3634.57,3629.57,10,1.72000000000025
2017-05-11,2017,"Q2","2016/17","Q4","May",3628.5,3638.47,3633.485,9.9699999999998,3.91499999999951
2017-05-12,2017,"Q2","2016/17","Q4","May",3631.25,3641.25,3636.25,10,2.76500000000033
2017-05-15,2017,"Q2","2016/17","Q4","May",3630.6,3640.6,3635.6,10,-0.650000000000091
2017-05-16,2017,"Q2","2016/17","Q4","May",3624.58,3634.58,3629.58,10,-6.01999999999998
2017-05-17,2017,"Q2","2016/17","Q4","May",3620.46,3630.46,3625.46,10,-4.11999999999989
2017-05-18,2017,"Q2","2016/17","Q4","May",3618.61,3628.61,3623.61,10,-1.84999999999991
2017-05-19,2017,"Q2","2016/17","Q4","May",3619.29,3629.29,3624.29,10,0.679999999999836
2017-05-22,2017,"Q2","2016/17","Q4","May",3619.63,3629.63,3624.63,10,0.340000000000146
2017-05-23,2017,"Q2","2016/17","Q4","May",3616.56,3626.56,3621.56,10,-3.07000000000016
2017-05-24,2017,"Q2","2016/17","Q4","May",3606.86,3616.86,3611.86,10,-9.69999999999982
2017-05-25,2017,"Q2","2016/17","Q4","May",3600.43,3610.43,3605.43,10,-6.43000000000029
2017-05-26,2017,"Q2","2016/17","Q4","May",3601.47,3611.47,3606.47,10,1.03999999999996
2017-05-29,2017,"Q2","2016/17","Q4","May",3601.72,3611.72,3606.72,10,0.25
2017-05-30,2017,"Q2","2016/17","Q4","May",3600.88,3610.88,3605.88,10,-0.839999999999691
2017-05-31,2017,"Q2","2016/17","Q4","May",3597.63,3607.63,3602.63,10,-3.25
2017-06-01,2017,"Q2","2016/17","Q4","June",3591.11,3601.11,3596.11,10,-6.51999999999998
2017-06-02,2017,"Q2","2016/17","Q4","June",3590.47,3600.47,3595.47,10,-0.640000000000327
2017-06-05,2017,"Q2","2016/17","Q4","June",3591.51,3601.51,3596.51,10,1.04000000000042
2017-06-06,2017,"Q2","2016/17","Q4","June",3590.82,3600.82,3595.82,10,-0.690000000000055
2017-06-07,2017,"Q2","2016/17","Q4","June",3586.63,3596.63,3591.63,10,-4.19000000000005
2017-06-08,2017,"Q2","2016/17","Q4","June",3586.85,3596.85,3591.85,10,0.2199999999998
2017-06-12,2017,"Q2","2016/17","Q4","June",3586.61,3596.61,3591.61,10,-0.239999999999782
2017-06-13,2017,"Q2","2016/17","Q4","June",3584.9,3594.9,3589.9,10,-1.71000000000004
2017-06-14,2017,"Q2","2016/17","Q4","June",3584.88,3594.88,3589.88,10,-0.0199999999999818
2017-06-15,2017,"Q2","2016/17","Q4","June",3584.22,3594.22,3589.22,10,-0.660000000000309
2017-06-16,2017,"Q2","2016/17","Q4","June",3583.86,3593.86,3588.86,10,-0.359999999999673
2017-06-19,2017,"Q2","2016/17","Q4","June",3583.69,3593.69,3588.69,10,-0.170000000000073
2017-06-20,2017,"Q2","2016/17","Q4","June",3584.03,3594.03,3589.03,10,0.340000000000146
2017-06-21,2017,"Q2","2016/17","Q4","June",3585.07,3595.07,3590.07,10,1.03999999999996
2017-06-22,2017,"Q2","2016/17","Q4","June",3584.76,3594.76,3589.76,10,-0.309999999999945
2017-06-23,2017,"Q2","2016/17","Q4","June",3584.53,3594.53,3589.53,10,-0.230000000000018
2017-06-26,2017,"Q2","2016/17","Q4","June",3584.68,3594.68,3589.68,10,0.149999999999636
2017-06-27,2017,"Q2","2016/17","Q4","June",3584.67,3594.67,3589.67,10,-0.00999999999976353
2017-06-28,2017,"Q2","2016/17","Q4","June",3584.49,3594.49,3589.49,10,-0.180000000000291
2017-06-29,2017,"Q2","2016/17","Q4","June",3584.39,3594.39,3589.39,10,-0.0999999999999091
2017-06-30,2017,"Q2","2016/17","Q4","June",3585.9,3595.9,3590.9,10,1.51000000000022
2017-07-03,2017,"Q3","2017/18","Q1","July",3591.14,3601.14,3596.14,10,5.23999999999978
2017-07-04,2017,"Q3","2017/18","Q1","July",3596.96,3606.96,3601.96,10,5.82000000000016
2017-07-05,2017,"Q3","2017/18","Q1","July",3595.19,3605.19,3600.19,10,-1.76999999999998
2017-07-06,2017,"Q3","2017/18","Q1","July",3594.88,3604.88,3599.88,10,-0.309999999999945
2017-07-07,2017,"Q3","2017/18","Q1","July",3601.19,3596.19,3598.69,-5,-1.19000000000005
2017-07-10,2017,"Q3","2017/18","Q1","July",3601.17,3596.17,3598.67,-5,-0.0199999999999818
2017-07-11,2017,"Q3","2017/18","Q1","July",3597.01,3607.01,3602.01,10,3.34000000000015
2017-07-12,2017,"Q3","2017/18","Q1","July",3597.32,3607.32,3602.32,10,0.309999999999945
2017-07-13,2017,"Q3","2017/18","Q1","July",3597.58,3607.58,3602.58,10,0.259999999999764
2017-07-14,2017,"Q3","2017/18","Q1","July",3596.99,3606.99,3601.99,10,-0.590000000000146
2017-07-17,2017,"Q3","2017/18","Q1","July",3596.32,3606.32,3601.32,10,-0.669999999999618
2017-07-18,2017,"Q3","2017/18","Q1","July",3595.76,3605.761,3600.7605,10.0009999999997,-0.559499999999844
2017-07-19,2017,"Q3","2017/18","Q1","July",3595.78,3605.78,3600.78,10,0.0194999999998799
2017-07-20,2017,"Q3","2017/18","Q1","July",3595.51,3605.51,3600.51,10,-0.269999999999982
2017-07-21,2017,"Q3","2017/18","Q1","July",3595.42,3605.42,3600.42,10,-0.0900000000001455
2017-07-24,2017,"Q3","2017/18","Q1","July",3595.21,3605.21,3600.21,10,-0.210000000000036
2017-07-25,2017,"Q3","2017/18","Q1","July",3595.13,3605.13,3600.13,10,-0.0799999999999272
2017-07-26,2017,"Q3","2017/18","Q1","July",3595.13,3605.13,3600.13,10,0
2017-07-27,2017,"Q3","2017/18","Q1","July",3598.21,3608.21,3603.21,10,3.07999999999993
2017-07-28,2017,"Q3","2017/18","Q1","July",3604.36,3614.36,3609.36,10,6.15000000000009
2017-07-31,2017,"Q3","2017/18","Q1","July",3605.88,3615.88,3610.88,10,1.51999999999998
2017-08-01,2017,"Q3","2017/18","Q1","August",3606.03,3616.03,3611.03,10,0.150000000000091
2017-08-02,2017,"Q3","2017/18","Q1","August",3606.24,3616.24,3611.24,10,0.209999999999582
2017-08-03,2017,"Q3","2017/18","Q1","August",3606.86,3616.86,3611.86,10,0.620000000000346
2017-08-04,2017,"Q3","2017/18","Q1","August",3609.18,3619.18,3614.18,10,2.31999999999971
2017-08-07,2017,"Q3","2017/18","Q1","August",3609.51,3619.51,3614.51,10,0.330000000000382
2017-08-08,2017,"Q3","2017/18","Q1","August",3609.54,3619.54,3614.54,10,0.0299999999997453
2017-08-09,2017,"Q3","2017/18","Q1","August",3608.93,3618.93,3613.93,10,-0.610000000000127
2017-08-10,2017,"Q3","2017/18","Q1","August",3606.33,3616.33,3611.33,10,-2.59999999999991
2017-08-11,2017,"Q3","2017/18","Q1","August",3603.21,3613.21,3608.21,10,-3.11999999999989
2017-08-14,2017,"Q3","2017/18","Q1","August",3600.63,3610.63,3605.63,10,-2.57999999999993
2017-08-15,2017,"Q3","2017/18","Q1","August",3598.58,3608.58,3603.58,10,-2.05000000000018
2017-08-16,2017,"Q3","2017/18","Q1","August",3598.06,3608.06,3603.06,10,-0.519999999999982
2017-08-17,2017,"Q3","2017/18","Q1","August",3597.06,3607.06,3602.06,10,-1
2017-08-18,2017,"Q3","2017/18","Q1","August",3597.39,3607.39,3602.39,10,0.329999999999927
2017-08-21,2017,"Q3","2017/18","Q1","August",3598.01,3608.01,3603.01,10,0.620000000000346
2017-08-22,2017,"Q3","2017/18","Q1","August",3597.89,3607.89,3602.89,10,-0.120000000000346
2017-08-23,2017,"Q3","2017/18","Q1","August",3597.13,3607.13,3602.13,10,-0.759999999999764
2017-08-24,2017,"Q3","2017/18","Q1","August",3596.1,3606.1,3601.1,10,-1.0300000000002
2017-08-25,2017,"Q3","2017/18","Q1","August",3595.26,3605.26,3600.26,10,-0.839999999999691
2017-08-28,2017,"Q3","2017/18","Q1","August",3595.33,3605.33,3600.33,10,0.069999999999709
2017-08-29,2017,"Q3","2017/18","Q1","August",3595.58,3605.58,3600.58,10,0.25
2017-08-30,2017,"Q3","2017/18","Q1","August",3595.5,3605.5,3600.5,10,-0.0799999999999272
2017-08-31,2017,"Q3","2017/18","Q1","August",3595.38,3605.38,3600.38,10,-0.119999999999891
2017-09-04,2017,"Q3","2017/18","Q1","September",3595.06,3605.06,3600.06,10,-0.320000000000164
2017-09-05,2017,"Q3","2017/18","Q1","September",3594.75,3604.75,3599.75,10,-0.309999999999945
2017-09-06,2017,"Q3","2017/18","Q1","September",3594.56,3604.56,3599.56,10,-0.190000000000055
2017-09-07,2017,"Q3","2017/18","Q1","September",3594.53,3604.53,3599.53,10,-0.0299999999997453
2017-09-08,2017,"Q3","2017/18","Q1","September",3594.5,3604.5,3599.5,10,-0.0300000000002001
2017-09-11,2017,"Q3","2017/18","Q1","September",3594.5,3604.5,3599.5,10,0
2017-09-12,2017,"Q3","2017/18","Q1","September",3593.5,3603.5,3598.5,10,-1
2017-09-13,2017,"Q3","2017/18","Q1","September",3592.72,3602.72,3597.72,10,-0.7800000000002
2017-09-14,2017,"Q3","2017/18","Q1","September",3592.81,3602.81,3597.81,10,0.0900000000001455
2017-09-15,2017,"Q3","2017/18","Q1","September",3592.93,3602.93,3597.93,10,0.119999999999891
2017-09-18,2017,"Q3","2017/18","Q1","September",3592.46,3602.46,3597.46,10,-0.4699999999998
2017-09-19,2017,"Q3","2017/18","Q1","September",3591.69,3601.69,3596.69,10,-0.769999999999982
2017-09-20,2017,"Q3","2017/18","Q1","September",3590.88,3600.85,3595.865,9.9699999999998,-0.825000000000273
2017-09-21,2017,"Q3","2017/18","Q1","September",3593.53,3603.5,3598.515,9.9699999999998,2.65000000000055
2017-09-22,2017,"Q3","2017/18","Q1","September",3597.04,3607.04,3602.04,10,3.52499999999964
2017-09-25,2017,"Q3","2017/18","Q1","September",3598.42,3608.42,3603.42,10,1.38000000000011
2017-09-26,2017,"Q3","2017/18","Q1","September",3598.94,3608.94,3603.94,10,0.519999999999982
2017-09-27,2017,"Q3","2017/18","Q1","September",3598.32,3608.32,3603.32,10,-0.619999999999891
2017-09-28,2017,"Q3","2017/18","Q1","September",3598.13,3608.13,3603.13,10,-0.190000000000055
2017-09-29,2017,"Q3","2017/18","Q1","September",3598.08,3608.08,3603.08,10,-0.0500000000001819
2017-10-02,2017,"Q4","2017/18","Q2","October",3598.31,3608.31,3603.31,10,0.230000000000018
2017-10-03,2017,"Q4","2017/18","Q2","October",3598.32,3608.32,3603.32,10,0.0100000000002183
2017-10-04,2017,"Q4","2017/18","Q2","October",3599.5,3609.5,3604.5,10,1.17999999999984
2017-10-05,2017,"Q4","2017/18","Q2","October",3602.07,3612.07,3607.07,10,2.57000000000016
2017-10-06,2017,"Q4","2017/18","Q2","October",3611.14,3621.14,3616.14,10,9.06999999999971
2017-10-10,2017,"Q4","2017/18","Q2","October",3619.94,3629.94,3624.94,10,8.80000000000018
2017-10-11,2017,"Q4","2017/18","Q2","October",3622.54,3632.54,3627.54,10,2.59999999999991
2017-10-12,2017,"Q4","2017/18","Q2","October",3623.67,3633.67,3628.67,10,1.13000000000011
2017-10-13,2017,"Q4","2017/18","Q2","October",3632.6,3642.6,3637.6,10,8.92999999999984
2017-10-16,2017,"Q4","2017/18","Q2","October",3637.93,3647.93,3642.93,10,5.32999999999993
2017-10-17,2017,"Q4","2017/18","Q2","October",3653.88,3663.88,3658.88,10,15.9500000000003
2017-10-18,2017,"Q4","2017/18","Q2","October",3652.72,3662.72,3657.72,10,-1.16000000000031
2017-10-19,2017,"Q4","2017/18","Q2","October",3648.49,3658.49,3653.49,10,-4.23000000000002
2017-10-20,2017,"Q4","2017/18","Q2","October",3649.81,3659.81,3654.81,10,1.32000000000016
2017-10-23,2017,"Q4","2017/18","Q2","October",3650.53,3660.53,3655.53,10,0.720000000000255
2017-10-24,2017,"Q4","2017/18","Q2","October",3658.51,3668.51,3663.51,10,7.98000000000002
2017-10-25,2017,"Q4","2017/18","Q2","October",3648.94,3658.94,3653.94,10,-9.57000000000016
2017-10-26,2017,"Q4","2017/18","Q2","October",3646.49,3656.49,3651.49,10,-2.45000000000027
2017-10-27,2017,"Q4","2017/18","Q2","October",3644.78,3654.78,3649.78,10,-1.70999999999958
2017-10-30,2017,"Q4","2017/18","Q2","October",3645.4,3655.4,3650.4,10,0.619999999999891
2017-10-31,2017,"Q4","2017/18","Q2","October",3645.53,3655.53,3650.53,10,0.130000000000109
2017-11-01,2017,"Q4","2017/18","Q2","November",3647.57,3657.57,3652.57,10,2.03999999999996
2017-11-02,2017,"Q4","2017/18","Q2","November",3647.71,3657.71,3652.71,10,0.139999999999873
2017-11-03,2017,"Q4","2017/18","Q2","November",3646.13,3656.13,3651.13,10,-1.57999999999993
2017-11-06,2017,"Q4","2017/18","Q2","November",3642.65,3652.65,3647.65,10,-3.48000000000002
2017-11-07,2017,"Q4","2017/18","Q2","November",3635.07,3645.07,3640.07,10,-7.57999999999993
2017-11-08,2017,"Q4","2017/18","Q2","November",3629.77777777778,3639.77777777778,3634.77777777778,10,-5.29222222222234
2017-11-09,2017,"Q4","2017/18","Q2","November",3629.82,3639.82,3634.82,10,0.0422222222223354
2017-11-10,2017,"Q4","2017/18","Q2","November",3631.14,3641.14,3636.14,10,1.31999999999971
2017-11-13,2017,"Q4","2017/18","Q2","November",3633.06,3643.06,3638.06,10,1.92000000000007
2017-11-14,2017,"Q4","2017/18","Q2","November",3634.58,3644.58,3639.58,10,1.51999999999998
2017-11-15,2017,"Q4","2017/18","Q2","November",3632.78,3642.78,3637.78,10,-1.79999999999973
2017-11-16,2017,"Q4","2017/18","Q2","November",3630.61,3640.61,3635.61,10,-2.17000000000007
2017-11-17,2017,"Q4","2017/18","Q2","November",3630.18,3640.18,3635.18,10,-0.430000000000291
2017-11-20,2017,"Q4","2017/18","Q2","November",3630.25,3640.25,3635.25,10,0.0700000000001637
2017-11-21,2017,"Q4","2017/18","Q2","November",3630.26,3640.26,3635.26,10,0.0100000000002183
2017-11-22,2017,"Q4","2017/18","Q2","November",3629.88,3639.88,3634.88,10,-0.380000000000109
2017-11-23,2017,"Q4","2017/18","Q2","November",3630.24,3640.24,3635.24,10,0.359999999999673
2017-11-24,2017,"Q4","2017/18","Q2","November",3630.72,3640.72,3635.72,10,0.480000000000018
2017-11-27,2017,"Q4","2017/18","Q2","November",3631.08,3641.08,3636.08,10,0.360000000000127
2017-11-28,2017,"Q4","2017/18","Q2","November",3631.04,3641.04,3636.04,10,-0.0399999999999636
2017-11-29,2017,"Q4","2017/18","Q2","November",3630.64,3640.64,3635.64,10,-0.400000000000091
2017-11-30,2017,"Q4","2017/18","Q2","November",3629.53,3639.53,3634.53,10,-1.10999999999967
2017-12-01,2017,"Q4","2017/18","Q2","December",3627.89,3637.89,3632.89,10,-1.64000000000033
2017-12-04,2017,"Q4","2017/18","Q2","December",3627.6,3637.6,3632.6,10,-0.289999999999964
2017-12-05,2017,"Q4","2017/18","Q2","December",3623.65,3633.65,3628.65,10,-3.94999999999982
2017-12-06,2017,"Q4","2017/18","Q2","December",3620.04,3630.04,3625.04,10,-3.61000000000013
2017-12-07,2017,"Q4","2017/18","Q2","December",3619.22,3629.22,3624.22,10,-0.820000000000164
2017-12-08,2017,"Q4","2017/18","Q2","December",3618.4,3628.4,3623.4,10,-0.819999999999709
2017-12-11,2017,"Q4","2017/18","Q2","December",3616.07,3626.07,3621.07,10,-2.32999999999993
2017-12-12,2017,"Q4","2017/18","Q2","December",3614.93,3624.93,3619.93,10,-1.14000000000033
2017-12-13,2017,"Q4","2017/18","Q2","December",3615.18,3625.18,3620.18,10,0.25
2017-12-14,2017,"Q4","2017/18","Q2","December",3615.21,3625.21,3620.21,10,0.0300000000002001
2017-12-15,2017,"Q4","2017/18","Q2","December",3614.56,3624.56,3619.56,10,-0.650000000000091
2017-12-18,2017,"Q4","2017/18","Q2","December",3614.26,3624.26,3619.26,10,-0.299999999999727
2017-12-19,2017,"Q4","2017/18","Q2","December",3612.07,3622.07,3617.07,10,-2.19000000000005
2017-12-20,2017,"Q4","2017/18","Q2","December",3610.67,3620.67,3615.67,10,-1.40000000000009
2017-12-21,2017,"Q4","2017/18","Q2","December",3611.22,3621.22,3616.22,10,0.549999999999727
2017-12-22,2017,"Q4","2017/18","Q2","December",3614.85,3624.85,3619.85,10,3.63000000000011
2017-12-27,2017,"Q4","2017/18","Q2","December",3617.14,3627.14,3622.14,10,2.28999999999996
2017-12-28,2017,"Q4","2017/18","Q2","December",3623.93,3633.93,3628.93,10,6.78999999999996
2017-12-29,2017,"Q4","2017/18","Q2","December",3630.08,3640.08,3635.08,10,6.15000000000009
2018-01-02,2018,"Q1","2017/18","Q3","January",3634.69,3644.69,3639.69,10,4.61000000000013
2018-01-03,2018,"Q1","2017/18","Q3","January",3636.29,3646.29,3641.29,10,1.59999999999991
2018-01-04,2018,"Q1","2017/18","Q3","January",3638.06,3648.01,3643.035,9.95000000000027,1.74499999999989
2018-01-05,2018,"Q1","2017/18","Q3","January",3644.31,3654.31,3649.31,10,6.27500000000009
2018-01-08,2018,"Q1","2017/18","Q3","January",3648.26,3658.26,3653.26,10,3.95000000000027
2018-01-09,2018,"Q1","2017/18","Q3","January",3651.81,3661.81,3656.81,10,3.54999999999973
2018-01-10,2018,"Q1","2017/18","Q3","January",3651.57,3661.57,3656.57,10,-0.239999999999782
2018-01-11,2018,"Q1","2017/18","Q3","January",3649.22,3659.22,3654.22,10,-2.35000000000036
2018-01-12,2018,"Q1","2017/18","Q3","January",3644.69,3654.69,3649.69,10,-4.52999999999975
2018-01-15,2018,"Q1","2017/18","Q3","January",3640.46,3650.46,3645.46,10,-4.23000000000002
2018-01-16,2018,"Q1","2017/18","Q3","January",3633.71,3643.71,3638.71,10,-6.75
2018-01-17,2018,"Q1","2017/18","Q3","January",3629.13888888889,3639.13888888889,3634.13888888889,10,-4.57111111111089
2018-01-18,2018,"Q1","2017/18","Q3","January",3625.88,3635.88,3630.88,10,-3.25888888888903
2018-01-19,2018,"Q1","2017/18","Q3","January",3625.96,3635.96,3630.96,10,0.0799999999999272
2018-01-22,2018,"Q1","2017/18","Q3","January",3626.35,3636.35,3631.35,10,0.389999999999873
2018-01-23,2018,"Q1","2017/18","Q3","January",3626.63,3636.63,3631.63,10,0.2800000000002
2018-01-24,2018,"Q1","2017/18","Q3","January",3629.28,3639.28,3634.28,10,2.65000000000009
2018-01-25,2018,"Q1","2017/18","Q3","January",3630.53,3640.53,3635.53,10,1.25
2018-01-29,2018,"Q1","2017/18","Q3","January",3627.35,3637.35,3632.35,10,-3.18000000000029
2018-01-30,2018,"Q1","2017/18","Q3","January",3621.74,3631.74,3626.74,10,-5.61000000000013
2018-01-31,2018,"Q1","2017/18","Q3","January",3620.21,3630.21,3625.21,10,-1.52999999999975
2018-02-01,2018,"Q1","2017/18","Q3","February",3619.24,3629.24,3624.24,10,-0.970000000000255
2018-02-02,2018,"Q1","2017/18","Q3","February",3621.25,3631.25,3626.25,10,2.01000000000022
2018-02-05,2018,"Q1","2017/18","Q3","February",3625.49,3635.49,3630.49,10,4.23999999999978
2018-02-06,2018,"Q1","2017/18","Q3","February",3629.25,3639.25,3634.25,10,3.76000000000022
2018-02-07,2018,"Q1","2017/18","Q3","February",3630.76,3640.76,3635.76,10,1.51000000000022
2018-02-08,2018,"Q1","2017/18","Q3","February",3630.96,3640.96,3635.96,10,0.199999999999818
2018-02-09,2018,"Q1","2017/18","Q3","February",3630.04,3640.04,3635.04,10,-0.920000000000073
2018-02-12,2018,"Q1","2017/18","Q3","February",3630.32,3640.32,3635.32,10,0.2800000000002
2018-02-13,2018,"Q1","2017/18","Q3","February",3630.06,3640.06,3635.06,10,-0.260000000000218
2018-02-14,2018,"Q1","2017/18","Q3","February",3630.08,3640.08,3635.08,10,0.0199999999999818
2018-02-15,2018,"Q1","2017/18","Q3","February",3630.06,3640.06,3635.06,10,-0.0199999999999818
2018-02-19,2018,"Q1","2017/18","Q3","February",3630.03,3640.03,3635.03,10,-0.0299999999997453
2018-02-20,2018,"Q1","2017/18","Q3","February",3629.99,3639.99,3634.99,10,-0.0400000000004184
2018-02-21,2018,"Q1","2017/18","Q3","February",3630.75,3640.75,3635.75,10,0.760000000000218
2018-02-22,2018,"Q1","2017/18","Q3","February",3637.56944444444,3647.56944444445,3642.56944444445,10.0000000000005,6.81944444444525
2018-02-23,2018,"Q1","2017/18","Q3","February",3651.74,3661.74,3656.74,10,14.1705555555545
2018-02-26,2018,"Q1","2017/18","Q3","February",3647.71,3657.71,3652.71,10,-4.02999999999975
2018-02-27,2018,"Q1","2017/18","Q3","February",3642.4,3652.4,3647.4,10,-5.30999999999995
2018-02-28,2018,"Q1","2017/18","Q3","February",3640.99,3650.99,3645.99,10,-1.41000000000031
2018-03-01,2018,"Q1","2017/18","Q3","March",3641,3651,3646,10,0.0100000000002183
2018-03-02,2018,"Q1","2017/18","Q3","March",3640.65277777778,3650.65277777778,3645.65277777778,10,-0.347222222222172
2018-03-05,2018,"Q1","2017/18","Q3","March",3640.42,3650.42,3645.42,10,-0.232777777777756
2018-03-06,2018,"Q1","2017/18","Q3","March",3642.47,3652.47,3647.47,10,2.04999999999973
2018-03-07,2018,"Q1","2017/18","Q3","March",3647.99,3657.99,3652.99,10,5.51999999999998
2018-03-09,2018,"Q1","2017/18","Q3","March",3649.63888888889,3659.63888888889,3654.63888888889,10,1.64888888888845
2018-03-12,2018,"Q1","2017/18","Q3","March",3649.05555555556,3659.05555555556,3654.05555555556,10,-0.58333333333303
2018-03-13,2018,"Q1","2017/18","Q3","March",3647.64,3657.64,3652.64,10,-1.41555555555533
2018-03-14,2018,"Q1","2017/18","Q3","March",3651,3661,3656,10,3.36000000000013
2018-03-15,2018,"Q1","2017/18","Q3","March",3654.51,3664.51,3659.51,10,3.51000000000022
2018-03-16,2018,"Q1","2017/18","Q3","March",3653.72,3663.72,3658.72,10,-0.790000000000418
2018-03-19,2018,"Q1","2017/18","Q3","March",3653.08,3663.08,3658.08,10,-0.639999999999873
2018-03-20,2018,"Q1","2017/18","Q3","March",3655.03,3665.03,3660.03,10,1.95000000000027
2018-03-21,2018,"Q1","2017/18","Q3","March",3657.43,3667.43,3662.43,10,2.39999999999964
2018-03-22,2018,"Q1","2017/18","Q3","March",3658.72,3668.72,3663.72,10,1.28999999999996
2018-03-23,2018,"Q1","2017/18","Q3","March",3659.61,3669.61,3664.61,10,0.890000000000327
2018-03-26,2018,"Q1","2017/18","Q3","March",3669.19,3679.19,3674.19,10,9.57999999999993
2018-03-27,2018,"Q1","2017/18","Q3","March",3673.1,3683.1,3678.1,10,3.90999999999985
2018-03-28,2018,"Q1","2017/18","Q3","March",3676.21,3686.21,3681.21,10,3.11000000000013
2018-03-29,2018,"Q1","2017/18","Q3","March",3681.89,3691.89,3686.89,10,5.67999999999984
2018-04-03,2018,"Q2","2017/18","Q4","April",3684.94,3694.94,3689.94,10,3.05000000000018
2018-04-04,2018,"Q2","2017/18","Q4","April",3687.42,3697.42,3692.42,10,2.48000000000002
2018-04-05,2018,"Q2","2017/18","Q4","April",3689.38,3699.38,3694.38,10,1.96000000000004
2018-04-06,2018,"Q2","2017/18","Q4","April",3689.96,3699.96,3694.96,10,0.579999999999927
2018-04-09,2018,"Q2","2017/18","Q4","April",3689.99,3699.99,3694.99,10,0.0299999999997453
2018-04-10,2018,"Q2","2017/18","Q4","April",3690.07,3700.07,3695.07,10,0.080000000000382
2018-04-11,2018,"Q2","2017/18","Q4","April",3690.44,3700.44,3695.44,10,0.369999999999891
2018-04-12,2018,"Q2","2017/18","Q4","April",3690.6,3700.6,3695.6,10,0.159999999999854
2018-04-13,2018,"Q2","2017/18","Q4","April",3689.92,3699.92,3694.92,10,-0.679999999999836
2018-04-16,2018,"Q2","2017/18","Q4","April",3688.1,3698.1,3693.1,10,-1.82000000000016
2018-04-17,2018,"Q2","2017/18","Q4","April",3686.19,3696.19,3691.19,10,-1.90999999999985
2018-04-18,2018,"Q2","2017/18","Q4","April",3686.36,3696.36,3691.36,10,0.170000000000073
2018-04-19,2018,"Q2","2017/18","Q4","April",3688.57,3698.57,3693.57,10,2.21000000000004
2018-04-20,2018,"Q2","2017/18","Q4","April",3692.13,3702.13,3697.13,10,3.55999999999995
2018-04-23,2018,"Q2","2017/18","Q4","April",3693.44,3703.44,3698.44,10,1.30999999999995
2018-04-24,2018,"Q2","2017/18","Q4","April",3693.94,3703.94,3698.94,10,0.5
2018-04-25,2018,"Q2","2017/18","Q4","April",3695.5,3705.5,3700.5,10,1.55999999999995
2018-04-26,2018,"Q2","2017/18","Q4","April",3702.64,3712.64,3707.64,10,7.13999999999987
2018-04-27,2018,"Q2","2017/18","Q4","April",3707.04,3717.04,3712.04,10,4.40000000000009
2018-04-30,2018,"Q2","2017/18","Q4","April",3708.22,3718.22,3713.22,10,1.17999999999984
2018-05-02,2018,"Q2","2017/18","Q4","May",3708.53,3718.53,3713.53,10,0.3100000000004
2018-05-03,2018,"Q2","2017/18","Q4","May",3708.81,3718.81,3713.81,10,0.279999999999745
2018-05-04,2018,"Q2","2017/18","Q4","May",3708.39,3718.39,3713.39,10,-0.420000000000073
2018-05-07,2018,"Q2","2017/18","Q4","May",3708.6,3718.6,3713.6,10,0.210000000000036
2018-05-08,2018,"Q2","2017/18","Q4","May",3708.38,3718.38,3713.38,10,-0.2199999999998
2018-05-09,2018,"Q2","2017/18","Q4","May",3708.17,3718.17,3713.17,10,-0.210000000000036
2018-05-10,2018,"Q2","2017/18","Q4","May",3708.79,3718.79,3713.79,10,0.619999999999891
2018-05-11,2018,"Q2","2017/18","Q4","May",3710.21,3720.21,3715.21,10,1.42000000000007
2018-05-14,2018,"Q2","2017/18","Q4","May",3711.41666666667,3721.41666666667,3716.41666666667,10,1.20666666666602
2018-05-15,2018,"Q2","2017/18","Q4","May",3711.56944444444,3721.56944444444,3716.56944444444,10,0.152777777777828
2018-05-16,2018,"Q2","2017/18","Q4","May",3711.36111111111,3721.36111111111,3716.36111111111,10,-0.208333333332575
2018-05-17,2018,"Q2","2017/18","Q4","May",3711.86111111111,3721.86111111111,3716.86111111111,10,0.500000000000455
2018-05-18,2018,"Q2","2017/18","Q4","May",3714.02777777778,3724.02777777778,3719.02777777778,10,2.16666666666561
2018-05-21,2018,"Q2","2017/18","Q4","May",3716.84722222222,3726.84722222222,3721.84722222222,10,2.8194444444448
2018-05-22,2018,"Q2","2017/18","Q4","May",3721.22222222222,3731.22222222222,3726.22222222222,10,4.375
2018-05-23,2018,"Q2","2017/18","Q4","May",3727.5,3737.5,3732.5,10,6.27777777777828
2018-05-24,2018,"Q2","2017/18","Q4","May",3732.81944444444,3742.81944444444,3737.81944444444,10,5.31944444444434
2018-05-25,2018,"Q2","2017/18","Q4","May",3736,3746,3741,10,3.1805555555552
2018-05-28,2018,"Q2","2017/18","Q4","May",3742.98611111111,3752.98611111111,3747.98611111111,10,6.98611111111086
2018-05-29,2018,"Q2","2017/18","Q4","May",3752.25,3762.25,3757.25,10,9.2638888888896
2018-05-30,2018,"Q2","2017/18","Q4","May",3757.45833333333,3767.45833333333,3762.45833333333,10,5.20833333333303
2018-05-31,2018,"Q2","2017/18","Q4","May",3763.34722222222,3773.34722222222,3768.34722222222,10,5.88888888888914
2018-06-01,2018,"Q2","2017/18","Q4","June",3771.125,3781.125,3776.125,10,7.77777777777783
2018-06-04,2018,"Q2","2017/18","Q4","June",3774.14,3784.14,3779.14,10,3.01499999999942
2018-06-05,2018,"Q2","2017/18","Q4","June",3779.61,3789.61,3784.61,10,5.47000000000025
2018-06-06,2018,"Q2","2017/18","Q4","June",3787.75,3797.75,3792.75,10,8.13999999999987
2018-06-07,2018,"Q2","2017/18","Q4","June",3802.08,3812.08,3807.08,10,14.3299999999999
2018-06-08,2018,"Q2","2017/18","Q4","June",3809.46,3819.46,3814.46,10,7.38000000000011
2018-06-11,2018,"Q2","2017/18","Q4","June",3811.92,3821.92,3816.92,10,2.46000000000004
2018-06-12,2018,"Q2","2017/18","Q4","June",3819.81,3829.81,3824.81,10,7.88999999999987
2018-06-13,2018,"Q2","2017/18","Q4","June",3832.74,3842.74,3837.74,10,12.9299999999998
2018-06-14,2018,"Q2","2017/18","Q4","June",3841.86,3851.86,3846.86,10,9.12000000000035
2018-06-18,2018,"Q2","2017/18","Q4","June",3845.69,3855.69,3850.69,10,3.82999999999993
2018-06-19,2018,"Q2","2017/18","Q4","June",3851.42,3861.42,3856.42,10,5.73000000000002
2018-06-20,2018,"Q2","2017/18","Q4","June",3865.85,3875.85,3870.85,10,14.4299999999998
2018-06-21,2018,"Q2","2017/18","Q4","June",3877.85,3887.85,3882.85,10,12
2018-06-22,2018,"Q2","2017/18","Q4","June",3868.76,3878.49,3873.625,9.72999999999956,-9.22499999999991
2018-06-25,2018,"Q2","2017/18","Q4","June",3865.53,3875.73,3870.63,10.1999999999998,-2.99499999999989
2018-06-26,2018,"Q2","2017/18","Q4","June",3877.93,3887.86,3882.895,9.93000000000029,12.2649999999999
2018-06-27,2018,"Q2","2017/18","Q4","June",3876.36,3886.36,3881.36,10,-1.53499999999985
2018-06-28,2018,"Q2","2017/18","Q4","June",3875.18,3885.18,3880.18,10,-1.18000000000029
2018-06-29,2018,"Q2","2017/18","Q4","June",3874.54,3884.54,3879.54,10,-0.639999999999873
2018-07-02,2018,"Q3","2018/19","Q1","July",3873.72,3883.72,3878.72,10,-0.820000000000164
2018-07-03,2018,"Q3","2018/19","Q1","July",3863.26,3873.26,3868.26,10,-10.4599999999996
2018-07-04,2018,"Q3","2018/19","Q1","July",3848.33,3858.33,3853.33,10,-14.9300000000003
2018-07-05,2018,"Q3","2018/19","Q1","July",3841.13,3851.13,3846.13,10,-7.19999999999982
2018-07-06,2018,"Q3","2018/19","Q1","July",3834.59722222222,3844.59722222222,3839.59722222222,10,-6.53277777777885
2018-07-09,2018,"Q3","2018/19","Q1","July",3817.75,3827.68,3822.715,9.92999999999984,-16.8822222222211
2018-07-11,2018,"Q3","2018/19","Q1","July",3770.31,3780.24,3775.275,9.92999999999984,-47.4400000000005
2018-07-12,2018,"Q3","2018/19","Q1","July",3751.94,3761.81,3756.875,9.86999999999989,-18.3999999999996
2018-07-13,2018,"Q3","2018/19","Q1","July",3730.14,3740.14,3735.14,10,-21.7350000000001
2018-07-16,2018,"Q3","2018/19","Q1","July",3699.13,3709.13,3704.13,10,-31.0099999999998
2018-07-17,2018,"Q3","2018/19","Q1","July",3704.36,3714.36,3709.36,10,5.23000000000002
2018-07-18,2018,"Q3","2018/19","Q1","July",3733.61,3743.61,3738.61,10,29.25
2018-07-19,2018,"Q3","2018/19","Q1","July",3737.92,3747.92,3742.92,10,4.30999999999995
2018-07-20,2018,"Q3","2018/19","Q1","July",3734.75,3744.75,3739.75,10,-3.17000000000007
2018-07-23,2018,"Q3","2018/19","Q1","July",3726.08,3736.08,3731.08,10,-8.67000000000007
2018-07-24,2018,"Q3","2018/19","Q1","July",3703.97,3713.97,3708.97,10,-22.1100000000001
2018-07-25,2018,"Q3","2018/19","Q1","July",3693.61,3703.61,3698.61,10,-10.3599999999997
2018-07-26,2018,"Q3","2018/19","Q1","July",3701.49,3711.49,3706.49,10,7.87999999999965
2018-07-27,2018,"Q3","2018/19","Q1","July",3701.96,3711.96,3706.96,10,0.470000000000255
2018-07-30,2018,"Q3","2018/19","Q1","July",3699.97,3709.97,3704.97,10,-1.99000000000024
2018-07-31,2018,"Q3","2018/19","Q1","July",3696.44,3706.4,3701.42,9.96000000000004,-3.54999999999973
2018-08-01,2018,"Q3","2018/19","Q1","August",3691.1,3701.17,3696.135,10.0700000000002,-5.28499999999985
2018-08-02,2018,"Q3","2018/19","Q1","August",3691.69,3701.69,3696.69,10,0.554999999999836
2018-08-03,2018,"Q3","2018/19","Q1","August",3698.39,3708.39,3703.39,10,6.69999999999982
2018-08-06,2018,"Q3","2018/19","Q1","August",3695.5,3705.5,3700.5,10,-2.88999999999987
2018-08-07,2018,"Q3","2018/19","Q1","August",3690.5,3700.5,3695.5,10,-5
2018-08-08,2018,"Q3","2018/19","Q1","August",3679.43,3689.43,3684.43,10,-11.0700000000002
2018-08-09,2018,"Q3","2018/19","Q1","August",3665.71,3675.71,3670.71,10,-13.7199999999998
2018-08-10,2018,"Q3","2018/19","Q1","August",3681.53,3691.53,3686.53,10,15.8200000000002
2018-08-13,2018,"Q3","2018/19","Q1","August",3735.53,3745.53,3740.53,10,54
2018-08-14,2018,"Q3","2018/19","Q1","August",3736.24,3746.24,3741.24,10,0.709999999999582
2018-08-15,2018,"Q3","2018/19","Q1","August",3734.47,3744.47,3739.47,10,-1.76999999999998
2018-08-16,2018,"Q3","2018/19","Q1","August",3749.78,3759.78,3754.78,10,15.3100000000004
2018-08-17,2018,"Q3","2018/19","Q1","August",3735.53,3745.53,3740.53,10,-14.25
2018-08-20,2018,"Q3","2018/19","Q1","August",3745.1,3755.1,3750.1,10,9.56999999999971
2018-08-22,2018,"Q3","2018/19","Q1","August",3744.13,3754.13,3749.13,10,-0.9699999999998
2018-08-23,2018,"Q3","2018/19","Q1","August",3741,3751,3746,10,-3.13000000000011
2018-08-24,2018,"Q3","2018/19","Q1","August",3748.25,3758.25,3753.25,10,7.25
2018-08-27,2018,"Q3","2018/19","Q1","August",3749.38,3759.38,3754.38,10,1.13000000000011
2018-08-28,2018,"Q3","2018/19","Q1","August",3754.47,3764.47,3759.47,10,5.08999999999969
2018-08-29,2018,"Q3","2018/19","Q1","August",3762.97,3772.97,3767.97,10,8.5
2018-08-30,2018,"Q3","2018/19","Q1","August",3753.99,3763.99,3758.99,10,-8.98000000000002
2018-08-31,2018,"Q3","2018/19","Q1","August",3754.99,3764.99,3759.99,10,1
2018-09-03,2018,"Q3","2018/19","Q1","September",3760.53,3770.53,3765.53,10,5.54000000000042
2018-09-04,2018,"Q3","2018/19","Q1","September",3761.58,3771.58,3766.58,10,1.04999999999973
2018-09-05,2018,"Q3","2018/19","Q1","September",3774.18,3784.18,3779.18,10,12.5999999999999
2018-09-06,2018,"Q3","2018/19","Q1","September",3777.14,3787.14,3782.14,10,2.96000000000004
2018-09-07,2018,"Q3","2018/19","Q1","September",3767.29,3777.29,3772.29,10,-9.84999999999991
2018-09-10,2018,"Q3","2018/19","Q1","September",3772.96,3782.96,3777.96,10,5.67000000000007
2018-09-11,2018,"Q3","2018/19","Q1","September",3780.9,3790.9,3785.9,10,7.94000000000005
2018-09-12,2018,"Q3","2018/19","Q1","September",3791.43,3801.4,3796.415,9.97000000000025,10.5149999999999
2018-09-13,2018,"Q3","2018/19","Q1","September",3796.61,3806.61,3801.61,10,5.19500000000016
2018-09-14,2018,"Q3","2018/19","Q1","September",3798.88,3808.88,3803.88,10,2.26999999999998
2018-09-17,2018,"Q3","2018/19","Q1","September",3807.61,3817.61,3812.61,10,8.73000000000002
2018-09-18,2018,"Q3","2018/19","Q1","September",3813.28,3823.28,3818.28,10,5.67000000000007
2018-09-19,2018,"Q3","2018/19","Q1","September",3818.82,3828.82,3823.82,10,5.53999999999996
2018-09-20,2018,"Q3","2018/19","Q1","September",3816.99,3826.99,3821.99,10,-1.83000000000038
2018-09-21,2018,"Q3","2018/19","Q1","September",3814.06,3824.06,3819.06,10,-2.92999999999984
2018-09-24,2018,"Q3","2018/19","Q1","September",3807.33333333333,3817.33333333333,3812.33333333333,10,-6.72666666666646
2018-09-25,2018,"Q3","2018/19","Q1","September",3807.93,3817.93,3812.93,10,0.596666666666351
2018-09-26,2018,"Q3","2018/19","Q1","September",3814.58,3824.58,3819.58,10,6.65000000000009
2018-09-27,2018,"Q3","2018/19","Q1","September",3814.36,3824.36,3819.36,10,-0.2199999999998
2018-09-28,2018,"Q3","2018/19","Q1","September",3817.14,3827.14,3822.14,10,2.77999999999975
2018-10-01,2018,"Q4","2018/19","Q2","October",3817.97,3827.97,3822.97,10,0.829999999999927
2018-10-02,2018,"Q4","2018/19","Q2","October",3815.81,3825.81,3820.81,10,-2.15999999999985
2018-10-03,2018,"Q4","2018/19","Q2","October",3799.14,3809.14,3804.14,10,-16.6700000000001
2018-10-04,2018,"Q4","2018/19","Q2","October",3773.56,3783.56,3778.56,10,-25.5799999999999
2018-10-05,2018,"Q4","2018/19","Q2","October",3772.13,3782.13,3777.13,10,-1.42999999999984
2018-10-08,2018,"Q4","2018/19","Q2","October",3778.58,3788.58,3783.58,10,6.44999999999982
2018-10-10,2018,"Q4","2018/19","Q2","October",3790.19,3800.19,3795.19,10,11.6100000000001
2018-10-11,2018,"Q4","2018/19","Q2","October",3789.79,3799.79,3794.79,10,-0.400000000000091
2018-10-12,2018,"Q4","2018/19","Q2","October",3783.5,3793.5,3788.5,10,-6.28999999999996
2018-10-15,2018,"Q4","2018/19","Q2","October",3778.51,3788.51,3783.51,10,-4.98999999999978
2018-10-16,2018,"Q4","2018/19","Q2","October",3773.32,3783.32,3778.32,10,-5.19000000000005
2018-10-17,2018,"Q4","2018/19","Q2","October",3772.78,3782.78,3777.78,10,-0.539999999999964
2018-10-18,2018,"Q4","2018/19","Q2","October",3760.39,3770.39,3765.39,10,-12.3900000000003
2018-10-19,2018,"Q4","2018/19","Q2","October",3756.15,3766.15,3761.15,10,-4.23999999999978
2018-10-22,2018,"Q4","2018/19","Q2","October",3755.28,3765.28,3760.28,10,-0.869999999999891
2018-10-23,2018,"Q4","2018/19","Q2","October",3756.25,3766.25,3761.25,10,0.9699999999998
2018-10-24,2018,"Q4","2018/19","Q2","October",3756.58,3766.58,3761.58,10,0.329999999999927
2018-10-25,2018,"Q4","2018/19","Q2","October",3755.38,3765.38,3760.38,10,-1.19999999999982
2018-10-26,2018,"Q4","2018/19","Q2","October",3755.39,3765.39,3760.39,10,0.00999999999976353
2018-10-29,2018,"Q4","2018/19","Q2","October",3755.33,3765.33,3760.33,10,-0.0599999999999454
2018-10-30,2018,"Q4","2018/19","Q2","October",3755.31,3765.31,3760.31,10,-0.0199999999999818
2018-10-31,2018,"Q4","2018/19","Q2","October",3754.17,3764.17,3759.17,10,-1.13999999999987
2018-11-01,2018,"Q4","2018/19","Q2","November",3743.72,3753.72,3748.72,10,-10.4500000000003
2018-11-02,2018,"Q4","2018/19","Q2","November",3737.93,3747.93,3742.93,10,-5.78999999999996
2018-11-05,2018,"Q4","2018/19","Q2","November",3745.54,3755.54,3750.54,10,7.61000000000013
2018-11-06,2018,"Q4","2018/19","Q2","November",3749.33,3759.33,3754.33,10,3.78999999999996
2018-11-07,2018,"Q4","2018/19","Q2","November",3750.04,3760.04,3755.04,10,0.710000000000036
2018-11-08,2018,"Q4","2018/19","Q2","November",3749.5,3759.5,3754.5,10,-0.539999999999964
2018-11-09,2018,"Q4","2018/19","Q2","November",3746.29,3756.29,3751.29,10,-3.21000000000004
2018-11-12,2018,"Q4","2018/19","Q2","November",3743.56,3753.56,3748.56,10,-2.73000000000002
2018-11-13,2018,"Q4","2018/19","Q2","November",3741.17,3751.17,3746.17,10,-2.38999999999987
2018-11-14,2018,"Q4","2018/19","Q2","November",3732.51,3742.51,3737.51,10,-8.65999999999985
2018-11-15,2018,"Q4","2018/19","Q2","November",3729.42,3739.42,3734.42,10,-3.09000000000015
2018-11-16,2018,"Q4","2018/19","Q2","November",3730.32,3740.32,3735.32,10,0.900000000000091
2018-11-19,2018,"Q4","2018/19","Q2","November",3730.26,3740.26,3735.26,10,-0.0599999999999454
2018-11-20,2018,"Q4","2018/19","Q2","November",3726.99,3736.99,3731.99,10,-3.27000000000044
2018-11-21,2018,"Q4","2018/19","Q2","November",3719.51,3729.51,3724.51,10,-7.47999999999956
2018-11-22,2018,"Q4","2018/19","Q2","November",3717.18,3727.18,3722.18,10,-2.33000000000038
2018-11-23,2018,"Q4","2018/19","Q2","November",3739.69,3749.69,3744.69,10,25.0100000000002
2018-11-26,2018,"Q4","2018/19","Q2","November",3733.93055555556,3743.93,3738.93027777778,9.99944444444372,-5.75972222222208
2018-11-27,2018,"Q4","2018/19","Q2","November",3726.15,3736.15,3731.15,10,-7.78027777777788
2018-11-28,2018,"Q4","2018/19","Q2","November",3726.13,3736.13,3731.13,10,-0.0199999999999818
2018-11-29,2018,"Q4","2018/19","Q2","November",3725.43,3735.43,3730.43,10,-0.700000000000273
2018-11-30,2018,"Q4","2018/19","Q2","November",3720.39,3730.39,3725.39,10,-5.03999999999996
2018-12-03,2018,"Q4","2018/19","Q2","December",3720.01,3730.01,3725.01,10,-0.379999999999654
2018-12-04,2018,"Q4","2018/19","Q2","December",3721.67,3731.67,3726.67,10,1.65999999999985
2018-12-05,2018,"Q4","2018/19","Q2","December",3724.51,3734.51,3729.51,10,2.84000000000015
2018-12-06,2018,"Q4","2018/19","Q2","December",3727.51,3737.51,3732.51,10,3
2018-12-07,2018,"Q4","2018/19","Q2","December",3728.26,3738.26,3733.26,10,0.75
2018-12-10,2018,"Q4","2018/19","Q2","December",3728.38888888889,3738.38888888889,3733.38888888889,10,0.128888888888469
2018-12-11,2018,"Q4","2018/19","Q2","December",3728.26,3738.26,3733.26,10,-0.128888888888469
2018-12-12,2018,"Q4","2018/19","Q2","December",3720.51,3730.51,3725.51,10,-7.75
2018-12-13,2018,"Q4","2018/19","Q2","December",3701.15,3711.15,3706.15,10,-19.3600000000001
2018-12-14,2018,"Q4","2018/19","Q2","December",3692.15,3702.15,3697.15,10,-9
2018-12-17,2018,"Q4","2018/19","Q2","December",3694.29,3704.29,3699.29,10,2.13999999999987
2018-12-18,2018,"Q4","2018/19","Q2","December",3695.4,3705.4,3700.4,10,1.11000000000013
2018-12-19,2018,"Q4","2018/19","Q2","December",3690.83,3700.83,3695.83,10,-4.57000000000016
2018-12-20,2018,"Q4","2018/19","Q2","December",3689.67,3699.67,3694.67,10,-1.15999999999985
2018-12-21,2018,"Q4","2018/19","Q2","December",3689.78,3699.78,3694.78,10,0.110000000000127
2018-12-24,2018,"Q4","2018/19","Q2","December",3696.57,3706.57,3701.57,10,6.78999999999996
2018-12-27,2018,"Q4","2018/19","Q2","December",3706.03,3716.03,3711.03,10,9.46000000000004
2018-12-28,2018,"Q4","2018/19","Q2","December",3710.07,3720.07,3715.07,10,4.03999999999996
2018-12-31,2018,"Q4","2018/19","Q2","December",3708.35,3718.35,3713.35,10,-1.72000000000025
2019-01-02,2019,"Q1","2018/19","Q3","January",3706.86,3716.86,3711.86,10,-1.48999999999978
2019-01-03,2019,"Q1","2018/19","Q3","January",3715.56,3725.56,3720.56,10,8.69999999999982
2019-01-04,2019,"Q1","2018/19","Q3","January",3719.74,3729.74,3724.74,10,4.17999999999984
2019-01-07,2019,"Q1","2018/19","Q3","January",3721.82,3731.82,3726.82,10,2.08000000000038
2019-01-08,2019,"Q1","2018/19","Q3","January",3728.76,3738.76,3733.76,10,6.94000000000005
2019-01-09,2019,"Q1","2018/19","Q3","January",3727.97,3737.97,3732.97,10,-0.790000000000418
2019-01-10,2019,"Q1","2018/19","Q3","January",3715.13,3725.13,3720.13,10,-12.8399999999997
2019-01-11,2019,"Q1","2018/19","Q3","January",3704.97,3714.97,3709.97,10,-10.1600000000003
2019-01-14,2019,"Q1","2018/19","Q3","January",3701.18,3711.18,3706.18,10,-3.78999999999996
2019-01-15,2019,"Q1","2018/19","Q3","January",3690.78,3700.78,3695.78,10,-10.3999999999996
2019-01-16,2019,"Q1","2018/19","Q3","January",3687.53,3697.53,3692.53,10,-3.25
2019-01-17,2019,"Q1","2018/19","Q3","January",3702.18,3712.18,3707.18,10,14.6499999999996
2019-01-18,2019,"Q1","2018/19","Q3","January",3708.08,3718.08,3713.08,10,5.90000000000009
2019-01-21,2019,"Q1","2018/19","Q3","January",3698.18,3708.18,3703.18,10,-9.90000000000009
2019-01-22,2019,"Q1","2018/19","Q3","January",3692.29,3702.29,3697.29,10,-5.88999999999987
2019-01-23,2019,"Q1","2018/19","Q3","January",3687.42,3697.42,3692.42,10,-4.86999999999989
2019-01-24,2019,"Q1","2018/19","Q3","January",3685.57,3695.57,3690.57,10,-1.84999999999991
2019-01-25,2019,"Q1","2018/19","Q3","January",3678.89,3688.89,3683.89,10,-6.68000000000029
2019-01-28,2019,"Q1","2018/19","Q3","January",3670.65,3680.65,3675.65,10,-8.23999999999978
2019-01-29,2019,"Q1","2018/19","Q3","January",3667.14,3677.14,3672.14,10,-3.51000000000022
2019-01-30,2019,"Q1","2018/19","Q3","January",3665.74,3675.74,3670.74,10,-1.40000000000009
2019-01-31,2019,"Q1","2018/19","Q3","January",3667.11,3677.11,3672.11,10,1.37000000000035
2019-02-01,2019,"Q1","2018/19","Q3","February",3664.9,3674.9,3669.9,10,-2.21000000000004
2019-02-04,2019,"Q1","2018/19","Q3","February",3674.58,3684.58,3679.58,10,9.67999999999984
2019-02-05,2019,"Q1","2018/19","Q3","February",3675.24,3685.24,3680.24,10,0.659999999999854
2019-02-06,2019,"Q1","2018/19","Q3","February",3669.19,3679.19,3674.19,10,-6.04999999999973
2019-02-07,2019,"Q1","2018/19","Q3","February",3663.9,3673.9,3668.9,10,-5.28999999999996
2019-02-08,2019,"Q1","2018/19","Q3","February",3664.03,3674.03,3669.03,10,0.130000000000109
2019-02-11,2019,"Q1","2018/19","Q3","February",3666.46,3676.42,3671.44,9.96000000000004,2.40999999999985
2019-02-12,2019,"Q1","2018/19","Q3","February",3664.74,3674.74,3669.74,10,-1.70000000000027
2019-02-13,2019,"Q1","2018/19","Q3","February",3663.6,3673.6,3668.6,10,-1.13999999999987
2019-02-14,2019,"Q1","2018/19","Q3","February",3663.68,3673.68,3668.68,10,0.0799999999999272
2019-02-15,2019,"Q1","2018/19","Q3","February",3666.61,3676.61,3671.61,10,2.93000000000029
2019-02-18,2019,"Q1","2018/19","Q3","February",3665.49,3675.49,3670.49,10,-1.12000000000035
2019-02-19,2019,"Q1","2018/19","Q3","February",3664.79,3674.79,3669.79,10,-0.699999999999818
2019-02-20,2019,"Q1","2018/19","Q3","February",3665.15,3675.15,3670.15,10,0.360000000000127
2019-02-21,2019,"Q1","2018/19","Q3","February",3665.25,3675.25,3670.25,10,0.0999999999999091
2019-02-22,2019,"Q1","2018/19","Q3","February",3664.67,3674.67,3669.67,10,-0.579999999999927
2019-02-25,2019,"Q1","2018/19","Q3","February",3664.39,3674.39,3669.39,10,-0.2800000000002
2019-02-26,2019,"Q1","2018/19","Q3","February",3665.93,3675.93,3670.93,10,1.53999999999996
2019-02-27,2019,"Q1","2018/19","Q3","February",3675.51,3685.51,3680.51,10,9.58000000000038
2019-02-28,2019,"Q1","2018/19","Q3","February",3689.79,3699.79,3694.79,10,14.2799999999997
2019-03-01,2019,"Q1","2018/19","Q3","March",3698.51,3708.51,3703.51,10,8.72000000000025
2019-03-04,2019,"Q1","2018/19","Q3","March",3696.72,3706.72,3701.72,10,-1.79000000000042
2019-03-05,2019,"Q1","2018/19","Q3","March",3691.53,3701.53,3696.53,10,-5.1899999999996
2019-03-06,2019,"Q1","2018/19","Q3","March",3704.19,3714.19,3709.19,10,12.6599999999999
2019-03-07,2019,"Q1","2018/19","Q3","March",3703.6,3713.6,3708.6,10,-0.590000000000146
2019-03-11,2019,"Q1","2018/19","Q3","March",3694.54,3704.54,3699.54,10,-9.05999999999995
2019-03-12,2019,"Q1","2018/19","Q3","March",3698.82,3708.82,3703.82,10,4.2800000000002
2019-03-13,2019,"Q1","2018/19","Q3","March",3707.33,3717.33,3712.33,10,8.50999999999976
2019-03-14,2019,"Q1","2018/19","Q3","March",3713.06,3723.06,3718.06,10,5.73000000000002
2019-03-15,2019,"Q1","2018/19","Q3","March",3705.43,3715.43,3710.43,10,-7.63000000000011
2019-03-18,2019,"Q1","2018/19","Q3","March",3699.6,3709.6,3704.6,10,-5.82999999999993
2019-03-19,2019,"Q1","2018/19","Q3","March",3698.31,3708.31,3703.31,10,-1.28999999999996
2019-03-20,2019,"Q1","2018/19","Q3","March",3698.9,3708.9,3703.9,10,0.590000000000146
2019-03-21,2019,"Q1","2018/19","Q3","March",3700.35,3710.35,3705.35,10,1.44999999999982
2019-03-22,2019,"Q1","2018/19","Q3","March",3694.58,3704.58,3699.58,10,-5.76999999999998
2019-03-25,2019,"Q1","2018/19","Q3","March",3695.6,3705.6,3700.6,10,1.01999999999998
2019-03-26,2019,"Q1","2018/19","Q3","March",3701.06,3711.06,3706.06,10,5.46000000000004
2019-03-27,2019,"Q1","2018/19","Q3","March",3702.71,3712.71,3707.71,10,1.65000000000009
2019-03-28,2019,"Q1","2018/19","Q3","March",3708.86,3718.86,3713.86,10,6.15000000000009
2019-03-29,2019,"Q1","2018/19","Q3","March",3710.13,3720.13,3715.13,10,1.26999999999998
2019-04-01,2019,"Q2","2018/19","Q4","April",3709.85,3719.85,3714.85,10,-0.2800000000002
2019-04-02,2019,"Q2","2018/19","Q4","April",3710.19,3720.19,3715.19,10,0.340000000000146
2019-04-03,2019,"Q2","2018/19","Q4","April",3714.5,3724.5,3719.5,10,4.30999999999995
2019-04-04,2019,"Q2","2018/19","Q4","April",3720.96,3730.96,3725.96,10,6.46000000000004
2019-04-05,2019,"Q2","2018/19","Q4","April",3731.54,3741.54,3736.54,10,10.5799999999999
2019-04-08,2019,"Q2","2018/19","Q4","April",3732.89,3742.89,3737.89,10,1.34999999999991
2019-04-09,2019,"Q2","2018/19","Q4","April",3735.35,3745.35,3740.35,10,2.46000000000004
2019-04-10,2019,"Q2","2018/19","Q4","April",3747.72,3757.72,3752.72,10,12.3699999999999
2019-04-11,2019,"Q2","2018/19","Q4","April",3747.63,3757.63,3752.63,10,-0.0899999999996908
2019-04-12,2019,"Q2","2018/19","Q4","April",3739.21,3749.21,3744.21,10,-8.42000000000007
2019-04-15,2019,"Q2","2018/19","Q4","April",3735.42,3745.42,3740.42,10,-3.78999999999996
2019-04-16,2019,"Q2","2018/19","Q4","April",3732.49,3742.49,3737.49,10,-2.93000000000029
2019-04-17,2019,"Q2","2018/19","Q4","April",3728.44,3738.44,3733.44,10,-4.04999999999973
2019-04-18,2019,"Q2","2018/19","Q4","April",3729.28,3739.28,3734.28,10,0.840000000000146
2019-04-23,2019,"Q2","2018/19","Q4","April",3733.85,3743.85,3738.85,10,4.56999999999971
2019-04-24,2019,"Q2","2018/19","Q4","April",3733.75,3743.72,3738.735,9.9699999999998,-0.115000000000236
2019-04-25,2019,"Q2","2018/19","Q4","April",3733.74,3743.74,3738.74,10,0.00500000000010914
2019-04-26,2019,"Q2","2018/19","Q4","April",3739.76,3749.76,3744.76,10,6.02000000000044
2019-04-29,2019,"Q2","2018/19","Q4","April",3740.78,3750.78,3745.78,10,1.01999999999998
2019-04-30,2019,"Q2","2018/19","Q4","April",3742.18,3752.18,3747.18,10,1.39999999999964
2019-05-02,2019,"Q2","2018/19","Q4","May",3753.5,3763.5,3758.5,10,11.3200000000002
2019-05-03,2019,"Q2","2018/19","Q4","May",3760.68055555556,3770.68055555556,3765.68055555556,10,7.18055555555657
2019-05-06,2019,"Q2","2018/19","Q4","May",3762.94444444444,3772.875,3767.90972222222,9.93055555555611,2.22916666666515
2019-05-07,2019,"Q2","2018/19","Q4","May",3763.14,3773.14,3768.14,10,0.230277777778156
2019-05-08,2019,"Q2","2018/19","Q4","May",3769.72,3779.72,3774.72,10,6.57999999999993
2019-05-09,2019,"Q2","2018/19","Q4","May",3777.28,3787.28,3782.28,10,7.5600000000004
2019-05-10,2019,"Q2","2018/19","Q4","May",3773.24,3783.24,3778.24,10,-4.04000000000042
2019-05-13,2019,"Q2","2018/19","Q4","May",3762.83,3772.9,3767.865,10.0700000000002,-10.375
2019-05-14,2019,"Q2","2018/19","Q4","May",3764.38,3774.38,3769.38,10,1.51500000000033
2019-05-15,2019,"Q2","2018/19","Q4","May",3764.81,3774.81,3769.81,10,0.429999999999836
2019-05-16,2019,"Q2","2018/19","Q4","May",3764.81,3774.81,3769.81,10,0
2019-05-17,2019,"Q2","2018/19","Q4","May",3760.11,3770.11,3765.11,10,-4.69999999999982
2019-05-20,2019,"Q2","2018/19","Q4","May",3755.44,3765.44,3760.44,10,-4.67000000000007
2019-05-21,2019,"Q2","2018/19","Q4","May",3756.49,3766.49,3761.49,10,1.04999999999973
2019-05-22,2019,"Q2","2018/19","Q4","May",3759.03,3769.03,3764.03,10,2.54000000000042
2019-05-23,2019,"Q2","2018/19","Q4","May",3756.93,3766.93,3761.93,10,-2.10000000000036
2019-05-24,2019,"Q2","2018/19","Q4","May",3755.85,3765.85,3760.85,10,-1.07999999999993
2019-05-27,2019,"Q2","2018/19","Q4","May",3755.21,3765.21,3760.21,10,-0.639999999999873
2019-05-28,2019,"Q2","2018/19","Q4","May",3755.19,3765.19,3760.19,10,-0.0199999999999818
2019-05-29,2019,"Q2","2018/19","Q4","May",3754.53,3764.53,3759.53,10,-0.659999999999854
2019-05-30,2019,"Q2","2018/19","Q4","May",3753.83,3763.83,3758.83,10,-0.700000000000273
2019-05-31,2019,"Q2","2018/19","Q4","May",3753.9,3763.9,3758.9,10,0.0700000000001637
2019-06-05,2019,"Q2","2018/19","Q4","June",3754.54,3764.54,3759.54,10,0.639999999999873
2019-06-06,2019,"Q2","2018/19","Q4","June",3758.82,3768.82,3763.82,10,4.2800000000002
2019-06-07,2019,"Q2","2018/19","Q4","June",3760.21,3770.21,3765.21,10,1.38999999999987
2019-06-10,2019,"Q2","2018/19","Q4","June",3759.26,3769.26,3764.26,10,-0.949999999999818
2019-06-11,2019,"Q2","2018/19","Q4","June",3749.57,3759.57,3754.57,10,-9.69000000000005
2019-06-12,2019,"Q2","2018/19","Q4","June",3742.96,3752.96,3747.96,10,-6.61000000000013
2019-06-13,2019,"Q2","2018/19","Q4","June",3740.33,3750.33,3745.33,10,-2.63000000000011
2019-06-14,2019,"Q2","2018/19","Q4","June",3739.86,3749.86,3744.86,10,-0.4699999999998
2019-06-17,2019,"Q2","2018/19","Q4","June",3735.72,3745.72,3740.72,10,-4.14000000000033
2019-06-18,2019,"Q2","2018/19","Q4","June",3729.83,3739.83,3734.83,10,-5.88999999999987
2019-06-19,2019,"Q2","2018/19","Q4","June",3716.69444444444,3726.69444444444,3721.69444444444,10,-13.1355555555551
2019-06-20,2019,"Q2","2018/19","Q4","June",3692.21,3702.21,3697.21,10,-24.4844444444448
2019-06-21,2019,"Q2","2018/19","Q4","June",3681.21,3691.21,3686.21,10,-11
2019-06-24,2019,"Q2","2018/19","Q4","June",3680.21,3690.21,3685.21,10,-1
2019-06-25,2019,"Q2","2018/19","Q4","June",3698.35,3708.35,3703.35,10,18.1399999999999
2019-06-26,2019,"Q2","2018/19","Q4","June",3706.64,3716.61,3711.625,9.97000000000025,8.27500000000009
2019-06-27,2019,"Q2","2018/19","Q4","June",3695.63,3705.63,3700.63,10,-10.9949999999999
2019-06-28,2019,"Q2","2018/19","Q4","June",3689.76,3699.76,3694.76,10,-5.86999999999989
2019-07-01,2019,"Q3","2019/20","Q1","July",3694.43,3704.43,3699.43,10,4.66999999999962
2019-07-02,2019,"Q3","2019/20","Q1","July",3700.22,3710.22,3705.22,10,5.78999999999996
2019-07-03,2019,"Q3","2019/20","Q1","July",3698.72,3708.72,3703.72,10,-1.5
2019-07-04,2019,"Q3","2019/20","Q1","July",3695.69,3705.69,3700.69,10,-3.02999999999975
2019-07-05,2019,"Q3","2019/20","Q1","July",3694.71,3704.91,3699.81,10.1999999999998,-0.880000000000109
2019-07-08,2019,"Q3","2019/20","Q1","July",3694.36,3704.36,3699.36,10,-0.449999999999818
2019-07-09,2019,"Q3","2019/20","Q1","July",3691.5,3701.5,3696.5,10,-2.86000000000013
2019-07-10,2019,"Q3","2019/20","Q1","July",3686.14,3696.14,3691.14,10,-5.36000000000013
2019-07-11,2019,"Q3","2019/20","Q1","July",3685.54,3695.54,3690.54,10,-0.599999999999909
2019-07-12,2019,"Q3","2019/20","Q1","July",3689.04,3699.04,3694.04,10,3.5
2019-07-15,2019,"Q3","2019/20","Q1","July",3689.29,3699.29,3694.29,10,0.25
2019-07-16,2019,"Q3","2019/20","Q1","July",3686.26,3696.26,3691.26,10,-3.02999999999975
2019-07-17,2019,"Q3","2019/20","Q1","July",3686.18,3696.18,3691.18,10,-0.080000000000382
2019-07-18,2019,"Q3","2019/20","Q1","July",3688.01,3698.01,3693.01,10,1.83000000000038
2019-07-19,2019,"Q3","2019/20","Q1","July",3688.86,3698.86,3693.86,10,0.849999999999909
2019-07-22,2019,"Q3","2019/20","Q1","July",3689.32,3699.32,3694.32,10,0.460000000000036
2019-07-23,2019,"Q3","2019/20","Q1","July",3689.54,3699.54,3694.54,10,0.2199999999998
2019-07-24,2019,"Q3","2019/20","Q1","July",3689.68,3699.68,3694.68,10,0.139999999999873
2019-07-25,2019,"Q3","2019/20","Q1","July",3689.85,3699.85,3694.85,10,0.170000000000073
2019-07-26,2019,"Q3","2019/20","Q1","July",3689.92,3699.92,3694.92,10,0.0700000000001637
2019-07-29,2019,"Q3","2019/20","Q1","July",3692.4,3702.4,3697.4,10,2.48000000000002
2019-07-30,2019,"Q3","2019/20","Q1","July",3698.68,3708.68,3703.68,10,6.27999999999975
2019-07-31,2019,"Q3","2019/20","Q1","July",3695.76,3705.76,3700.76,10,-2.91999999999962
2019-08-01,2019,"Q3","2019/20","Q1","August",3694.28,3704.28,3699.28,10,-1.48000000000002
2019-08-02,2019,"Q3","2019/20","Q1","August",3693.83,3703.83,3698.83,10,-0.450000000000273
2019-08-05,2019,"Q3","2019/20","Q1","August",3691.99,3702.08,3697.035,10.0900000000001,-1.79500000000007
2019-08-06,2019,"Q3","2019/20","Q1","August",3690.14,3700.14,3695.14,10,-1.89499999999998
2019-08-07,2019,"Q3","2019/20","Q1","August",3688.06,3698.06,3693.06,10,-2.07999999999993
2019-08-08,2019,"Q3","2019/20","Q1","August",3688.76,3698.76,3693.76,10,0.700000000000273
2019-08-09,2019,"Q3","2019/20","Q1","August",3694.53,3704.53,3699.53,10,5.76999999999998
2019-08-12,2019,"Q3","2019/20","Q1","August",3693.76,3703.76,3698.76,10,-0.769999999999982
2019-08-13,2019,"Q3","2019/20","Q1","August",3690.96,3700.96,3695.96,10,-2.80000000000018
2019-08-14,2019,"Q3","2019/20","Q1","August",3690,3700,3695,10,-0.960000000000036
2019-08-15,2019,"Q3","2019/20","Q1","August",3689.74,3699.74,3694.74,10,-0.260000000000218
2019-08-16,2019,"Q3","2019/20","Q1","August",3690,3700,3695,10,0.260000000000218
2019-08-19,2019,"Q3","2019/20","Q1","August",3689.86,3699.86,3694.86,10,-0.139999999999873
2019-08-20,2019,"Q3","2019/20","Q1","August",3689.36,3699.36,3694.36,10,-0.5
2019-08-21,2019,"Q3","2019/20","Q1","August",3688.04,3698.04,3693.04,10,-1.32000000000016
2019-08-22,2019,"Q3","2019/20","Q1","August",3686.31,3696.31,3691.31,10,-1.73000000000002
2019-08-23,2019,"Q3","2019/20","Q1","August",3684.11,3694.11,3689.11,10,-2.19999999999982
2019-08-26,2019,"Q3","2019/20","Q1","August",3681.63,3691.63,3686.63,10,-2.48000000000002
2019-08-27,2019,"Q3","2019/20","Q1","August",3683.42,3693.42,3688.42,10,1.78999999999996
2019-08-28,2019,"Q3","2019/20","Q1","August",3684.36,3694.36,3689.36,10,0.940000000000055
2019-08-29,2019,"Q3","2019/20","Q1","August",3684.47,3694.47,3689.47,10,0.109999999999673
2019-08-30,2019,"Q3","2019/20","Q1","August",3684.49,3694.49,3689.49,10,0.0199999999999818
2019-09-02,2019,"Q3","2019/20","Q1","September",3683.65,3693.65,3688.65,10,-0.839999999999691
2019-09-03,2019,"Q3","2019/20","Q1","September",3680.36,3690.36,3685.36,10,-3.28999999999996
2019-09-04,2019,"Q3","2019/20","Q1","September",3676.39,3686.39,3681.39,10,-3.97000000000025
2019-09-05,2019,"Q3","2019/20","Q1","September",3674.33,3684.33,3679.33,10,-2.05999999999995
2019-09-06,2019,"Q3","2019/20","Q1","September",3674.22,3684.22,3679.22,10,-0.110000000000127
2019-09-09,2019,"Q3","2019/20","Q1","September",3674.15,3684.15,3679.15,10,-0.069999999999709
2019-09-10,2019,"Q3","2019/20","Q1","September",3667.92,3677.92,3672.92,10,-6.23000000000002
2019-09-11,2019,"Q3","2019/20","Q1","September",3661.99,3671.99,3666.99,10,-5.93000000000029
2019-09-12,2019,"Q3","2019/20","Q1","September",3659.88,3669.88,3664.88,10,-2.10999999999967
2019-09-13,2019,"Q3","2019/20","Q1","September",3665.38,3675.38,3670.38,10,5.5
2019-09-16,2019,"Q3","2019/20","Q1","September",3666.96,3676.96,3671.96,10,1.57999999999993
2019-09-17,2019,"Q3","2019/20","Q1","September",3665.28,3675.28,3670.28,10,-1.67999999999984
2019-09-18,2019,"Q3","2019/20","Q1","September",3664.79,3674.79,3669.79,10,-0.490000000000236
2019-09-19,2019,"Q3","2019/20","Q1","September",3665.93,3675.93,3670.93,10,1.13999999999987
2019-09-20,2019,"Q3","2019/20","Q1","September",3667.61,3677.61,3672.61,10,1.68000000000029
2019-09-23,2019,"Q3","2019/20","Q1","September",3668.53,3678.53,3673.53,10,0.920000000000073
2019-09-24,2019,"Q3","2019/20","Q1","September",3669.08,3679.08,3674.08,10,0.549999999999727
2019-09-25,2019,"Q3","2019/20","Q1","September",3669.51,3679.51,3674.51,10,0.430000000000291
2019-09-26,2019,"Q3","2019/20","Q1","September",3670.4,3680.4,3675.4,10,0.889999999999873
2019-09-27,2019,"Q3","2019/20","Q1","September",3674.83,3684.83,3679.83,10,4.42999999999984
2019-09-30,2019,"Q3","2019/20","Q1","September",3679.26,3689.21,3684.235,9.94999999999982,4.4050000000002
2019-10-01,2019,"Q4","2019/20","Q2","October",3678.99,3688.99,3683.99,10,-0.245000000000346
2019-10-02,2019,"Q4","2019/20","Q2","October",3677.81,3687.81,3682.81,10,-1.17999999999984
2019-10-03,2019,"Q4","2019/20","Q2","October",3676.11,3686.11,3681.11,10,-1.69999999999982
2019-10-04,2019,"Q4","2019/20","Q2","October",3675.44,3685.44,3680.44,10,-0.670000000000073
2019-10-07,2019,"Q4","2019/20","Q2","October",3677.58,3687.58,3682.58,10,2.13999999999987
2019-10-08,2019,"Q4","2019/20","Q2","October",3685.72,3695.72,3690.72,10,8.13999999999987
2019-10-10,2019,"Q4","2019/20","Q2","October",3689.79,3699.79,3694.79,10,4.07000000000016
2019-10-11,2019,"Q4","2019/20","Q2","October",3695.71,3705.71,3700.71,10,5.92000000000007
2019-10-14,2019,"Q4","2019/20","Q2","October",3696.1,3706.1,3701.1,10,0.389999999999873
2019-10-15,2019,"Q4","2019/20","Q2","October",3689.96,3699.96,3694.96,10,-6.13999999999987
2019-10-16,2019,"Q4","2019/20","Q2","October",3687.19,3697.19,3692.19,10,-2.76999999999998
2019-10-17,2019,"Q4","2019/20","Q2","October",3685.53,3695.53,3690.53,10,-1.65999999999985
2019-10-18,2019,"Q4","2019/20","Q2","October",3685.11,3695.11,3690.11,10,-0.420000000000073
2019-10-21,2019,"Q4","2019/20","Q2","October",3684.86,3694.86,3689.86,10,-0.25
2019-10-22,2019,"Q4","2019/20","Q2","October",3685.58,3695.58,3690.58,10,0.7199999999998
2019-10-23,2019,"Q4","2019/20","Q2","October",3694.39,3704.39,3699.39,10,8.80999999999995
2019-10-24,2019,"Q4","2019/20","Q2","October",3710.28,3720.28,3715.28,10,15.8900000000003
2019-10-25,2019,"Q4","2019/20","Q2","October",3720.5,3730.5,3725.5,10,10.2199999999998
2019-10-28,2019,"Q4","2019/20","Q2","October",3712.06,3722.06,3717.06,10,-8.44000000000005
2019-10-29,2019,"Q4","2019/20","Q2","October",3694.06,3704.06,3699.06,10,-18
2019-10-30,2019,"Q4","2019/20","Q2","October",3697.58,3707.58,3702.58,10,3.51999999999998
2019-10-31,2019,"Q4","2019/20","Q2","October",3706.19,3716.19,3711.19,10,8.61000000000013
2019-11-01,2019,"Q4","2019/20","Q2","November",3707.21,3717.21,3712.21,10,1.01999999999998
2019-11-04,2019,"Q4","2019/20","Q2","November",3701.42,3711.42,3706.42,10,-5.78999999999996
2019-11-05,2019,"Q4","2019/20","Q2","November",3699.54,3709.54,3704.54,10,-1.88000000000011
2019-11-06,2019,"Q4","2019/20","Q2","November",3699.21,3709.21,3704.21,10,-0.329999999999927
2019-11-07,2019,"Q4","2019/20","Q2","November",3697.92,3707.92,3702.92,10,-1.28999999999996
2019-11-08,2019,"Q4","2019/20","Q2","November",3695,3705,3700,10,-2.92000000000007
2019-11-11,2019,"Q4","2019/20","Q2","November",3692.22,3702.22,3697.22,10,-2.7800000000002
2019-11-12,2019,"Q4","2019/20","Q2","November",3690.64,3700.64,3695.64,10,-1.57999999999993
2019-11-13,2019,"Q4","2019/20","Q2","November",3689.64,3699.64,3694.64,10,-1
2019-11-14,2019,"Q4","2019/20","Q2","November",3689.64,3699.64,3694.64,10,0
2019-11-15,2019,"Q4","2019/20","Q2","November",3688.92,3698.92,3693.92,10,-0.7199999999998
2019-11-18,2019,"Q4","2019/20","Q2","November",3686.43,3696.43,3691.43,10,-2.49000000000024
2019-11-19,2019,"Q4","2019/20","Q2","November",3685.07,3695.07,3690.07,10,-1.35999999999967
2019-11-20,2019,"Q4","2019/20","Q2","November",3684.64,3694.64,3689.64,10,-0.430000000000291
2019-11-21,2019,"Q4","2019/20","Q2","November",3684.08,3694.08,3689.08,10,-0.559999999999945
2019-11-22,2019,"Q4","2019/20","Q2","November",3683.25,3693.25,3688.25,10,-0.829999999999927
2019-11-25,2019,"Q4","2019/20","Q2","November",3687.9,3697.9,3692.9,10,4.65000000000009
2019-11-26,2019,"Q4","2019/20","Q2","November",3694.83,3704.83,3699.83,10,6.92999999999984
2019-11-27,2019,"Q4","2019/20","Q2","November",3694.75,3704.75,3699.75,10,-0.0799999999999272
2019-11-28,2019,"Q4","2019/20","Q2","November",3694.61,3704.61,3699.61,10,-0.139999999999873
2019-11-29,2019,"Q4","2019/20","Q2","November",3694.38,3704.38,3699.38,10,-0.230000000000018
2019-12-02,2019,"Q4","2019/20","Q2","December",3693.51,3703.51,3698.51,10,-0.869999999999891
2019-12-03,2019,"Q4","2019/20","Q2","December",3690.06,3700.06,3695.06,10,-3.45000000000027
2019-12-04,2019,"Q4","2019/20","Q2","December",3686.49,3696.49,3691.49,10,-3.57000000000016
2019-12-05,2019,"Q4","2019/20","Q2","December",3684.21,3694.21,3689.21,10,-2.27999999999975
2019-12-06,2019,"Q4","2019/20","Q2","December",3682.32,3692.32,3687.32,10,-1.88999999999987
2019-12-09,2019,"Q4","2019/20","Q2","December",3680.63,3690.63,3685.63,10,-1.69000000000005
2019-12-10,2019,"Q4","2019/20","Q2","December",3679.58,3689.58,3684.58,10,-1.05000000000018
2019-12-11,2019,"Q4","2019/20","Q2","December",3676.25,3686.25,3681.25,10,-3.32999999999993
2019-12-12,2019,"Q4","2019/20","Q2","December",3670.36,3680.36,3675.36,10,-5.88999999999987
2019-12-13,2019,"Q4","2019/20","Q2","December",3668.99,3678.99,3673.99,10,-1.37000000000035
2019-12-16,2019,"Q4","2019/20","Q2","December",3668.28,3678.28,3673.28,10,-0.709999999999582
2019-12-17,2019,"Q4","2019/20","Q2","December",3666.53,3676.53,3671.53,10,-1.75
2019-12-18,2019,"Q4","2019/20","Q2","December",3662.6,3672.6,3667.6,10,-3.93000000000029
2019-12-19,2019,"Q4","2019/20","Q2","December",3662.07,3672.07,3667.07,10,-0.529999999999745
2019-12-20,2019,"Q4","2019/20","Q2","December",3661.92,3671.92,3666.92,10,-0.150000000000091
2019-12-23,2019,"Q4","2019/20","Q2","December",3661.33,3671.33,3666.33,10,-0.590000000000146
2019-12-24,2019,"Q4","2019/20","Q2","December",3659.54,3669.54,3664.54,10,-1.78999999999996
2019-12-27,2019,"Q4","2019/20","Q2","December",3659.65,3669.65,3664.65,10,0.110000000000127
2019-12-30,2019,"Q4","2019/20","Q2","December",3660.06,3670.06,3665.06,10,0.409999999999854
2019-12-31,2019,"Q4","2019/20","Q2","December",3660.21,3670.21,3665.21,10,0.150000000000091
2020-01-02,2020,"Q1","2019/20","Q3","January",3660.68,3670.68,3665.68,10,0.4699999999998
2020-01-03,2020,"Q1","2019/20","Q3","January",3674.21,3684.21,3679.21,10,0.860000000000127
2020-01-06,2020,"Q1","2019/20","Q3","January",3690.06,3700.06,3695.06,10,28.52
2020-01-07,2020,"Q1","2019/20","Q3","January",3705.68,3715.68,3710.68,10,15.6199999999999
2020-01-08,2020,"Q1","2019/20","Q3","January",3696.94,3706.94,3701.94,10,-8.73999999999978
2020-01-09,2020,"Q1","2019/20","Q3","January",3689.07,3699.07,3694.07,10,-7.86999999999989
2020-01-10,2020,"Q1","2019/20","Q3","January",3672.94,3682.94,3677.94,10,-16.1300000000001
2020-01-13,2020,"Q1","2019/20","Q3","January",3667.15,3677.15,3672.15,10,-5.78999999999996
2020-01-14,2020,"Q1","2019/20","Q3","January",3665.18,3675.18,3670.18,10,-1.97000000000025
2020-01-15,2020,"Q1","2019/20","Q3","January",3673.78,3683.78,3678.78,10,8.60000000000036
2020-01-16,2020,"Q1","2019/20","Q3","January",3676.97,3686.97,3681.97,10,3.1899999999996
2020-01-17,2020,"Q1","2019/20","Q3","January",3671.1,3681.1,3676.1,10,-5.86999999999989
2020-01-20,2020,"Q1","2019/20","Q3","January",3670,3680,3675,10,-1.09999999999991
2020-01-21,2020,"Q1","2019/20","Q3","January",3670.88,3680.88,3675.88,10,0.880000000000109
2020-01-22,2020,"Q1","2019/20","Q3","January",3672.88,3682.88,3677.88,10,2
2020-01-23,2020,"Q1","2019/20","Q3","January",3672.38,3682.38,3677.38,10,-0.5
2020-01-24,2020,"Q1","2019/20","Q3","January",3672.04,3682.04,3677.04,10,-0.340000000000146
2020-01-27,2020,"Q1","2019/20","Q3","January",3673,3683,3678,10,0.960000000000036
2020-01-28,2020,"Q1","2019/20","Q3","January",3675.31,3685.31,3680.31,10,2.30999999999995
2020-01-29,2020,"Q1","2019/20","Q3","January",3678.36,3688.36,3683.36,10,3.05000000000018
2020-01-30,2020,"Q1","2019/20","Q3","January",3676.83,3686.83,3681.83,10,-1.5300000000002
2020-01-31,2020,"Q1","2019/20","Q3","January",3674.67,3684.67,3679.67,10,-2.15999999999985
2020-02-03,2020,"Q1","2019/20","Q3","February",3671.43,3681.43,3676.43,10,-3.24000000000024
2020-02-04,2020,"Q1","2019/20","Q3","February",3670.36,3680.36,3675.36,10,-1.06999999999971
2020-02-05,2020,"Q1","2019/20","Q3","February",3674.29,3684.29,3679.29,10,3.92999999999984
2020-02-06,2020,"Q1","2019/20","Q3","February",3675.94,3685.94,3680.94,10,1.65000000000009
2020-02-07,2020,"Q1","2019/20","Q3","February",3672.11,3682.11,3677.11,10,-3.82999999999993
2020-02-10,2020,"Q1","2019/20","Q3","February",3669.63,3679.63,3674.63,10,-2.48000000000002
2020-02-11,2020,"Q1","2019/20","Q3","February",3665.79,3675.79,3670.79,10,-3.84000000000015
2020-02-12,2020,"Q1","2019/20","Q3","February",3665.36,3675.36,3670.36,10,-0.429999999999836
2020-02-13,2020,"Q1","2019/20","Q3","February",3664.78,3674.78,3669.78,10,-0.579999999999927
2020-02-14,2020,"Q1","2019/20","Q3","February",3663.83,3673.83,3668.83,10,-0.950000000000273
2020-02-17,2020,"Q1","2019/20","Q3","February",3662.42,3672.42,3667.42,10,-1.40999999999985
2020-02-18,2020,"Q1","2019/20","Q3","February",3664.9,3674.9,3669.9,10,2.48000000000002
2020-02-19,2020,"Q1","2019/20","Q3","February",3665.46,3675.46,3670.46,10,0.559999999999945
2020-02-20,2020,"Q1","2019/20","Q3","February",3664.36,3674.36,3669.36,10,-1.09999999999991
2020-02-21,2020,"Q1","2019/20","Q3","February",3666.68,3676.68,3671.68,10,2.31999999999971
2020-02-24,2020,"Q1","2019/20","Q3","February",3667.57,3677.57,3672.57,10,0.890000000000327
2020-02-25,2020,"Q1","2019/20","Q3","February",3672.44,3682.44,3677.44,10,4.86999999999989
2020-02-26,2020,"Q1","2019/20","Q3","February",3676.99,3686.99,3681.99,10,4.54999999999973
2020-02-27,2020,"Q1","2019/20","Q3","February",3693.28,3703.28,3698.28,10,16.2900000000004
2020-02-28,2020,"Q1","2019/20","Q3","February",3709.31,3719.31,3714.31,10,16.0299999999997
2020-03-02,2020,"Q1","2019/20","Q3","March",3706.35,3716.35,3711.35,10,-2.96000000000004
2020-03-03,2020,"Q1","2019/20","Q3","March",3701.32,3711.32,3706.32,10,-5.02999999999975
2020-03-04,2020,"Q1","2019/20","Q3","March",3693.03,3703.03,3698.03,10,-8.28999999999996
2020-03-05,2020,"Q1","2019/20","Q3","March",3701.67,3711.67,3706.67,10,8.63999999999987
2020-03-06,2020,"Q1","2019/20","Q3","March",3703.76,3713.76,3708.76,10,2.09000000000015
2020-03-09,2020,"Q1","2019/20","Q3","March",3708.25,3718.25,3713.25,10,4.48999999999978
2020-03-10,2020,"Q1","2019/20","Q3","March",3709.49,3719.49,3714.49,10,1.23999999999978
2020-03-11,2020,"Q1","2019/20","Q3","March",3705.75,3715.75,3710.75,10,-3.73999999999978
2020-03-12,2020,"Q1","2019/20","Q3","March",3706.75,3716.75,3711.75,10,1
2020-03-13,2020,"Q1","2019/20","Q3","March",3710.26,3720.26,3715.26,10,3.51000000000022
2020-03-16,2020,"Q1","2019/20","Q3","March",3726.29,3736.29,3731.29,10,16.0299999999997
2020-03-17,2020,"Q1","2019/20","Q3","March",3747.54,3757.54,3752.54,10,21.25
2020-03-18,2020,"Q1","2019/20","Q3","March",3765.86,3775.86,3770.86,10,18.3200000000002
2020-03-19,2020,"Q1","2019/20","Q3","March",3809.54,3819.54,3814.54,10,43.6799999999998
2020-03-20,2020,"Q1","2019/20","Q3","March",3825.18,3835.18,3830.18,10,15.6399999999999
2020-03-23,2020,"Q1","2019/20","Q3","March",3851.53,3861.53,3856.53,10,26.3500000000004
2020-03-24,2020,"Q1","2019/20","Q3","March",3900.74,3910.74,3905.74,10,49.2099999999996
2020-03-25,2020,"Q1","2019/20","Q3","March",3904.15,3914.15,3909.15,10,3.41000000000031
2020-03-26,2020,"Q1","2019/20","Q3","March",3890.44,3900.44,3895.44,10,-13.71
2020-03-27,2020,"Q1","2019/20","Q3","March",3841.6,3851.11,3846.355,9.51000000000022,-49.085
2020-03-30,2020,"Q1","2019/20","Q3","March",3793.28,3803.28,3798.28,10,-48.0749999999998
2020-03-31,2020,"Q1","2019/20","Q3","March",3791.43,3801.43,3796.43,10,-1.85000000000036
2020-04-01,2020,"Q2","2019/20","Q4","April",3789.69,3799.69,3794.69,10,-1.73999999999978
2020-04-02,2020,"Q2","2019/20","Q4","April",3787.17,3797.17,3792.17,10,-2.51999999999998
2020-04-03,2020,"Q2","2019/20","Q4","April",3770.65,3780.65,3775.65,10,-16.52
2020-04-06,2020,"Q2","2019/20","Q4","April",3761.98611111111,3771.98611111111,3766.98611111111,10,-8.66388888888923
2020-04-07,2020,"Q2","2019/20","Q4","April",3764.22222222222,3774.22222222222,3769.22222222222,10,2.23611111111177
2020-04-08,2020,"Q2","2019/20","Q4","April",3788.24,3798.24,3793.24,10,24.0177777777772
2020-04-09,2020,"Q2","2019/20","Q4","April",3797.31,3807.31,3802.31,10,9.07000000000016
2020-04-14,2020,"Q2","2019/20","Q4","April",3776.43,3786.43,3781.43,10,-20.8800000000001
2020-04-15,2020,"Q2","2019/20","Q4","April",3757.18,3767.18,3762.18,10,-19.25
2020-04-16,2020,"Q2","2019/20","Q4","April",3763.08,3773.08,3768.08,10,5.90000000000009
2020-04-17,2020,"Q2","2019/20","Q4","April",3766.42,3776.42,3771.42,10,3.34000000000015
2020-04-20,2020,"Q2","2019/20","Q4","April",3767.24,3777.24,3772.24,10,0.819999999999709
2020-04-21,2020,"Q2","2019/20","Q4","April",3770.08,3780.08,3775.08,10,2.84000000000015
2020-04-22,2020,"Q2","2019/20","Q4","April",3781.15,3791.15,3786.15,10,11.0700000000002
2020-04-23,2020,"Q2","2019/20","Q4","April",3783.14,3793.14,3788.14,10,1.98999999999978
2020-04-24,2020,"Q2","2019/20","Q4","April",3793.92,3803.92,3798.92,10,10.7800000000002
2020-04-27,2020,"Q2","2019/20","Q4","April",3797.13,3807.13,3802.13,10,3.21000000000004
2020-04-28,2020,"Q2","2019/20","Q4","April",3797.89,3807.89,3802.89,10,0.759999999999764
2020-04-29,2020,"Q2","2019/20","Q4","April",3800,3810,3805,10,2.11000000000013
2020-04-30,2020,"Q2","2019/20","Q4","April",3802,3812,3807,10,2
2020-05-04,2020,"Q2","2019/20","Q4","May",3794.28,3804.28,3799.28,10,-7.7199999999998
2020-05-05,2020,"Q2","2019/20","Q4","May",3786.6,3796.6,3791.6,10,-7.68000000000029
2020-05-06,2020,"Q2","2019/20","Q4","May",3790.93,3800.93,3795.93,10,4.32999999999993
2020-05-07,2020,"Q2","2019/20","Q4","May",3794.57,3804.57,3799.57,10,3.64000000000033
2020-05-08,2020,"Q2","2019/20","Q4","May",3793.14,3803.14,3798.14,10,-1.43000000000029
2020-05-11,2020,"Q2","2019/20","Q4","May",3791.24,3801.24,3796.24,10,-1.90000000000009
2020-05-12,2020,"Q2","2019/20","Q4","May",3789.61,3799.61,3794.61,10,-1.62999999999965
2020-05-13,2020,"Q2","2019/20","Q4","May",3787.85,3797.85,3792.85,10,-1.76000000000022
2020-05-14,2020,"Q2","2019/20","Q4","May",3785.53,3795.53,3790.53,10,-2.31999999999971
2020-05-15,2020,"Q2","2019/20","Q4","May",3783.1,3793.1,3788.1,10,-2.43000000000029
2020-05-18,2020,"Q2","2019/20","Q4","May",3781.64,3791.64,3786.64,10,-1.46000000000004
2020-05-19,2020,"Q2","2019/20","Q4","May",3786.61,3796.61,3791.61,10,4.97000000000025
2020-05-20,2020,"Q2","2019/20","Q4","May",3787.94,3797.94,3792.94,10,1.32999999999993
2020-05-21,2020,"Q2","2019/20","Q4","May",3782.75,3792.75,3787.75,10,-5.19000000000005
2020-05-22,2020,"Q2","2019/20","Q4","May",3783.22,3793.22,3788.22,10,0.4699999999998
2020-05-25,2020,"Q2","2019/20","Q4","May",3783.19,3793.19,3788.19,10,-0.0299999999997453
2020-05-26,2020,"Q2","2019/20","Q4","May",3783.4,3793.4,3788.4,10,0.210000000000036
2020-05-27,2020,"Q2","2019/20","Q4","May",3783.35,3793.35,3788.35,10,-0.0500000000001819
2020-05-28,2020,"Q2","2019/20","Q4","May",3780.44,3790.44,3785.44,10,-2.90999999999985
2020-05-29,2020,"Q2","2019/20","Q4","May",3779.81,3789.81,3784.81,10,-0.630000000000109
2020-06-01,2020,"Q2","2019/20","Q4","June",3777.5,3787.5,3782.5,10,-2.30999999999995
2020-06-02,2020,"Q2","2019/20","Q4","June",3768.36,3778.36,3773.36,10,-9.13999999999987
2020-06-04,2020,"Q2","2019/20","Q4","June",3761.75,3771.75,3766.75,10,-6.61000000000013
2020-06-05,2020,"Q2","2019/20","Q4","June",3746.06,3756.06,3751.06,10,-15.6900000000001
2020-06-08,2020,"Q2","2019/20","Q4","June",3723.03,3733.03,3728.03,10,-23.0299999999997
2020-06-10,2020,"Q2","2019/20","Q4","June",3725.54,3735.54,3730.54,10,2.50999999999976
2020-06-11,2020,"Q2","2019/20","Q4","June",3729.18,3739.18,3734.18,10,3.63999999999987
2020-06-12,2020,"Q2","2019/20","Q4","June",3720.94,3730.94,3725.94,10,-8.23999999999978
2020-06-15,2020,"Q2","2019/20","Q4","June",3716.39,3726.39,3721.39,10,-4.55000000000018
2020-06-16,2020,"Q2","2019/20","Q4","June",3719.63,3729.63,3724.63,10,3.24000000000024
2020-06-17,2020,"Q2","2019/20","Q4","June",3719.72,3729.72,3724.72,10,0.0899999999996908
2020-06-18,2020,"Q2","2019/20","Q4","June",3719.78,3729.78,3724.78,10,0.0600000000004002
2020-06-19,2020,"Q2","2019/20","Q4","June",3720.22,3730.22,3725.22,10,0.4399999999996
2020-06-22,2020,"Q2","2019/20","Q4","June",3722.64,3732.64,3727.64,10,2.42000000000007
2020-06-23,2020,"Q2","2019/20","Q4","June",3732.79,3742.79,3737.79,10,10.1500000000001
2020-06-24,2020,"Q2","2019/20","Q4","June",3734.88,3744.88,3739.88,10,2.09000000000015
2020-06-25,2020,"Q2","2019/20","Q4","June",3734.33,3744.33,3739.33,10,-0.550000000000182
2020-06-26,2020,"Q2","2019/20","Q4","June",3733.38,3743.38,3738.38,10,-0.949999999999818
2020-06-29,2020,"Q2","2019/20","Q4","June",3727.63,3737.63,3732.63,10,-5.75
2020-06-30,2020,"Q2","2019/20","Q4","June",3725.14,3735.14,3730.14,10,-2.49000000000024
2020-07-01,2020,"Q3","2020/21","Q1","July",3721.92,3731.92,3726.92,10,-3.2199999999998
2020-07-02,2020,"Q3","2020/21","Q1","July",3719.39,3729.39,3724.39,10,-2.5300000000002
2020-07-03,2020,"Q3","2020/21","Q1","July",3715.6,3725.6,3720.6,10,-3.78999999999996
2020-07-06,2020,"Q3","2020/21","Q1","July",3715.14,3725.14,3720.14,10,-0.460000000000036
2020-07-07,2020,"Q3","2020/21","Q1","July",3714.96,3724.96,3719.96,10,-0.179999999999836
2020-07-08,2020,"Q3","2020/21","Q1","July",3714.82,3724.82,3719.82,10,-0.139999999999873
2020-07-09,2020,"Q3","2020/21","Q1","July",3709.31,3719.31,3714.31,10,-5.51000000000022
2020-07-10,2020,"Q3","2020/21","Q1","July",3689.08,3699.08,3694.08,10,-20.23
2020-07-13,2020,"Q3","2020/21","Q1","July",3691.94,3701.91,3696.925,9.9699999999998,2.84500000000025
2020-07-14,2020,"Q3","2020/21","Q1","July",3696.5,3706.5,3701.5,10,4.57499999999982
2020-07-15,2020,"Q3","2020/21","Q1","July",3690.17,3700.17,3695.17,10,-6.32999999999993
2020-07-16,2020,"Q3","2020/21","Q1","July",3686.31,3696.31,3691.31,10,-3.86000000000013
2020-07-17,2020,"Q3","2020/21","Q1","July",3687.74,3697.74,3692.74,10,1.42999999999984
2020-07-20,2020,"Q3","2020/21","Q1","July",3695.25,3705.25,3700.25,10,7.51000000000022
2020-07-21,2020,"Q3","2020/21","Q1","July",3696.32,3706.32,3701.32,10,1.07000000000016
2020-07-22,2020,"Q3","2020/21","Q1","July",3688.94,3698.94,3693.94,10,-7.38000000000011
2020-07-23,2020,"Q3","2020/21","Q1","July",3693.14,3703.14,3698.14,10,4.19999999999982
2020-07-24,2020,"Q3","2020/21","Q1","July",3692.07,3702.07,3697.07,10,-1.06999999999971
2020-07-27,2020,"Q3","2020/21","Q1","July",3691.81,3701.81,3696.81,10,-0.260000000000218
2020-07-28,2020,"Q3","2020/21","Q1","July",3690.39,3700.39,3695.39,10,-1.42000000000007
2020-07-29,2020,"Q3","2020/21","Q1","July",3685.61,3695.61,3690.61,10,-4.77999999999975
2020-07-30,2020,"Q3","2020/21","Q1","July",3681.42,3691.42,3686.42,10,-4.19000000000005
2020-08-03,2020,"Q3","2020/21","Q1","August",3681.68,3691.68,3686.68,10,0.259999999999764
2020-08-04,2020,"Q3","2020/21","Q1","August",3682.14,3692.14,3687.14,10,0.460000000000036
2020-08-05,2020,"Q3","2020/21","Q1","August",3683.8,3693.8,3688.8,10,1.66000000000031
2020-08-06,2020,"Q3","2020/21","Q1","August",3683.9,3693.9,3688.9,10,0.0999999999999091
2020-08-07,2020,"Q3","2020/21","Q1","August",3680.43,3690.43,3685.43,10,-3.47000000000025
2020-08-10,2020,"Q3","2020/21","Q1","August",3674.87,3684.87,3679.87,10,-5.55999999999995
2020-08-11,2020,"Q3","2020/21","Q1","August",3666.91,3676.91,3671.91,10,-7.96000000000004
2020-08-12,2020,"Q3","2020/21","Q1","August",3668.43,3678.43,3673.43,10,1.51999999999998
2020-08-13,2020,"Q3","2020/21","Q1","August",3669.91,3679.91,3674.91,10,1.48000000000002
2020-08-14,2020,"Q3","2020/21","Q1","August",3667.2,3677.2,3672.2,10,-2.71000000000004
2020-08-17,2020,"Q3","2020/21","Q1","August",3665.81,3675.81,3670.81,10,-1.38999999999987
2020-08-18,2020,"Q3","2020/21","Q1","August",3665.39,3675.39,3670.39,10,-0.420000000000073
2020-08-19,2020,"Q3","2020/21","Q1","August",3667.59,3677.59,3672.59,10,2.20000000000027
2020-08-20,2020,"Q3","2020/21","Q1","August",3672.84,3682.84,3677.84,10,5.25
2020-08-21,2020,"Q3","2020/21","Q1","August",3670.41,3680.41,3675.41,10,-2.43000000000029
2020-08-24,2020,"Q3","2020/21","Q1","August",3667.45,3677.45,3672.45,10,-2.96000000000004
2020-08-25,2020,"Q3","2020/21","Q1","August",3667.51,3677.51,3672.51,10,0.0600000000004002
2020-08-26,2020,"Q3","2020/21","Q1","August",3669.17,3679.17,3674.17,10,1.65999999999985
2020-08-27,2020,"Q3","2020/21","Q1","August",3671.28,3681.28,3676.28,10,2.11000000000013
2020-08-28,2020,"Q3","2020/21","Q1","August",3673.2,3683.2,3678.2,10,1.91999999999962
2020-08-31,2020,"Q3","2020/21","Q1","August",3673.16,3683.16,3678.16,10,-0.0399999999999636
2020-09-01,2020,"Q3","2020/21","Q1","September",3674.43,3684.43,3679.43,10,1.26999999999998
2020-09-02,2020,"Q3","2020/21","Q1","September",3677.14,3687.14,3682.14,10,2.71000000000004
2020-09-03,2020,"Q3","2020/21","Q1","September",3679.68,3689.68,3684.68,10,2.53999999999996
2020-09-04,2020,"Q3","2020/21","Q1","September",3679.96,3689.96,3684.96,10,0.2800000000002
2020-09-07,2020,"Q3","2020/21","Q1","September",3680.48,3690.48,3685.48,10,0.519999999999982
2020-09-08,2020,"Q3","2020/21","Q1","September",3681.88,3691.88,3686.88,10,1.40000000000009
2020-09-09,2020,"Q3","2020/21","Q1","September",3684.36,3694.36,3689.36,10,2.48000000000002
2020-09-10,2020,"Q3","2020/21","Q1","September",3693.01,3703.01,3698.01,10,8.65000000000009
2020-09-11,2020,"Q3","2020/21","Q1","September",3697.86,3707.86,3702.86,10,4.84999999999991
2020-09-14,2020,"Q3","2020/21","Q1","September",3695.96,3705.96,3700.96,10,-1.90000000000009
2020-09-15,2020,"Q3","2020/21","Q1","September",3695.23,3705.23,3700.23,10,-0.730000000000018
2020-09-16,2020,"Q3","2020/21","Q1","September",3694.68,3704.68,3699.68,10,-0.550000000000182
2020-09-17,2020,"Q3","2020/21","Q1","September",3691.84,3701.84,3696.84,10,-2.83999999999969
2020-09-18,2020,"Q3","2020/21","Q1","September",3688.86,3698.86,3693.86,10,-2.98000000000002
2020-09-21,2020,"Q3","2020/21","Q1","September",3686.28,3696.28,3691.28,10,-2.57999999999993
2020-09-22,2020,"Q3","2020/21","Q1","September",3685.3,3695.3,3690.3,10,-0.980000000000018
2020-09-23,2020,"Q3","2020/21","Q1","September",3687.41,3697.41,3692.41,10,2.10999999999967
2020-09-24,2020,"Q3","2020/21","Q1","September",3694.75,3704.75,3699.75,10,7.34000000000015
2020-09-25,2020,"Q3","2020/21","Q1","September",3697.67,3707.67,3702.67,10,2.92000000000007
2020-09-28,2020,"Q3","2020/21","Q1","September",3697.94,3707.94,3702.94,10,0.269999999999982
2020-09-29,2020,"Q3","2020/21","Q1","September",3706.68,3716.68,3711.68,10,8.73999999999978
2020-09-30,2020,"Q3","2020/21","Q1","September",3710.52,3720.52,3715.52,10,3.84000000000015
2020-10-01,2020,"Q4","2020/21","Q2","October",3709.71,3719.71,3714.71,10,-0.809999999999945
2020-10-02,2020,"Q4","2020/21","Q2","October",3703.2,3713.2,3708.2,10,-6.51000000000022
2020-10-05,2020,"Q4","2020/21","Q2","October",3697.61,3707.61,3702.61,10,-5.58999999999969
2020-10-06,2020,"Q4","2020/21","Q2","October",3693.62,3703.62,3698.62,10,-3.99000000000024
2020-10-07,2020,"Q4","2020/21","Q2","October",3692.36,3702.36,3697.36,10,-1.25999999999976
2020-10-08,2020,"Q4","2020/21","Q2","October",3695.45,3705.45,3700.45,10,3.08999999999969
2020-10-12,2020,"Q4","2020/21","Q2","October",3696.28,3706.28,3701.28,10,0.830000000000382
2020-10-13,2020,"Q4","2020/21","Q2","October",3696.46,3706.39,3701.425,9.92999999999984,0.144999999999982
2020-10-14,2020,"Q4","2020/21","Q2","October",3706.07,3716.07,3711.07,10,9.64499999999998
2020-10-15,2020,"Q4","2020/21","Q2","October",3708.97,3718.97,3713.97,10,2.89999999999964
2020-10-16,2020,"Q4","2020/21","Q2","October",3721.19,3731.19,3726.19,10,12.2200000000003
2020-10-19,2020,"Q4","2020/21","Q2","October",3724.29,3734.29,3729.29,10,3.09999999999991
2020-10-20,2020,"Q4","2020/21","Q2","October",3730.7,3740.7,3735.7,10,6.40999999999985
2020-10-21,2020,"Q4","2020/21","Q2","October",3735.96,3745.961,3740.9605,10.0009999999997,5.26050000000032
2020-10-22,2020,"Q4","2020/21","Q2","October",3731.28,3740.62,3735.95,9.33999999999969,-5.01050000000032
2020-10-23,2020,"Q4","2020/21","Q2","October",3723.65,3733.65,3728.65,10,-7.29999999999973
2020-10-26,2020,"Q4","2020/21","Q2","October",3724.67,3734.67,3729.67,10,1.01999999999998
2020-10-27,2020,"Q4","2020/21","Q2","October",3725.19,3735.19,3730.19,10,0.519999999999982
2020-10-28,2020,"Q4","2020/21","Q2","October",3727.33,3737.33,3732.33,10,2.13999999999987
2020-10-29,2020,"Q4","2020/21","Q2","October",3734.17,3744.17,3739.17,10,6.84000000000015
2020-10-30,2020,"Q4","2020/21","Q2","October",3735.46,3745.46,3740.46,10,1.28999999999996
2020-11-02,2020,"Q4","2020/21","Q2","November",3735,3745,3740,10,-0.460000000000036
2020-11-03,2020,"Q4","2020/21","Q2","November",3733.8,3743.8,3738.8,10,-1.19999999999982
2020-11-04,2020,"Q4","2020/21","Q2","November",3731.33,3741.33,3736.33,10,-2.47000000000025
2020-11-05,2020,"Q4","2020/21","Q2","November",3732.36,3742.36,3737.36,10,1.0300000000002
2020-11-06,2020,"Q4","2020/21","Q2","November",3724.84,3734.84,3729.84,10,-7.51999999999998
2020-11-09,2020,"Q4","2020/21","Q2","November",3701.68,3711.68,3706.68,10,-23.1600000000003
2020-11-10,2020,"Q4","2020/21","Q2","November",3696.52,3706.52,3701.52,10,-5.15999999999985
2020-11-11,2020,"Q4","2020/21","Q2","November",3695.94,3705.94,3700.94,10,-0.579999999999927
2020-11-12,2020,"Q4","2020/21","Q2","November",3696.48,3706.48,3701.48,10,0.539999999999964
2020-11-13,2020,"Q4","2020/21","Q2","November",3693.97,3703.97,3698.97,10,-2.51000000000022
2020-11-16,2020,"Q4","2020/21","Q2","November",3692.01,3702.01,3697.01,10,-1.95999999999958
2020-11-17,2020,"Q4","2020/21","Q2","November",3691.52,3701.52,3696.52,10,-0.490000000000236
2020-11-18,2020,"Q4","2020/21","Q2","November",3700.97,3710.97,3705.97,10,9.44999999999982
2020-11-19,2020,"Q4","2020/21","Q2","November",3704.54,3714.54,3709.54,10,3.57000000000016
2020-11-20,2020,"Q4","2020/21","Q2","November",3702.61,3712.61,3707.61,10,-1.92999999999984
2020-11-23,2020,"Q4","2020/21","Q2","November",3700.72,3710.72,3705.72,10,-1.89000000000033
2020-11-24,2020,"Q4","2020/21","Q2","November",3699.93,3709.93,3704.93,10,-0.789999999999964
2020-11-25,2020,"Q4","2020/21","Q2","November",3699.71,3709.71,3704.71,10,-0.2199999999998
2020-11-26,2020,"Q4","2020/21","Q2","November",3696.39,3706.39,3701.39,10,-3.32000000000016
2020-11-27,2020,"Q4","2020/21","Q2","November",3693.1,3703.1,3698.1,10,-3.28999999999996
2020-11-30,2020,"Q4","2020/21","Q2","November",3695.78,3705.83,3700.805,10.0499999999997,2.70500000000038
2020-12-01,2020,"Q4","2020/21","Q2","December",3696.06,3706.12,3701.09,10.0599999999999,0.284999999999854
2020-12-02,2020,"Q4","2020/21","Q2","December",3693.14,3703.14,3698.14,10,-2.95000000000027
2020-12-03,2020,"Q4","2020/21","Q2","December",3686.45,3696.45,3691.45,10,-6.69000000000005
2020-12-04,2020,"Q4","2020/21","Q2","December",3678.13,3688.13,3683.13,10,-8.31999999999971
2020-12-07,2020,"Q4","2020/21","Q2","December",3673.58,3683.58,3678.58,10,-4.55000000000018
2020-12-08,2020,"Q4","2020/21","Q2","December",3674.87,3684.87,3679.87,10,1.28999999999996
2020-12-09,2020,"Q4","2020/21","Q2","December",3675.12,3685.12,3680.12,10,0.25
2020-12-10,2020,"Q4","2020/21","Q2","December",3675.52,3685.52,3680.52,10,0.400000000000091
2020-12-11,2020,"Q4","2020/21","Q2","December",3672.17,3682.17,3677.17,10,-3.34999999999991
2020-12-14,2020,"Q4","2020/21","Q2","December",3666.71,3676.71,3671.71,10,-5.46000000000004
2020-12-15,2020,"Q4","2020/21","Q2","December",3661.35,3671.35,3666.35,10,-5.36000000000013
2020-12-16,2020,"Q4","2020/21","Q2","December",3654.19,3664.19,3659.19,10,-7.15999999999985
2020-12-17,2020,"Q4","2020/21","Q2","December",3639.8,3649.8,3644.8,10,-14.3899999999999
2020-12-18,2020,"Q4","2020/21","Q2","December",3650.36,3660.36,3655.36,10,10.5599999999999
2020-12-21,2020,"Q4","2020/21","Q2","December",3648.84,3658.84,3653.84,10,-1.51999999999998
2020-12-22,2020,"Q4","2020/21","Q2","December",3643.8,3653.8,3648.8,10,-5.03999999999996
2020-12-23,2020,"Q4","2020/21","Q2","December",3647.19,3657.19,3652.19,10,3.38999999999987
2020-12-24,2020,"Q4","2020/21","Q2","December",3645.04,3655.04,3650.04,10,-2.15000000000009
2020-12-28,2020,"Q4","2020/21","Q2","December",3644.33,3654.33,3649.33,10,-0.710000000000036
2020-12-29,2020,"Q4","2020/21","Q2","December",3641.55,3651.55,3646.55,10,-2.77999999999975
2020-12-30,2020,"Q4","2020/21","Q2","December",3640.65,3650.65,3645.65,10,-0.900000000000091
2020-12-31,2020,"Q4","2020/21","Q2","December",3645.07,3655.07,3650.07,10,4.42000000000007
2021-01-04,2021,"Q1","2020/21","Q3","January",3668.43,3678.43,3673.43,10,23.3599999999997
2021-01-05,2021,"Q1","2020/21","Q3","January",3678.12,3688.12,3683.12,10,9.69000000000005
2021-01-06,2021,"Q1","2020/21","Q3","January",3691.03,3701.03,3696.03,10,12.9100000000003
2021-01-07,2021,"Q1","2020/21","Q3","January",3694.74,3704.74,3699.74,10,3.70999999999958
2021-01-08,2021,"Q1","2020/21","Q3","January",3696.72,3706.72,3701.72,10,1.98000000000002
2021-01-11,2021,"Q1","2020/21","Q3","January",3691.65,3701.65,3696.65,10,-5.06999999999971
2021-01-12,2021,"Q1","2020/21","Q3","January",3704.87,3714.87,3709.87,10,13.2199999999998
2021-01-13,2021,"Q1","2020/21","Q3","January",3703.84,3713.84,3708.84,10,-1.02999999999975
2021-01-18,2021,"Q1","2020/21","Q3","January",3686.19,3696.19,3691.19,10,-17.6500000000001
2021-01-19,2021,"Q1","2020/21","Q3","January",3686.25,3696.25,3691.25,10,0.0599999999999454
2021-01-20,2021,"Q1","2020/21","Q3","January",3690.95,3700.95,3695.95,10,4.69999999999982
2021-01-21,2021,"Q1","2020/21","Q3","January",3683.71,3693.71,3688.71,10,-7.23999999999978
2021-01-22,2021,"Q1","2020/21","Q3","January",3680.29,3690.29,3685.29,10,-3.42000000000007
2021-01-25,2021,"Q1","2020/21","Q3","January",3680.03,3690.03,3685.03,10,-0.259999999999764
2021-01-27,2021,"Q1","2020/21","Q3","January",3675.72,3685.72,3680.72,10,-4.3100000000004
2021-01-28,2021,"Q1","2020/21","Q3","January",3676.74,3686.74,3681.74,10,1.01999999999998
2021-01-29,2021,"Q1","2020/21","Q3","January",3682.30434782609,3692.3,3687.30217391304,9.99565217391364,5.56217391304381
2021-02-01,2021,"Q1","2020/21","Q3","February",3678.51,3688.51,3683.51,10,-3.79217391304337
2021-02-02,2021,"Q1","2020/21","Q3","February",3673.07,3683.07,3678.07,10,-5.44000000000005
2021-02-03,2021,"Q1","2020/21","Q3","February",3662.68,3672.68,3667.68,10,-10.3900000000003
2021-02-04,2021,"Q1","2020/21","Q3","February",3663.36,3673.36,3668.36,10,0.680000000000291
2021-02-05,2021,"Q1","2020/21","Q3","February",3660.61,3670.61,3665.61,10,-2.75
2021-02-08,2021,"Q1","2020/21","Q3","February",3660.26,3670.26,3665.26,10,-0.349999999999909
2021-02-09,2021,"Q1","2020/21","Q3","February",3661.9,3671.9,3666.9,10,1.63999999999987
2021-02-10,2021,"Q1","2020/21","Q3","February",3662.32,3672.32,3667.32,10,0.420000000000073
2021-02-11,2021,"Q1","2020/21","Q3","February",3660.58,3670.58,3665.58,10,-1.74000000000024
2021-02-12,2021,"Q1","2020/21","Q3","February",3659.81,3669.81,3664.81,10,-0.769999999999982
2021-02-15,2021,"Q1","2020/21","Q3","February",3655.94,3665.94,3660.94,10,-3.86999999999989
2021-02-17,2021,"Q1","2020/21","Q3","February",3654.25,3664.25,3659.25,10,-1.69000000000005
2021-02-18,2021,"Q1","2020/21","Q3","February",3655.2,3665.2,3660.2,10,0.949999999999818
2021-02-19,2021,"Q1","2020/21","Q3","February",3660.17,3670.17,3665.17,10,4.97000000000025
2021-02-22,2021,"Q1","2020/21","Q3","February",3664.33,3674.33,3669.33,10,4.15999999999985
2021-02-23,2021,"Q1","2020/21","Q3","February",3665.23,3675.23,3670.23,10,0.900000000000091
2021-02-24,2021,"Q1","2020/21","Q3","February",3664.06,3674.06,3669.06,10,-1.17000000000007
2021-02-25,2021,"Q1","2020/21","Q3","February",3661.23,3671.23,3666.23,10,-2.82999999999993
2021-02-26,2021,"Q1","2020/21","Q3","February",3660.49,3670.49,3665.49,10,-0.740000000000236
2021-03-01,2021,"Q1","2020/21","Q3","March",3659.9,3669.9,3664.9,10,-0.589999999999691
2021-03-02,2021,"Q1","2020/21","Q3","March",3658.25,3668.25,3663.25,10,-1.65000000000009
2021-03-03,2021,"Q1","2020/21","Q3","March",3656.38,3666.38,3661.38,10,-1.86999999999989
2021-03-04,2021,"Q1","2020/21","Q3","March",3655.07,3665.07,3660.07,10,-1.30999999999995
2021-03-05,2021,"Q1","2020/21","Q3","March",3653.58,3663.58,3658.58,10,-1.49000000000024
2021-03-09,2021,"Q1","2020/21","Q3","March",3653.39,3663.39,3658.39,10,-0.190000000000055
2021-03-10,2021,"Q1","2020/21","Q3","March",3654.3,3664.3,3659.3,10,0.910000000000309
2021-03-11,2021,"Q1","2020/21","Q3","March",3659.32,3669.32,3664.32,10,5.01999999999998
2021-03-12,2021,"Q1","2020/21","Q3","March",3660.07,3670.07,3665.07,10,0.75
2021-03-15,2021,"Q1","2020/21","Q3","March",3660.07,3670.07,3665.07,10,0
2021-03-16,2021,"Q1","2020/21","Q3","March",3659.94,3669.94,3664.94,10,-0.130000000000109
2021-03-17,2021,"Q1","2020/21","Q3","March",3662.07,3672.07,3667.07,10,2.13000000000011
2021-03-18,2021,"Q1","2020/21","Q3","March",3662.94,3672.94,3667.94,10,0.869999999999891
2021-03-19,2021,"Q1","2020/21","Q3","March",3660.86,3670.86,3665.86,10,-2.07999999999993
2021-03-22,2021,"Q1","2020/21","Q3","March",3659.87,3669.87,3664.87,10,-0.990000000000236
2021-03-23,2021,"Q1","2020/21","Q3","March",3655.38,3665.38,3660.38,10,-4.48999999999978
2021-03-24,2021,"Q1","2020/21","Q3","March",3655.86,3665.86,3660.86,10,0.480000000000018
2021-03-25,2021,"Q1","2020/21","Q3","March",3657.8,3667.8,3662.8,10,1.94000000000005
2021-03-26,2021,"Q1","2020/21","Q3","March",3657.74,3667.74,3662.74,10,-0.0600000000004002
2021-03-29,2021,"Q1","2020/21","Q3","March",3655.8,3665.8,3660.8,10,-1.9399999999996
2021-03-30,2021,"Q1","2020/21","Q3","March",3655.61,3665.61,3660.61,10,-0.190000000000055
2021-03-31,2021,"Q1","2020/21","Q3","March",3658.93,3668.93,3663.93,10,3.31999999999971
2021-04-01,2021,"Q2","2020/21","Q4","April",3658.22,3668.22,3663.22,10,-0.710000000000036
2021-04-06,2021,"Q2","2020/21","Q4","April",3652.7,3662.7,3657.7,10,-5.51999999999998
2021-04-07,2021,"Q2","2020/21","Q4","April",3649.26,3659.26,3654.26,10,-3.4399999999996
2021-04-08,2021,"Q2","2020/21","Q4","April",3646.14,3656.14,3651.14,10,-3.12000000000035
2021-04-09,2021,"Q2","2020/21","Q4","April",3643.39,3653.39,3648.39,10,-2.75
2021-04-12,2021,"Q2","2020/21","Q4","April",3634.45,3644.45,3639.45,10,-8.94000000000005
2021-04-13,2021,"Q2","2020/21","Q4","April",3623.71,3633.71,3628.71,10,-10.7399999999998
2021-04-14,2021,"Q2","2020/21","Q4","April",3616.33,3626.33,3621.33,10,-7.38000000000011
2021-04-15,2021,"Q2","2020/21","Q4","April",3619.71,3629.71,3624.71,10,3.38000000000011
2021-04-16,2021,"Q2","2020/21","Q4","April",3614.75,3624.75,3619.75,10,-4.96000000000004
2021-04-19,2021,"Q2","2020/21","Q4","April",3615.51,3625.51,3620.51,10,0.760000000000218
2021-04-20,2021,"Q2","2020/21","Q4","April",3618.33,3628.33,3623.33,10,2.81999999999971
2021-04-21,2021,"Q2","2020/21","Q4","April",3613.59,3623.59,3618.59,10,-4.73999999999978
2021-04-22,2021,"Q2","2020/21","Q4","April",3605.61,3615.61,3610.61,10,-7.98000000000002
2021-04-23,2021,"Q2","2020/21","Q4","April",3600.02,3610.02,3605.02,10,-5.59000000000015
2021-04-26,2021,"Q2","2020/21","Q4","April",3596.88,3606.88,3601.88,10,-3.13999999999987
2021-04-27,2021,"Q2","2020/21","Q4","April",3598.94,3608.94,3603.94,10,2.05999999999995
2021-04-28,2021,"Q2","2020/21","Q4","April",3598.78,3608.78,3603.78,10,-0.159999999999854
2021-04-29,2021,"Q2","2020/21","Q4","April",3586.58,3596.58,3591.58,10,-12.2000000000003
2021-04-30,2021,"Q2","2020/21","Q4","April",3573.14,3583.14,3578.14,10,-13.4400000000001
2021-05-03,2021,"Q2","2020/21","Q4","May",3567.09,3577.09,3572.09,10,-6.04999999999973
2021-05-04,2021,"Q2","2020/21","Q4","May",3562.33,3572.33,3567.33,10,-4.76000000000022
2021-05-05,2021,"Q2","2020/21","Q4","May",3558.04,3568.04,3563.04,10,-4.28999999999996
2021-05-06,2021,"Q2","2020/21","Q4","May",3551.91,3561.91,3556.91,10,-6.13000000000011
2021-05-07,2021,"Q2","2020/21","Q4","May",3550.97,3560.97,3555.97,10,-0.940000000000055
2021-05-10,2021,"Q2","2020/21","Q4","May",3549.3,3559.3,3554.3,10,-1.66999999999962
2021-05-11,2021,"Q2","2020/21","Q4","May",3541.96,3551.96,3546.96,10,-7.34000000000015
2021-05-14,2021,"Q2","2020/21","Q4","May",3533.4,3543.4,3538.4,10,-8.55999999999995
2021-05-17,2021,"Q2","2020/21","Q4","May",3529.72,3539.72,3534.72,10,-3.68000000000029
2021-05-18,2021,"Q2","2020/21","Q4","May",3531.54,3541.54,3536.54,10,1.82000000000016
2021-05-19,2021,"Q2","2020/21","Q4","May",3544.88,3554.88,3549.88,10,13.3400000000001
2021-05-20,2021,"Q2","2020/21","Q4","May",3556.1,3566.1,3561.1,10,11.2199999999998
2021-05-21,2021,"Q2","2020/21","Q4","May",3557.33,3567.28,3562.305,9.95000000000027,1.20500000000038
2021-05-24,2021,"Q2","2020/21","Q4","May",3554.1,3564.1,3559.1,10,-3.20500000000038
2021-05-25,2021,"Q2","2020/21","Q4","May",3549.45,3559.45,3554.45,10,-4.65000000000009
2021-05-26,2021,"Q2","2020/21","Q4","May",3545.09,3555.09,3550.09,10,-4.35999999999967
2021-05-27,2021,"Q2","2020/21","Q4","May",3542.59,3552.59,3547.59,10,-2.5
2021-05-28,2021,"Q2","2020/21","Q4","May",3541.43,3551.43,3546.43,10,-1.16000000000031
2021-05-31,2021,"Q2","2020/21","Q4","May",3540.74,3550.74,3545.74,10,-0.690000000000055
2021-06-01,2021,"Q2","2020/21","Q4","June",3540.41,3550.41,3545.41,10,-0.329999999999927
2021-06-02,2021,"Q2","2020/21","Q4","June",3540.48,3550.48,3545.48,10,0.0700000000001637
2021-06-04,2021,"Q2","2020/21","Q4","June",3539.74,3549.74,3544.74,10,-0.740000000000236
2021-06-07,2021,"Q2","2020/21","Q4","June",3534.45,3544.45,3539.45,10,-5.28999999999996
2021-06-08,2021,"Q2","2020/21","Q4","June",3524.75,3534.75,3529.75,10,-9.69999999999982
2021-06-10,2021,"Q2","2020/21","Q4","June",3516.64,3526.64,3521.64,10,-8.11000000000013
2021-06-11,2021,"Q2","2020/21","Q4","June",3514.97,3524.97,3519.97,10,-1.67000000000007
2021-06-14,2021,"Q2","2020/21","Q4","June",3519.7,3529.7,3524.7,10,4.73000000000002
2021-06-15,2021,"Q2","2020/21","Q4","June",3523.19,3533.19,3528.19,10,3.49000000000024
2021-06-16,2021,"Q2","2020/21","Q4","June",3527.17,3537.17,3532.17,10,3.98000000000002
2021-06-17,2021,"Q2","2020/21","Q4","June",3528.3,3538.3,3533.3,10,1.13000000000011
2021-06-18,2021,"Q2","2020/21","Q4","June",3528.01,3538.01,3533.01,10,-0.289999999999964
2021-06-21,2021,"Q2","2020/21","Q4","June",3531.86,3541.86,3536.86,10,3.84999999999991
2021-06-22,2021,"Q2","2020/21","Q4","June",3545.22,3555.22,3550.22,10,13.3599999999997
2021-06-23,2021,"Q2","2020/21","Q4","June",3555.43,3565.43,3560.43,10,10.21
2021-06-24,2021,"Q2","2020/21","Q4","June",3550.2,3560.2,3555.2,10,-5.23000000000002
2021-06-28,2021,"Q2","2020/21","Q4","June",3549.92,3559.92,3554.92,10,-0.279999999999745
2021-06-29,2021,"Q2","2020/21","Q4","June",3549.54,3559.54,3554.54,10,-0.380000000000109
2021-06-30,2021,"Q2","2020/21","Q4","June",3551.71,3561.71,3556.71,10,2.17000000000007
2021-07-01,2021,"Q3","2021/22","Q1","July",3555.28,3565.28,3560.28,10,3.57000000000016
2021-07-02,2021,"Q3","2021/22","Q1","July",3555.9,3565.9,3560.9,10,0.619999999999891
2021-07-05,2021,"Q3","2021/22","Q1","July",3557.16,3567.16,3562.16,10,1.25999999999976
2021-07-06,2021,"Q3","2021/22","Q1","July",3557.74,3567.74,3562.74,10,0.579999999999927
2021-07-07,2021,"Q3","2021/22","Q1","July",3556.43,3566.43,3561.43,10,-1.30999999999995
2021-07-08,2021,"Q3","2021/22","Q1","July",3548.32,3558.32,3553.32,10,-8.10999999999967
2021-07-09,2021,"Q3","2021/22","Q1","July",3543.58,3553.58,3548.58,10,-4.74000000000024
2021-07-12,2021,"Q3","2021/22","Q1","July",3540.99,3550.99,3545.99,10,-2.59000000000015
2021-07-13,2021,"Q3","2021/22","Q1","July",3535.74,3545.74,3540.74,10,-5.25
2021-07-14,2021,"Q3","2021/22","Q1","July",3534.28,3544.28,3539.28,10,-1.45999999999958
2021-07-15,2021,"Q3","2021/22","Q1","July",3540.09,3550.09,3545.09,10,5.80999999999995
2021-07-16,2021,"Q3","2021/22","Q1","July",3549.12,3559.12,3554.12,10,9.02999999999975
2021-07-19,2021,"Q3","2021/22","Q1","July",3552.39,3562.39,3557.39,10,3.26999999999998
2021-07-21,2021,"Q3","2021/22","Q1","July",3553.52,3563.52,3558.52,10,1.13000000000011
2021-07-22,2021,"Q3","2021/22","Q1","July",3548.99,3558.99,3553.99,10,-4.5300000000002
2021-07-23,2021,"Q3","2021/22","Q1","July",3541.36,3551.36,3546.36,10,-7.62999999999965
2021-07-26,2021,"Q3","2021/22","Q1","July",3538.03,3548.03,3543.03,10,-3.32999999999993
2021-07-27,2021,"Q3","2021/22","Q1","July",3546.13,3556.13,3551.13,10,8.09999999999991
2021-07-28,2021,"Q3","2021/22","Q1","July",3548.2,3558.2,3553.2,10,2.06999999999971
2021-07-29,2021,"Q3","2021/22","Q1","July",3545.26,3555.26,3550.26,10,-2.9399999999996
2021-07-30,2021,"Q3","2021/22","Q1","July",3544.91,3554.91,3549.91,10,-0.350000000000364
2021-08-02,2021,"Q3","2021/22","Q1","August",3544.94,3554.94,3549.94,10,0.0300000000002001
2021-08-03,2021,"Q3","2021/22","Q1","August",3545.68,3555.68,3550.68,10,0.739999999999782
2021-08-04,2021,"Q3","2021/22","Q1","August",3545.06,3555.06,3550.06,10,-0.619999999999891
2021-08-05,2021,"Q3","2021/22","Q1","August",3539.8,3549.8,3544.8,10,-5.25999999999976
2021-08-06,2021,"Q3","2021/22","Q1","August",3531.78,3541.78,3536.78,10,-8.01999999999998
2021-08-09,2021,"Q3","2021/22","Q1","August",3530.1,3540.1,3535.1,10,-1.68000000000029
2021-08-10,2021,"Q3","2021/22","Q1","August",3529.07,3539.07,3534.07,10,-1.02999999999975
2021-08-11,2021,"Q3","2021/22","Q1","August",3525.61,3535.61,3530.61,10,-3.46000000000004
2021-08-12,2021,"Q3","2021/22","Q1","August",3527.06,3537.06,3532.06,10,1.44999999999982
2021-08-13,2021,"Q3","2021/22","Q1","August",3532.22,3542.22,3537.22,10,5.15999999999985
2021-08-16,2021,"Q3","2021/22","Q1","August",3533.52,3543.52,3538.52,10,1.30000000000018
2021-08-17,2021,"Q3","2021/22","Q1","August",3529.78,3539.78,3534.78,10,-3.73999999999978
2021-08-18,2021,"Q3","2021/22","Q1","August",3525.7,3535.7,3530.7,10,-4.08000000000038
2021-08-19,2021,"Q3","2021/22","Q1","August",3525.62,3535.62,3530.62,10,-0.0799999999999272
2021-08-20,2021,"Q3","2021/22","Q1","August",3526.81,3536.81,3531.81,10,1.19000000000005
2021-08-23,2021,"Q3","2021/22","Q1","August",3529.42,3539.42,3534.42,10,2.61000000000013
2021-08-24,2021,"Q3","2021/22","Q1","August",3531.43,3541.43,3536.43,10,2.00999999999976
2021-08-25,2021,"Q3","2021/22","Q1","August",3531.39,3541.39,3536.39,10,-0.0399999999999636
2021-08-26,2021,"Q3","2021/22","Q1","August",3530.28,3540.28,3535.28,10,-1.10999999999967
2021-08-27,2021,"Q3","2021/22","Q1","August",3529.55,3539.55,3534.55,10,-0.730000000000018
2021-08-30,2021,"Q3","2021/22","Q1","August",3529.86,3539.86,3534.86,10,0.309999999999945
2021-08-31,2021,"Q3","2021/22","Q1","August",3530.13,3540.13,3535.13,10,0.269999999999982
2021-09-01,2021,"Q3","2021/22","Q1","September",3530.03,3540.03,3535.03,10,-0.0999999999999091
2021-09-02,2021,"Q3","2021/22","Q1","September",3528.23,3538.23,3533.23,10,-1.80000000000018
2021-09-03,2021,"Q3","2021/22","Q1","September",3520.59,3530.59,3525.59,10,-7.63999999999987
2021-09-06,2021,"Q3","2021/22","Q1","September",3518.03,3528.03,3523.03,10,-2.55999999999995
2021-09-07,2021,"Q3","2021/22","Q1","September",3518.45,3528.45,3523.45,10,0.419999999999618
2021-09-08,2021,"Q3","2021/22","Q1","September",3524.1,3534.1,3529.1,10,5.65000000000009
2021-09-09,2021,"Q3","2021/22","Q1","September",3524.45,3534.45,3529.45,10,0.349999999999909
2021-09-10,2021,"Q3","2021/22","Q1","September",3521.01,3531.01,3526.01,10,-3.4399999999996
2021-09-13,2021,"Q3","2021/22","Q1","September",3519.77,3529.77,3524.77,10,-1.24000000000024
2021-09-14,2021,"Q3","2021/22","Q1","September",3524.17,3534.17,3529.17,10,4.40000000000009
2021-09-15,2021,"Q3","2021/22","Q1","September",3524.77,3534.77,3529.77,10,0.599999999999909
2021-09-16,2021,"Q3","2021/22","Q1","September",3524.97,3534.97,3529.97,10,0.199999999999818
2021-09-17,2021,"Q3","2021/22","Q1","September",3524.41,3534.41,3529.41,10,-0.559999999999945
2021-09-20,2021,"Q3","2021/22","Q1","September",3529.46,3539.46,3534.46,10,5.05000000000018
2021-09-21,2021,"Q3","2021/22","Q1","September",3533.39,3543.39,3538.39,10,3.92999999999984
2021-09-22,2021,"Q3","2021/22","Q1","September",3533.94,3543.94,3538.94,10,0.550000000000182
2021-09-23,2021,"Q3","2021/22","Q1","September",3531.52,3541.52,3536.52,10,-2.42000000000007
2021-09-24,2021,"Q3","2021/22","Q1","September",3525.74,3535.74,3530.74,10,-5.7800000000002
2021-09-27,2021,"Q3","2021/22","Q1","September",3521.57,3531.57,3526.57,10,-4.16999999999962
2021-09-28,2021,"Q3","2021/22","Q1","September",3520.71,3530.71,3525.71,10,-0.860000000000127
2021-09-29,2021,"Q3","2021/22","Q1","September",3526.91,3536.91,3531.91,10,6.19999999999982
2021-09-30,2021,"Q3","2021/22","Q1","September",3537.67,3547.67,3542.67,10,10.7600000000002
2021-10-01,2021,"Q4","2021/22","Q2","October",3549.24,3559.24,3554.24,10,11.5699999999997
2021-10-04,2021,"Q4","2021/22","Q2","October",3551.87,3561.87,3556.87,10,2.63000000000011
2021-10-05,2021,"Q4","2021/22","Q2","October",3553.54,3563.54,3558.54,10,1.67000000000007
2021-10-06,2021,"Q4","2021/22","Q2","October",3555.97,3565.97,3560.97,10,2.42999999999984
2021-10-07,2021,"Q4","2021/22","Q2","October",3560.75,3570.75,3565.75,10,4.7800000000002
2021-10-08,2021,"Q4","2021/22","Q2","October",3571.03,3581.03,3576.03,10,10.2800000000002
2021-10-11,2021,"Q4","2021/22","Q2","October",3579.16,3589.16,3584.16,10,8.12999999999965
2021-10-12,2021,"Q4","2021/22","Q2","October",3593.14,3603.14,3598.14,10,13.98
2021-10-13,2021,"Q4","2021/22","Q2","October",3586.78,3596.78,3591.78,10,-6.35999999999967
2021-10-14,2021,"Q4","2021/22","Q2","October",3593.8,3603.8,3598.8,10,7.01999999999998
2021-10-15,2021,"Q4","2021/22","Q2","October",3605.06,3615.06,3610.06,10,11.2599999999998
2021-10-18,2021,"Q4","2021/22","Q2","October",3610.61,3620.61,3615.61,10,5.55000000000018
2021-10-19,2021,"Q4","2021/22","Q2","October",3619.51,3629.51,3624.51,10,8.90000000000009
2021-10-20,2021,"Q4","2021/22","Q2","October",3610.51,3620.51,3615.51,10,-9
2021-10-21,2021,"Q4","2021/22","Q2","October",3590.61,3600.61,3595.61,10,-19.9000000000001
2021-10-22,2021,"Q4","2021/22","Q2","October",3572.64,3582.64,3577.64,10,-17.9700000000003
2021-10-25,2021,"Q4","2021/22","Q2","October",3563.65,3573.65,3568.65,10,-8.98999999999978
2021-10-26,2021,"Q4","2021/22","Q2","October",3557.36,3567.36,3562.36,10,-6.28999999999996
2021-10-27,2021,"Q4","2021/22","Q2","October",3549.72,3559.72,3554.72,10,-7.64000000000033
2021-10-28,2021,"Q4","2021/22","Q2","October",3549.06,3559.06,3554.06,10,-0.659999999999854
2021-10-29,2021,"Q4","2021/22","Q2","October",3549.78,3559.78,3554.78,10,0.720000000000255
2021-11-01,2021,"Q4","2021/22","Q2","November",3552.12,3562.12,3557.12,10,2.33999999999969
2021-11-02,2021,"Q4","2021/22","Q2","November",3552.32,3562.32,3557.32,10,0.200000000000273
2021-11-03,2021,"Q4","2021/22","Q2","November",3550.29,3560.293,3555.2915,10.0030000000002,-2.02849999999989
2021-11-04,2021,"Q4","2021/22","Q2","November",3549.78,3559.78,3554.78,10,-0.511500000000069
2021-11-05,2021,"Q4","2021/22","Q2","November",3549.04,3559.04,3554.04,10,-0.740000000000236
2021-11-08,2021,"Q4","2021/22","Q2","November",3542.29,3552.29,3547.29,10,-6.75
2021-11-09,2021,"Q4","2021/22","Q2","November",3534.36,3544.36,3539.36,10,-7.92999999999984
2021-11-10,2021,"Q4","2021/22","Q2","November",3529.45,3539.45,3534.45,10,-4.91000000000031
2021-11-11,2021,"Q4","2021/22","Q2","November",3520.39,3530.39,3525.39,10,-9.05999999999995
2021-11-12,2021,"Q4","2021/22","Q2","November",3522.68,3532.68,3527.68,10,2.28999999999996
2021-11-15,2021,"Q4","2021/22","Q2","November",3525,3535,3530,10,2.32000000000016
2021-11-16,2021,"Q4","2021/22","Q2","November",3525.94,3535.94,3530.94,10,0.940000000000055
2021-11-17,2021,"Q4","2021/22","Q2","November",3529.81,3539.81,3534.81,10,3.86999999999989
2021-11-18,2021,"Q4","2021/22","Q2","November",3550.81,3560.81,3555.81,10,21
2021-11-19,2021,"Q4","2021/22","Q2","November",3570.72,3580.72,3575.72,10,19.9099999999999
2021-11-22,2021,"Q4","2021/22","Q2","November",3568.83,3578.83,3573.83,10,-1.88999999999987
2021-11-23,2021,"Q4","2021/22","Q2","November",3565.7,3575.7,3570.7,10,-3.13000000000011
2021-11-24,2021,"Q4","2021/22","Q2","November",3564.86,3574.86,3569.86,10,-0.839999999999691
2021-11-25,2021,"Q4","2021/22","Q2","November",3554.97,3564.97,3559.97,10,-9.89000000000033
2021-11-26,2021,"Q4","2021/22","Q2","November",3546.52,3556.52,3551.52,10,-8.44999999999982
2021-11-29,2021,"Q4","2021/22","Q2","November",3558.42,3568.42,3563.42,10,11.9000000000001
2021-11-30,2021,"Q4","2021/22","Q2","November",3559.2,3569.2,3564.2,10,0.779999999999745
2021-12-01,2021,"Q4","2021/22","Q2","December",3556.09,3566.09,3561.09,10,-3.10999999999967
2021-12-02,2021,"Q4","2021/22","Q2","December",3557.9,3567.9,3562.9,10,1.80999999999995
2021-12-03,2021,"Q4","2021/22","Q2","December",3559.88,3569.88,3564.88,10,1.98000000000002
2021-12-06,2021,"Q4","2021/22","Q2","December",3562.01,3572.01,3567.01,10,2.13000000000011
2021-12-07,2021,"Q4","2021/22","Q2","December",3564.84,3574.84,3569.84,10,2.82999999999993
2021-12-08,2021,"Q4","2021/22","Q2","December",3564.87,3574.87,3569.87,10,0.0299999999997453
2021-12-09,2021,"Q4","2021/22","Q2","December",3562.25,3572.25,3567.25,10,-2.61999999999989
2021-12-10,2021,"Q4","2021/22","Q2","December",3551.81,3561.81,3556.81,10,-10.4400000000001
2021-12-13,2021,"Q4","2021/22","Q2","December",3552.42,3562.42,3557.42,10,0.610000000000127
2021-12-14,2021,"Q4","2021/22","Q2","December",3554.22,3564.22,3559.22,10,1.79999999999973
2021-12-15,2021,"Q4","2021/22","Q2","December",3557.06,3567.06,3562.06,10,2.84000000000015
2021-12-16,2021,"Q4","2021/22","Q2","December",3559.59,3569.59,3564.59,10,2.5300000000002
2021-12-17,2021,"Q4","2021/22","Q2","December",3554.97,3564.97,3559.97,10,-4.62000000000035
2021-12-20,2021,"Q4","2021/22","Q2","December",3549.58,3559.58,3554.58,10,-5.38999999999987
2021-12-21,2021,"Q4","2021/22","Q2","December",3543.01,3553.01,3548.01,10,-6.56999999999971
2021-12-22,2021,"Q4","2021/22","Q2","December",3543.91,3553.91,3548.91,10,0.899999999999636
2021-12-23,2021,"Q4","2021/22","Q2","December",3540.16,3550.16,3545.16,10,-3.75
2021-12-24,2021,"Q4","2021/22","Q2","December",3535.07,3545.07,3540.07,10,-5.08999999999969
2021-12-27,2021,"Q4","2021/22","Q2","December",3534.94,3544.94,3539.94,10,-0.130000000000109
2021-12-28,2021,"Q4","2021/22","Q2","December",3534.96,3544.96,3539.96,10,0.0199999999999818
2021-12-29,2021,"Q4","2021/22","Q2","December",3534.87,3544.87,3539.87,10,-0.0900000000001455
2021-12-30,2021,"Q4","2021/22","Q2","December",3535.99,3545.99,3540.99,10,1.11999999999989
2021-12-31,2021,"Q4","2021/22","Q2","December",3539.41,3549.41,3544.41,10,3.42000000000007
2022-01-03,2022,"Q1","2021/22","Q3","January",3539.65,3549.65,3544.65,10,0.240000000000236
2022-01-04,2022,"Q1","2021/22","Q3","January",3538.65,3548.65,3543.65,10,-1
2022-01-05,2022,"Q1","2021/22","Q3","January",3535.26,3545.26,3540.26,10,-3.38999999999987
2022-01-06,2022,"Q1","2021/22","Q3","January",3535.07,3545.07,3540.07,10,-0.190000000000055
2022-01-07,2022,"Q1","2021/22","Q3","January",3537.09,3547.09,3542.09,10,2.01999999999998
2022-01-10,2022,"Q1","2021/22","Q3","January",3532.97,3542.97,3537.97,10,-4.12000000000035
2022-01-11,2022,"Q1","2021/22","Q3","January",3526.22,3536.22,3531.22,10,-6.75
2022-01-12,2022,"Q1","2021/22","Q3","January",3524.48,3534.48,3529.48,10,-1.73999999999978
2022-01-13,2022,"Q1","2021/22","Q3","January",3521.45,3531.45,3526.45,10,-3.0300000000002
2022-01-14,2022,"Q1","2021/22","Q3","January",3520.68,3530.68,3525.68,10,-0.769999999999982
2022-01-17,2022,"Q1","2021/22","Q3","January",3520.39,3530.39,3525.39,10,-0.289999999999964
2022-01-18,2022,"Q1","2021/22","Q3","January",3520.06,3530.06,3525.06,10,-0.329999999999927
2022-01-19,2022,"Q1","2021/22","Q3","January",3519.01,3529.01,3524.01,10,-1.04999999999973
2022-01-20,2022,"Q1","2021/22","Q3","January",3516.19,3526.19,3521.19,10,-2.82000000000016
2022-01-21,2022,"Q1","2021/22","Q3","January",3515.16,3525.16,3520.16,10,-1.0300000000002
2022-01-24,2022,"Q1","2021/22","Q3","January",3519.64,3529.64,3524.64,10,4.48000000000002
2022-01-25,2022,"Q1","2021/22","Q3","January",3519.93,3529.93,3524.93,10,0.289999999999964
2022-01-27,2022,"Q1","2021/22","Q3","January",3519.77,3529.77,3524.77,10,-0.159999999999854
2022-01-28,2022,"Q1","2021/22","Q3","January",3510.14,3520.14,3515.14,10,-9.63000000000011
2022-01-31,2022,"Q1","2021/22","Q3","January",3504.86,3514.86,3509.86,10,-5.27999999999975
2022-02-01,2022,"Q1","2021/22","Q3","February",3498.33,3508.33,3503.33,10,-6.5300000000002
2022-02-02,2022,"Q1","2021/22","Q3","February",3490.2,3500.2,3495.2,10,-8.13000000000011
2022-02-03,2022,"Q1","2021/22","Q3","February",3492.65,3502.65,3497.65,10,2.45000000000027
2022-02-04,2022,"Q1","2021/22","Q3","February",3494.32,3504.32,3499.32,10,1.67000000000007
2022-02-07,2022,"Q1","2021/22","Q3","February",3498.2,3508.2,3503.2,10,3.87999999999965
2022-02-08,2022,"Q1","2021/22","Q3","February",3504.84,3514.84,3509.84,10,6.64000000000033
2022-02-09,2022,"Q1","2021/22","Q3","February",3513.88,3523.88,3518.88,10,9.03999999999996
2022-02-10,2022,"Q1","2021/22","Q3","February",3522.99,3532.99,3527.99,10,9.10999999999967
2022-02-11,2022,"Q1","2021/22","Q3","February",3522.19,3532.19,3527.19,10,-0.799999999999727
2022-02-14,2022,"Q1","2021/22","Q3","February",3513.48,3523.48,3518.48,10,-8.71000000000004
2022-02-15,2022,"Q1","2021/22","Q3","February",3509.93,3519.93,3514.93,10,-3.55000000000018
2022-02-17,2022,"Q1","2021/22","Q3","February",3508.39,3518.39,3513.39,10,-1.53999999999996
2022-02-18,2022,"Q1","2021/22","Q3","February",3502.78,3512.78,3507.78,10,-5.60999999999967
2022-02-21,2022,"Q1","2021/22","Q3","February",3505.45,3515.45,3510.45,10,2.66999999999962
2022-02-22,2022,"Q1","2021/22","Q3","February",3510.49,3520.49,3515.49,10,5.03999999999996
2022-02-23,2022,"Q1","2021/22","Q3","February",3510.45,3520.45,3515.45,10,-0.0399999999999636
2022-02-24,2022,"Q1","2021/22","Q3","February",3516.29,3526.29,3521.29,10,5.84000000000015
2022-02-25,2022,"Q1","2021/22","Q3","February",3529.99,3539.99,3534.99,10,13.6999999999998
2022-02-28,2022,"Q1","2021/22","Q3","February",3535.78,3545.78,3540.78,10,5.79000000000042
2022-03-01,2022,"Q1","2021/22","Q3","March",3530.28,3540.28,3535.28,10,-5.5
2022-03-02,2022,"Q1","2021/22","Q3","March",3533.91,3543.91,3538.91,10,3.62999999999965
2022-03-03,2022,"Q1","2021/22","Q3","March",3556.17,3566.17,3561.17,10,22.2600000000002
2022-03-04,2022,"Q1","2021/22","Q3","March",3566.93,3576.93,3571.93,10,10.7599999999998
2022-03-07,2022,"Q1","2021/22","Q3","March",3593,3603,3598,10,26.0700000000002
2022-03-09,2022,"Q1","2021/22","Q3","March",3609.59,3619.59,3614.59,10,16.5900000000001
2022-03-10,2022,"Q1","2021/22","Q3","March",3614.99,3624.99,3619.99,10,5.39999999999964
2022-03-11,2022,"Q1","2021/22","Q3","March",3614.97,3624.97,3619.97,10,-0.0199999999999818
2022-03-14,2022,"Q1","2021/22","Q3","March",3603.62,3613.62,3608.62,10,-11.3499999999999
2022-03-15,2022,"Q1","2021/22","Q3","March",3585.75,3595.75,3590.75,10,-17.8699999999999
2022-03-16,2022,"Q1","2021/22","Q3","March",3582.1,3592.1,3587.1,10,-3.65000000000009
2022-03-17,2022,"Q1","2021/22","Q3","March",3578.17,3588.17,3583.17,10,-3.92999999999984
2022-03-18,2022,"Q1","2021/22","Q3","March",3575.38,3585.38,3580.38,10,-2.78999999999996
2022-03-21,2022,"Q1","2021/22","Q3","March",3575.38,3585.38,3580.38,10,0
2022-03-22,2022,"Q1","2021/22","Q3","March",3588.38,3598.38,3593.38,10,13
2022-03-23,2022,"Q1","2021/22","Q3","March",3603.7,3613.7,3608.7,10,15.3199999999997
2022-03-24,2022,"Q1","2021/22","Q3","March",3601.9,3611.9,3606.9,10,-1.79999999999973
2022-03-25,2022,"Q1","2021/22","Q3","March",3601.9,3611.9,3606.9,10,0
2022-03-28,2022,"Q1","2021/22","Q3","March",3589.22,3599.22,3594.22,10,-12.6800000000003
2022-03-29,2022,"Q1","2021/22","Q3","March",3589.99,3599.99,3594.99,10,0.769999999999982
2022-03-30,2022,"Q1","2021/22","Q3","March",3588.04,3598.04,3593.04,10,-1.94999999999982
2022-03-31,2022,"Q1","2021/22","Q3","March",3583.16,3593.16,3588.16,10,-4.88000000000011
2022-04-01,2022,"Q2","2021/22","Q4","April",3574.9,3584.9,3579.9,10,-8.25999999999976
2022-04-04,2022,"Q2","2021/22","Q4","April",3560.14,3570.14,3565.14,10,-14.7600000000002
2022-04-05,2022,"Q2","2021/22","Q4","April",3546.67,3556.67,3551.67,10,-13.4699999999998
2022-04-06,2022,"Q2","2021/22","Q4","April",3546.81,3556.81,3551.81,10,0.139999999999873
2022-04-07,2022,"Q2","2021/22","Q4","April",3544.52,3554.52,3549.52,10,-2.28999999999996
2022-04-11,2022,"Q2","2021/22","Q4","April",3537.81,3547.81,3542.81,10,-6.71000000000004
2022-04-12,2022,"Q2","2021/22","Q4","April",3521.38,3531.38,3526.38,10,-16.4299999999998
2022-04-13,2022,"Q2","2021/22","Q4","April",3515.01,3525.01,3520.01,10,-6.36999999999989
2022-04-14,2022,"Q2","2021/22","Q4","April",3514.91,3524.91,3519.91,10,-0.100000000000364
2022-04-19,2022,"Q2","2021/22","Q4","April",3514.97,3524.97,3519.97,10,0.0599999999999454
2022-04-20,2022,"Q2","2021/22","Q4","April",3519.81,3529.81,3524.81,10,4.84000000000015
2022-04-21,2022,"Q2","2021/22","Q4","April",3528.45,3538.45,3533.45,10,8.63999999999987
2022-04-22,2022,"Q2","2021/22","Q4","April",3521.48,3531.48,3526.48,10,-6.9699999999998
2022-04-25,2022,"Q2","2021/22","Q4","April",3516.99,3526.99,3521.99,10,-4.49000000000024
2022-04-26,2022,"Q2","2021/22","Q4","April",3532.35,3542.35,3537.35,10,15.3600000000001
2022-04-27,2022,"Q2","2021/22","Q4","April",3545.87,3555.87,3550.87,10,13.52
2022-04-28,2022,"Q2","2021/22","Q4","April",3557.07,3567.07,3562.07,10,11.2000000000003
2022-04-29,2022,"Q2","2021/22","Q4","April",3557.07,3567.07,3562.07,10,0
2022-05-03,2022,"Q2","2021/22","Q4","May",3540.65,3550.65,3545.65,10,-16.4200000000001
2022-05-04,2022,"Q2","2021/22","Q4","May",3541.57,3551.57,3546.57,10,0.920000000000073
2022-05-05,2022,"Q2","2021/22","Q4","May",3544.97,3554.97,3549.97,10,3.39999999999964
2022-05-06,2022,"Q2","2021/22","Q4","May",3551.88,3561.88,3556.88,10,6.91000000000031
2022-05-09,2022,"Q2","2021/22","Q4","May",3570.45,3580.45,3575.45,10,18.5699999999997
2022-05-10,2022,"Q2","2021/22","Q4","May",3583.04,3593.04,3588.04,10,12.5900000000001
2022-05-11,2022,"Q2","2021/22","Q4","May",3583.71,3593.71,3588.71,10,0.670000000000073
2022-05-12,2022,"Q2","2021/22","Q4","May",3595.94,3605.94,3600.94,10,12.23
2022-05-13,2022,"Q2","2021/22","Q4","May",3605.07,3615.07,3610.07,10,9.13000000000011
2022-05-16,2022,"Q2","2021/22","Q4","May",3612.75,3622.75,3617.75,10,7.67999999999984
2022-05-17,2022,"Q2","2021/22","Q4","May",3641.58,3651.58,3646.58,10,28.8299999999999
2022-05-18,2022,"Q2","2021/22","Q4","May",3655.01,3665.01,3660.01,10,13.4300000000003
2022-05-19,2022,"Q2","2021/22","Q4","May",3641.42,3651.42,3646.42,10,-13.5900000000001
2022-05-20,2022,"Q2","2021/22","Q4","May",3637.16,3647.16,3642.16,10,-4.26000000000022
2022-05-23,2022,"Q2","2021/22","Q4","May",3647.77,3657.77,3652.77,10,10.6100000000001
2022-05-24,2022,"Q2","2021/22","Q4","May",3657.04,3667.04,3662.04,10,9.26999999999998
2022-05-25,2022,"Q2","2021/22","Q4","May",3670.19,3680.19,3675.19,10,13.1500000000001
2022-05-26,2022,"Q2","2021/22","Q4","May",3689.52,3699.52,3694.52,10,19.3299999999999
2022-05-27,2022,"Q2","2021/22","Q4","May",3712.72,3722.72,3717.72,10,23.1999999999998
2022-05-30,2022,"Q2","2021/22","Q4","May",3736.13,3746.13,3741.13,10,23.4100000000003
2022-05-31,2022,"Q2","2021/22","Q4","May",3770.86,3780.86,3775.86,10,34.73
2022-06-01,2022,"Q2","2021/22","Q4","June",3786.22,3796.22,3791.22,10,15.3599999999997
2022-06-02,2022,"Q2","2021/22","Q4","June",3759.84,3769.84,3764.84,10,-26.3799999999997
2022-06-06,2022,"Q2","2021/22","Q4","June",3746.09,3756.09,3751.09,10,-13.75
2022-06-07,2022,"Q2","2021/22","Q4","June",3736.58,3746.58,3741.58,10,-9.51000000000022
2022-06-08,2022,"Q2","2021/22","Q4","June",3725.55,3735.55,3730.55,10,-11.0299999999997
2022-06-10,2022,"Q2","2021/22","Q4","June",3695.84,3705.84,3700.84,10,-29.71
2022-06-13,2022,"Q2","2021/22","Q4","June",3710.33,3720.33,3715.33,10,14.4899999999998
2022-06-14,2022,"Q2","2021/22","Q4","June",3745,3751.67,3748.335,6.67000000000007,33.0050000000001
2022-06-15,2022,"Q2","2021/22","Q4","June",3752.84,3762.84,3757.84,10,9.50500000000011
2022-06-16,2022,"Q2","2021/22","Q4","June",3761.25,3771.25,3766.25,10,8.40999999999985
2022-06-17,2022,"Q2","2021/22","Q4","June",3763.54,3773.54,3768.54,10,2.28999999999996
2022-06-20,2022,"Q2","2021/22","Q4","June",3726.96,3736.96,3731.96,10,-36.5799999999999
2022-06-21,2022,"Q2","2021/22","Q4","June",3706.49,3716.49,3711.49,10,-20.4700000000003
2022-06-22,2022,"Q2","2021/22","Q4","June",3717.39,3727.39,3722.39,10,10.9000000000001
2022-06-23,2022,"Q2","2021/22","Q4","June",3755.1,3765.1,3760.1,10,37.71
2022-06-24,2022,"Q2","2021/22","Q4","June",3754.49,3764.49,3759.49,10,-0.610000000000127
2022-06-27,2022,"Q2","2021/22","Q4","June",3745.16,3755.16,3750.16,10,-9.32999999999993
2022-06-28,2022,"Q2","2021/22","Q4","June",3753.71,3763.71,3758.71,10,8.55000000000018
2022-06-29,2022,"Q2","2021/22","Q4","June",3755.25,3765.25,3760.25,10,1.53999999999996
2022-06-30,2022,"Q2","2021/22","Q4","June",3751.65,3761.65,3756.65,10,-3.59999999999991
2022-07-01,2022,"Q3","2022/23","Q1","July",3745.75,3755.75,3750.75,10,-5.90000000000009
2022-07-04,2022,"Q3","2022/23","Q1","July",3742.19,3752.19,3747.19,10,-3.55999999999995
2022-07-05,2022,"Q3","2022/23","Q1","July",3716.64,3726.64,3721.64,10,-25.5500000000002
2022-07-06,2022,"Q3","2022/23","Q1","July",3735.04,3745.04,3740.04,10,18.4000000000001
2022-07-07,2022,"Q3","2022/23","Q1","July",3754.7,3764.7,3759.7,10,19.6599999999999
2022-07-08,2022,"Q3","2022/23","Q1","July",3750.87,3760.87,3755.87,10,-3.82999999999993
2022-07-11,2022,"Q3","2022/23","Q1","July",3756.81,3766.81,3761.81,10,5.94000000000005
2022-07-12,2022,"Q3","2022/23","Q1","July",3769.99,3779.99,3774.99,10,13.1799999999998
2022-07-13,2022,"Q3","2022/23","Q1","July",3770.25,3780.25,3775.25,10,0.260000000000218
2022-07-14,2022,"Q3","2022/23","Q1","July",3762.62,3777.62,3770.12,15,-5.13000000000011
2022-07-15,2022,"Q3","2022/23","Q1","July",3760.16,3770.16,3765.16,10,-4.96000000000004
2022-07-18,2022,"Q3","2022/23","Q1","July",3773.36,3783.36,3778.36,10,13.2000000000003
2022-07-19,2022,"Q3","2022/23","Q1","July",3788.32,3798.32,3793.32,10,14.96
2022-07-20,2022,"Q3","2022/23","Q1","July",3797.94,3807.94,3802.94,10,9.61999999999989
2022-07-21,2022,"Q3","2022/23","Q1","July",3809.82,3819.82,3814.82,10,11.8800000000001
2022-07-22,2022,"Q3","2022/23","Q1","July",3809.82,3819.82,3814.82,10,0
2022-07-25,2022,"Q3","2022/23","Q1","July",3843.38,3853.38,3848.38,10,33.5599999999999
2022-07-26,2022,"Q3","2022/23","Q1","July",3842.29,3852.29,3847.29,10,-1.09000000000015
2022-07-27,2022,"Q3","2022/23","Q1","July",3859.17,3869.17,3864.17,10,16.8800000000001
2022-07-28,2022,"Q3","2022/23","Q1","July",3869.38,3879.38,3874.38,10,10.21
2022-07-29,2022,"Q3","2022/23","Q1","July",3857.43,3867.43,3862.43,10,-11.9500000000003
2022-08-01,2022,"Q3","2022/23","Q1","August",3855.91,3865.91,3860.91,10,-1.51999999999998
2022-08-02,2022,"Q3","2022/23","Q1","August",3864.49,3874.49,3869.49,10,8.57999999999993
2022-08-03,2022,"Q3","2022/23","Q1","August",3872.93,3882.93,3877.93,10,8.44000000000005
2022-08-04,2022,"Q3","2022/23","Q1","August",3872.35,3882.35,3877.35,10,-0.579999999999927
2022-08-05,2022,"Q3","2022/23","Q1","August",3875.12,3885.12,3880.12,10,2.76999999999998
2022-08-08,2022,"Q3","2022/23","Q1","August",3873.59,3883.29,3878.44,9.69999999999982,-1.67999999999984
2022-08-09,2022,"Q3","2022/23","Q1","August",3870.75,3880.75,3875.75,10,-2.69000000000005
2022-08-10,2022,"Q3","2022/23","Q1","August",3865.89,3875.89,3870.89,10,-4.86000000000013
2022-08-11,2022,"Q3","2022/23","Q1","August",3825.58,3835.58,3830.58,10,-40.3099999999999
2022-08-12,2022,"Q3","2022/23","Q1","August",3781.51,3791.51,3786.51,10,-44.0699999999997
2022-08-15,2022,"Q3","2022/23","Q1","August",3757.83,3767.83,3762.83,10,-23.6800000000003
2022-08-16,2022,"Q3","2022/23","Q1","August",3763.87,3773.87,3768.87,10,6.03999999999996
2022-08-17,2022,"Q3","2022/23","Q1","August",3777.74,3787.74,3782.74,10,13.8699999999999
2022-08-18,2022,"Q3","2022/23","Q1","August",3814.12,3824.12,3819.12,10,36.3800000000001
2022-08-19,2022,"Q3","2022/23","Q1","August",3833.59,3843.59,3838.59,10,19.4700000000003
2022-08-22,2022,"Q3","2022/23","Q1","August",3851.91,3861.91,3856.91,10,18.3199999999997
2022-08-23,2022,"Q3","2022/23","Q1","August",3841.1,3851.1,3846.1,10,-10.8099999999999
2022-08-24,2022,"Q3","2022/23","Q1","August",3814.29,3824.29,3819.29,10,-26.8099999999999
2022-08-25,2022,"Q3","2022/23","Q1","August",3791.55,3801.55,3796.55,10,-22.7399999999998
2022-08-26,2022,"Q3","2022/23","Q1","August",3797.67,3807.67,3802.67,10,6.11999999999989
2022-08-29,2022,"Q3","2022/23","Q1","August",3816.72,3826.72,3821.72,10,19.0499999999997
2022-08-30,2022,"Q3","2022/23","Q1","August",3814.29,3824.29,3819.29,10,-2.42999999999984
2022-08-31,2022,"Q3","2022/23","Q1","August",3798.68,3808.68,3803.68,10,-15.6100000000001
2022-09-01,2022,"Q3","2022/23","Q1","September",3801.96,3811.96,3806.96,10,3.2800000000002
2022-09-02,2022,"Q3","2022/23","Q1","September",3805.62,3815.62,3810.62,10,3.65999999999985
2022-09-05,2022,"Q3","2022/23","Q1","September",3818.61,3828.61,3823.61,10,12.9900000000002
2022-09-06,2022,"Q3","2022/23","Q1","September",3813.13,3823.13,3818.13,10,-5.48000000000002
2022-09-07,2022,"Q3","2022/23","Q1","September",3809.55,3819.55,3814.55,10,-3.57999999999993
2022-09-08,2022,"Q3","2022/23","Q1","September",3810.93,3820.93,3815.93,10,1.37999999999965
2022-09-09,2022,"Q3","2022/23","Q1","September",3813.52,3823.52,3818.52,10,2.59000000000015
2022-09-12,2022,"Q3","2022/23","Q1","September",3808.97,3818.97,3813.97,10,-4.55000000000018
2022-09-13,2022,"Q3","2022/23","Q1","September",3804.78,3814.78,3809.78,10,-4.1899999999996
2022-09-14,2022,"Q3","2022/23","Q1","September",3808.1,3818.1,3813.1,10,3.31999999999971
2022-09-15,2022,"Q3","2022/23","Q1","September",3808.09,3818.09,3813.09,10,-0.00999999999976353
2022-09-16,2022,"Q3","2022/23","Q1","September",3807.8,3817.8,3812.8,10,-0.289999999999964
2022-09-19,2022,"Q3","2022/23","Q1","September",3810.26,3820.26,3815.26,10,2.46000000000004
2022-09-20,2022,"Q3","2022/23","Q1","September",3813.81,3823.81,3818.81,10,3.54999999999973
2022-09-21,2022,"Q3","2022/23","Q1","September",3815.52,3825.52,3820.52,10,1.71000000000004
2022-09-22,2022,"Q3","2022/23","Q1","September",3818.06,3828.06,3823.06,10,2.53999999999996
2022-09-23,2022,"Q3","2022/23","Q1","September",3819.51,3829.51,3824.51,10,1.45000000000027
2022-09-26,2022,"Q3","2022/23","Q1","September",3833.62,3843.62,3838.62,10,14.1099999999997
2022-09-27,2022,"Q3","2022/23","Q1","September",3849.7,3859.7,3854.7,10,16.0799999999999
2022-09-28,2022,"Q3","2022/23","Q1","September",3865.2,3875.2,3870.2,10,15.5
2022-09-29,2022,"Q3","2022/23","Q1","September",3861.48,3871.48,3866.48,10,3.5
2022-09-30,2022,"Q3","2022/23","Q1","September",3848.96,3858.96,3853.96,10,-19.7399999999998
2022-10-03,2022,"Q4","2022/23","Q2","October",3843.65,3853.65,3848.65,10,-5.30999999999995
2022-10-04,2022,"Q4","2022/23","Q2","October",3827.55,3837.55,3832.55,10,-16.0999999999999
2022-10-05,2022,"Q4","2022/23","Q2","October",3817.65,3827.65,3822.65,10,-9.90000000000009
2022-10-06,2022,"Q4","2022/23","Q2","October",3819.97,3829.97,3824.97,10,2.31999999999971
2022-10-07,2022,"Q4","2022/23","Q2","October",3815.61,3825.61,3820.61,10,-4.35999999999967
2022-10-10,2022,"Q4","2022/23","Q2","October",3818.94,3828.94,3823.94,10,3.32999999999993
2022-10-11,2022,"Q4","2022/23","Q2","October",3825.61,3835.61,3830.61,10,6.67000000000007
2022-10-12,2022,"Q4","2022/23","Q2","October",3828.44,3838.44,3833.44,10,2.82999999999993
2022-10-13,2022,"Q4","2022/23","Q2","October",3825.01,3835.01,3830.01,10,-3.42999999999984
2022-10-14,2022,"Q4","2022/23","Q2","October",3824.74,3834.74,3829.74,10,-0.270000000000437
2022-10-17,2022,"Q4","2022/23","Q2","October",3829.14,3839.14,3834.14,10,4.40000000000009
2022-10-18,2022,"Q4","2022/23","Q2","October",3824.55,3834.55,3829.55,10,-4.58999999999969
2022-10-19,2022,"Q4","2022/23","Q2","October",3812.45,3822.45,3817.45,10,-12.1000000000004
2022-10-20,2022,"Q4","2022/23","Q2","October",3800.61,3810.61,3805.61,10,-11.8399999999997
2022-10-21,2022,"Q4","2022/23","Q2","October",3802.78,3812.78,3807.78,10,2.17000000000007
2022-10-24,2022,"Q4","2022/23","Q2","October",3808.78,3818.78,3813.78,10,6
2022-10-25,2022,"Q4","2022/23","Q2","October",3809.97,3819.97,3814.97,10,1.1899999999996
2022-10-26,2022,"Q4","2022/23","Q2","October",3809.96,3819.96,3814.96,10,-0.00999999999976353
2022-10-27,2022,"Q4","2022/23","Q2","October",3809.96,3819.96,3814.96,10,0
2022-10-28,2022,"Q4","2022/23","Q2","October",3809.99,3819.99,3814.99,10,0.0299999999997453
2022-10-31,2022,"Q4","2022/23","Q2","October",3797.26,3807.26,3802.26,10,-12.7299999999996
2022-11-01,2022,"Q4","2022/23","Q2","November",3786.22,3796.22,3791.22,10,-11.0400000000004
2022-11-02,2022,"Q4","2022/23","Q2","November",3784.22,3794.22,3789.22,10,-2
2022-11-03,2022,"Q4","2022/23","Q2","November",3784.22,3794.22,3789.22,10,0
2022-11-04,2022,"Q4","2022/23","Q2","November",3786.26,3796.26,3791.26,10,2.04000000000042
2022-11-07,2022,"Q4","2022/23","Q2","November",3777.72,3787.72,3782.72,10,-8.54000000000042
2022-11-08,2022,"Q4","2022/23","Q2","November",3773.21,3783.21,3778.21,10,-4.50999999999976
2022-11-09,2022,"Q4","2022/23","Q2","November",3771.54,3781.54,3776.54,10,-1.67000000000007
2022-11-10,2022,"Q4","2022/23","Q2","November",3771.9,3781.9,3776.9,10,0.360000000000127
2022-11-11,2022,"Q4","2022/23","Q2","November",3764.29,3774.29,3769.29,10,-7.61000000000013
2022-11-14,2022,"Q4","2022/23","Q2","November",3756.15,3766.15,3761.15,10,-8.13999999999987
2022-11-15,2022,"Q4","2022/23","Q2","November",3752.21,3762.21,3757.21,10,-3.94000000000005
2022-11-16,2022,"Q4","2022/23","Q2","November",3746.14,3756.14,3751.14,10,-6.07000000000016
2022-11-17,2022,"Q4","2022/23","Q2","November",3741.79,3751.79,3746.79,10,-4.34999999999991
2022-11-18,2022,"Q4","2022/23","Q2","November",3732.54,3742.54,3737.54,10,-9.25
2022-11-21,2022,"Q4","2022/23","Q2","November",3735.25,3745.25,3740.25,10,2.71000000000004
2022-11-22,2022,"Q4","2022/23","Q2","November",3741.19,3751.19,3746.19,10,5.94000000000005
2022-11-23,2022,"Q4","2022/23","Q2","November",3737.26,3747.26,3742.26,10,-3.92999999999984
2022-11-24,2022,"Q4","2022/23","Q2","November",3734.99,3744.99,3739.99,10,-2.27000000000044
2022-11-25,2022,"Q4","2022/23","Q2","November",3734.68,3744.68,3739.68,10,-0.309999999999945
2022-11-28,2022,"Q4","2022/23","Q2","November",3733.78,3743.78,3738.78,10,-0.899999999999636
2022-11-29,2022,"Q4","2022/23","Q2","November",3732.6,3742.6,3737.6,10,-1.18000000000029
2022-11-30,2022,"Q4","2022/23","Q2","November",3736.86,3746.86,3741.86,10,4.26000000000022
2022-12-01,2022,"Q4","2022/23","Q2","December",3739.86,3749.86,3744.86,10,3
2022-12-02,2022,"Q4","2022/23","Q2","December",3734.07,3744.07,3739.07,10,-5.78999999999996
2022-12-05,2022,"Q4","2022/23","Q2","December",3721.38,3731.38,3726.38,10,-12.6900000000001
2022-12-06,2022,"Q4","2022/23","Q2","December",3701.04,3711.04,3706.04,10,-20.3400000000001
2022-12-07,2022,"Q4","2022/23","Q2","December",3690.9,3700.9,3695.9,10,-10.1399999999999
2022-12-08,2022,"Q4","2022/23","Q2","December",3685.29,3695.29,3690.29,10,-5.61000000000013
2022-12-09,2022,"Q4","2022/23","Q2","December",3686.79,3696.72,3691.755,9.92999999999984,1.46500000000015
2022-12-12,2022,"Q4","2022/23","Q2","December",3686.44,3696.44,3691.44,10,-0.315000000000055
2022-12-13,2022,"Q4","2022/23","Q2","December",3688.51,3698.51,3693.51,10,2.07000000000016
2022-12-14,2022,"Q4","2022/23","Q2","December",3690.65,3700.65,3695.65,10,2.13999999999987
2022-12-15,2022,"Q4","2022/23","Q2","December",3687.43,3697.43,3692.43,10,-3.22000000000025
2022-12-16,2022,"Q4","2022/23","Q2","December",3666.36,3676.36,3671.36,10,-21.0699999999997
2022-12-19,2022,"Q4","2022/23","Q2","December",3654.28,3664.28,3659.28,10,-12.0799999999999
2022-12-20,2022,"Q4","2022/23","Q2","December",3645.65,3655.65,3650.65,10,-8.63000000000011
2022-12-21,2022,"Q4","2022/23","Q2","December",3639.33,3649.33,3644.33,10,-6.32000000000016
2022-12-22,2022,"Q4","2022/23","Q2","December",3637.53,3647.53,3642.53,10,-1.79999999999973
2022-12-23,2022,"Q4","2022/23","Q2","December",3636.03,3646.03,3641.03,10,-1.5
2022-12-27,2022,"Q4","2022/23","Q2","December",3658.83,3668.83,3663.83,10,22.7999999999997
2022-12-28,2022,"Q4","2022/23","Q2","December",3710.17,3720.17,3715.17,10,51.3400000000001
2022-12-29,2022,"Q4","2022/23","Q2","December",3731.82,3741.82,3736.82,10,21.6500000000001
2022-12-30,2022,"Q4","2022/23","Q2","December",3710.69,3720.69,3715.69,10,-21.1300000000001
2023-01-02,2023,"Q1","2022/23","Q3","January",3717.28,3727.28,3722.28,10,6.59000000000015
2023-01-03,2023,"Q1","2022/23","Q3","January",3723.86,3733.86,3728.86,10,6.57999999999993
2023-01-04,2023,"Q1","2022/23","Q3","January",3721.97,3731.97,3726.97,10,-1.89000000000033
2023-01-05,2023,"Q1","2022/23","Q3","January",3723.47,3733.47,3728.47,10,1.5
2023-01-06,2023,"Q1","2022/23","Q3","January",3712.76,3722.76,3717.76,10,-10.7099999999996
2023-01-09,2023,"Q1","2022/23","Q3","January",3704.35,3714.35,3709.35,10,-8.41000000000031
2023-01-10,2023,"Q1","2022/23","Q3","January",3700.19,3710.19,3705.19,10,-4.15999999999985
2023-01-11,2023,"Q1","2022/23","Q3","January",3688.76,3698.76,3693.76,10,-11.4299999999998
2023-01-12,2023,"Q1","2022/23","Q3","January",3685.25,3695.25,3690.25,10,-3.51000000000022
2023-01-13,2023,"Q1","2022/23","Q3","January",3674.19,3684.19,3679.19,10,-11.0599999999999
2023-01-16,2023,"Q1","2022/23","Q3","January",3666.75,3676.75,3671.75,10,-7.44000000000005
2023-01-17,2023,"Q1","2022/23","Q3","January",3670.33,3680.33,3675.33,10,3.57999999999993
2023-01-18,2023,"Q1","2022/23","Q3","January",3673.39,3683.39,3678.39,10,3.05999999999995
2023-01-19,2023,"Q1","2022/23","Q3","January",3675.15,3685.15,3680.15,10,1.76000000000022
2023-01-20,2023,"Q1","2022/23","Q3","January",3673.94,3683.94,3678.94,10,-1.21000000000004
2023-01-23,2023,"Q1","2022/23","Q3","January",3672.14,3682.14,3677.14,10,-1.80000000000018
2023-01-24,2023,"Q1","2022/23","Q3","January",3668.61,3678.61,3673.61,10,-3.52999999999975
2023-01-25,2023,"Q1","2022/23","Q3","January",3673.82,3683.82,3678.82,10,5.21000000000004
2023-01-27,2023,"Q1","2022/23","Q3","January",3676.89,3686.89,3681.89,10,3.06999999999971
2023-01-30,2023,"Q1","2022/23","Q3","January",3677.69,3687.69,3682.69,10,0.800000000000182
2023-01-31,2023,"Q1","2022/23","Q3","January",3680.03,3690.03,3685.03,10,2.34000000000015
2023-02-01,2023,"Q1","2022/23","Q3","February",3681.43,3691.43,3686.43,10,1.39999999999964
2023-02-02,2023,"Q1","2022/23","Q3","February",3680.76,3690.76,3685.76,10,-0.669999999999618
2023-02-03,2023,"Q1","2022/23","Q3","February",3675.4,3685.4,3680.4,10,-5.36000000000013
2023-02-06,2023,"Q1","2022/23","Q3","February",3670.47,3680.47,3675.47,10,-4.93000000000029
2023-02-07,2023,"Q1","2022/23","Q3","February",3671.88,3681.88,3676.88,10,1.41000000000031
2023-02-08,2023,"Q1","2022/23","Q3","February",3668.86,3678.86,3673.86,10,-3.01999999999998
2023-02-09,2023,"Q1","2022/23","Q3","February",3665.58,3675.58,3670.58,10,-3.2800000000002
2023-02-10,2023,"Q1","2022/23","Q3","February",3664.21,3674.21,3669.21,10,-1.36999999999989
2023-02-13,2023,"Q1","2022/23","Q3","February",3660.01,3670.01,3665.01,10,-4.19999999999982
2023-02-14,2023,"Q1","2022/23","Q3","February",3658.57,3668.57,3663.57,10,-1.44000000000005
2023-02-15,2023,"Q1","2022/23","Q3","February",3660.42,3670.42,3665.42,10,1.84999999999991
2023-02-17,2023,"Q1","2022/23","Q3","February",3664.78,3674.78,3669.78,10,4.36000000000013
2023-02-20,2023,"Q1","2022/23","Q3","February",3668.4,3678.4,3673.4,10,3.61999999999989
2023-02-21,2023,"Q1","2022/23","Q3","February",3676.18,3686.18,3681.18,10,7.77999999999975
2023-02-22,2023,"Q1","2022/23","Q3","February",3697.88,3707.88,3702.88,10,21.7000000000003
2023-02-23,2023,"Q1","2022/23","Q3","February",3716.08,3726.08,3721.08,10,18.1999999999998
2023-02-24,2023,"Q1","2022/23","Q3","February",3719.88,3729.88,3724.88,10,3.80000000000018
2023-02-27,2023,"Q1","2022/23","Q3","February",3715.6,3725.6,3720.6,10,-4.2800000000002
2023-02-28,2023,"Q1","2022/23","Q3","February",3717.21,3727.21,3722.21,10,1.61000000000013
2023-03-01,2023,"Q1","2022/23","Q3","March",3717.89,3727.89,3722.89,10,0.679999999999836
2023-03-02,2023,"Q1","2022/23","Q3","March",3715.13,3725.13,3720.13,10,-2.75999999999976
2023-03-03,2023,"Q1","2022/23","Q3","March",3704.38,3714.38,3709.38,10,-10.75
2023-03-06,2023,"Q1","2022/23","Q3","March",3703.85,3713.85,3708.85,10,-0.5300000000002
2023-03-07,2023,"Q1","2022/23","Q3","March",3700.17,3710.17,3705.17,10,-3.67999999999984
2023-03-09,2023,"Q1","2022/23","Q3","March",3705.15,3715.15,3710.15,10,4.98000000000002
2023-03-10,2023,"Q1","2022/23","Q3","March",3710.76,3720.76,3715.76,10,5.61000000000013
2023-03-13,2023,"Q1","2022/23","Q3","March",3714.32,3724.32,3719.32,10,3.55999999999995
2023-03-14,2023,"Q1","2022/23","Q3","March",3723.15,3733.15,3728.15,10,8.82999999999993
2023-03-15,2023,"Q1","2022/23","Q3","March",3734.57,3744.57,3739.57,10,11.4200000000001
2023-03-16,2023,"Q1","2022/23","Q3","March",3740.68,3750.68,3745.68,10,6.10999999999967
2023-03-17,2023,"Q1","2022/23","Q3","March",3741.53,3751.53,3746.53,10,0.850000000000364
2023-03-20,2023,"Q1","2022/23","Q3","March",3743.88,3753.88,3748.88,10,2.34999999999991
2023-03-21,2023,"Q1","2022/23","Q3","March",3749.19,3759.19,3754.19,10,5.30999999999995
2023-03-22,2023,"Q1","2022/23","Q3","March",3760.38,3770.38,3765.38,10,11.1900000000001
2023-03-23,2023,"Q1","2022/23","Q3","March",3765.01,3775.01,3770.01,10,4.63000000000011
2023-03-24,2023,"Q1","2022/23","Q3","March",3766.56,3776.56,3771.56,10,1.54999999999973
2023-03-27,2023,"Q1","2022/23","Q3","March",3765.46,3775.46,3770.46,10,-1.09999999999991
2023-03-28,2023,"Q1","2022/23","Q3","March",3768.57,3778.57,3773.57,10,3.11000000000013
2023-03-29,2023,"Q1","2022/23","Q3","March",3784.01,3794.01,3789.01,10,15.4400000000001
2023-03-30,2023,"Q1","2022/23","Q3","March",3781.56,3791.56,3786.56,10,-2.45000000000027
2023-03-31,2023,"Q1","2022/23","Q3","March",3773.13,3783.13,3778.13,10,-8.42999999999984
2023-04-03,2023,"Q2","2022/23","Q4","April",3769.93,3779.93,3774.93,10,-3.20000000000027
2023-04-04,2023,"Q2","2022/23","Q4","April",3769.96,3779.96,3774.96,10,0.0300000000002001
2023-04-05,2023,"Q2","2022/23","Q4","April",3765.33,3775.33,3770.33,10,-4.63000000000011
2023-04-06,2023,"Q2","2022/23","Q4","April",3746.86,3756.86,3751.86,10,-18.4699999999998
2023-04-11,2023,"Q2","2022/23","Q4","April",3725.42,3735.42,3730.42,10,-21.4400000000001
2023-04-12,2023,"Q2","2022/23","Q4","April",3725.51,3735.51,3730.51,10,0.0900000000001455
2023-04-13,2023,"Q2","2022/23","Q4","April",3731.54,3741.54,3736.54,10,6.02999999999975
2023-04-14,2023,"Q2","2022/23","Q4","April",3724.58,3734.58,3729.58,10,-6.96000000000004
2023-04-17,2023,"Q2","2022/23","Q4","April",3732.01,3742.01,3737.01,10,7.43000000000029
2023-04-18,2023,"Q2","2022/23","Q4","April",3736.26,3746.26,3741.26,10,4.25
2023-04-19,2023,"Q2","2022/23","Q4","April",3737.53,3747.53,3742.53,10,1.26999999999998
2023-04-20,2023,"Q2","2022/23","Q4","April",3735.54,3745.54,3740.54,10,-1.99000000000024
2023-04-24,2023,"Q2","2022/23","Q4","April",3734.82,3744.82,3739.82,10,-0.7199999999998
2023-04-25,2023,"Q2","2022/23","Q4","April",3736.74,3746.74,3741.74,10,1.91999999999962
2023-04-26,2023,"Q2","2022/23","Q4","April",3745.89,3755.89,3750.89,10,9.15000000000009
2023-04-27,2023,"Q2","2022/23","Q4","April",3745.76,3755.76,3750.76,10,-0.129999999999654
2023-04-28,2023,"Q2","2022/23","Q4","April",3730.25,3740.25,3735.25,10,-15.5100000000002
2023-05-02,2023,"Q2","2022/23","Q4","May",3732.19,3742.19,3737.19,10,1.94000000000005
2023-05-03,2023,"Q2","2022/23","Q4","May",3728.4,3738.4,3733.4,10,-3.78999999999996
2023-05-04,2023,"Q2","2022/23","Q4","May",3713.78,3723.78,3718.78,10,-14.6199999999999
2023-05-05,2023,"Q2","2022/23","Q4","May",3714.24,3724.24,3719.24,10,0.459999999999582
2023-05-08,2023,"Q2","2022/23","Q4","May",3717.64,3727.64,3722.64,10,3.40000000000009
2023-05-09,2023,"Q2","2022/23","Q4","May",3724.21,3734.21,3729.21,10,6.57000000000016
2023-05-10,2023,"Q2","2022/23","Q4","May",3720.25,3730.25,3725.25,10,-3.96000000000004
2023-05-11,2023,"Q2","2022/23","Q4","May",3715.25,3725.25,3720.25,10,-5
2023-05-12,2023,"Q2","2022/23","Q4","May",3717.56,3727.56,3722.56,10,2.30999999999995
2023-05-15,2023,"Q2","2022/23","Q4","May",3716.86,3726.86,3721.86,10,-0.699999999999818
2023-05-16,2023,"Q2","2022/23","Q4","May",3716.54,3726.54,3721.54,10,-0.320000000000164
2023-05-17,2023,"Q2","2022/23","Q4","May",3718.08,3728.08,3723.08,10,1.53999999999996
2023-05-18,2023,"Q2","2022/23","Q4","May",3719.38,3729.38,3724.38,10,1.30000000000018
2023-05-19,2023,"Q2","2022/23","Q4","May",3719.17,3729.17,3724.17,10,-0.210000000000036
2023-05-22,2023,"Q2","2022/23","Q4","May",3720.1,3730.1,3725.1,10,0.929999999999836
2023-05-23,2023,"Q2","2022/23","Q4","May",3725.53,3735.53,3730.53,10,5.43000000000029
2023-05-24,2023,"Q2","2022/23","Q4","May",3724.63,3734.63,3729.63,10,-0.900000000000091
2023-05-25,2023,"Q2","2022/23","Q4","May",3724.85,3734.85,3729.85,10,0.2199999999998
2023-05-26,2023,"Q2","2022/23","Q4","May",3724.79,3734.79,3729.79,10,-0.0599999999999454
2023-05-29,2023,"Q2","2022/23","Q4","May",3730.75,3740.75,3735.75,10,5.96000000000004
2023-05-30,2023,"Q2","2022/23","Q4","May",3748.6,3758.6,3753.6,10,17.8499999999999
2023-05-31,2023,"Q2","2022/23","Q4","May",3767.47,3777.33,3772.4,9.86000000000013,18.7999999999997
2023-06-01,2023,"Q2","2022/23","Q4","June",3753.71,3763.71,3758.71,10,-13.6899999999996
2023-06-02,2023,"Q2","2022/23","Q4","June",3737.82,3747.82,3742.82,10,-15.8899999999999
2023-06-05,2023,"Q2","2022/23","Q4","June",3730.58,3740.58,3735.58,10,-7.24000000000024
2023-06-06,2023,"Q2","2022/23","Q4","June",3736.29,3746.29,3741.29,10,5.71000000000004
2023-06-07,2023,"Q2","2022/23","Q4","June",3731.42,3741.42,3736.42,10,-4.86999999999989
2023-06-08,2023,"Q2","2022/23","Q4","June",3720.31,3730.31,3725.31,10,-11.1100000000001
2023-06-12,2023,"Q2","2022/23","Q4","June",3716.89,3726.89,3721.89,10,-3.42000000000007
2023-06-13,2023,"Q2","2022/23","Q4","June",3718.29,3728.29,3723.29,10,1.40000000000009
2023-06-14,2023,"Q2","2022/23","Q4","June",3713.35,3723.35,3718.35,10,-4.94000000000005
2023-06-15,2023,"Q2","2022/23","Q4","June",3694.11,3704.11,3699.11,10,-19.2399999999998
2023-06-16,2023,"Q2","2022/23","Q4","June",3681.29,3691.29,3686.29,10,-12.8200000000002
2023-06-19,2023,"Q2","2022/23","Q4","June",3688.81,3698.81,3693.81,10,7.51999999999998
2023-06-20,2023,"Q2","2022/23","Q4","June",3697.72,3707.72,3702.72,10,8.90999999999985
2023-06-21,2023,"Q2","2022/23","Q4","June",3699.89,3709.89,3704.89,10,2.17000000000007
2023-06-22,2023,"Q2","2022/23","Q4","June",3688.64,3698.64,3693.64,10,-11.25
2023-06-23,2023,"Q2","2022/23","Q4","June",3670.4,3680.4,3675.4,10,-18.2399999999998
2023-06-26,2023,"Q2","2022/23","Q4","June",3674.85,3684.85,3679.85,10,4.44999999999982
2023-06-27,2023,"Q2","2022/23","Q4","June",3671.19,3681.19,3676.19,10,-3.65999999999985
2023-06-29,2023,"Q2","2022/23","Q4","June",3667.81,3677.81,3672.81,10,-3.38000000000011
2023-06-30,2023,"Q2","2022/23","Q4","June",3662.39,3672.39,3667.39,10,-5.42000000000007
2023-07-03,2023,"Q3","2023/24","Q1","July",3665.21,3675.21,3670.21,10,2.82000000000016
2023-07-04,2023,"Q3","2023/24","Q1","July",3674.51,3684.51,3679.51,10,9.30000000000018
2023-07-05,2023,"Q3","2023/24","Q1","July",3686.04,3696.04,3691.04,10,11.5299999999997
2023-07-06,2023,"Q3","2023/24","Q1","July",3688.85,3698.85,3693.85,10,2.80999999999995
2023-07-07,2023,"Q3","2023/24","Q1","July",3689.42,3699.42,3694.42,10,0.570000000000164
2023-07-10,2023,"Q3","2023/24","Q1","July",3686.75,3696.75,3691.75,10,-2.67000000000007
2023-07-11,2023,"Q3","2023/24","Q1","July",3680.51,3690.51,3685.51,10,-6.23999999999978
2023-07-12,2023,"Q3","2023/24","Q1","July",3667.44,3677.44,3672.44,10,-13.0700000000002
2023-07-13,2023,"Q3","2023/24","Q1","July",3664.49,3674.49,3669.49,10,-2.95000000000027
2023-07-14,2023,"Q3","2023/24","Q1","July",3664.53,3674.53,3669.53,10,0.0400000000004184
2023-07-17,2023,"Q3","2023/24","Q1","July",3662.31,3672.31,3667.31,10,-2.22000000000025
2023-07-18,2023,"Q3","2023/24","Q1","July",3663.68,3673.68,3668.68,10,1.36999999999989
2023-07-19,2023,"Q3","2023/24","Q1","July",3663.85,3673.85,3668.85,10,0.170000000000073
2023-07-20,2023,"Q3","2023/24","Q1","July",3647.75,3657.75,3652.75,10,-16.0999999999999
2023-07-21,2023,"Q3","2023/24","Q1","July",3633.78,3643.78,3638.78,10,-13.9699999999998
2023-07-24,2023,"Q3","2023/24","Q1","July",3637.82,3647.82,3642.82,10,4.03999999999996
2023-07-25,2023,"Q3","2023/24","Q1","July",3643.99,3653.99,3648.99,10,6.16999999999962
2023-07-26,2023,"Q3","2023/24","Q1","July",3633.35,3643.35,3638.35,10,-10.6399999999999
2023-07-27,2023,"Q3","2023/24","Q1","July",3611.51,3621.51,3616.51,10,-21.8399999999997
2023-07-28,2023,"Q3","2023/24","Q1","July",3604.89,3614.89,3609.89,10,-6.62000000000035
2023-07-31,2023,"Q3","2023/24","Q1","July",3610.14,3620.14,3615.14,10,5.25
2023-08-01,2023,"Q3","2023/24","Q1","August",3618.6,3628.6,3623.6,10,8.46000000000004
2023-08-02,2023,"Q3","2023/24","Q1","August",3618.85,3628.85,3623.85,10,0.25
2023-08-03,2023,"Q3","2023/24","Q1","August",3606.04,3616.04,3611.04,10,-12.8099999999999
2023-08-04,2023,"Q3","2023/24","Q1","August",3603.18,3613.18,3608.18,10,-2.86000000000013
2023-08-07,2023,"Q3","2023/24","Q1","August",3604.5,3614.5,3609.5,10,1.32000000000016
2023-08-08,2023,"Q3","2023/24","Q1","August",3615.17,3625.17,3620.17,10,10.6700000000001
2023-08-09,2023,"Q3","2023/24","Q1","August",3637.03,3647.03,3642.03,10,21.8600000000001
2023-08-10,2023,"Q3","2023/24","Q1","August",3696.92,3706.92,3701.92,10,59.8899999999999
2023-08-11,2023,"Q3","2023/24","Q1","August",3724.21,3734.21,3729.21,10,27.29
2023-08-14,2023,"Q3","2023/24","Q1","August",3712.85,3722.85,3717.85,10,-11.3600000000001
2023-08-15,2023,"Q3","2023/24","Q1","August",3715.71,3725.71,3720.71,10,2.86000000000013
2023-08-16,2023,"Q3","2023/24","Q1","August",3720.67,3730.67,3725.67,10,4.96000000000004
2023-08-17,2023,"Q3","2023/24","Q1","August",3725.61,3735.61,3730.61,10,4.94000000000005
2023-08-18,2023,"Q3","2023/24","Q1","August",3731.47,3741.47,3736.47,10,5.85999999999967
2023-08-21,2023,"Q3","2023/24","Q1","August",3727.88,3737.88,3732.88,10,-3.58999999999969
2023-08-22,2023,"Q3","2023/24","Q1","August",3723.74,3733.74,3728.74,10,-4.14000000000033
2023-08-23,2023,"Q3","2023/24","Q1","August",3717.25,3727.25,3722.25,10,-6.48999999999978
2023-08-24,2023,"Q3","2023/24","Q1","August",3709.54,3719.54,3714.54,10,-7.71000000000004
2023-08-25,2023,"Q3","2023/24","Q1","August",3696.06,3706.06,3701.06,10,-13.48
2023-08-28,2023,"Q3","2023/24","Q1","August",3695.67,3705.67,3700.67,10,-0.389999999999873
2023-08-29,2023,"Q3","2023/24","Q1","August",3707.25,3717.25,3712.25,10,11.5799999999999
2023-08-30,2023,"Q3","2023/24","Q1","August",3713.31,3723.31,3718.31,10,6.05999999999995
2023-08-31,2023,"Q3","2023/24","Q1","August",3713.31,3723.31,3718.31,10,0
2023-09-01,2023,"Q3","2023/24","Q1","September",3714.07,3724.07,3719.07,10,0.760000000000218
2023-09-04,2023,"Q3","2023/24","Q1","September",3715.01,3725.01,3720.01,10,0.940000000000055
2023-09-05,2023,"Q3","2023/24","Q1","September",3719.76,3729.76,3724.76,10,4.75
2023-09-06,2023,"Q3","2023/24","Q1","September",3724.99,3734.99,3729.99,10,5.22999999999956
2023-09-07,2023,"Q3","2023/24","Q1","September",3727.78,3737.78,3732.78,10,2.79000000000042
2023-09-08,2023,"Q3","2023/24","Q1","September",3734.38,3744.38,3739.38,10,6.59999999999991
2023-09-11,2023,"Q3","2023/24","Q1","September",3722.68,3732.68,3727.68,10,-11.7000000000003
2023-09-12,2023,"Q3","2023/24","Q1","September",3715.4,3725.4,3720.4,10,-7.27999999999975
2023-09-13,2023,"Q3","2023/24","Q1","September",3715.74,3725.74,3720.74,10,0.339999999999691
2023-09-14,2023,"Q3","2023/24","Q1","September",3719.01,3729.08,3724.045,10.0699999999997,3.30500000000029
2023-09-15,2023,"Q3","2023/24","Q1","September",3724.15,3734.15,3729.15,10,5.10500000000002
2023-09-18,2023,"Q3","2023/24","Q1","September",3736.71,3746.71,3741.71,10,12.5599999999999
2023-09-19,2023,"Q3","2023/24","Q1","September",3737.82,3747.82,3742.82,10,1.11000000000013
2023-09-20,2023,"Q3","2023/24","Q1","September",3737.54,3748.54,3743.04,11,0.2199999999998
2023-09-21,2023,"Q3","2023/24","Q1","September",3745.13,3755.13,3750.13,10,7.09000000000015
2023-09-22,2023,"Q3","2023/24","Q1","September",3749.11,3759.11,3754.11,10,3.98000000000002
2023-09-25,2023,"Q3","2023/24","Q1","September",3754.36,3764.36,3759.36,10,5.25
2023-09-26,2023,"Q3","2023/24","Q1","September",3761.76,3771.76,3766.76,10,7.40000000000009
2023-09-27,2023,"Q3","2023/24","Q1","September",3755.88,3765.88,3760.88,10,-5.88000000000011
2023-09-28,2023,"Q3","2023/24","Q1","September",3748.63,3758.63,3753.63,10,-7.25
2023-09-29,2023,"Q3","2023/24","Q1","September",3752.31,3762.31,3757.31,10,3.67999999999984
2023-10-02,2023,"Q4","2023/24","Q2","October",3752.92,3762.85,3757.885,9.92999999999984,0.575000000000273
2023-10-03,2023,"Q4","2023/24","Q2","October",3742.54,3752.54,3747.54,10,-10.3450000000003
2023-10-04,2023,"Q4","2023/24","Q2","October",3735.92,3745.92,3740.92,10,-6.61999999999989
2023-10-05,2023,"Q4","2023/24","Q2","October",3736.36,3746.36,3741.36,10,0.440000000000055
2023-10-06,2023,"Q4","2023/24","Q2","October",3740.88,3750.88,3745.88,10,4.51999999999998
2023-10-10,2023,"Q4","2023/24","Q2","October",3742.72,3752.65,3747.685,9.93000000000029,1.80499999999984
2023-10-11,2023,"Q4","2023/24","Q2","October",3744.79166666667,3754.79166666667,3749.79166666667,10,2.10666666666657
2023-10-12,2023,"Q4","2023/24","Q2","October",3747.25,3757.25,3752.25,10,2.45833333333348
2023-10-13,2023,"Q4","2023/24","Q2","October",3748.93055555555,3758.93055555555,3753.93055555555,10,1.68055555555475
2023-10-16,2023,"Q4","2023/24","Q2","October",3747,3757,3752,10,-1.93055555555429
2023-10-17,2023,"Q4","2023/24","Q2","October",3745.33333333333,3755.33333333333,3750.33333333333,10,-1.66666666666697
2023-10-18,2023,"Q4","2023/24","Q2","October",3751.69444444444,3761.69444444444,3756.69444444444,10,6.36111111111131
2023-10-19,2023,"Q4","2023/24","Q2","October",3752.48611111111,3762.48611111111,3757.48611111111,10,0.79166666666606
2023-10-20,2023,"Q4","2023/24","Q2","October",3749.38888888889,3759.38888888889,3754.38888888889,10,-3.09722222222217
2023-10-23,2023,"Q4","2023/24","Q2","October",3747.08333333333,3757.08333333333,3752.08333333333,10,-2.30555555555475
2023-10-24,2023,"Q4","2023/24","Q2","October",3749.26388888889,3759.26388888889,3754.26388888889,10,2.1805555555552
2023-10-25,2023,"Q4","2023/24","Q2","October",3758.09722222222,3768.09722222222,3763.09722222222,10,8.83333333333348
2023-10-26,2023,"Q4","2023/24","Q2","October",3760.43055555556,3770.43055555556,3765.43055555556,10,2.33333333333348
2023-10-27,2023,"Q4","2023/24","Q2","October",3766.54166666667,3776.54166666667,3771.54166666667,10,6.11111111111131
2023-10-30,2023,"Q4","2023/24","Q2","October",3767.79,3777.79,3772.79,10,1.24833333333254
2023-10-31,2023,"Q4","2023/24","Q2","October",3775.78,3785.78,3780.78,10,7.99000000000024
2023-11-01,2023,"Q4","2023/24","Q2","November",3780.85,3790.85,3785.85,10,5.06999999999971
2023-11-02,2023,"Q4","2023/24","Q2","November",3778.94,3788.94,3783.94,10,-1.90999999999985
2023-11-03,2023,"Q4","2023/24","Q2","November",3778.63,3788.63,3783.63,10,-0.309999999999945
2023-11-06,2023,"Q4","2023/24","Q2","November",3765.48611111111,3775.55555555556,3770.52083333333,10.0694444444443,-13.1091666666662
2023-11-07,2023,"Q4","2023/24","Q2","November",3756.125,3766.125,3761.125,10,-9.39583333333394
2023-11-08,2023,"Q4","2023/24","Q2","November",3755.94444444444,3765.94444444444,3760.94444444444,10,-0.180555555556111
2023-11-09,2023,"Q4","2023/24","Q2","November",3756.36111111111,3766.36111111111,3761.36111111111,10,0.416666666667425
2023-11-10,2023,"Q4","2023/24","Q2","November",3759.58333333333,3769.58333333333,3764.58333333333,10,3.22222222222217
2023-11-13,2023,"Q4","2023/24","Q2","November",3765.02777777778,3775.02777777778,3770.02777777778,10,5.44444444444343
2023-11-14,2023,"Q4","2023/24","Q2","November",3767.09722222222,3777.09722222222,3772.09722222222,10,2.06944444444434
2023-11-15,2023,"Q4","2023/24","Q2","November",3780.125,3790.125,3785.125,10,13.0277777777787
2023-11-16,2023,"Q4","2023/24","Q2","November",3777,3787,3782,10,-3.12500000000045
2023-11-17,2023,"Q4","2023/24","Q2","November",3774.83333333333,3784.83333333333,3779.83333333333,10,-2.16666666666561
2023-11-20,2023,"Q4","2023/24","Q2","November",3774.9,3784.9,3779.9,10,0.0666666666661513
2023-11-21,2023,"Q4","2023/24","Q2","November",3778.08,3788.08,3783.08,10,3.17999999999984
2023-11-22,2023,"Q4","2023/24","Q2","November",3781.67,3791.67,3786.67,10,3.59000000000015
2023-11-23,2023,"Q4","2023/24","Q2","November",3782.14,3792.14,3787.14,10,0.4699999999998
2023-11-24,2023,"Q4","2023/24","Q2","November",3781.98611111111,3791.98611111111,3786.98611111111,10,-0.153888888888559
2023-11-27,2023,"Q4","2023/24","Q2","November",3783.99,3793.99,3788.99,10,2.00388888888847
2023-11-28,2023,"Q4","2023/24","Q2","November",3796.31944444444,3806.31944444444,3801.31944444444,10,12.329444444445
2023-11-29,2023,"Q4","2023/24","Q2","November",3807.16666666667,3817.16666666667,3812.16666666667,10,10.8472222222217
2023-11-30,2023,"Q4","2023/24","Q2","November",3812.26388888889,3822.26388888889,3817.26388888889,10,5.09722222222263
2023-12-01,2023,"Q4","2023/24","Q2","December",3809.58333333333,3819.58333333333,3814.58333333333,10,-2.6805555555552
2023-12-04,2023,"Q4","2023/24","Q2","December",3794.59722222222,3804.59722222222,3799.59722222222,10,-14.9861111111118
2023-12-05,2023,"Q4","2023/24","Q2","December",3790.33333333333,3800.33333333333,3795.33333333333,10,-4.26388888888869
2023-12-06,2023,"Q4","2023/24","Q2","December",3777.45833333333,3787.45833333333,3782.45833333333,10,-12.8749999999991
2023-12-07,2023,"Q4","2023/24","Q2","December",3770.56944444444,3780.56944444444,3775.56944444444,10,-6.88888888889051
2023-12-08,2023,"Q4","2023/24","Q2","December",3766.08333333333,3776.08333333333,3771.08333333333,10,-4.4861111111104
2023-12-11,2023,"Q4","2023/24","Q2","December",3788.70833333333,3798.70833333333,3793.70833333333,10,22.625
2023-12-12,2023,"Q4","2023/24","Q2","December",3803.02777777778,3813.02777777778,3808.02777777778,10,14.3194444444434
2023-12-13,2023,"Q4","2023/24","Q2","December",3790.26388888889,3800.26388888889,3795.26388888889,10,-12.7638888888887
2023-12-14,2023,"Q4","2023/24","Q2","December",3777.09722222222,3787.09722222222,3782.09722222222,10,-13.166666666667
2023-12-15,2023,"Q4","2023/24","Q2","December",3769.59722222222,3779.59722222222,3774.59722222222,10,-7.5
2023-12-18,2023,"Q4","2023/24","Q2","December",3765.25,3775.25,3770.25,10,-4.34722222222126
2023-12-19,2023,"Q4","2023/24","Q2","December",3763.80555555556,3773.80555555556,3768.80555555556,10,-1.4444444444448
2023-12-20,2023,"Q4","2023/24","Q2","December",3759.08333333333,3769.08333333333,3764.08333333333,10,-4.72222222222172
2023-12-21,2023,"Q4","2023/24","Q2","December",3755.875,3765.875,3760.875,10,-3.20833333333348
2023-12-22,2023,"Q4","2023/24","Q2","December",3755.48611111111,3765.48611111111,3760.48611111111,10,-0.388888888889142
2023-12-27,2023,"Q4","2023/24","Q2","December",3756.34722222222,3766.34722222222,3761.34722222222,10,0.861111111111768
2023-12-28,2023,"Q4","2023/24","Q2","December",3768.66666666667,3778.66666666667,3773.66666666667,10,12.3194444444448
2023-12-29,2023,"Q4","2023/24","Q2","December",3777.22222222222,3787.22222222222,3782.22222222222,10,8.55555555555475
2024-01-02,2024,"Q1","2023/24","Q3","January",3779,3789,3784,10,1.77777777777737
2024-01-03,2024,"Q1","2023/24","Q3","January",3794.54166666667,3804.54166666667,3799.54166666667,10,15.541666666667
2024-01-04,2024,"Q1","2023/24","Q3","January",3801,3811,3806,10,6.45833333333303
2024-01-05,2024,"Q1","2023/24","Q3","January",3790.41666666667,3800.41666666667,3795.41666666667,10,-10.5833333333321
2024-01-08,2024,"Q1","2023/24","Q3","January",3794.65277777778,3804.65277777778,3799.65277777778,10,4.23611111111131
2024-01-09,2024,"Q1","2023/24","Q3","January",3798.36111111111,3808.36111111111,3803.36111111111,10,3.70833333333258
2024-01-10,2024,"Q1","2023/24","Q3","January",3794.88888888889,3804.88888888889,3799.88888888889,10,-3.47222222222263
2024-01-11,2024,"Q1","2023/24","Q3","January",3793.93055555556,3803.93055555556,3798.93055555556,10,-0.958333333333485
2024-01-12,2024,"Q1","2023/24","Q3","January",3794.97,3804.97,3799.97,10,1.0394444444446
2024-01-15,2024,"Q1","2023/24","Q3","January",3797.80555555555,3807.80555555555,3802.80555555555,10,2.83555555555495
2024-01-16,2024,"Q1","2023/24","Q3","January",3801.08333333333,3811.08333333333,3806.08333333333,10,3.27777777777874
2024-01-17,2024,"Q1","2023/24","Q3","January",3805.33333333333,3815.33333333333,3810.33333333333,10,4.24999999999909
2024-01-18,2024,"Q1","2023/24","Q3","January",3802.83333333333,3812.83333333333,3807.83333333333,10,-2.49999999999864
2024-01-19,2024,"Q1","2023/24","Q3","January",3800.19444444445,3810.19444444445,3805.19444444445,10,-2.63888888888869
2024-01-22,2024,"Q1","2023/24","Q3","January",3802.54166666667,3812.54166666667,3807.54166666667,10,2.34722222222126
2024-01-23,2024,"Q1","2023/24","Q3","January",3807.51388888889,3817.51388888889,3812.51388888889,10,4.97222222222217
2024-01-24,2024,"Q1","2023/24","Q3","January",3808.91666666667,3818.91666666667,3813.91666666667,10,1.40277777777783
2024-01-25,2024,"Q1","2023/24","Q3","January",3806.93055555556,3816.93055555556,3811.93055555556,10,-1.9861111111104
2024-01-29,2024,"Q1","2023/24","Q3","January",3806.80555555556,3816.80555555556,3811.80555555556,10,-0.125
2024-01-30,2024,"Q1","2023/24","Q3","January",3808.44444444444,3818.44444444444,3813.44444444444,10,1.63888888888778
2024-01-31,2024,"Q1","2023/24","Q3","January",3810.54166666667,3820.54166666667,3815.54166666667,10,2.09722222222217
2024-02-01,2024,"Q1","2023/24","Q3","February",3815.05555555556,3825.05555555556,3820.05555555556,10,4.51388888888914
2024-02-02,2024,"Q1","2023/24","Q3","February",3815.19444444444,3825.19444444444,3820.19444444444,10,0.138888888888687
2024-02-05,2024,"Q1","2023/24","Q3","February",3817.43055555556,3827.43055555556,3822.43055555556,10,2.23611111111222
2024-02-06,2024,"Q1","2023/24","Q3","February",3818.69444444444,3828.69444444444,3823.69444444444,10,1.26388888888778
2024-02-07,2024,"Q1","2023/24","Q3","February",3821.13194444444,3831.13194444444,3826.13194444444,10,2.43749999999955
2024-02-08,2024,"Q1","2023/24","Q3","February",3830.23611111111,3840.23611111111,3835.23611111111,10,9.10416666666788
2024-02-09,2024,"Q1","2023/24","Q3","February",3841.93055555556,3851.93055555556,3846.93055555556,10,11.6944444444439
2024-02-12,2024,"Q1","2023/24","Q3","February",3851.84722222222,3861.84722222222,3856.84722222222,10,9.91666666666697
2024-02-13,2024,"Q1","2023/24","Q3","February",3859.44444444445,3869.44444444445,3864.44444444445,10,7.59722222222308
2024-02-14,2024,"Q1","2023/24","Q3","February",3868.75,3878.75,3873.75,10,9.30555555555475
2024-02-15,2024,"Q1","2023/24","Q3","February",3856.47,3866.47,3861.47,10,-12.2800000000002
2024-02-19,2024,"Q1","2023/24","Q3","February",3870.68055555556,3880.68055555556,3875.68055555556,10,14.2105555555563
2024-02-20,2024,"Q1","2023/24","Q3","February",3877.43055555556,3887.43055555556,3882.43055555556,10,6.74999999999909
2024-02-21,2024,"Q1","2023/24","Q3","February",3882.30555555555,3892.30555555555,3887.30555555555,10,4.87499999999955
2024-02-22,2024,"Q1","2023/24","Q3","February",3890.47222222222,3900.47222222222,3895.47222222222,10,8.16666666666742
2024-02-23,2024,"Q1","2023/24","Q3","February",3917.29166666667,3927.29166666667,3922.29166666667,10,26.8194444444453
2024-02-26,2024,"Q1","2023/24","Q3","February",3939.72222222222,3949.72222222222,3944.72222222222,10,22.4305555555552
2024-02-27,2024,"Q1","2023/24","Q3","February",3938.5,3948.5,3943.5,10,-1.22222222222263
2024-02-28,2024,"Q1","2023/24","Q3","February",3931.91666666667,3941.91666666667,3936.91666666667,10,-6.58333333333212
2024-02-29,2024,"Q1","2023/24","Q3","February",3927.25,3937.25,3932.25,10,-4.66666666666924
2024-03-01,2024,"Q1","2023/24","Q3","March",3913.90277777778,3923.90277777778,3918.90277777778,10,-13.3472222222217
2024-03-04,2024,"Q1","2023/24","Q3","March",3911.91666666667,3921.91666666667,3916.91666666667,10,-1.98611111111086
2024-03-05,2024,"Q1","2023/24","Q3","March",3915.21,3925.21,3920.21,10,3.29333333333398
2024-03-06,2024,"Q1","2023/24","Q3","March",3903.36111111111,3913.36111111111,3908.36111111111,10,-11.8488888888892
2024-03-07,2024,"Q1","2023/24","Q3","March",3909.91666666667,3919.77777777778,3914.84722222222,9.86111111111131,6.48611111111131
2024-03-11,2024,"Q1","2023/24","Q3","March",3899.77777777778,3909.77777777778,3904.77777777778,10,-10.0694444444448
2024-03-12,2024,"Q1","2023/24","Q3","March",3890.63888888889,3900.63888888889,3895.63888888889,10,-9.13888888888823
2024-03-13,2024,"Q1","2023/24","Q3","March",3888.38,3898.38,3893.38,10,-2.25888888888903
2024-03-14,2024,"Q1","2023/24","Q3","March",3884.73611111111,3894.73611111111,3889.73611111111,10,-3.6438888888888
2024-03-15,2024,"Q1","2023/24","Q3","March",3880.43055555556,3890.43055555556,3885.43055555556,10,-4.3055555555552
2024-03-18,2024,"Q1","2023/24","Q3","March",3879.625,3889.625,3884.625,10,-0.805555555556566
2024-03-19,2024,"Q1","2023/24","Q3","March",3876.41666666667,3886.41666666667,3881.41666666667,10,-3.20833333333212
2024-03-20,2024,"Q1","2023/24","Q3","March",3873.09722222222,3883.09722222222,3878.09722222222,10,-3.31944444444616
2024-03-21,2024,"Q1","2023/24","Q3","March",3871.36111111111,3881.36111111111,3876.36111111111,10,-1.7361111111104
2024-03-22,2024,"Q1","2023/24","Q3","March",3889.98611111111,3899.98611111111,3894.98611111111,10,18.6250000000018
2024-03-25,2024,"Q1","2023/24","Q3","March",3894.27777777778,3904.27777777778,3899.27777777778,10,4.2916666666647
2024-03-26,2024,"Q1","2023/24","Q3","March",3881.92,3891.92,3886.92,10,-12.3577777777773
2024-03-27,2024,"Q1","2023/24","Q3","March",3879.93,3889.93,3884.93,10,-1.99000000000024
2024-03-28,2024,"Q1","2023/24","Q3","March",3880,3890,3885,10,0.0700000000001637
2024-04-02,2024,"Q2","2023/24","Q4","April",3875.69444444444,3885.69444444444,3880.69444444444,10,-4.3055555555552
2024-04-03,2024,"Q2","2023/24","Q4","April",3867.43055555555,3877.43055555555,3872.43055555555,10,-8.26388888889005
2024-04-04,2024,"Q2","2023/24","Q4","April",3846.81944444444,3856.81944444444,3851.81944444444,10,-20.6111111111109
2024-04-05,2024,"Q2","2023/24","Q4","April",3837.01388888889,3847.15277777778,3842.08333333333,10.1388888888896,-9.73611111110995
2024-04-08,2024,"Q2","2023/24","Q4","April",3819.79166666667,3829.79166666667,3824.79166666667,10,-17.2916666666674
2024-04-09,2024,"Q2","2023/24","Q4","April",3798.83333333333,3808.83333333333,3803.83333333333,10,-20.958333333333
2024-04-11,2024,"Q2","2023/24","Q4","April",3804.36111111111,3814.36111111111,3809.36111111111,10,5.52777777777828
2024-04-12,2024,"Q2","2023/24","Q4","April",3801.27777777778,3811.27777777778,3806.27777777778,10,-3.08333333333303
2024-04-15,2024,"Q2","2023/24","Q4","April",3799.97222222222,3809.97222222222,3804.97222222222,10,-1.30555555555657
2024-04-16,2024,"Q2","2023/24","Q4","April",3816.83333333333,3826.83333333333,3821.83333333333,10,16.8611111111118
2024-04-17,2024,"Q2","2023/24","Q4","April",3811.06944444444,3821.06944444444,3816.06944444444,10,-5.76388888888914
2024-04-18,2024,"Q2","2023/24","Q4","April",3810.88888888889,3820.88888888889,3815.88888888889,10,-0.180555555555657
2024-04-19,2024,"Q2","2023/24","Q4","April",3805.79166666667,3815.79166666667,3810.79166666667,10,-5.09722222222308
2024-04-22,2024,"Q2","2023/24","Q4","April",3808.43055555556,3818.43055555556,3813.43055555556,10,2.63888888888914
2024-04-23,2024,"Q2","2023/24","Q4","April",3810.33333333333,3820.33333333333,3815.33333333333,10,1.90277777777737
2024-04-24,2024,"Q2","2023/24","Q4","April",3808.875,3818.875,3813.875,10,-1.45833333333258
2024-04-25,2024,"Q2","2023/24","Q4","April",3806.13888888889,3816.13888888889,3811.13888888889,10,-2.73611111111086
2024-04-26,2024,"Q2","2023/24","Q4","April",3806.30555555556,3816.30555555556,3811.30555555556,10,0.16666666666606
2024-04-29,2024,"Q2","2023/24","Q4","April",3809.61111111111,3819.61111111111,3814.61111111111,10,3.30555555555611
2024-04-30,2024,"Q2","2023/24","Q4","April",3808.20833333333,3818.20833333333,3813.20833333333,10,-1.40277777777783
2024-05-02,2024,"Q2","2023/24","Q4","May",3798.66666666667,3808.66666666667,3803.66666666667,10,-9.54166666666742
2024-05-03,2024,"Q2","2023/24","Q4","May",3784.69444444444,3794.69444444444,3789.69444444444,10,-13.9722222222222
2024-05-06,2024,"Q2","2023/24","Q4","May",3770.56944444444,3780.56944444444,3775.56944444444,10,-14.1249999999991
2024-05-07,2024,"Q2","2023/24","Q4","May",3755.91666666667,3765.91666666667,3760.91666666667,10,-14.6527777777774
2024-05-08,2024,"Q2","2023/24","Q4","May",3774.43055555556,3784.43055555556,3779.43055555556,10,18.5138888888891
2024-05-09,2024,"Q2","2023/24","Q4","May",3777.27777777778,3787.27777777778,3782.27777777778,10,2.84722222222081
2024-05-13,2024,"Q2","2023/24","Q4","May",3765.97222222222,3775.97222222222,3770.97222222222,10,-11.3055555555543
2024-05-14,2024,"Q2","2023/24","Q4","May",3758.09722222222,3768.09722222222,3763.09722222222,10,-7.87500000000045
2024-05-15,2024,"Q2","2023/24","Q4","May",3759.79166666667,3769.79166666667,3764.79166666667,10,1.69444444444389
2024-05-16,2024,"Q2","2023/24","Q4","May",3759.375,3769.375,3764.375,10,-0.416666666666515
2024-05-17,2024,"Q2","2023/24","Q4","May",3764.19444444444,3774.19444444444,3769.19444444444,10,4.8194444444448
2024-05-20,2024,"Q2","2023/24","Q4","May",3782.81944444444,3792.81944444444,3787.81944444444,10,18.6249999999986
2024-05-21,2024,"Q2","2023/24","Q4","May",3800.72222222222,3810.72222222222,3805.72222222222,10,17.9027777777792
2024-05-22,2024,"Q2","2023/24","Q4","May",3808.72222222222,3818.72222222222,3813.72222222222,10,7.99999999999955
2024-05-23,2024,"Q2","2023/24","Q4","May",3817.40277777778,3827.40277777778,3822.40277777778,10,8.68055555555566
2024-05-24,2024,"Q2","2023/24","Q4","May",3809.875,3819.875,3814.875,10,-7.52777777777783
2024-05-27,2024,"Q2","2023/24","Q4","May",3798.23611111111,3808.23611111111,3803.23611111111,10,-11.6388888888873
2024-05-28,2024,"Q2","2023/24","Q4","May",3803.09722222222,3813.09722222222,3808.09722222222,10,4.86111111110949
2024-05-29,2024,"Q2","2023/24","Q4","May",3807.26388888889,3817.26388888889,3812.26388888889,10,4.16666666666652
2024-05-30,2024,"Q2","2023/24","Q4","May",3809.91666666667,3819.91666666667,3814.91666666667,10,2.65277777777783
2024-05-31,2024,"Q2","2023/24","Q4","May",3807.375,3817.375,3812.375,10,-2.54166666666697
2024-06-04,2024,"Q2","2023/24","Q4","June",3805.9,3815.9,3810.9,10,-1.4722222222199
2024-06-05,2024,"Q2","2023/24","Q4","June",3799.39,3809.39,3804.39,10,-6.51388888889005
2024-06-06,2024,"Q2","2023/24","Q4","June",3792.03,3802.03,3797.03,10,-7.35888888888985
2024-06-07,2024,"Q2","2023/24","Q4","June",3787.71,3797.71,3792.71,10,-4.32000000000016
2024-06-10,2024,"Q2","2023/24","Q4","June",3776.63,3786.63,3781.63,10,-11.0799999999999
2024-06-11,2024,"Q2","2023/24","Q4","June",3764.61,3774.61,3769.61,10,-12.02
2024-06-12,2024,"Q2","2023/24","Q4","June",3750.1,3760.1,3755.1,10,-14.5100000000002
2024-06-13,2024,"Q2","2023/24","Q4","June",3731.61,3741.61,3736.61,10,-18.4899999999998
2024-06-14,2024,"Q2","2023/24","Q4","June",3715.65,3725.65,3720.65,10,-15.96
2024-06-17,2024,"Q2","2023/24","Q4","June",3701.03,3711.03,3706.03,10,-14.62222222222
2024-06-18,2024,"Q2","2023/24","Q4","June",3709.99,3719.99,3714.99,10,8.95833333332985
2024-06-19,2024,"Q2","2023/24","Q4","June",3723.32,3733.32,3728.32,10,13.3338888888902
2024-06-20,2024,"Q2","2023/24","Q4","June",3741.4,3751.4,3746.4,10,18.0799999999999
2024-06-21,2024,"Q2","2023/24","Q4","June",3747.58,3757.58,3752.58,10,6.17999999999984
2024-06-24,2024,"Q2","2023/24","Q4","June",3740.46,3750.46,3745.46,10,-7.12166666667008
2024-06-25,2024,"Q2","2023/24","Q4","June",3707.03,3717.03,3712.03,10,-33.4305555555497
2024-06-26,2024,"Q2","2023/24","Q4","June",3699.22,3709.22,3704.22,10,-7.8055555555602
2024-06-27,2024,"Q2","2023/24","Q4","June",3706.24,3716.24,3711.24,10,7.01388888889005
2024-06-28,2024,"Q2","2023/24","Q4","June",3701.72,3711.72,3706.72,10,-4.51388888889005
2024-07-01,2024,"Q3","2024/25","Q1","July",3707.51388888889,3717.51388888889,3712.51388888889,10,5.79166666666606
2024-07-02,2024,"Q3","2024/25","Q1","July",3700.87878787879,3710.87878787879,3705.87878787879,10,-6.63510101010115
2024-07-03,2024,"Q3","2024/25","Q1","July",3691.69696969697,3701.69696969697,3696.69696969697,10,-9.18181818181756
2024-07-04,2024,"Q3","2024/25","Q1","July",3689.95454545454,3699.95454545454,3694.95454545454,10,-1.74242424242539
2024-07-05,2024,"Q3","2024/25","Q1","July",3691.04545454546,3701.04545454546,3696.04545454546,10,1.09090909091083
2024-07-08,2024,"Q3","2024/25","Q1","July",3698.71212121212,3708.71212121212,3703.71212121212,10,7.66666666666652
2024-07-09,2024,"Q3","2024/25","Q1","July",3700.21212121212,3710.21212121212,3705.21212121212,10,1.49999999999955
2024-07-10,2024,"Q3","2024/25","Q1","July",3699.83,3709.83,3704.83,10,-0.382121212121547
2024-07-11,2024,"Q3","2024/25","Q1","July",3698.47,3708.47,3703.47,10,-1.36000000000013
2024-07-12,2024,"Q3","2024/25","Q1","July",3696.08,3706.08,3701.08,10,-2.38999999999987
2024-07-15,2024,"Q3","2024/25","Q1","July",3694.82,3704.82,3699.82,10,-1.25999999999976
2024-07-16,2024,"Q3","2024/25","Q1","July",3692.15,3702.15,3697.15,10,-2.67000000000007
2024-07-17,2024,"Q3","2024/25","Q1","July",3691.32,3701.32,3696.32,10,-0.829999999999927
2024-07-18,2024,"Q3","2024/25","Q1","July",3689.18,3699.18,3694.18,10,-2.14000000000033
2024-07-19,2024,"Q3","2024/25","Q1","July",3687.36,3697.36,3692.36,10,-1.81999999999971
2024-07-22,2024,"Q3","2024/25","Q1","July",3689.13636363636,3699.13636363636,3694.13636363636,10,1.77636363636339
2024-07-23,2024,"Q3","2024/25","Q1","July",3690,3700,3695,10,0.863636363636488
2024-07-24,2024,"Q3","2024/25","Q1","July",3703.84848484848,3713.84848484848,3708.84848484848,10,13.848484848485
2024-07-25,2024,"Q3","2024/25","Q1","July",3725.33333333333,3735.33333333333,3730.33333333333,10,21.484848484849
2024-07-26,2024,"Q3","2024/25","Q1","July",3729.16666666667,3739.16666666667,3734.16666666667,10,3.83333333333303
2024-07-29,2024,"Q3","2024/25","Q1","July",3717.77,3727.77,3722.77,10,-11.396666666667
2024-07-30,2024,"Q3","2024/25","Q1","July",3717.27272727273,3727.27272727273,3722.27272727273,10,-0.497272727272502
2024-07-31,2024,"Q3","2024/25","Q1","July",3717.90909090909,3727.90909090909,3722.90909090909,10,0.636363636363512
2024-08-01,2024,"Q3","2024/25","Q1","August",3731.72727272727,3741.72727272727,3736.72727272727,10,13.8181818181824
2024-08-02,2024,"Q3","2024/25","Q1","August",3724.71,3734.71,3729.71,10,-7.01727272727339
2024-08-05,2024,"Q3","2024/25","Q1","August",3722.68,3732.68,3727.68,10,-2.0300000000002
2024-08-06,2024,"Q3","2024/25","Q1","August",3722.89,3732.89,3727.89,10,0.210000000000036
2024-08-07,2024,"Q3","2024/25","Q1","August",3722.65,3732.65,3727.65,10,-0.239999999999782
2024-08-08,2024,"Q3","2024/25","Q1","August",3724.52,3734.52,3729.52,10,1.86999999999989
2024-08-09,2024,"Q3","2024/25","Q1","August",3722.91,3732.91,3727.91,10,-1.61000000000013
2024-08-12,2024,"Q3","2024/25","Q1","August",3721.5,3731.5,3726.5,10,-1.40999999999985
2024-08-13,2024,"Q3","2024/25","Q1","August",3725.03,3735.03,3730.03,10,3.5300000000002
2024-08-14,2024,"Q3","2024/25","Q1","August",3723,3733,3728,10,-2.0300000000002
2024-08-15,2024,"Q3","2024/25","Q1","August",3718.89,3728.89,3723.89,10,-4.11000000000013
2024-08-16,2024,"Q3","2024/25","Q1","August",3718.77,3728.77,3723.77,10,-0.119999999999891
2024-08-19,2024,"Q3","2024/25","Q1","August",3719,3729,3724,10,0.230000000000018
2024-08-20,2024,"Q3","2024/25","Q1","August",3718.45,3728.45,3723.45,10,-0.550000000000182
2024-08-21,2024,"Q3","2024/25","Q1","August",3717.77,3727.77,3722.77,10,-0.679999999999836
2024-08-22,2024,"Q3","2024/25","Q1","August",3712.21,3722.21,3717.21,10,-5.55999999999995
2024-08-23,2024,"Q3","2024/25","Q1","August",3709.80303030303,3719.80303030303,3714.80303030303,10,-2.40696969696955
2024-08-26,2024,"Q3","2024/25","Q1","August",3709.58,3719.58,3714.58,10,-0.223030303030555
2024-08-27,2024,"Q3","2024/25","Q1","August",3709.59,3719.59,3714.59,10,0.0100000000002183
2024-08-28,2024,"Q3","2024/25","Q1","August",3711.47,3721.47,3716.47,10,1.87999999999965
2024-08-29,2024,"Q3","2024/25","Q1","August",3712.03,3722.03,3717.03,10,0.5600000000004
2024-08-30,2024,"Q3","2024/25","Q1","August",3711.06,3721.06,3716.06,10,-0.970000000000255
2024-09-02,2024,"Q3","2024/25","Q1","September",3714.48,3724.48,3719.48,10,3.42000000000007
2024-09-03,2024,"Q3","2024/25","Q1","September",3720.64,3730.64,3725.64,10,6.15999999999985
2024-09-04,2024,"Q3","2024/25","Q1","September",3719.92424242424,3729.92424242424,3724.92424242424,10,-0.715757575756925
2024-09-05,2024,"Q3","2024/25","Q1","September",3716.87878787879,3726.87878787879,3721.87878787879,10,-3.04545454545541
2024-09-06,2024,"Q3","2024/25","Q1","September",3713.80303030303,3723.80303030303,3718.80303030303,10,-3.07575757575705
2024-09-09,2024,"Q3","2024/25","Q1","September",3711.83333333333,3721.83333333333,3716.83333333333,10,-1.96969696969654
2024-09-10,2024,"Q3","2024/25","Q1","September",3711.33333333333,3721.33333333333,3716.33333333333,10,-0.500000000000909
2024-09-11,2024,"Q3","2024/25","Q1","September",3711.06060606061,3721.06060606061,3716.06060606061,10,-0.27272727272657
2024-09-12,2024,"Q3","2024/25","Q1","September",3713.12121212121,3723.12121212121,3718.12121212121,10,2.06060606060601
2024-09-13,2024,"Q3","2024/25","Q1","September",3711.81818181818,3721.81818181818,3716.81818181818,10,-1.30303030303048
2024-09-16,2024,"Q3","2024/25","Q1","September",3710.94,3720.94,3715.94,10,-0.878181818181929
2024-09-17,2024,"Q3","2024/25","Q1","September",3710.59,3720.59,3715.59,10,-0.349999999999909
2024-09-18,2024,"Q3","2024/25","Q1","September",3713.83333333333,3723.83333333333,3718.83333333333,10,3.24333333333288
2024-09-19,2024,"Q3","2024/25","Q1","September",3713.09090909091,3723.09090909091,3718.09090909091,10,-0.742424242423112
2024-09-20,2024,"Q3","2024/25","Q1","September",3702.39393939394,3712.39393939394,3707.39393939394,10,-10.6969696969704
2024-09-23,2024,"Q3","2024/25","Q1","September",3692.44,3702.44,3697.44,10,-9.95393939393944
2024-09-24,2024,"Q3","2024/25","Q1","September",3691.90909090909,3701.90909090909,3696.90909090909,10,-0.530909090909063
2024-09-25,2024,"Q3","2024/25","Q1","September",3692.12121212121,3702.12121212121,3697.12121212121,10,0.212121212121474
2024-09-26,2024,"Q3","2024/25","Q1","September",3688.22727272727,3698.22727272727,3693.22727272727,10,-3.89393939393995
2024-09-27,2024,"Q3","2024/25","Q1","September",3687.09090909091,3697.09090909091,3692.09090909091,10,-1.1363636363626
2024-09-30,2024,"Q3","2024/25","Q1","September",3685.04545454545,3695.04545454545,3690.04545454545,10,-2.04545454545541
2024-10-01,2024,"Q4","2024/25","Q2","October",3670.42,3683.45,3676.935,13.0299999999997,-13.1104545454546
2024-10-02,2024,"Q4","2024/25","Q2","October",3665.69696969697,3675.69696969697,3670.69696969697,10,-6.23803030302997
2024-10-03,2024,"Q4","2024/25","Q2","October",3662.38,3672.38,3667.38,10,-3.31696969696986
2024-10-04,2024,"Q4","2024/25","Q2","October",3660.33,3670.33,3665.33,10,-2.05000000000018
2024-10-07,2024,"Q4","2024/25","Q2","October",3664.43939393939,3674.43939393939,3669.43939393939,10,4.10939393939407
2024-10-08,2024,"Q4","2024/25","Q2","October",3669.09090909091,3679.09090909091,3674.09090909091,10,4.65151515151501
2024-10-10,2024,"Q4","2024/25","Q2","October",3668.06060606061,3678.06060606061,3673.06060606061,10,-1.03030303030164
2024-10-11,2024,"Q4","2024/25","Q2","October",3661.57575757576,3671.57575757576,3666.57575757576,10,-6.48484848485032
2024-10-14,2024,"Q4","2024/25","Q2","October",3659.42,3669.42,3664.42,10,-2.15575757575698
2024-10-15,2024,"Q4","2024/25","Q2","October",3661.65,3671.65,3666.65,10,2.23000000000002
2024-10-16,2024,"Q4","2024/25","Q2","October",3664.41,3674.41,3669.41,10,2.75999999999976
2024-10-17,2024,"Q4","2024/25","Q2","October",3666.82,3676.82,3671.82,10,2.41000000000031
2024-10-18,2024,"Q4","2024/25","Q2","October",3667.77272727273,3677.77272727273,3672.77272727273,10,0.952727272727316
2024-10-21,2024,"Q4","2024/25","Q2","October",3662.81818181818,3672.81818181818,3667.81818181818,10,-4.9545454545455
2024-10-22,2024,"Q4","2024/25","Q2","October",3660.74242424242,3670.74242424242,3665.74242424242,10,-2.07575757575842
2024-10-23,2024,"Q4","2024/25","Q2","October",3660.16666666667,3670.16666666667,3665.16666666667,10,-0.575757575756597
2024-10-24,2024,"Q4","2024/25","Q2","October",3660.09090909091,3670.10606060606,3665.09848484848,10.0151515151515,-0.0681818181819835
2024-10-25,2024,"Q4","2024/25","Q2","October",3660.13636363636,3670.13636363636,3665.13636363636,10,0.0378787878785261
2024-10-28,2024,"Q4","2024/25","Q2","October",3660,3670,3665,10,-0.136363636363512
2024-10-29,2024,"Q4","2024/25","Q2","October",3659.95,3669.95,3664.95,10,-0.0500000000001819
2024-10-30,2024,"Q4","2024/25","Q2","October",3659.83,3669.83,3664.83,10,-0.119999999999891
2024-10-31,2024,"Q4","2024/25","Q2","October",3657.05,3667.05,3662.05,10,-2.77999999999975
2024-11-01,2024,"Q4","2024/25","Q2","November",3655.59,3665.59,3660.59,10,-1.46000000000004
2024-11-04,2024,"Q4","2024/25","Q2","November",3655.33333333333,3665.33333333333,3660.33333333333,10,-0.256666666667115
2024-11-05,2024,"Q4","2024/25","Q2","November",3661.72727272727,3671.72727272727,3666.72727272727,10,6.39393939393904
2024-11-06,2024,"Q4","2024/25","Q2","November",3671.58,3681.58,3676.58,10,9.85272727272786
2024-11-07,2024,"Q4","2024/25","Q2","November",3671.95,3681.95,3676.95,10,0.369999999999891
2024-11-08,2024,"Q4","2024/25","Q2","November",3658.68181818182,3668.68181818182,3663.68181818182,10,-13.2681818181818
2024-11-11,2024,"Q4","2024/25","Q2","November",3655.30303030303,3665.30303030303,3660.30303030303,10,-3.37878787878753
2024-11-12,2024,"Q4","2024/25","Q2","November",3664.10606060606,3674.10606060606,3669.10606060606,10,8.80303030303003
2024-11-13,2024,"Q4","2024/25","Q2","November",3665.84848484848,3675.84848484848,3670.84848484848,10,1.74242424242448
2024-11-14,2024,"Q4","2024/25","Q2","November",3665.15151515152,3675.15151515152,3670.15151515152,10,-0.696969696969518
2024-11-15,2024,"Q4","2024/25","Q2","November",3664.83,3674.83,3669.83,10,-0.321515151515541
2024-11-18,2024,"Q4","2024/25","Q2","November",3666.31818181818,3676.31818181818,3671.31818181818,10,1.48818181818342
2024-11-19,2024,"Q4","2024/25","Q2","November",3671.71212121212,3681.71212121212,3676.71212121212,10,5.39393939393813
2024-11-20,2024,"Q4","2024/25","Q2","November",3682.31818181818,3692.31818181818,3687.31818181818,10,10.6060606060596
2024-11-21,2024,"Q4","2024/25","Q2","November",3686.75757575758,3696.75757575758,3691.75757575758,10,4.4393939393949
2024-11-22,2024,"Q4","2024/25","Q2","November",3691.59090909091,3701.59090909091,3696.59090909091,10,4.83333333333258
2024-11-25,2024,"Q4","2024/25","Q2","November",3699.32,3709.32,3704.32,10,7.72909090909161
2024-11-26,2024,"Q4","2024/25","Q2","November",3699.03,3709.03,3704.03,10,-0.289999999999964
2024-11-27,2024,"Q4","2024/25","Q2","November",3691.24,3701.24,3696.24,10,-7.79000000000042
2024-11-28,2024,"Q4","2024/25","Q2","November",3684.35,3694.35,3689.35,10,-6.88999999999987
2024-11-29,2024,"Q4","2024/25","Q2","November",3683.86,3693.86,3688.86,10,-0.489999999999782
2024-12-02,2024,"Q4","2024/25","Q2","December",3683.93,3693.93,3688.93,10,0.069999999999709
2024-12-03,2024,"Q4","2024/25","Q2","December",3680.36,3690.36,3685.36,10,-3.56999999999971
2024-12-04,2024,"Q4","2024/25","Q2","December",3674.68,3684.68,3679.68,10,-5.68000000000029
2024-12-05,2024,"Q4","2024/25","Q2","December",3668.64,3678.64,3673.64,10,-6.03999999999996
2024-12-06,2024,"Q4","2024/25","Q2","December",3664.17,3674.17,3669.17,10,-4.4699999999998
2024-12-09,2024,"Q4","2024/25","Q2","December",3660.73,3670.73,3665.73,10,-3.44000000000005
2024-12-10,2024,"Q4","2024/25","Q2","December",3655.44,3665.44,3660.44,10,-5.28999999999996
2024-12-11,2024,"Q4","2024/25","Q2","December",3654.7,3664.7,3659.7,10,-0.740000000000236
2024-12-12,2024,"Q4","2024/25","Q2","December",3653.33,3663.33,3658.33,10,-1.36999999999989
2024-12-13,2024,"Q4","2024/25","Q2","December",3648.73,3658.73,3653.73,10,-4.59999999999991
2024-12-16,2024,"Q4","2024/25","Q2","December",3644.42424242424,3654.42424242424,3649.42424242424,10,-4.30575757575707
2024-12-17,2024,"Q4","2024/25","Q2","December",3640.86363636364,3650.86363636364,3645.86363636364,10.0000000000005,-3.56060606060601
2024-12-18,2024,"Q4","2024/25","Q2","December",3633.45454545455,3643.45454545454,3638.45454545455,9.99999999999909,-7.4090909090919
2024-12-19,2024,"Q4","2024/25","Q2","December",3635.89393939394,3645.89393939394,3640.89393939394,10,2.43939393939399
2024-12-20,2024,"Q4","2024/25","Q2","December",3652.92424242424,3662.92424242424,3657.92424242424,10,17.0303030303039
2024-12-23,2024,"Q4","2024/25","Q2","December",3671.54545454546,3681.54545454546,3676.54545454546,10,18.6212121212125
2024-12-24,2024,"Q4","2024/25","Q2","December",3660.5303030303,3670.5303030303,3665.5303030303,10,-11.0151515151515
2024-12-27,2024,"Q4","2024/25","Q2","December",3657.54545454545,3667.54545454545,3662.54545454545,10,-2.98484848484941
2024-12-30,2024,"Q4","2024/25","Q2","December",3663.60606060606,3673.60606060606,3668.60606060606,10,6.06060606060601
2024-12-31,2024,"Q4","2024/25","Q2","December",3676.13636363636,3686.13636363636,3681.13636363636,10,12.530303030303
2025-01-02,2025,"Q1","2024/25","Q3","January",3682.68181818182,3692.68181818182,3687.68181818182,10,6.54545454545541
2025-01-03,2025,"Q1","2024/25","Q3","January",3672.7,3682.7,3677.7,10,-9.98181818181911
2025-01-06,2025,"Q1","2024/25","Q3","January",3677.36363636364,3687.36363636364,3682.36363636364,10,-9.98181818181911
2025-01-07,2025,"Q1","2024/25","Q3","January",3687.65151515152,3697.65151515152,3692.65151515152,10,-9.98181818181911
2025-01-08,2025,"Q1","2024/25","Q3","January",3696.9696969697,3706.9696969697,3701.9696969697,10,9.31818181818016
2025-01-09,2025,"Q1","2024/25","Q3","January",3695.92424242424,3705.92424242424,3700.92424242424,10,-1.04545454545359
2025-01-10,2025,"Q1","2024/25","Q3","January",3693.7,3703.69681818182,3698.69840909091,9.99681818181853,-2.22583333333387
2025-01-13,2025,"Q1","2024/25","Q3","January",3693.18,3703.18181818182,3698.18090909091,10.0018181818182,-0.517499999999927
2025-01-14,2025,"Q1","2024/25","Q3","January",3693.82,3703.81772727273,3698.81886363636,9.99772727272739,0.637954545454704
2025-01-15,2025,"Q1","2024/25","Q3","January",3691.8,3701.80227272727,3696.80113636364,10.0022727272722,-2.01772727272783
2025-01-16,2025,"Q1","2024/25","Q3","January",3686.94,3696.94045454545,3691.94022727273,10.0004545454544,-4.86090909090854
2025-01-17,2025,"Q1","2024/25","Q3","January",3682.73,3692.72772727273,3687.72886363636,9.99772727272693,-4.21136363636379
2025-01-20,2025,"Q1","2024/25","Q3","January",3669.18,3679.18227272727,3674.18113636364,10.0022727272726,-13.5477272727276
2025-01-21,2025,"Q1","2024/25","Q3","January",3668.47,3678.47,3673.47,10,-0.711136363636342
2025-01-22,2025,"Q1","2024/25","Q3","January",3674.52,3684.51590909091,3679.51795454545,9.99590909090875,6.04795454545456
2025-01-23,2025,"Q1","2024/25","Q3","January",3677.79,3687.78772727273,3682.78886363636,9.99772727272739,3.2709090909093
2025-01-24,2025,"Q1","2024/25","Q3","January",3680.8,3690.8,3685.8,10,3.01113636363652
2025-01-27,2025,"Q1","2024/25","Q3","January",3686.53,3696.53045454545,3691.53022727273,10.0004545454544,5.73022727272746
2025-01-28,2025,"Q1","2024/25","Q3","January",3686.98,3696.98454545455,3691.98227272727,10.0045454545457,0.452045454545441
2025-01-29,2025,"Q1","2024/25","Q3","January",3685.14,3695.13590909091,3690.13795454545,9.99590909090875,-1.84431818181884
2025-01-30,2025,"Q1","2024/25","Q3","January",3682.47,3692.47,3687.47,10,-2.66795454545445
2025-01-31,2025,"Q1","2024/25","Q3","January",3679.76,3689.76,3684.76,10,-2.70999999999958
2025-02-03,2025,"Q1","2024/25","Q3","February",3675.12,3685.12,3680.12,10,-4.64000000000033
2025-02-04,2025,"Q1","2024/25","Q3","February",3679.26,3689.25772727273,3684.25886363636,9.99772727272693,4.13886363636357
2025-02-05,2025,"Q1","2024/25","Q3","February",3675.23,3685.23,3680.23,10,-4.02886363636344
2025-02-06,2025,"Q1","2024/25","Q3","February",3672.21,3682.21272727273,3677.21136363636,10.002727272727,-3.01863636363623
2025-02-07,2025,"Q1","2024/25","Q3","February",3669.35,3679.35,3674.35,10,-2.86136363636388
2025-02-10,2025,"Q1","2024/25","Q3","February",3669.23,3679.22818181818,3674.22909090909,9.99818181818137,-0.120909090909208
2025-02-11,2025,"Q1","2024/25","Q3","February",3674.24,3684.24,3679.24,10,5.01090909090908
2025-02-12,2025,"Q1","2024/25","Q3","February",3674.45,3684.45,3679.45,10,0.210000000000036
2025-02-13,2025,"Q1","2024/25","Q3","February",3674.45,3684.45,3679.45,10,0
2025-02-14,2025,"Q1","2024/25","Q3","February",3674.27,3684.27,3679.27,10,-0.179999999999836
2025-02-17,2025,"Q1","2024/25","Q3","February",3673.68,3683.68,3678.68,10,-0.590000000000146
2025-02-18,2025,"Q1","2024/25","Q3","February",3675.65,3685.65181818182,3680.65090909091,10.0018181818177,1.97090909090912
2025-02-19,2025,"Q1","2024/25","Q3","February",3676.52,3686.51545454545,3681.51772727273,9.99545454545432,0.866818181817962
2025-02-20,2025,"Q1","2024/25","Q3","February",3664.58,3674.575,3669.5775,9.99500000000035,-11.9402272727266
2025-02-21,2025,"Q1","2024/25","Q3","February",3664.65,3674.65,3669.65,10,0.0724999999997635
2025-02-24,2025,"Q1","2024/25","Q3","February",3668.18,3678.18045454546,3673.18022727273,10.0004545454553,3.53022727272719
2025-02-25,2025,"Q1","2024/25","Q3","February",3673.39,3683.39318181818,3678.39159090909,10.0031818181824,5.21136363636379
2025-02-26,2025,"Q1","2024/25","Q3","February",3672.23,3682.22863636364,3677.22931818182,9.9986363636358,-1.16227272727338
2025-02-27,2025,"Q1","2024/25","Q3","February",3673.74,3683.74181818182,3678.74090909091,10.0018181818186,1.51159090909141
2025-02-28,2025,"Q1","2024/25","Q3","February",3673.82,3683.81818181818,3678.81909090909,9.99818181818182,0.0781818181817471
2025-03-03,2025,"Q1","2024/25","Q3","March",3671.52,3681.51545454545,3676.51772727273,9.99545454545432,-2.30136363636393
2025-03-04,2025,"Q1","2024/25","Q3","March",3671.15,3681.15181818182,3676.15090909091,10.0018181818177,-0.366818181817962
2025-03-05,2025,"Q1","2024/25","Q3","March",3669.99,3679.99,3674.99,10,-1.16090909090917
2025-03-06,2025,"Q1","2024/25","Q3","March",3666.62,3676.62,3671.62,10,-3.36999999999989
2025-03-07,2025,"Q1","2024/25","Q3","March",3665.11,3675.11,3670.11,10,-1.50999999999976
2025-03-10,2025,"Q1","2024/25","Q3","March",3664.44,3674.43954545455,3669.43977272727,9.99954545454511,-0.670227272727516
2025-03-11,2025,"Q1","2024/25","Q3","March",3664.17,3674.16681818182,3669.16840909091,9.99681818181807,-0.271363636363276
2025-03-12,2025,"Q1","2024/25","Q3","March",3664.09,3674.09090909091,3669.09045454545,10.0009090909089,-0.0779545454547588
2025-03-13,2025,"Q1","2024/25","Q3","March",3663.03,3673.03090909091,3668.03045454545,10.0009090909084,-1.05999999999995
2025-03-14,2025,"Q1","2024/25","Q3","March",3660.73,3670.72727272727,3665.72863636364,9.9972727272725,-2.30181818181836
2025-03-17,2025,"Q1","2024/25","Q3","March",3661.32,3671.31772727273,3666.31886363636,9.99772727272739,0.590227272727589
2025-03-18,2025,"Q1","2024/25","Q3","March",3661,3671,3666,10,-0.318863636363858
2025-03-19,2025,"Q1","2024/25","Q3","March",3660.3,3670.3,3665.3,10,-0.699999999999818
2025-03-20,2025,"Q1","2024/25","Q3","March",3660.05,3670.05,3665.05,10,-0.25
2025-03-21,2025,"Q1","2024/25","Q3","March",3660.08,3670.07590909091,3665.07795454545,9.99590909090921,0.0279545454541221
2025-03-24,2025,"Q1","2024/25","Q3","March",3659.89,3669.87909090909,3664.88454545455,9.98909090909092,-0.193409090908972
2025-03-25,2025,"Q1","2024/25","Q3","March",3660,3670,3665,10,0.115454545454668
2025-03-26,2025,"Q1","2024/25","Q3","March",3660.35,3670.34818181818,3665.34909090909,9.99818181818227,0.349090909091046
2025-03-27,2025,"Q1","2024/25","Q3","March",3660.27,3670.27,3665.27,10,-0.0790909090910645
2025-03-28,2025,"Q1","2024/25","Q3","March",3659.44,3669.43954545455,3664.43977272727,9.99954545454511,-0.83022727272737
2025-03-31,2025,"Q1","2024/25","Q3","March",3656.62,3666.62,3661.62,10,-2.81977272727272
2025-04-01,2025,"Q2","2024/25","Q4","April",3653.62,3663.62,3658.62,10,-3
2025-04-02,2025,"Q2","2024/25","Q4","April",3643.45,3653.45,3648.45,10,-10.1700000000001
2025-04-03,2025,"Q2","2024/25","Q4","April",3640.08,3650.08,3645.08,10,-3.36999999999989
2025-04-04,2025,"Q2","2024/25","Q4","April",3647.79,3657.79,3652.79,10,7.71000000000004
2025-04-07,2025,"Q2","2024/25","Q4","April",3690.36,3700.36,3695.36,10,42.5700000000002
2025-04-08,2025,"Q2","2024/25","Q4","April",3699.7,3709.69727272727,3704.69863636364,9.99727272727341,9.3386363636364
2025-04-09,2025,"Q2","2024/25","Q4","April",3690.23,3700.22863636364,3695.22931818182,9.9986363636358,-9.46931818181884
2025-04-10,2025,"Q2","2024/25","Q4","April",3688.15,3698.15136363636,3693.15068181818,10.0013636363642,-2.07863636363527
2025-04-11,2025,"Q2","2024/25","Q4","April",3671.97,3681.96818181818,3676.96909090909,9.99818181818227,-16.1815909090915
2025-04-14,2025,"Q2","2024/25","Q4","April",3666.64,3676.63772727273,3671.63886363636,9.99772727272739,-5.33022727272737
2025-04-15,2025,"Q2","2024/25","Q4","April",3662.32,3672.31772727273,3667.31886363636,9.99772727272739,-4.31999999999971
2025-04-16,2025,"Q2","2024/25","Q4","April",3660.35,3670.34909090909,3665.34954545455,9.99909090909068,-1.96931818181838
2025-04-17,2025,"Q2","2024/25","Q4","April",3659.91,3669.90863636364,3664.90931818182,9.99863636363671,-0.440227272727498
2025-04-22,2025,"Q2","2024/25","Q4","April",3659.29,3669.28727272727,3664.28863636364,9.99727272727296,-0.620681818181765
2025-04-23,2025,"Q2","2024/25","Q4","April",3657.59,3667.59181818182,3662.59090909091,10.0018181818177,-1.69772727272721
2025-04-24,2025,"Q2","2024/25","Q4","April",3659.39,3669.39,3664.39,10,1.79909090909086
2025-04-25,2025,"Q2","2024/25","Q4","April",3659.52,3669.52,3664.52,10,0.130000000000109
2025-04-28,2025,"Q2","2024/25","Q4","April",3660.67,3670.66772727273,3665.66886363636,9.99772727272648,1.14886363636333
2025-04-29,2025,"Q2","2024/25","Q4","April",3661.55,3671.55,3666.55,10,0.88113636363687
2025-04-30,2025,"Q2","2024/25","Q4","April",3659.67,3669.66681818182,3664.66840909091,9.99681818181807,-1.88159090909085
2025-05-02,2025,"Q2","2024/25","Q4","May",3658.52,3668.52,3663.52,10,-1.14840909090935
2025-05-05,2025,"Q2","2024/25","Q4","May",3656.68,3666.68272727273,3661.68136363636,10.002727272727,-1.83863636363685
2025-05-06,2025,"Q2","2024/25","Q4","May",3654.74,3664.74272727273,3659.74136363636,10.0027272727275,-1.9399999999996
2025-05-07,2025,"Q2","2024/25","Q4","May",3654.86,3664.86363636364,3659.86181818182,10.0036363636364,0.120454545454777
2025-05-08,2025,"Q2","2024/25","Q4","May",3654.99,3664.99,3659.99,10,0.128181818181474
2025-05-09,2025,"Q2","2024/25","Q4","May",3654.92,3664.92454545455,3659.92227272727,10.0045454545452,-0.0677272727270974
2025-05-12,2025,"Q2","2024/25","Q4","May",3654.89,3664.89363636364,3659.89181818182,10.0036363636368,-0.0304545454546314
2025-05-13,2025,"Q2","2024/25","Q4","May",3654.92,3664.92409090909,3659.92204545455,10.0040909090908,0.0302272727276431
2025-05-14,2025,"Q2","2024/25","Q4","May",3652.53,3662.52954545455,3657.52977272727,9.99954545454557,-2.39227272727294
2025-05-15,2025,"Q2","2024/25","Q4","May",3646.73,3656.72772727273,3651.72886363636,9.99772727272693,-5.80090909090904
2025-05-16,2025,"Q2","2024/25","Q4","May",3648.71,3658.71045454545,3653.71022727273,10.0004545454549,1.98136363636377
2025-05-19,2025,"Q2","2024/25","Q4","May",3650.64,3660.63590909091,3655.63795454545,9.99590909090966,1.92772727272722
2025-05-20,2025,"Q2","2024/25","Q4","May",3650.14,3660.13636363636,3655.13818181818,9.99636363636364,-0.499772727273012
2025-05-21,2025,"Q2","2024/25","Q4","May",3648.82,3658.81772727273,3653.81886363636,9.99772727272739,-1.31931818181783
2025-05-22,2025,"Q2","2024/25","Q4","May",3647.02,3657.01545454545,3652.01772727273,9.99545454545432,-1.80113636363694
2025-05-23,2025,"Q2","2024/25","Q4","May",3645.76,3655.75727272727,3650.75863636364,9.9972727272725,-1.25909090909045
2025-05-26,2025,"Q2","2024/25","Q4","May",3644.83,3654.83,3649.83,10,-0.928636363636542
2025-05-27,2025,"Q2","2024/25","Q4","May",3644.59,3654.59090909091,3649.59045454546,10.0009090909098,-0.239545454544896
2025-05-28,2025,"Q2","2024/25","Q4","May",3641.18,3651.18,3646.18,10,-3.4104545454552
2025-05-29,2025,"Q2","2024/25","Q4","May",3624.05,3634.05,3629.05,10,-17.1299999999997
2025-05-30,2025,"Q2","2024/25","Q4","May",3626.82,3636.81772727273,3631.81886363636,9.99772727272739,2.76886363636368
2025-06-02,2025,"Q2","2024/25","Q4","June",3631.97,3641.96909090909,3636.96954545455,9.99909090909159,5.15068181818151
2025-06-04,2025,"Q2","2024/25","Q4","June",3636.35,3646.34863636364,3641.34931818182,9.99863636363625,4.37977272727267
2025-06-05,2025,"Q2","2024/25","Q4","June",3630.3,3640.30227272727,3635.30113636364,10.0022727272722,-6.048181818182
2025-06-10,2025,"Q2","2024/25","Q4","June",3607.31,3617.31,3612.31,10,-22.9911363636361
2025-06-11,2025,"Q2","2024/25","Q4","June",3589.21,3599.21227272727,3594.21113636364,10.0022727272726,-18.0988636363636
2025-06-12,2025,"Q2","2024/25","Q4","June",3582.15,3592.15181818182,3587.15090909091,10.0018181818177,-7.06022727272739
2025-06-13,2025,"Q2","2024/25","Q4","June",3597.7,3607.7,3602.7,10,15.5490909090909
2025-06-16,2025,"Q2","2024/25","Q4","June",3598.09,3608.09,3603.09,10,0.390000000000327
2025-06-17,2025,"Q2","2024/25","Q4","June",3593.94,3603.94,3598.94,10,-4.15000000000009
2025-06-18,2025,"Q2","2024/25","Q4","June",3594.03,3604.03,3599.03,10,0.0900000000001455
2025-06-19,2025,"Q2","2024/25","Q4","June",3598.23,3608.23,3603.23,10,4.19999999999982
2025-06-20,2025,"Q2","2024/25","Q4","June",3599.58,3609.58,3604.58,10,1.34999999999991
2025-06-23,2025,"Q2","2024/25","Q4","June",3602.05,3612.04545454545,3607.04772727273,9.99545454545432,2.46772727272764
2025-06-24,2025,"Q2","2024/25","Q4","June",3596.97,3606.96909090909,3601.96954545455,9.99909090909159,-5.0781818181822
2025-06-25,2025,"Q2","2024/25","Q4","June",3589.68,3599.68181818182,3594.68090909091,10.0018181818182,-7.28863636363621
2025-06-26,2025,"Q2","2024/25","Q4","June",3588.71,3598.71227272727,3593.71113636364,10.0022727272726,-0.969772727272812
2025-06-27,2025,"Q2","2024/25","Q4","June",3589.23,3599.23,3594.23,10,0.518863636363676
2025-06-30,2025,"Q2","2024/25","Q4","June",3589.59,3599.59090909091,3594.59045454545,10.0009090909089,0.360454545454559
2025-07-01,2025,"Q3","2025/26","Q1","July",3589.83,3599.83318181818,3594.83159090909,10.0031818181819,0.241136363636087
2025-07-02,2025,"Q3","2025/26","Q1","July",3584.68,3594.68090909091,3589.68045454545,10.0009090909098,-5.15113636363594
2025-07-03,2025,"Q3","2025/26","Q1","July",3581.26,3591.25772727273,3586.25886363636,9.99772727272693,-3.42159090909126
2025-07-04,2025,"Q3","2025/26","Q1","July",3580.86,3590.86,3585.86,10,-0.39886363636333
2025-07-07,2025,"Q3","2025/26","Q1","July",3583.21,3593.21181818182,3588.21090909091,10.0018181818182,2.35090909090877
2025-07-08,2025,"Q3","2025/26","Q1","July",3587.71,3597.71227272727,3592.71113636364,10.0022727272726,4.50022727272744
2025-07-09,2025,"Q3","2025/26","Q1","July",3584.64,3594.64,3589.64,10,-3.07113636363647
2025-07-10,2025,"Q3","2025/26","Q1","July",3580.26,3590.25818181818,3585.25909090909,9.99818181818137,-4.38090909090897
2025-07-11,2025,"Q3","2025/26","Q1","July",3578.45,3588.45454545455,3583.45227272727,10.0045454545457,-1.80681818181847
2025-07-14,2025,"Q3","2025/26","Q1","July",3579.11,3589.11,3584.11,10,0.657727272727698
2025-07-15,2025,"Q3","2025/26","Q1","July",3579.06,3589.06090909091,3584.06045454545,10.0009090909089,-0.0495454545457505
2025-07-16,2025,"Q3","2025/26","Q1","July",3578.09,3588.09090909091,3583.09045454545,10.0009090909089,-0.9699999999998
2025-07-17,2025,"Q3","2025/26","Q1","July",3578.09,3588.09,3583.09,10,-0.000454545454431354
2025-07-18,2025,"Q3","2025/26","Q1","July",3578.35,3588.34818181818,3583.34909090909,9.99818181818227,0.259090909090901
2025-07-21,2025,"Q3","2025/26","Q1","July",3579.12,3589.12090909091,3584.12045454545,10.0009090909093,0.771363636363731
2025-07-22,2025,"Q3","2025/26","Q1","July",3581.88,3591.87909090909,3586.87954545455,9.99909090909068,2.75909090909045
2025-07-23,2025,"Q3","2025/26","Q1","July",3584.59,3594.59090909091,3589.59045454545,10.0009090909089,2.71090909090935
2025-07-24,2025,"Q3","2025/26","Q1","July",3584.18,3594.18136363636,3589.18068181818,10.0013636363642,-0.409772727272411
2025-07-25,2025,"Q3","2025/26","Q1","July",3581.93,3591.93,3586.93,10,-2.25068181818233
2025-07-28,2025,"Q3","2025/26","Q1","July",3580.55,3590.55,3585.55,10,-1.37999999999965
2025-07-29,2025,"Q3","2025/26","Q1","July",3580.05,3590.05,3585.05,10,-0.5
2025-07-30,2025,"Q3","2025/26","Q1","July",3580.09,3590.09090909091,3585.09045454545,10.0009090909089,0.040454545454395
2025-07-31,2025,"Q3","2025/26","Q1","July",3580.02,3590.02,3585.02,10,-0.0704545454545951
2025-08-01,2025,"Q3","2025/26","Q1","August",3578.62,3588.62,3583.62,10,-1.40000000000009
2025-08-04,2025,"Q3","2025/26","Q1","August",3576.09,3586.09,3581.09,10,-2.52999999999975
2025-08-05,2025,"Q3","2025/26","Q1","August",3572.64,3582.63636363636,3577.63818181818,9.99636363636318,-3.45181818181845
2025-08-06,2025,"Q3","2025/26","Q1","August",3565.59,3575.59090909091,3570.59045454545,10.0009090909089,-7.04772727272712
2025-08-07,2025,"Q3","2025/26","Q1","August",3561.33,3571.33409090909,3566.33204545455,10.0040909090908,-4.25840909090903
2025-08-08,2025,"Q3","2025/26","Q1","August",3560.39,3570.39409090909,3565.39204545455,10.0040909090908,-0.940000000000509
2025-08-11,2025,"Q3","2025/26","Q1","August",3557.88,3567.88,3562.88,10,-2.51204545454493
2025-08-12,2025,"Q3","2025/26","Q1","August",3555.29,3565.29,3560.29,10,-2.59000000000015
2025-08-13,2025,"Q3","2025/26","Q1","August",3552.27,3562.27363636364,3557.27181818182,10.0036363636359,-3.0181818181818
2025-08-14,2025,"Q3","2025/26","Q1","August",3550.45,3560.45454545455,3555.45227272727,10.0045454545457,-1.81954545454573
2025-08-15,2025,"Q3","2025/26","Q1","August",3552.21,3562.21181818182,3557.21090909091,10.0018181818182,1.75863636363647
2025-08-18,2025,"Q3","2025/26","Q1","August",3554.08,3564.07681818182,3559.07840909091,9.99681818181853,1.86750000000029
2025-08-19,2025,"Q3","2025/26","Q1","August",3557.86,3567.86,3562.86,10,3.78159090909094
2025-08-20,2025,"Q3","2025/26","Q1","August",3562.74,3572.74,3567.74,10,4.87999999999965
2025-08-21,2025,"Q3","2025/26","Q1","August",3564.52,3574.52,3569.52,10,1.7800000000002
2025-08-22,2025,"Q3","2025/26","Q1","August",3559.82,3569.82,3564.82,10,-4.69999999999982
2025-08-25,2025,"Q3","2025/26","Q1","August",3556.36,3566.36,3561.36,10,-3.46000000000004
2025-08-26,2025,"Q3","2025/26","Q1","August",3553.05,3563.05,3558.05,10,-3.30999999999995
2025-08-27,2025,"Q3","2025/26","Q1","August",3551.39,3561.39,3556.39,10,-1.66000000000031
2025-08-28,2025,"Q3","2025/26","Q1","August",3549.56,3559.56,3554.56,10,-1.82999999999993
2025-08-29,2025,"Q3","2025/26","Q1","August",3545.36,3555.36,3550.36,10,-4.19999999999982
2025-09-01,2025,"Q3","2025/26","Q1","September",3541.26,3551.26,3546.26,10,-4.1015909090911
2025-09-02,2025,"Q3","2025/26","Q1","September",3536.03,3546.03227272727,3541.03113636364,10.0022727272717,-5.22886363636417
2025-09-03,2025,"Q3","2025/26","Q1","September",3529.7,3539.7,3534.7,10,-6.33113636363623
2025-09-04,2025,"Q3","2025/26","Q1","September",3516.53,3526.53,3521.53,10,-13.1699999999996
2025-09-05,2025,"Q3","2025/26","Q1","September",3511.71,3521.71,3516.71,10,-4.82000000000016
2025-09-08,2025,"Q3","2025/26","Q1","September",3501.4,3511.4,3506.4,10,-10.3099999999999
2025-09-09,2025,"Q3","2025/26","Q1","September",3497.35,3507.35,3502.35,10,-4.05000000000018
2025-09-10,2025,"Q3","2025/26","Q1","September",3498.77,3508.77090909091,3503.77045454545,10.0009090909093,1.4204545454545
2025-09-11,2025,"Q3","2025/26","Q1","September",3507.98,3517.98409090909,3512.98204545455,10.0040909090912,9.21159090909123
2025-09-12,2025,"Q3","2025/26","Q1","September",3502.64,3512.64,3507.64,10,-5.34204545454577
2025-09-15,2025,"Q3","2025/26","Q1","September",3500.99,3510.99,3505.99,10,-1.65000000000009
2025-09-16,2025,"Q3","2025/26","Q1","September",3497.85,3507.84818181818,3502.84909090909,9.99818181818227,-3.14090909090874
2025-09-17,2025,"Q3","2025/26","Q1","September",3495.03,3505.03045454545,3500.03022727273,10.0004545454544,-2.8188636363634
2025-09-18,2025,"Q3","2025/26","Q1","September",3495.39,3505.39,3500.39,10,0.35977272727223
2025-09-19,2025,"Q3","2025/26","Q1","September",3495.55,3505.55,3500.55,10,0.160000000000309
2025-09-22,2025,"Q3","2025/26","Q1","September",3495.45,3505.45,3500.45,10,-0.100000000000364
2025-09-23,2025,"Q3","2025/26","Q1","September",3494.92,3504.92409090909,3499.92204545455,10.0040909090908,-0.527954545454122
2025-09-24,2025,"Q3","2025/26","Q1","September",3492.7,3502.69590909091,3497.69795454545,9.99590909090966,-2.22409090909105
2025-09-25,2025,"Q3","2025/26","Q1","September",3490.21,3500.21,3495.21,10,-2.48795454545461
2025-09-26,2025,"Q3","2025/26","Q1","September",3488.98,3498.98318181818,3493.98159090909,10.0031818181828,-1.22840909090883
2025-09-29,2025,"Q3","2025/26","Q1","September",3485.94,3495.94,3490.94,10,-3.04159090909116
2025-09-30,2025,"Q3","2025/26","Q1","September",3485,3495,3490,10,-0.940000000000055
2025-10-01,2025,"Q4","2025/26","Q2","October",3474.39,3484.39,3479.39,10,-10.6100000000001
2025-10-02,2025,"Q4","2025/26","Q2","October",3456.18,3466.18,3461.18,10,-18.21
2025-10-03,2025,"Q4","2025/26","Q2","October",3453.68,3463.68,3458.68,10,-2.5
2025-10-06,2025,"Q4","2025/26","Q2","October",3447.5,3457.5,3452.5,10,-6.17999999999984
2025-10-07,2025,"Q4","2025/26","Q2","October",3434.59,3444.59,3439.59,10,-12.9099999999999
2025-10-08,2025,"Q4","2025/26","Q2","October",3427.88,3437.87863636364,3432.87931818182,9.99863636363625,-6.71068181818191
2025-10-10,2025,"Q4","2025/26","Q2","October",3425.54,3435.54,3430.54,10,-2.33931818181827
2025-10-13,2025,"Q4","2025/26","Q2","October",3421.88,3431.88136363636,3426.88068181818,10.0013636363628,-3.65931818181843
2025-10-14,2025,"Q4","2025/26","Q2","October",3434.33,3444.33,3439.33,10,12.4493181818184
2025-10-15,2025,"Q4","2025/26","Q2","October",3445.33,3455.33,3450.33,10,11
2025-10-16,2025,"Q4","2025/26","Q2","October",3456.94,3466.93909090909,3461.93954545455,9.99909090909114,11.6095454545457
2025-10-17,2025,"Q4","2025/26","Q2","October",3478.86,3488.86409090909,3483.86204545455,10.0040909090903,21.9224999999997
2025-10-20,2025,"Q4","2025/26","Q2","October",3478.17,3488.17,3483.17,10,-0.692045454545223
2025-10-21,2025,"Q4","2025/26","Q2","October",3466.26,3476.25727272727,3471.25863636364,9.9972727272725,-11.9113636363636
2025-10-22,2025,"Q4","2025/26","Q2","October",3479.55,3489.55,3484.55,10,13.2913636363637
2025-10-23,2025,"Q4","2025/26","Q2","October",3483.64,3493.63590909091,3488.63795454545,9.99590909090966,4.08795454545452
2025-10-24,2025,"Q4","2025/26","Q2","October",3477.29,3487.28727272727,3482.28863636364,9.99727272727296,-6.34931818181849
2025-10-27,2025,"Q4","2025/26","Q2","October",3474.33,3484.33,3479.33,10,-2.95863636363629
2025-10-28,2025,"Q4","2025/26","Q2","October",3473.15,3483.15,3478.15,10,-1.17999999999984
2025-10-29,2025,"Q4","2025/26","Q2","October",3465.91,3475.91,3470.91,10,-7.24000000000024
2025-10-30,2025,"Q4","2025/26","Q2","October",3465.48,3475.48,3470.48,10,-0.429999999999836
2025-10-31,2025,"Q4","2025/26","Q2","October",3473.95,3483.95,3478.95,10,8.4699999999998
2025-11-03,2025,"Q4","2025/26","Q2","November",3473.62,3483.62045454545,3478.62022727273,10.0004545454549,-0.329772727272484
2025-11-04,2025,"Q4","2025/26","Q2","November",3476.21,3486.21,3481.21,10,2.5897727272727
2025-11-05,2025,"Q4","2025/26","Q2","November",3483.17,3493.17,3488.17,10,6.96000000000004
2025-11-06,2025,"Q4","2025/26","Q2","November",3486.96,3496.96,3491.96,10,3.78999999999996
2025-11-07,2025,"Q4","2025/26","Q2","November",3493.56,3503.56,3498.56,10,6.59999999999991
2025-11-10,2025,"Q4","2025/26","Q2","November",3504.3,3514.3,3509.3,10,10.7400000000002
2025-11-11,2025,"Q4","2025/26","Q2","November",3539.27,3549.27,3544.27,10,34.9699999999998
2025-11-12,2025,"Q4","2025/26","Q2","November",3598.15,3608.15,3603.15,10,58.8800000000001
2025-11-13,2025,"Q4","2025/26","Q2","November",3626.67,3636.67,3631.67,10,28.52
2025-11-14,2025,"Q4","2025/26","Q2","November",3560.7,3570.71,3565.705,10.0100000000002,-65.9650000000001
2025-11-17,2025,"Q4","2025/26","Q2","November",3568.61,3578.60590909091,3573.60795454545,9.99590909090921,7.90295454545503
2025-11-18,2025,"Q4","2025/26","Q2","November",3586.88,3596.87863636364,3591.87931818182,9.99863636363625,18.2713636363633
2025-11-19,2025,"Q4","2025/26","Q2","November",3627.71,3637.71,3632.71,10,40.8306818181818
2025-11-20,2025,"Q4","2025/26","Q2","November",3636.27,3646.27,3641.27,10,8.55999999999995
2025-11-21,2025,"Q4","2025/26","Q2","November",3626.55,3636.55,3631.55,10,-9.7199999999998
2025-11-24,2025,"Q4","2025/26","Q2","November",3627.01,3637.01,3632.01,10,0.460000000000036
2025-11-25,2025,"Q4","2025/26","Q2","November",3621.71,3631.71,3626.71,10,-5.30000000000018
2025-11-26,2025,"Q4","2025/26","Q2","November",3620.23,3630.23,3625.23,10,-1.48000000000002
2025-11-27,2025,"Q4","2025/26","Q2","November",3620.06,3630.06,3625.06,10,-0.170000000000073
2025-11-28,2025,"Q4","2025/26","Q2","November",3625.09,3635.09,3630.09,10,5.0300000000002
2025-12-01,2025,"Q4","2025/26","Q2","December",3611.91,3621.91,3616.91,10,-13.1804545454552
2025-12-02,2025,"Q4","2025/26","Q2","December",3577.39,3587.39,3582.39,10,-34.52
2025-12-03,2025,"Q4","2025/26","Q2","December",3549.45,3559.45,3554.45,10,-27.9400000000001
2025-12-04,2025,"Q4","2025/26","Q2","December",3539.32,3549.32,3544.32,10,-10.1299999999997
2025-12-05,2025,"Q4","2025/26","Q2","December",3533.68,3543.68,3538.68,10,-5.64000000000033
2025-12-08,2025,"Q4","2025/26","Q2","December",3531.85,3541.85,3536.85,10,-1.82999999999993
2025-12-09,2025,"Q4","2025/26","Q2","December",3526.79,3536.79,3531.79,10,-5.05999999999995
2025-12-10,2025,"Q4","2025/26","Q2","December",3553.88,3563.87909090909,3558.87954545455,9.99909090909114,27.0895454545457
2025-12-11,2025,"Q4","2025/26","Q2","December",3556.91,3566.90954545455,3561.90977272727,9.99954545454557,3.03022727272719
2025-12-12,2025,"Q4","2025/26","Q2","December",3550.88,3560.88,3555.88,10,-6.02977272727276
2025-12-15,2025,"Q4","2025/26","Q2","December",3553.67,3563.66545454545,3558.66772727273,9.99545454545432,2.78772727272735
2025-12-16,2025,"Q4","2025/26","Q2","December",3555.68,3565.68,3560.68,10,2.01227272727238
2025-12-17,2025,"Q4","2025/26","Q2","December",3556.55,3566.55,3561.55,10,0.870000000000346
2025-12-18,2025,"Q4","2025/26","Q2","December",3563.74,3573.74136363636,3568.74068181818,10.0013636363637,7.19068181818147
2025-12-19,2025,"Q4","2025/26","Q2","December",3570.08,3580.07636363636,3575.07818181818,9.99636363636318,6.33749999999964
2025-12-22,2025,"Q4","2025/26","Q2","December",3591.39,3601.39,3596.39,10,21.3118181818186
2025-12-23,2025,"Q4","2025/26","Q2","December",3606.08,3616.07636363636,3611.07818181818,9.99636363636318,14.6881818181814
2025-12-24,2025,"Q4","2025/26","Q2","December",3605.53,3615.53045454545,3610.53022727273,10.0004545454544,-0.547954545453649
2025-12-29,2025,"Q4","2025/26","Q2","December",3612.74,3622.74272727273,3617.74136363636,10.0027272727275,7.21113636363589
2025-12-30,2025,"Q4","2025/26","Q2","December",3612.64,3622.64,3617.64,10,-0.101363636363658
2025-12-31,2025,"Q4","2025/26","Q2","December",3614.65,3624.65,3619.65,10,2.01000000000022
2026-01-02,2026,"Q1","2025/26","Q3","January",3620.32,3630.32,3625.32,10,5.67000000000007
2026-01-05,2026,"Q1","2025/26","Q3","January",3618.2,3628.2,3623.2,10,-2.12000000000035
2026-01-06,2026,"Q1","2025/26","Q3","January",3616.49,3626.49,3621.49,10,-1.71000000000004
2026-01-07,2026,"Q1","2025/26","Q3","January",3605.56,3615.56045454545,3610.56022727272,10.0004545454499,-10.9297727272751
2026-01-08,2026,"Q1","2025/26","Q3","January",3580.73,3590.71272727273,3585.72136363636,9.98272727272706,-24.8388636363611
2026-01-09,2026,"Q1","2025/26","Q3","January",3588.73,3598.71136363636,3593.72068181818,9.98136363636422,7.99931818181858
2026-01-12,2026,"Q1","2025/26","Q3","January",3599.74,3609.74181818182,3604.74090909091,10.0018181818186,11.020227272727
2026-01-13,2026,"Q1","2025/26","Q3","January",3582.97,3592.97,3587.97,10,-16.7709090909093
2026-01-14,2026,"Q1","2025/26","Q3","January",3557,3567,3562,10,-25.9699999999998
2026-01-19,2026,"Q1","2025/26","Q3","January",3478.49,3488.48545454545,3483.48772727273,9.99545454545432,-78.5122727272728
2026-01-20,2026,"Q1","2025/26","Q3","January",3458.59,3468.59045454545,3463.59022727273,10.0004545454544,-19.8975
2026-01-21,2026,"Q1","2025/26","Q3","January",3444.59,3454.59045454545,3449.59022727273,10.0004545454544,-14
2026-01-22,2026,"Q1","2025/26","Q3","January",3489.11,3499.11,3494.11,10,44.519772727273
2026-01-23,2026,"Q1","2025/26","Q3","January",3525.77,3535.77181818182,3530.77090909091,10.0018181818186,36.6609090909092
2026-01-27,2026,"Q1","2025/26","Q3","January",3557.77,3567.77318181818,3562.77159090909,10.0031818181815,32.0006818181814
2026-01-28,2026,"Q1","2025/26","Q3","January",3581.85,3591.84863636364,3586.84931818182,9.99863636363625,24.0777272727273
2026-01-29,2026,"Q1","2025/26","Q3","January",3564.51,3574.51454545455,3569.51227272727,10.0045454545457,-17.3370454545452
2026-01-30,2026,"Q1","2025/26","Q3","January",3558.18,3568.18272727273,3563.18136363636,10.002727272727,-6.3309090909097
2026-02-02,2026,"Q1","2025/26","Q3","February",3565.35,3575.35,3570.35,10,7.16863636363678
2026-02-03,2026,"Q1","2025/26","Q3","February",3563.5,3573.5,3568.5,10,-1.84999999999991
2026-02-04,2026,"Q1","2025/26","Q3","February",3558.18,3568.18,3563.18,10,-5.32000000000016
2026-02-05,2026,"Q1","2025/26","Q3","February",3555.02,3565.02,3560.02,10,-3.15999999999985
2026-02-06,2026,"Q1","2025/26","Q3","February",3554.17,3564.17,3559.17,10,-0.849999999999909
2026-02-09,2026,"Q1","2025/26","Q3","February",3554.44,3564.43954545455,3559.43977272727,9.99954545454511,0.269772727272539
2026-02-10,2026,"Q1","2025/26","Q3","February",3554.5,3564.5,3559.5,10,0.0602272727273885
2026-02-11,2026,"Q1","2025/26","Q3","February",3538.44,3548.44,3543.44,10,-16.0599999999999
2026-02-12,2026,"Q1","2025/26","Q3","February",3534.77,3544.77227272727,3539.77113636364,10.0022727272722,-3.66886363636377
2026-02-13,2026,"Q1","2025/26","Q3","February",3535.08,3545.07590909091,3540.07795454545,9.99590909090921,0.306818181818016
2026-02-17,2026,"Q1","2025/26","Q3","February",3529.89,3539.89363636364,3534.89181818182,10.0036363636368,-5.18613636363625
2026-02-18,2026,"Q1","2025/26","Q3","February",3539.2,3549.19590909091,3544.19795454545,9.99590909090966,9.3061363636366
2026-02-19,2026,"Q1","2025/26","Q3","February",3583.03,3593.03,3588.03,10,43.8320454545456
2026-02-20,2026,"Q1","2025/26","Q3","February",3588.86,3598.86227272727,3593.86113636364,10.0022727272735,5.83113636363669
2026-02-23,2026,"Q1","2025/26","Q3","February",3591.35,3601.35,3596.35,10,2.48886363636302
2026-02-24,2026,"Q1","2025/26","Q3","February",3581.53,3591.53,3586.53,10,-9.81999999999971
2026-02-25,2026,"Q1","2025/26","Q3","February",3586.12,3596.12,3591.12,10,4.58999999999969
2026-02-26,2026,"Q1","2025/26","Q3","February",3592.92,3602.92,3597.92,10,6.80000000000018
2026-02-27,2026,"Q1","2025/26","Q3","February",3595,3605,3600,10,2.07999999999993
2026-03-02,2026,"Q1","2025/26","Q3","March",3624.38,3634.37909090909,3629.37954545455,9.99909090909068,29.3795454545452
2026-03-03,2026,"Q1","2025/26","Q3","March",3677.12,3687.12136363636,3682.12068181818,10.0013636363637,52.7411363636365
2026-03-04,2026,"Q1","2025/26","Q3","March",3696.41,3706.40772727273,3701.40886363636,9.9977272727283,19.2881818181822
2026-03-05,2026,"Q1","2025/26","Q3","March",3674.27,3684.27,3679.27,10,-22.138863636364
2026-03-06,2026,"Q1","2025/26","Q3","March",3683.3,3693.30045454546,3688.30022727273,10.0004545454549,9.03022727272764
2026-03-09,2026,"Q1","2025/26","Q3","March",3750.08,3760.076,3755.078,9.99600000000009,66.7777727272723
2026-03-10,2026,"Q1","2025/26","Q3","March",3698.88,3708.87954545455,3703.87977272727,9.99954545454511,-51.1982272727273
2026-03-11,2026,"Q1","2025/26","Q3","March",3699.15,3709.15,3704.15,10.0000000000009,0.27022727272788
2026-03-12,2026,"Q1","2025/26","Q3","March",3732.59,3742.59045454545,3737.59022727273,10.0004545454544,33.4402272727266
2026-03-13,2026,"Q1","2025/26","Q3","March",3749.65,3759.65181818182,3754.65090909091,10.0018181818177,17.0606818181818
2026-03-16,2026,"Q1","2025/26","Q3","March",3766.06,3776.06090909091,3771.06045454545,10.0009090909089,16.4095454545454
2026-03-17,2026,"Q1","2025/26","Q3","March",3769.88,3779.87863636364,3774.87931818182,9.99863636363625,3.81886363636386
2026-03-18,2026,"Q1","2025/26","Q3","March",3758.85,3768.84818181818,3763.84909090909,9.99818181818227,-11.0302272727272
2026-03-19,2026,"Q1","2025/26","Q3","March",3771.67,3781.66863636364,3776.66931818182,9.9986363636358,12.8202272727272
2026-03-23,2026,"Q1","2025/26","Q3","March",3780.38,3790.37909090909,3785.37954545455,9.99909090909068,8.71022727272702
2026-03-24,2026,"Q1","2025/26","Q3","March",3752.52,3762.515,3757.5175,9.99499999999989,-27.8620454545453
2026-03-25,2026,"Q1","2025/26","Q3","March",3723.18,3733.18045454545,3728.18022727273,10.0004545454549,-29.3372727272726
2026-03-26,2026,"Q1","2025/26","Q3","March",3707.32,3717.31772727273,3712.31886363636,9.99772727272739,-15.8613636363634
2026-03-27,2026,"Q1","2025/26","Q3","March",3719.83,3729.83,3724.83,10,12.5111363636361
2026-03-30,2026,"Q1","2025/26","Q3","March",3743.06,3753.06045454545,3748.06022727273,10.0004545454549,23.2302272727275
2026-03-31,2026,"Q1","2025/26","Q3","March",3757.58,3767.57590909091,3762.57795454545,9.99590909090921,14.5177272727269
2026-04-01,2026,"Q2","2025/26","Q4","April",3734.94,3744.93523809524,3739.93761904762,9.99523809523816,-22.6403354978352
2026-04-02,2026,"Q2","2025/26","Q4","April",3748.89,3758.8880952381,3753.88904761905,9.99809523809563,13.9514285714286
2026-04-07,2026,"Q2","2025/26","Q4","April",3755.22,3765.22285714286,3760.22142857143,10.002857142857,6.33238095238039
2026-04-08,2026,"Q2","2025/26","Q4","April",3698.89,3708.88904761905,3703.88952380952,9.99904761904781,-56.3319047619043
2026-04-09,2026,"Q2","2025/26","Q4","April",3685.76,3695.76142857143,3690.76071428571,10.0014285714287,-13.1288095238092
2026-04-10,2026,"Q2","2025/26","Q4","April",3689.05,3699.04714285714,3694.04857142857,9.99714285714299,3.28785714285686
2026-04-13,2026,"Q2","2025/26","Q4","April",3728.13,3738.12761904762,3733.12880952381,9.99761904761908,39.0802380952382
2026-04-14,2026,"Q2","2025/26","Q4","April",3710.59,3720.58666666667,3715.58833333333,9.9966666666669,-17.5404761904761
2026-04-15,2026,"Q2","2025/26","Q4","April",3692.33,3702.33,3697.33,10,-18.2583333333337
2026-04-16,2026,"Q2","2025/26","Q4","April",3688.92,3698.92142857143,3693.92071428571,10.0014285714274,-3.40928571428594
2026-04-17,2026,"Q2","2025/26","Q4","April",3694.78,3704.77857142857,3699.77928571429,9.99857142857081,5.85857142857185
2026-04-20,2026,"Q2","2025/26","Q4","April",3704.25,3699.25,3701.75,-5,1.97071428571417
2026-04-21,2026,"Q2","2025/26","Q4","April",3698.19,3708.18761904762,3703.18880952381,9.99761904761999,1.43880952381005
2026-04-22,2026,"Q2","2025/26","Q4","April",3699.68,3709.68190476191,3704.68095238095,10.0019047619053,1.49214285714243
2026-04-23,2026,"Q2","2025/26","Q4","April",3708.3,3718.30142857143,3713.30071428571,10.0014285714283,8.61976190476162
2026-04-24,2026,"Q2","2025/26","Q4","April",3712.59,3722.59,3717.59,10,4.28928571428605
2026-04-27,2026,"Q2","2025/26","Q4","April",3711.78,3721.77857142857,3716.77928571429,9.99857142857081,-0.810714285714312
2026-04-28,2026,"Q2","2025/26","Q4","April",3715.51,3725.50857142857,3720.50928571429,9.99857142857081,3.72999999999956
2026-04-29,2026,"Q2","2025/26","Q4","April",3719.17,3729.17285714286,3724.17142857143,10.0028571428575,3.66214285714341
2026-04-30,2026,"Q2","2025/26","Q4","April",3744.52,3754.52,3749.52,10,25.3485714285712
2026-05-04,2026,"Q2","2025/26","Q4","May",3747.57,3757.57,3752.57,10,3.05000000000018
2026-05-05,2026,"Q2","2025/26","Q4","May",3760.16,3770.15904761905,3765.15952380952,9.99904761904781,12.5895238095236
2026-05-06,2026,"Q2","2025/26","Q4","May",3767.24,3777.24,3772.24,10,7.08047619047602
2026-05-07,2026,"Q2","2025/26","Q4","May",3743.4,3753.4,3748.4,10,-23.8399999999997
2026-05-08,2026,"Q2","2025/26","Q4","May",3742.93,3752.93428571429,3747.93214285714,10.0042857142862,-0.467857142857156
2026-05-11,2026,"Q2","2025/26","Q4","May",3749.84,3759.84,3754.84,10,6.90785714285721
2026-05-13,2026,"Q2","2025/26","Q4","May",3749.82,3759.82,3754.82,10,-0.0199999999999818
2026-05-14,2026,"Q2","2025/26","Q4","May",3743.71,3753.71,3748.71,10,-6.11000000000013
2026-05-15,2026,"Q2","2025/26","Q4","May",3746.27,3756.27,3751.27,10,2.55999999999995
2026-05-18,2026,"Q2","2025/26","Q4","May",3759.97,3769.97,3764.97,10,13.6999999999998
2026-05-19,2026,"Q2","2025/26","Q4","May",3763.27,3773.27,3768.27,10,3.30000000000018
2026-05-20,2026,"Q2","2025/26","Q4","May",3763.84,3773.84,3768.84,10,0.570000000000164
2026-05-21,2026,"Q2","2025/26","Q4","May",3770.95,3780.95,3775.95,10,7.10999999999967
2026-05-22,2026,"Q2","2025/26","Q4","May",3776.35,3786.35,3781.35,10,5.40000000000009
2026-05-25,2026,"Q2","2025/26","Q4","May",3770,3780,3775,10,-6.34999999999991
2026-05-26,2026,"Q2","2025/26","Q4","May",3765.89,3775.89,3770.89,10,-4.11000000000013
2026-05-28,2026,"Q2","2025/26","Q4","May",3773.94,3783.93619047619,3778.9380952381,9.9961904761908,8.04809523809536
2026-05-29,2026,"Q2","2025/26","Q4","May",3768.83,3778.82571428571,3773.82785714286,9.99571428571426,-5.11023809523795
2026-06-01,2026,"Q2","2025/26","Q4","June",3765.27,3775.27,3770.27,10,-3.5578571428573
2026-06-02,2026,"Q2","2025/26","Q4","June",3763.63,3773.63190476191,3768.63095238095,10.0019047619057,-1.63904761904678
2026-06-04,2026,"Q2","2025/26","Q4","June",3762.89,3772.88904761905,3767.88952380952,9.99904761904781,-0.741428571429424
2026-06-05,2026,"Q2","2025/26","Q4","June",3764.24,3774.23761904762,3769.23880952381,9.99761904761954,1.34928571428554
2026-06-08,2026,"Q2","2025/26","Q4","June",3770.41,3780.41380952381,3775.4119047619,10.0038095238097,6.17309523809536
2026-06-10,2026,"Q2","2025/26","Q4","June",3757.9,3767.90476190476,3762.90238095238,10.0047619047618,-12.5095238095237
2026-06-11,2026,"Q2","2025/26","Q4","June",3763.35,3773.35,3768.35,10,5.4476190476189
2026-06-12,2026,"Q2","2025/26","Q4","June",3747.79,3757.79333333333,3752.79166666667,10.0033333333336,-15.5583333333329
2026-06-15,2026,"Q2","2025/26","Q4","June",3707.03,3717.03238095238,3712.03119047619,10.0023809523805,-40.7604761904768
2026-06-16,2026,"Q2","2025/26","Q4","June",3694.62,3704.62,3699.62,10,-12.4111904761903
2026-06-17,2026,"Q2","2025/26","Q4","June",3650.32,3660.32,3655.32,10,-44.2999999999997
2026-06-18,2026,"Q2","2025/26","Q4","June",3647.9,3657.9,3652.9,10,-2.42000000000007
2026-06-19,2026,"Q2","2025/26","Q4","June",3638.02,3648.02,3643.02,10,-9.88000000000011
2026-06-22,2026,"Q2","2025/26","Q4","June",3640.56,3650.56,3645.56,10,2.53999999999996
2026-06-23,2026,"Q2","2025/26","Q4","June",3651.67,3661.67,3656.67,10,11.1100000000001
2026-06-24,2026,"Q2","2025/26","Q4","June",3686.62,3696.62,3691.62,10,34.9499999999998
2026-06-25,2026,"Q2","2025/26","Q4","June",3698.52,3708.52,3703.52,10,11.9000000000001
2026-06-26,2026,"Q2","2025/26","Q4","June",3678.54,3688.54,3683.54,10,-19.98
2026-06-29,2026,"Q2","2025/26","Q4","June",3663.33,3673.33,3668.33,10,-15.21
2026-06-30,2026,"Q2","2025/26","Q4","June",3660.1,3670.1,3665.1,10,-3.23000000000002
