"Date","Year","Quarter","FY","QFY","Month","DCS_NFA","DCS_NFA_CBK","DCS_NFA_CBK_OFA","DCS_NFA_ODC","DCS_NDA","DCS_DCL","DCS_DCL_NCCG","DCS_DCL_CCG","DCS_DCL_LCG","DCS_DCL_COS","DCS_DCL_COS_OFC","DCS_DCL_COS_SLG","DCS_DCL_COS_PNFC","DCS_DCL_COS_PRV","DCS_DCL_COS_PRV_LN","DCS_OIN","DCS_OIN_SOE","DCS_OIN_COA","DCS_OIN_OIN","DCS_M3","DCS_M3_FXD","DCS_M2","DCS_M2_OLCD","DCS_M1","DCS_M1_TLCD","DCS_M1_CODC"
2001-12-01,2001,"Q4","2001/02","Q2","December",1519.888169754,1174.448148354,1674.676361251,345.4400214,136.945578374,912.356943519,142.198293461,1799.444785915,1657.246492454,770.158650058,25.863791844,2.482588,10.171988496,731.640281718,731.640281718,-775.411365145,463.341954609,-138.034406511,-174.035004025,1656.833758509,336.186833,1320.646925509,408.080601,912.566324509,519.132459,393.433865509
2002-01-01,2002,"Q1","2001/02","Q3","January",1479.005400876,1103.475570476,1578.999643365,375.5298304,187.128566639,947.520401263,172.207918285,1783.688689107,1611.480770822,775.312482978,32.501008759,2.627234,8.933912899,731.25032732,728.25032732,-760.391834624,471.666777648,-130.235487205,-158.489569771,1666.133977896,350.299734,1315.834243896,395.141401,920.692842896,548.527525,372.165317896
2002-02-01,2002,"Q1","2001/02","Q3","February",1494.796084693,1116.215860293,1595.27327025,378.5802244,239.703403700999,1021.693967406,256.516296582,1845.779222895,1589.262926313,765.177670824,30.466928759,2.450963,8.279162721,723.980616344,720.980616344,-781.990563705001,515.405844109,-149.041361486,-117.543358110001,1734.499488394,362.538844,1371.960644394,401.747207,970.213437394,592.042009,378.171428394
2002-03-01,2002,"Q1","2001/02","Q3","March",1520.975506018,1142.374614618,1615.752272199,378.6008914,245.538949088,1037.567543445,330.732061825,1679.82281801,1349.090756185,706.83548162,29.790920497,2.205312,8.809275631,666.029973492,663.149973492,-792.028594357,536.640860135,-107.372661844,-148.015072378,1766.514459933,367.136597,1399.377862933,412.220052,987.157810933,588.439883,398.717927933
2002-04-01,2002,"Q2","2001/02","Q4","April",1563.868772861,1125.979129461,1594.036351763,437.8896434,234.895182628,1106.515288499,410.576902312,1726.497046998,1315.920144686,695.938386187,30.374902516,0.958946,8.700287987,655.904249684,653.024249684,-871.620105871,580.652208162,-91.900060937,-199.067836772,1798.763972705,399.220196,1399.543776705,425.436081,974.107695705,591.303433,382.804262705
2002-05-01,2002,"Q2","2001/02","Q4","May",1474.698186226,1057.263061826,1542.548123909,417.4351244,389.50581371,1286.757987629,515.782800203,1952.568316063,1436.78551586,770.975187426,30.846844521,1.185732,7.725678842,731.216932063,728.336932063,-897.252173919,588.8868235,-157.658992654,-150.706357765,1864.204010317,405.784535,1458.419475317,435.670147,1022.749328317,628.490569,394.258759317
2002-06-01,2002,"Q2","2001/02","Q4","June",1550.945660095,1078.525330695,1559.294059162,472.4203294,384.542410558999,1208.665960361,419.796201882,2181.56220493,1761.766003048,788.869758479,40.160257361,1.18798,8.671811268,738.84970985,736.22470985,-824.123549802001,577.164050547,-140.857243493,-106.102255762001,1935.487983035,444.895408,1490.592575035,465.878896,1024.713679035,617.493614,407.220065035
2002-07-01,2002,"Q3","2002/03","Q1","July",1568.078585853,1099.608425853,1572.044732917,468.47016,386.509568058001,1373.223012535,554.850258879,2214.472462171,1659.622203292,818.372753656,67.17676323,0.84544,8.293447632,742.057102794,739.432102794,-986.713444476999,604.774199305,-198.426383242,-183.512861929999,1954.588164292,440.042139,1514.546025292,470.636058,1043.909967292,645.082035,398.827932292
2002-08-01,2002,"Q3","2002/03","Q1","August",1519.000889161,1066.739995161,1531.706517538,452.260894,419.942694235,1316.38250738,485.038734453,2173.856515872,1688.817781419,831.343772927,70.18003423,1.010638,8.200864101,751.952236596,749.327236596,-896.439813145,598.183602395,-146.825498529,-151.430712221,1938.943593777,430.788387,1508.155206777,478.394728,1029.760478777,616.545153,413.215325777
2002-09-01,2002,"Q3","2002/03","Q1","September",1552.610019322,1112.292334922,1578.591124775,440.3176844,400.824552459,1264.673539896,470.011758118,2273.683009577,1803.671251459,794.661781778,32.23312023,0.911653,8.570865569,752.946142979,750.441142979,-863.848987437,607.860864466,-147.43741137,-108.550711601,1953.434582162,431.497264,1521.937318162,480.069688,1041.867630162,629.968642,411.898988162
2002-10-01,2002,"Q4","2002/03","Q2","October",1563.371680931,1170.093447531,1629.17763767,393.2782334,362.468281897,1248.165297684,417.341908322,2263.310070843,1845.968162521,830.823389362,33.497251393,0.717809,7.671783409,788.93654556,786.43154556,-885.697015787,642.142765672,-133.155689874,-110.398560241,1925.839973209,426.85714,1498.982833209,479.900968,1019.081865209,605.129866,413.951999209
2002-11-01,2002,"Q4","2002/03","Q2","November",1573.39662589,1164.34077349,1621.587780904,409.0558524,425.545525251,1352.299496458,484.690418246,2344.86041994,1860.170001694,867.609078212,36.659390418,0.771294,7.445243145,822.733150649,820.228150649,-926.753971207,653.758837977,-134.733839354,-138.261293876,1998.942161522,460.060165,1538.881996522,495.38425,1043.497746522,614.201397,429.296349522
2002-12-01,2002,"Q4","2002/03","Q2","December",1608.883526871,1268.053857471,1699.693835295,340.8296694,454.321731589002,1431.537342809,526.095296743001,2434.690259578,1908.594962835,905.442046066,35.18375423,1.184422,7.550923743,861.522946093,859.241071093,-977.215611219999,682.121289716,-160.102008289,-134.992313214999,2063.205268841,433.040297,1630.164971841,523.51628,1106.648691841,640.038807,466.609884841
2003-01-01,2003,"Q1","2002/03","Q3","January",1684.76467622,1258.33768322,1684.852010508,426.426993,360.991546689001,1468.500984357,486.056450895001,2314.637535165,1828.58108427,982.444533462,84.647855194,0.896351,8.622846594,888.277480674,886.027480674,-1107.509437668,734.491242192,-126.641151628,-246.377043848,2045.75623329,463.332216,1582.42401729,517.817075,1064.60694229,608.15203,456.45491229
2003-02-01,2003,"Q1","2002/03","Q3","February",1659.333317405,1216.444952405,1629.036577095,442.888365,541.289392705,1554.046069085,596.73355443,2258.399659685,1661.666105255,957.312514655,41.597310194,0.625502,8.105191778,906.984510683,904.734510683,-1012.75667638,714.728976464,-162.432758563,-135.594941353,2200.622720491,518.712538,1681.910182491,527.202345,1154.707837491,707.359633,447.348204491
2003-03-01,2003,"Q1","2002/03","Q3","March",1667.681762143,1184.345082743,1598.664413327,483.3366794,544.903169463,1612.522467831,632.366335974,2249.537972825,1617.171636851,980.156131857,40.634904853,6.927319,10.738161036,921.855746968,920.325746968,-1067.619298368,794.603692084,-126.853255983,-146.162350301,2212.584941987,530.139584,1682.445357987,513.800476,1168.644881987,724.756798,443.888083987
2003-04-01,2003,"Q2","2002/03","Q4","April",1736.503786476,1306.446749076,1601.730368463,430.0570374,476.538821506999,1644.37338343,679.917559884,2386.562322501,1706.644762617,964.455823546,38.49578778,6.485059,8.935283253,910.539693513,908.529693513,-1167.834561923,938.401782692,-218.692574401,-10.740204830001,2213.042618364,551.667078,1661.375540364,522.522866,1138.852674364,701.08836,437.764314364
2003-05-01,2003,"Q2","2002/03","Q4","May",1800.858363857,1210.433625857,1589.657767447,590.424738,584.904769917001,1829.911915612,839.130130961,2495.939912677,1656.809781716,990.781784651,44.175179503,0.866862,8.997060158,936.74268299,934.61268299,-1245.007145695,990.259845349,-143.741701477,-111.005598869,2385.763144155,615.335335,1770.427809155,527.117897,1243.309912155,778.274579,465.035333155
2003-06-01,2003,"Q2","2002/03","Q4","June",2056.351515815,1439.555116815,1912.374156192,616.796399,332.092704699,1282.440101876,290.201352968,2437.899442368,2147.6980894,992.238748908,52.650280472,0.787307,8.241754274,930.559407162,928.684407162,-950.347397177,745.264851774,-73.674157301,-131.408388102,2388.444230895,639.259025,1749.185205895,562.662857,1186.522348895,725.144796,461.377552895
2003-07-01,2003,"Q3","2003/04","Q1","July",2065.283413574,1489.103908174,1954.898860215,576.1795054,257.449613068999,1306.265321064,313.575252905,2501.259127894,2187.683874989,992.690068159,36.296747278,0.915936,8.726101344,946.751283537,943.876283537,-1048.815707995,741.551175217,-174.687855535,-132.576677243001,2322.733037024,606.587954,1716.145083024,543.476769,1172.668314024,708.926706,463.741608024
2003-08-01,2003,"Q3","2003/04","Q1","August",2053.85955944,1468.32603404,1927.291005728,585.5335254,318.613957476001,1335.811988372,330.909051288,2602.353177182,2271.444125894,1004.902937084,36.2112714,0.899395,8.828197226,958.964073458,955.989073458,-1017.198030896,688.66710797,-185.139432748,-143.391490177999,2372.473527297,578.688261,1793.785266297,560.943339,1232.841927297,711.556101,521.285826297
2003-09-01,2003,"Q3","2003/04","Q1","September",2044.36978124,1459.59363584,1932.141270995,584.7761454,338.423990978,1395.617945621,374.932909662,2105.60450782,1730.671598158,1020.685035959,41.647881034,0.882965,9.726634304,968.427555621,965.622555621,-1057.193954643,758.760747138,-166.455283477,-131.977924028,2382.793782599,597.598171,1785.195611599,570.396776,1214.798835599,741.325125,473.473710599
2003-10-01,2003,"Q4","2003/04","Q2","October",2038.176446122,1433.374910722,1893.354910262,604.8015354,313.024897003,1397.650127097,349.290583930001,2201.122923141,1851.832339211,1048.359543167,38.788432335,0.887611,8.496182944,1000.187316888,997.382316888,-1084.625230094,780.848247692,-160.668817709,-143.108164693,2351.201353506,627.783308,1723.418045506,564.685931,1158.732114506,672.768886,485.963228506
2003-11-01,2003,"Q4","2003/04","Q2","November",2043.404871239,1401.543283839,1855.576539614,641.8615874,399.62112365,1498.553804944,431.728021629,2373.482880924,1941.754859295,1066.825783315,36.204351612,0.815655,9.574209913,1020.23156679,1017.42656679,-1098.932681294,764.421291534,-166.693800046,-167.817589714,2443.025994889,641.558495,1801.467499889,561.138882,1240.328617889,739.551206,500.777411889
2003-12-01,2003,"Q4","2003/04","Q2","December",2230.454328584,1627.717704184,2056.924560106,602.7366244,202.741947822,1255.241025708,163.148102876,2339.130353118,2175.982250242,1092.092922832,35.870011549,0.96577,9.992509216,1045.264632067,1042.714632067,-1052.499077886,772.479272184,-158.487756688,-121.532049014,2433.196276406,613.498021,1819.698255406,581.258945,1238.439310406,692.207466,546.231844406
2004-01-01,2004,"Q1","2003/04","Q3","January",2208.608536107,1577.704393707,2010.809729752,630.9041424,263.693226532,1273.716367334,161.698643892001,2287.868576841,2126.169932949,1112.017723442,33.988815685,0.953087,10.461717245,1066.614103512,1064.064103512,-1010.023140802,744.226554739,-119.559719586,-146.236866477001,2472.301750617,616.649899,1855.651851617,586.676947,1268.974904617,732.808092,536.166812617
2004-02-01,2004,"Q1","2003/04","Q3","February",2230.995683843,1571.448777443,2005.910633986,659.5469064,314.954934265,1353.309256497,243.066338046,2281.583357867,2038.517019821,1110.242918451,35.660585591,0.509724,16.368098909,1057.704509951,1055.154509951,-1038.354322232,776.915640881,-99.383326125,-162.055355226,2545.950618108,645.509173,1900.441445108,595.199847,1305.241598108,771.502261,533.739337108
2004-03-01,2004,"Q1","2003/04","Q3","March",2355.604997602,1706.612840202,2015.834251935,648.9921574,167.746907385,1263.587246464,75.5829994380001,2290.863823693,2215.280824255,1188.004247026,45.821471601,0.565537,16.324993039,1125.292245386,1122.912245386,-1095.840339079,781.795350445,-158.795156744,-155.24983189,2523.351904987,639.296129,1884.055775987,605.738665,1278.317110987,756.52796,521.789150987
2004-04-01,2004,"Q2","2003/04","Q4","April",2365.429525519,1699.889275119,2017.608259876,665.5402504,100.271909242999,1191.389144752,18.7795187950001,2330.887712608,2312.108193813,1172.609625957,43.188582693,0.309066,17.171338846,1111.940638418,1109.560638418,-1091.117235509,773.906087104,-147.61529059,-169.595857815001,2465.701434762,659.543276,1806.158158762,599.87691,1206.281248762,682.335963,523.945285762
2004-05-01,2004,"Q2","2003/04","Q4","May",2493.836145142,1821.365058742,2116.609588948,672.4710864,-48.4861553459996,1025.957857518,-159.661317841,2417.677649564,2577.338967405,1185.619175359,46.140212819,0.113516,17.650487486,1121.714959054,1119.334959054,-1074.444012864,690.741013569,-156.684841499,-227.018157796,2445.349989796,652.229614,1793.120375796,585.183113,1207.937262796,703.965355,503.971907796
2004-06-01,2004,"Q2","2003/04","Q4","June",2314.999499977,1624.598096596,2006.708964718,690.401403381,272.25921266,1204.860594152,22.7138578839999,2280.694681421,2257.980823537,1182.146736268,45.948567525,0.361195,17.264392714,1118.572581029,1114.448592029,-932.601381492,669.380972452315,-108.7894231,-154.430985939685,2587.258712637,662.382821,1924.875891637,591.608168,1333.267723637,803.979452,529.288271637
2004-07-01,2004,"Q3","2004/05","Q1","July",2280.763821894,1626.165653513,2015.545278813,654.598168381,313.860518951,1281.000100572,99.5414845949999,2216.443485579,2116.902000984,1181.458615977,47.097377715,0.056682,15.111133559,1119.193422703,1115.068422703,-967.139581621,651.481344595315,-133.25211858,-182.406118445685,2594.624340845,669.150788,1925.473552845,616.807618,1308.665934845,761.866463,546.799471845
2004-08-01,2004,"Q3","2004/05","Q1","August",2196.59404852,1557.577029139,1974.565232879,639.017019381,401.936787368001,1280.5489243,84.4130969430007,2313.059984632,2228.646887689,1196.135827357,46.09863035,0.455936,15.583755528,1133.997505479,1129.872505479,-878.612136932,581.136062928315,-112.294486681,-185.181587322685,2598.530835888,655.817601,1942.713234888,605.378712,1337.334522888,793.095404,544.239118888
2004-09-01,2004,"Q3","2004/05","Q1","September",2293.844600459,1630.339156078,2025.462842875,663.505444381,288.810445367002,1325.250427243,130.920226344001,2391.346536765,2260.426310421,1194.330200899,46.144670075,0.254873,14.834181497,1133.096476327,1128.716476327,-1036.439981876,703.020314341315,-120.064789711,-213.354877823684,2582.655045826,653.974402,1928.680643826,621.176114,1307.504529826,765.142886,542.361643826
2004-10-01,2004,"Q4","2004/05","Q2","October",2251.047433452,1633.247919071,2018.590766587,617.799514381,356.680413083002,1353.41567684,132.706276999001,2406.833823051,2274.127546052,1220.709399841,46.08718664,0.609634,13.401294466,1160.611284735,1156.231284735,-996.735263756999,689.894126462315,-112.086759152,-194.754378142684,2607.727846535,634.092153,1973.635693535,623.560078,1350.075615535,807.448224,542.627391535
2004-11-01,2004,"Q4","2004/05","Q2","November",2327.376352151,1726.34769277,2068.220232928,601.028659381,330.415139656001,1473.453851465,233.202668281001,2674.579968094,2441.377299813,1240.251183184,52.510140861,0.322613,9.986022223,1177.4324071,1173.0524071,-1143.038711809,774.845661105315,-127.413308752,-240.779741951685,2657.791491807,649.773065,2008.018426807,646.123252,1361.895174807,810.798896,551.096278807
2004-12-01,2004,"Q4","2004/05","Q2","December",2511.867555264,1912.680552737,2251.916020259,599.187002527,134.810438921,1262.764187011,-28.3775137789999,2605.823363439,2634.200877218,1291.14170079,38.3959713,0.583674,14.319900979,1237.842154511,1233.842154511,-1127.95374809,783.465644464315,-155.972680305,-188.515423320685,2646.677994185,646.146880542,2000.531113643,672.512144,1328.018969643,739.411188201,588.607781442
2005-01-01,2005,"Q1","2004/05","Q3","January",2449.870831836,1842.157993455,2208.286053134,607.712838381,225.96611514,1255.301950442,-16.1805167690009,2695.981108355,2712.161625124,1271.482467211,34.851312113,0.205133,14.284199948,1222.14182215,1218.26682215,-1029.335835302,640.180629791315,-144.883684454,-244.271521056684,2675.836946976,621.394419,2054.442527976,645.279112,1409.163415976,830.776626,578.386789976
2005-02-01,2005,"Q1","2004/05","Q3","February",2149.789253824,1571.448777443,2005.910633986,578.340476381,570.28932742,1772.488957686,519.819731367,2564.887131188,2045.067399821,1252.669226319,35.055063459,0.352221,13.104571909,1204.157369951,1201.032369951,-1202.199630266,863.126597170315,-117.986480812,-221.086552283685,2720.078581244,628.600368,2091.478213244,640.457525,1451.020688244,874.528891,576.491797244
2005-03-01,2005,"Q1","2004/05","Q3","March",2501.434526751,1924.18446437,2252.854885249,577.250062381,301.449621442,1392.571959472,99.4050621399997,2546.033816677,2446.628754537,1293.166897332,35.198281783,0.041012,12.367369886,1245.560233663,1241.805233663,-1091.12233803,716.154559733315,-118.352800858,-256.614977438685,2802.884148193,633.401964,2169.482184193,637.687626,1531.794558193,940.607031,591.187527193
2005-04-01,2005,"Q2","2004/05","Q4","April",2811.901043004,2198.532571623,2518.211941884,613.368471381,-5.67521083624888,1192.098475028,-196.825632723,2581.975140656,2778.800773379,1388.924107751,34.793082849,0.11783,11.846200178,1342.166994724,1338.411994724,-1197.77368586425,787.146561483315,-191.764889888,-218.862234492934,2806.22583216775,663.35685099175,2142.868981176,674.629499,1468.239482176,875.449258,592.790224176
2005-05-01,2005,"Q2","2004/05","Q4","May",2612.258209366,2067.152831985,2379.511659648,545.105377381,177.202231887,1200.309674119,-126.412038773,2450.985013179,2577.397051952,1326.721712892,35.198867824,0.018028,11.88465247,1279.620164598,1275.865164598,-1023.107442232,661.090049677315,-113.513203783,-248.504188771685,2789.460441253,631.869592,2157.590849253,684.813929,1472.776920253,885.439004,587.337916253
2005-06-01,2005,"Q2","2004/05","Q4","June",2606.03656071305,1995.584988133,2273.85745975,610.45157258005,205.07757937195,1120.859027708,-172.739024298,2279.22795588,2451.966980178,1293.598052006,33.248864599,0.029429,11.836326116,1248.483432291,1247.108432291,-915.78144833605,563.60961141,-101.765484097,-250.40635282905,2811.114140085,653.251958089,2157.862181996,692.654443796,1465.2077382,860.147222,605.0605162
2005-07-01,2005,"Q3","2005/06","Q1","July",2570.02289326905,1996.223791689,2276.653276594,573.79910158005,306.33327091895,1249.386000021,-104.137605718,2153.524581024,2257.662186742,1353.523605739,33.742420599,0.362845,23.665358085,1295.752982055,1294.502982055,-943.05272910205,586.947420872,-100.687899595,-255.41740863505,2876.356164188,661.52722,2214.828944188,707.55717,1507.271774188,891.434709,615.837065188
2005-08-01,2005,"Q3","2005/06","Q1","August",2647.30048042005,2016.42065984,2315.352705121,630.87982058005,324.26440382195,1395.316446512,21.4716604379996,2343.820195883,2322.348535445,1373.844786074,33.781546265,0.359222,19.629467054,1320.074550755,1318.824550755,-1071.05204269005,670.927028435,-107.043226958,-293.08178729705,2971.564884242,714.364275,2257.200609242,741.787152,1515.413457242,900.795285,614.618172242
2005-09-01,2005,"Q3","2005/06","Q1","September",2580.36239042805,1995.593120926,2304.438969225,584.76926950205,325.08952901495,1428.099479915,21.6263576750002,2385.529191805,2363.90283413,1406.47312224,29.848573042,0,5.632694023,1370.991855175,1369.861855175,-1103.00995090005,709.063255739,-85.7431460370001,-308.20354912405,2905.451919443,679.316837523,2226.13508192,743.757933723,1482.377148197,863.911351403,618.465796794
2005-10-01,2005,"Q4","2005/06","Q2","October",2550.44791195405,2022.553991668,2316.914881821,527.89392028605,373.48730429395,1427.199611842,-6.71212960000003,2438.766064299,2445.478193899,1433.911741442,30.574386455,0.459438,21.491044992,1381.386871995,1380.256871995,-1053.71230754805,700.282214972,-83.7262254230001,-269.70386715305,2923.935216248,684.180881367,2239.754334881,746.742909043,1493.011425838,876.030485324,616.980940514
2005-11-01,2005,"Q4","2005/06","Q2","November",2437.9899387503,1971.226977402,2235.360903105,466.762961348301,580.176966692934,1590.399205445,80.6621592669999,2559.299169954,2478.637010687,1509.737046178,30.072846209,0.396313,29.003970961,1450.263916008,1446.706716008,-1010.22223875207,672.8555771686,-78.2828803820001,-259.083781201466,3018.16690544324,679.191569849235,2338.975335594,780.039797742,1558.935537852,910.555780406,648.379757446
2005-12-01,2005,"Q4","2005/06","Q2","December",2680.06726663405,2162.845139858,2415.71743674,517.22212677605,421.38550844595,1386.087546147,-58.8369239269996,2586.320577566,2645.157501493,1444.924470074,42.720857565,0.394245,18.91852593,1382.890841579,1382.140841579,-964.70203770105,705.94586261,-88.257456761,-170.49871833005,3101.45277508,665.801322834,2435.651452246,829.097976149,1606.553476097,896.330794626,710.222681471
2006-01-01,2006,"Q1","2005/06","Q3","January",3042.37372646805,2539.174420884,2554.932045749,503.19930558405,61.9988612347499,1089.850759701,-380.394582602,2513.359467572,2893.754050174,1470.245342303,46.645133515,0.01064,18.247041899,1405.342526889,1404.717526889,-1027.85189846625,753.5728830772,-97.9937519779999,-176.28526341105,3104.3725877028,682.8761688538,2421.496418849,774.413266035,1647.083152814,939.677485789,707.405667025
2006-02-01,2006,"Q1","2005/06","Q3","February",3016.02482686103,2542.653124769,2559.590668834,473.37170209203,111.40106886846,1138.06342814552,-339.61444836,2592.327469962,2931.941918322,1477.67787650552,52.18099577,0.306986,17.906104868,1407.28378986752,1406.65878986752,-1026.66235927706,760.30262536071,-102.62737078,-163.73236313635,3127.42589572949,683.45510043348,2443.97079529601,794.89914236132,1649.07165293469,930.60684978435,718.46480315034
2006-03-01,2006,"Q1","2005/06","Q3","March",3034.06897319805,2581.116779819,2593.091728748,452.95219337905,59.8139895559495,1367.319437269,-121.438156149999,2567.06276002,2688.50091617,1488.757593419,52.364862697,0.752493,17.843942837,1417.796294885,1417.171294885,-1307.50544771305,752.01922827,-99.352255339,-456.133964104051,3093.882962754,679.069731034,2414.81323172,789.067184955,1625.746046765,918.725911554,707.020135211
2006-04-01,2006,"Q2","2005/06","Q4","April",3101.99936951394,2625.025478936,2633.481901908,476.973890577935,54.2161361970648,1421.98240657,-104.873881381,2649.492404425,2754.366285806,1526.856287951,49.025883782,0.778651,18.803835806,1458.247917363,1457.622917363,-1367.76627037294,783.17577256956,-128.140547985,-456.449949818376,3156.215505711,713.56983086,2442.645674851,790.867555421,1651.77811943,945.677532942,706.100586488
2006-05-01,2006,"Q2","2005/06","Q4","May",3102.9612407642,2651.495365842,2660.708515286,451.465874922198,174.500025747509,1581.26420203913,-13.2111871970001,2730.201860466,2743.413047663,1594.47538923613,55.276758072,0.911885,17.678624775,1520.60812138913,1519.98312138913,-1406.76417629162,874.814756425245,-114.43948133392,-417.509938532454,3277.46126651171,705.069422504052,2572.39184400765,836.081921992681,1736.30992201497,1025.78881129039,710.521110724581
2006-06-01,2006,"Q2","2005/06","Q4","June",3061.60023828107,2593.145748097,2601.676048309,468.45449018407,210.00300430771,1561.32506597536,-104.32598576964,2635.929017039,2740.25500280864,1665.651051745,53.742219149,0.600368,23.194964744,1588.113499852,1587.488499852,-1351.32206166765,848.186775296,-71.547234687,-431.58805168465,3271.60324258878,706.64051746178,2564.962725127,858.535995904,1706.426729223,961.534268422,744.892460801
2006-07-01,2006,"Q3","2006/07","Q1","July",3449.12652014939,2889.787303447,2905.31386686,559.33921670239,-152.17149768831,1304.84634994601,-430.92863714799,2291.435732251,2722.36436939899,1735.774987094,53.878790118,1.999342,25.054226713,1654.842628263,1654.342628263,-1457.01784763432,843.371118225,-136.891577518,-476.75515189132,3296.95502246108,776.77759313708,2520.177429324,849.334017217,1670.843412107,906.387099842,764.456312265
2006-08-01,2006,"Q3","2006/07","Q1","August",3472.05597174805,2916.884020205,2932.65104474,555.17195154305,-17.0655364792503,1425.06804151555,-306.112936188,2410.321203074,2716.434139262,1731.18097770355,51.550402494,2.0627,12.349099713,1665.21877549655,1664.71877549655,-1442.1335779948,905.41285649165,-103.491619089,-433.229102414151,3454.9904352688,795.932251083,2659.0581841858,890.8559896678,1768.202194518,986.137373563,782.064820955
2006-09-01,2006,"Q3","2006/07","Q1","September",3420.69121648504,2922.746734366,2942.922031962,497.94448211904,10.7004692353005,1462.9487592229,-310.8525396491,2327.913719037,2638.7662586861,1773.801298872,53.369145736,2.092493,25.347376651,1692.992283485,1692.492283485,-1452.2482899876,908.370670517,-97.8059534500001,-446.071666020599,3431.39168572034,791.75611041134,2639.635575309,865.224839386,1774.410735923,996.64514988,777.765586043
2006-10-01,2006,"Q4","2006/07","Q2","October",3405.371374064,2920.972232989,2940.778812248,484.399141075,270.108535129099,1528.4111884648,-296.673202924,2504.08883653,2800.762039454,1825.0843913888,53.784223048,1.834735,32.09922262,1737.3662107208,1736.8662107208,-1258.3026533357,924.384126598,-69.256807241,-264.661719496701,3675.4840091931,786.134786894,2889.3492222991,906.3208839951,1983.028338304,1210.152171144,772.87616716
2006-11-01,2006,"Q4","2006/07","Q2","November",3466.96302070935,2882.179253121,2899.194427326,584.78376758835,164.73036128993,1550.84141323863,-296.70764123092,2745.334765472,3042.04240670292,1847.54905446955,57.435433353,1.681516,35.951412589,1752.48069252755,1751.98069252755,-1386.1110519487,913.45588430593,-67.4220051280201,-405.23316251475,3631.69338199928,826.276704613487,2805.41667738579,925.67228429068,1879.74439309511,1063.16875008311,816.575643012
2006-12-01,2006,"Q4","2006/07","Q2","December",3778.27970359592,3140.704282168,3158.521035507,637.57542142792,-152.031932182633,1275.79122148581,-536.589388974319,2602.153235499,3138.74262447332,1812.38061046013,53.692604937,1.729366,33.628297558,1723.33034196513,1722.83034196513,-1427.82315366844,807.889197499,-84.451461338,-535.482494831444,3626.24777073363,794.824037903627,2831.42373283,941.156487855,1890.267244975,1004.396446236,885.870798739
2007-01-01,2007,"Q1","2006/07","Q3","January",3854.15443978045,3191.39094889,3205.732895471,662.76349089045,-196.508862310271,1385.7730204437,-557.17447623048,2494.064999468,3051.23947569848,1942.94749667418,53.378632053,1.511125,23.277813527,1864.77992609418,1864.40492609418,-1582.28188275397,911.581384152,-137.10141364,-533.599084961971,3657.64557747018,847.00526335718,2810.640314113,892.862288999,1917.778025114,1044.189241098,873.588784016
2007-02-01,2007,"Q1","2006/07","Q3","February",3940.65182242265,3247.589809533,3251.556011874,693.06201288965,-208.72088646817,1454.82267875636,-504.254299237639,2524.106172306,3028.36047154364,1959.076977994,53.119711288,1.371713,23.241993496,1881.34356021,1880.96856021,-1663.54356522453,919.639010048,-103.808747468,-640.095807708531,3731.93093595448,880.50874369448,2851.42219226,910.164765472,1941.257426788,1093.790264577,847.467162211
2007-03-01,2007,"Q1","2006/07","Q3","March",3951.35921385555,3282.944540162,3302.562304372,668.41467369355,-77.7006833699297,1392.24871446305,-612.220796894949,2439.710770657,3051.93156755195,2004.469511358,95.95916496,1.246194,38.168145465,1869.096006933,1868.721006933,-1469.94939783298,915.597906013,-100.192755811,-454.15873600898,3873.66053048562,913.88251900962,2959.778011476,989.987588422,1969.790423054,1114.072185553,855.718237501
2007-04-01,2007,"Q2","2006/07","Q4","April",3958.66305755669,3278.726381437,3298.232004108,679.93667611969,-71.4177331288302,1440.15925548367,-597.96292541654,2696.616841653,3294.57976706954,2038.12218090021,96.768868637,1.143372,29.548517434,1910.66142282921,1910.28642282921,-1511.5769886125,889.516468765,-96.372517323,-525.6880025245,3887.24532442786,909.66475574836,2977.5805686795,1005.089770619,1972.4907980605,1138.8988294055,833.591968655
2007-05-01,2007,"Q2","2006/07","Q4","May",3961.44825709385,3289.619600525,3332.200089199,671.82865656885,-23.6946659548903,1651.5747008396,-446.7593375914,2931.645065173,3378.4044027644,2098.334038431,97.44483666,1.1092,33.695942403,1966.084059368,1965.709059368,-1675.26936679449,832.176258762,-67.358792594,-775.73431543849,3937.75359113896,892.54329734596,3045.210293793,990.449902261,2054.760391532,1225.184709111,829.575682421
2007-06-01,2007,"Q2","2006/07","Q4","June",3804.24799623905,3311.081525097,3341.333912237,493.16647114205,37.77291353595,1359.10817828195,-715.7944361,2825.148325282,3540.942761382,2074.90261438195,97.079702002,0.846355,34.640383372,1942.33617400795,1941.96117400795,-1321.335264746,790.643194096,-83.07613829,-447.61593236,3842.020909775,848.073564169,2993.947345606,1002.375936985,1991.571408621,1127.955382997,863.616025624
2007-07-01,2007,"Q3","2007/08","Q1","July",4427.41116227303,3951.91002839,3957.455371146,475.50113388303,-555.99018949427,1012.75456346268,-983.584327426001,2537.402611346,3520.986938772,1996.33889088868,97.125403057,0.887742,34.200132341,1864.12561349068,1863.87561349068,-1568.74475295695,983.60974956075,-94.61534055716,-490.51966283904,3871.42097260071,867.348082321,3004.07289027971,987.68794827319,2016.38494200652,1131.52600915942,884.8589328471
2007-08-01,2007,"Q3","2007/08","Q1","August",4700.11195788505,4140.472233345,4156.062426511,559.63972454005,-672.517432885244,1076.80616422614,-1024.91009017,2750.095686962,3775.005777132,2101.71625439614,67.785248899,0.565035,36.78221831,1996.58375218714,1996.58375118714,-1749.32359711138,1130.197162765,-75.701206602,-543.425227744385,4027.59452484476,939.883022000115,3087.71150284464,1010.92144967414,2076.7900531705,1163.9165612335,912.873491937
2007-09-01,2007,"Q3","2007/08","Q1","September",4242.73383529405,3776.632082365,3782.079066139,466.10175292905,-57.1840426246486,1232.39452588125,-930.366974531999,2995.093990944,3925.460965476,2162.76150041325,72.145417175,0.650949,41.299491279,2048.66564295925,2048.66564195925,-1289.5785685059,780.539307363,-70.470405685,-438.5688554579,4185.54979210935,977.61737759085,3207.9324145185,1064.985959361,2142.9464551575,1228.3893832455,914.557071912
2007-10-01,2007,"Q4","2007/08","Q2","October",4295.05466265005,3679.917130159,3699.578656481,615.13753249105,3.13487593900027,1441.660415561,-776.293303811,3339.941813548,4116.235117359,2217.953719372,76.622514423,0.269592,20.411773279,2120.64983967,2120.64983867,-1438.525539622,633.993794889,-105.838707837,-698.693036896,4298.189536478,1025.6332242,3272.556312278,1102.779028004,2169.777284274,1261.899492794,907.87779148
2007-11-01,2007,"Q4","2007/08","Q2","November",4191.6737796269,3628.995713726,3657.667871459,562.6780659009,297.26467381172,1635.63634551285,-625.48093736015,3736.270289889,4361.75122724915,2261.117282873,78.905007371,0.007492,29.756802279,2152.447981223,2152.447980223,-1338.37167170113,482.531316483,-69.063086419,-786.77726879913,4488.93852464857,1111.72627010482,3377.21225454375,1110.2195158,2266.99273874375,1292.40089573575,974.591843008
2007-12-01,2007,"Q4","2007/08","Q2","December",4958.64630811385,4351.434896644,4375.923427523,607.21141146985,-535.85521884665,1163.67038881702,-1109.93993746083,3624.76765545817,4734.707592919,2273.61032627785,78.808565349,0.130415,26.961992279,2167.70935364985,2167.70935264985,-1699.52560766367,1136.280868946,-25.316169673,-537.928569044667,4422.7910902772,1034.4778294632,3388.313260814,1101.293918153,2287.019342661,1264.688458132,1022.330884529
2008-01-01,2008,"Q1","2007/08","Q3","January",5185.20587667497,4532.873405769,4579.551973111,652.332470905973,-538.83749380952,1451.67473004106,-1022.53444888094,3481.970951105,4504.50539998594,2474.209178922,73.283953716,0.082607,30.254906279,2370.587711927,2370.587710927,-1990.51222385058,1337.201862501,-87.3754786729999,-565.93488267658,4646.36838286045,1091.77306563777,3554.59531722268,1185.345621806,2369.24969541668,1350.01219894768,1019.237496469
2008-02-01,2008,"Q1","2007/08","Q3","February",5201.00124694076,4462.16536556,4513.64560997,738.835881380761,-345.950101214822,1595.06904798493,-1003.53301073012,3560.68574249,4564.21875322012,2598.60205871505,65.537693913,0.00329,28.859592279,2504.20148252305,2504.20148252305,-1941.01914919975,1326.16006472015,-138.255058861,-476.604025618602,4855.05114572494,1164.90133164864,3690.1498140763,1214.099504635,2476.0503094413,1469.8692845163,1006.181024925
2008-03-01,2008,"Q1","2007/08","Q3","March",5198.56952149058,4522.017602208,4570.050325534,676.55191928258,-409.85661004101,1489.91855392622,-1141.26750297378,3308.059271063,4449.32677403678,2631.1860569,66.284400329,0.216565,28.495348279,2536.189743292,2536.189743292,-1899.77516396723,1366.09509127749,-93.584496446,-440.095576243743,4788.71291138757,1114.24164098618,3674.47127040139,1275.15209363,2399.31917677139,1405.53514509239,993.784031679
2008-04-01,2008,"Q2","2007/08","Q4","April",5058.07089862449,4478.418328888,4519.902819121,579.65256973649,-144.000425374479,1734.04714538485,-1018.1007056984,3351.943237434,4370.0439431324,2752.14785108325,67.062123875,0.002556,28.423690279,2656.65948092925,2656.65948092925,-1878.04757075933,1318.19240878309,-125.809117197,-434.04604477924,4914.07047315783,1076.36655988508,3837.70391327275,1333.80872586,2503.89518741275,1483.22136183975,1020.673825573
2008-05-01,2008,"Q2","2007/08","Q4","May",4998.90254314607,4302.255743906,4338.401468521,696.646799240068,65.9301523189492,1788.25680822999,-941.508318089441,3606.415752751,4547.92407084044,2729.76512631943,69.576968714,0.002933,30.180697279,2630.00452732643,2630.00452732643,-1722.32665591104,1172.53510609202,-90.704534342,-459.087015477018,5064.83269446002,1274.79602025152,3790.0366742085,1322.261106349,2467.7755678595,1442.7065909245,1025.068976935
2008-06-01,2008,"Q2","2007/08","Q4","June",5068.43510268946,4319.493981704,4379.033312543,748.941120985464,-30.5879870286003,1923.63454608784,-915.81550588516,3633.545904826,4549.36141071116,2839.450051973,66.085648524,0.094296,29.626590279,2743.64351717,2743.64351717,-1954.22253311644,1183.429374447,-103.339823786,-667.45333488344,5037.84711565462,1142.49333981362,3895.353775841,1394.613531501,2500.74024434,1426.255376571,1074.484867769
2008-07-01,2008,"Q3","2008/09","Q1","July",4858.24751621675,4348.23918327211,4408.395591957,510.008332944639,130.630324678023,2084.81046862354,-902.758117067859,3547.901207295,4450.65932436286,2987.5685856914,66.33323596,0.002563,24.910619279,2896.3221674524,2896.3221674524,-1954.18014394552,1217.37173413515,-135.666011197,-601.14239861337,4988.87784089354,1073.81700711043,3915.06083378311,1394.36607723533,2520.69475654778,1428.71325639878,1091.981500149
2008-08-01,2008,"Q3","2008/09","Q1","August",4605.88565669645,4189.787704779,4251.015981405,416.09795191745,410.58469317927,2272.26563424371,-757.49890572829,3787.570673809,4545.06957953729,3029.764539972,70.454767563,0.278749,25.245893279,2933.78513013,2933.78513013,-1861.68094106444,1152.536146267,-141.413439329,-567.731355468441,5016.47034955572,991.865051722306,4024.60529783341,1432.09300382327,2592.51229401014,1462.22622468714,1130.286069323
2008-09-01,2008,"Q3","2008/09","Q1","September",4485.43624303566,4192.154623121,4254.588817361,293.281619914655,511.315998846285,2325.63691649368,-838.821089400859,3841.284782702,4680.10587210286,3164.45800589454,76.206432326,0.194441,25.926262279,3062.13087028954,3062.13087028954,-1814.3209176474,1234.37282493315,-143.999477023,-435.948615691245,4996.75223997451,1023.49929082829,3973.25294914622,1390.819368828,2582.43358031822,1474.54387493822,1107.88970538
2008-10-01,2008,"Q4","2008/09","Q2","October",4764.19317688921,4378.9544715582,4442.4736255602,385.23870533101,663.479915471808,2625.97812886169,-662.15571134831,3958.250513544,4620.40622489231,3288.13384021,71.094723671,0.3143,23.865146279,3192.85967026,3192.85967026,-1962.49821338988,1603.220457083,-128.900255774,-230.377500532881,5427.67309136502,1275.50159165255,4152.17149971247,1517.77083929598,2634.40066041649,1514.08473328849,1120.315927128
2008-11-01,2008,"Q4","2008/09","Q2","November",4854.30805774572,4411.3065673037,4476.5101626277,443.00149044202,701.27949034974,2957.96451461296,-457.428786956039,4169.445105192,4626.87389214804,3415.393301569,105.035407662,0.246961,23.523552279,3286.587380628,3286.587380628,-2256.68502426322,1708.27180206,-65.384554146,-483.02866805722,5555.58754809246,1179.36219814187,4376.22534995059,1561.88261767598,2814.34273227461,1622.24867033611,1192.0940619385
2008-12-01,2008,"Q4","2008/09","Q2","December",4996.55066458262,4477.476530948,4518.78262669,519.07413363462,789.177032728699,2969.54524452258,-553.310582539421,4324.822747154,4878.13332969342,3522.855827062,93.255919626,0.449536,23.746713279,3405.403658157,3405.403658157,-2180.36821179388,1750.1952115341,25.58815186,-455.761152119779,5785.72769631691,1263.2151524278,4522.51254388911,1630.95714987523,2891.55539401388,1637.03154117188,1254.523852842
2009-01-01,2009,"Q1","2008/09","Q3","January",5017.56229123458,4590.450192347,4659.615609403,427.11209888758,827.396560054038,2766.18280981222,-764.24895309469,4416.97029989,5181.21925298469,3530.4317629069,65.242974414,0.450779,23.071517279,3441.6664922139,3441.6664922139,-1938.78624975818,1765.82693638795,121.99941409587,-294.958727466097,5844.95884476287,1285.56270754593,4559.39613721694,1679.86214657457,2879.53399064237,1633.98600978637,1245.547980856
2009-02-01,2009,"Q1","2008/09","Q3","February",4812.39407882004,4501.249913167,4571.595463188,311.14416565304,969.883163135759,2936.70095113668,-668.54138174749,4454.875481203,5123.41686295049,3605.24233288417,99.909507574,0,58.085075889,3447.24774942117,3447.24774942117,-1966.81778800092,1776.89838263784,13.85272336587,-203.772128728951,5782.2772832838,1179.13328832394,4603.14399495986,1643.36087673186,2959.783118228,1753.15884159,1206.624276638
2009-03-01,2009,"Q1","2008/09","Q3","March",5636.68700648844,5059.679135445,5145.706868196,577.00787104344,344.621049945611,2855.21557536107,-817.75014416349,3776.617067486,4594.36721164949,3672.96571952456,58.430376678,0.269876,58.36419295,3555.90127389656,3555.90127389656,-2510.59452541546,2223.84467555935,-98.4613465201291,-188.288503335983,5981.30805684405,1366.20202226016,4615.10603458389,1745.25843382898,2869.84760075491,1677.19979835591,1192.647802399
2009-04-01,2009,"Q2","2008/09","Q4","April",5559.50317255352,5066.7557049875,5267.90130205,492.74746756602,558.238448353417,3093.75009040383,-631.92179927525,4210.30710992358,4842.22890919883,3725.67188967908,57.975234098,0.111522,47.210289486,3620.37484409508,3620.37484409508,-2535.51164205041,2295.25859778535,-8.99931430441301,-231.253729960654,6117.74161000003,1336.29832109366,4781.44328890637,1832.99795946166,2948.44532944471,1734.01280721121,1214.4325222335
2009-05-01,2009,"Q2","2008/09","Q4","May",5955.11198071737,5352.195550158,5557.993419962,602.916430559375,317.951538347069,3119.48804424114,-651.64099049749,4446.0673119062,5097.70830240369,3771.12903473863,59.889775375,0.190252,37.692973823,3673.35603354063,3673.35603354063,-2801.53650589407,2377.59714672417,7.68562340958709,-431.624982579482,6273.06353780515,1427.65805604396,4845.40548176119,1822.48942292601,3022.91605883518,1785.85091674943,1237.06514208575
2009-06-01,2009,"Q2","2008/09","Q4","June",5639.02054195903,5031.810049984,5041.393274384,607.210491975027,658.567897456847,3157.43732741156,-543.942365095279,4577.17683575421,5121.11920084949,3701.37969250684,60.671149514,0.041069,37.268821656,3603.39865233684,3603.39865233684,-2498.86942995471,2289.37379373197,45.7168300809999,-255.212466303738,6297.58847152667,1376.91069603054,4920.67777549613,1942.50907740213,2978.168698094,1732.7362510868,1245.4324470072
2009-07-01,2009,"Q3","2009/10","Q1","July",5786.10155301314,5171.866253444,5265.972470545,614.235299569136,379.45031992255,3177.40186241801,-728.214797953109,4575.39875218931,5303.61355014242,3905.61666037112,59.170936586,0.029114,60.291038041,3786.12557174412,3786.12557174412,-2797.95154249546,2290.25080838146,6.447018864,-514.147752977997,6165.55189192269,1363.53979424471,4802.01209767797,1894.8374395337,2907.17465814427,1636.64160722168,1270.53305092259
2009-08-01,2009,"Q3","2009/10","Q1","August",5522.89306409264,4927.015516771,5345.839102006,595.877547321645,780.869057562034,3421.65720461166,-437.37439827396,5111.26557413969,5548.63997241365,3859.03160288562,78.743779657,0.147219,59.405575634,3720.73502859462,3720.73502859462,-2640.78814704963,2379.95419750777,15.97693811267,-276.810887654525,6303.76209362406,1384.20828005307,4919.55381357099,1907.8632959404,3011.69051763059,1754.35823645858,1257.33228117201
2009-09-01,2009,"Q3","2009/10","Q1","September",5496.14242505873,4938.801884964,5356.556086208,557.340540094727,804.38288145882,3086.11649929655,-756.762119794409,4814.81412722789,5571.5762470223,3842.87861909096,65.089354138,0.218569,57.708290339,3719.86240561396,3719.86240561396,-2281.73361783773,2097.40535278118,-6.53358062808991,-177.794684428454,6300.52526563701,1360.24344533974,4940.28182029727,1914.99993921585,3025.28188108141,1816.93295762905,1208.34892345236
2009-10-01,2009,"Q4","2009/10","Q2","October",5278.2226320525,4803.183955633,5231.136086763,475.038676419496,1096.49858079446,3354.87277699902,-724.042425706049,4620.82950063076,5344.87192633681,4078.91520270507,66.267456932,0.212267,55.740754185,3956.69472458807,3956.69472458807,-2258.37419620455,2006.89846142388,-43.27087708763,-208.204857693039,6374.7211704431,1343.47877465722,5031.24239578587,2021.34641500798,3009.8959807779,1795.57804365808,1214.31793711982
2009-11-01,2009,"Q4","2009/10","Q2","November",5026.83471281758,4735.990963328,5167.023530702,290.84374948958,1400.90479075895,3541.82156494816,-475.9647415666,5022.81416478354,5498.77890635014,4017.78630651476,80.915806824,0.015394,39.155773185,3897.69933250576,3897.69933250576,-2140.91677418921,2005.62147510665,-21.6745996321499,-113.620699450402,6427.73947674372,1283.04335078109,5144.69612596263,2005.99732382232,3138.69880214031,1888.59155774479,1250.10724439552
2009-12-01,2009,"Q4","2009/10","Q2","December",5216.25860286452,4833.057980014,5260.69767021,383.200622850515,1528.8024346846,3498.9367917187,-620.21282181185,4746.76438032215,5366.977202134,4119.14961353055,70.574793856,0.013519,53.278586185,3995.28271448955,3995.28271448955,-1970.1343570341,1966.70483965997,-12.42248992621,8.99297255208,6745.06103741876,1412.62122298383,5332.43981443493,2077.08499646632,3255.35481796861,1925.60557439077,1329.74924357784
2010-01-01,2010,"Q1","2009/10","Q3","January",5462.15663988759,4945.59619594,5357.358116628,516.560443947587,1270.39246719681,3539.13459494232,-605.570096087907,4906.36534952312,5511.93544561102,4144.70469103023,66.376921323,0.011733,53.246052041,4025.06998466623,4025.06998466623,-2268.74212774552,2139.94468766747,-56.7124447982,-72.0849952798445,6732.54911662092,1437.13112670937,5295.41798991155,2087.38539793727,3208.03259197428,1908.18783190982,1299.84476006446
2010-02-01,2010,"Q1","2009/10","Q3","February",5601.74342330806,5175.800952558,5597.054296233,425.942470750064,1588.60638022895,3692.23741363929,-711.41492236101,5611.85686108179,6323.2717834428,4403.6523360003,30.563447442,0.089266873,45.058142041,4327.94147964431,4318.99303744731,-2103.63103341034,2190.81695546213,56.5104869417306,30.6754351100585,7190.34856754397,1487.11846685745,5703.23010068651,2337.9387476258,3365.29135306072,2089.18937858104,1276.10197447968
2010-03-01,2010,"Q1","2009/10","Q3","March",5565.31942961176,5136.242937527,5571.402007442,429.076492084756,1794.08494091214,3957.84990811253,-524.138777835862,5484.75293602399,6008.89171385985,4481.98868594839,31.178758915,0.15108934225,45.259374541,4405.39946315014,4391.10640978414,-2163.76496720039,2212.67603160349,-21.844414674659,70.7554790777544,7359.40451516485,1497.93581243593,5861.46870272892,2515.42698442702,3346.0417183019,2050.42633379004,1295.61538451186
2010-04-01,2010,"Q2","2009/10","Q4","April",5835.26116627647,5244.996589535,5731.279979064,590.264576741468,1859.07567555529,3774.1095225467,-762.744217248291,5365.86801509415,6128.61223234244,4536.85373979499,32.828852218,0.946914042,47.942304041,4455.13566949399,4434.58579677899,-1915.03384699141,2268.30446489606,171.219371410305,182.05124649435,7694.29278387421,1762.38191130111,5931.91087257311,2577.14625386684,3354.76461870627,2027.16017525857,1327.6044434477
2010-05-01,2010,"Q2","2009/10","Q4","May",5621.01240338991,5067.371557761,5576.347172287,553.640845628917,2435.17394249505,4333.55451732468,-362.783214808851,6247.46427619773,6610.24749100658,4696.33773213353,31.850167095,0.937523791,41.624948041,4621.92509320653,4599.27582566453,-1898.38057482963,2347.52135749139,193.311462179828,255.82932048193,8056.18664473056,1829.14378744747,6227.04285728308,2633.56610419781,3593.47675308527,2258.25542233807,1335.2213307472
2010-06-01,2010,"Q2","2009/10","Q4","June",5779.47900379705,5200.290827884,5443.931714789,579.188175913049,2608.91324735441,4884.220437762,92.4792178123807,5595.24699459488,5502.7677767825,4791.74121994962,32.850218991,0.870248401,52.569270041,4705.45148251662,4677.63097373662,-2275.30719040759,2513.0824011031,193.755147939746,44.0200627557696,8388.3922534882,1885.87716042674,6502.51509306146,2737.5640928969,3764.95100016456,2331.03535438678,1433.91564577778
2010-07-01,2010,"Q3","2010/11","Q1","July",5620.4608050304,5230.534220525,5482.17495769643,389.926584505404,2488.30504642857,4732.21441593201,-174.73866040092,6133.43954765198,6308.1782080529,4906.95307633293,32.029638239,1.404775921,51.588672041,4821.92999013193,4795.73630652193,-2243.90936950344,2558.77582274517,34.990591909339,279.875861332394,8108.73064959206,1851.23017656079,6257.50047303127,2699.90253420945,3557.59793882182,2106.11518350604,1451.48275531578
2010-08-01,2010,"Q3","2010/11","Q1","August",6104.50605697235,5609.655761194,5720.61608480848,494.850295778352,2471.04427955867,4778.32172484414,-190.18223696814,6143.58080006117,6333.76303702931,4968.50396181228,34.670139973,0.864768887,45.486447041,4887.48260591128,4876.91868355128,-2307.27744528547,2565.51734312119,77.40771773591,180.832180099816,8575.550647497,1985.11304530194,6590.43760219505,2751.96953753242,3838.46806466264,2374.93391424123,1463.53415042141
2010-09-01,2010,"Q3","2010/11","Q1","September",5938.74949637563,5461.596184804,5477.2241702367,477.15331157163,2794.31846047115,5291.84188365595,208.725586636739,6275.94559180626,6067.22000516952,5083.11629701921,34.670960333,1.020060947,31.873810041,5015.55146569821,5001.08721110821,-2497.5234231848,2658.12443850479,14.215863090157,146.385152229832,8733.07038462069,2030.95371706128,6702.11666755941,2876.8197666733,3825.29690088611,2373.95151574443,1451.34538514168
2010-10-01,2010,"Q4","2010/11","Q2","October",6223.82674917005,5792.207457887,5766.83929950608,431.619291283055,2698.06089533633,5639.60780901167,283.3487610589,6392.41296590052,6109.06420484162,5356.25904795277,35.561734248,1.070053947,31.809575041,5287.81768471677,5272.72217168677,-2941.54691367534,2841.29961106245,-147.456911115268,47.2096085023768,8921.89219756051,2078.01934115441,6843.8728564061,2915.13614507311,3928.736711333,2405.80237487843,1522.93433645457
2010-11-01,2010,"Q4","2010/11","Q2","November",6503.1497299653,5912.048744622,6590.07505102243,591.100985343294,2948.26945731996,5809.6685338252,277.64640509352,7400.06286830408,7122.41646321056,5532.02212873168,37.639699599,0.961161,43.764811941,5449.65645619168,5441.43207019168,-2861.39907650524,3092.75996096628,26.4753529217656,204.88553153927,9451.42161269262,2163.40692467808,7288.01468801454,2951.41524433254,4336.599443682,2724.48462506843,1612.11481861357
2010-12-01,2010,"Q4","2010/11","Q2","December",6169.1831449068,5792.673035949,5735.48116914648,376.510108957805,3375.24324417158,6178.30683018489,445.005845061949,6815.62705065398,6370.62120559203,5733.30098512295,37.187822083,1.185575,29.259021041,5665.66856699895,5657.99271705895,-2803.06358601331,2886.68474077273,-119.009701894164,202.630856653583,9544.42297410179,2146.77371281982,7397.64926128196,3015.44331241209,4382.20594886987,2611.45805307343,1770.74789579644
2011-01-01,2011,"Q1","2010/11","Q3","January",6206.92906461875,5550.325499974,5514.77573123314,656.60356464475,3305.57781789196,6506.24679453476,680.278128139959,6134.87063302961,5454.59250488965,5825.9686663948,33.9363386,1.167231,40.234578871,5750.6305179238,5741.8543854508,-3200.6689766428,2947.35634441153,-334.946169159217,81.6335369279437,9512.51089336285,2240.65673586021,7271.85415750265,2993.47279698323,4278.38136051942,2479.38448720343,1798.99687331599
2011-02-01,2011,"Q1","2010/11","Q3","February",6453.34312382612,5761.49953343917,5652.65993566808,691.843590386957,3286.24071452558,6494.62245541304,506.989487262341,7214.43300584951,6707.44351858717,5987.6329681507,36.049294503,1.153525,29.036018191,5921.3941304567,5912.4305439067,-3208.38174088746,3267.48555609507,-360.379297232828,419.483112440441,9739.58821067201,2236.36999540543,7503.21821526658,2977.95391269716,4525.26430256942,2739.47069287943,1785.79360968999
2011-03-01,2011,"Q1","2010/11","Q3","March",5899.05327207047,5312.07652292,5288.3960311985,586.976749150476,3955.82721987827,7217.30636261953,1107.09220317865,7431.97585913337,6324.88365595472,6110.21415944088,34.601566921,1.043935,40.604033566,6033.96462395388,6025.85286052388,-3261.47914274126,3258.9133109728,-238.417723408108,235.851891639655,9854.87822100005,2340.41885461351,7514.45936638653,3112.71034219366,4401.74902419287,2650.17230069843,1751.57672349444
2011-04-01,2011,"Q2","2010/11","Q4","April",6638.554371826,6037.927049192,5484.68180655422,600.627322634005,3183.48189564619,6572.4970572732,370.867450781599,7491.0020521312,7120.1346013496,6201.6296064916,35.467357004,1.024984,38.581686566,6126.5555789216,6118.2570105416,-3389.015161627,3243.53548224366,-266.755793692722,121.276114309379,9822.03753334406,2281.88151192452,7540.15602141953,3132.74287252617,4407.41314889337,2603.20658303443,1804.20656585894
2011-05-01,2011,"Q2","2010/11","Q4","May",6316.59807794159,5922.792426322,5578.91488357224,393.805651619587,3708.20217878072,7028.39294173873,586.067138573798,7865.20724732432,7279.14010875052,6442.32580316493,38.04250397,1.005481,38.444972566,6364.83284562893,6356.50578843893,-3320.19076295802,3355.29269000153,-13.9224453774901,49.0243724210093,10024.8002640525,2313.46337945714,7711.33688459533,3151.68993883496,4559.64694576036,2785.05951144442,1774.58743431594
2011-06-01,2011,"Q2","2010/11","Q4","June",6668.50128670375,6177.350147899,5360.41391244177,491.151138804748,3873.88781633089,7528.13222793369,692.168281548709,7729.61328792822,7037.44500637951,6835.96394638498,39.889731717,0.905061,38.807424566,6756.36172910198,6739.72315958198,-3654.2444116028,3552.2311265085,-73.8247520627763,-28.1885330315262,10542.3853829846,2485.96706294492,8056.41832003971,3365.41994746934,4690.99837257037,2802.91611827043,1888.08225429994
2011-07-01,2011,"Q3","2011/12","Q1","July",6621.72665756686,6089.128141105,7089.57842054397,532.598516461862,3928.68975947437,7612.23276902556,727.600820782489,7829.357328525,7101.75650774251,6884.63194824307,39.781435831,0.882493,37.290154585,6806.67786482707,6793.28135065707,-3683.54300955118,3482.05973016785,-281.375050833355,79.8917714500208,10550.4202927098,2507.01455416296,8043.40573854681,3536.60712519545,4506.79861335137,2541.60181963443,1965.19679371694
2011-08-01,2011,"Q3","2011/12","Q1","August",7208.14534141946,6385.72917367,8057.73394520288,822.416167749458,3747.73260104122,7880.94163090638,709.967585459939,8093.89362987354,7383.9260444136,7170.97404544644,36.957032294,1.31349,38.429375656,7094.27414749644,7074.88017017644,-4133.20902986517,4008.59371505605,-230.021196251969,105.405881442857,10955.875431039,2883.21146639798,8072.663964641,3330.22696985183,4742.43699478917,2672.92670909123,2069.51028569794
2011-09-01,2011,"Q3","2011/12","Q1","September",6716.55647237381,6062.7082298128,6418.3986014248,653.848242561005,4110.77365385491,8447.77610253261,959.517384267944,8143.66509312534,7184.1477088574,7488.25871826466,36.1824519925714,0.80778555,38.352442806,7412.91603791609,7398.22983888323,-4337.00244867769,4045.06721727373,-336.820871649717,44.8856402457558,10827.3325307966,2942.96526546042,7884.36726533618,3346.41876186232,4537.94850347385,2569.88982862543,1968.05867484842
2011-10-01,2011,"Q4","2011/12","Q2","October",6154.8839718073,5692.65265036,6004.223576994,462.231321447298,4486.78521480832,8191.24191343452,782.130756413257,8433.35445903151,7651.22370261825,7409.11115702126,35.4673325145714,3.44367267,41.120304296,7329.07984754069,7308.92471039783,-3704.4566986262,3677.82491774525,-42.9493086075505,16.3175277265993,10641.6691846324,2745.23781336207,7896.43137127033,3277.59871301247,4618.83265825785,2648.15218150643,1970.68047675142
2011-11-01,2011,"Q4","2011/12","Q2","November",6239.50446433253,5718.512158792,6110.172901481,520.992305540534,4416.26805379744,8202.193379606,709.429729836556,8715.02188724693,8005.59215741037,7492.76364976945,37.0065383245714,3.2487766,43.5150759,7408.99325894488,7392.47745780202,-3785.92532580857,3564.1913686625,-100.062722455701,-121.671234690363,10655.7725203686,2790.1707001754,7865.60182019316,3296.06423922748,4569.53758096568,2556.8934012682,2012.64417969747
2011-12-01,2011,"Q4","2011/12","Q2","December",6321.74175570849,5737.479931456,5974.869164362,584.261824252488,4294.21891883162,7729.66717231581,239.381756528658,8112.87997493446,7873.4982184058,7490.28541578715,36.9439744881429,0.68310067,43.221238664,7409.437101965,7401.58694782215,-3435.44825348419,3394.90399071287,-23.9081411268643,-16.636121644454,10615.9606751131,2787.93490732531,7828.02576778778,3285.64280215198,4542.38296563581,2468.29953251043,2074.08343312538
2012-01-01,2012,"Q1","2011/12","Q3","January",5828.02905726176,5639.966059775,5881.197083235,188.062997486757,4322.79862601743,7601.84344828526,223.792770086218,8310.21528927952,8086.4225191933,7378.05067819904,42.3733310350729,0.667458126,39.04286565523,7295.96702338274,7284.28920423989,-3279.04482226784,3194.7977757207,-43.9271611416982,-40.3198854054391,10150.8276858841,2577.83945191988,7572.98823396424,3129.02192199994,4443.96631196429,2456.40277479012,1987.56353717417
2012-02-01,2012,"Q1","2011/12","Q3","February",6480.20649916126,6143.700365896,6063.41335257224,336.506133265257,3952.08470088631,7484.91009386743,75.0496608339981,9313.04750934235,9237.99784850835,7409.86043303344,48.1352813564729,0.489614002,38.750493202,7322.48504447296,7315.11416233011,-3532.82539298112,3351.66910779368,-78.2712476622707,-102.885037525168,10432.291201211,2565.1324487445,7867.15875246652,3234.55433367578,4632.60441879074,2714.08653810864,1918.5178806821
2012-03-01,2012,"Q1","2011/12","Q3","March",7088.54636590021,6495.186281607,6348.510984225,593.360084293212,3622.63408242624,7299.73907766046,-256.27342203533,8941.99174972401,9198.26517175934,7556.01249969579,33.9699920807143,0.360317003,41.549545921,7480.13264469108,7471.11909696822,-3677.10499523423,3690.46850097937,30.4868290411254,-17.1233232959792,10711.1826071758,2885.76371264148,7825.41889453433,3258.1551240852,4567.26377044913,2682.4496936867,1884.81407676243
2012-04-01,2012,"Q2","2011/12","Q4","April",7173.63651080776,6610.357515644,6374.18760704984,563.278995163764,3399.84732278836,7296.92685595888,-284.726005576926,9128.97220446295,9413.69821003988,7581.65286153581,35.0951888447143,0.339749612,38.905637502,7507.31228557709,7499.49789568424,-3897.07953317052,3732.60710517994,-83.6001750036062,-80.8722529869798,10573.4841834177,2896.13021076382,7677.35397265387,3196.28486530673,4481.06910734714,2630.35255452243,1850.71655282471
2012-05-01,2012,"Q2","2011/12","Q4","May",7097.41484092814,6633.12553477263,6402.8233150192,464.289306155518,3667.98622018152,7322.07741610033,-280.056028180625,9430.1801420495,9710.23617023012,7602.13344428096,35.1138802677143,0.325977435,37.9731043,7528.72048227824,7520.71279244538,-3654.09119591881,3570.22110930051,-122.745828588258,38.8757419699548,10765.4011446351,2976.91104382693,7788.49010080819,3319.53406485478,4468.95603595342,2643.08473802081,1825.87129793261
2012-06-01,2012,"Q2","2011/12","Q4","June",7894.29497290155,6845.2216194699,6534.8510112849,1049.07335343165,3449.46044836948,7127.67883784717,-568.817204615401,9291.04599388096,9859.86319849636,7696.49604246257,34.7903881768571,0.314648393,38.628249148,7622.76275674471,7614.99539503043,-3678.21838947769,3516.69461619052,10.8500187712335,-172.373792058397,11343.7530364712,3575.38999399375,7768.36304247742,3347.80704010254,4420.55600237488,2486.40857984113,1934.14742253375
2012-07-01,2012,"Q3","2012/13","Q1","July",7660.67769892414,7347.230605036,7006.73050642,313.44709388814,3157.27383603479,6832.76520069358,-843.506252642723,9518.93610571686,10362.4423583596,7676.27145333631,36.4572449618571,0.320041092,36.525573231,7602.96859405145,7595.90008384716,-3675.49136465879,3566.94343072194,-8.61858017906918,-99.929353757779,10817.9564012647,3142.91069088273,7675.04571038196,3432.15046109814,4242.89524928382,2342.69881703115,1900.19643225267
2012-08-01,2012,"Q3","2012/13","Q1","August",7807.8703414485,7406.524685668,7068.272546942,401.3456557805,3631.28514281148,7499.89934572226,-222.618530815713,10063.2491479116,10285.8676787273,7722.51787653797,36.8231907438571,0.298098,34.58057642523,7650.81601136888,7644.6285070466,-3868.61420291078,3751.65955719365,-24.3455164298575,-92.6091292872765,11439.1480928179,3218.41999718305,8220.7280956348,3575.78939964599,4644.93869598881,2661.71220573492,1983.22649025389
2012-09-01,2012,"Q3","2012/13","Q1","September",8222.32247965096,7587.215600459,7329.527001209,635.106879191959,3500.74062332609,7562.80728486926,-359.320741960229,9781.17091751072,10140.4916594709,7922.12802682949,35.9980548631429,0.304976378,35.158793977723,7850.66620161062,7844.14738375105,-4062.06666154317,3982.90651078877,-65.674192987935,-13.4859577664629,11723.0631098553,3375.79272741665,8347.27038243862,3570.72639463146,4776.54398780716,2808.47330312778,1968.07068467938
2012-10-01,2012,"Q4","2012/13","Q2","October",8286.14870883963,7843.554312364,7503.7537507629,442.594396475628,3080.88707644334,7530.95573766492,-524.758362259829,9695.10053548074,10219.8588977406,8055.71409992475,36.4830386531429,1.093833698,35.52385545923,7982.61337211438,7974.7647364438,-4450.06866122157,4143.6083269654,4.13025658566065,-310.590590841831,11367.0371423875,3241.04803543364,8125.98910695388,3392.27756260886,4733.71154434502,2791.38260209653,1942.32894224849
2012-11-01,2012,"Q4","2012/13","Q2","November",8533.4628944469,7951.913412984,7675.71932245018,581.549481462898,3627.01568865093,8208.28617891809,-54.4026939542873,10340.3445813058,10394.7472752601,8262.68887287238,35.2222389891429,1.055607042,47.276845539,8179.13418130223,8164.04140252366,-4581.27049026716,4410.69059368415,2.61411010154621,-173.19400668455,12160.4784107742,3329.41780740995,8831.06060336424,3493.27834696626,5337.78225639798,3221.1764293672,2116.60582703078
2012-12-01,2012,"Q4","2012/13","Q2","December",8468.41100985569,8251.320153562,7926.93365285225,217.090856293687,3793.6198814117,8396.80518925994,-27.2164392486666,10129.6933435965,10156.9097828452,8424.02162850861,31.359793125,1.056309557,39.5128300456038,8352.092695781,8339.26385126443,-4603.18530784824,4453.63672295437,19.4793223517841,-169.027907245652,12262.0351661793,3278.71396044956,8983.32120572978,3576.00608132472,5407.31512440506,3167.66238698333,2239.65273742173
2013-01-01,2013,"Q1","2012/13","Q3","January",8559.28871999102,8315.408140108,8042.28860543608,243.880579883016,3423.77169761004,7803.95015993128,-626.49771972811,9611.97746138246,10238.4751811106,8430.44787965939,34.28527517311,1.015267215,57.8517012858967,8337.29563598538,8326.24264986181,-4380.17846232124,4398.20504205046,16.7253377872443,1.3012419419733,11983.0603255262,3231.05906309058,8752.00126243561,3464.70920368677,5287.29205874884,3097.7705956442,2189.52146310464
2013-02-01,2013,"Q1","2012/13","Q3","February",8576.17428182807,8325.163380331,8052.30770479859,251.010901497073,3646.90653310399,7996.68066053062,-429.993507769388,10914.2871082458,11344.2806160152,8426.67416830001,33.9663849419,0.956488298,57.2733043905245,8334.47799066958,8323.04873154301,-4349.77412742663,4342.89919807363,22.4942558142352,-29.3691851672323,12223.0808227328,3262.73044866127,8960.35037407149,3602.25321041593,5358.09716365555,3243.26458052157,2114.83258313398
2013-03-01,2013,"Q1","2012/13","Q3","March",8424.11039275753,8199.512441149,7779.28297238741,224.597951608528,3635.04937034923,7989.51451723464,-319.276448552162,10422.3782729319,10741.6547214841,8308.7909657868,34.1968358023357,0.742015598,68.2473506805444,8205.60476370592,8183.6702662533,-4354.46514688542,4279.07743476551,-38.0123184033741,-37.3753937165369,12059.159762121,3117.81738332117,8941.34237879985,3627.37217678477,5313.97020201508,3168.52379659058,2145.4464054245
2013-04-01,2013,"Q2","2012/13","Q4","April",8245.67963970937,8204.614964757,7816.43274269073,41.0646749523663,3604.45435349342,7927.53525780892,-393.823318778512,10326.6169381533,10720.4402569318,8321.35857658744,31.9843301826157,0.732842084,64.7735218275957,8223.86788249322,8198.0091286996,-4323.08090431551,4352.18775695501,-126.598311715078,155.705164354582,11850.126872248,3100.8900685104,8749.23680373764,3713.14038875251,5036.09641498513,3029.02354417273,2007.0728708124
2013-05-01,2013,"Q2","2012/13","Q4","May",8229.31716481871,8022.982390356,7637.90114867639,206.334774462711,3889.97050105122,8373.12859706635,134.850396377877,10478.9261222175,10344.0757258396,8238.27820068848,33.8751284376357,0.690710148,58.8488908929975,8144.86347120984,8123.58178788311,-4483.15809601513,4625.39286239575,-38.411819258058,180.64658563867,12119.2876585897,3176.5276077315,8942.76005085819,3831.16807201827,5111.59197883992,3086.69392633056,2024.89805250936
2013-06-01,2013,"Q2","2012/13","Q4","June",8425.49843220447,8304.940045706,7551.04494494015,120.558386498465,3785.18607794912,8204.94700900026,-104.590035637744,10851.5292775518,10956.1193131896,8309.537044638,31.696701234335,0.699427674,55.9451807470272,8221.19573498264,8200.41952582636,-4419.76093105114,4495.85269177557,15.3906401094876,60.7011206149392,12210.6841300125,3114.9792716667,9095.7048583458,3858.36142048858,5237.34343785722,3103.71622921962,2133.6272086376
2013-07-01,2013,"Q3","2013/14","Q1","July",8386.20966015573,8213.397552431,7670.51204035573,172.81210772473,3812.68340364302,8013.34209781619,-448.031350084146,10996.1969875016,11444.2283375857,8461.37344790034,34.0500619842714,0.68584293,49.0656270507825,8377.57191593529,8356.69344478274,-4200.65869417317,4397.51975627789,0.711085577124384,196.149976527592,12198.8930605092,3304.20784707199,8894.68521343718,3864.9001031733,5029.78511026387,2933.79276910567,2095.9923411582
2013-08-01,2013,"Q3","2013/14","Q1","August",8277.1834100431,8107.183420903,7555.55489226105,169.999989140103,4394.06451742244,8777.84643039812,216.616494751312,11456.025424414,11239.4089296627,8561.2299356468,32.9779468353114,0.693108891,62.2125574439442,8465.34632247655,8444.75854607098,-4383.78191297567,4457.15264718714,-29.2103371165286,102.581071327994,12671.2479237255,3426.21130208944,9245.03662163607,3938.02117813172,5307.01544350435,3142.90114302989,2164.11430047446
2013-09-01,2013,"Q3","2013/14","Q1","September",8079.18115103463,8072.108515754,7591.9029933376,7.07263528062442,4531.28674860616,8800.34905420393,156.760604741234,11165.6744432087,11008.9138384674,8643.5884494627,17.6615959768443,0.667625858,61.1760902984358,8564.08313732942,8548.94686642668,-4269.06230559778,4535.0329431593,13.8484426548389,252.122194906684,12610.4673979212,3488.98852550257,9121.47887241863,3917.55809065636,5203.92078176227,3128.48595635981,2075.43482540245
2013-10-01,2013,"Q4","2013/14","Q2","October",8029.22742314048,8025.393194266,7544.08608152658,3.83422887448138,4593.07789175766,9005.76496789051,210.483888464358,10861.5676524462,10651.0837639819,8795.28107942615,18.3173461110543,0.687200867,56.697564654042,8719.57896779406,8708.05136107115,-4412.68707613284,4476.43330359708,34.1213924584033,29.6248350058336,12622.3053096989,3417.84014820519,9204.46516149369,3883.82686483232,5320.63829666138,3215.29273171801,2105.34556494336
2013-11-01,2013,"Q4","2013/14","Q2","November",8319.66822268552,8292.322994173,7687.78479728972,27.3452285125156,4693.64266370381,9050.27987121957,161.825275771773,11310.0845256897,11148.2592499179,8888.4545954478,18.4562572336893,0.844275705,49.7780016036968,8819.37606090542,8807.14234341957,-4356.63720751577,4321.75928172892,18.8131214455286,-53.6910472323723,13013.310886154,3480.71798223177,9532.59290392221,3977.62324381762,5554.96966010459,3301.63313488136,2253.33652522324
2013-12-01,2013,"Q4","2013/14","Q2","December",8519.58406298293,8662.262551164,7891.82506221287,-142.678488181072,4956.78982207807,9351.38390138004,346.956835110046,11733.4164135111,11386.4595784011,9004.42706627,36.62487666261,0.805712737,46.4472434835159,8920.54923338687,8910.4607924983,-4394.59407930197,4436.35285054241,-49.3106585871202,91.0694298275567,13476.3738837829,3687.53656089197,9788.83732289097,4059.93302062938,5728.90430226159,3364.89316559022,2364.01113667137
2014-01-01,2014,"Q1","2013/14","Q3","January",8332.18872545581,8753.792856182,8018.58709363551,-421.604130726189,5113.4396275774,9405.35881765251,443.381675116962,11746.0560277262,11302.6743526093,8961.97714253555,41.32753910912,0.7403582562,47.6362264861173,8872.27301868411,8859.60511979554,-4291.91919007511,4289.45918822042,7.43247358139849,-9.89247543609396,13445.6283468435,3640.84809469348,9804.78025214999,4064.73631889217,5740.04393325781,3422.67785394672,2317.36607931109
2014-02-01,2014,"Q1","2013/14","Q3","February",8737.39520750333,9050.420515592,8314.2572964929,-313.025308088669,5117.07042249144,9328.39392466184,283.746717902515,12094.4013865956,11810.6546686931,9044.64720675933,41.59401804008,0.7423113702,47.7256830348872,8954.58519431416,8944.51892881859,-4211.3235021704,4477.5827009909,-55.7100809561439,321.969279776637,13854.4656253383,3840.65840784217,10013.8072174961,4082.56731108219,5931.23990641391,3643.41305247018,2287.82685394373
2014-03-01,2014,"Q1","2013/14","Q3","March",8846.66064737704,9132.490818864,8483.4137234894,-285.830171486955,5291.2028688721,9517.82575494336,342.256964380795,11936.4749257841,11594.2179614033,9175.56879056257,43.3844051410729,0.762726369,46.995599203,9084.42605984949,9074.19168768635,-4226.62288607126,4723.64364910491,26.73480060263,470.28596243102,14137.8635108524,3994.48650750074,10143.3770033517,4115.51826903303,6027.85873431867,3752.90201677237,2274.95671754629
2014-04-01,2014,"Q2","2013/14","Q4","April",8893.08902376489,9263.752515622,8545.7560113072,-370.663491857109,5290.68136630285,9582.66144070975,381.4922377783,12320.0093092852,11938.5170715069,9201.16920293145,41.5625215719729,0.632927055,49.893856206,9109.07989809848,9100.54942676633,-4291.9800744069,4708.86452749791,8.52655363016362,408.357899460845,14183.7703918142,3997.14210843771,10186.6282833765,4230.87249063944,5955.75579273704,3706.79483173218,2248.96096100486
2014-05-01,2014,"Q2","2013/14","Q4","May",8703.90880026343,9192.844835479,8612.50691069587,-488.936035215563,5609.31971239326,9664.87564680912,296.582878825506,12520.5439884351,12223.9611096096,9368.29276798361,43.7207198357529,0.617724983,51.872904207,9272.08141895786,9263.1143708131,-4055.55593441586,4704.02844654233,16.2130755628571,632.259436563609,14313.2285052261,3960.53188445599,10352.6966207701,4416.21784519021,5936.47877557991,3668.80875968971,2267.67001589019
2014-06-01,2014,"Q2","2013/14","Q4","June",8842.55478484564,9454.932793141,8820.42359392167,-612.378008295365,5464.80018834224,10074.715469041,540.207103019675,7043.04471336518,6502.83761034551,9534.50836602134,38.0742812740028,0.666497852,46.816196199,9448.95139069634,9439.52875262426,-4609.91528069878,4975.21463139711,-24.3597845668511,389.659135265185,14307.3549666315,3946.78806246353,10360.5669041679,4317.07932123577,6043.48758293217,3718.29258365208,2325.19499928009
2014-07-01,2014,"Q3","2014/15","Q1","July",8893.61399374329,9504.702176712,8794.46091619432,-611.088182968708,5405.02735920337,10069.2158290518,443.353062922759,6374.94864318231,5931.59558025955,9625.86276612904,37.4259130394528,0.672691852,39.504117199,9548.26004403859,9526.10735879059,-4664.18846984843,5079.0755901003,-82.9917941690663,497.878914420938,14298.6413528082,3986.17537063038,10312.4659821778,4293.81953481843,6018.64644735937,3628.67046445296,2389.9759829064
2014-08-01,2014,"Q3","2014/15","Q1","August",8057.92074158132,8908.479096282,8243.66215367656,-850.55835470068,6689.22955954935,11289.3503354989,1560.83663338581,6544.05161467396,4983.21498128815,9728.51370211307,37.8623098869228,0.782730852,39.304603199,9650.56405817515,9629.35443232283,-4600.12077594954,5161.5104516871,-14.3112075419172,575.700883279469,14747.1502919045,4009.66332986091,10737.4869620436,4498.12384539356,6239.36311665,3718.26979715668,2521.09331949332
2014-09-01,2014,"Q3","2014/15","Q1","September",7946.00410327308,8671.519262402,8060.85744166026,-725.51515912892,6611.87926530684,11462.5587785159,1663.20994630119,6913.87091507325,5250.66096877206,9799.34883221468,38.5650842770936,0.805159852,38.343170199,9721.63541788658,9710.76502342631,-4850.67951320903,5291.79728573109,5.43563729278817,435.682135229273,14557.883359229,3903.72784057942,10654.1555186495,4515.85962031924,6138.29589833029,3701.93788405981,2436.35801427048
2014-10-01,2014,"Q4","2014/15","Q2","October",7991.16931934686,8720.234574197,8599.78781764187,-729.065254850137,6767.39173916864,11751.2818635692,1782.90581743762,9804.09720096793,8021.19138353031,9968.37604613159,37.8763820296836,0.682863852,47.194609199,9882.6221910509,9859.36651395377,-4983.89012440056,5327.58368626281,27.8921109560979,315.801450906152,14758.5610630254,3894.87213657703,10863.6889264484,4570.51006145165,6293.17886499677,3799.48121193142,2493.69765306534
2014-11-01,2014,"Q4","2014/15","Q2","November",8435.15101730575,9169.182934384,9103.33046849144,-734.031917078251,6767.30329349237,12017.9020134062,1802.96313464341,9082.00204348945,7279.03890884604,10214.9388787628,39.4235015457136,0.606259852,44.690992199,10130.2181251661,10105.4510849358,-5250.59871991385,5653.15794513961,6.72737308193777,395.831852143825,15202.4543097525,4071.5785676407,11130.8757421118,4631.04978008776,6499.82596202401,3859.83337340583,2639.99258861818
2014-12-01,2014,"Q4","2014/15","Q2","December",8631.46881909705,9348.896491735,8968.84540427677,-717.427672637947,6813.6160139606,11887.1529929405,1584.57178552289,6300.69378299252,4716.12199746963,10302.5812074176,30.4606542902644,0.619462852,50.66828198144,10220.8328082939,10196.9786275542,-5073.53697897986,5588.35641672119,1.3250366512679,513.494401090067,15445.0848319765,4205.44347882554,11239.641353151,4615.35656497602,6624.28478817494,3876.58223363458,2747.70255454036
2015-01-01,2015,"Q1","2014/15","Q3","January",8603.6364167486,8933.220418516,8539.22123833296,-329.584001767402,6822.90917542386,12111.3845764367,1624.18976899523,7713.72682701199,6089.53705801676,10487.1948074415,36.6703033222644,1.441852852,54.81990090576,10394.2627503615,10382.6148677425,-5288.47540101287,5677.2547667792,42.2573473383675,346.522018427966,15426.5455936104,4402.83140816269,11023.7141854477,4454.5152810655,6569.19890438222,3858.23780258766,2710.96110179456
2015-02-01,2015,"Q1","2014/15","Q3","February",8625.29600672416,9180.861836081,8775.08235529516,-555.565829356837,6803.65853358591,12291.592617019,1742.78431623509,7513.19060339651,5770.40628716141,10548.8083007839,48.2028330222644,1.078726852,47.71974840076,10451.8069925089,10426.7837202984,-5487.93408343312,5971.2111051692,48.7307265377776,434.546295198304,15428.9545445721,4374.11176428267,11054.8427802894,4571.66472599312,6483.1780542963,3899.68940884498,2583.48864545132
2015-03-01,2015,"Q1","2014/15","Q3","March",8754.02726562437,8920.967357915,8339.26399928626,-166.940092290631,6625.25046990255,12309.611829008,1545.40148420867,5698.56771495773,4153.16623074907,10764.2103447993,47.8877145561055,1.311087852,49.5821017165,10665.4294406747,10657.8497347116,-5684.36135910541,6077.2294116343,46.2607311909214,346.60732133797,15379.2777358201,4563.99052266223,10815.2872131578,4554.09707373354,6261.1901394243,3690.81251181267,2570.37762761163
2015-04-01,2015,"Q2","2014/15","Q4","April",8645.82888589325,9007.550429036,8552.86021018362,-361.721543142748,6623.22261376814,12103.8452506824,1313.49157667238,6345.1439602347,5031.65238356231,10790.3536740101,48.8614169061055,1.247464596,48.1711528215708,10692.0736396864,10683.4331850881,-5480.6226369143,6108.36353461023,72.1976060236719,555.543291672261,15269.0514963607,4445.48973750956,10823.5617588512,4567.36542169301,6256.19633715815,3665.62822051188,2590.56811664627
2015-05-01,2015,"Q2","2014/15","Q4","May",9196.06988526012,9511.900114611,9005.79982588016,-315.830229350885,6668.07298621814,12837.5121966012,1861.00719885763,6246.66694186979,4385.65974301216,10976.5049977436,47.1648839151055,1.26779339371,38.5096741770791,10889.5626462577,10879.684916067,-6169.43921038309,6656.16660573206,35.0272308051826,451.700164543782,15864.1423017316,4774.08417048806,11090.0581312435,4438.28570295641,6651.77242828712,4030.54240380573,2621.23002448139
2015-06-01,2015,"Q2","2014/15","Q4","June",9643.72175914041,10092.031301577,9520.35588822139,-448.309542436586,6876.79226332349,13267.1625578874,1830.5852301063,5520.8823903752,3690.2971602689,11436.5773277811,46.5212206789887,1.209768852,37.6927304913376,11351.1536077588,11338.4274583448,-6390.37029456391,7063.26897807285,32.2159772024891,640.682706306449,16520.5140221471,5281.34332701468,11239.1706951324,4527.92769573318,6711.24299939922,3962.9534376565,2748.28956174272
2015-07-01,2015,"Q3","2015/16","Q1","July",9924.77460293587,9993.081214502,9390.10484862598,-68.3066115661278,6914.82315954214,13675.6743820097,1871.23969062019,5595.61299804622,3724.37330742604,11804.4346913895,51.9639132149888,3.868852622,37.521887658566,11711.080037894,11698.676355703,-6760.85122246757,7441.60654827133,9.00268237243723,671.752643431323,16839.5960393719,5670.97942052755,11168.6166188444,4587.37775913982,6581.23885970457,3767.40501042096,2813.83384928361
2015-08-01,2015,"Q3","2015/16","Q1","August",10746.7808850452,11041.79303479,10154.1411533285,-295.012149744816,6516.79063638307,13749.4461835821,1673.66678489286,5658.78387230129,3985.11708740842,12075.7793986892,56.0393214059888,7.161524951,39.1111537897659,11973.4673985425,11961.3816194885,-7232.655547199,8006.54557186985,8.3600629588691,765.529961711981,17263.5715079298,5922.55824570091,11341.0132622289,4643.01361900289,6697.999643226,3768.3202469163,2929.6793963097
2015-09-01,2015,"Q3","2015/16","Q1","September",10690.4444046097,10960.047070041,9944.12976683525,-269.6026654313,6732.52804729676,14067.5385655821,1865.36776977188,5493.82957590993,3628.46180613804,12202.1707958102,58.8545786237581,1.8156267903,39.3828638731941,12102.117726523,12090.3639228862,-7335.01051828535,8024.10239127968,24.232485440103,664.859387554228,17422.970434791,5885.04604980719,11537.9243849838,4797.18805988619,6740.73632509765,3832.32566934111,2908.41065575654
2015-10-01,2015,"Q4","2015/16","Q2","October",10351.1665545513,10536.336505235,9676.87620413753,-185.169950683709,6834.82953975984,13987.496944795,1968.27380877218,5894.83215441912,3926.55834564694,12019.2231360228,50.9080101818981,1.85143939,35.8648633865941,11930.5988230643,11921.2367593197,-7152.66740503512,7765.45882183372,-37.6988500551244,650.49026685372,17185.9960980774,5710.04654444764,11475.9495536298,4820.46054051301,6655.48901311676,3724.41503398964,2931.07397912712
2015-11-01,2015,"Q4","2015/16","Q2","November",9684.6603674897,9961.301404114,9087.05540952298,-276.641036624304,7251.63287400638,13829.2390058614,2020.84742501056,5979.73002763394,3958.88260262338,11808.3915808508,50.8094838237581,1.868955033,33.5002343167052,11722.2129076774,11716.8347055841,-6577.60613185503,7222.96965094109,-4.26078563963151,649.624304725693,16936.2932742496,5367.42382786178,11568.8694463878,4822.68336993498,6746.18607645286,3747.77229769378,2998.41377875908
2015-12-01,2015,"Q4","2015/16","Q2","December",10255.7572312287,10230.415148124,9522.59324901099,25.3420831047021,7001.9038093542,13756.2242214957,1891.33251097552,5369.02345973374,3477.69094875823,11864.8917105202,50.7980038607876,1.808079442,31.1475526090882,11781.1380746083,11776.1438571065,-6754.32041214151,7529.82334088077,-17.9713773678618,793.474306107122,17257.6610416659,5391.35207890651,11866.3089627593,5025.32204644384,6840.9869163155,3683.75108148415,3157.23583483135
2016-01-01,2016,"Q1","2015/16","Q3","January",10344.635613976,10272.483136431,9607.70256954735,72.1524775449754,6921.20803390907,13848.3787907742,1893.17697395805,5641.26673207117,3748.08975811312,11955.2018168161,54.1845619557876,1.566650429,27.8767968117783,11871.5738076196,11867.7028819547,-6927.1707568651,7661.42586081915,12.7843336277912,721.470770326267,17265.8436434396,5529.71590049545,11736.1277429441,4930.12203556065,6806.00570738348,3739.435865321,3066.56984206248
2016-02-01,2016,"Q1","2015/16","Q3","February",9894.17519906791,9939.79098627,9385.86714502858,-45.6157872020877,7392.85452871244,14044.3154809293,2315.88970725939,6110.6020026044,3794.71229534501,11728.4257736699,51.2923610177876,1.52450945089,28.4062508195765,11647.2026523816,11642.285565786,-6651.46095221682,7363.35207585198,76.3637443428785,635.52737929228,17287.0297307627,5390.81639945691,11896.2133313058,4783.21426250333,7112.9990688025,4078.29910141505,3034.69996738745
2016-03-01,2016,"Q1","2015/16","Q3","March",10267.6593049152,10219.215410887,9687.84895160906,48.4438940282017,6819.76512590216,14049.1016175011,2321.26868543169,5739.0351632528,3417.7664778211,11727.8329320694,52.2643203522644,1.55918707,28.1370293901765,11645.8723952569,11643.7483673779,-7229.33649159891,7736.10827183791,31.1830312000966,475.588749038903,17087.4244329995,5439.46945618682,11647.9549768126,4893.38441756915,6754.57055924349,3871.4728478921,2883.09771135139
2016-04-01,2016,"Q2","2015/16","Q4","April",10139.5848669215,10365.000652695,9701.33999242357,-225.415785773468,6605.32987110829,13867.2358120449,2078.47212317269,6131.35130580353,4052.87918263084,11788.7636888722,51.5276231612644,1.50524083892,35.1857903330274,11700.545034539,11698.4721040606,-7261.90594093657,7659.66858619519,63.0614385519485,334.70120670667,16744.9147344554,5336.48035673211,11408.4343777232,4850.23283388794,6558.2015438353,3811.96623663383,2746.23530720147
2016-05-01,2016,"Q2","2015/16","Q4","May",10187.5473008777,10600.749106265,9934.70739434334,-413.201805387346,7126.89567041892,14769.0638723939,2923.8561556555,6389.43021265347,3465.57405699798,11845.2077167384,57.3243655452644,1.34570740477,32.4192025386361,11754.1184412498,11752.6727085351,-7642.168201975,7819.49798080365,16.3702502599153,160.959528568729,17314.4429706629,5446.20710983254,11868.2358608304,5016.80113286709,6851.43472796326,4067.7708516903,2783.66387627296
2016-06-01,2016,"Q2","2015/16","Q4","June",10324.6494079088,10641.779237653,9957.51778840803,-317.129829744167,7461.3208048829,14825.6731507972,2753.86084553481,6241.83557837598,3487.97473284116,12071.8123052624,59.0813665098964,1.970513238,31.8662299915458,11978.894195523,11977.8994457979,-7364.35234591431,7780.53219957137,0.933362640852538,415.24649101621,17785.9702128389,5471.73416021606,12314.2360526228,5153.01240368013,7161.22364894269,4240.88818762178,2920.33546132091
2016-07-01,2016,"Q3","2016/17","Q1","July",10072.6947754863,10486.037071284,9862.88320282951,-413.342295797668,7458.21331690407,14745.3845044443,2616.88256193429,6403.27275641424,3786.39019447995,12128.50194251,60.8929180496081,1.269822856,30.1632733523449,12036.1759282521,12035.0059501594,-7287.17118754022,7636.12857983901,16.1911144033372,332.766277895448,17530.9080945969,5317.41513878629,12213.4929558106,5192.24780845444,7021.24514735616,4142.02341928999,2879.22172806617
2016-08-01,2016,"Q3","2016/17","Q1","August",9978.96039125115,10248.92267725,9594.65776172202,-269.962285998851,8013.66236311485,15352.7219553005,3226.53345133476,6758.7860009613,3532.25254962655,12126.1885039658,60.8651389496081,1.84171133782,28.8402421926289,12034.6414114857,12032.0711708532,-7339.05959218567,7511.46228249819,-4.97012508466849,177.372815397191,17992.6227528216,5466.13591596891,12526.4868368527,5322.51071094762,7203.97612590505,4301.9856142198,2901.99051168525
2016-09-01,2016,"Q3","2016/17","Q1","September",10289.6448877241,10656.023625854,9967.50616359882,-366.378738129926,7763.11008188904,15249.1776343582,2991.99770976329,6872.17212681849,3880.1744170552,12257.1799245949,63.672402760888,1.7303524308,28.4046617670787,12163.3725076362,12160.9952662391,-7486.0675524692,7806.17910949677,-34.1467802236666,354.258337251246,18052.7549752037,5473.0114721155,12579.7435030882,5343.7302809317,7236.01322215648,4323.57129748371,2912.44192467277
2016-10-01,2016,"Q4","2016/17","Q2","October",10325.8623909251,10593.320148899,9784.67728227688,-267.457757973911,7742.7837463834,15184.9493213899,2756.90535163976,6981.7335044895,4224.82815284974,12428.0439697501,60.978997086418,1.71932648894,27.8750266590516,12337.4706195157,12334.8716940597,-7442.16557500648,7689.96919103186,39.0242864278738,208.779329597503,18068.6462036713,5333.12285417157,12735.5233494997,5369.09390187444,7366.4294476253,4379.02473988212,2987.40470774318
2016-11-01,2016,"Q4","2016/17","Q2","November",11677.1670221762,11354.649700708,10450.5321096155,322.517321468161,7190.88372855115,15378.8670619634,2530.9719019838,6808.10313827161,4277.13123628781,12847.8951599796,57.050625274218,1.080592814,27.8457864009679,12761.9181554904,12758.1638587621,-8187.98333341224,8412.7272970918,94.9960782204558,129.747885459104,18868.0507476759,5602.08975256295,13265.960995113,5498.54463767373,7767.41635743924,4569.44639278284,3197.96996465641
2016-12-01,2016,"Q4","2016/17","Q2","December",12117.4617738164,11820.803245565,10816.6259814682,296.65852825139,7062.01270896702,14969.1514235353,2263.77146027005,6750.10068840746,4486.32922813741,12705.3799632652,59.8849992221181,1.0419723878,24.5913105561522,12619.8616810992,12618.0145813156,-7907.13871456826,7865.70496561829,35.633234231844,-77.0669831818187,19179.4744761607,5706.80628760936,13472.6681885513,5658.25360739793,7814.41458115337,4349.89237495547,3464.52220619789
2017-01-01,2017,"Q1","2016/17","Q3","January",11918.2781085517,11416.423562353,10774.8320851267,501.854546198671,7096.23910301651,15040.0818862979,2440.45219929675,6574.86502792397,4134.41282862721,12599.6296870012,60.9079630861181,2.423315961,46.6519839567458,12489.6464239973,12487.9083266148,-7943.84278328141,7871.99820031036,65.7333270043719,-137.577909975421,19014.5172119086,5705.64822131005,13308.8689905985,5464.95324749328,7843.91574310526,4482.95138498593,3360.96435811933
2017-02-01,2017,"Q1","2016/17","Q3","February",12102.0838453521,11812.326043226,11119.3725270198,289.757802126067,7004.69418100878,15318.1458126206,2686.29682528943,7355.92294808054,4669.62612279111,12631.8489873312,56.3112586421181,1.45484297746,41.9063306370939,12532.1765550745,12530.5577429526,-8313.45163161182,8144.5513663399,31.6344003121184,-200.534665584037,19106.7780262875,5754.14665581335,13352.6313704741,5473.64689992592,7878.98447054822,4662.6420001255,3216.34247042271
2017-03-01,2017,"Q1","2016/17","Q3","March",12473.1861312406,12167.006988895,11509.8335770324,306.179142345597,6804.62658992909,15003.8660183261,2451.584813795,6528.41342977443,4076.82861597944,12552.2812045311,53.7975293959873,1.11498888274,40.4180021219465,12456.9506841305,12455.260106256,-8199.23942839704,8156.41474692066,59.212759002874,-102.037440479261,19277.812723618,5810.70572190644,13467.1070017116,5702.03376167483,7765.07324003674,4603.48221458691,3161.59102544982
2017-04-01,2017,"Q2","2016/17","Q4","April",12409.4500925861,12248.618684181,11640.7682937635,160.831408405145,6556.72526715083,14827.6970626489,2192.18655244357,6767.79341906854,4575.60686662497,12635.5105102053,60.9215354329873,1.43870542025,39.2535239773346,12533.8967453748,12532.0066820084,-8270.97179549807,8370.93961125805,-14.6368149134664,114.604630673452,18966.1753606282,5709.93964970519,13256.235710923,5696.97523560538,7559.26047531767,4481.70270093757,3077.55777438009
2017-05-01,2017,"Q2","2016/17","Q4","May",12429.8280641307,12339.791086655,11741.6231366579,90.0369774757107,6903.15422038963,15042.1570381472,2417.81283166493,7641.83635307685,5224.02352141192,12624.3442064823,60.7700938639373,1.4144557727,38.5499987186399,12523.609658127,12521.2515423259,-8139.00281775756,8321.53824138154,5.25898862646781,177.276434997512,19332.9822864003,5807.9650806509,13525.0172057494,5842.77090683719,7682.24629891224,4565.25719022342,3116.98910868881
2017-06-01,2017,"Q2","2016/17","Q4","June",12894.3761031961,12843.236476365,12013.1891244594,51.1396268310575,7276.9058759437,15248.6416271438,2456.0463674112,6155.11148722692,3699.06511981572,12792.5952597326,57.3415628688607,1.4115719687,51.9599502476239,12681.8821746474,12678.6973745522,-7971.73575120005,8056.56824197619,-66.3465870484724,151.179077824613,20171.2819750976,5920.5129434619,14250.7690316357,6109.7290262454,8141.04000539033,4812.36350829271,3328.67649709762
2017-07-01,2017,"Q3","2017/18","Q1","July",13164.9384356338,12982.806660011,12174.654237652,182.13177562278,6704.88870729748,14643.5123489693,1799.81234625723,6481.96065375625,4682.14830749902,12843.7000027121,58.3260844788608,1.37609772613118,58.3915793853181,12725.6062411218,12724.3736954294,-7938.62364167183,7991.93531080127,-14.9337299545832,68.2453990840186,19869.8271427578,5859.41857500964,14010.4085677481,5973.42153477153,8036.98703297659,4741.0681688031,3295.91886417349
2017-08-01,2017,"Q3","2017/18","Q1","August",13174.5669000112,13192.810114001,12342.0619924484,-18.2432139898329,7158.89983787664,15440.6646519755,2533.63636022854,7101.46252010967,4567.82615988114,12907.0282917469,56.8124743565108,1.32070843007467,53.7568313399781,12795.1382776204,12793.4405369496,-8281.76481409884,8162.07429992704,22.0970857200704,-141.787599891872,20333.4667425809,5882.32985611172,14451.1368864692,6131.61122118692,8319.52566528224,4923.48436369654,3396.0413015857
2017-09-01,2017,"Q3","2017/18","Q1","September",13382.4604214585,13617.427332457,12647.6208441597,-234.966910998513,6932.8311015903,15333.6199019737,2320.85977446449,6556.27907358871,4235.41929912423,13012.7601275092,57.3899069895752,1.27368787852747,45.445055045234,12908.6514775958,12907.7285852063,-8400.78880038337,8299.39300432673,24.2740495193182,-125.669845575953,20315.2915264717,5961.76516614836,14353.5263603233,6099.24709171722,8254.27926860609,4926.40982679685,3327.86944180924
2017-10-01,2017,"Q4","2017/18","Q2","October",13214.1715253971,13140.177799392,12250.3167019631,73.9937260051313,7447.04514743121,16077.9373129695,2846.34453108195,6536.20910939892,3689.86457831696,13231.5927818876,57.1008460105752,1.23442393309551,39.476239191145,13133.7812727528,13132.8239083374,-8630.89216553832,8239.75373035448,48.1264684249385,-439.264903608773,20661.2166758693,6045.50803091427,14615.7086449551,6147.36281519016,8468.34582976492,5120.38741528793,3347.95841447699
2017-11-01,2017,"Q4","2017/18","Q2","November",13539.1954158814,13597.094684493,12728.7822201937,-57.899268611631,7587.20627659152,16309.9648436811,3094.6521823523,6840.69465530448,3746.04247295218,13215.3126613288,29.9327384435752,1.20276283165,40.6063337765414,13143.5708262771,13142.7381693863,-8722.75856708962,8700.56467366789,274.322512960693,-296.516406382425,21126.4016981627,6053.97148453782,15072.4302136248,6363.654852662,8708.77536096284,5185.73802760067,3523.03733336218
2017-12-01,2017,"Q4","2017/18","Q2","December",13826.4844650136,13852.397536645,13134.9147365061,-25.9130716313742,7788.79747173493,16262.2594607807,2777.94583623199,6516.38826298244,3738.44242675045,13484.3136245487,27.7802389855162,1.26028174115,40.1090192539033,13415.1640845682,13413.6416105856,-8473.46198904579,8525.22127616411,-97.0678191726017,148.82710629092,21615.2819399519,6064.3940402986,15550.8878996533,6414.75018528743,9136.13771436585,5320.40907812205,3815.7286362438
2018-01-01,2018,"Q1","2017/18","Q3","January",14030.7752364328,13618.295983292,12932.3584280354,412.479253140764,7060.60862316447,15808.0409825563,2490.7791889187,6413.27741513521,3922.49822621651,13317.2617936376,26.6999117653346,1.16839856073,39.1680099412454,13250.2254733703,13248.4611036427,-8747.4323593918,8516.92546577486,-8.01383002059559,-222.493063596343,21091.3838583521,6089.75841172698,15001.6254466251,6043.04699064279,8958.57845598232,5342.19421312164,3616.38424286067
2018-02-01,2018,"Q1","2017/18","Q3","February",14452.4839605591,13909.619939002,13026.1627784044,542.864021557128,6988.74446973613,15828.0711241664,2534.02030962422,6026.50452259788,3492.48421297366,13294.0508145422,21.5477736215162,1.14071184647,40.0279609913661,13231.3343680828,13229.5152423952,-8839.32665443024,8770.7897244311,-6.27785094522468,-62.2590790539225,21441.2284291864,6199.63778384095,15241.5906453455,6146.21603430335,9095.37461104212,5633.3270272441,3462.04758379801
2018-03-01,2018,"Q1","2017/18","Q3","March",14530.7374366549,13747.637824458,13123.5705661136,783.099612196872,6918.84066707184,15701.7045576213,2186.97436366661,5668.89655444132,3481.92219077471,13514.7301939547,19.4704757511814,1.12366820662,39.3379843301193,13454.7980656668,13452.7381677555,-8782.86389054949,8733.53709516768,-31.1891741443285,-18.1376212374746,21449.578108727,6160.03272595472,15289.5453827723,6218.10456697537,9071.44081579692,5467.53193254296,3603.90888325396
2018-04-01,2018,"Q2","2017/18","Q4","April",13931.3795718514,13019.253123397,12444.9778013164,912.126448454381,7385.79956220333,15829.3818379438,2215.61279212455,6300.03990189224,4084.42710976769,13613.7690458193,20.1886385601814,1.08824058616,33.4545169471523,13559.0376497258,13556.8873977003,-8443.58227574051,8702.38110346632,-51.9674741527722,310.76630187858,21317.1791356259,6219.43480229967,15097.7443333262,6320.24852349977,8777.49580982648,5363.94958224281,3413.54622758367
2018-05-01,2018,"Q2","2017/18","Q4","May",14158.1399002047,13228.096904281,12365.8771256423,930.042995923681,7574.59978622088,16255.6220527469,2537.95468511106,6098.83182166345,3560.87713655238,13717.6673676358,18.7231040901814,1.08209186807,33.7744929880976,13664.0876786895,13661.207720991,-8681.022266526,8733.44137464269,-46.8960992161965,99.3152073328871,21732.7396884323,6312.28439610963,15420.4552923227,6420.93936649056,8999.51592583209,5526.35801353922,3473.15791229287
2018-06-01,2018,"Q2","2017/18","Q4","June",14952.8753245037,13361.814226339,11965.0004415579,1591.0610981647,7797.11003858527,16836.0719399504,2716.39515423732,6830.49692211273,4114.10176787541,14119.6767857131,17.6249344757834,1.06776095202,47.1256165961706,14053.8584736891,14049.4347583923,-9038.96190136515,9047.37650476853,-70.9010298028432,79.3156332062211,22749.9853642438,6780.25140124524,15969.7339629985,6524.05162620059,9445.68233679792,5685.52274402868,3760.15959276925
2018-07-01,2018,"Q3","2018/19","Q1","July",14299.6372626291,13255.230836839,11913.9394562005,1044.40642579012,7391.82229294591,16421.6288321229,2327.03133420143,6190.07230994053,3863.0409757391,14094.5974979215,16.2604317867834,1.09700961911,44.602502282611,14032.637554233,14029.1412786277,-9029.80653917699,8585.29177298292,0.952772904598176,-445.467539098669,21691.4595594726,6358.07413779881,15333.3854216738,6479.56562164174,8853.81980003206,5116.78641126726,3737.0333887648
2018-08-01,2018,"Q3","2018/19","Q1","August",14435.1000333334,13354.947010361,11818.0113395591,1080.15302297239,8017.16155835961,16836.6987266627,2546.20774439094,6836.87410816585,4290.6663637749,14290.4909822717,34.0913240677834,1.06499373363,45.1488008888892,14210.1858635814,14208.1595295506,-8819.53716830309,8788.12372815401,67.2091462793522,-98.6225864284252,22452.2615939112,6632.76987379976,15819.4917201114,6527.8237682516,9291.66795185982,5484.97383127976,3806.69412058006
2018-09-01,2018,"Q3","2018/19","Q1","September",14712.9777151073,13525.376359265,12053.5617560188,1187.60135584232,7790.69826234429,17121.7844918214,2449.30238504126,6760.06674349139,4310.76435845013,14672.4821067801,32.8471951125193,1.03122498359,57.5740346512252,14581.0296520328,14578.788808272,-9331.08622947706,9017.21592375765,-147.47888801832,-166.391417701097,22503.6759802654,6568.80121371714,15934.8747665483,6465.56932974752,9469.30543680078,5623.6344442346,3845.67099256618
2018-10-01,2018,"Q4","2018/19","Q2","October",14468.4344640785,13305.310190337,11966.3866487261,1163.12427374149,8141.99070735353,17271.1800880773,2605.18877213156,6693.14505047594,4087.95627834437,14665.9913159458,33.2188597491893,0.98543717057,51.0009140311803,14580.7861049948,14578.4951285829,-9129.1893807238,9057.29697033307,-94.5718239492886,22.6794135585562,22610.4251688468,6724.43462325205,15885.9905455947,6588.6149925667,9297.37555302804,5474.50386990179,3822.87168312626
2018-11-01,2018,"Q4","2018/19","Q2","November",14175.9663930431,13285.069641712,11949.2124565327,890.896751331109,9210.25394868611,18331.4637611944,3437.62754650315,7664.8848506578,4227.25730415465,14893.8362146912,34.5005768057093,0.98850104093,54.3606911266001,14803.986445718,14801.4901711182,-9121.20981250827,9084.05595369358,-55.410940847222,18.257082032532,23386.2203457694,6673.01139367177,16713.2089520977,6766.19057749703,9947.01837460062,5918.21601798336,4028.80235661726
2018-12-01,2018,"Q4","2018/19","Q2","December",13939.757925174,13158.763473726,11770.5940245626,780.994451447952,9454.92711505751,17940.4323086022,2862.14673881911,6471.50849122236,3609.36175240325,15078.2855697831,33.7207741861744,0.988399437,54.1623067902128,14989.4140893697,14979.0926112514,-8485.50519354469,8697.22398181208,-10.9045235612376,222.623311828626,23394.6850428002,6758.39184983765,16636.2931929625,6796.39546335957,9839.89772960297,5614.82554283099,4225.07218677199
2019-01-01,2019,"Q1","2018/19","Q3","January",13986.7218117594,13379.012867436,12063.5883619778,607.708944323449,9089.98821105807,18095.5863713991,3159.32426877124,7455.32904499788,4296.00477622663,14936.2621026278,35.1185838567644,0.94834995,62.2264903417216,14837.9686784793,14826.0646606631,-9005.59816034098,8792.5826493493,271.312910603296,-484.328421594973,23076.7100248617,6717.05815428056,16359.6518705812,6640.30716463602,9719.34470594513,5712.93904860068,4006.40565734444
2019-02-01,2019,"Q1","2018/19","Q3","February",14198.7785290567,13559.88317182,12264.7026673107,638.895357236727,9089.41167709084,18293.9150357706,3287.87729720072,7262.18255690754,3974.30525970682,15006.0377385698,37.9066757231044,0.9407834,63.446608532,14903.7436709147,14893.4613586357,-9204.50335867973,8917.12969397467,-133.814893410482,-153.558771294577,23288.190207013,6750.11514676494,16538.0750602481,6778.20082897818,9759.87423126987,6010.10166044621,3749.77257082366
2019-03-01,2019,"Q1","2018/19","Q3","March",14097.2338734225,13879.871708524,12551.9018331777,217.362164898472,8807.36328639511,18561.8927292047,3091.08886105743,7049.30613144044,3958.21727038301,15470.8038681473,38.1982949049869,0.969712576,65.7961917979377,15365.8396688684,15349.0332958779,-9754.52944280963,9312.37761900612,-105.681085617765,-336.47073818574,22904.5971588059,6455.34369872749,16449.2534600784,6888.15887210525,9561.09458797312,5784.06284498514,3777.03174298797
2019-04-01,2019,"Q2","2018/19","Q4","April",14313.29172846,13773.356839141,12397.9437760332,539.934889318949,9003.96267045182,18907.6988608175,3203.53467847303,7626.79319899214,4423.25852051911,15704.1641823445,40.3185996601369,0.899156515,69.6058721350765,15593.3405540343,15573.3356836155,-9903.73619036568,9412.4125520308,-301.478171106526,-189.845467228359,23317.2543991341,6829.87085546403,16487.38354367,6911.52856688339,9575.85497678664,5849.64478502348,3726.21019176315
2019-05-01,2019,"Q2","2018/19","Q4","May",14547.2964208119,13522.024853365,12284.9725041799,1025.27156744692,9436.54586632417,19597.2348690315,3719.06484714527,7200.4699762397,3481.40512909443,15878.1700218862,46.2828466902169,0.916781852,76.9000982878211,15754.0702950562,15722.9060719965,-10160.6890027073,9446.9299064986,-178.181764633297,-535.5773315754,23983.842289305,7102.22097767891,16881.6213116261,7024.74875089945,9856.87256072662,6032.15095618071,3824.72160454591
2019-06-01,2019,"Q2","2018/19","Q4","June",13877.0338312308,13406.544572816,11857.7655027652,470.489258414823,10535.3592878017,20084.3679269635,3972.6959025602,7865.53972123666,3892.84381867645,16111.6720244033,48.7231051936408,0.902980852,102.175281635635,15959.870656722,15930.1852523757,-9549.00863916173,9019.25094197647,-129.919175490098,-399.838521695168,24412.3931204128,7133.42252848304,17278.9705919298,7260.61644742764,10018.3541445021,6025.12253999365,3993.23160450846
2019-07-01,2019,"Q3","2019/20","Q1","July",13747.3832966162,13316.225695903,11877.3461667155,431.15760071323,10140.9586794805,19894.5992955017,3653.31467082891,7178.82591373132,3525.51124290242,16241.2846246728,50.1561211413108,0.850485852,109.243091134733,16081.0349265448,16057.9669206047,-9753.64061602122,8959.75332519211,-26.5874492266317,-767.299841602473,23888.3419751851,7094.95348886382,16793.3884863212,7191.52069374998,9601.86779257125,5688.23883676764,3913.62895580361
2019-08-01,2019,"Q3","2019/20","Q1","August",13474.7430934331,12803.253917963,11389.5986470116,671.489175470082,11865.0165770233,21536.9280373066,5181.03345855744,9739.2299524917,4558.19649393426,16355.8945787491,32.9492675733708,2.042575852,111.936403908701,16208.966331415,16185.8746255463,-9671.91146028322,9012.9727553688,-90.2999242983804,-568.63878061604,25339.7596729816,7470.85177539508,17868.9078975865,7449.72888272085,10419.1790148657,6265.0964027187,4154.08261214699
2019-09-01,2019,"Q3","2019/20","Q1","September",13028.396236725,12703.552641937,11566.7786544059,324.843594788037,12129.8437732097,22085.0208058836,5642.43933495295,9401.70932169771,3759.26998674476,16442.5814709306,45.7739115225658,1.970249852,115.542996703751,16279.2943128523,16249.4111980483,-9955.17703267391,9029.57075734604,-237.23598961315,-688.370285714725,25158.2400127813,7155.58974625322,18002.6502665281,7489.99450003596,10512.6557664922,6422.43205571219,4090.22371077996
2019-10-01,2019,"Q4","2019/20","Q2","October",13455.5250906707,12887.791490494,11567.2843453732,567.733600176673,12527.6133294601,22795.3973737761,6213.09989728664,9958.47006207112,3745.37016478448,16582.2974764894,44.7851421657258,1.936908852,119.601911000754,16415.9735144709,16385.7578120106,-10267.7840443159,9458.53856876414,-55.0857432407235,-754.159732311082,25983.1384186323,7464.09867394665,18519.0397446857,7837.18270708726,10681.8570375984,6486.06994283219,4195.78709476624
2019-11-01,2019,"Q4","2019/20","Q2","November",13469.697183628,12843.012371918,11462.3618488597,626.684811710005,12955.5778991342,23085.701499322,6335.96207620824,10229.2735253671,3893.31144915888,16749.7394231137,76.1176128398958,1.962426852,124.290373401485,16547.3690100203,16520.971365564,-10130.1236001878,9462.38004138734,-51.3912666118321,-616.352292188635,26425.275088221,7422.74457581244,19002.5305124086,7942.43520297964,11060.0953094289,6586.85477359458,4473.24053583433
2019-12-01,2019,"Q4","2019/20","Q2","December",14083.7211509533,13169.353718838,11677.0216803695,914.367432115254,13034.3630768993,22483.4440239755,5433.95246753905,10107.7428426329,4673.7903750939,17049.4915564364,73.0349837366511,1.991420852,124.81368781905,16849.6514640287,16827.8768158396,-9449.08094707618,9445.18317475969,-48.8717522776124,44.9739799611162,27118.0842258191,7755.98996834244,19362.0942574767,7915.65030090896,11446.4439565677,6757.68554395623,4688.75841261148
2020-01-01,2020,"Q1","2019/20","Q3","January",14115.5883484564,13038.268316985,11755.5120722939,1077.32003147136,12773.1554363663,22647.7951221904,5747.79417249527,9759.55669167981,4011.76251918455,16900.0009496951,52.1442046742911,1.896068852,129.074004576663,16716.8866715922,16695.4857014241,-9874.6396858241,9556.1448407765,-16.9627197597504,-301.532125287854,26888.7437873219,7521.59983195921,19367.1439553627,7899.13130506921,11468.0126502935,6839.85810848732,4628.15454180621
2020-02-01,2020,"Q1","2019/20","Q3","February",14561.3799782044,13398.3064612,12105.8321732313,1163.07351700435,12654.4696370388,22866.7948720176,6038.64460329118,10016.9405065709,3978.29590327968,16828.1502687265,42.1388678998011,1.637592,129.525084315753,16654.8487245109,16635.9284344948,-10212.3252349788,9714.18969581442,-118.845748022876,-379.289791141501,27215.8496134146,7717.85905970742,19497.9905537071,8073.9777726971,11424.01278101,7051.53299088549,4372.47979012455
2020-03-01,2020,"Q1","2019/20","Q3","March",15342.1158268554,13637.854526438,12226.4308166543,1704.26130041742,12146.7916454535,22506.1963081508,5441.52384057522,10316.5059753824,4874.98213480722,17064.6724675756,45.2126969009863,1.286013,134.173963964701,16883.9997937099,16843.8773081237,-10359.4046626973,9994.59492073941,-155.814094271255,-208.995647686623,27488.907477544,7951.79893212692,19537.1085454171,8050.7690789922,11486.3394664249,6982.9508843017,4503.38858212317
2020-04-01,2020,"Q2","2019/20","Q4","April",15036.2241909847,13446.860070917,11856.9040528511,1589.36412006771,13176.6290270647,23499.1842825365,6157.76816095735,11302.9546874456,5145.1865264882,17341.4161215791,39.8511415742363,1.300332,134.896838486714,17165.3678095182,17130.8172704232,-10322.5552554718,10066.6447715695,-68.6092174491755,-187.301266453157,28212.8532197397,8341.45063294541,19871.4025867943,8316.23232261186,11555.1702641824,7106.70275543905,4448.46750874338
2020-05-01,2020,"Q2","2019/20","Q4","May",15338.1929785626,13166.637208406,11574.7987939148,2171.55577015661,13691.9464479998,24158.9322462285,6734.41156508641,11198.1545149832,4463.74294989679,17424.5206811421,38.9740004612363,1.308983,23.67554795149,17360.5621497294,17330.4566513799,-10466.9857982287,10043.0604962384,-53.5128010063873,-370.412500983909,29030.1394263349,8651.98450478508,20378.1549215498,8574.95174021169,11803.2031813381,7174.8170428949,4628.38613844323
2020-06-01,2020,"Q2","2019/20","Q4","June",16223.3007682361,14717.592685544,14415.2082395294,1505.70808269213,13845.5476190797,24316.3871061756,6895.16876067837,10992.1034102275,4096.93464954916,17421.2183454972,36.7676470475316,1.243167,26.36352192249,17356.8440095272,17326.4053697998,-10470.8394870959,10102.1045163507,-235.606044886757,-133.12892585843,30068.848387025,8493.83877171106,21575.0096153139,8896.75852058965,12678.2510947243,7801.01858900568,4877.23250571861
2020-07-01,2020,"Q3","2020/21","Q1","July",16907.0553213104,15649.310833585,15003.6158329679,1257.74448772537,12241.84779618,22893.8326973,5486.55523159035,12629.7483386095,7143.19310701919,17407.2774657096,33.2991156467316,1.224179,27.72851028349,17345.0256607794,17318.2897637864,-10651.9849011199,9954.78572567524,-167.570138258778,-529.629037185924,29148.9031163926,8424.92630945352,20723.9768069391,8882.30675282564,11841.6700541135,6923.80139066224,4917.86866345122
2020-08-01,2020,"Q3","2020/21","Q1","August",16003.6187306766,14963.60427349,14272.2025695158,1040.01445718658,14215.6820097379,24997.7094401609,7640.16324379861,13247.7549469643,5607.59170316572,17357.5461963623,32.4802655306316,1.501172,26.85117513149,17296.7135837002,17285.3391436106,-10782.027430423,10491.4677828788,-92.8172013028086,-197.742446241408,30219.3007407156,8350.90591008813,21868.3948306274,8925.18269399831,12943.2121366291,7985.11770243761,4958.09443419151
2020-09-01,2020,"Q3","2020/21","Q1","September",16312.3153865594,15276.954827912,14727.2003605679,1035.36055864735,14189.1518814112,25272.6303972331,7591.47623582881,12601.0280923457,5009.55185651687,17681.1541614043,32.2986020474525,1.208578,26.92961996249,17620.7173613943,17602.7129444968,-11083.4785158219,10748.5705767884,-123.997026838446,-210.91091219506,30501.4672664889,8505.88151046218,21995.5857560267,9618.91246506195,12376.6732909647,7554.42234148505,4822.25094947969
2020-10-01,2020,"Q4","2020/21","Q2","October",16574.2449207797,15190.903481476,14534.9046511967,1383.3414393037,14625.349667263,26187.4948124072,8344.70988744205,13876.559621192,5531.84973374999,17842.7849249651,85.5387675690225,1.120192,25.30988819949,17730.8160771966,17699.241296816,-11562.1451451441,10898.9376463024,-100.207276549542,-563.0002222922,31199.5945868645,8851.7082544685,22347.886332396,9420.22926753522,12927.6570648608,8031.28510893976,4896.37195592107
2020-11-01,2020,"Q4","2020/21","Q2","November",15626.4725338473,14182.080374762,13691.8271179181,1444.39215908526,15953.7718877334,26926.9590533747,9012.91469474677,15347.1593351883,6334.2446404415,17914.0443586279,28.3894573870225,1.133744,68.73098347849,17815.7901737624,17787.352650524,-10973.1871656413,10767.1815370058,-46.9575770615319,-159.048051573984,31580.2444207535,8993.85202952632,22586.3923912272,9486.18121346559,13100.2111777616,8033.46850736133,5066.74267040026
2020-12-01,2020,"Q4","2020/21","Q2","December",16644.2074698739,15180.522335778,14051.132537818,1463.68513409594,15109.0279534628,26139.3354051509,7767.07087436456,13813.1248128941,6046.05393852958,18372.2645307863,28.0448192312958,1.126823,70.0849608178167,18273.0079277372,18249.0892310161,-11030.3074516881,10598.3178352558,30.7139032135006,-462.703519645792,31753.2354240734,8796.01548642016,22957.2199376532,9385.03352150393,13572.1864161493,8136.33590807009,5435.85050807917
2021-01-01,2021,"Q1","2020/21","Q3","January",15550.3973352635,14116.607342437,13155.4986547331,1433.78999282649,16289.0650364991,27294.8475640865,8868.90195961438,14567.1090588981,5698.20709928376,18425.9456044721,20.6528625631958,1.091816,70.1969720712688,18334.0039538376,18315.6105853763,-11005.7825275874,10733.642481314,-33.5990094847029,-238.541036788682,31839.462372108,9056.8905501283,22782.5718219797,9500.80227148343,13281.7695504963,7913.96322382108,5367.80632667519
2021-02-01,2021,"Q1","2020/21","Q3","February",15345.648986153,13685.545787692,12872.8523420236,1660.10319846095,16566.752003866,28018.4625755228,9600.36837269811,15057.2981279551,5456.92975525698,18418.0942028247,20.206941601708,1.104562,66.9272345400569,18329.8554646829,18309.9674649551,-11451.7105716568,10806.0220540542,-144.176377881012,-501.512139721538,31912.4009872756,9046.26958438979,22866.1314028858,9614.72143085245,13251.4099720333,7969.86408500306,5281.54588703029
2021-03-01,2021,"Q1","2020/21","Q3","March",14656.2704605061,13657.015374342,13250.8974019144,999.255086164131,17094.0722935418,28345.3101607737,9731.79877080277,15398.6455197371,5666.84674893437,18613.5113899709,29.2109754309255,1.03024,67.2005861312129,18516.0695884088,18486.5559022574,-11251.2378672318,10943.5987747232,1.77621576880998,-309.415308277453,31750.342721948,8922.98478126029,22827.3579406877,9753.97115726873,13073.386783419,7963.81286176376,5109.57392165519
2021-04-01,2021,"Q2","2020/21","Q4","April",14375.6586967768,13067.819462952,12765.2678037593,1307.83923382479,17095.9396090223,28522.6495661396,10064.995776723,15133.3092052259,5068.31342850291,18457.6537894167,29.2762016969215,1.002597,66.8810350481081,18360.4939556716,18333.3088715741,-11426.7099571173,10799.309803349,-179.971717350997,-447.42843641732,31471.5995360384,9085.26647945088,22386.3330565875,9735.91638646267,12650.4166701248,7709.44209423559,4940.97457588925
2021-05-01,2021,"Q2","2020/21","Q4","May",14190.2615386048,13113.358391248,12811.5905597896,1076.90314735678,17360.3084666445,28808.1618692132,10395.907216263,15177.8443437132,4781.9371274502,18412.2546529502,28.9400935352498,1.008092,68.612069473974,18313.694397941,18288.8603798619,-11447.8534025687,10805.0202407078,-133.09929431178,-509.73386754908,31550.5700039989,8971.74122945679,22578.8287745421,9724.49990158902,12854.3288729531,7777.74394888009,5076.584924073
2021-06-01,2021,"Q2","2020/21","Q4","June",16376.779811622,15501.623893564,14775.4032471247,875.155918057963,16242.483823155,28190.7012802208,9320.28594059451,15944.5855450891,6624.29960449455,18870.4153396263,15.9317004079492,1.010576,68.0927878786903,18785.3802753396,18765.6293430143,-11948.2174570658,10965.9677544594,-255.486092538808,-726.763610067558,32619.2636312286,8941.33608488427,23677.9275463443,9916.17142839833,13761.756117946,8524.5027204901,5237.25339745589
2021-07-01,2021,"Q3","2021/22","Q1","July",15524.4425976059,15203.648116412,14740.54880084,320.794481193851,17310.9987523837,28671.7855176898,9524.95470725244,15285.7008727293,5760.74616547682,19146.8308104374,15.938721294218,0.940855,68.3210196351285,19061.630214508,19040.0711652655,-11360.7867653061,10961.9590995262,-8.66396914482537,-390.163696635043,32835.4413460229,8803.48262954889,24031.9587164741,9941.96002197316,14089.9986945009,8681.76690667161,5408.23178782928
2021-08-01,2021,"Q3","2021/22","Q1","August",15854.0588826186,15444.029837298,15926.6092861138,410.029045320598,17223.7266864257,28756.5916312903,9599.44539402996,16178.3144764417,6578.8690824117,19157.1462372603,25.9065305045715,0.937661,75.2237443465483,19055.0783014092,19036.708505453,-11532.8649448646,10998.8304404921,-19.8257980870975,-514.208706285424,33077.7855655346,8927.58349810674,24150.2020674278,10011.3399454227,14138.8621220051,8757.47568444926,5381.38643755586
2021-09-01,2021,"Q3","2021/22","Q1","September",15264.8148929602,15002.234071194,15653.2912401822,262.580821766188,17306.6318899384,29188.0336606432,9810.21934596935,15663.8747731934,5853.65542722404,19377.8143146739,54.9390976835019,0.423468,76.8590388277321,19245.5927101626,19218.5266638155,-11881.4017707049,11132.9548688839,-94.1438065207759,-654.303095300222,32571.4467848762,8863.84774025969,23707.5990446166,9952.5469822812,13755.0520623354,8454.56405550226,5300.4880068331
2021-10-01,2021,"Q4","2021/22","Q2","October",16139.758840633,14781.425187594,15396.5741347469,1358.33365303904,16540.6455148621,28845.6475014662,9345.44921667449,14744.9862140207,5399.53699734619,19500.1982847917,46.0248797261534,0.415447,86.3529106506692,19367.4050474149,19342.6587051693,-12305.0019866041,11147.1788248884,-35.2146342118817,-1122.60852750375,32680.4043527728,8869.63270778065,23810.7716449921,9823.11113183184,13987.6605131603,8652.47885202709,5335.18166113319
2021-11-01,2021,"Q4","2021/22","Q2","November",16867.8495082402,15108.69500232,15489.9706647226,1759.15450592024,16673.3248043103,28825.5374023353,9168.15435031197,15818.5189978288,6650.36464751686,19657.3830520233,44.8913511683596,0.401025,83.6471279083464,19528.4435479466,19504.6895119257,-12152.212598025,11244.2826141461,-252.881982848417,-655.048001030544,33541.1743083015,9090.23603467205,24450.9382736295,9946.89873798555,14504.0395356439,8950.12738074753,5553.91215489641
2021-12-01,2021,"Q4","2021/22","Q2","December",16932.0611408081,15226.803424607,15358.6399425302,1705.25771620112,16428.6164619827,28470.5984298252,8563.17228561323,14950.959968575,6387.78768296181,19907.4261442119,43.257062823539,0.405062,78.9775106396951,19784.7865087487,19764.516100377,-12041.9819678425,11270.1188964331,-156.85131585211,-615.011755557295,33360.6776059793,9066.94318684474,24293.7344191345,9590.81091375734,14702.9235053772,8910.1713698249,5792.7521355523
2022-01-01,2022,"Q1","2021/22","Q3","January",16196.2589174383,14535.639840937,14597.8060424666,1660.61907650134,17236.3986640836,29141.4733130126,9214.72587939749,15449.8244916427,6235.09861224518,19926.7474336151,43.1682021553552,0.392589,77.3177634450113,19805.8688790148,19790.2549561179,-11905.074648929,11244.9596679057,-153.775952513546,-506.339028509708,33432.6575794731,9018.37058469908,24414.286994774,9485.03970386028,14929.2472909137,9511.78427465503,5417.4630162587
2022-02-01,2022,"Q1","2021/22","Q3","February",16364.7779155448,14892.557597923,15114.337804271,1472.22031762183,17256.8931221132,29491.7485452154,9343.77433651747,15393.0051735102,6049.23083699274,20147.974208698,41.6069533039852,0.391379,74.4542901068617,20031.5215862871,20008.1309786009,-12234.8554231022,11435.3380719962,-205.329637727625,-594.187713378437,33621.6710348977,9300.92751118789,24320.7435237098,9736.01794626844,14584.7255774413,9267.15725208205,5317.56832535929
2022-03-01,2022,"Q1","2021/22","Q3","March",16382.1926700236,15111.466201223,16016.0429795944,1270.72646880064,17025.3541667558,29659.1505794941,9541.4457490676,15013.551442687,5472.10569361942,20117.7048304265,42.31202222281,0.371367,70.3226900001636,20004.6987512035,19965.4045808993,-12633.7964127383,11510.3139182361,-231.313045382662,-892.169449119472,33407.5468359905,9303.95080898975,24103.5960270007,9767.42430172218,14336.1717252785,9159.12412477343,5177.04760050512
2022-04-01,2022,"Q2","2021/22","Q4","April",16393.0852613511,15216.553801174,16146.7529203903,1176.5314601771,16858.6142602932,29460.6177109943,9296.14203056532,14816.6331767871,5520.49114622179,20164.475680429,42.899120496788,0.366636,64.38633729796,20056.8235866343,20030.9714163318,-12602.0034507011,11483.3797255504,-99.0716108804016,-1019.5521142703,33251.6995211524,9091.00651449602,24160.6930066564,9568.96682233342,14591.7261843229,9408.35142032659,5183.37476399635
2022-05-01,2022,"Q2","2021/22","Q4","May",17195.9074847795,14905.491831426,15982.0170801495,2290.41565335352,17429.771923466,30969.0829817707,10367.7384064512,16143.6377315881,5775.89932513696,20601.3445753196,45.5554501463622,0.360442,74.5524542847682,20480.8762288885,20391.3867783505,-13539.3110583047,12366.755431896,53.7607161943053,-1226.31634260304,34625.6794106752,9643.07024466874,24982.6091660065,10184.2954934833,14798.3136725232,9518.23638266176,5280.0772898614
2022-06-01,2022,"Q2","2021/22","Q4","June",15906.1652488054,14369.577877539,15466.7730672652,1536.58737126635,19964.2627579512,32968.382104536,11990.5709806086,17252.0685412244,5261.49756061584,20977.8111239274,52.0430592239695,0.351323,70.8401186524913,20854.5766230509,20760.4845397123,-13004.1193465848,12020.7029425295,-156.969834798608,-826.446569256757,35870.4280065879,9537.6522692017,26332.7757373862,10438.5269463458,15894.2487910404,10175.9997453754,5718.24904566506
2022-07-01,2022,"Q3","2022/23","Q1","July",15822.4274990325,13936.801499377,15037.8142416489,1885.62599965554,19663.2907222916,32870.7681954244,11564.0513402133,16925.8904777374,5361.83913752411,21306.7168552111,109.30824248611,0.367768,71.2987983938206,21125.7420463312,20992.841724053,-13207.4774731328,12615.0556246605,-170.171359345675,-422.25048912662,35485.7182200159,9878.85016682985,25606.8680531861,10351.622804503,15255.2452486831,9445.342677281,5809.90257140206
2022-08-01,2022,"Q3","2022/23","Q1","August",14887.1363876975,12984.5595250795,14457.7341970235,1902.57686261798,20638.6810000809,34134.0994369052,12768.8126703198,17767.0056658913,4998.19299557151,21365.2867665854,109.062473653349,0.358094,70.2906761220526,21185.57552281,21082.7571632994,-13495.4184368243,12523.8221574803,-45.5728663239663,-926.023413019988,35525.8173874946,9784.21418262403,25741.6032048706,10418.7673791379,15322.8358257327,9539.36133087098,5783.47449486174
2022-09-01,2022,"Q3","2022/23","Q1","September",14423.4297462345,12625.443729626,14231.9862865328,1797.98601660848,20813.8458448423,34625.017220499,12061.4031041452,16877.6150373023,4816.21193315714,22563.6141163538,1190.3447282169,0.336152,70.3115273232023,21302.6217088137,21183.9246766338,-13811.1713756567,12845.913073414,45.2808349288077,-1010.53913717147,35237.2755904099,9700.56984648926,25536.7057439206,10187.3956020393,15349.3101418813,9628.17622405117,5721.13391783016
2022-10-01,2022,"Q4","2022/23","Q2","October",13654.4015429545,12409.667205413,13729.2613455914,1244.73433754148,20924.3556141599,35308.788707957,12611.5096611832,17642.0630062993,5030.55334511613,22697.2790467738,1134.56733892695,0.719013,74.3652043492755,21487.6274904976,21393.2238434483,-14384.4330937971,12756.0425562202,-472.985764013643,-1155.40477356322,34578.7571571533,9331.51568210007,25247.2414750532,10558.7033303877,14688.5381446656,8932.61698895919,5755.92115570639
2022-11-01,2022,"Q4","2022/23","Q2","November",12905.6935520522,11994.743846112,13358.038931191,910.949705940164,22129.0104105776,36537.6514308702,14336.9041166588,19497.3235363478,5160.41941968903,22200.7473142114,607.142170733721,0.323046,76.6581686759418,21516.6239288017,21453.8770872186,-14408.6410202926,12830.5090123705,-149.953962789938,-1428.17804513216,35034.7039626167,9284.23459051159,25750.4693721051,11010.4367183597,14740.0326537454,8664.06832700424,6075.96432674118
2022-12-01,2022,"Q4","2022/23","Q2","December",13241.8440894701,11526.4467729956,13239.55800365,1715.39731647447,22612.6176354279,37386.4961223668,14705.7674603835,20056.1269200364,5350.35945965283,22680.7286619833,748.398063331264,0.902069,76.13482973046,21855.2936999216,21803.2987908339,-14773.878486939,13187.3996306702,-15.5245442834522,-1570.95431198528,35854.4617254684,9552.1221708569,26302.3395546115,10552.7676019629,15749.5719526486,9383.51384722253,6366.05810542605
2023-01-01,2023,"Q1","2022/23","Q3","January",13973.3036247358,12203.6500861514,13541.4991953,1769.6535385844,21313.5215333258,36801.2932379017,14193.4629887433,19886.4911387315,5693.02814998822,22607.8302491584,686.726104678035,0.907546,76.1488752483385,21844.047723232,21793.9262275985,-15487.7717045759,13242.6763010833,-132.474097467544,-2112.62130602508,35286.8251586301,9471.33946538345,25815.4856932467,10675.2874979247,15140.198195322,8962.61659745692,6177.58159786504
2023-02-01,2023,"Q1","2022/23","Q3","February",13794.158358359,12284.3206251901,13546.3137084669,1509.83773316891,21797.7713186455,36638.4012126606,14025.2833700973,18890.2571442285,4864.9737741312,22613.1178425632,741.928336923264,0.779411,78.8676061024598,21791.5424885375,21755.9449163177,-14840.6298940151,13458.2914114525,-102.687299254944,-1279.65118330761,35591.9296764522,9457.02207279455,26134.9076036577,10875.6650133329,15259.2425903247,9267.61998242008,5991.62260790466
2023-03-01,2023,"Q1","2022/23","Q3","March",13709.5747983682,12425.7879434259,13709.9265430272,1283.7868549423,22466.8979990644,37718.1436987744,14598.1595965507,19169.6060548757,4571.44645832505,23119.9841022237,861.994281335997,0.278178,80.3519238740074,22177.3597190137,22100.0804835976,-15251.2456997099,13801.9526818038,-175.17140605053,-1274.12161185558,36176.4727969882,9647.28636500247,26529.1864319857,11096.642670314,15432.5437616717,9451.91311675811,5980.63064491361
2023-04-01,2023,"Q2","2022/23","Q4","April",13539.435054953,11950.4957423747,13396.263059916,1588.93931257829,22845.7063458096,38450.8750527703,15113.6418352547,20216.3263316265,5102.68449637179,23337.2332175156,1020.45755255726,0.277885,75.5695222773329,22240.928257681,22173.8022594396,-15605.1687069607,13891.9835461529,-165.408179640038,-1547.77698116777,36385.1413993407,9654.03651193111,26731.1048874096,11429.6123848549,15301.4925025547,9443.02051850232,5858.47198405234
2023-05-01,2023,"Q2","2022/23","Q4","May",13766.227308026,12023.9144621116,13466.2732863247,1742.31284591439,23059.8766689001,38768.0401250053,15534.9337976836,21012.4944397925,5477.5606421089,23233.1063273217,859.327041805368,0.282915,75.1707381247062,22298.3256323916,22236.9433156536,-15708.1634561052,14235.3972854054,-6.25846204127345,-1466.50770865857,36826.1039757637,9816.01559717634,27010.0883785874,11606.7661849125,15403.3221936749,9478.25440502991,5925.06778864499
2023-06-01,2023,"Q2","2022/23","Q4","June",15742.3474878841,13916.0292337595,14943.2437783497,1826.31825412459,22508.3884821975,39015.0754041243,15881.1088688847,22426.3650746087,6545.25620572398,23133.9665352396,825.813328656222,0.260221,85.0239196057233,22222.8690659776,22174.0104530325,-16506.6869219268,13925.3475285516,-148.291134562368,-2433.04825881286,38250.7359689375,9689.34109105969,28561.3948778778,11959.0590651729,16602.3358127049,10338.037031234,6264.29878147087
2023-07-01,2023,"Q3","2023/24","Q1","July",15515.8985227499,13952.6590692926,14299.4496491811,1563.23945345734,22258.7319063965,38598.6559850407,15238.6162829831,20123.3009467277,4884.68466374463,23360.0397020576,927.140350854923,0.264796,87.23220917699,22345.4023460257,22299.0774247661,-16339.9240786442,14034.9209638629,-183.209131043129,-2121.7939837382,37774.6304617945,9614.03867050716,28160.5917912874,12114.7589666584,16045.832824629,9715.3446565857,6330.48816804332
2023-08-01,2023,"Q3","2023/24","Q1","August",15913.5800810173,14497.3151229424,14778.6875429615,1416.26495807492,22246.4235267615,38662.8886206484,15154.9487203896,20689.2904899578,5534.34176956823,23507.9399002588,780.269653635728,0.255775,95.1733334825526,22632.2411381405,22587.3988654634,-16416.4650938869,14357.0632021971,-173.81390228212,-1885.58798940771,38160.0036061226,9674.75270977527,28485.2508963474,12481.1277890919,16004.1231072555,9555.39340614884,6448.72970110668
2023-09-01,2023,"Q3","2023/24","Q1","September",15708.0253788188,14304.6333950298,14611.4500603767,1403.39198378897,22395.8719594844,39010.4935375491,14918.6029142753,20635.4860241488,5716.88310987351,24091.8906232738,919.676772393908,0.246325,96.8240338146462,23075.1434920653,23020.4998061161,-16614.6215780647,14672.6942487049,-107.0312303956,-1834.89609896419,38103.897337296,9735.05736711453,28368.8399701815,12317.5427968924,16051.2971732891,9776.25009601618,6275.04707727295
2023-10-01,2023,"Q4","2023/24","Q2","October",15457.8368293796,14174.852277481,14773.5443045288,1282.98455189858,23361.7236447173,40138.517191676,16077.2585909668,20970.1013427887,4892.8427518219,24061.2586007092,950.925704196635,0.237215,96.3952794866016,23013.700402026,22945.6463175761,-16776.7935469588,15086.540446214,-22.5462512122437,-1667.70684953247,38819.560473584,10091.5145986384,28728.0458749455,12473.613634124,16254.4322408216,9836.9642546815,6417.46798614008
2023-11-01,2023,"Q4","2023/24","Q2","November",14808.0800189158,13851.4569980723,14535.5999228216,956.623020843483,24617.6318156495,41434.2649577845,17043.157635914,22588.7312326392,5545.57359672521,24391.1073218705,925.180200296454,0.241061,94.9491262799332,23370.7369342941,23292.523857291,-16816.633142135,15556.4171631274,-90.2191262265468,-1169.996852781,39425.7118340167,10097.9699364836,29327.741897533,12555.0443524235,16772.6975451095,10031.2638491052,6741.4336960043
2023-12-01,2023,"Q4","2023/24","Q2","December",14648.823031044,13559.9362301108,14122.4350424674,1088.88680093319,25096.8367772197,42320.7730750158,17141.8162274268,22721.5441749434,5579.72794751668,25178.956847589,1092.85588604449,0.218144,95.67629113408,23990.2065264104,23922.4531818433,-17223.9362977961,15887.6048777178,-12.4003419504911,-1323.93107812775,39745.6598057662,10067.0733262783,29678.5864794879,12468.8192065514,17209.7672729365,10167.4918581271,7042.27541480943
2024-01-01,2024,"Q1","2023/24","Q3","January",14197.6802896053,13077.4838254252,13668.7492181643,1120.19646418007,24596.5884542495,42181.0415992883,17415.4142749802,23369.1735919516,5953.75931697144,24765.6273243081,825.34632302303,0.221926,92.34067224495,23847.7184030401,23781.2907830217,-17584.4531450388,16139.3521178877,2.36943153488149,-1447.47045868597,38794.2687432518,9838.43756133887,28955.831181913,12493.9156489383,16461.9155329747,9786.68263449449,6675.23289848017
2024-02-01,2024,"Q1","2023/24","Q3","February",14628.3795513014,13020.8044961187,13736.2876506203,1607.57505518268,24774.7799537519,42524.0899705726,17401.8392188973,22947.4565127939,5545.61729389653,25122.2507516752,931.400105559458,0.211422,91.71204705555,24098.9271770602,23972.568317077,-17749.3100168206,16347.2272760733,135.338953513403,-1537.42169426079,39403.1595036405,10015.9837552811,29387.1757483594,12423.1817954045,16963.9939529549,10305.6819822254,6658.31197072946
2024-03-01,2024,"Q1","2023/24","Q3","March",14629.0386662023,13083.3103658365,13551.2901513684,1545.72830036587,24734.9518509028,42683.5415190901,17256.704118859,22700.4583863851,5443.75426752611,25426.8374002311,1171.93634307326,0.187943,91.36594265535,24163.3471715025,24039.9557704069,-17948.5896681873,16511.7758614455,-192.792026902968,-1244.02177983879,39363.990516033,10038.0866461484,29325.9038698845,12362.0645737799,16963.8392961047,10406.6525300984,6557.18676600632
2024-04-01,2024,"Q2","2023/24","Q4","April",14898.5959943852,13017.583427691,13222.291176992,1881.0125666942,24181.1000211039,42208.6558859783,17474.1090676678,22726.4057788676,5252.2967111998,24734.5468183106,711.209725422685,0.177648,90.41273831162,23932.7467065763,23843.431508229,-18027.5558648744,16559.4716108057,-206.043084208987,-1262.04116985969,39079.6960131088,10132.2435958149,28947.4524172939,12659.936903496,16287.5155137979,9813.64594238987,6473.86957140807
2024-05-01,2024,"Q2","2023/24","Q4","May",14538.7497746648,12359.3603466305,12423.8675492574,2179.38942803433,26135.7278960647,44051.9849272985,19214.1599984042,25281.3441189789,6067.18412057468,24837.8249288943,730.02860639234,0.180721,89.666690311836,24017.9489111901,23933.4960039651,-17916.2570312339,16688.0293391739,-278.519252599883,-949.708439460093,40674.4776702592,10341.6119647565,30332.8657055027,12803.9473736708,17528.9183318319,10726.8152193157,6802.10311251622
2024-06-01,2024,"Q2","2023/24","Q4","June",14375.2899490078,12105.382652357,11987.1427329059,2269.90729665073,27196.3962864752,45489.1645209764,20127.3405474634,25571.0373542589,5443.69680679554,25361.823973513,953.74468074459,0.170071,39.2777168938943,24368.6315048745,24296.6200499872,-18292.7682345012,16659.993691122,-148.463970009567,-1484.31057336963,41571.6862374307,10361.571928579,31210.1143088518,13354.0910605999,17856.0232482519,10697.041953338,7158.98129491391
2024-07-01,2024,"Q3","2024/25","Q1","July",13136.7673774944,11229.9708018205,12371.6988170533,1906.79657567384,29319.951943016,47450.0515181917,21837.0962963692,26735.6544680323,4898.55817166312,25612.9552218225,887.038832920416,0.159595,96.896849822267,24628.8599440798,24561.1825883003,-18130.0995751757,16972.3345724294,2.43582231717228,-1160.20082506347,42456.7193175027,10658.2463178385,31798.4729996642,14154.7592012355,17643.7137984287,10485.8564796268,7157.85731880194
2024-08-01,2024,"Q3","2024/25","Q1","August",13641.2653979999,11512.5292413465,12626.6764960454,2128.73615665344,29224.8199633842,48350.1056044465,22598.7079861194,28020.5495272483,5421.84154112898,25751.3976183271,993.437678284419,0.132425,91.5943029510862,24666.2332120916,24609.3163999606,-19125.2856410623,17238.8817905212,-134.683638596814,-1751.72021194427,42866.0853585636,10909.7395384265,31956.3458201371,14186.3231862755,17770.0226338616,10653.9835278904,7116.03910597124
2024-09-01,2024,"Q3","2024/25","Q1","September",12540.2501632262,10762.2559493313,12006.5622889832,1777.99421389489,29936.2596107021,48003.5747626304,22168.5812099764,27293.3438123927,5124.76260241632,25834.993552654,930.942830970475,0.134574,89.76223339633,24814.1539142872,24761.0880289455,-18067.3151519283,17237.095863324,-231.000064134434,-599.219224469853,42476.5097727766,10559.5685288838,31916.9412438928,14026.2061682657,17890.7350756271,11003.6076199254,6887.12745570167
2024-10-01,2024,"Q4","2024/25","Q2","October",13019.3758056166,11189.0418499291,12384.2110636339,1830.33395568747,29229.798557113,47310.5512671054,21348.9186641414,27785.4606543942,6436.54199025275,25961.632602964,998.930143160421,0.107947659,81.54744143344,24881.0470707112,24832.0295208039,-18080.7527099924,17343.4483657209,-124.336777865596,-612.967566405931,42249.174361012,10476.2857418084,31772.8886192036,13900.5609442195,17872.3276749841,10835.0826985838,7037.24497640029
2024-11-01,2024,"Q4","2024/25","Q2","November",12781.9745395217,11471.7530296153,12551.0488839903,1310.22150990639,29749.207474699,48632.3020220917,22135.6041516396,27538.1442828871,5402.54013124754,26496.6978704521,961.693317444908,0.109709803,84.41589883906,25450.4789443651,25404.1983614224,-18883.0945473927,17604.003168671,81.507321959964,-1360.59870068169,42531.18201474,10371.8234383858,32159.3585763542,14192.2512857002,17967.107290654,10492.3217148719,7474.78557578216
2024-12-01,2024,"Q4","2024/25","Q2","December",13323.6024251094,11552.620645813,12158.0511318481,1770.98177929642,29004.0439857834,48132.4595798168,21590.9973962313,27554.7234774884,5963.72608125705,26541.4621835855,869.492775435864,0,76.0129352024329,25595.9564729472,25545.571652418,-19128.4155940333,17946.345664028,-241.997849429738,-940.072080575575,42327.646413527,10568.4530685987,31759.1933449284,13521.9873774007,18237.2059675276,10481.9999360553,7755.20603147237
2025-01-01,2025,"Q1","2024/25","Q3","January",12939.0342996289,11327.977888736,12439.7875837157,1611.0564108929,29051.5527268768,48630.3244483539,22070.7525497519,28452.4629079821,6381.7103582302,26559.571898602,826.25508720323,0,75.8626148779912,25657.4541965208,25614.2651923717,-19578.7717214771,18218.1483112383,-448.044537450374,-912.578872788432,41990.5870265554,10515.9339905938,31474.6530359616,13461.1273134296,18013.525722532,10414.502520118,7599.02320241399
2025-02-01,2025,"Q1","2024/25","Q3","February",13610.7706982392,11701.853671218,12683.4181951275,1908.91702702118,29231.1272387898,49156.5446803756,22339.36759049,28544.0824902951,6204.71489980511,26817.1770898857,831.170732466168,0,81.8577366453731,25904.1486207741,25852.3054609209,-19925.4174415858,18478.0073597528,-232.365288553629,-1215.04479327936,42841.8979374962,10834.9824814146,32006.9154560816,13922.379165379,18084.5362907027,10744.7871989431,7339.7490917596
2025-03-01,2025,"Q1","2024/25","Q3","March",14133.3568031322,12848.869891636,13137.4998751173,1284.48691149616,29183.2390099087,49478.6016427895,22251.9216020537,27851.3652321224,5599.44363006873,27226.6800407358,922.93288258752,0,98.9857106511122,26204.7614474972,26133.1153141631,-20295.3626328808,18659.6234156472,-269.267181755655,-1366.4720354779,43316.5958133124,11477.5022827648,31839.0935305476,13744.3053687835,18094.7881617641,10742.6540406553,7352.13412110883
2025-04-01,2025,"Q2","2024/25","Q4","April",14367.5018485152,12958.422335638,13903.2894199808,1409.07951287718,29417.5830044924,49918.8785833901,22536.4375485075,28446.1211086298,5909.68356012232,27382.4410348827,841.513847391048,0,107.28922425125,26433.6379632404,26344.0158171776,-20501.2955788977,18701.4994012202,-102.939912257275,-1696.85626542018,43785.084850203,11757.4909938249,32027.5938563781,13702.0914808549,18325.5023755231,10898.3115200608,7427.19085546232
2025-05-01,2025,"Q2","2024/25","Q4","May",15406.9666356351,13496.57251869,14779.1444672328,1910.39411694507,29804.6321015463,49835.3551560723,22306.0766656868,31559.4098209479,9253.33315526105,27529.2784903855,986.478786814014,0,103.278705532408,26439.520998039,26363.1495699845,-20030.723054526,18848.9406744007,29.3360856580903,-1211.11846578338,45211.5987347144,12128.1304270079,33083.4683077066,13885.5332617715,19197.9350459351,11696.5763250843,7501.35872085079
2025-06-01,2025,"Q2","2024/25","Q4","June",17118.1620116969,15540.2729173473,15448.8886128536,1577.88909434957,29997.4818524282,50851.1868557292,22989.5446000134,31173.363852158,8183.8192521446,27861.6422557158,871.099864617626,0,112.667150828519,26877.8752402696,26799.5538127683,-20853.705003301,18583.1266053234,-333.799938836003,-1936.77845914159,47115.6438617783,12462.7991073014,34652.844754477,14648.6249576031,20004.2197968739,12183.696306328,7820.52349054584
2025-07-01,2025,"Q3","2025/26","Q1","July",17992.9231142434,16173.792091685,16405.8978858625,1819.13102255835,28233.0513947513,49139.6359077574,21304.7576352511,31005.0819083324,9700.32427308138,27834.8782725063,980.981248655644,0,111.636706401444,26742.2603174493,26682.7521207864,-20906.5845130062,18775.3427911921,15.1788617487787,-2146.4205835628,46225.9745071966,12177.3567393557,34048.6177678409,14582.6159296618,19466.0018381791,11637.4890517074,7828.51278647166
2025-08-01,2025,"Q3","2025/26","Q1","August",17459.1364674701,16110.2695337577,16726.3992941875,1348.86693371247,28523.3370541696,49803.1778999324,21600.8553812611,29743.6423380391,8142.78695677793,28202.3225186712,1059.02522014676,0,108.104807522606,27035.1924910019,26957.8897395499,-21279.8408457627,19158.0835391256,-397.342326535531,-1724.41498010161,45982.4735210513,11965.9037872508,34016.5697338006,14445.5219471719,19571.0477866287,11527.6494438384,8043.39834279029
2025-09-01,2025,"Q3","2025/26","Q1","September",18155.6460349144,17065.843033945,17372.4446740101,1089.80300096941,28693.8683643239,50243.958246353,21690.6064418304,30280.8084926028,8590.20205077242,28553.3518045226,1012.08105336554,32.84525901908,136.680685948411,27371.7448061895,27289.5486338709,-21550.0898820291,19003.7205207646,-128.212231096652,-2418.15713016785,46849.5143971218,12014.8631256509,34834.6512714709,14801.7252244985,20032.9260469724,12269.3803125025,7763.54573446991
2025-10-01,2025,"Q4","2025/26","Q2","October",21281.8084702494,19289.2085786119,20007.647359347,1992.59989163749,26455.4400111527,47871.8784951843,19334.9657622898,29597.1606718888,10262.194909599,28536.9127328945,934.765497747806,32.492506571,142.553871818762,27427.1008567569,27351.4002374304,-21416.4384840316,19317.1210537928,-82.2421093722214,-2017.07532086664,47737.2484815244,12620.9178853631,35116.3305961612,14773.4898084246,20342.8407877366,12304.2578714018,8038.58291633485
2025-11-01,2025,"Q4","2025/26","Q2","November",22332.1567925725,20725.3995891834,21834.5142073938,1606.75720338907,28342.0294024744,50733.0270584169,21351.7063803018,30335.4114596537,8983.70507935183,29381.320678115,1061.44982206967,34.10816732111,136.84918257128,28148.913506153,28029.0900738112,-22390.9976559425,20115.3964615953,-136.829209041285,-2138.77198530591,50674.1861932011,13187.9390103201,37486.2471828811,15565.1892782822,21921.0579045989,13221.2373888854,8699.82051571348
2025-12-01,2025,"Q4","2025/26","Q2","December",22758.8101564944,20774.5401543747,21685.6314752465,1984.27000211972,28050.0049792162,50225.2964246357,20607.0925397748,31195.8782876159,10588.7857478411,29618.203884861,738.11291869057,34.758717952,123.05349012225,28722.2787580961,28616.0489974515,-22175.2914454196,20348.8243553897,-299.296567511084,-1527.1705225188,50808.8151333257,12922.302873842,37886.5122594836,15708.9024158414,22177.6098436422,13010.095037432,9167.51480621025
2026-01-01,2026,"Q1","2025/26","Q3","January",21313.5349580673,20256.09852545,20015.4951717296,1057.43643261732,29175.5284198968,50882.1882807759,20979.1158294078,31591.4212325991,10612.3054031912,29903.0724513681,957.653737249411,34.92164570739,213.46161529151,28697.0354531198,28608.339056913,-21706.6598608791,20274.2017141716,-93.5336492423925,-1338.92449746515,50489.0633766081,12746.0264633674,37743.0369132407,15316.2213707315,22426.8155425092,12718.6933040682,9708.12223844102
2026-02-01,2026,"Q1","2025/26","Q3","February",20867.1679976642,20169.2527754544,20289.6663371438,697.915222209843,30674.5746611991,52480.7044135027,22539.475400426,29936.7615217148,7397.28612128887,29941.2290130767,1006.88210732386,0,221.95482436911,28712.3920813838,28584.6710286023,-21806.1297523036,20885.0096603861,655.588398744999,-1576.70849066245,51541.7426597522,12760.8370923992,38780.905567353,15313.8066196871,23467.0989476659,13543.9805290176,9923.11841864828
2026-03-01,2026,"Q1","2025/26","Q3","March",22366.2204885759,22577.9307752466,22603.9069267158,-211.710286670703,28726.6855234867,53230.4452025766,22484.9788212535,29611.1261345589,7126.14731330541,30745.4663813231,928.993959724547,0,212.02602654712,29604.4463950514,29335.6721130338,-24503.7596790899,21802.4731449383,-291.438611509435,-2409.84792264219,51092.9060118843,13405.8894550725,37687.0165568118,15976.4254824566,21710.5910743552,13169.2565229563,8541.33455139888
2026-04-01,2026,"Q2","2025/26","Q4","April",22976.8928474672,22923.3162815016,23011.8770009842,53.5765659655645,28556.0127140373,52239.0568222328,21384.3719238786,29496.8331511362,8112.46122725767,30854.6848983542,888.763361061668,0,295.31829466691,29670.6032426257,29422.1398876859,-23683.0441081956,22044.3952091793,30.5987678238893,-1669.24766684012,51532.9055603464,13742.8576351954,37790.047925151,15772.7221675224,22017.3257576286,13142.0101333127,8875.31562431588
2026-05-01,2026,"Q2","2025/26","Q4","May",23383.9371684301,23720.092668192,23093.8052200867,-336.155499761899,27968.08647222,54772.4290580137,23260.7230437559,31834.2111350439,8573.48809128792,31511.7060142578,959.449828728042,0,295.46874503747,30256.7874404923,30005.3333769403,-26804.3425857937,22674.803026438,58.654705402213,-4188.19426475794,51352.023640504,14213.5177333279,37138.5059071762,15000.7180141772,22137.787892999,13871.1286163049,8266.6592766941
