"Date","Year","Quarter","FY","QFY","Month","REV_DOM_14","REV_TAX_14","REV_TAX_NOIL_14","REV_TAX_IT_14","REV_TAX_IT_PAYE_14","REV_TAX_IT_CIT_14","REV_TAX_IT_OIL_14","REV_TAX_IT_WH_14","REV_TAX_IT_R_14","REV_TAX_IT_I_14","REV_TAX_IT_OTH_14","REV_TAX_GS_14","REV_TAX_GS_VAT_14","REV_TAX_GS_VAT_IM_14","REV_TAX_GS_VAT_LG_14","REV_TAX_GS_VAT_S_14","REV_TAX_GS_VAT_REF_14","REV_TAX_GS_EXD_14","REV_TAX_GS_EXD_IM_14","REV_TAX_GS_EXD_PD_14","REV_TAX_GS_EXD_LG_14","REV_TAX_GS_SGS_14","REV_TAX_GS_SGS_LOT_14","REV_TAX_GS_SGS_CAS_14","REV_TAX_GS_UG_14","REV_TAX_GS_UG_TRL_14","REV_TAX_GS_UG_OTH_14","REV_TAX_INL_14","REV_TAX_INL_ID_14","REV_TAX_INL_WH_14","REV_TAX_INL_CO_14","REV_TAX_INL_SUI_14","REV_TAX_INL_IL_14","REV_TAX_INL_EX_14","REV_TAX_OTH_14","REV_TAX_OTH_SD_OIL_14","REV_TAX_OTH_SD_OTH_14","REV_TAX_EXP_14","REV_OTH_14","REV_OTH_PI_14","REV_OTH_PI_I_14","REV_OTH_PI_DIV_14","REV_OTH_PI_R_14","REV_OTH_PI_R_MIN_14","REV_OTH_PI_R_OTH_14","REV_OTH_GS_14","REV_OTH_GS_MKT_14","REV_OTH_GS_FEE_14","REV_OTH_GS_FEE_FLT_14","REV_OTH_GS_FEE_DRV_14","REV_OTH_GS_FEE_MIG_14","REV_OTH_GS_FEE_LTR_14","REV_OTH_GS_FEE_TRA_14","REV_OTH_GS_FEE_COR_14","REV_OTH_GS_FEE_REM_14","REV_OTH_GS_FEE_PP_14","REV_OTH_GS_FEE_RSB_14","REV_OTH_GS_FEE_ICL_14","REV_OTH_GS_FEE_MST_14","REV_OTH_GS_NMKT_14","REV_OTH_GS_NMKT_HOP_14","REV_OTH_GS_NMKT_OTH_14","REV_OTH_FEE_14","REV_OTH_FEE_HC_14","REV_OTH_FEE_POL_14","REV_OTH_VT_14","REV_OTH_VT_CU_14","REV_OTH_VT_CU_BOU_14","REV_OTH_VT_CU_OTH_14","REV_OTH_VT_K_14","REV_OTH_OTH_14","REV_OTH_OTH_URA_14","REV_OTH_OTH_MALGS_14"
1997-07-01,1997,"Q3","1997/98","Q1","July",64.02586,63.983,63.983,9.02,3.13,1.09,0,3.45,0.58,0.17,0.6,46.033,18.483,11.78,5.243,2.96,-1.5,25.73,1.4,17.25,7.08,0.01,0.01,0,1.81,1.81,0,0,0,8.38,6.95,0,1.43,0,,0,0.55,0,0,0,0.04286,,,,,,,,,,,,,,,,,,,,,,,,,,,,,,,,
1997-08-01,1997,"Q3","1997/98","Q1","August",58.20358,57.89,57.89,6.93,3.29,0.67,0,2.08,0.37,0.07,0.45,42.76,17.06,10.93,5.57,2.06,-1.5,24.17,1.38,14.84,7.95,0.02,0.02,0,1.51,1.51,0,0,0,7.67,6.2,0,1.47,0,,0,0.53,0,0,0,0.31358,,,,,,,,,,,,,,,,,,,,,,,,,,,,,,,,
1997-09-01,1997,"Q3","1997/98","Q1","September",66.02668,65.83,65.83,9.38,3.72,2.13,0,2.42,0.4,0.32,0.39,47.62,20.77,13.09,5.58,3.4,-1.3,25.04,1.51,15.69,7.84,0.02,0.02,0,1.79,1.79,0,0,0,8.22,6.72,0,1.5,0,,0,0.61,0,0,0,0.19668,,,,,,,,,,,,,,,,,,,,,,,,,,,,,,,,
1997-10-01,1997,"Q4","1997/98","Q2","October",66.41468,66.31,66.31,8.24,3.51,0.85,0,2.69,0.46,0.32,0.41,49.38,20.75,12.3,5.75,3.5,-0.8,26.77,1.32,17.16,8.29,0.02,0.02,0,1.84,1.84,0,0,0,8.2,6.7,0,1.5,0,,0,0.49,0,0,0,0.10468,,,,,,,,,,,,,,,,,,,,,,,,,,,,,,,,
1997-11-01,1997,"Q4","1997/98","Q2","November",60.2823,60.06,60.06,7.57,3.3,1.03,0,2.32,0.29,0.28,0.35,44.4,18.75,11.3,5.88,2.57,-1,23.98,1.47,14.67,7.84,0.02,0.02,0,1.65,1.65,0,0,0,7.61,6.61,0,1,0,,0,0.48,0,0,0,0.2223,,,,,,,,,,,,,,,,,,,,,,,,,,,,,,,,
1997-12-01,1997,"Q4","1997/98","Q2","December",72.51012,72.36,72.36,17.07,4.42,7.98,0,3.23,0.8,0.22,0.42,46.8,19.14,12.78,4.63,2.73,-1,26.03,1.37,17.08,7.58,0.02,0.02,0,1.61,1.61,0,0,0,8.03,6.62,0,1.41,0,,0,0.46,0,0,0,0.15012,,,,,,,,,,,,,,,,,,,,,,,,,,,,,,,,
1998-01-01,1998,"Q1","1997/98","Q3","January",61.69135,61.5,61.5,7.3,3.5,0.75,0,2.1,0.34,0.33,0.28,46.88,18.42,10.94,6.4,2.28,-1.2,26.86,1.36,15.48,10.02,0.03,0.03,0,1.57,1.57,0,0,0,6.82,5.44,0,1.38,0,,0,0.5,0,0,0,0.19135,,,,,,,,,,,,,,,,,,,,,,,,,,,,,,,,
1998-02-01,1998,"Q1","1997/98","Q3","February",63.51048,63.23,63.23,9.14,4.34,1.27,0,2.5,0.29,0.41,0.33,45.55,19.32,12.07,5.02,3.43,-1.2,24.65,1.3,15.88,7.47,0.02,0.02,0,1.56,1.56,0,0,0,8.08,6.5,0,1.58,0,,0,0.46,0,0,0,0.28048,,,,,,,,,,,,,,,,,,,,,,,,,,,,,,,,
1998-03-01,1998,"Q1","1997/98","Q3","March",69.92775,69.74,69.74,10.87,4.59,1.7,0,2.86,0.57,0.67,0.48,49.84,22.96,13.38,5.55,5.23,-1.2,25.08,1.46,15.18,8.44,0.02,0.02,0,1.78,1.78,0,0,0,8.45,6.77,0,1.68,0,,0,0.58,0,0,0,0.18775,,,,,,,,,,,,,,,,,,,,,,,,,,,,,,,,
1998-04-01,1998,"Q2","1997/98","Q4","April",64.01775,63.83,63.83,9.51,4.6,0.72,0,3.26,0.27,0.27,0.39,45.66,19.88,11.61,4.28,5.19,-1.2,24.2,1.58,14.14,8.48,0.04,0.04,0,1.54,1.54,0,0,0,8.09,6.66,0,1.43,0,,0,0.57,0,0,0,0.18775,,,,,,,,,,,,,,,,,,,,,,,,,,,,,,,,
1998-05-01,1998,"Q2","1997/98","Q4","May",67.21775,67.03,67.03,10.52,4.71,1.47,0,3.07,0.33,0.52,0.42,48.33,21.14,11.34,6.19,4.81,-1.2,25.5,1.53,15.99,7.98,0,0,0,1.69,1.69,0,0,0,7.62,6.19,0,1.43,0,,0,0.56,0,0,0,0.18775,,,,,,,,,,,,,,,,,,,,,,,,,,,,,,,,
1998-06-01,1998,"Q2","1997/98","Q4","June",85.91775,85.73,85.73,19.66,5.31,9.6,0,2.74,0.8,0.58,0.63,57.18,29.98,13.02,4.87,13.29,-1.2,25.53,1.94,14.92,8.67,0.02,0.02,0,1.65,1.65,0,0,0,8.3,6.68,0,1.62,0,,0,0.59,0,0,0,0.18775,,,,,,,,,,,,,,,,,,,,,,,,,,,,,,,,
1998-07-01,1998,"Q3","1998/99","Q1","July",78.829420734,75.955736734,75.955736734,12.630638232,4.705111589,2.924387852,0,3.474338748,0.33473568,0.661721556,0.530342807,53.237506392,24.423638658,15.653596246,5.378375332,6.15166708,-2.76,26.666860111,2.411466221,16.697075897,7.558317993,0.016919685,0,0.016919685,2.130087938,1.663407082,0.171356772,0.295324084,0,9.8852329,8.099970801,0,1.785262099,0,,0,0.20235921,0,0,0,2.873684,,,,,,,,,,,,,,,,,,,,,,,,,,,,,,,,
1998-08-01,1998,"Q3","1998/99","Q1","August",74.190844592,74.125858592,74.125858592,11.496055347,5.589897089,1.944743437,0,3.004384543,0.271161421,0.244431461,0.441437396,52.959811921,24.671978664,16.450525032,5.520133136,4.361320496,-1.66,26.338889274,2.771091936,14.842911589,8.724885749,0.018048225,0,0.018048225,1.930895758,1.510793947,0.173385142,0.246716669,0,9.490419964,7.593363051,0,1.897056913,0,,0,0.17957136,0,0,0,0.0649859999999989,,,,,,,,,,,,,,,,,,,,,,,,,,,,,,,,
1998-09-01,1998,"Q3","1998/99","Q1","September",72.704052808,72.477851808,72.477851808,11.873953297,6.061192102,1.778389203,0,2.56084354,0.516840976,0.479686944,0.477000532,51.058798278,21.650007846,14.981321189,4.976637657,3.352049,-1.66,27.460623811,2.222303086,16.35842018,8.879900545,0.019703771,0,0.019703771,1.92846285,1.483012889,0.169188637,0.276261324,0,9.235153476,7.396945646,0,1.83820783,0,,0,0.309946757,0,0,0,0.226201,,,,,,,,,,,,,,,,,,,,,,,,,,,,,,,,
1998-10-01,1998,"Q4","1998/99","Q2","October",72.635932439,72.611887439,72.611887439,10.942101774,5.090852922,1.378784061,0,2.985738282,0.309676886,0.608970304,0.568079319,52.47269704,23.880169193,15.64308441,5.214289499,4.682795284,-1.66,26.675309519,2.131280283,16.051619693,8.492409543,0.0139701,0,0.0139701,1.903248228,1.445533206,0.159391107,0.298323915,0,8.969974693,7.062701097,0,1.907273596,0,,0,0.227113932,0,0,0,0.024045,,,,,,,,,,,,,,,,,,,,,,,,,,,,,,,,
1998-11-01,1998,"Q4","1998/99","Q2","November",69.829679058,69.726047058,69.726047058,11.374531987,5.481987532,2.019498674,0,2.627559566,0.303710147,0.507039584,0.434736484,49.79350358,22.424417548,13.676292502,5.799790186,4.60833486,-1.66,25.461723604,1.971821538,15.798976101,7.690925965,0.009378825,0,0.009378825,1.897983603,1.40494527,0.162665789,0.330372544,0,8.376014663,6.706452951,0,1.669561712,0,,0,0.181996828,0,0,0,0.103632,,,,,,,,,,,,,,,,,,,,,,,,,,,,,,,,
1998-12-01,1998,"Q4","1998/99","Q2","December",90.394649673,90.315479673,90.315479673,23.402094113,6.493910473,11.038323012,0,4.580170754,0.601256245,0.288883435,0.399550194,55.75575709,24.740360604,16.004235037,6.0105753,4.385550267,-1.66,28.692886222,2.062197779,17.489971173,9.14071727,0.01669632,0,0.01669632,2.305813944,1.601398111,0.162408851,0.542006982,0,10.96696937,9.077806159,0,1.889163211,0,,0,0.1906591,0,0,0,0.0791700000000003,,,,,,,,,,,,,,,,,,,,,,,,,,,,,,,,
1999-01-01,1999,"Q1","1998/99","Q3","January",81.308840825,81.111114825,81.111114825,12.046815383,5.005274946,2.428382525,0,3.638851349,0.418797498,0.255649614,0.299859451,59.02279413,28.435693861,17.103703573,8.893366919,4.098623369,-1.66,28.668972265,1.584551376,15.091324047,11.993096842,0.02104212,0,0.02104212,1.897085884,1.221136104,0.137340268,0.538609512,0,9.933937332,8.294916855,0,1.639020477,0,,0,0.10756798,0,0,0,0.197726,,,,,,,,,,,,,,,,,,,,,,,,,,,,,,,,
1999-02-01,1999,"Q1","1998/99","Q3","February",74.734492119,74.688006119,74.688006119,12.445980443,5.78407201,1.769247458,0,3.828906728,0.293977788,0.385786734,0.383989725,51.703145344,24.31413225,14.361500743,7.471876895,5.840754612,-3.36,25.544091696,1.740368158,15.452629977,8.351093561,0.01800726,0,0.01800726,1.826914138,1.318796276,0.1495621,0.358555762,0,10.352000832,8.548375648,0,1.803625184,0,,0,0.1868795,0,0,0,0.046486,,,,,,,,,,,,,,,,,,,,,,,,,,,,,,,,
1999-03-01,1999,"Q1","1998/99","Q3","March",82.546050075,82.181594075,82.181594075,13.106285716,5.947215552,2.289129079,0,3.425761714,0.513844647,0.512761311,0.417573413,58.405735409,26.984426744,14.530391225,8.2598316,5.854203919,-1.66,29.373716055,1.8753391,17.577466917,9.920910038,0.015296445,0,0.015296445,2.032296165,1.49771631,0.16814365,0.366436205,0,10.45087995,8.688664549,0,1.762215401,0,,0,0.218693,0,0,0,0.364456,,,,,,,,,,,,,,,,,,,,,,,,,,,,,,,,
1999-04-01,1999,"Q2","1998/99","Q4","April",81.461309582,77.544326512,77.544326512,13.50246694,5.799374959,2.021415483,0,4.6628155,0.282761368,0.27266245,0.46343718,53.800998619,24.7696172,13.496822588,7.095203411,5.837591201,-1.66,27.169222289,2.14687241,16.737801822,8.284548057,0.020467791,0,0.020467791,1.841691339,1.329452791,0.154489781,0.357748767,0,10.117918403,8.499834466,0,1.618083937,0,,0,0.12294255,0,0,0,3.91698307,,,,,,,,,,,,,,,,,,,,,,,,,,,,,,,,
1999-05-01,1999,"Q2","1998/99","Q4","May",73.399817945,71.160031945,71.160031945,13.087738942,6.068528917,1.442715226,0,4.45807847,0.383336511,0.263436512,0.471643306,47.938813182,22.528363764,14.350848057,4.631466868,5.206048839,-1.66,23.407644856,1.90960235,14.540756166,6.95728634,0.01994121,0,0.01994121,1.982863352,1.441789437,0.177762385,0.36331153,0,9.941777941,8.205450308,0,1.736327633,0,,0,0.19170188,0,0,0,2.239786,,,,,,,,,,,,,,,,,,,,,,,,,,,,,,,,
1999-06-01,1999,"Q2","1998/99","Q4","June",98.623388938,93.660215938,93.660215938,24.170692354,5.623735376,13.270256733,0,3.472414722,0.592412215,0.694577133,0.517296175,59.33170544,29.717204845,14.992466624,5.512656571,10.87208165,-1.66,27.393512446,2.179322126,16.569227987,8.644962333,0.018235748,0,0.018235748,2.202752401,1.499246957,0.165739173,0.537766271,0,9.998480644,8.310364549,0,1.688116095,0,,0,0.1593375,0,0,0,4.963173,,,,,,,,,,,,,,,,,,,,,,,,,,,,,,,,
1999-07-01,1999,"Q3","1999/00","Q1","July",79.730109994,79.421200994,79.421200994,9.852350188,6.269551375,0.826133169,0,1.497245657,0.356648328,0.319623771,0.583147888,55.57907671,25.844765644,14.763323862,5.250401687,8.331040095,-2.5,27.528847248,1.783891091,17,8.744956157,0.01023192,0,0.01023192,2.195231898,1.560386794,0.183918482,0.450926622,0,13.834990678,10.23289004,1.870464969,1.731635669,0,,0,0.154783418,0,0,0,0.308909,,,,,,,,,,,,,,,,,,,,,,,,,,,,,,,,
1999-08-01,1999,"Q3","1999/00","Q1","August",74.409229,71.610331,71.610331,8.911547,6.250009,1.050365,0,0.769674,0.260645,0.219461,0.361393,50.77405,22.983298,14.896459,5.746864,4.839975,-2.5,25.694559,1.824326,16,7.870233,0.017292,0,0.017292,2.078901,1.550557,0.179651,0.348693,0,11.791191,8.225408,1.803564,1.762219,0,,0,0.133543,0,0,0,2.798898,,,,,,,,,,,,,,,,,,,,,,,,,,,,,,,,
1999-09-01,1999,"Q3","1999/00","Q1","September",77.1056468,76.9911758,76.9911758,9.933622,6.564256,1.288093,0,0.778497,0.360457,0.569474,0.372845,55.2021678,25.544356,14.606393,6.107436,7.330527,-2.5,27.507249,1.849181,16.4,9.258068,0.0178008,0,0.0178008,2.132762,1.574766,0.176115,0.381881,0,11.673726,8.059117,1.83964,1.774969,0,,0,0.18166,0,0,0,0.114471,,,,,,,,,,,,,,,,,,,,,,,,,,,,,,,,
1999-10-01,1999,"Q4","1999/00","Q2","October",74.213271818,73.747402818,73.747402818,11.168212,6.547147,2.463926,0,1.190673,0.283456,0.275356,0.407654,51.451256034,23.83468,13.589674,5.398502,7.346504,-2.5,25.646969,1.754,15.5,8.392969,0.018324034,0,0.018324034,1.951283,1.481327,0.155007,0.314949,0,11.009419784,7.428322784,1.840402,1.740695,0,,0,0.118515,0,0,0,0.465869,,,,,,,,,,,,,,,,,,,,,,,,,,,,,,,,
1999-11-01,1999,"Q4","1999/00","Q2","November",76.654358225,76.224998225,76.224998225,9.101596,6.186384,1.03777,0,1.022985,0.27051,0.159339,0.424608,54.435056225,25.937761973,15.730671,6.284513973,6.422577,-2.5,26.425120252,1.94095,16.5,7.984170252,0.024587,0,0.024587,2.047587,1.588146,0.170654,0.288787,0,12.543843,8.547296,2.05014,1.946407,0,,0,0.144503,0,0,0,0.42936,,,,,,,,,,,,,,,,,,,,,,,,,,,,,,,,
1999-12-01,1999,"Q4","1999/00","Q2","December",101.003183617,100.797871617,100.797871617,27.771318711,7.421005,15.575724,0,2.697546711,0.802976,0.734441,0.539626,59.495061384,26.79065869,15.649603,7.31463269,6.326423,-2.5,30.591999694,2.461462,17.8,10.330537694,0.032926,0,0.032926,2.079477,1.643742,0.164895,0.27084,0,13.160895,9.115383,2.113437,1.932075,0,,0,0.370596522,0,0,0,0.205312,,,,,,,,,,,,,,,,,,,,,,,,,,,,,,,,
2000-01-01,2000,"Q1","1999/00","Q3","January",77.203289997,76.675525997,76.675525997,9.549380794,6.664108523,0.83892746,0,0.922992414,0.227183,0.544576897,0.3515925,55.962479827,23.982943284,12.84718,7.121009204,6.51475408,-2.5,30.060296426,1.844579957,15.5,12.715716469,0.030342,0,0.030342,1.888898117,1.381990487,0.145096,0.36181163,0,11.041883376,7.511519159,1.778081217,1.752283,0,,0,0.121782,0,0,0,0.527764,,,,,,,,,,,,,,,,,,,,,,,,,,,,,,,,
2000-02-01,2000,"Q1","1999/00","Q3","February",75.714817197,74.197330197,74.197330197,10.061469246,7.284967389,0.585314821,0,1.225261006,0.311360462,0.335851761,0.318713807,51.419745656,23.957299526,14.820288,6.734143406,4.90286812,-2.5,25.268415,2.121835,15.7,7.44658,0.016713225,0,0.016713225,2.177317905,1.55358,0.166479905,0.457258,0,12.611225,8.82065,1.949371,1.841204,0,,0,0.104890295,0,0,0,1.517487,,,,,,,,,,,,,,,,,,,,,,,,,,,,,,,,
2000-03-01,2000,"Q1","1999/00","Q3","March",85.844154,85.485855,85.485855,11.714508,7.622619,0.628233,0,1.443572,0.424931,0.187215,1.407938,60.084003,29.1346,16.332946,8.590277,6.711377,-2.5,28.707873,2.129457,17.6,8.978416,0.018223,0,0.018223,2.223307,1.537322,0.17905,0.506935,0,13.535699,9.326643,2.114566,2.09449,0,,0,0.151645,0,0,0,0.358299,,,,,,,,,,,,,,,,,,,,,,,,,,,,,,,,
2000-04-01,2000,"Q2","1999/00","Q4","April",98.853759884,77.577761884,77.577761884,10.972016442,6.28496492,2.04193424,0,1.562969193,0.460029373,0.194406415,0.427712301,54.164883124,25.064199919,13.715108325,5.968237292,7.880854302,-2.5,27.267592007,1.653648625,15.8,9.813943382,0.014200023,0,0.014200023,1.818891175,1.26009476,0.1311765,0.427619915,0,12.324897698,8.587337588,1.84188611,1.895674,0,,0,0.11596462,0,0,0,21.275998,,,,,,,,,,,,,,,,,,,,,,,,,,,,,,,,
2000-05-01,2000,"Q2","1999/00","Q4","May",87.576614567,87.048633567,87.048633567,14.434865425,8.491712238,1.260190434,0,3.527536528,0.326779986,0.320113279,0.50853296,58.357237128,28.427222322,16.825539859,6.258361858,7.843320605,-2.5,27.918623398,2.302103565,17.2,8.416519833,0.022149973,0,0.022149973,1.989241435,1.396004458,0.1305595,0.462677477,0,14.125517948,9.67335305,2.193047009,2.259117889,0,,0,0.131013066,0,0,0,0.527981,,,,,,,,,,,,,,,,,,,,,,,,,,,,,,,,
2000-06-01,2000,"Q2","1999/00","Q4","June",101.950010559,98.226818559,98.226818559,25.084833199,7.884112726,13.294816651,0,2.12733709,0.874185034,0.347552011,0.556829687,59.485550361,31.624931346,15.090452624,5.385290049,13.649188673,-2.5,25.95867715,1.93836516,16.2,7.82031199,0.015543848,0,0.015543848,1.886398017,1.362383507,0.13607333,0.38794118,0,13.465887429,9.563324062,1.954221236,1.948342131,0,,0,0.19054757,0,0,0,3.723192,,,,,,,,,,,,,,,,,,,,,,,,,,,,,,,,
2000-07-01,2000,"Q3","2000/01","Q1","July",84.936583,84.077604,84.077604,13.320143,8.2965,1.72144,0,1.901616,0.312173,0.272476,0.815938,55.972605,28.077103,15.429768,6.425776,8.721559,-2.5,25.844473,1.857459,15.766164,8.22085,0.016481,0,0.016481,2.034548,1.519064,0.178758,0.336726,0,14.662779,10.814056,2.020694,1.828029,0,,0,0.122077,0,0,0,0.858979,,,,,,,,,,,,,,,,,,,,,,,,,,,,,,,,
2000-08-01,2000,"Q3","2000/01","Q1","August",91.997138,87.306681,87.306681,13.748258,9.175389,1.215369,0,2.228451,0.369293,0.353864,0.405892,57.164958,27.968824,16.134419,6.224622,8.109783,-2.5,27.009224,2.115081,16.758954,8.135189,0.017107,0,0.017107,2.169803,1.631024,0.194728,0.344051,0,16.228895,12.336535,2.189226,1.703134,0,,0,0.16457,0,0,0,4.690457,,,,,,,,,,,,,,,,,,,,,,,,,,,,,,,,
2000-09-01,2000,"Q3","2000/01","Q1","September",81.452781591,80.648285591,80.648285591,11.006207,7.807197,0.939965,0,1.172637,0.432763,0.252534,0.401111,55.253353091,26.953568591,15.981921,6.41154209,7.060105501,-2.5,26.2755295,1.981306,16.7086065,7.585617,0.016927,0,0.016927,2.007328,1.488147,0.176155,0.343026,0,14.2458525,10.6490515,1.928374,1.668427,0,,0,0.142873,0,0,0,0.804496,,,,,,,,,,,,,,,,,,,,,,,,,,,,,,,,
2000-10-01,2000,"Q4","2000/01","Q2","October",88.627886,88.02493,88.02493,13.422934,8.359199,1.292074,0,2.428867,0.355352,0.338538,0.648904,58.450472,30.688785,17.616647,7.394984,8.177154,-2.5,25.578329,1.92644,15.081609,8.57028,0.015481,0,0.015481,2.167877,1.652526,0.166325,0.349026,0,15.976016,12.063511,2.173742,1.738763,0,,0,0.175508,0,0,0,0.602956,,,,,,,,,,,,,,,,,,,,,,,,,,,,,,,,
2000-11-01,2000,"Q4","2000/01","Q2","November",87.979413,87.745858,87.745858,12.029157,7.775258,1.747521,0,1.564877,0.256118,0.099039,0.586344,59.075547,29.139712,17.906182,5.86988,7.86365,-2.5,27.506071,2.414359,17.312115,7.779597,0.003956,0,0.003956,2.425808,1.808763,0.212071,0.404974,0,16.474213,12.709733,2.193606,1.570874,0,,0,0.166941,0,0,0,0.233555,,,,,,,,,,,,,,,,,,,,,,,,,,,,,,,,
2000-12-01,2000,"Q4","2000/01","Q2","December",93.60732036,93.3739643,93.3739643,25.397412,7.409357,13.983635,0,2.715408,0.564933,0.254196,0.469883,52.8109533,24.9598683,15.525714,6.0331243,5.90103,-2.5,25.707437,2.617163,14.357622,8.732652,0.017558,0,0.017558,2.12609,1.574602,0.157015,0.394473,0,14.920393,11.232698,1.96354,1.724155,0,,0,0.245206,0,0,0,0.23335606,,,,,,,,,,,,,,,,,,,,,,,,,,,,,,,,
2001-01-01,2001,"Q1","2000/01","Q3","January",97.484968,97.393055,97.393055,14.584669,9.660188,1.775838,0,1.74801,0.369845,0.630109,0.400679,67.50482,34.174741,17.006351,9.889327,9.779063,-2.5,31.078866,2.397772,17.550227,11.130867,0.012675,0,0.012675,2.238538,1.624253,0.173219,0.441066,0,14.970864,11.881902,1.880814,1.208148,0,,0,0.332702,0,0,0,0.091913,,,,,,,,,,,,,,,,,,,,,,,,,,,,,,,,
2001-02-01,2001,"Q1","2000/01","Q3","February",81.184712,80.963508,80.963508,12.088633,8.006991,1.171382,0,1.687261,0.325417,0.442102,0.45548,54.375406,26.492105,15.469886,8.168705,5.353514,-2.5,25.890465,1.928448,16.691371,7.270646,0.01921,0,0.01921,1.973626,1.328712,0.146122,0.498792,0,14.374771,11.249821,1.853365,1.271585,0,,0,0.124698,0,0,0,0.221204,,,,,,,,,,,,,,,,,,,,,,,,,,,,,,,,
2001-03-01,2001,"Q1","2000/01","Q3","March",82.987423,82.959882,82.959882,15.28348,8.740245,2.428007,0,3.388591,0.217379,0.23583,0.273428,53.662757,25.116165,15.962211,7.120671,5.783283,-3.75,26.435711,1.680822,17.033205,7.721684,0.018566,0,0.018566,2.092315,1.480327,0.142559,0.469429,0,13.865153,11.001354,1.760487,1.103312,0,,0,0.148492,0,0,0,0.027541,,,,,,,,,,,,,,,,,,,,,,,,,,,,,,,,
2001-04-01,2001,"Q2","2000/01","Q4","April",85.514526,85.345055,85.345055,15.504421,8.600553,3.313465,0,2.178772,0.567638,0.373282,0.470711,55.686468,26.539259,16.170189,7.326553,6.792517,-3.75,27.005682,1.688072,16.068311,9.249299,0.012952,0,0.012952,2.128575,1.458407,0.150274,0.519894,0,13.953478,10.992435,1.87902,1.082023,0,,0,0.200688,0,0,0,0.169471,,,,,,,,,,,,,,,,,,,,,,,,,,,,,,,,
2001-05-01,2001,"Q2","2000/01","Q4","May",97.79347,97.659004,97.659004,16.183396,9.281712,2.681065,0,2.999433,0.404168,0.35309,0.463928,63.493136,31.114097,19.700602,7.955358,7.208137,-3.75,30.019336,2.048067,19.278682,8.692587,0.017942,0,0.017942,2.341761,1.620228,0.174458,0.547075,0,17.84893,13.919342,2.459708,1.46988,0,,0,0.133542,0,0,0,0.134466,,,,,,,,,,,,,,,,,,,,,,,,,,,,,,,,
2001-06-01,2001,"Q2","2000/01","Q4","June",109.905165,109.657766,109.657766,37.359635,10.437447,22.002501,0,3.567829,0.358437,0.421144,0.572277,56.775043,27.974461,16.543111,7.036479,8.144871,-3.75,26.516907,1.641308,16.691596,8.184003,0.020228,0,0.020228,2.263447,1.62595,0.160416,0.477081,0,15.37965,12.164325,2.056041,1.159284,0,,0,0.143438,0,0,0,0.247399,,,,,,,,,,,,,,,,,,,,,,,,,,,,,,,,
2001-07-01,2001,"Q3","2001/02","Q1","July",96.414235551,95.383809551,95.383809551,16.951986655,10.133771767,2.486985662,0,2.558057769,0.647603438,0.506196021,0.619371998,64.04366479,33.17396158,16.650093057,8.221109436,11.352759087,-3.05,28.08106373,1.881317891,18.25738,7.942365839,0.017064037,0,0.017064037,2.771575443,2.070312885,0.24918924,0.452073318,0,14.180950881,10.83810671,2.06983234,1.273011831,0,,0,0.207207225,0,0,0,1.030426,,,,,,,,,,,,,,,,,,,,,,,,,,,,,,,,
2001-08-01,2001,"Q3","2001/02","Q1","August",93.801951805,92.497366805,92.497366805,16.151362683,10.13387117,1.511903808,0,3.237204281,0.35605081,0.476845135,0.435487479,59.637112343,29.711986991,18.272614573,7.934991984,6.55438043400001,-3.05,26.993847933,1.804237717,17.403792411,7.785817805,0.019251726,0,0.019251726,2.912025693,2.150469382,0.25747641,0.504079901,0,16.524273765,12.765546362,2.287676616,1.471050787,0,,0,0.184618014,0,0,0,1.304585,,,,,,,,,,,,,,,,,,,,,,,,,,,,,,,,
2001-09-01,2001,"Q3","2001/02","Q1","September",100.143523893,90.693161893,90.693161893,16.180307911,10.393726978,1.787053012,0,2.860375833,0.35300427,0.338654682,0.447493136,61.017617533,29.514262684,15.848472128,10.008777015,6.707013541,-3.05,29.021536952,1.758721258,17.124118,10.138697694,0.015587015,0,0.015587015,2.466230882,1.815431187,0.211240811,0.439558884,0,13.337459793,9.646786762,1.851595242,1.839077789,0,,0,0.157776656,0,0,0,9.450362,,,,,,,,,,,,,,,,,,,,,,,,,,,,,,,,
2001-10-01,2001,"Q4","2001/02","Q2","October",112.836612106,96.446521106,96.446521106,18.215273111,11.072768379,2.099692395,0,3.544177809,0.445636723,0.484303307,0.568694498,62.691112578,31.064701832,18.34853531,8.229678878,7.536487644,-3.05,28.803363881,2.089013258,17.58749752,9.126853103,0.014735478,0,0.014735478,2.808311387,2.102982151,0.218663,0.486666236,0,15.343139007,10.508497334,2.215463084,2.619178589,0,,0,0.19699641,0,0,0,16.390091,,,,,,,,,,,,,,,,,,,,,,,,,,,,,,,,
2001-11-01,2001,"Q4","2001/02","Q2","November",100.720079797,98.488662797,98.488662797,15.710998741,10.504538973,2.445659354,0,1.563478401,0.268122896,0.39488148,0.534317637,68.609397158,35.666695828,21.413496616,8.482762472,11.003533283,-5.233096543,30.253102567,2.097156107,18.150019848,10.005926612,0.017270662,0,0.017270662,2.672328101,2.022885576,0.2204285,0.429014025,0,14.016962447,9.785984854,2.325762716,1.905214877,0,,0,0.151304451,0,0,0,2.231417,,,,,,,,,,,,,,,,,,,,,,,,,,,,,,,,
2001-12-01,2001,"Q4","2001/02","Q2","December",118.622662255,116.169915555,116.169915555,38.399268572,12.865816036,22.292088246,0,1.425592894,0.777674693,0.51899958,0.519097123,64.508332226,30.196153747,19.099337912,7.670827869,6.47598796599997,-3.05,31.691593998,1.95459051,19.665076559,10.071926929,0.01186806,0,0.01186806,2.608716421,1.970601302,0.22372562,0.414389499,0,13.086072449,9.071062961,2.29212789,1.722881598,0,,0,0.176242308,0,0,0,2.4527467,,,,,,,,,,,,,,,,,,,,,,,,,,,,,,,,
2002-01-01,2002,"Q1","2001/02","Q3","January",100.338789302,98.426202302,98.426202302,17.559481893,12.127605087,1.913663433,0,1.862782392,0.421501779,0.770181451,0.463747751,68.383746214,32.107175543,16.415621411,9.888524148,8.853029984,-3.05,33.524393434,1.619341358,18.501388,13.403664076,0.025210499,0,0.025210499,2.726966738,1.894794696,0.25249411,0.579677932,0,12.251284561,8.713275256,1.861988961,1.676020344,0,,0,0.231689634,0,0,0,1.912587,,,,,,,,,,,,,,,,,,,,,,,,,,,,,,,,
2002-02-01,2002,"Q1","2001/02","Q3","February",91.458600876,89.845976876,89.845976876,16.577958264,11.295944681,1.473447822,0,2.671297117,0.360054478,0.459869074,0.317345092,60.95566052,30.174759508,16.822856117,7.815505214,8.58639817700002,-3.05,28.374099198,1.773010152,18.025280358,8.575808688,0.015664953,0,0.015664953,2.391136861,1.604044967,0.186382688,0.600709206,0,12.084094153,8.472584399,1.876841409,1.734668345,0,,0,0.228263939,0,0,0,1.612624,,,,,,,,,,,,,,,,,,,,,,,,,,,,,,,,
2002-03-01,2002,"Q1","2001/02","Q3","March",101.732216532,100.221085532,100.221085532,17.036223358,11.081701523,1.273132584,0,3.786238825,0.274346213,0.290389484,0.330414729,69.184712374,35.343728992,20.221350415,10.610182008,7.562196569,-3.05,30.98310235,1.735691597,19.216671,10.030739753,0.016898223,0,0.016898223,2.840982809,1.8475248,0.221912092,0.771545917,0,13.71443706,10.110314748,1.929995243,1.674127069,0,,0,0.28571274,0,0,0,1.511131,,,,,,,,,,,,,,,,,,,,,,,,,,,,,,,,
2002-04-01,2002,"Q2","2001/02","Q4","April",102.932254099,102.116520099,102.116520099,21.115330977,11.945024324,3.074836971,0,4.475559943,0.515685534,0.664315799,0.439908406,69.287484397,35.428900938,16.724057477,10.173613629,11.581229832,-3.05,31.171667969,1.87615587,19.245340214,10.050171885,0.018548914,0,0.018548914,2.668366576,1.907665063,0.218067264,0.542634249,0,11.385704223,7.896921076,1.872807075,1.615976072,0,,0,0.328000502,0,0,0,0.815734,,,,,,,,,,,,,,,,,,,,,,,,,,,,,,,,
2002-05-01,2002,"Q2","2001/02","Q4","May",104.163793658,102.613502658,102.613502658,21.846034648,12.808984855,4.189999015,0,3.520185359,0.409400936,0.428956732,0.488507751,66.129763491,34.087865298,19.036411439,8.342085703,9.759368156,-3.05,29.322454335,1.965638238,18.423173,8.933643097,0.017376559,0,0.017376559,2.702067299,1.96540121,0.245581035,0.491085054,0,14.225643262,10.166432454,2.029089465,2.030121343,0,,0,0.412061257,0,0,0,1.550291,,,,,,,,,,,,,,,,,,,,,,,,,,,,,,,,
2002-06-01,2002,"Q2","2001/02","Q4","June",130.5844933,129.446488,129.446488,43.528354,12.941361,24.859484,0,4.034847,0.699202,0.385556,0.607904,70.808176,36.433768,19.738624,10.023791,9.721353,-3.05,31.780759,2.457027,19.136263,10.187469,0.016475,0,0.016475,2.577174,1.895581,0.21013,0.471463,0,14.796019,10.675798,2.128226,1.991995,0,,0,0.313939,0,0,0,1.13800529999999,,,,,,,,,,,,,,,,,,,,,,,,,,,,,,,,
2002-07-01,2002,"Q3","2002/03","Q1","July",110.177888,108.982882,108.982882,19.068861,11.925822,1.551478,0,4.276779,0.489948,0.336315,0.488519,73.990405,39.622598,21.393172,9.71706,12.179033,-3.666667,30.978142,2.241777,20.371007,8.365358,0.020551,0,0.020551,3.369114,2.556406,0.284051,0.528657,0,15.54715,10.798134,2.819833,1.929183,0,,0,0.376466,0,0,0,1.195006,,,,,,,,,,,,,,,,,,,,,,,,,,,,,,,,
2002-08-01,2002,"Q3","2002/03","Q1","August",101.270805,98.419458,98.419458,18.681056,13.768991,1.204219,0,2.628543,0.250049,0.339038,0.490216,65.860569,31.131398,18.107506,9.713781,6.976778,-3.666667,31.343274,2.608458,18.707446,10.02737,0.019996,0,0.019996,3.365901,2.578791,0.28455,0.50256,0,13.497189,9.356443,2.2852,1.855546,0,,0,0.380644,0,0,0,2.851347,,,,,,,,,,,,,,,,,,,,,,,,,,,,,,,,
2002-09-01,2002,"Q3","2002/03","Q1","September",103.869698,102.377688,102.377688,19.327797,12.79172,3.918898,0,1.55815,0.387962,0.288819,0.382248,68.53199,33.114838,17.908413,11.709085,7.164007,-3.666667,32.366726,2.6516,19.790361,9.924765,0.017703,0,0.017703,3.032723,2.314363,0.252965,0.465395,0,14.239332,10.058111,2.245969,1.935252,0,,0,0.278569,0,0,0,1.49201,,,,,,,,,,,,,,,,,,,,,,,,,,,,,,,,
2002-10-01,2002,"Q4","2002/03","Q2","October",116.133227,114.219846,114.219846,19.037333,13.706213,0.770818,0,3.358232,0.53824,0.170499,0.493331,79.081797,42.939252,22.603065,10.791944,13.21091,-3.666667,32.656245,3.110878,20.229855,9.315512,0.016698,0,0.016698,3.469602,2.670924,0.337083,0.461595,0,15.749091,10.908374,2.726995,2.113722,0,,0,0.351625,0,0,0,1.913381,,,,,,,,,,,,,,,,,,,,,,,,,,,,,,,,
2002-11-01,2002,"Q4","2002/03","Q2","November",109.857208,108.606099,108.606099,21.1041,12.926935,3.414638,0,3.63348,0.294439,0.36724,0.467368,70.517783,34.66937,21.461644,10.83271,6.041683,-3.666667,32.674621,2.943148,19.614438,10.117035,0.018292,0,0.018292,3.1555,2.400146,0.27517,0.480184,0,16.08697,11.201668,2.678877,2.159013,0,,0.047412,0.897246,0,0,0,1.251109,,,,,,,,,,,,,,,,,,,,,,,,,,,,,,,,
2002-12-01,2002,"Q4","2002/03","Q2","December",138.543795,136.562107,136.562107,46.012387,13.469692,25.090274,0,5.805378,0.743152,0.432037,0.471854,73.410688,35.945559,20.225897,9.536055,9.850274,-3.666667,34.203153,3.252597,20.518131,10.432425,0.023307,0,0.023307,3.238669,2.548006,0.244733,0.44593,0,16.575129,11.932203,2.486221,2.058158,0,,0.098547,0.563903,0,0,0,1.981688,,,,,,,,,,,,,,,,,,,,,,,,,,,,,,,,
2003-01-01,2003,"Q1","2002/03","Q3","January",116.807488218333,113.295157118333,113.295157118333,19.539218879,13.764404004,1.737101021,0,2.691955077,0.580496461,0.249267024,0.515995292,76.8671546243333,38.4088578393333,20.910712727,12.945310423,8.219501356,-3.66666666666667,34.989548163,2.891473935,20.296416966,11.801657262,0.022630876,0,0.022630876,3.446117746,2.491175196,0.260900717,0.694041833,0,16.45159825,11.710744279,2.350989983,2.29658406,0,,0.093279928,0.437185365,0,0,0,3.5123311,,,,,,,,,,,,,,,,,,,,,,,,,,,,,,,,
2003-02-01,2003,"Q1","2002/03","Q3","February",113.4817149,111.555684,111.555684,20.450024,15.265924,0.704973,0,3.492514,0.30432,0.263557,0.418736,74.999418,39.515108,21.914067,10.344964,10.922744,-3.666667,32.260804,2.797907,20.34986,9.113037,0.02235,0,0.02235,3.201156,2.20246,0.237308,0.761388,0,15.791978,10.985762,2.581344,2.163268,0,,0.061604,0.314264,0,0,0,1.9260309,,,,,,,,,,,,,,,,,,,,,,,,,,,,,,,,
2003-03-01,2003,"Q1","2002/03","Q3","March",117.141092216333,115.371497916333,115.371497916333,26.666236313,14.017263517,7.879935982,0,3.287388905,0.439233368,0.535033983,0.507380558,72.5845832143333,36.4589571073333,21.464276649,9.701036419,8.960310706,-3.66666666666667,32.723379569,2.857640227,21.533530157,8.332209185,0.017081482,0,0.017081482,3.385165056,2.452712925,0.286281,0.646171131,0,15.649844506,10.739219736,2.442470217,2.422233047,0,,0.045921506,0.470833883,0,0,0,1.7695943,,,,,,,,,,,,,,,,,,,,,,,,,,,,,,,,
2003-04-01,2003,"Q2","2002/03","Q4","April",109.7832368,107.732333,107.732333,24.319,14.233,1.843,0,6.408,0.589,0.631,0.615,67.431333,33.353333,20.853,9.547,6.62,-3.666667,30.581,3.126,18.663,8.792,0.019,0,0.019,3.478,2.53,0.338,0.61,0,15.642,11.177,2.474,1.95,0,,0.041,0.34,0,0,0,2.0509038,,,,,,,,,,,,,,,,,,,,,,,,,,,,,,,,
2003-05-01,2003,"Q2","2002/03","Q4","May",126.6843007,125.052403,125.052403,29.054189,17.244389,6.167,0,4.246,0.338,0.3648,0.694,77.879464,42.835,22.154,10.456,10.225,0,31.623,3.058,20.051,8.514,0.017464,0,0.017464,3.404,2.537,0.3,0.567,0,17.65875,12.79,2.532,2.219,0,,0.11775,0.46,0,0,0,1.6318977,,,,,,,,,,,,,,,,,,,,,,,,,,,,,,,,
2003-06-01,2003,"Q2","2002/03","Q4","June",162.17555369,159.085958,159.085958,55.380549,15.155593,28.877755,0,9.093033,1.066827,0.288724,0.898617,86.714723,50.709055,22.013556,7.978363,20.717136,0,31.958162,3.286467,20.179669,8.492026,0.020609,0,0.020609,4.026897,3.145311,0.265278,0.616308,0,16.589012,11.898169,2.478383,2.125871,0,,0.086589,0.401674,0,0,0,3.08959569,,,,,,,,,,,,,,,,,,,,,,,,,,,,,,,,
2003-07-01,2003,"Q3","2003/04","Q1","July",122.064426308,120.102723308,120.102723308,22.616166072,14.3861259,2.641892487,0,3.883424662,0.618529009,0.43729695,0.648897064,81.836951252,41.099772522,26.32342846,8.992337386,8.630922484,-2.846915808,36.375177085,4.340573588,24.19892327,7.835680227,0.02318143,0,0.02318143,4.338820215,3.371556196,0.309742466,0.657521553,0,15.202489515,9.333306422,3.15117656,2.574292229,0,,0.143714304,0.447116469,0,0,0,1.961703,,,,,,,,,,,,,,,,,,,,,,,,,,,,,,,,
2003-08-01,2003,"Q3","2003/04","Q1","August",115.789516432,114.598273432,114.598273432,18.984209429,13.495187086,1.354852019,0,2.824033917,0.334657877,0.417688054,0.557790476,80.446242247,42.243013289,25.209057627,10.105980006,9.367621326,-2.43964567,33.939108666,3.728653115,20.926225316,9.284230235,0.023507965,0,0.023507965,4.240612327,3.297003296,0.285136098,0.658472933,0,14.683569363,9.346598244,2.798591139,2.403825101,0,,0.134554879,0.484252393,0,0,0,1.191243,,,,,,,,,,,,,,,,,,,,,,,,,,,,,,,,
2003-09-01,2003,"Q3","2003/04","Q1","September",133.008468395,130.586912595,130.586912595,31.612642388,15.398392803,11.655431676,0,3.110117798,0.393311904,0.509859229,0.545528978,84.44105843,42.292345005,27.552314467,11.218574737,7.100367902,-3.578912101,37.680241524,4.094452256,22.73922888,10.846560388,0.02763324,0,0.02763324,4.440838661,3.467907316,0.2991084,0.673822945,0,14.100373629,8.939407021,2.822257421,2.200065591,0,,0.138643596,0.432838148,0,0,0,2.4215558,,,,,,,,,,,,,,,,,,,,,,,,,,,,,,,,
2003-10-01,2003,"Q4","2003/04","Q2","October",127.516933103,125.711734103,125.711734103,24.663452421,16.545013952,3.503137977,0,2.843124278,0.579440949,0.612219214,0.580516051,82.483758768,40.603011372,29.295973852,9.637508663,6.900732021,-5.231203164,37.287349006,4.567567172,21.68290384,11.036877994,0.02147037,0,0.02147037,4.57192802,3.560848232,0.321910519,0.689169269,0,18.150395564,11.735878152,3.211798339,3.074838343,0,,0.12788073,0.41412735,0,0,0,1.805199,,,,,,,,,,,,,,,,,,,,,,,,,,,,,,,,
2003-11-01,2003,"Q4","2003/04","Q2","November",126.653392992,124.349456992,124.349456992,24.254117791,15.506168646,2.815758557,0,4.394483258,0.404515864,0.692223109,0.440968357,83.678429151,45.267183483,29.241234296,9.996373811,7.66193416,-1.632358784,34.201262121,4.312687001,18.83455938,11.05401574,0.02419229,0,0.02419229,4.185791257,3.304881595,0.25868061,0.622229052,0,16.027540238,10.41246455,2.778239067,2.726564547,0,,0.110272074,0.389369812,0,0,0,2.303936,,,,,,,,,,,,,,,,,,,,,,,,,,,,,,,,
2003-12-01,2003,"Q4","2003/04","Q2","December",181.730141715,179.877491715,179.877491715,71.787577953,18.879713668,41.30899135,0,9.365591065,0.874371985,0.687790179,0.671119706,91.883841773,47.813567019,30.7245761,10.387674285,8.898671003,-2.197354369,39.484005296,4.787657251,24.830457573,9.865890472,0.02345074,0,0.02345074,4.562818718,3.62198015,0.270546198,0.67029237,0,15.812824035,9.918113979,3.189763813,2.627512199,0,,0.077434044,0.393247954,0,0,0,1.85265,,,,,,,,,,,,,,,,,,,,,,,,,,,,,,,,
2004-01-01,2004,"Q1","2003/04","Q3","January",134.353371962,132.531058962,132.531058962,24.248241236,15.423833466,1.501646505,0,5.690058934,0.278302014,0.880964343,0.473435974,91.545054181,44.734238823,25.696878021,14.163745208,7.155874453,-2.282258859,41.878787507,3.691582753,22.74647548,15.440729274,0.023808377,0,0.023808377,4.908219474,3.521553448,0.3041917,1.082474326,0,16.348640921,11.025979241,2.716035105,2.505174468,0,,0.101452107,0.389122624,0,0,0,1.822313,,,,,,,,,,,,,,,,,,,,,,,,,,,,,,,,
2004-02-01,2004,"Q1","2003/04","Q3","February",122.822464721,119.544985821,119.544985821,26.562737177,17.503248074,3.831845948,0,3.330581231,0.418843262,0.986367707,0.491850955,76.363207629,35.53686155,24.091762249,10.114328738,7.039187362,-5.708416799,36.139826095,3.705333825,22.359520594,10.074971676,0.02116638,0,0.02116638,4.665353604,3.285583104,0.278882705,1.100887795,0,16.223682373,11.153356781,2.55931489,2.391794123,0,,0.119216579,0.395358642,0,0,0,3.2774789,,,,,,,,,,,,,,,,,,,,,,,,,,,,,,,,
2004-03-01,2004,"Q1","2003/04","Q3","March",137.359419895,135.671153895,135.671153895,31.746293799,16.767186798,8.697490812,0,4.259220636,0.494520607,0.719793313,0.808081633,85.060492298,42.922687766,26.739912328,11.011483497,11.194678534,-6.023386593,36.999306835,3.995211304,23.369262714,9.634832817,0.020715959,0,0.020715959,5.117781738,3.834589214,0.305285091,0.977907433,0,18.451758245,13.095975499,2.675986393,2.591135547,0,,0.088660806,0.412609553,0,0,0,1.688266,,,,,,,,,,,,,,,,,,,,,,,,,,,,,,,,
2004-04-01,2004,"Q2","2003/04","Q4","April",137.727283244,135.765093244,135.765093244,29.699201185,15.714230887,3.245724871,0,7.698662897,0.784995791,1.439715046,0.815871693,87.136383556,44.038602046,27.088746904,11.12567755,9.428181896,-3.604004304,38.372629123,3.384907879,23.170909295,11.816811949,0.022139408,0,0.022139408,4.703012979,3.720304726,0.234872421,0.747835832,0,18.558351978,12.852863387,2.841281315,2.714396648,0,,0.149810628,0.371156525,0,0,0,1.96219,,,,,,,,,,,,,,,,,,,,,,,,,,,,,,,,
2004-05-01,2004,"Q2","2003/04","Q4","May",142.149843447,137.600378447,137.600378447,30.529053887,19.10111159,5.070286127,0,4.69769823,0.284965473,0.698767332,0.676225135,87.572824551,46.750648584,29.523727549,11.079165581,9.611465477,-3.463710023,36.435849183,3.754076819,22.12070573,10.561066634,0.023017466,0,0.023017466,4.363309318,3.376594586,0.211432277,0.775282455,0,18.833517008,13.270414081,2.751004917,2.713156858,0,,0.098941152,0.664983001,0,0,0,4.549465,,,,,,,,,,,,,,,,,,,,,,,,,,,,,,,,
2004-06-01,2004,"Q2","2003/04","Q4","June",188.069409335,185.728813335,185.728813335,65.514030375,21.552040214,35.953922798,0,5.476958349,0.61919828,0.873830785,1.038079949,101.529656407,57.711962278,31.102223645,10.195225466,19.913185313,-3.498672146,38.424902718,4.475560609,22.83345384,11.115888269,0.023202178,0,0.023202178,5.369589233,4.345172578,0.299447982,0.724968673,0,18.29770057,12.861067221,2.936577158,2.40058396,0,,0.099472231,0.387425983,0,0,0,2.340596,,,,,,,,,,,,,,,,,,,,,,,,,,,,,,,,
2004-07-01,2004,"Q3","2004/05","Q1","July",145.669290988,144.110118233,144.110118233,25.473934599,15.301884178,4.346563904,0,4.176723729,0.360826236,0.624864226,0.663072326,102.479343807,44.86649924,26.612032,11.17622324,11.066402,-3.988158,51.137055635,4.126637953,32.767659,14.242758682,0.021333,0,0.021333,6.454455932,4.42933478,0.364198738,1.660922414,0,15.691737993,9.344475472,4.184399882,2.073514517,0,,0.089348122,0.465101834,0,0,0,1.559172755,0.226604806,0.022349375,0,0.204255431,0.204255431,0,1.309108371,0,1.159108157,0.275424,0.0184995,0.054921,0.101025288,0,0.23995,0,0,0.469288369,0.150000214,0.150000214,0,0.000395,0.000395,0,0,0,0,0,0,0.023064578,0.016085,0.006979578
2004-08-01,2004,"Q3","2004/05","Q1","August",134.873144534,132.927572,132.927572,30.206242,20.859427,2.173366,0,4.819355,0.338717,1.496175,0.519202,87.190732,43.431797,28.907653,10.242269,8.237953,-3.956078,38.245877,4.160279,24.989334,9.096264,0.108721,0,0.108721,5.404337,4.259956,0.34379,0.800591,0,14.96507,9.122999,3.866435,1.886359,0,,0.089277,0.565528,0,0,0,1.945572534,0.398450133,0.262649133,0,0.135801,0.135801,0,1.509591267,0,1.327858023,0.297913,0.028919,0.042196,0.090266,0,0.232118,0,0,0.636446023,0.181733244,0.181733244,0,0.00034,0.00034,0,0,0,0,0,0,0.037191134,0.03055,0.006641134
2004-09-01,2004,"Q3","2004/05","Q1","September",144.835105612,142.811690994,142.811690994,42.012723,18.495424,16.880705,0,4.891199,0.482583,0.73723,0.525582,84.356641994,41.271405994,27.262788,9.886206994,8.142455,-4.020044,37.964838,4.728897,22.976995,10.258946,0.015623,0,0.015623,5.104775,4.032598,0.305692,0.766485,0,15.925281,9.546348,3.697201,2.581199,0,,0.100533,0.517045,0,0,0,2.023414618,0.149667615,0.006022615,0,0.143645,0.143645,0,1.362818949,0,1.253344968,0.278064,0.096072,0.0397,0.10088,0,0.20369,0,0,0.534938968,0.109473981,0.109473981,0,0.000345,0.000345,0,0,0,0,0,0,0.510583054,0.02123,0.489353054
2004-10-01,2004,"Q4","2004/05","Q2","October",140.676553278,139.375820439,139.375820439,25.803927185,17.601231614,2.560425077,0,4.084723878,0.491105484,0.513708815,0.552732317,97.427712504,50.462399072,28.304283,13.174448151,12.889409,-3.905741079,41.678560258,5.289250003,25.612504,10.776806255,0.024036979,0,0.024036979,5.262716195,4.056057807,0.426376516,0.780281872,0,15.446456949,9.101028,3.742578128,2.539931196,0,,0.062919625,0.697723801,0,0,0,1.300732839,0.180660595,0.135383095,0,0.0452775,0.0452775,0,1.073856894,0,0.971410029,0.2226529,0.0359712,0.03681,0.097967649,0,0.184675,0,0,0.39333328,0.102446865,0.102446865,0,0.00028,0.00028,0,0,0,0,0,0,0.0459353499999999,0.0298999999999999,0.01603535
2004-11-01,2004,"Q4","2004/05","Q2","November",150.622603088,148.865096641,148.865096641,30.539323925,20.328901738,2.856375204,0,5.779803491,0.268286927,0.803757003,0.502199562,95.67042228,51.932900733,30.178259,12.70540039,12.959104,-3.909862657,38.336837128,5.800645586,21.653142,10.883049542,0.034080819,0,0.034080819,5.3666036,4.291140623,0.320926,0.754536977,0,21.883640054,14.983616,4.144219932,2.666127971,0,,0.089676151,0.771710382,0,0,0,1.757506447,0.422946508,0.260912503,0,0.162034005,0.162034005,0,1.314381625,0,1.282669925,0.2793092,0.084252523,0.048529848,0.118362766,0.155603351,0.20846,0,0,0.388152237,0.0317117,0.0317117,0,0.0006972,0.0006972,0,0,0,0,0,0,0.019481114,0.01829,0.001191114
2004-12-01,2004,"Q4","2004/05","Q2","December",211.133257963,208.952013992,208.952013992,83.32144,22.335498,53.314525,0,5.590092,0.779489,0.452893,0.848943,100.475138502,49.317823371,31.790373,12.088993483,9.362578,-3.924121112,45.42053255,6.44145855,27.691508,11.287566,0.024345,0,0.024345,5.712437581,4.676726,0.315266,0.720445581,0,24.52555749,17.043282,4.467800912,2.920950578,0,,0.093524,0.629878,0,0,0,2.181243971,0.428250923,0.177189923,0,0.251061,0.251061,0,1.727630506,0,1.645744188,0.338232,0.417485,0.045842,0.051997,0.155603351,0.20085,0,0,0.435734837,0.081886318,0.081886318,0,0.011243,0.011243,0,0,0,0,0,0,0.014119542,0.004092,0.010027542
2005-01-01,2005,"Q1","2004/05","Q3","January",147.25002112,142.440596974,142.440596974,27.025089,17.352418,3.997318,0,4.065062,0.33781,0.753754,0.518727,98.998683607,48.733260925,26.936472,12.917448339,11.604309,-2.724968414,44.667262581,5.761271941,23.397364,15.50862664,0.023831,0,0.023831,5.574329101,3.864738373,0.28904502,1.420545708,0,16.082388527,9.609803,3.614366733,2.696384672,0,,0.161834122,0.33443584,0,0,0,4.809424146,0.116963709,0.016004709,0,0.100959,0.100959,0,4.642266107,0,3.884443411,0.248051,0.14547,0.04163,0.090931,0.051326251,0.17693,0,0,3.13010516,0.757822696,0.757822696,0,0.038134,0.038134,0,0,0,0,0,0,0.01206033,0.00251,0.00955033
2005-02-01,2005,"Q1","2004/05","Q3","February",140.427151141,137.677037,137.677037,33.262649,22.956371,1.704379,0,7.082178,0.379223,0.60817,0.532328,87.503878,45.100857,26.099599,11.741353,9.838155,-2.57825,36.793151,3.573411,23.162009,10.057731,0.020019,0,0.020019,5.589851,4.163204,0.299167,1.12748,0,16.313178,12.269963,3.327987,0.620517,0,,0.094711,0.597332,0,0,0,2.750114141,0.604674732,0.199563448,0,0.405111284,0.405111284,0,2.071194993,0,2.066694993,0.339407,0.99386865,0.042685,0.079499411,0,0.1912776,0,0,0.419957332,0.0045,0.0045,0,0.051385386,0.051385386,0,0,0,0,0,0,0.02285903,0.00965,0.01320903
2005-03-01,2005,"Q1","2004/05","Q3","March",162.703938715,160.895585675,160.895585675,48.159203128,20.101606635,15.600232589,0,10.576442303,0.6721,0.672099706,0.536721895,92.190038154,44.809811885,27.154576,13.236919685,10.093259,-5.6749428,41.35857557,2.111316862,28.32551,10.921748708,0.019685625,0,0.019685625,6.001965074,4.76384805,0.305130583,0.932986441,0,20.019395543,15.622392,4.042177752,0.273610837,0,,0.081214954,0.52694885,0,0,0,1.80835304,0.387413496,0.060666202,0,0.326747294,0.326747294,0,1.330846134,0,1.234778134,0.338745,0.2690603,0.04149385,0.073274212,0,0.173756,0,0,0.338448772,0.096068,0.096068,0,0.055202885,0.055202885,0,0,0,0,0,0,0.034890525,0.01106,0.023830525
2005-04-01,2005,"Q2","2004/05","Q4","April",161.85648154,160.274054249,160.274054249,41.188846525,23.124633561,4.544020126,0,11.354471414,0.714451087,0.693854673,0.757415664,100.330094565,50.527252573,25.496502,14.308626696,12.772419,-2.050295123,44.131982109,2.435327436,29.759454,11.937200673,0.01614254,0,0.01614254,5.654717343,4.541540732,0.292942503,0.820234108,0,18.225900364,14.266948,3.735425388,0.117245229,0,,0.106281747,0.529212795,0,0,0,1.582427291,0.198685785,0.036540236,0,0.162145549,0.162145549,0,1.281476975,0,1.127261556,0.3458415,0.0622046,0.039279,0.145804559,0,0.234605,0,0,0.299526897,0.154215419,0.154215419,0,0.061979156,0.061979156,0,0,0,0,0,0,0.040285375,0.0207595,0.019525875
2005-05-01,2005,"Q2","2004/05","Q4","May",159.643127753,156.179309402,156.179309402,39.428005998,22.582938241,2.338081909,0,12.656403279,0.540568012,0.556481803,0.753532754,95.969724418,50.693320784,29.917581,13.890010459,13.376354,-6.490624675,39.797972367,2.036195752,27.676134,10.085642615,0.025384866,0,0.025384866,5.453046401,4.303896644,0.284909566,0.864240191,0,20.156666674,15.365623,4.431811749,0.288326595,0,,0.07090533,0.624912312,0,0,0,3.463818351,2.083461292,0.022727156,1.815,0.245734136,0.245734136,0,1.275162464,0,1.217255056,0.44560825,0.09120535,0.045492,0.112614115,0.271105741,0.2512296,0,0,0,0.057907408,0.057907408,0,0.071423886,0.071423886,0,0,0,0,0,0,0.0337707090000002,0.00911000000000023,0.024660709
2005-06-01,2005,"Q2","2004/05","Q4","June",216.208324761,213.16602586,213.16602586,86.257134979,24.091164717,49.704190638,0,10.307541316,0.808286,0.379071794,0.966880514,103.463555617,54.196596197,24.862756,14.800163964,18.706012,-4.172335767,42.939096388,1.731036838,30.366172,10.84188755,0.034644638,0,0.034644638,6.293218394,5.029686447,0.3216955,0.941836447,0,22.759071189,18.353857,4.076121624,0.230273142,0,,0.098819423,0.686264075,0,0,0,3.042298901,0.974431381,0.001690215,0.800603699,0.172137467,0.172137467,0,1.9294107,0,1.801561841,0.4129915,0.0839024,0.034758,0.255569925,0.438944597,0.2256025,0,0,0.349792919,0.127848859,0.127848859,0,0.090029477,0.090029477,0,0,0,0,0,0,0.048427343,0.034355,0.014072343
2005-07-01,2005,"Q3","2005/06","Q1","July",161.504750667,159.393991,159.393991,34.55597,22.559785,3.874727,0,6.368004,0.404839,0.620502,0.728113,104.283056,50.430502,30.586271,13.297877,10.472453,-3.926099,48.105919,1.550434,33.850737,12.704748,0.032216,0,0.032216,5.714419,4.557288,0.2799,0.877231,0,21.583273,17.216834,4.207376,0.078761,0,,0.080302,0.566913,0,0,-1.595221,2.110759667,0.648557292,0.067476292,0.2,0.381081,0.381081,0,1.369452976,0,1.364117156,0.36366,0.413932,0.056509,0.103027,0,0.227493,0,0,0.199496156,0.00533582,0.00533582,0,0.069934,0.062174,0.00776,0,0,0,0,0,0.022815399,0,0.022815399
2005-08-01,2005,"Q3","2005/06","Q1","August",159.751780273,157.292211966,157.292211966,34.590521626,25.620503,1.816379,0,5.523083,0.371109,0.638271626,0.621176,100.252739727,57.71301708,35.636399,14.39294508,12.029379,-4.345706,35.970813663,1.408877,23.532241,11.029695663,0.024378984,0,0.024378984,6.54453,5.444168,0.308794,0.791568,0,21.68001469,17.326139,4.217097,0.014838,0,,0.12194069,0.805846923,0,0,-0.036911,2.459568307,0.518556838,0.101726188,0,0.41683065,0.41683065,0,1.841358078,0,1.529649132,0.438895624,0.3135964,0.04745455,0.196060358,0,0.2402665,0,0,0.2933757,0.311708946,0.311708946,0,0.083153708,0.079593708,0.00356,0,0,0,0,0,0.016499683,0,0.016499683
2005-09-01,2005,"Q3","2005/06","Q1","September",190.74697774,186.794632,186.794632,50.479033,23.344713,15.63799,0,9.61684,0.369929,0.611075,0.898486,111.077804,59.804558,38.042037,15.982549,11.131373,-5.351401,45.188177,1.845631,30.092269,13.250277,0.019902,0,0.019902,6.065167,4.892889,0.21971,0.952568,0,24.665853,20.09256,4.418485,0.005272,0,,0.149536,0.702992,0,0,-0.13105,3.95234574,0.272984,0,0,0.272984,0.272984,0,3.551891371,0,3.528517841,0.4435165,0.096312166,0.041488,0.171225755,0,0.209123,0,0,2.56685242,0.02337353,0.02337353,0,0.073874382,0.073874382,0,0,0,0,0,0,0.053595987,0.03321,0.020385987
2005-10-01,2005,"Q4","2005/06","Q2","October",170.717706535,167.724064666,167.724064666,35.994821,24.939982,3.353956,0,5.976568,0.56434,0.369412,0.790563,107.936527021,62.309521307,38.01530556,15.237245996,13.577722132,-4.520752381,39.378072128,1.474358676,24.81713983,13.086573622,0.03998,0,0.03998,6.208953586,4.956712989,0.25838848,0.993852117,0,24.963645786,20.615737705,4.17398042,0.012965571,0,,0.16096209,0.755952859,0,0,-1.926882,2.993641869,0.24381469,0.002629823,0,0.241184867,0.241184867,0,2.643632307,0,2.54572972,0.3997045,0.070141,0.0468475,0.110851337,0.106521648,0.18452,0,0,1.627143735,0.097902587,0.097902587,0,0.089003715,0.089003715,0,0,0,0,0,0,0.017191157,0.01036,0.006831157
2005-11-01,2005,"Q4","2005/06","Q2","November",166.639190993,164.992111007,164.992111007,32.847491426,23.685894558,1.179657714,0,6.599546762,0.407745138,0.499231681,0.475415573,117.344761909,65.14714409,34.241411981,24.982299756,11.913983642,-5.990551289,45.058977536,2.23219464,30.51485177,12.311931126,0.026367841,0,0.026367841,7.112272442,5.998339501,0.255349141,0.8585838,0,24.949798576,20.863810782,3.887655784,0.028930598,0,,0.169401412,0.804358096,0,0,-10.954299,1.647079986,0.330804815,0.020724815,0,0.31008,0.31008,0,1.206619115,0,1.088271379,0.398478,0.032008,0.042235,0.094097,0,0.215,0,0,0.306453379,0.118347736,0.118347736,0,0.086381,0.086381,0,0,0,0,0,0,0.023275056,0.008239,0.015036056
2005-12-01,2005,"Q4","2005/06","Q2","December",241.446550032,240.121067312,240.121067312,101.122813,26.346223,65.973404,0,6.840807,0.845565,0.221385,0.895429,115.566456394,62.517989101,36.828279887,19.217119885,10.788756,-4.316166671,46.84063749,1.536368883,32.00787609,13.296392517,0.019635,0,0.019635,6.188194803,5.074612,0.251823,0.861759803,0,25.359238918,20.882164708,4.31539667,0.005452178,0,,0.156225362,0.626175,0,0,-2.553616,1.32548272,0.199454,0,0,0.199454,0.199454,0,0.781718747,0,0.781718747,0.37345,0.0877528,0.03885,0.066701947,0,0.214964,0,0,0,0,0,0,0.138427752,0.138427752,0,0,0,0,0,0,0.205882221,0.08818,0.117702221
2006-01-01,2006,"Q1","2005/06","Q3","January",170.64393995,168.440417768,168.440417768,33.836748,24.743444,2.02495,0,6.019479,0.350546,0.112983,0.585346,113.509539283,56.583204199,32.556196249,18.981294733,12.180681217,-7.134968,50.143147364,1.360233245,32.05590418,16.727009939,0.022114,0,0.022114,6.76107372,4.638354,0.354809,1.76791072,0,21.171213485,17.381038933,3.523741907,0.013556645,0,,0.252876,0.601788,0,0,-0.678871,2.203522182,0.414465,0,0.28,0.134465,0.134465,0,1.606095213,0,1.47345262,0.342186,0.049946,0.038256,0.000303,0.375654148,0.233592,0,0,0.433515472,0.132642593,0.132642593,0,0.084133,0.084133,0,0,0,0,0,0,0.098828969,0.096108,0.002720969
2006-02-01,2006,"Q1","2005/06","Q3","February",162.191338798,157.288739794,157.288739794,32.928672012,23.912022959,1.643176647,0,6.564599964,0.352045496,0.045925485,0.410901461,104.596703991,53.711837999,31.809304461,15.108956235,13.244413157,-6.450835854,45.067221907,1.453634068,30.65897991,12.954607929,0.038078366,0,0.038078366,5.779565719,4.237476867,0.314681058,1.227407794,0,19.432008324,15.890739663,3.395509351,0.000883967,0,,0.144875343,0.508916467,0,0,-0.177561,4.90259900399998,2.272950502,0.104642679,2,0.168307823,0.168307823,0,1.272676742,0,1.158946392,0.3420356,0.02350155,0.0277735,0,0.201021086,0.20515,0,0,0.359464656,0.11373035,0.11373035,0,0.084072799,0.084072799,0,1.16129293699998,1.16129293699998,1.16129293699998,0,0,0.111606024,0.110482779,0.001123245
2006-03-01,2006,"Q1","2005/06","Q3","March",207.315484685,190.647487335,190.647487335,42.841504011,27.949965933,5.003312782,0,7.930326115,0.823638341,0.529339258,0.604921582,124.143395177,61.026145273,38.600134025,12.491927558,14.984470789,-5.050387099,55.312010884,3.893240101,37.58042197,13.838348813,0.029657467,0,0.029657467,7.775581553,5.876626741,0.344021283,1.554933529,0,23.021816013,18.817397021,4.058317341,0,0,,0.146101651,0.722591134,0,0,-0.081819,16.66799735,0.521417433,0.103468977,0,0.417948456,0.417948456,0,1.074586542,0,1.019214672,0.2318903,0.3552727,0.038959,0.078286355,0,0.2586,0,0,0.056206317,0.05537187,0.05537187,0,0.086825346,0.086825346,0,14.853888348,14.853888348,14.853888348,0,0,0.131279681,0.126941,0.004338681
2006-04-01,2006,"Q2","2005/06","Q4","April",187.06975502,175.268384551,175.268384551,39.251336193,24.627924432,3.200457075,0,9.501027473,0.464274737,0.808109463,0.649543013,116.935422857,60.324983015,33.4078273,15.911080766,15.319445199,-4.31337025,49.819859665,1.684257479,34.19213572,13.943466466,0.031534216,0,0.031534216,6.759045961,5.182488802,0.348058992,1.228498167,0,18.380363593,14.634879835,3.504150005,0.000600477,0,,0.240733276,0.723602495,0,0,-0.022340587,11.801370469,0.280366736,0,0,0.280366736,0.280366736,0,0.988936364,0,0.953592693,0.2984554,0.0505857,0.037385,0.115972804,0.108133889,0.2292328,0,0,0.1138271,0.035343671,0.035343671,0,0.143331782,0.143331782,0,10.332362891,10.332362891,10.332362891,0,0,0.0563726960000002,0.0297790000000002,0.026593696
2006-05-01,2006,"Q2","2005/06","Q4","May",208.894379446,185.541151697,185.541151697,43.271684233,28.988687889,2.618944614,0,8.781684421,0.501785378,1.521308746,0.859273185,119.39185139,59.23085732,36.988321969,14.746307263,14.583299969,-7.087071881,53.160336536,1.822573633,37.92697416,13.410788743,0.026593808,0,0.026593808,6.974063726,5.528958018,0.359845671,1.085260037,0,22.262511478,18.28670421,3.780808482,0.000986253,0,,0.194012533,0.660120596,0,0,-0.045016,23.353227749,0.210230325,0.000668797,0,0.209561528,0.209561528,0,2.250291889,0,2.046578489,0.436178,0.30021651,0.04102,0.130286392,0.156116672,0.227195593,0,0,0.755565322,0.2037134,0.2037134,0,0.098217891,0.098117891,1e-04,14.694873487,14.694873487,14.694873487,0,0,6.099614157,0.045016215,6.054597942
2006-06-01,2006,"Q2","2005/06","Q4","June",286.838777815,277.504697296,277.504697296,122.553147137,30.846753211,75.846897366,0,13.309126977,1.01335849,0.746367935,0.790643158,128.507946336,67.387051338,42.627388056,16.159338889,15.999300764,-7.398976371,52.727678653,4.34719952,35.65240651,12.728072623,0.030863281,0,0.030863281,8.362353064,6.822515813,0.427965554,1.111871697,0,27.668614969,22.98689814,4.455380661,0.006234163,0,,0.220102005,0.932926868,0,0,-2.157938014,9.33408051899999,0.442868577,0,0,0.442868577,0.442868577,0,2.103826192,0,1.67141853,0.5780266,0.119263,0.042059,0.111191029,0.142425355,0.2170465,0,0,0.461407046,0.432407662,0.432407662,0,0.116860836,0.116860836,0,6.61085356199999,6.61085356199999,6.61085356199999,0,0,0.059671352,0.052384,0.007287352
2006-07-01,2006,"Q3","2006/07","Q1","July",178.417630585,176.448335567,176.448335567,36.140605418,24.401938332,2.558921222,0,6.571872704,0.432872319,1.359657005,0.815343836,115.932087258,60.963511268,38.541591197,12.944770478,16.473547536,-6.996397943,47.606654116,4.152588795,31.5066597,11.947405621,0.03712578,0,0.03712578,7.324796094,5.595703946,0.363971209,1.365120939,0,24.080656252,19.110387872,4.778567599,0.000540005,0,,0.191160776,0.87802681,0,0,-0.583040171,1.969295018,1.192588014,0,0,1.192588014,1.192588014,0,0.649779452,0,0.627082153,0.2490328,0.03796633,0.036850806,0.137237217,0,0.165995,0,0,0,0.022697299,0.022697299,0,0.126927552,0.111082552,0.015845,0,0,0,0,0,0,0,0
2006-08-01,2006,"Q3","2006/07","Q1","August",204.591377081,194.035570025,194.035570025,40.67510671,28.846082454,2.142522171,0,7.206801172,0.53706605,1.235423999,0.707210864,126.314320885,64.496379693,40.59208146,13.289277929,17.617892814,-7.00287251,53.721424731,5.364876733,35.50284793,12.853700068,0.02968695,0,0.02968695,8.066829511,6.122635225,0.500081943,1.444112343,0,26.180537265,21.077247319,4.873816261,0,0,,0.229473685,0.90909608,0,0,-0.043490915,10.555807056,3.583281187,0.227798437,3.082716,0.27276675,0.27276675,0,3.512768743,0,3.512768743,0.464669,0.23629,0.05188116,0.081085617,0,0.26922856,0,0,2.409614406,0,0,0,0.164304576,0.164304576,0,2.34290900400001,2.34290900400001,2.34290900400001,0,0,0.952543546,0.113533874,0.839009672
2006-09-01,2006,"Q3","2006/07","Q1","September",204.953982719,196.189731773,196.189731773,46.566455967,30.454810381,2.763807028,0,10.104914638,0.558716112,1.542207866,1.141999942,124.419073422,63.316776234,38.273939159,15.096217777,16.944827437,-6.998208139,53.701855341,4.455032819,34.68231775,14.564504772,0.034039299,0,0.034039299,7.366402548,5.612046194,0.25830888,1.496047474,0,23.516766537,18.795750498,4.522288941,0.000179663,0,,0.198547435,1.687635847,0,0,-2e-04,8.76425094599998,0.326433137,0,0,0.326433137,0.326433137,0,1.54772524,0,1.523421499,0.47522054,0.0037007,0.0545163,0.244504806,0,0.22366,0,0,0.521819153,0.024303741,0.024303741,0,0.125171991,0.125171991,0,6.73556812799998,6.73556812799998,6.73556812799998,0,0,0.0293524500000002,0.0291924500000002,0.00016
2006-10-01,2006,"Q4","2006/07","Q2","October",197.692061174,193.414671636,193.414671636,44.757620379,31.825237296,1.135217956,0,5.916517615,0.666988681,4.595422551,0.61823628,121.791767419,63.918862802,40.804309694,16.925317908,13.198935698,-7.009700498,50.699564408,4.910154637,31.33271207,14.456697701,0.030418981,0,0.030418981,7.142921228,5.631272311,0.321588256,1.190060661,0,25.714825031,20.874307412,4.669723851,0.000178602,0,,0.170615166,1.150458807,0,0,0,4.277389538,2.533542344,0,2.2,0.333542344,0.333542344,0,1.58196181,0,1.566428626,0.4691865,0.013591125,0.06092,0.205563167,0.367044583,0.243081,0,0,0.207042251,0.015533184,0.015533184,0,0.140785116,0.140785116,0,0,0,0,0,0,0.021100268,0.020537,0.000563268
2006-11-01,2006,"Q4","2006/07","Q2","November",221.572213855,203.625720562,203.625720562,41.233366413,29.816676179,1.209398187,0,8.239651407,0.523802319,0.655642122,0.788196199,131.345420462,70.678385502,46.606141774,18.874461413,12.111680559,-6.913898244,52.159093095,5.359645131,31.91212896,14.887319004,0.027823878,0,0.027823878,8.480117987,6.850451548,0.365358235,1.264308204,0,30.146853369,24.89253038,4.974852217,0.003900639,0,,0.275570133,0.986835901,0,0,-0.086755583,17.946493293,0.321625703,0,0,0.321625703,0.321625703,0,2.482694285,0,2.437732684,1.2247285,0.05823,0.052225,0.45982769,0,0.27659,0,0,0.366131494,0.044961601,0.044961601,0,0.107446522,0.107446522,0,15.012894783,15.012894783,15.012894783,0,0,0.021832,0.021732,1e-04
2006-12-01,2006,"Q4","2006/07","Q2","December",285.652659735,275.669023454,275.669023454,125.749954702,31.908199796,76.568098894,0,13.41841715,0.657503954,2.196995853,1.000739055,121.20006083,63.078372519,42.397190146,15.708790505,12.005247479,-7.032855611,50.312985886,5.612828305,29.279682397,15.420475184,0.036341863,0,0.036341863,7.772360562,6.271587843,0.276595756,1.224176963,0,27.583942422,23.113177078,4.341378391,8.03e-07,0,,0.12938615,1.1350655,0,0,0,9.98363628100001,0.28864302,0.015435818,0,0.273207202,0.273207202,0,2.203313123,0,2.178283291,1.2155835,0.0099555,0.04408,0.153965056,0.243861006,0.2079745,0,0,0.302863729,0.025029832,0.025029832,0,0.088680871,0.088680871,0,6.72155056700001,6.72155056700001,6.72155056700001,0,0,0.6814487,0.6814487,0
2007-01-01,2007,"Q1","2006/07","Q3","January",210.835952531,208.0820175,208.0820175,43.88227355,28.935594095,4.500747844,0,8.117371074,0.47165061,1.294787264,0.562122663,136.563231894,67.961603846,42.324164068,18.765726447,13.871485008,-6.999771677,60.391303653,4.608754088,36.50579576,19.276753805,0.031249612,0,0.031249612,8.179074783,5.702693942,0.344535112,2.131845729,0,26.448060229,21.961141139,4.164891955,0.000325709,0,,0.321701426,1.188451827,0,0,0,2.753935031,0.671593452,0.016818238,0,0.654775214,0.654775214,0,1.916022979,0,1.916022979,1.29767772,0.011817,0.050292,0.137091143,0.161388116,0.257757,0,0,0,0,0,0,0.0881452,0.0881452,0,0,0,0,0,0,0.0781734000000004,0.0777634000000004,0.00041
2007-02-01,2007,"Q1","2006/07","Q3","February",189.990957234,186.544181094,186.544181094,40.808614,28.529179,2.09217,0,7.441374,0.796782,1.376751,0.572358,120.163855094,61.223405674,41.100985,24.147575431,14.96838279,-18.993537547,51.41641342,6.981144,27.79936842,16.635901,0.043017,0,0.043017,7.481019,5.366706,0.315736,1.798577,0,24.391024,19.682593,4.54711,0,0,,0.161321,1.180688,0,0,0,3.44677614,0.289588544,0.022152544,0,0.267436,0.267436,0,2.952922486,0,2.926046004,1.395751,0.019209,0.045034,0.317597,0.152287952,0.244642,0,0,0.751525052,0.026876482,0.026876482,0,0.121451,0.121451,0,0,0,0,0,0,0.08281411,0.05643,0.02638411
2007-03-01,2007,"Q1","2006/07","Q3","March",237.485314205,225.273393661,225.273393661,55.250198495,33.661814889,6.221636109,0,9.740345102,0.907751026,3.914917307,0.803734062,139.01917569,74.059074544,46.635610142,19.048851377,15.381388783,-7.006775758,56.813765631,5.728353149,35.582626644,15.502785838,0.03539566,0,0.03539566,8.110939855,6.042435677,0.328420815,1.740083363,0,30.124483588,24.959920183,4.977015843,0,0,,0.187547562,0.879535888,0,0,0,12.211920544,1.019230371,0.318608135,0,0.700622236,0.700622236,0,1.704107605,0,1.704107605,0.9772672,0.0360867,0.03986,0.384108705,0,0.266785,0,0,0,0,0,0,0.074530305,0.074530305,0,9.07834590600001,9.07834590600001,9.07834590600001,0,0,0.335706357,0.32770656,0.007999797
2007-04-01,2007,"Q2","2006/07","Q4","April",213.973185454,212.222841257,212.222841257,43.768327481,28.970183983,2.602081616,0,6.915513809,0.998203664,3.668673826,0.613670583,143.840864619,83.074856249,38.635190204,36.717834442,14.720894043,-6.99906244,53.660886981,6.146751251,30.635953289,16.878182441,0.029827956,0,0.029827956,7.075293433,5.143395812,0.313711816,1.618185805,0,23.668155375,19.415246606,4.085731346,4.3992e-05,0,,0.167133431,0.945493782,0,0,0,1.750344197,0.062107557,0,0,0.062107557,0.062107557,0,1.56828434,0,1.549603001,0.292766117,0.000940411,0.029103,0.399178851,0.423884492,0.178474,0,0,0.22525613,0.018681339,0.018681339,0,0.0785489,0.0785489,0,0,0,0,0,0,0.0414034,0.0414034,0
2007-05-01,2007,"Q2","2006/07","Q4","May",245.448829852,228.31461244,228.31461244,52.652323319,31.276972656,3.78949677,0,15.12100829,0.630360666,0.969089128,0.865395809,147.963930815,82.575594157,50.701778472,23.614560403,15.25783126,-6.998575978,58.865758748,5.53218131,36.85754641,16.476031028,0.029296859,0,0.029296859,6.493281051,4.674979919,0.341594144,1.476706988,0,27.44571267,22.987499155,4.300231655,0.002867068,0,,0.155114792,1.361653695,0,0,-1.109008059,17.134217412,0.439794517,0,0,0.439794517,0.439794517,0,1.42839736,0,1.42839736,0.82238813,0.073033865,0.050498,0.149289365,0,0.333188,0,0,0,0,0,0,0.127543037,0.127543037,0,14.99501704,14.99501704,14.99501704,0,0,0.143465458,0.1182217,0.025243758
2007-06-01,2007,"Q2","2006/07","Q4","June",331.347769153,326.001699833,326.001699833,155.514455719,40.000810189,89.420997921,0,17.308582737,1.140394496,6.24581019,1.397860186,142.662493232,73.840575082,45.795680519,20.641735339,14.403914203,-7.000754979,63.77463154,5.908099536,41.43018045,16.436351554,0.028362344,0,0.028362344,5.018924266,3.31254629,0.385418789,1.320959187,0,26.669835402,22.116179483,4.309156692,0,0,,0.244499227,1.171,0,0,-0.01608452,5.34606932,2.366760285,0,1.96,0.406760285,0.406760285,0,2.794010718,0,2.742071618,0.803610225,0.0251468,0.0377175,0.124504295,0.407699219,0.27358,0,0,1.069813579,0.0519391,0.0519391,0,0.096237535,0.096237535,0,0,0,0,0,0,0.089060782,0.08642199,0.002638792
2007-07-01,2007,"Q3","2007/08","Q1","July",220.624645887,218.735478171,218.735478171,47.778046,28.357228,8.474757,0,8.20786,0.795655,1.128122,0.814424,142.610423266,71.039441107,45.985629629,21.464878122,10.658701356,-7.069768,67.323126533,6.168585896,44.82257269,16.331967947,0.039182,0,0.039182,4.208673626,2.43720748,0.402150252,1.369315894,0,27.065692874,21.999976952,4.888088922,0,0,,0.177627,1.281316031,0,0,0,1.889167716,0.137155,0,0,0.137155,0.137155,0,1.183656,0,1.183656,0.723787,0.049238,0.04672,0.141521,0,0.22239,0,0,0,0,0,0,0.114493,0.114493,0,0,0,0,0,0,0.453863716,0.45192,0.001943716
2007-08-01,2007,"Q3","2007/08","Q1","August",227.564390187,224.635160223,224.635160223,45.429637,30.797999,1.577609,0,8.517658,0.798645,3.141367,0.596359,148.222034673,78.861376156,51.138301,22.23889198,14.224236176,-8.740053,64.227444337,5.539982,42.947917,15.739545337,0.086179,0,0.086179,5.04703518,3.309997952,0.368614228,1.368423,0,29.635792,24.212194,5.045832,0,0,,0.377766,1.34769655,0,0,0,2.929229964,0.422127072,0,0,0.422127072,0.422127072,0,2.201305319,0,2.201305319,1.225954975,0.0307808,0.074921,0.23258202,0.304621524,0.332445,0,0,0,0,0,0,0.144443401,0.144443401,0,0,0,0,0,0,0.161354172,0.1598975,0.001456672
2007-09-01,2007,"Q3","2007/08","Q1","September",238.608126855,225.84392,225.84392,46.106987,30.013687,4.834005,0,6.903496,0.569469,2.777876,1.008454,150.578811,83.491627,50.171445,22.922368,17.846098,-7.448284,61.979527,6.402156,39.80654,15.770831,0.089222,0,0.089222,5.018435,3.350813,0.339682,1.32794,0,28.217446,22.832042,4.996086,0,0,,0.389318,0.940676,0,0,0,12.764206855,0.504687,0,0,0.504687,0.504687,0,2.930533269,0,2.916846853,0.914166,0.038515,0.056693,0.206653,0,0.18197,0,0,1.518849853,0.013686416,0.013686416,0,0.092461,0.092461,0,9.07834590600001,9.07834590600001,9.07834590600001,0,0,0.15817968,0.158065,0.00011468
2007-10-01,2007,"Q4","2007/08","Q2","October",249.473703701,245.664953411,245.664953411,54.378826017,35.495833419,3.554423182,0,7.420659527,0.744580769,6.56163724,0.60169188,155.276407896,83.541254039,58.359526442,19.318096238,14.990543199,-9.12691184,66.477520851,6.545399231,42.966673112,16.965448508,0.075394919,0,0.075394919,5.182238087,3.317560576,0.40000558,1.464671931,0,33.525896532,28.012891957,5.17023591,0,0,,0.342768665,2.483822966,0,0,0,3.80875029,0.319773,0,0,0.319773,0.319773,0,3.27862029,0,3.185051057,1.352013,0.036358,0.072945,0.327854,0.553272317,0.27506,0,0,0.56754874,0.093569233,0.093569233,0,0.126224,0.126224,0,0,0,0,0,0,0.084133,0.084133,0
2007-11-01,2007,"Q4","2007/08","Q2","November",246.310165249,240.977459698,240.977459698,39.146975782,30.332884475,1.802392984,0,4.979678426,0.476340858,1.07558197,0.480097069,163.539917908,88.811351761,54.69164552,21.99121893,17.119111471,-4.99062416,69.82686476,7.251029737,44.72326098,17.852574043,0.087029444,0,0.087029444,4.814671943,3.073188007,0.36491235,1.376571586,0,36.568488402,30.750270027,5.605745474,0,0,,0.212472901,1.722077606,0,0,0,5.332705551,0.167682,0,0,0.167682,0.167682,0,4.721101605,0,4.573071496,1.144216,0.03082,0.054411,0.525318,0.086617705,0.24808,0,0,2.483608791,0.148030109,0.148030109,0,0.122842,0.122842,0,0,0,0,0,0,0.321079946,0.309614,0.011465946
2007-12-01,2007,"Q4","2007/08","Q2","December",358.497269357,343.050066692,343.050066692,168.107298304,48.73779849,90.609839893,0,20.728022682,0.939425213,5.947611116,1.14460091,142.898505171,85.105201331,51.942724372,30.0810082738823,16.9316543501177,-13.850185665,53.278276296,6.464782506,31.81324152,15.00025227,0.089510808,0,0.089510808,4.425516736,2.990820255,0.29617549,1.138520991,0,31.057479071,25.470528496,5.185297668,0.000135174,0,,0.401517733,0.986784146,0,0,0,15.447202665,0.378081169,0,0,0.378081169,0.378081169,0,2.06664569,0,2.060409913,0.9812638,0.05794153,0.073665,0.208537449,0.125962698,0.26178,0,0,0.351259436,0.006235777,0.006235777,0,0.132272151,0.132272151,0,12.680226655,12.680226655,12.680226655,0,0,0.189977,0.189977,0
2008-01-01,2008,"Q1","2007/08","Q3","January",247.142828396,244.68823456,244.68823456,60.303823445,36.455072083,4.765011612,0,10.703306448,0.866178451,6.483714756,1.030540095,158.173298832,78.415801426,45.520997532,30.824586536,16.114475358,-14.044258,74.085731814,6.402596676,41.613102923,26.070032215,0.11242462,0,0.11242462,5.559340972,3.209829,0.368265,1.981246972,0,25.225866283,21.386350802,3.420362481,0,0,,0.419153,0.985246,0,0,0,2.454593836,0.095618,0,0,0.095618,0.095618,0,2.08703639,0,2.07785439,1.050924,0.034163,0.044546,0.155756,0.181962227,0.237258,0,0,0.373245163,0.009182,0.009182,0,0.096612,0.096612,0,0,0,0,0,0,0.175327446,0.173624,0.001703446
2008-02-01,2008,"Q1","2007/08","Q3","February",256.607955894,252.825441,252.825441,57.080022,37.297216,3.562657,0,8.753797,0.596971,6.530313,0.339068,169.102276,86.838113,52.17897,27.364026,13.017763,-5.722646,76.35058,6.527662,51.459968,18.36295,0.084945,0,0.084945,5.828638,3.516647,0.383863,1.928128,0,25.207866,20.168494,4.597755,0,0,,0.441617,1.435277,0,0,0,3.782514894,0.605355,0,0,0.605355,0.605355,0,2.789804894,0,2.773405894,1.71412,0.060716,0.083587,0.194684,0.158010486,0.35325,0,0,0.209038408,0.016399,0.016399,0,0.162574,0.162574,0,0,0,0,0,0,0.224781,0.218061,0.00672
2008-03-01,2008,"Q1","2007/08","Q3","March",265.507103984,253.746878526,253.746878526,57.536050844,36.611418087,6.554075528,0,9.339947785,0.650219579,3.815585487,0.564804378,165.48801385,91.206206691,55.579712193,23.712841946,17.494786296,-5.581133744,68.268973552,7.263221689,42.212755967,18.792995896,0.060397998,0,0.060397998,5.952435609,3.405174493,0.385284102,2.161977014,0,29.395136538,24.316485885,4.609910592,0,0,,0.468740061,1.327677294,0,0,0,11.760225458,0.259351113,0,0,0.259351113,0.259351113,0,1.823336046,0,1.823336046,1.299962985,0.0232885,0.058982,0.175371061,0,0.2657315,0,0,0,0,0,0,0.1106108,0.1106108,0,9.47215513200001,9.47215513200001,9.47215513200001,0,0,0.094772367,0.08484037,0.009931997
2008-04-01,2008,"Q2","2007/08","Q4","April",269.083311485,263.460865919,263.460865919,55.706475,38.838249,2.038211,0,12.135435,0.922133,1.021754,0.750693,172.495084173,100.946774699,62.409997879,32.175435554,13.458190578,-7.096849312,65.253012493,7.262221878,38.98161348,19.009177135,0.093609,0,0.093609,6.201687981,3.61930663,0.706867611,1.87551374,0,33.362212235,28.116104552,4.87004872,0,0,,0.376058963,1.897094511,0,0,0,5.622445566,0.398807134,0,0,0.398807134,0.398807134,0,4.555434916,0,4.531921976,1.643676566,0.0340382,0.0946635,0.268178499,0.50653382,0.32649,0,0,1.658341391,0.02351294,0.02351294,0,0.226205056,0.226205056,0,0,0,0,0,0,0.44199846,0.33572894,0.10626952
2008-05-01,2008,"Q2","2007/08","Q4","May",253.4323975619,273.844476344,273.844476344,68.750378388,44.90614241,3.377074033,0,13.357664264,0.993064055,5.459224705,0.657208921,170.529204413,95.294670593,63.643405807,22.520853802,15.792647134,-6.66223615,68.963563187,7.157723138,44.52806887,17.277771179,0.069811562,0,0.069811562,6.201159071,3.822591806,0.727320796,1.651246469,0,33.14029288,27.782283249,5.119281081,0,0,,0.23872855,1.424600663,0,0,0,-20.4120787821,0.361517231,0,0,0.361517231,0.361517231,0,2.579141724,0,2.566058718,1.48341505,0.01611705,0.075802,0.130763085,0.185306104,0.29,0,0,0.384655429,0.013083006,0.013083006,0,0.1270476,0.1270476,0,-23.7417511371,-23.7417511371,-23.7417511371,0,0,0.2619658,0.1108615,0.1511043
2008-06-01,2008,"Q2","2007/08","Q4","June",413.9764964851,373.628026905,373.628026905,160.872930122,53.531546391,82.148074279,0,17.131541124,1.299746943,5.520876171,1.241145214,177.225006289,96.05843855,62.185829927,26.539669428,12.528144207,-5.195205012,74.846599334,7.303490816,47.760435387,19.782673131,0.078802178,0,0.078802178,6.241166227,3.9450135,0.757619776,1.538532951,0,34.353385447,29.167586085,4.958926451,0,0,,0.226872911,1.176705047,0,0,0,40.3484695801,0.255477618,0,0,0.255477618,0.255477618,0,1.9748055,0,1.9748055,1.41464825,0.021118,0.0728805,0.21994875,0,0.24621,0,0,0,0,0,0,0.137724857,0.137724857,0,37.2517276651,37.2517276651,37.2517276651,0,0,0.72873394,0.72873394,0
2008-07-01,2008,"Q3","2008/09","Q1","July",255.905261631,252.594668171,252.594668171,55.089687119,32.424012871,4.376209709,0,11.169329295,0.77018648,5.595012523,0.754936241,164.415435793,84.778322255,56.322934408,25.262063623,9.969036248,-6.775712024,72.70034073,7.217427173,46.59835488,18.884558677,0.09910231,0,0.09910231,6.837670498,4.522764023,0.885152121,1.429754354,0,31.337781916,26.0931351,5.13682081,0,0,,0.107826006,2.05520306,0,0,-0.303439717,3.31059346,0.574238263,0,0,0.574238263,0.574238263,0,2.517823376,0,2.517823376,1.816563125,0.04586182,0.071186,0.249620431,0,0.334592,0,0,0,0,0,0,0.137251589,0.137251589,0,0,0,0,0,0,0.0812802319999998,0.0812802319999998,0
2008-08-01,2008,"Q3","2008/09","Q1","August",250.053861052,246.082640174,246.082640174,48.478868273,35.859501194,1.696165847,0,6.527072357,0.585280684,3.215308576,0.595539615,164.179078446,88.674811116,59.131520477,25.744391889,12.11703943,-8.31814068,69.12707674,7.917372467,43.01359115,18.196113123,0.081608704,0,0.081608704,6.295581886,4.023652583,0.747209956,1.524719347,0,32.110198324,27.008175937,5.001242764,0,0,,0.100779623,1.357968463,0,0,-0.043473332,3.971220878,1.611079486,0,1.376621587,0.234457899,0.234457899,0,1.933867314,0,1.933867314,1.4030857,0.05313535,0.0745063,0.138669964,0,0.26447,0,0,0,0,0,0,0.117139078,0.117139078,0,0,0,0,0,0,0.309135,0.309135,0
2008-09-01,2008,"Q3","2008/09","Q1","September",276.555701567,261.949267893,261.949267893,57.381647864,36.939334054,3.904828722,0,11.843819917,0.368547248,3.901425979,0.423691944,172.143801522,95.085900495,60.501886965,25.867953172,13.291768358,-4.575708,71.204755836,8.485323679,43.65437917,19.065052987,0.03216222,0,0.03216222,5.820982971,4.0527056,0.239662,1.528615371,0,30.838758273,25.618862312,5.065726779,0,0,,0.154169182,1.585276234,0,0,-0.000216,14.606433674,1.439211114,0,1.177967213,0.261243901,0.261243901,0,3.240766793,0,3.240766793,1.338609075,0.0413694,0.1102318,0.428360345,0.531313032,0.400162,0,0,0.390721141,0,0,0,0.162331485,0.162331485,0,9.472155132,9.472155132,9.472155132,0,0,0.29196915,0.29196915,0
2008-10-01,2008,"Q4","2008/09","Q2","October",292.819484142,289.634933428,289.634933428,71.207002818,47.811397116,8.098218179,0,12.591825599,0.77343203,1.004228466,0.927901428,180.73265883,104.336385416,63.987566651,26.638562289,18.636239176,-4.9259827,69.752175775,10.079919834,40.89440693,18.777849011,0.120000144,0,0.120000144,6.524097495,4.345551015,0.819478526,1.359067954,0,37.971141947,32.502554679,5.324059472,0,0,,0.144527796,1.626944525,0,0,-1.902814692,3.184550714,0.240187562,0,0,0.240187562,0.240187562,0,2.706781082,0,2.706781082,1.034792525,0.169897449,0.0937526,0.27456833,0.457933536,0.3658615,0,0,0.309975142,0,0,0,0.16427037,0.16427037,0,0,0,0,0,0,0.0733116999999997,0.0733116999999997,0
2008-11-01,2008,"Q4","2008/09","Q2","November",286.530442888,279.171441872,279.171441872,58.782403143,40.94175454,3.111475414,0,8.133496801,0.433529192,5.629495485,0.532651711,183.304286321,102.537917514,61.683802065,31.795954533,18.425382916,-9.367222,74.624697538,8.91512033,45.39213478,20.317442428,0.079895325,0,0.079895325,6.061775944,3.589537326,0.670788378,1.80145024,0,35.669619497,29.90266039,5.575435954,0,0,,0.191523153,1.415132911,0,0,0,7.359001016,1.200924822,0.072754469,0.98,0.148170353,0.148170353,0,2.13684894,0,2.13684894,1.57846,0.04710655,0.0827825,0.13781989,0,0.29068,0,0,0,0,0,0,0.19266433,0.19266433,0,3.769012808,3.769012808,3.769012808,0,0,0.0595501159999999,0.0577001159999999,0.00185
2008-12-01,2008,"Q4","2008/09","Q2","December",437.164549565,390.449506507,390.449506507,162.343191618,52.909995979,87.911207327,0,12.910834064,1.169519994,6.304803388,1.136830866,184.350182291,106.233139478,73.36137457,27.869263282,15.108752626,-10.106251,71.859758643,10.411921394,42.48133573,18.966501519,0.086483358,0,0.086483358,6.170800812,3.775058668,0.636174713,1.759567431,0,43.461508125,37.124451948,6.307858196,0,0,,0.029197981,1.049295371,0,0,-0.754670898,46.715043058,40.211644257,0,40,0.211644257,0.211644257,0,3.475871129,0,3.475871129,1.3968245,0.0603355,0.099396,0.173824638,0.210643874,0.23711,0,0,1.297736617,0,0,0,0.183567768,0.183567768,0,2.34290900400001,2.34290900400001,2.34290900400001,0,0,0.5010509,0.5010509,0
2009-01-01,2009,"Q1","2008/09","Q3","January",295.665380924,292.638740308,292.638740308,65.105620082,44.210411792,5.239037549,0,9.892597977,0.961150561,4.207977876,0.594444327,193.012426957,99.454180923,63.142421564,29.720440903,12.631789622,-6.040471166,86.096222065,8.991029015,52.01669378,25.08849927,0.091419653,0,0.091419653,7.370604316,3.534370276,0.732846886,3.103387154,0,32.575487726,27.382506197,5.071925411,0,0,,0.121056118,1.945205543,0,0,0,3.026640616,0.348423963,0,0,0.348423963,0.348423963,0,2.296648252,0,2.296648252,1.360139067,0.03578015,0.0874917,0.1767922,0.217186306,0.26117,0,0,0.158088829,0,0,0,0.140377501,0.140377501,0,0,0,0,0,0,0.2411909,0.2407709,0.00042
2009-02-01,2009,"Q1","2008/09","Q3","February",317.130856289,310.101446915,310.101446915,78.123289132,44.58286956,3.01507375,0,22.419536329,0.620442275,6.949442932,0.535924286,192.317860935,110.240013492,75.8426677,31.668234553,13.44075123,-10.711639991,74.483411343,9.36321917,45.81625967,19.303932503,0.083455248,0,0.083455248,7.510980852,3.715795572,0.813312144,2.981873136,0,37.902750791,32.146245978,5.668192009,0,0,,0.088312804,1.757546057,0,0,0,7.029409374,0.342997985,0,0,0.342997985,0.342997985,0,2.254610056,0,2.254610056,1.616801625,0.02771,0.0970495,0.249826931,0,0.263222,0,0,0,0,0,0,0.159907118,0.159907118,0,4.099855225,4.099855225,4.099855225,0,0,0.172038990000001,0.172038990000001,0
2009-03-01,2009,"Q1","2008/09","Q3","March",329.173600147,323.146083083,323.146083083,87.040094824,56.111643002,9.70712281,0,13.309845295,1.379155354,5.513359956,1.018968407,198.259497206,100.586284302,64.577778486,31.711537461,12.891517242,-8.594548887,89.926013974,10.578253066,57.45474684,21.893014068,0.091652008,0,0.091652008,7.655546922,4.443703722,1.025288392,2.186554808,0,36.069919208,30.710093994,5.259782998,0,0,,0.100042216,1.776811518,0,0,-0.000239673,6.027517064,0.027925927,0,0,0.027925927,0.027925927,0,2.208522636,0,2.208522636,1.655302996,0.04543895,0.097748,0.16444269,0,0.24559,0,0,0,0,0,0,0.18587586,0.18587586,0,3.497090433,3.497090433,3.497090433,0,0,0.108102208,0.108102208,0
2009-04-01,2009,"Q2","2008/09","Q4","April",299.656991083,293.040652938,293.040652938,80.90803699,54.684197865,6.630452362,0,14.490093827,0.875323151,3.548248292,0.679721493,174.891659398,91.170592239,60.996092219,31.431045725,11.54019327,-12.796738975,77.196442379,9.619851223,45.44800085,22.128590306,0.091087809,0,0.091087809,6.433536971,3.617049896,0.950850205,1.86563687,0,34.817749337,29.655225284,5.122168802,0,0,,0.040355251,2.429844565,0,0,-0.006637352,6.616338145,0.741119718,0,0.4488,0.292319718,0.292319718,0,3.036399684,0,3.036399684,1.521134675,0.0843701,0.1355017,0.281956808,0.780566401,0.23287,0,0,0,0,0,0,0.284635508,0.284635508,0,1.856318485,1.856318485,1.856318485,0,0,0.69786475,0.69381475,0.00405
2009-05-01,2009,"Q2","2008/09","Q4","May",314.248848454,305.755766432,305.755766432,83.852021586,52.277758862,6.420273181,0,17.896688786,1.159069354,4.674547667,1.423683736,185.496394242,95.10457136,56.090416619,30.495828357,16.537428397,-8.019102013,83.63424186,10.216406351,53.85755541,19.560280099,0.091236354,0,0.091236354,6.666344668,3.657214023,0.931072053,2.078058592,0,34.404731358,29.037588741,5.326203041,0,0,,0.040939576,2.002619246,0,0,0,8.493082022,3.596447841,0,3.349122129,0.247325712,0.247325712,0,4.434595477,0,4.434595477,1.5350631,0.0292835,0.1012533,0.177137247,0.304943303,0.25065,0,0,2.036265027,0,0,0,0.192792741,0.192792741,0,0.123533468000005,0.123533468000005,0.123533468000005,0,0,0.145712495,0.145712495,0
2009-06-01,2009,"Q2","2008/09","Q4","June",431.705988948,417.753179721,417.753179721,179.542805679,56.957002296,89.84865311,0,22.190516685,1.865020355,6.64081287,2.040800363,197.854315681,109.473055368,67.996855816,39.463431329,13.69124483,-11.678476607,80.739074356,10.724065892,49.58215434,20.432854124,0.119889727,0,0.119889727,7.52229623,4.556435237,1.030910291,1.934950702,0,38.65383778,32.889382941,5.746654616,0,0,,0.017800223,1.949915163,0,0,-0.247694582,13.952809227,1.617495272,0,1.47,0.147495272,0.147495272,0,8.536793858,0,8.536793858,2.22671975,0.0644819,0.1052575,0.211517383,1.135345837,0.30191,0,0,4.491561488,0,0,0,0.302610856,0.302610856,0,3.287943301,3.287943301,3.287943301,0,0,0.20796594,0.20796594,0
2009-07-01,2009,"Q3","2009/10","Q1","July",331.60037203,327.061445641,327.061445641,82.25159503,45.671421136,6.357460277,0,17.17884298,0.989702667,5.879919487,6.174248483,205.184516934,107.729576778,71.183682093,29.199911375,16.069926981,-8.723943671,88.518934501,11.399039508,55.50913609,21.610758903,0.118952262,0,0.118952262,8.817053393,5.662880128,1.164305056,1.989868209,0,37.83754092,31.176676236,6.637908558,0,0,,0.022956126,1.787792757,0,0,0,4.53892638900001,0.271929,0,0,0.271929,0.271929,0,2.915243764,0,2.915243764,2.220837375,0.062001,0.1145275,0.233023089,0,0.2848548,0,0,0,0,0,0,0.301668516,0.301668516,0,0.524904000000006,0.524904000000006,0.524904000000006,0,0,0.525181109,0.525181109,0
2009-08-01,2009,"Q3","2009/10","Q1","August",328.711779503,324.842331682,324.842331682,83.612857885,56.627132987,4.885287608,0,16.865519047,1.039266021,3.327942499,0.867709723,206.533436839,114.250532532,65.37423683,47.149117837,8.410318175,-6.68314031,83.04294129,10.518810919,50.77426413,21.749866241,0.139300228,0,0.139300228,9.100662789,5.69897471,1.503895364,1.897792715,0,32.637205364,26.766709929,5.850942924,0,0,,0.019552511,2.06602845,0,0,-0.007196856,3.869447821,0.165240034,0,0,0.165240034,0.165240034,0,2.501958095,0,2.501958095,1.8314705,0.0475946,0.098654,0.251938995,0,0.2723,0,0,0,0,0,0,0.247563226,0.247563226,0,0,0,0,0,0,0.954686466,0.945799066,0.0088874
2009-09-01,2009,"Q3","2009/10","Q1","September",334.979367845,324.290799691,324.290799691,81.635567166,51.185218279,7.396301748,0,16.959123738,0.765055451,4.557576694,0.772291256,205.410147273,115.162898289,60.725476012,39.275201822,22.866357668,-7.704137213,82.682812049,9.917792829,49.60633047,23.15868875,0.154579596,0,0.154579596,7.409857339,4.438093119,1.071904986,1.899859234,0,35.312464704,29.491256801,5.810997388,0,0,,0.010210515,1.969587218,0,0,-0.03696667,10.688568154,0.157957255,0,0,0.157957255,0.157957255,0,3.361496663,0,3.361496663,1.460767125,0.0331165,0.1612678,1.467045238,0,0.2393,0,0,0,0,0,0,0.251660753,0.251660753,0,6.735568128,6.735568128,6.735568128,0,0,0.181885355,0.181885355,0
2009-10-01,2009,"Q4","2009/10","Q2","October",309.192689811,305.738492223,305.738492223,72.952235614,50.308298576,4.19414546,0,12.723407445,0.681818309,4.597285458,0.447280366,195.417247836,105.660915155,61.882782423,33.726665314,17.738326909,-7.686859491,81.23191637,9.120779522,50.52590971,21.585227138,0.116541493,0,0.116541493,8.407874818,5.371799767,1.130722928,1.905352123,0,35.376888377,29.522217844,5.84425001,0,0,,0.010420523,1.997706489,0,0,-0.005586093,3.454197588,0.519217296,0,0,0.519217296,0.519217296,0,2.489354527,0,2.489354527,1.826509182,0.0436097,0.15677,0.136325645,0,0.32614,0,0,0,0,0,0,0.284948535,0.284948535,0,0,0,0,0,0,0.16067723,0.16067723,0
2009-11-01,2009,"Q4","2009/10","Q2","November",308.326058131,304.563714207,304.563714207,80.22450381,45.924839428,4.964068091,0,17.79296768,0.733144342,6.741498248,4.067986021,188.604190243,100.646385045,57.144777489,31.639139219,19.566619707,-7.70415137,80.443478395,9.485569167,48.73146664,22.226442588,0.133317175,0,0.133317175,7.381009628,5.005527048,0.634705669,1.740776911,0,32.559027905,27.056398326,5.497853375,0,0,,0.004776204,3.175992249,0,0,0,3.762343924,0.309994925,0,0,0.309994925,0.309994925,0,3.034588879,0,3.034588879,2.307240924,0.03679905,0.1190917,0.168077205,0,0.40338,0,0,0,0,0,0,0.17739587,0.17739587,0,0,0,0,0,0,0.24036425,0.24036425,0
2009-12-01,2009,"Q4","2009/10","Q2","December",495.738282368,486.601772641,486.601772641,233.126856598,61.050001974,147.945704191,0,14.654151247,2.4521213,5.187832234,1.837045652,211.321202232,114.632812856,68.033556956,34.879759754,19.442195783,-7.722699637,87.922349304,10.175883783,55.44301791,22.303447611,0.144452568,0,0.144452568,8.621587504,5.775067633,1.123351777,1.723168094,0,39.948818196,33.605480617,6.332499757,0,0,,0.010837822,2.241481072,0,0,-0.036585457,9.136509727,0.36159,0,0,0.36159,0.36159,0,5.581055723,0,5.581055723,1.9144,0.072144,0.135118,0.764544,1.690160088,0.408915,0,0,0.595774635,0,0,0,0.165926,0.165926,0,2.867813004,2.867813004,2.867813004,0,0,0.160125,0.160125,0
2010-01-01,2010,"Q1","2009/10","Q3","January",356.488348791,349.263016514,349.263016514,92.634922298,47.443969819,16.876597782,0,18.94257606,0.340188674,8.373069497,0.658520466,225.362875786,123.950153371,53.348899404,65.216063386,13.089345737,-7.704155156,92.444316476,7.676532996,56.28875838,28.4790251,0.072197721,0,0.072197721,8.896208218,4.90045542,0.829290729,3.166462069,0,29.471950863,24.572369194,4.889912938,0,0,,0.009668731,1.793967895,0,0,-0.000700328,7.225332277,0.25982918,0,0,0.25982918,0.25982918,0,2.389607838,0,2.385407838,1.45975173,0.15965945,0.097072,0.220851458,0,0.4480732,0,0,0,0.0042,0.0042,0,0.134537881,0.134537881,0,4.311167778,4.311167778,4.311167778,0,0,0.1301896,0.1301896,0
2010-02-01,2010,"Q1","2009/10","Q3","February",315.171225233,310.615286077,310.615286077,85.29571526,52.642751296,4.751670044,0,12.061649564,0.506945027,4.270469655,11.062229674,182.704534643,101.442597921,59.23932742,37.90707662,12.00033121,-7.704137329,73.150966609,3.766930853,49.60580909,19.778226666,0.070134411,0,0.070134411,8.040835702,4.818331275,0.956148786,2.266355641,0,40.840010735,35.631972223,5.202052856,0,0,,0.005985656,1.894585764,0,0,-0.119560325,4.555939156,0.525156272,0,0,0.525156272,0.525156272,0,2.806469936,0,2.806469936,1.804028351,0.16835645,0.1706956,0.256059535,0,0.40733,0,0,0,0,0,0,0.173640718,0.173640718,0,0.524904,0.524904,0.524904,0,0,0.52576823,0.52576823,0
2010-03-01,2010,"Q1","2009/10","Q3","March",348.364829241,338.00323974,338.00323974,92.624996984,66.287945805,8.503678464,0,13.293207728,0.637316342,3.264469287,0.638379358,212.242585979,116.444546113,66.070907727,46.595328583,11.482483961,-7.704174158,86.389734717,11.367434647,53.52371468,21.49858539,0.189495486,0,0.189495486,9.218809663,5.913515479,1.141250393,2.164043791,0,31.056406589,25.312624675,5.739586408,0,0,,0.004195506,2.304891205,0,0,-0.225641017,10.361589501,3.891240969,0,3.43,0.461240969,0.461240969,0,3.219969409,0,3.219969409,2.19815242,0.094597548,0.1494242,0.287461241,0,0.490334,0,0,0,0,0,0,0.227803614,0.227803614,0,2.736455778,2.736455778,2.736455778,0,0,0.286119731,0.286119731,0
2010-04-01,2010,"Q2","2009/10","Q4","April",354.895354544,351.196177366,351.196177366,97.578528623,59.461403637,15.343623037,0,16.00993467,0.930663147,5.31019095,0.522713182,218.302647253,117.443358092,67.687879037,47.61188471,9.847779623,-7.704185278,92.338203843,9.675560729,59.30574773,23.356895384,0.317102601,0,0.317102601,8.203982717,5.279039632,0.870338572,2.054604513,0,33.396796914,28.207906524,5.176265088,0,0,,0.012625302,2.22528674,0,0,-0.307082164,3.699177178,0.326283567,0,0,0.326283567,0.326283567,0,2.918103631,0,2.918103631,2.021674141,0.0354653,0.109395,0.32085719,0,0.430712,0,0,0,0,0,0,0.171737035,0.171737035,0,0,0,0,0,0,0.283052945,0.277114035,0.00593891
2010-05-01,2010,"Q2","2009/10","Q4","May",352.635866471,346.645602882,346.645602882,99.631352004,58.744761058,4.762499527,0,22.058601383,0.452361028,8.259086456,5.354042552,210.272191999,111.138695702,64.448508372,46.326935174,10.05419192,-9.690939764,90.127229509,10.233400822,57.132213,22.761615687,0.177860157,0,0.177860157,8.828406631,5.835638997,0.917636034,2.0751316,0,34.481909945,28.820878881,5.656975358,0,0,,0.004055706,2.292931972,0,0,-0.032783038,5.990263589,2.323496021,0,1.96,0.363496021,0.363496021,0,2.897619817,0,2.897619817,2.037380754,0.061925898,0.1015358,0.222325365,0,0.474452,0,0,0,0,0,0,0.225024326,0.225024326,0,0,0,0,0,0,0.544123425,0.374603875,0.16951955
2010-06-01,2010,"Q2","2009/10","Q4","June",483.490234297,436.863420936,436.863420936,199.633487884,62.572092287,89.397715292,0,34.251624519,0.57644237,6.884553285,5.951060131,196.751941778,100.713834043,68.258448466,43.425729479,7.890310315,-18.860654217,86.825793514,9.420164306,51.78921505,25.616414158,0.235341019,0,0.235341019,8.976973202,5.396956996,1.029157868,2.550858338,0,37.966009775,32.017355188,5.942166832,0,0,,0.006487755,2.505795161,0,0,0.006186338,46.626813361,6.169778662,0.00020316,5.832437102,0.3371384,0.3371384,0,11.725520823,0,11.725520823,2.238589875,0.0723473,0.1040188,0.414627826,0.266184609,0.427622,0,0,8.202130413,0,0,0,0.224799419,0.224799419,0,28.124836607,28.124836607,28.124836607,0,0,0.38187785,0.36148405,0.0203938
2010-07-01,2010,"Q3","2010/11","Q1","July",438.154627073444,429.211987780444,429.211987780444,152.876787852,47.687863031,33.53406685,0,21.656981638,0.541022269,5.772199469,43.684654595,230.145249314444,133.381296224021,76.364172851021,46.507594152,19.568128427,-9.058599206,87.073547272423,10.991631491423,51.59972268,24.482193101,0.358229759,0,0.358229759,9.332176059,5.87555054,1.02642521,2.430200309,0,43.800727378,36.662794374,7.125765948,0,0,,0.012167056,2.40553451,0,0,-0.016311274,8.942639293,0.186967101,0,0,0.186967101,0.186967101,0,7.019850501,0,7.019850501,2.185731475,0.1285313,0.0932085,0.34661232,1.350820775,0.41718,0,0,2.497766131,0,0,0,0.296140241,0.296140241,0,0,0,0,0,0,1.43968145,1.43968145,0
2010-08-01,2010,"Q3","2010/11","Q1","August",642.856562918,637.451636147,363.589636147,368.122066561,57.371205299,6.13051091800004,273.862,25.003410901,0.165693664,2.820583683,2.768662096,226.601827729,126.90903923,72.970809654,43.529214538,19.465374939,-9.056359901,90.843472234,10.493238335,56.51276746,23.837466439,0.33485423,0,0.33485423,8.514462035,5.085987615,0.948352138,2.480122282,0,40.28651835,33.782914607,6.442407797,0,0,,0.061195946,2.441784049,0,0,-0.000560542,5.404926771,0.480020619,0,0,0.480020619,0.480020619,0,4.227701298,0,4.227701298,2.198862255,0.059678624,0.1017185,0.678973658,0.126205126,0.44532,0,0,0.616943135,0,0,0,0.313010434,0.313010434,0,0,0,0,0,0,0.38419442,0.38419442,0
2010-09-01,2010,"Q3","2010/11","Q1","September",393.825986463,386.917781494,386.917781494,115.79573652,77.960871118,10.174130646,0,18.585040075,0.247224784,7.250414914,1.578054983,226.367369377,122.886029003,77.634945203,41.859966753,12.446868031,-9.055750984,94.416807723,11.987306161,57.13526273,25.294238832,0.352549476,0,0.352549476,8.711983175,5.264423794,0.916906707,2.530652674,0,42.921965997,36.592199784,6.289194248,0,0,,0.040571965,1.842495536,0,0,-0.009785936,6.908204969,0.136186671,0,0,0.136186671,0.136186671,0,5.498876147,0,5.498876147,2.894959905,0.07642181,0.106376,0.292788724,0.813700472,0.44446,0,0,0.870169236,0,0,0,0.221875261,0.221875261,0,0,0,0,0,0,1.05126689,1.05126689,0
2010-10-01,2010,"Q4","2010/11","Q2","October",373.438924743,357.474284868,357.474284868,90.365688591,61.895542367,7.150267218,0,16.882244531,0.262323256,6.275179421,-2.099868202,229.433719184,115.731234703,64.584693187,45.424602448,14.778156715,-9.056217647,102.951584217,10.649459974,66.649365346,25.652758897,0.429809134,0,0.429809134,10.32109113,5.403492009,0.937764149,3.979834972,0,35.374812888,29.02690753,6.23997292,0,0,,0.107932438,2.304049142,0,0,-0.003984937,15.964639875,4.109316405,0,3.92,0.189316405,0.189316405,0,5.43204412,0,5.43204412,3.630525578,0.06580595,0.0974305,0.288309495,0.062682413,0.41877,0,0,0.868520184,0,0,0,0.274441149,0.274441149,0,5.743807401,5.743807401,5.743807401,0,0,0.405030799999999,0.405030799999999,0
2010-11-01,2010,"Q4","2010/11","Q2","November",385.552003502,380.423237083,380.423237083,96.42542227,67.928381724,5.194991322,0,14.744826833,0.164841347,8.041741214,0.35063983,235.175513124,125.411331533,77.607705001,47.261197625,9.59996674,-9.057537833,100.148017018,12.419164778,64.183468443,23.545383797,0.329173174,0,0.329173174,9.286991399,5.770469701,0.980899075,2.535622623,0,45.608862171,38.802794133,6.4858819,0,0,,0.320186138,3.223666312,0,0,-0.010226794,5.128766419,0.488382691,0,0,0.488382691,0.488382691,0,4.169881014,0,4.169881014,1.919109911,0.03678065,0.109184,0.470628495,0.329581275,0.50871,0,0,0.795886683,0,0,0,0.332117555,0.332117555,0,0.047655859,0.047655859,0.047655859,0,0,0.0907292999999993,0.0907292999999993,0
2010-12-01,2010,"Q4","2010/11","Q2","December",551.295326445,545.154938024,545.154938024,254.753068246,74.05808625,157.488036325,0,17.907533185,0.280478292,2.929233294,2.0897009,234.772187638,118.766993848,85.459962922,49.222418373,14.268482738,-30.183870185,105.255648923,13.065156715,66.067013948,26.12347826,0.365356336,0,0.365356336,10.384188531,6.019482249,0.852254775,3.512451507,0,52.775807714,44.018089726,7.558173064,0,0,,1.199544924,2.856281475,0,0,-0.002407049,6.140388421,0.578902897,0,0,0.578902897,0.578902897,0,4.600456004,0,4.600456004,2.137669736,0.18056615,0.121565,0.402933483,0.285849017,0.421766,0,0,1.050106618,0,0,0,0.29882287,0.29882287,0,0.524904,0.524904,0.524904,0,0,0.13730265,0.13730265,0
2011-01-01,2011,"Q1","2010/11","Q3","January",453.281570675,447.822765102,447.822765102,138.9381121,72.792840067,13.922635013,0,42.197889335,0.190521805,6.507426366,3.326799514,262.490024147,140.046754418,92.475909003,56.216970852,5.182783521,-13.828908958,109.418025774,10.500082103,65.869429162,33.048514509,0.426852878,0,0.426852878,12.598391077,5.790641012,0.978005176,5.829744889,0,44.104802135,35.819054781,6.765892871,0,0,,1.519854483,2.373651577,0,0,-0.083824857,5.458805573,0.149267064,0,0,0.149267064,0.149267064,0,4.105401189,0,4.105401189,2.1205796,0.22313284,0.095865,0.260157099,0.342458468,0.4304941,0,0,0.632714082,0,0,0,0.26989457,0.26989457,0,0.524904000000001,0.524904000000001,0.524904000000001,0,0,0.40933875,0.40933875,0
2011-02-01,2011,"Q1","2010/11","Q3","February",376.352962917,371.752084446,371.752084446,90.929464793,52.092022605,19.772123059,0,12.868669062,0.241345553,5.90774945,0.047555064,233.590263179,127.506172407,84.783470287,51.41111207,4.882755661,-13.571165611,93.401696014,12.572258662,55.375485514,25.453951838,0.530285053,0,0.530285053,12.152109705,4.32592338,0.792414895,7.03377143,0,43.919414294,36.174617958,6.497578974,0,0,,1.247217362,3.316445979,0,0,-0.003503799,4.600878471,1.037413664,0,0,1.037413664,1.037413664,0,2.642396669,0,2.642396669,0.806490573,0.0297091,0.080535,0.960707519,0.228899463,0.274378,0,0,0.261677014,0,0,0,0.261781916,0.261781916,0,0.533036357,0.533036357,0.533036357,0,0,0.126249865,0.126249865,0
2011-03-01,2011,"Q1","2010/11","Q3","March",423.076889492,412.347025918,412.347025918,124.974786027,88.163764383,10.42004012,0,21.087158293,0.221242056,4.764001788,0.318579387,240.613855383,125.327812081,80.067148108,51.456413566,7.335455102,-13.531204695,104.933969858,10.318712656,67.770131677,26.845125525,0.540983802,0,0.540983802,9.811089642,5.81515538,1.09524588,2.900688382,0,43.998257313,34.878377468,7.838735097,0,0,,1.281144748,2.761644704,0,0,-0.001517509,10.729863574,2.57889,0,2.572,0.00689,0.00689,0,4.694947526,0,4.694947526,0.508084504,0.104720004,0.120502834,0.489565049,1.555502678,1.471858369,0,0,0.444714088,0,0,0,0.554669775,0.554669775,0,2.736455778,2.736455778,2.736455778,0,0,0.164900495,0.164900495,0
2011-04-01,2011,"Q2","2010/11","Q4","April",1342.088143049,1337.448644095,418.600644095,1044.139188166,68.594206561,20.938168452,918.848,25.476362188,0.168010604,8.37140822,1.743032141,242.380572538,138.932069281,87.023567791,54.319968439,6.646289279,-9.057756228,94.428124165,11.779305662,56.152853733,26.49596477,0.3406306,0,0.3406306,8.679748492,4.943705741,0.994137829,2.741904922,0,48.476712495,41.364580798,6.286193441,0,0,,0.825938256,2.456748789,0,0,-0.004577893,4.639498954,1.008935011,0,0,1.008935011,1.008935011,0,3.396913773,0,3.396913773,0.726266376,0.23815317,0.277835567,0.436355567,0.335778098,0.668878883,0,0,0.713646112,0,0,0,0.606781779,0.606781779,0,0,0,0,0,0,-0.373131609,-0.373131609,0
2011-05-01,2011,"Q2","2010/11","Q4","May",431.389864454,425.209601374,425.209601374,112.967515688,73.682123585,4.976637869,0,23.143241348,0.1729274,9.897913793,1.094671693,260.495619748,142.722276745,87.623024773,58.643900917,5.512641055,-9.05729,104.059823602,12.642186142,63.206075717,28.211561743,0.460432388,0,0.460432388,13.253087013,6.184618749,1.068480153,5.999988111,0,48.667207556,39.544705472,8.27541709,0,0,,0.847084994,3.079258382,0,0,0,6.18026308,1.480692,0.738196,0.738196,0.0043,0.0043,0,3.114339095,0,3.114339095,0.999869498,0.09459395,0.1377825,0.303484622,0.616640335,0.547332,0,0,0.41463619,0,0,0,0.522462039,0.522462039,0,-0.676258667999996,-0.676258667999996,-0.676258667999996,0,0,1.739028614,1.739028614,0
2011-06-01,2011,"Q2","2010/11","Q4","June",590.658302929,575.695356569,575.695356569,262.748213559,83.417443794,129.885208072,0,35.191957666,0.249120873,5.030359524,8.97412363,259.817699657,149.570840873,99.925626737,47.753673337,10.947262687,-9.055721888,98.578135856,13.641521353,58.361824806,26.574789697,0.325375663,0,0.325375663,11.343347265,6.941860898,1.23232068,3.169165687,0,50.180541706,40.753166994,8.96080625,0,0,,0.466568462,2.956875654,0,0,-0.007974007,14.96294636,7.758846198,0.46352459,2.42352459,4.871797018,4.871797018,0,6.366344343,0,6.366344343,1.529664676,0.0505104,0.120804,0.333873417,2.361061115,0.54356,0,0,1.426870735,0,0,0,0.398258536,0.398258536,0,0.0787897969999981,0.0787897969999981,0.0787897969999981,0,0,0.360707486,0.360707486,0
2011-07-01,2011,"Q3","2011/12","Q1","July",407.608598264,402.145892862,402.145892862,92.727533379,55.131482793,9.335463843,0,20.436761191,0.126930085,7.469194008,0.227701459,254.01881428,142.035313077,97.99393354,55.959367479,5.375314298,-17.29330224,101.532144348,13.220608795,60.419392479,27.892143074,0.406957965,0,0.406957965,10.04439889,5.712210705,1.208088143,3.124100042,0,52.859264365,41.733330994,10.985225051,0,0,,0.14070832,2.545280838,0,0,-0.005,5.462705402,0.217726617,0,0,0.217726617,0.217726617,0,3.907358492,0,3.907358492,1.250722885,0.0472891,0.108146,0.471214312,0.589806984,0.46993,0,0,0.970249211,0,0,0,0.359355442,0.359355442,0,0.524903999999999,0.524903999999999,0.524903999999999,0,0,0.453360851,0.453360851,0
2011-08-01,2011,"Q3","2011/12","Q1","August",491.462729179,485.320682134,485.320682134,142.644712979,88.855675081,6.555808224,0,43.697167279,0.076713084,4.218478458,-0.759129147,286.196234311,162.846756119,104.954068193,58.068599073,4.899119947,-5.075031094,112.211336452,13.047756464,70.760029224,28.403550764,0.473347092,0,0.473347092,10.664794648,6.12973465,1.291524055,3.243535943,0,53.724323987,43.108804721,10.615519266,0,0,,0,2.755410857,0,0,0,6.142047045,0.815864823,0,0,0.815864823,0.815864823,0,3.414635193,0,3.414635193,1.641990428,0.03820605,0.105845,0.00497975,0.106416993,0.48884,0,0,1.028356972,0,0,0,0.311129593,0.311129593,0,0.524903999999999,0.524903999999999,0.524903999999999,0,0,1.075513436,1.075513436,0
2011-09-01,2011,"Q3","2011/12","Q1","September",470.86845183,466.374990233,466.374990233,125.967019194,73.028372123,14.230700181,0,24.640712198,0.070477625,10.216636726,3.780120341,283.596610238,158.540385361,102.146382995,60.095925583,7.482243444,-11.184166661,114.039248132,15.625450234,68.062034765,30.351763133,0.367955307,0,0.367955307,10.649021438,6.005586372,1.158497305,3.484937761,0,53.856910643,43.076297092,10.653023364,0,0,,0.127590187,2.954450158,0,0,0,4.493461597,0.375622421,0,0,0.375622421,0.375622421,0,3.097756444,0,3.097756444,1.441399335,0.03355478,0.109888,0.0047088,0.128628181,0.44714,0,0,0.932437348,0,0,0,0.322594003,0.322594003,0,0,0,0,0,0,0.697488729,0.697488729,0
2011-10-01,2011,"Q4","2011/12","Q2","October",464.23504146,450.314210761,450.314210761,112.287686249,78.298083889,6.894040892,0,22.582637049,0.050210489,7.111834077,-2.649120147,283.978521278,168.01118533,93.735757074,75.366309014,14.367329779,-15.458210537,102.472250904,12.730810096,59.801011316,29.940429492,0.570129818,0,0.570129818,12.924955226,4.976556455,1.07569234,6.872706431,0,51.292499863,40.695908995,10.572873087,0,0,,0.023717781,2.755569913,0,0,-6.6542e-05,13.920830699,4.323736675,0,3.92,0.403736675,0.403736675,0,3.193546062,0,3.193546062,1.649067501,0.10676287,0.09819,0.0016315,0.502939955,0.41332,0,0,0.421634236,0,0,0,0.469914126,0.469914126,0,5.079233556,5.079233556,5.079233556,0,0,0.85440028,0.85440028,0
2011-11-01,2011,"Q4","2011/12","Q2","November",468.018462136,462.383425592,462.383425592,115.45567929,77.923183131,7.302276236,0,23.432340291,0.034248571,6.596435098,0.167195963,294.069543675,150.891033585,95.176358802,58.309566856,9.854610514,-12.449502587,133.948186028,13.319097661,91.19374239,29.435345977,0.475481918,0,0.475481918,8.754842144,4.578702007,1.11906395,3.057076187,0,50.378219218,38.77613017,11.465454219,0,0,,0.136634829,2.486016009,0,0,-0.0060326,5.635036544,1.063512419,0,0,1.063512419,1.063512419,0,3.540724125,0,3.540724125,1.813629799,0.03270141,0.113816,0.0093534,0.774425066,0.66731,0,0,0.12948845,0,0,0,0.329735235,0.329735235,0,0,0,0,0,0,0.701064765,0.701064765,0
2011-12-01,2011,"Q4","2011/12","Q2","December",669.251343645,660.964252328,660.964252328,330.731644512,83.548941848,220.083037247,0,21.478838009,0.043123204,5.164655296,0.413048908,284.134293164,130.339143968,76.809634264,57.065000521,13.603634948,-17.139125765,145.067704856,15.864524011,99.876941242,29.326239603,0.44638442,0,0.44638442,8.28105992,4.373608432,0.837268115,3.070183373,0,42.640502421,32.480304958,10.160197463,0,0,,0,3.45793579,0,0,-0.000123559,8.287091317,0.962087545,0,0.393280436,0.568807109,0.568807109,0,6.380931641,0,6.380931641,3.547840138,0.031047,0.103374,0.0086619,0.533351815,0.43351,0,0,1.723146788,0,0,0,0.250999597,0.250999597,0,0,0,0,0,0,0.693072534,0.693072534,0
2012-01-01,2012,"Q1","2011/12","Q3","January",518.913322751,510.259603921,510.259603921,136.9704695,89.0590282,14.189380444,0,24.646024988,0.043219681,8.572904199,0.459911988,325.916050632,157.061515801,86.096203414,68.233043983,11.807069434,-9.07480103,159.447035406,13.986417407,108.17219521,37.288422789,0.423756732,0,0.423756732,8.983742693,4.481728947,1.022275538,3.479738208,0,45.180453833,35.449611819,9.588325574,0,0,,0.14251644,2.192629956,0,0,0,8.65371883,1.600960113,0.023435694,1.2,0.377524419,0.377524419,0,5.742214431,0,5.742214431,3.684479899,0.027304279,0.075577,0.0231608,0.240511879,0.54313,0,0,1.148050574,0,0,0,0.217888947,0.217888947,0,0,0,0,0,0,1.092655339,1.092655339,0
2012-02-01,2012,"Q1","2011/12","Q3","February",806.908583885,793.935959449,474.435764205,448.069208758,84.413820476,11.180172431,319.500195244,27.173714466,0.03220944,5.740263144,0.028833557,301.41854256,148.302152199,86.467961661,59.807776464,23.004541195,-20.978127121,143.389102531,14.839279195,94.57353663,33.976286706,0.44497233,0,0.44497233,9.2823155,5.180622383,1.046826,3.054867117,0,42.26337244,32.859722444,9.403649996,0,0,,0,2.184835691,0,0,0,12.972624436,1.194223184,0,0,1.194223184,1.194223184,0,10.674010561,0,10.674010561,3.773464385,0.01744195,0.100859,0.0134348,1.130932435,0.58718,0,0,5.050697991,0,0,0,0.289191311,0.289191311,0,0,0,0,0,0,0.815199380000001,0.815199380000001,0
2012-03-01,2012,"Q1","2011/12","Q3","March",569.085069368,560.309859397,487.470552235,215.112056481,86.834372128,20.247481382,72.839307162,23.339318238,0,10.706520854,1.145056717,295.371318082,156.123354651,96.960562543,59.072547351,17.266157716,-17.175912959,128.718391209,18.920902458,79.066041205,30.731447546,0.536855869,0,0.536855869,9.992716353,5.656326233,1.19532189,3.14106823,0,48.064291649,39.290881212,8.758766913,0,0,,0.014643524,1.762193185,0,0,0,8.775209971,0.43517509,0,0,0.43517509,0.43517509,0,6.915214003,0,6.910558604,3.950573517,0.0257693,0.091387,0.0101282,0.675212414,0.53544,0,0,1.622048173,0.004655399,0.004655399,0,0.408041736,0.408041736,0,0,0,0,0,0,1.016779142,1.016779142,0
2012-04-01,2012,"Q2","2011/12","Q4","April",494.336334393,483.83845026,483.83845026,137.227593936,91.880032867,13.108786476,0,22.232140652,0,9.979734378,0.026899563,287.908596033,182.287904695,101.207645198,84.342796952,11.669097193,-14.931634648,96.182604566,14.898938376,58.350104626,22.933561564,0.450706049,0,0.450706049,8.987380723,4.993103509,1.049546445,2.944730769,0,54.230144601,46.224437584,8.005707017,0,0,,0,4.47211569,0,0,0,10.497884133,3.005530838,0.009506704,1.65,1.346024134,1.346024134,0,6.019505496,0,6.019105497,3.805628457,0.03097655,0.116233,0.0215173,0.299503888,0.442242,0,0,1.303004302,0.000399999,0.000399999,0,0.498544973,0.498544973,0,0,0,0,0,0,0.974302825999999,0.974302825999999,0
2012-05-01,2012,"Q2","2011/12","Q4","May",508.90854045,499.635643723,499.635643723,131.020322238,81.112627988,6.354491074,0,30.016354838,0,13.320491596,0.216356742,301.422469271,182.823768552,107.394902761,70.919835144,18.23718633,-13.728155683,108.374465993,16.734307734,58.961072567,32.679085692,0.350525021,0,0.350525021,9.873709705,5.30115859,1.243929,3.328622115,0,63.915202817,53.963655611,9.951547206,0,0,,0,3.776292617,0,0,-0.49864322,9.272896727,0.45047437,0,0,0.45047437,0.45047437,0,6.545918229,0,6.545918229,3.043353888,0.0391291,0.171946,0.0127678,1.980772748,0.50128,0,0,0.796668693,0,0,0,0.334224891,0.334224891,0,0.524903999999999,0.524903999999999,0.524903999999999,0,0,1.417375237,1.417375237,0
2012-06-01,2012,"Q2","2011/12","Q4","June",764.589356738,752.791917273,752.791917273,390.63390187,106.847706991,224.445780086,0,45.244523166,0,13.173407698,0.922483929,294.520739997,182.09447006,106.627896509,68.03234145,21.432547375,-13.998315274,100.589434108,17.520612859,53.789459664,29.279361585,0.444522533,0,0.444522533,11.392313296,6.397078584,1.271554067,3.723680645,0,65.070022207,54.753217014,10.316680889,0,0,,0.000124304,2.567253199,0,0,0,11.797439465,3.353961065,0.013140283,2.929043084,0.411777698,0.411777698,0,6.740917274,0,6.740917274,4.479935673,0.02194815,0.1247755,0.0192685,0.299810731,0.54694,0,0,1.24823872,0,0,0,0.40178807,0.40178807,0,0,0,0,0,0,1.300773056,1.274871046,0.02590201
2012-07-01,2012,"Q3","2012/13","Q1","July",536.29970263,523.858411641,523.858411641,161.066664773,73.25083309,18.596971699,0,56.505914135,0,12.708997049,0.0039488,290.389623812,175.824004346,106.672252407,64.310383928,19.899368011,-15.058,104.434375876,13.677325366,61.36212852,29.39492199,0.419542161,0,0.419542161,9.711701429,4.5757103,1.324978445,3.811012684,0,65.719574714,47.661775844,18.05779887,0,0,,0,6.682548342,0,0,0,12.441290989,0.65639842,0,0,0.65639842,0.65639842,0,9.50264426,0,9.50264426,5.191696847,0.04949275,0.108863,0.019406,1.573106916,0.73225,0,0,1.827828747,0,0,0,0.322104303,0.322104303,0,0.524904,0.524904,0.524904,0,0,1.435240006,1.435240006,0
2012-08-01,2012,"Q3","2012/13","Q1","August",540.54366439671,516.15184313571,516.15184313571,142.686872199,92.603756703,6.380850526,0,25.842401895,0,17.663175527,0.196687548,318.071132987796,190.198376069633,107.273892322633,75.647761607,22.121456428,-14.844734288,117.00833107418,17.6725104861797,69.74952474,29.586295848,0.555207652,0,0.555207652,10.3092181919836,5.6865191,1.28703389,3.33566520198355,0,53.5757323099137,44.7213059769137,8.854426333,0,0,,0,1.818105639,0,0,0,24.391821261,0.646460069,0,0,0.646460069,0.646460069,0,7.765477051,0,7.765477051,5.417498814,0.0280773,0.100015,0.0413275,0.620720888,0.58584,0,0,0.971997549,0,0,0,0.274164818,0.274164818,0,14.210983749,14.210983749,0,14.210983749,0,1.494735574,1.494735574,0
2012-09-01,2012,"Q3","2012/13","Q1","September",523.403793789,515.367143185,515.367143185,152.334778996,86.103377482,24.789867453,0,24.6683269,0,17.182474894,-0.409267733,302.288128678722,175.274688264547,90.0506856215468,71.964453889,28.530814466,-15.271265712,116.165353950175,17.1030190122871,62.9203506568884,36.141984281,0.523191646,0,0.523191646,10.324894818,4.95028814,1.21691947,4.157687208,0,58.0694944162778,40.1410973332778,17.928397083,0,0,,0,2.674741094,0,0,0,8.036650604,0.705427167,0,0.188,0.517427167,0.517427167,0,5.28433321,0,5.28433321,3.642437004,0.01576205,0.106623,0.022206793,0.155748935,0.46275,0,0,0.878805428,0,0,0,0.400691997,0.400691997,0,0,0,0,0,0,1.64619823,1.64619823,0
2012-10-01,2012,"Q4","2012/13","Q2","October",549.983705402,500.588655517,500.588655517,144.606639313,86.248693807,10.059570468,0,22.028606147,0,24.486160706,1.783608185,292.20084240749,172.026216932988,87.207818263988,77.291402862,22.584995807,-15.058,109.429216785502,15.893831154104,57.2771864193976,36.258199212,0.581634756,0,0.581634756,10.163773933,5.0201382,1.18472339,3.958912343,0,62.2788326505104,42.9000235965104,19.378809054,0,0,,0,1.502341146,0,0,0,49.395049885,0.85226484,0.001678687,0.05,0.800586153,0.800586153,0,5.854488828,0,5.854488828,3.411884798,0.0117002,0.102378,0.01532035,0.62344963,0.47938,0,0,1.21037585,0,0,0,0.334243484,0.334243484,0,40.14181528,40.14181528,28.715792806,11.426022474,0,2.212237453,2.212237453,0
2012-11-01,2012,"Q4","2012/13","Q2","November",569.400758376,557.458802424,557.458802424,154.272406562,94.79269195,15.893109097,0,27.126770267,0,16.162987597,0.296847651,325.310357175929,195.07389244537,111.63110442537,79.667521932,24.585418709,-20.810152621,118.466762590559,21.9875208385588,60.15208471,36.327157042,0.804520873,0,0.804520873,10.965181267,5.625341229,1.052395073,4.287444965,0,75.849531791071,62.662627729071,13.186904062,0,0,,0,2.026506895,0,0,0,11.941955952,3.945730118,0.000913268,3.6,0.34481685,0.34481685,0,4.362199886,0,4.362199886,3.424357939,0.01895124,0.119726,0.019713429,0.118854218,0.57125,0,0,0.08934706,0,0,0,0.566959426,0.566959426,0,0.918582,0.918582,0.918582,0,0,2.148484522,2.148484522,0
2012-12-01,2012,"Q4","2012/13","Q2","December",778.807886163,763.02842261,763.02842261,383.89058576,102.07161929,239.058906547,0,27.775563319,0,14.652722464,0.33177414,313.230666511321,180.001449939487,85.251504718487,77.11761852,26.93817408,-9.305847379,123.511122651834,20.5231355288338,65.89274845,37.095238673,0.437928503,0,0.437928503,9.280165417,5.068698599,0.891412329,3.320054489,0,64.0844279306792,45.4686289166792,18.615799014,0,0,,0,1.822742408,0,0,0,15.779463553,0.646410725,0,0,0.646410725,0.646410725,0,5.164773252,0,5.164773252,3.19394745,0.0733116,0.1086685,0.0217106,0.252551851,0.50238,0,0,1.012203251,0,0,0,0.396711794,0.396711794,0,7.571250263,7.571250263,0,7.571250263,0,2.000317519,2.000317519,0
2013-01-01,2013,"Q1","2012/13","Q3","January",634.91481125,620.539651288,620.539651288,192.552638506,113.615763573,29.996150272,0,31.907970412,0,16.966917893,0.065836356,367.070437379711,213.11649619435,111.09479860335,94.795658575,22.284039016,-15.058,141.118022030361,21.047099092361,72.44005615,47.630866788,0.745278011,0,0.745278011,12.090641144,5.859747601,1.146657857,5.084235686,0,59.6421065442894,50.9782373642894,8.66386918,0,0,,0,1.274468858,0,0,0,14.375159962,0.387145701,0,0,0.387145701,0.387145701,0,11.029508015,0,11.029508015,2.552951859,0.001252,0.090267,0.017542,0.30267791,0.600592136,0,0,7.46422511,0,0,0,0.5651476,0.5651476,0,1.049808,1.049808,1.049808,0,0,1.343550646,1.343550646,0
2013-02-01,2013,"Q1","2012/13","Q3","February",586.584005057,576.710936414,576.710936414,159.995944516,95.621273846,10.092969721,0,30.0704365,0,22.248074256,1.963190193,357.072242137057,224.34539934241,106.59118881741,94.544330966,29.932741358,-6.722861799,120.752314868647,15.3889398026467,64.67242579,40.690949276,0.784892445,0,0.784892445,11.189635481,5.710650132,1.050293,4.428692349,0,58.0012367059431,47.9417853719431,10.058422406,0,0,,0.001028928,1.641513055,0,0,0,9.873068643,0.458648622,0,0,0.458648622,0.458648622,0,5.308236571,0,5.308236571,1.781077012,0.091106075,0.10437,0.0268742,0.291702683,1.482467234,0,0,1.530639367,0,0,0,0.524610535,0.524610535,0,1.837367719,1.837367719,0.524904,1.312463719,0,1.744205196,1.744205196,0
2013-03-01,2013,"Q1","2012/13","Q3","March",577.329326824,570.302087776,570.302087776,177.009385642,108.425606234,24.883693503,0,22.323075274,0,18.703885116,2.673125515,331.426186635289,192.67449945517,103.41790271017,79.418503923,24.896092822,-15.058,127.661871745119,14.0956927201185,75.52330166,38.042877365,0.600355402,0,0.600355402,10.489460033,5.143937296,1.069753,4.275769737,0,60.6753032627114,51.4138042537114,9.261499009,0,0,,0,1.191212236,0,0,0,7.027239048,0.437073066,0,0,0.437073066,0.437073066,0,4.841173972,0,4.841173972,2.785219816,0.00855475,0.0948585,0.016132,0.276321746,0.57436,0,0,1.08572716,0,0,0,0.498621123,0.498621123,0,0,0,0,0,0,1.250370887,1.250370887,0
2013-04-01,2013,"Q2","2012/13","Q4","April",590.536402631,582.528476919,582.528476919,174.550322683,116.312379317,13.854612623,0,23.973184317,0,18.230759426,2.179387,343.223722750442,208.381665323422,110.504207367422,74.804417188,37.755579278,-14.68253851,121.67963234902,17.6391767180198,61.51428665,42.526168981,0.842608591,0,0.842608591,12.319816487,7.118772685,1.225477,3.975566802,0,63.0063796705577,53.4292841475577,9.577095523,0,0,,0,1.748051815,0,0,0,8.007925712,0.510854132,0,0,0.510854132,0.510854132,0,5.622707979,0,5.622707979,3.880397307,0.0064655,0.124505,0.018592,0.250001964,0.75444,0,0,0.588306208,0,0,0,0.571526241,0.571526241,0,0,0,0,0,0,1.30283736,1.30283736,0
2013-05-01,2013,"Q2","2012/13","Q4","May",617.590684108,601.411362247,601.411362247,186.531145218,112.690976651,18.218172361,0,31.40296515,0,21.579082508,2.639948548,345.66085169881,204.921303431024,115.826047409024,79.189131088,25.404555902,-15.498430968,127.864226529787,18.3729320457866,71.10217431,38.389120174,0.583937596,0,0.583937596,12.291384142,6.90110124,1.262463,4.127819902,0,67.1899733281898,56.9071138681898,10.28285946,0,0,,0,2.029392002,0,0,0,16.179321861,1.44243472,0,0,1.44243472,1.44243472,0,6.842107752,0,6.842107752,3.503828979,0.0160878,0.139261,0.0205445,0.49509483,0.63871,0,0,2.028580643,0,0,0,0.383737359,0.383737359,0,0,0,0,0,0,7.51104203,7.51104203,0
2013-06-01,2013,"Q2","2012/13","Q4","June",834.94310599395,821.53284984195,821.53284984195,396.601269092,114.767196247,185.810394358,0,65.754884935,0,22.049212737,8.219580815,373.126379506775,221.163724939343,119.009724452343,114.198514875,11.287654335,-23.332168723,138.142790514432,26.2017869584324,72.2298273,39.711176256,0.521983144,0,0.521983144,13.297880909,8.321833693,0.942665773,4.033381443,0,64.6552079292247,54.5092310612247,10.145976868,0,0,,0,2.208522944,0,0,-15.0585296300498,13.410256152,3.593809241,0,3,0.593809241,0.593809241,0,7.594136865,0,7.594136865,2.954949489,0.03002835,0.123072,0.0180006,2.77055139,0.59549,0,0,1.102045036,0,0,0,0.37936674,0.37936674,0,0,0,0,0,0,1.842943306,1.842943306,0
2013-07-01,2013,"Q3","2013/14","Q1","July",612.260431339002,599.450400719002,599.450400719002,165.261393789,99.415234122,13.819230047,0,32.066831047,0,16.012012267,3.948086306,356.769820599264,207.915027517612,110.595044435612,83.026107444999,30.177875637001,-15.884,133.948167991653,17.2334545586505,79.579437777,37.135275656002,0.733834118,0,0.733834118,14.172790972,8.7010118,1.402722,4.069057172,0,74.3615682377377,63.6012629747377,10.447688961,0,0,,0.312616302,3.057618093,0,3.057618093,0,12.81003062,0.583957161,0,0,0.583957161,0.583957161,0,9.948027902,0,9.948027902,5.698196588,0.0132463,0.13115,0.0139449,0.668556755,0.97848,1.006694864,0,1.437758495,0,0,0,0.330517637,0.330517637,0,1.049808,1.049808,1.049808,0,0,0.89771992,0.89771992,0
2013-08-01,2013,"Q3","2013/14","Q1","August",644.143369469,633.931989133,633.931989133,180.586330963,124.074708088,4.96592155,0,27.824630663,0,22.156085127,1.56498553500002,378.297602410896,225.383795899811,124.771096005811,85.14663492,31.319916787,-15.853851813,139.089459960085,15.3360521540846,77.50614934,46.247258466,0.583185288,0,0.583185288,13.241161263,8.234614716,1.171774,3.834772547,0,71.8130888061043,61.2523561751043,10.221496386,0,0,,0.339236245,3.234966953,0,3.234966953,0,10.211380336,0.543395869,0,0,0.543395869,0.543395869,0,8.717848781,0,8.717848781,4.554924484,0.013374,0.121573,0.0038986,0.426606622,1.13302,0.990215129,0,1.474236946,0,0,0,0.280763186,0.280763186,0,0.524904,0.524904,0.524904,0,0,0.1444685,0.1444685,0
2013-09-01,2013,"Q3","2013/14","Q1","September",605.412134569,593.307544461,593.307544461,160.065066021,95.984543557,10.986406936,0,28.463930463,0,16.131755454,8.49842961099999,360.023357613941,192.942983676867,101.592153977867,79.989810767,27.115138507,-15.754119575,155.165558057075,29.4429232090749,76.49362182,49.229013028,0.733382344,0,0.733382344,11.181433536,6.538999789,1.070774,3.571659747,0,70.7229576150586,59.2250163250586,11.127605839,0,0,,0.370335451,2.496163211,0,2.496163211,0,12.104590108,0.58193079,0,0,0.58193079,0.58193079,0,10.444745237,0,10.444745237,3.903172811,0.0335965,0.110926,0.016145267,0.221084572,0.77794,4.778749922,0,0.603130165,0,0,0,0.339400881,0.339400881,0,0,0,0,0,0,0.7385132,0.7385132,0
2013-10-01,2013,"Q4","2013/14","Q2","October",632.22224441,623.481968805,623.481968805,173.658013689,104.912974358,7.491148706,0,32.710230657,0,25.115184421,3.42847554700001,363.128804426519,211.506493915774,118.694794560774,87.214408547,21.641375421,-16.044084613,137.786241209745,15.4210510767451,76.74871836,45.616471773,0.792615494,0,0.792615494,13.043453807,8.185142704,1.0847398,3.773571303,0,83.6272348574806,71.8132089954806,11.406485372,0,0,,0.40754049,3.067915832,0,3.067915832,0,8.740275605,0.98878309,0,0,0.98878309,0.98878309,0,7.143786855,0,7.143786855,2.005259693,0.01471,0.131311,0.0123002,1.736745564,0.73447166,1.125297015,0,1.383691723,0,0,0,0.328862441,0.328862441,0,0,0,0,0,0,0.278843219,0.278843219,0
2013-11-01,2013,"Q4","2013/14","Q2","November",612.130317357,603.417285818,603.417285818,166.800649879,111.052762153,8.407999868,0,29.709809952,0,16.069442871,1.560635035,352.041087546383,207.349710836375,114.229396533375,86.334332373,22.735177107,-15.949195177,131.852036103008,15.6634549500078,76.34951862,39.839062533,0.859390696,0,0.859390696,11.979949911,7.152046601,1.090215445,3.737687865,0,79.203206142617,68.016419698617,10.734782719,0,0,,0.452003725,5.37234225,0,5.37234225,0,8.713031539,0.505577285,0,0,0.505577285,0.505577285,0,7.477531008,0,7.477531008,3.362513702,0.0163014,0.123605,0.0086803,0.453724692,0.79818,2.559074552,0,0.155451362,0,0,0,0.348190046,0.348190046,0,0,0,0,0,0,0.3817332,0.3817332,0
2013-12-01,2013,"Q4","2013/14","Q2","December",820.250727324,810.031953091,810.031953091,387.449020673,117.745305077,192.183486574,0,27.110543469,0,42.334180321,8.07550523199999,351.793765207398,196.778332083972,113.904836314972,78.161977836,20.595517933,-15.884,141.047066024426,21.3145092034262,74.59759216,45.134964661,1.005725095,0,1.005725095,12.962642004,7.882210054,1.01267,4.06776195,0,68.3311941236016,59.1637927296016,8.957425412,0,0,,0.209975982,2.457973087,0,2.457973087,0,10.218774233,0.612363247,0,0,0.612363247,0.612363247,0,8.536576207,0,8.536576207,4.361603635,0.0072081,0.11714,0.013508,0.745276038,0.69958,1.328518183,0,1.263742251,0,0,0,0.346325023,0.346325023,0,0.524904,0.524904,0.524904,0,0,0.198605756,0.198605756,0
2014-01-01,2014,"Q1","2013/14","Q3","January",685.560831555,673.141148473,673.141148473,219.264051491,122.147429432,28.097803328,0,41.11324334,0,25.439223344,2.46635204699997,378.118050249216,217.448916776591,114.179586905591,95.630243382,23.523086489,-15.884,146.213067762626,14.1007314576255,81.338431,50.773905305,0.95929449,0,0.95929449,13.49677122,6.231382559,1.18936689,6.076021771,0,72.5002496227838,60.5372437487838,11.870453749,0,0,,0.092552125,3.25879711,0,3.25879711,0,12.419683082,1.057586025,0,0,1.057586025,1.057586025,0,10.078276776,0,10.078276776,4.354027526,0.0107965,0.11284,0.0225867,0.052675813,1.057669213,2.064254637,0,2.403426387,0,0,0,0.372481539,0.372481539,0,0,0,0,0,0,0.911338742,0.911338742,0
2014-02-01,2014,"Q1","2013/14","Q3","February",655.81498265495,644.95998561995,644.95998561995,173.499311935,116.520152293,5.312488836,0,31.689426916,0,15.251962085,4.72528180499998,403.782535269547,227.806061686652,111.429607106651,102.10633194,30.15412264,-15.884,162.227307828896,17.8568422549456,97.36021464,47.01025093395,1.106845886,0,1.106845886,12.642319868,6.937731989,1.076917,4.627670879,0,64.846262072403,53.979123485403,10.672511457,0,0,,0.19462713,2.831876343,0,2.831876343,0,10.854997035,0.594400123,0,0,0.594400123,0.594400123,0,8.495505383,0,8.495505383,4.381699729,0.0084876,0.116868,0.0164708,0.442737647,0.77156,1.195986734,0,1.561694873,0,0,0,0.394037491,0.394037491,0,0.524904,0.524904,0.524904,0,0,0.846150038,0.846150038,0
2014-03-01,2014,"Q1","2013/14","Q3","March",657.80091954845,645.39362438245,645.39362438245,195.159007608,126.526189834,18.657016905,0,26.351198911,0,19.688345772,3.936256186,376.855745345393,213.007578834333,120.143812635333,85.710567555,23.037198644,-15.884,149.459182148061,22.3644717946109,82.50016812,44.59454223345,1.010601209,0,1.010601209,13.378383154,7.348273307,1.3430485,4.687061347,0,69.9086344010565,57.3432041850565,12.346820848,0,0,,0.218609368,3.470237028,0,3.470237028,0,12.407295166,0.334733704,0,0,0.334733704,0.334733704,0,10.171315357,0,10.171315357,3.892837527,0.00746775,0.12014,0.0142693,0.532772336,0.863431448,1.674747575,0,3.065649421,0,0,0,0.426905147,0.426905147,0,0,0,0,0,0,1.474340958,1.474340958,0
2014-04-01,2014,"Q2","2013/14","Q4","April",660.47181250374,649.07433647074,649.07433647074,187.753190432,121.101003036,11.343841442,0,34.040643709,0,18.919444843,2.348257402,391.18251521851,223.893410833546,116.918470703546,95.422727575,27.436212555,-15.884,153.413649738964,18.8742643462241,87.23594552,47.30343987274,1.091053163,0,1.091053163,12.784401483,7.602977998,1.164351,4.017072485,0,67.6085274422296,57.3851628092296,10.055309596,0,0,,0.168055037,2.530103378,0,2.530103378,0,11.397476033,0.348416591,0,0,0.348416591,0.348416591,0,8.989743844,0,8.951947488,3.623358847,0.0083361,0.112595,0.0057415,0.191874683,0.825963084,1.398689585,0,2.785388689,0.037796356,0.037796356,0,0.417325206,0.417325206,0,0,0,0,0,0,1.641990392,1.641990392,0
2014-05-01,2014,"Q2","2013/14","Q4","May",692.4098002306,680.0330508016,680.0330508016,197.729258856,116.670451789,11.425498243,0,40.583370807,0,25.217852867,3.83208515000003,398.717905722226,221.381185823501,129.454293420501,85.476798319,19.834094084,-13.384,162.346466007725,26.156039703125,87.8994788,48.2909475046,1.122616555,0,1.122616555,13.867637336,8.45418,1.242226445,4.171230891,0,80.1389106823739,68.0799485793739,11.869769321,0,0,,0.189192782,3.446975541,0,3.446975541,0,12.376749429,1.826083585,0,0,1.826083585,1.826083585,0,8.435669831,0,8.435669831,4.277385598,0.01211895,0.133775,0.003738,0.379966013,0.953105016,1.204911868,0,1.470669386,0,0,0,0.450355233,0.450355233,0,0,0,0,0,0,1.66464078,1.66464078,0
2014-06-01,2014,"Q2","2013/14","Q4","June",889.44769464397,874.80947514097,874.80947514097,406.215513789,141.405693168,173.944821263,0,55.036645809,0,26.596532518,9.23182103099995,385.420836809474,224.766119428702,128.547573006702,85.649094348,26.455452072,-15.885999998,144.899779621772,13.1370340528017,86.635241225,45.12750434397,1.013771432,0,1.013771432,14.741166327,9.58862985,1.298365,3.854171477,0,78.8404652544963,67.0851521104963,11.583748008,0,0,,0.171565136,4.332659288,0,4.332659288,0,14.638219503,0.259319876,0,0,0.259319876,0.259319876,0,12.419890766,0,12.419890766,5.578295057,0.0054749,0.14017,0.002409,2.380223544,0.819980523,1.163248333,0,2.330089409,0,0,0,0.399510162,0.399510162,0,0,0,0,0,0,1.559498699,1.559498699,0
2014-07-01,2014,"Q3","2014/15","Q1","July",687.31607859324,668.00960969224,668.00960969224,188.363468114,110.809357594,18.92953242,0,31.451395809,0,22.876448992,4.29673329900002,394.795385421264,237.538991710776,143.947797591776,87.144932198,24.303931623,-17.857669702,140.735828375488,19.668598560248,75.293029935,45.77419988024,1.035049307,0,1.035049307,15.485516028,6.838763971,1.458431,7.188321057,0,81.8968412889756,64.5293151979756,14.06804222,0,0,2.9704878,0.328996071,2.953914868,0,2.953914868,0,19.306468901,0.682650353,0,0,0.682650353,0.682650353,0,15.73777347,0,15.73777347,6.9591575,0.03855545,0.14498,0.0057115,2.110217408,0.94956,2.32971902,0,3.199872592,0,0,0,0.486577622,0.486577622,0,0,0,0,0,0,2.399467456,2.399467456,0
2014-08-01,2014,"Q3","2014/15","Q1","August",696.15445029551,682.39584539351,682.39584539351,194.867738137,104.729686853,19.128031906,0,48.706734778,0.790103112,18.652859016,2.86032247199999,404.100172836272,238.870370967745,142.272061707745,91.864404677,22.826201881,-18.092297298,151.434866165527,17.8281915690171,83.07578052,50.53089407651,0.97857591,0,0.97857591,12.816359793,7.139162994,1.346806445,4.330390354,0,80.0890808782379,62.4924760882379,12.445137282,0,0,4.66567667,0.485790838,3.338853542,0,3.338853542,0,13.758604902,0.838575519,0,0.1,0.738575519,0.738575519,0,10.203272746,0,10.203272746,6.358987566,0.010748,0.110288,0.001352,0,0.902966666,1.632240502,0,1.186690012,0,0,0,0.48781632,0.48781632,0,0.524904,0.524904,0.524904,0,0,1.704036317,1.704036317,0
2014-09-01,2014,"Q3","2014/15","Q1","September",772.64371460568,750.70518481868,750.70518481868,221.7462888,127.423189409,40.592014892,0,31.85606357,0.908713004,17.540523832,3.42578409299998,437.231386258029,240.578146116385,153.975324036385,89.732883596,14.844971484,-17.975033,182.400748631644,22.6837725169643,106.30124026,53.41573585468,1.295970881,0,1.295970881,12.956520629,7.530129921,1.291064,4.135326708,0,88.223509288651,68.4240046286509,13.656810609,0,0,5.221322876,0.921371175,3.504000472,0,3.504000472,0,21.938529787,7.677048294,0,7.35,0.327048294,0.327048294,0,12.38128376,0,12.38128376,8.281193816,0.0323797,0.118277,0.0012535,0,1.138581923,1.382687838,0,1.426909983,0,0,0,0.523383796,0.523383796,0,5.06e-05,5.06e-05,5.06e-05,0,0,1.356763337,1.356763337,0
2014-10-01,2014,"Q4","2014/15","Q2","October",777.72582069949,754.96512855949,754.96512855949,211.963127534,133.617556341,16.098694684,0,35.628783048,1.035310292,23.515257427,2.06752574199997,440.861408521793,240.403539158265,144.720415557265,84.784077858,28.874045743,-17.975,186.598804604528,29.4349521540382,103.61690013,53.54695232049,1.294345669,0,1.294345669,12.56471909,7.234083802,1.253442445,4.077192843,0,91.7843031356968,70.0356198276968,13.39489905,0,0,4.805799588,3.54798467,10.356289368,0,10.356289368,0,22.76069214,4.040632907,0,2.763349159,1.277283748,1.277283748,0,12.063119292,0,12.063119292,6.978770593,0.01339965,0.1213855,0.005015,1.640147663,0.86758,1.141247403,0,1.295573483,0,0,0,0.507541178,0.507541178,0,0,0,0,0,0,6.149398763,6.149398763,0
2014-11-01,2014,"Q4","2014/15","Q2","November",736.88272280231,723.10392514731,723.10392514731,200.37165943,115.027279702,9.145939023,0,45.973268183,1.18350453,26.803098399,2.238569593,427.479272461009,250.066368481571,139.142375708571,95.413230097,27.879556342,-12.368793666,163.259524146438,26.9884681571278,83.67028116,52.60077482931,1.162195316,0,1.162195316,12.991184517,7.937734285,1.17855,3.874900232,0,91.4347340943009,70.8760966413009,12.64903645,0,0,4.958432634,2.951168369,3.818259162,0,3.818259162,0,13.778797655,0.628570657,0,0,0.628570657,0.628570657,0,11.379286212,0,11.379286212,7.763407602,0.0166955,0.11646,0.0085395,0,0.84830046,1.399087446,0,1.226795704,0,0,0,0.486269093,0.486269093,0,0,0,0,0,0,1.284671693,1.284671693,0
2014-12-01,2014,"Q4","2014/15","Q2","December",1040.30072318932,1018.79564770832,1018.79564770832,469.270889426,125.679936188,273.029846731,0,34.226600881,4.994951665,25.573476012,5.76607794899998,448.24674024932,264.398765062,148.47548661,108.814483619,20.255723393,-13.14692856,169.53162403032,21.908698419,94.39119328,53.23173233132,1.181559553,0,1.181559553,13.134791604,7.6487225,1.164487,4.321582104,0,98.291711576,78.387594443,13.876377256,0,0,5.126149833,0.901590044,2.986306457,0,2.986306457,0,21.505075481,5.779738936,0,5.4,0.379738936,0.379738936,0,13.07676542,0,13.07676542,7.96541466,0.012875,0.138135,0.011299,0.622340704,0.79886,1.754836931,0,1.773004125,0,0,0,0.412919826,0.412919826,0,0,0,0,0,0,2.235651299,2.235651299,0
2015-01-01,2015,"Q1","2014/15","Q3","January",817.67347266326,803.56381624526,803.56381624526,235.731521896,127.443993309,16.63465371,0,48.858406094,1.290759028,39.858513058,1.64519669699999,480.897379283207,260.995094881789,134.783171185789,120.343757768,19.184903259,-13.316737331,204.683690742418,23.6947699417584,114.6614772514,66.32744354926,0.98934236,0,0.98934236,14.229251299,6.282428695,1.31823,6.628592604,0,83.6991883240526,65.8944635530526,12.21987851,0,0,4.406604588,1.178241673,3.235726742,0,3.235726742,0,14.109656418,1.471159497,0,0,1.471159497,1.471159497,0,10.593928121,0,10.593928121,6.469580017,0.0274855,0.1793925,0.011602,0.003143871,1.15547961,1.66301938,0,1.084225243,0,0,0,0.348264686,0.348264686,0,0,0,0,0,0,1.696304114,1.696304114,0
2015-02-01,2015,"Q1","2014/15","Q3","February",783.59579938998,768.46157896598,768.46157896598,201.835706271,132.203130778,9.017407092,0,40.991808066,2.248060313,15.677720534,1.69757948800003,476.057736952546,285.407698774326,152.471715060326,124.371925259,21.850815648,-13.286757193,175.69210871422,21.3365617122404,99.70542192,54.65012508198,1.199864135,0,1.199864135,13.758065329,6.968661347,1.31592,5.473483982,0,86.3163828584335,69.5075238684335,10.748081797,0,0,4.759655783,1.30112141,4.251752884,0,4.251752884,0,15.134220424,0.69525559,0,0,0.69525559,0.69525559,0,11.484980034,0,11.484980034,6.749316779,0.020072,0.148075,0.0111645,0,1.01892232,2.020739304,0,1.516690131,0,0,0,0.37231133,0.37231133,0,0,0,0,0,0,2.58167347,2.58167347,0
2015-03-01,2015,"Q1","2014/15","Q3","March",814.333315042,794.517294971,794.517294971,245.535589754,150.99722766,22.793486692,0,41.56841294,2.762538989,24.849154723,2.56476875000004,458.363182925,279.084734824,151.261908248,113.016845839,19.999301195,-5.193320458,164.129743959,23.40719163,94.55662553,46.165926799,1.189297694,0,1.189297694,13.959406448,7.186119966,1.488303,5.284983482,0,87.224980906,69.329814297,12.36806283,0,0,4.956237568,0.570866211,3.393541386,0,3.393541386,0,19.816020071,0.845305638,0,0,0.845305638,0.845305638,0,16.07426937,0,16.07426937,8.527805597,0.043284875,0.11485,0.0106925,0.412596386,1.19454,3.207530782,0,2.56296923,0,0,0,0.585064581,0.585064581,0,0,0,0,0,0,2.311380482,2.311380482,0
2015-04-01,2015,"Q2","2014/15","Q4","April",804.2655312218,786.9006955048,786.9006955048,235.647835456,146.069495393,11.996551755,0,52.265606016,1.369410371,22.040711433,1.90606048800002,466.035946110835,264.747552864925,149.888997766925,113.718748203,20.700790106,-19.560983211,186.89129136091,23.3211805241096,110.42278279,53.1473280468,1.028197425,0,1.028197425,13.36890446,7.020687413,1.298005,5.050212047,0,82.0699710339653,66.6604035429653,10.331771172,0,0,4.758925234,0.318871085,3.146942904,0,3.146942904,0,17.364835717,0.44870735,0,0,0.44870735,0.44870735,0,13.180289487,0,13.180289487,6.853356992,0.0198124,0.12819,0.020071,0.698156689,1.06022,2.397804891,0,2.002677515,0,0,0,0.423352355,0.423352355,0,0,0,0,0,0,3.312486525,1.982486525,1.33
2015-05-01,2015,"Q2","2014/15","Q4","May",797.554133238,781.701293038,781.701293038,219.50350086,139.373074354,10.888346413,0,37.601993878,1.647561818,27.979037134,2.01348726300003,474.406252799194,264.956399727744,152.582652423744,106.019549235,23.137281188,-16.783083119,193.63701392445,33.8099795984501,111.2386167,48.588417626,1.158235588,0,1.158235588,14.654603559,8.0278871,1.318928,5.307788459,0,84.4088793078063,67.2040350328063,12.001522306,0,0,4.88059535,0.322726619,3.382660071,0,3.382660071,0,15.8528402,0.980233973,0,0,0.980233973,0.980233973,0,12.208125627,0,12.208125627,7.682574569,0.01028288,0.14014,0.007118,0,1.30856,1.326834685,0,1.732615493,0,0,0,0.474185864,0.474185864,0,0,0,0,0,0,2.190294736,2.190294736,0
2015-06-01,2015,"Q2","2014/15","Q4","June",1385.53657292708,1359.36935837808,1239.745936131,729.90116449808,199.869074614,266.517658122,119.62342224708,97.731229689,9.418269897,25.034340764,11.7071691649999,519.06684905,290.039353652,169.995972912,109.924813159,21.167732251,-11.04916467,209.238305187,27.944981563,120.81550173,60.477821894,1.345091265,0,1.345091265,18.444098946,12.071449681,1.489109,4.883540265,0,106.212545337,85.069475532,15.02759115,0,0,5.758517595,0.35696106,4.188799493,0,4.188799493,0,26.167214549,0.209860384,0,0,0.209860384,0.209860384,0,23.253887594,0,23.253887594,10.322967507,0.0310502,0.223415,0.006027,4.866281993,1.55595391,3.214623909,0,3.033568075,0,0,0,0.511903888,0.511903888,0,0,0,0,0,0,2.191562683,2.191562683,0
2015-07-01,2015,"Q3","2015/16","Q1","July",809.81420836984,785.82860650584,785.82860650584,236.79912748353,120.04461075353,16.042887715,0,58.795401819,1.836601547,37.336939236,2.742686413,441.598630307086,277.295717640432,159.418588178432,97.793031402,34.53277218,-14.44867412,155.240789353654,16.183143367344,92.09186932,46.96577666631,0.95579244,0,0.95579244,8.106330873,6.438136968,1.519804,0.148389905,0,101.660057274224,72.457285104224,15.258054083,0,8.573051587,4.993178793,0.378487707,5.770791441,0,5.770791441,,23.985601864,1.026375789,0,0,1.026375789,1.026375789,0,19.773947376,0,19.773947376,10.913898,0.03181275,0.298092,0.004182,0.912811687,2.000000393,1.979110583,0,3.517059963,0,0,0,0.661833063,0.661833063,0,0,0,0,0,0,2.523445636,2.523445636,0
2015-08-01,2015,"Q3","2015/16","Q1","August",829.96454182435,807.28766047835,807.28766047835,201.255021197,123.741731827,8.25257634,0,43.459924543,1.450267287,19.392145268,4.958375932,493.561489908011,295.580426529997,172.124559075997,101.266574376,34.392586784,-12.203293706,183.093764782014,20.5221946036639,110.16631652,52.40525365835,1.274108435,0,1.274108435,13.613190161,6.483475115,1.521277,5.608438046,0,101.223586765339,71.4236128823393,13.553478786,0,10.51635893,4.845304999,0.884831168,11.247562608,0,11.247562608,,22.676881346,0.62192349,0,0,0.62192349,0.62192349,0,18.029728194,0,18.029728194,11.590813263,0.0982286,0.33157,0.002182,0.123732424,1.67284,1.573925686,0,2.563867221,0,0,0,0.550011476,0.550011476,0,0,0,0,0,0,3.475218186,3.475218186,0
2015-09-01,2015,"Q3","2015/16","Q1","September",863.76665514876,829.24859956376,829.24859956376,242.300031849,138.940866167,20.04762934,0,53.758998314,2.43636143,24.36636655,2.749810048,469.063862491407,292.261456608502,173.880696391502,98.660072164,30.391594208,-10.670906155,163.660742380905,21.840671061145,88.20557256,53.61449875976,1.202198012,0,1.202198012,11.93946549,5.23084219,1.346365,5.3622583,0,113.757827720353,79.8354372763531,16.267926696,0,10.722355802,5.437015289,1.495092657,4.126877503,0,4.126877503,,34.518055585,0.603461586,0,0,0.603461586,0.603461586,0,23.140302344,0,23.140302344,9.346440941,0.089142765,0.38341,0.0017071,3.774604814,1.908688186,2.075208585,0,5.380458753,0,0,0,0.579916842,0.579916842,0,7.764815717,7.764815717,0,7.764815717,0,2.429559096,2.429559096,0
2015-10-01,2015,"Q4","2015/16","Q2","October",920.29854945881,896.81221392781,896.81221392781,261.778628468,147.157846152,19.31399369,0,68.148335947,2.732005172,20.440517581,3.985929926,519.302696532211,305.350657606303,162.395362766303,102.761856507,48.809615553,-8.61617722,200.838433551908,19.6765511030985,123.43132896,57.73055348881,1.424642205,0,1.424642205,11.688963169,5.141173518,1.331548,5.216241651,0,110.100795867599,78.7796065175986,13.992211028,0,9.411465879,5.689886935,2.227625508,5.63009306,0,5.63009306,,23.486335531,1.031584886,0,0,1.031584886,1.031584886,0,19.540250908,0,19.540250908,9.924126229,0.167760202,0.32743,0.0018858,1.891394832,1.53798906,2.504091685,0,3.1290271,0,0,0,0.501512852,0.501512852,0,0.206259237,0.206259237,0,0.206259237,0,2.206727648,2.206727648,0
2015-11-01,2015,"Q4","2015/16","Q2","November",878.78426665316,850.33030318916,850.33030318916,219.994358767,138.600767098,9.333531521,0,38.1784931,2.018426628,29.609559916,2.253580504,505.734463848446,311.355634600098,175.658826854098,115.364827085,36.47595576,-16.143975099,181.615135147348,13.9443640531878,111.21720772,56.45356337416,1.470190834,0,1.470190834,11.293503267,5.317314779,1.073427,4.902761488,0,120.579571006714,85.3195529207142,15.531019147,0,12.246453602,5.474704713,2.007840624,4.021909567,0,4.021909567,,28.453963464,0.939229689,0,0,0.939229689,0.939229689,0,19.635017942,0,19.635017942,9.123699293,0.143261951,0.3102,0.002746,1.05255489,1.85851,4.438725681,0,2.588322127,0,0,0,0.631552968,0.631552968,0,2.12671587,2.12671587,0,2.12671587,0,5.121446995,5.121446995,0
2015-12-01,2015,"Q4","2015/16","Q2","December",1283.09768515693,1255.55414599193,1255.55414599193,597.077206026,160.550357722,335.550272569,0,53.00197708,12.405272278,29.143567001,6.425759376,526.668645319224,296.684059440499,169.376316996499,107.482896578,30.914060572,-11.089214706,215.288687183725,22.9744792347951,136.96622356,55.34798438893,1.859083196,0,1.859083196,12.836815499,6.679849349,1.209218,4.94774815,0,127.528164650706,89.2238909777057,15.284813142,0,14.233026518,5.769885864,3.016548149,4.280129996,0,4.280129996,,27.543539165,0.634518069,0,0,0.634518069,0.634518069,0,20.466628378,0,20.466628378,8.7194198,0.31582205,0.39903,0.0097668,0,2.01982,2.143270299,0,6.732038629,0,0,0,0.404743846,0.404743846,0,0,0,0,0,0,6.037648872,6.037648872,0
2016-01-01,2016,"Q1","2015/16","Q3","January",1024.53798327842,863.87360632342,863.87360632342,251.640861882,139.705282372,15.20706913,0,55.003758615,2.809938658,36.08310633,2.831706777,495.793837759929,276.383489769744,146.140466843744,123.955545086,29.1078757,-22.82039786,204.818848487185,22.4817769947649,114.37305756,67.96401393242,1.50682545,0,1.50682545,13.084674053,5.110073509,1.290924,6.683676544,0,113.254023392491,81.2941593454912,13.401708556,0,11.09855521,4.727668343,2.731931938,3.184883289,0,3.184883289,,160.664376955,4.857093509,0,0,4.857093509,4.857093509,0,120.585875142,0,120.585875142,59.618397526,0.846028318,2.049732,0.0224697,7.755098647,10.997847639,14.714332519,0,23.910773793,0,0,0,3.329571047,3.329571047,0,10.097790824,10.097790824,0,10.097790824,0,21.794046433,21.794046433,0
2016-02-01,2016,"Q1","2015/16","Q3","February",817.958269011,795.293435138,795.293435138,234.093408094,150.849061894,6.890640279,0,51.963812625,1.153068187,21.76086096,1.475964149,470.088485801578,282.206896178891,139.839294594891,108.744082988,39.463834538,-5.840315942,176.576400531688,16.9821540476879,105.12201348,54.472233004,1.408971683,0,1.408971683,9.896217408,3.836362306,0.938253,5.121602102,0,87.8820927034215,64.1009344184215,10.123563681,0,8.593009523,4.018783569,1.045801512,3.229448539,0,3.176288792,,22.664833873,1.542277455,0,0,1.542277455,1.542277455,0,18.520644619,0,18.520644619,8.294958992,0.10376401,0.32982,0.0191295,0.788177794,2.61018,1.357975457,0,4.962802866,0,0,0,0.392464055,0.392464055,0,0.382658647,0.382658647,0,0.382658647,0,1.826789097,1.826789097,0
2016-03-01,2016,"Q1","2015/16","Q3","March",958.99534849132,932.40815757262,932.40815757262,300.501852412,153.479898746,33.758357446,0,61.685415328,5.452151912,43.028950925,3.097078055,524.355474050789,306.854941883257,171.555285300257,109.92935605,34.510089637,-9.139789104,202.233789966532,26.1425933404122,120.12365532,55.96754130612,1.650352861,0,1.650352861,13.61638934,6.83260577,1.347552,5.43623157,0,103.477750219831,72.2863758838306,12.548470897,0,12.425069667,5.686248507,0.531585265,4.07308089,0,3.838358742,,26.5871909187,8.347853551,0,7.8,0.547853551,0.547853551,0,15.0623308557,0,15.0623308557,7.780768288,0.0794383,0.27651,0.0127383,1.584540263,0.97673,1.2265258237,0,3.029651881,0,0,0,0.533401872,0.533401872,0,0.523397775,0.523397775,0,0.523397775,0,2.120206865,2.120206865,0
2016-04-01,2016,"Q2","2015/16","Q4","April",968.0353215407,893.001215371,893.001215371,256.162238251,162.545627349,15.4860808,0,53.29743458,2.914843818,19.977723267,1.940528437,530.018469114268,318.213451595865,160.077227171865,117.342126315,55.946865768,-15.152767659,197.565588420403,27.8165410654033,105.8001976,63.948849755,1.609088729,0,1.609088729,12.630340369,6.415568589,1.426925,4.78784678,0,103.256056414732,74.7137361807316,11.744482018,0,11.239332397,5.074914336,0.483591483,3.564451591,0,3.087143873,,75.0341061697,10.73574908,0,7.8,2.93574908,2.93574908,0,51.7552101527,0,51.7552101527,26.241601102,0.31990846,1.02185,0.0425937,5.406346613,5.213032329,2.5845012807,0,10.663162468,0,0,0,1.566105479,1.566105479,0,0.95595606,0.95595606,0,0.95595606,0,10.021085398,9.975898898,0.0451865
2016-05-01,2016,"Q2","2015/16","Q4","May",888.727748322,866.016286346,866.016286346,312.845464019,165.417524999,10.592559936,0,98.998037387,2.237244606,33.83681621,1.763280881,436.852048422617,232.46315140571,151.84362429171,114.919448132,31.324653406,-65.624574424,189.438018924907,21.9255078619068,113.76463812,53.747872943,1.471566116,0,1.471566116,13.479311976,6.898444877,1.591078,4.989789099,0,111.045606993383,79.3381693513834,13.207012718,0,12.656723246,5.278837522,0.564864156,5.273166911,0,5.011023594,,22.711461976,1.844573731,0,0,1.844573731,1.844573731,0,17.282413464,0,17.282413464,10.94113767,0.171195839,0.33501,0.0070283,0,1.70263856,1.875246173,0,2.167728722,0,0,0,0.475112555,0.475112555,0,0,0,0,0,0,3.109362226,3.109362226,0
2016-06-01,2016,"Q2","2015/16","Q4","June",1311.029128697,1283.457827615,1283.457827615,573.687112175,202.498473601,241.683808033,0,63.047913681,17.58754208,40.177812313,8.691562467,576.098923501831,327.349946538076,170.510888400076,124.281431944,43.765429346,-11.207803152,229.461943162755,15.2506402097547,161.68946268,52.521840273,1.583002166,0,1.583002166,17.704031635,8.967026515,3.648195,5.08881012,0,126.539173202169,91.2932012411688,14.232092393,0,14.564958046,5.939490932,0.50943059,7.132618736,0,6.754388762,,27.571301082,1.223428931,0,0.65,0.573428931,0.573428931,0,22.69751213,0,22.69751213,13.819106077,0.321813498,0.40185,0.0049423,0.867037879,1.767825235,1.639234973,0,3.794627768,0,0,0,0.621271326,0.621271326,0,0,0,0,0,0,3.029088695,3.029088695,0
2016-07-01,2016,"Q3","2016/17","Q1","July",876.120922511,842.987484578,842.987484578,253.137471689,121.902733431,21.524527687,0,68.264064674,2.93669362,36.423455717,2.08599656,477.580164998157,292.325688273489,149.466244447489,73.505649108,78.329700761,-8.975906043,171.342270467668,13.2878081256681,98.1004987,59.953963642,1.679896398,0,1.679896398,12.232309859,5.213430306,2.247347,4.771532553,0,108.487236629843,72.0676721198428,16.743540878,0,13.579626354,5.222536676,0.873860602,3.782611261,0,3.782611261,,33.133437933,1.145607747,0,0,1.145607747,1.145607747,0,27.850619243,0,27.850619243,9.216414889,0.12205286,0.48952,0.0025169,1.661779566,1.61173,4.856001761,0,9.795453267,0,0,0,0.551973929,0.551973929,0,0.40796276,0.40796276,0,0.40796276,0,3.177274254,3.177274254,0
2016-08-01,2016,"Q3","2016/17","Q1","August",952.893772653,928.605096491,928.605096491,261.681493465,169.451306774,10.841293889,0,52.053729201,1.480522257,23.318126787,4.536514557,545.839956403737,315.66178853299,163.55259985899,89.182114382,79.828323963,-16.901249671,213.457057904747,15.3016981857471,131.07463892,67.080720799,2.338473032,0,2.338473032,14.382636934,6.560623005,3.128324,4.693689929,0,116.623120530263,83.7216219172631,12.825348818,0,13.661315341,5.693987333,0.720847121,4.460526092,0,4.460526092,,24.288676162,0.601038832,0,0,0.601038832,0.601038832,0,18.64130478,0,18.64130478,10.392049828,0.1344799,0.48311,0.0069145,0.29025149,1.74662,2.544694609,0,2.923702453,0,0,0,0.684898092,0.684898092,0,0.138760213,0.138760213,0,0.138760213,0,4.222674245,4.222674245,0
2016-09-01,2016,"Q3","2016/17","Q1","September",1007.356588468,980.881630277,980.881630277,280.314722551,167.219619965,21.251487747,0,38.569054987,3.749328649,45.58022164,3.945009563,575.95827846344,318.052465056694,161.732108500694,94.197834452,78.834443794,-16.71192169,241.815218770746,19.0667199737461,158.04235468,64.706144117,2.399258624,0,2.399258624,13.691336012,6.047559549,2.940844,4.702932463,0,119.99316959356,85.4561098675601,12.271439272,0,13.556917899,5.787748583,2.920953972,4.615459669,0,4.615459669,,26.474958191,1.59521951,0,0,1.59521951,1.59521951,0,19.704583049,0,19.704583049,10.652514493,0.13620175,0.4590675,0.0072868,3.380090869,1.45604,2.223040103,0,1.317571854,0,0,0,0.819986609,0.819986609,0,0.896765178,0.896765178,0,0.896765178,0,3.458403845,3.458403845,0
2016-10-01,2016,"Q4","2016/17","Q2","October",915.621216511,888.838374242,888.838374242,244.891105577,160.716145408,10.244916242,0,38.440474879,3.364865907,29.521463387,2.603239754,522.257827103512,294.384951124881,153.072271843881,78.144242599,77.677230391,-14.508793709,212.358278950631,19.706418713631,129.31759018,63.334270057,2.27923444,0,2.27923444,13.235362588,5.885751685,2.810487,4.539123903,0,115.857514070488,84.7638647374885,11.126194939,0,12.145426637,5.508979512,2.313048245,5.831927491,0,5.831927491,,26.782842269,1.377159584,0,0,1.377159584,1.377159584,0,16.487076249,0,16.487076249,9.668657424,0.1276332,0.47544,0.005113,1.37368479,1.51249,1.866122934,0,1.389366901,0,0,0,0.65386281,0.65386281,0,4.742578639,4.742578639,0,4.742578639,0,3.522164987,3.522164987,0
2016-11-01,2016,"Q4","2016/17","Q2","November",990.148021609,963.332359868,963.332359868,273.7858743483,168.373729517,14.2481151763,0,44.647825583,2.329253734,41.689744475,2.497205863,547.633596211075,322.495881587473,171.526326788473,82.378103218,83.582526028,-14.991074447,207.442679974602,23.1740858809022,121.4182412,62.8503528937,2.371534024,0,2.371534024,15.323500625,7.545450102,3.260564,4.517486523,0,134.520770646625,96.491203597625,14.017133351,0,13.935803744,6.073573135,4.003056819,7.392118662,0,7.392118662,,26.815661741,1.92573667,0,0,1.92573667,1.92573667,0,17.495063816,0,17.495063816,11.43979537,0.114006497,0.60045,0.0049052,0.144056048,1.82263,1.904900364,0,1.309670337,0,0,0,0.641120199,0.641120199,0,2.202361472,2.202361472,0,2.202361472,0,4.551379584,4.551379584,0
2016-12-01,2016,"Q4","2016/17","Q2","December",1385.91675679199,1363.22787558499,1363.22787558499,665.02250391599,199.173962295,337.529516766,0,52.291238841,21.90976457,45.02534981,9.09267163399,542.356385285625,322.70076484805,175.99862101205,79.815384237,80.684593158,-13.797833559,205.136824722575,22.6705030845754,120.32769706,62.138624578,2.443330902,0,2.443330902,12.075464813,4.589748306,3.032691,4.453025507,0,120.199571357375,95.4377191713747,9.548729368,0,9.705679105,4.28611186,1.221331853,35.649415026,0,35.649415026,,22.688881207,0.635075294,0,0.2,0.435075294,0.435075294,0,17.309641858,0,17.309641858,10.045326227,0.09312615,0.63334,0.010109,1.505983411,1.46814,1.922575784,0,1.567949986,0,0,0,0.701375861,0.701375861,0,0.078913221,0.078913221,0,0.078913221,0,3.963874973,3.963874973,0
2017-01-01,2017,"Q1","2016/17","Q3","January",1086.031496469,1062.83466856,1062.83466856,311.322472736,166.450873741,19.647341194,0,81.768575495,2.537067851,38.667283551,2.251330904,624.041101158276,358.098977706842,177.601969478842,101.715352946,97.237882827,-18.456227545,248.371344200434,16.2029954384338,148.82093866,83.347410102,2.21690793,0,2.21690793,15.353871321,5.85464371,2.943255,6.555972611,0,122.863251658724,90.6576149417241,14.086526679,0,12.064536024,5.69594339,0.358630624,4.607843007,0,4.607843007,,23.196827909,1.473170239,0,0,1.473170239,1.473170239,0,17.029213543,0,17.029213543,9.168873689,0.1332018,0.58149,0.0198798,0.299897024,2.06596,2.022379742,0,2.631517488,0,0,0,0.608059004,0.608059004,0,0.167632546,0.167632546,0,0.167632546,0,3.918752577,3.918752577,0
2017-02-01,2017,"Q1","2016/17","Q3","February",994.96460865,972.968711883,972.968711883,267.041983716,171.324727641,5.704007922,0,46.793506019,2.044218642,39.258330371,1.917193121,587.602236311548,348.934325076325,170.512391426325,96.072740833,89.776918624,-7.427725807,221.557027392222,17.7892547112223,127.61607058,76.151702101,2.017613846,0,2.017613846,15.093269997,7.063912748,2.630506,5.398851249,0,113.927518585452,81.8931304594523,11.972140541,0,14.106481396,5.694445831,0.261320358,4.39697327,0,4.39697327,,21.995896767,1.616163413,0,0.1,1.516163413,1.516163413,0,15.924287445,0,15.924287445,8.748281319,0.155884573,0.52529,0.0135373,0.045315401,1.98036,2.403693137,0,1.983764515,0,0,0,0.619593834,0.619593834,0,0.02259229,0.02259229,0,0.02259229,0,3.813259785,3.813259785,0
2017-03-01,2017,"Q1","2016/17","Q3","March",1208.80509805585,1172.70604780685,1042.930921811,344.642628946,189.245720439,20.740072067,129.775125995853,66.419768996,6.042024401,57.89081735,4.304225693,575.346007708204,320.21692818246,178.78588883446,75.727173906,81.131210906,-15.427345464,236.581520590745,18.3819353837449,148.18427094,70.015314267,2.487178198,0,2.487178198,16.060380737,7.455723,2.961053,5.643604737,0,116.638919761796,84.1764792277955,11.905371419,0,14.627300785,5.587855983,0.341912347,6.303365395,0,6.303365395,,36.099050249,4.445702111,0,2.404115902,2.041586209,2.041586209,0,27.052752679,0,27.052752679,12.000129773,0.158069982,0.56741,0.0115745,1.841411161,1.9943,6.104569996,0,4.300325267,0,0,0,0.813976192,0.813976192,0,0.053620231,0.053620231,0,0.053620231,0,3.732999036,3.732999036,0
2017-04-01,2017,"Q2","2016/17","Q4","April",991.9398026777,941.237021687,941.237021687,262.244527258,169.087379131,22.229443651,0,43.025276053,2.505374768,23.431329658,1.965723997,569.06015385587,317.306175658919,168.424709081918,79.0928452010005,87.156782863,-17.368161487,235.795338060951,17.304485195951,143.6782937,74.812559165,1.730512271,0,1.730512271,14.228127865,6.235385494,2.270149,5.722593371,0,105.21296427213,75.6439793701305,10.655475508,0,13.422978289,5.169761382,0.320769723,4.719376301,0,4.719376301,,50.7027809907,0.840964283,0,0,0.840964283,0.840964283,0,45.591147591,0,45.591147591,8.89416463,0.10729693,0.46708,0.0058178,0.847082178,1.61859,1.66466108,0,31.953612973,0,0,0,0.657402382,0.657402382,0,0,0,0,0,0,3.6132667347,3.6132667347,0
2017-05-01,2017,"Q2","2016/17","Q4","May",1075.42549692851,1041.181383607,1041.181383607,325.075514606,211.550384998,12.796643203,0,54.266910252,2.690756747,41.746638699,2.024180707,574.882352295971,325.043599809883,180.710979343883,82.9191532323171,77.5640736006829,-16.150606367,229.125444282088,31.3085140920878,129.29313534,68.52379485,2.711034282,0,2.711034282,18.002273922,9.408135,2.659076,5.935062922,0,136.357210100029,94.0416532760291,16.058190077,0,18.553056017,7.378990184,0.325320546,4.866306605,0,4.866306605,,34.24411332151,7.824906612,0,6.5,1.324906612,1.324906612,0,20.99220734,0,20.99220734,10.954703763,0.123800153,0.5188301,0.0059965,0.484100974,2.11176,2.340880505,0,4.399690545,0,0,0,0.782835328,0.782835328,0,0.092879298,0.092879298,0,0.092879298,0,4.55128474351,4.55128474351,0
2017-06-01,2017,"Q2","2016/17","Q4","June",1470.38439137,1434.418128812,1434.418128812,659.840841105,220.498169985,267.515950957,0,91.391607864,20.148482043,51.204742001,9.081888255,633.111630672581,369.011506579977,205.723102611977,79.022770075,98.870965082,-14.605331189,245.795025983604,25.1964288896041,153.72853514,66.870061954,1.915516878,0,1.915516878,16.389581231,8.483167592,2.67644,5.229973639,0,135.611681397419,99.3005281564188,13.743261795,0,15.253301159,7.007343138,0.307247149,5.853975637,0,5.853975637,,35.966262558,5.297085157,0,2.644180164,2.652904993,2.652904993,0,26.049025413,0,26.049025413,10.711444669,0.202526385,0.57805926,0.0022915,5.091368719,1.67666,2.695422473,0,5.013031407,0,0,0,1.112940325,1.112940325,0,0,0,0,0,0,3.507211663,3.507211663,0
2017-07-01,2017,"Q3","2017/18","Q1","July",945.891671786,919.775106325,919.775106325,239.312652599,133.361933485,12.443380004,0,55.050706207,2.877850581,33.200723086,2.378059236,569.407061537201,307.387761831427,166.514587767427,89.992202652,91.39217495,-40.511203538,246.762409826774,16.183282135774,153.00927866,77.569849031,1.522955181,,1.522955181,13.733934698,4.415442072,3.384438,5.934054626,,105.619926226799,76.9860335187991,11.982507823,,11.505127993,4.873412544,0.272844348,5.435465962,,5.435465962,,26.116565461,0.58814001,,,0.58814001,0.58814001,,20.696837954,,20.696837954,8.73819184,0.1191617,0.65537535,0.0035723,0.324825356,1.30915,4.825623358,,4.72093805,0,,,0.653382905,0.653382905,,0,0,,,,4.178204592,4.178204592,
2017-08-01,2017,"Q3","2017/18","Q1","August",1071.1011305991,1034.274463755,1034.274463755,301.519096535,195.815417484,12.244241954,0,51.845773541,2.20237758,35.696919153,3.714366823,586.686059323954,337.146663680046,159.760419368046,84.521689748,105.930022871,-13.065468307,228.165438263908,12.046748925908,143.6835475,72.435141838,1.781551422,,1.781551422,19.592405958,11.152722253,3.382991,5.056692705,,140.662589630046,89.9356998250465,16.089853823,,25.525233252,7.780226475,1.331576255,5.406718266,,5.406718266,,36.8266668441,2.677121757,,,2.677121757,2.677121757,,27.104305636,,27.104305636,12.534421711,0.1612513,0.798068898,0.0063186,0.322776797,2.01439,2.042044632,,9.225033698,0,,,0.865086954,0.865086954,,0,0,,,,6.1801524971,6.1801524971,
2017-09-01,2017,"Q3","2017/18","Q1","September",1145.975508339,1114.167018079,1114.167018079,328.495675594,181.603459576,28.838283659,0,51.2611951,6.123981462,56.574813482,4.093942315,638.561419317312,374.544776759685,192.925279002686,93.77928816,95.486650578,-7.646440981,245.715444270626,17.5535672366262,153.29240326,74.869473774,2.209548713,,2.209548713,16.091649574,7.307071865,2.728915,6.055662709,,142.348998345688,102.518274130688,13.3098222,,16.361018357,7.650739641,2.509144017,4.760924822,,4.760924822,,31.80849026,0.581814945,,,0.581814945,0.581814945,,19.964404753,,19.964404753,11.325709606,0.14037343,0.619652,0.0161997,1.235145821,1.92972,4.581135416,,0.11646878,0,,,0.662063333,0.662063333,,0,0,,,,10.600207229,10.600207229,
2017-10-01,2017,"Q4","2017/18","Q2","October",1080.940712869,1046.077691646,1046.077691646,279.29828237,187.264963744,12.734140778,0,50.39847049,3.582343276,22.580103154,2.738260928,607.590184987881,356.668821181902,202.204266164902,82.49418332,87.35540019,-15.385028493,232.388738238979,18.5079257099791,141.10289354,72.777918989,2.321507201,,2.321507201,16.211118366,7.889219916,2.791009,5.53088945,,153.715705309119,113.771385679119,13.413655479,,16.261951424,8.098160409,2.170552318,5.473518979,,5.473518979,,34.863021223,2.397484634,,,2.397484634,2.397484634,,20.174542046,,20.174542046,11.440068866,0.147242391,0.921277683,0.0027776,0.406339972,2.33558825,4.356695971,,0.564551313,0,,,0.639379978,0.639379978,,0,0,,,,11.651614565,11.651614565,
2017-11-01,2017,"Q4","2017/18","Q2","November",1148.7066564389,1101.066853458,1101.066853458,313.019609475,185.513033179,12.365455565,0,55.628148323,2.587020046,53.708027698,3.217924664,641.53417807251,367.753744146173,206.955724782173,75.264379539,100.278790823,-14.745150998,254.928266569336,18.1705622193361,161.19655892,75.56114543,2.364211714,,2.364211714,16.487955643,7.629421069,2.966468,5.892066574,,141.53762264849,101.04021331649,13.393641458,,16.992087999,8.057343996,2.054335879,4.975443262,,4.975443262,,47.6398029809,2.237746337,,,2.237746337,2.237746337,,27.943042664,,27.943042664,12.359819948,0.136976112,0.77845,0.0053468,0.099772333,2.11066,0.051445,,12.400572471,0,,,0.534083111,0.534083111,,0,0,,,,16.9249308689,16.9249308689,
2017-12-01,2017,"Q4","2017/18","Q2","December",1516.926282819,1487.838248541,1487.838248541,714.5530834,204.538218233,356.374017772,0,78.463083933,25.645275361,35.846294503,13.686193598,619.389353299974,374.160168324895,203.974690890895,81.777556342,100.71677897,-12.308857878,225.318407188079,14.886220835079,132.63121912,77.800967233,3.137617866,,3.137617866,16.773159921,7.80944714,2.684599,6.279113781,,146.396900661026,104.354728839026,14.433383761,,18.172022759,7.8243954,1.612369902,7.49891118,,7.49891118,,29.088034278,0.49147349,,,0.49147349,0.49147349,,15.377390601,,15.377390601,11.186790643,0.1211125,0.72187,0.0083328,0,1.59923,0.031283,,1.708771658,0,,,0.495790322,0.495790322,,0,0,,,,12.723379865,12.723379865,
2018-01-01,2018,"Q1","2017/18","Q3","January",1179.3504471265,1141.0087718505,1141.0087718505,348.8514240445,203.24707491,17.051015688,0,82.7468282295,3.620363009,37.669163096,4.516979112,641.995571993671,380.978966124,214.860409671,93.4277065683806,93.5531562646194,-20.86230638,239.513135037671,17.2524642396709,129.06826084,93.192409958,3.601907618,,3.601907618,17.901563214,6.875865205,3.203001434,7.822696575,,143.609117712329,104.324632053329,18.076944095,,14.14650296,6.734824452,0.326214152,6.5526581,,6.5526581,,38.341675276,1.992917016,,,1.992917016,1.992917016,,16.956002992,,16.956002992,10.633162106,0.12942535,0.67239,0.0209855,0.078687851,2.56839,0.056917,,2.796045185,0,,,0.788047967,0.788047967,,0,0,,,,18.604707301,18.604707301,
2018-02-01,2018,"Q1","2017/18","Q3","February",1161.379114834,1125.197515004,1125.197515004,303.087271411,195.536726932,12.365005882,0,57.244733104,2.315231449,32.776857114,2.84871693,668.765678960513,397.512927950819,205.410211488819,97.1835544691014,106.257078557899,-11.337916565,252.324868456694,22.393541532694,144.99722432,84.934102604,2.506679481,,2.506679481,16.421203072,7.480331352,2.900367,6.04050472,,148.249012775487,109.822359645487,15.661653826,,15.40828548,7.062619403,0.294094421,5.095551857,,5.095551857,,36.18159983,2.226980644,,,2.226980644,2.226980644,,17.867390469,,17.867390469,11.43324275,0.1501683,0.59501,0.0167683,0.693413747,2.26436,2.538514976,,0.175912396,0,,,0.712889874,0.712889874,,0,0,,,,15.374338843,15.374338843,
2018-03-01,2018,"Q1","2017/18","Q3","March",1199.431514214,1163.419844078,1163.419844078,356.605838972,205.392204505,38.288188764,0,45.544040398,5.263478627,57.942121325,4.175805353,649.325538321257,383.854560199748,228.996748500748,79.5096282,91.626095725,-16.277912226,245.429679681509,12.6983145585089,156.21104552,76.520319603,2.666167645,,2.666167645,17.375130795,8.374770086,3.126034,5.874326709,,152.013057717743,108.261494728743,17.171470938,,18.428131695,7.59167406,0.560286296,5.475409067,,5.475409067,,36.011670136,1.205974991,,,1.205974991,1.205974991,,18.849157863,,18.849157863,12.597316269,0.1406062,0.65172,0.0112878,0.029351134,2.49457,0.072401,,2.85190546,0,,,0.900001518,0.900001518,,0,0,,,,15.056535764,15.056535764,
2018-04-01,2018,"Q2","2017/18","Q4","April",1078.801385721,1046.941520745,1046.941520745,289.583195574,206.478365353,12.386349475,0,41.65004527,2.615311642,21.19882961,5.254294224,634.07158206745,362.163916287104,188.410938809104,96.207682462868,95.421991942132,-17.876696927,254.000677772346,12.4342964123456,154.1430296,87.42335176,2.051461819,,2.051461819,15.855526189,7.380884621,3.008425,5.466216568,,118.03803125255,82.4412456665502,12.955730795,,16.060397594,6.178347699,0.402309498,5.248711851,,5.248711851,,31.859864976,1.04432591,,,1.04432591,1.04432591,,16.028884551,,16.028884551,11.599864562,0.1304537,0.63987,0.0078694,0.027518898,2.40819,0.049046,,1.166071991,0,,,0.70028658,0.70028658,,0,0,,,,14.086367935,14.086367935,
2018-05-01,2018,"Q2","2017/18","Q4","May",1205.612489572,1167.578720901,1167.578720901,354.340874953,231.719525536,16.599348774,0,52.239001498,4.226593478,45.718603674,3.837801993,655.558882655308,382.543448283485,218.110286016485,79.7785249264919,102.987583558508,-18.332946218,250.943117905823,18.1064214838228,162.02438804,70.812308382,2.809726182,,2.809726182,19.262590284,9.391952788,3.562536,6.308101496,,148.209348723692,105.506846646692,15.130671358,,19.552998859,7.552108568,0.466723292,9.469614569,,9.469614569,,38.033768671,1.807742635,,,1.807742635,1.807742635,,19.718963446,,19.718963446,13.258128615,0.13830487,0.68324,0.006961447,1.284361861,2.5918,0.072719,,1.683447653,0,,,0.710428938,0.710428938,,0,0,,,,15.796633652,15.796633652,
2018-06-01,2018,"Q2","2017/18","Q4","June",1772.812448129,1728.73253659,1728.73253659,812.796461118,265.64187318,353.112574918,0,132.215565555,27.687470418,24.115882907,10.02309414,734.495186058148,423.026035714848,228.444790073848,98.1923267684108,111.680644546589,-15.291725674,287.0987983903,16.6245593843001,180.45720346,90.017035546,2.242656124,,2.242656124,22.127695829,12.486769152,3.595763,6.045163677,,172.888732802852,124.789624131852,18.023882433,,21.368287596,8.265385075,0.441553567,8.552156611,,8.552156611,,44.079911539,0.514243607,,,0.514243607,0.514243607,,27.911718796,,27.911718796,13.089654411,0.15276335,0.65646,0.0030936,8.484881483,2.32357,2.783559585,,0.417736367,0,,,0.680570177,0.680570177,,0,0,,,,14.973378959,14.973378959,
2018-07-01,2018,"Q3","2018/19","Q1","July",1163.511258782,1109.502541595,1109.502541595,310.040894642,171.651345409,23.636893684,0,100.541293676,3.967677059,7.534183747,2.709501067,635.226988109145,400.536842553911,219.743234118511,96.8688081404002,105.933076429,-22.008276134,215.965260897233,14.4738730886331,128.37001368,73.1213741286,2.281288886,,2.281288886,16.443595772,6.255215849,3.58147,6.606909923,,158.687069859856,114.812531149856,17.588384596,,18.330774272,7.428308527,0.527071315,5.547588984,,5.547588984,,54.008717187,0.530073671,,,0.530073671,0.530073671,,32.729649605,,32.729649605,11.189844549,0.12943415,0.78605,0.00231,0,2.49077,18.131240906,,0,0,,,0.708432711,0.708432711,,0,0,,,,20.0405612,20.0405612,
2018-08-01,2018,"Q3","2018/19","Q1","August",1295.19962951,1260.876654086,1260.876654086,345.184594379,214.924399973,20.602749132,0,97.157469877,3.027741677,4.710814349,4.761419371,739.779632292098,430.08601575107,253.35861638707,98.277912365,107.339111788,-28.889624789,289.203128939028,15.7722755590276,166.317727472,107.113125908,2.283011816,,2.283011816,18.207475786,8.318658799,3.567046498,6.321770489,,168.393529884902,120.058035769902,16.971639783,,20.066875792,8.352244148,2.944734392,7.51889753,,7.51889753,,34.322975424,2.576792403,,,2.576792403,2.576792403,,17.629231426,,17.629231426,12.311425301,0.14258615,0.712107,0.0031615,0,2.43714,2.022811475,,0,0,,,0.809221968,0.809221968,,0,0,,,,13.307729627,13.307729627,
2018-09-01,2018,"Q3","2018/19","Q1","September",1254.20511462772,1222.64288726672,1222.64288726672,361.90618772472,222.321963092,24.454444387,0,97.07953252072,6.648127329,4.777873664,6.624246732,712.562424790072,380.297591900074,182.057197480074,118.360985444,101.756764917,-21.877355941,312.491946681999,11.9633364943989,185.5308364896,114.997773698,1.785002364,,1.785002364,17.987883844,8.985437074,3.122327,5.88011977,,141.450165446928,89.4392779999276,16.653905673,,22.338071657,7.241103915,5.777806202,6.724109305,,6.724109305,,31.562227361,1.68398502,,,1.68398502,1.68398502,,17.233832734,,17.233832734,11.921676869,0.1818846,0.58806,0.0093205,0,2.30194,2.230950765,,0,0,,,0.65174629,0.65174629,,0,0,,,,11.992663317,11.992663317,
2018-10-01,2018,"Q4","2018/19","Q2","October",1350.020624403,1311.826812018,1311.826812018,341.313935098,232.731477411,20.688165004,0,72.807195949,5.179996667,6.001286176,3.905813891,791.510995798399,474.277489743532,247.425534918532,155.548465757,97.202464116,-25.898975048,295.300049317867,27.2217643848669,156.64062212,111.437662813,2.769907451,,2.769907451,19.163549286,9.460863,3.407829,6.294857286,,171.774909393601,120.348769835601,18.135465896,,21.416869906,8.636724144,3.237079612,7.226971728,,7.226971728,,38.193812385,1.513156527,,,1.513156527,1.513156527,,21.045494482,,21.045494482,14.600558035,0.1592724,0.680079,0.0108608,0,2.41923,3.175494247,,0,0,,,0.881954336,0.881954336,,0,0,,,,14.75320704,14.75320704,
2018-11-01,2018,"Q4","2018/19","Q2","November",1311.580887014,1264.601746535,1264.601746535,389.738904378,234.571045441,25.970286646,0,115.722405254,3.312230903,6.343548496,3.819387638,705.401405037368,381.739364981869,221.302850757869,85.613637842,98.086500001,-23.263623619,303.276397593499,18.7259276454986,163.64595784,120.904512108,2.675412346,,2.675412346,17.710230116,8.478386159,3.153539,6.078304957,,161.864364371632,114.276198351632,17.228275285,,20.088884723,8.097896586,2.173109426,7.597072748,,7.597072748,,46.979140479,1.338809023,,,1.338809023,1.338809023,,19.548573257,,19.548573257,13.108919853,0.1372591,1.146237,0.0098054,0,1.47619,3.670161904,,0,0,,,0.887377491,0.887377491,,0,0,,,,25.204380708,25.204380708,
2018-12-01,2018,"Q4","2018/19","Q2","December",1774.394492193,1743.05988817,1743.05988817,819.96484648,229.013294179,449.43574434,0,95.490107508,28.047114351,6.541281799,11.437304303,753.897662759105,403.220551328441,216.674234929441,104.18470325,108.109539143,-25.747925994,331.372306422664,21.2706568186637,189.27313896,120.828510644,1.997982553,,1.997982553,17.306822455,8.106055001,2.8858645,6.314902954,,161.548837210895,114.143794370895,17.378687231,,21.239762352,7.671930744,1.114662513,7.64854172,,7.64854172,,31.334604023,0.727411353,,,0.727411353,0.727411353,,15.931626565,,15.931626565,10.349275281,0.1407678,0.783856,0.029809342,0,1.39789,3.230028142,,0,0,,,0.808256199,0.808256199,,0,0,,,,13.867309906,13.867309906,
2019-01-01,2019,"Q1","2018/19","Q3","January",1409.127546657,1367.283787507,1367.283787507,409.374030069,237.195488475,17.220313484,0,140.572598141,4.028727003,6.465626797,3.891276169,795.132036830771,450.157134347486,238.29364765077,127.662407169088,106.197119218628,-21.996039691,324.090917957285,20.3359539830012,171.47201748,132.282946494284,2.846417893,,2.846417893,18.037566633,7.514904322,3.2717115,7.250950811,,156.030958165229,113.387397400229,17.456991329,,16.941230926,6.979986407,1.265352103,6.746762442,,6.746762442,,41.84375915,1.543592577,,,1.543592577,1.543592577,,20.205649717,,20.205649717,11.746605457,0.21102425,0.615336,0.02942292,0,4.49161,3.11165109,,0,0,,,0.748537775,0.748537775,,0,0,,,,19.345979081,19.345979081,
2019-02-01,2019,"Q1","2018/19","Q3","February",1296.7103859283,1257.4903149283,1257.4903149283,364.831867934,225.069172864,12.761245026,0,114.079745491,3.772664032,5.113850026,4.035190495,737.169268143457,408.505012676767,205.868556161767,121.302395840795,103.345684918205,-22.011624244,310.22952810469,17.5744025053888,185.96936362,106.685761979301,2.307206711,,2.307206711,16.127520651,6.834301,2.986074,6.307145651,,141.758326827844,102.497922825844,14.422864413,,16.756230529,7.043650864,1.037658196,13.730852023,,13.730852023,,39.220071,1.095301185,,,1.095301185,1.095301185,,17.001764648,,17.001764648,9.703534758,0.16749312,0.59237,0.0193,0,4.2057,2.31336677,,0,0,,,0.900936739,0.900936739,,0,0,,,,20.222068428,20.222068428,
2019-03-01,2019,"Q1","2018/19","Q3","March",1331.904263922,1293.227249075,1293.227249075,433.910966118,240.319172602,63.368029617,0,108.366219919,10.487379333,5.799969562,5.570195085,706.223075046132,390.546027510653,214.330672986653,109.100856847148,89.1286984468517,-22.01420077,295.475028104479,18.0964015344789,165.63112668,111.74749989,1.865737817,,1.865737817,18.336281614,8.768881156,3.220232,6.347168458,,146.467320306868,106.958688046868,13.784795809,,17.790846589,7.320749631,0.612240231,6.625887604,,6.625887604,,38.677014847,0.522993796,,,0.522993796,0.522993796,,20.012973039,,20.012973039,11.894168361,0.19217651,0.57022,0.0117005,0,4.64777,2.696937668,,0,0,,,0.954684645,0.954684645,,0,0,,,,17.186363367,17.186363367,
2019-04-01,2019,"Q2","2018/19","Q4","April",1294.706024421,1253.238285113,1253.238285113,392.094241448,238.349482304,56.408643372,0,81.660191366,5.189492785,7.035734424,3.450697197,705.337259777971,365.317289642104,217.605606427104,113.072383685692,86.9296328253081,-52.290333296,321.071784955867,14.1262588208668,191.134134468,115.811391667,2.266933005,,2.266933005,16.681252175,7.628629697,3.093972,5.958650478,,147.316250531029,106.442809030029,13.328936158,,19.723925568,7.254684988,0.565894787,8.490533356,,8.490533356,,41.467739308,1.444244161,,,1.444244161,1.444244161,,23.223277339,,23.223277339,10.850095608,0.22054663,0.59195,0.0083028,0,3.99263,7.559752301,,0,0,,,0.783247794,0.783247794,,0,0,,,,16.016970014,16.016970014,
2019-05-01,2019,"Q2","2018/19","Q4","May",1299.970405283,1256.37361608,1256.37361608,380.358814504,247.041818085,21.399690722,0,96.379840136,5.757268341,6.274712037,3.505485183,696.544081190572,384.36905574396,229.51240292996,95.7653575662422,96.2364149017578,-37.145119654,291.002253305611,19.7812120256115,171.39032636,99.8307149199999,2.903129734,,2.903129734,18.269642407,8.71901607,3.415441,6.135185337,,167.620430635428,124.107331902428,15.786858212,,18.733499352,8.36737427,0.625366899,11.85028975,,11.85028975,,43.596789203,2.7855995,,,2.7855995,2.7855995,,21.877468056,,21.877468056,12.553692392,0.262341625,0.785865,0.0084368,0,3.85734,4.409792239,,0,0,,,0.890308468,0.890308468,,0,0,,,,18.043413179,18.043413179,
2019-06-01,2019,"Q2","2018/19","Q4","June",1856.460685565,1822.882301079,1822.882301079,935.061223611,318.108322312,431.79883575,0,129.072113646,35.810250454,7.476928386,12.794773063,711.51903544714,409.753671480274,218.639615563274,124.850981249169,103.577190701831,-37.314116034,282.773815990867,17.2189123648669,163.28255452,102.272349106,1.914156957,,1.914156957,17.077391019,7.485382,3.719964,5.872045019,,165.672937423859,123.985445613859,15.432676977,,17.357349195,8.174155921,0.723309717,10.629104597,,10.629104597,,33.578384486,1.130725795,,,1.130725795,1.130725795,,17.714780712,,17.714780712,9.547988042,0.1937228,0.643131,0.0033965,0,3.61974,3.70680237,,0,0,,,0.924083751,0.924083751,,0,0,,,,13.808794228,13.808794228,
2019-07-01,2019,"Q3","2019/20","Q1","July",1285.520855054,1185.004248206,1185.004248206,356.404202364,182.673471458,25.762799073,0,133.620836984,4.094959346,6.019130239,4.233005264,659.411015109521,371.31179573634,214.95039483934,99.9713515935812,96.1638885674188,-39.773839264,280.212705321181,12.6088866691807,170.05484272,97.548975932,1.92591519,,1.92591519,15.051976344,,4.553333,5.960598862,,158.959010146479,111.421406133479,18.950979474,,20.251985359,7.613479699,0.721159481,10.230020586,,10.230020586,,100.516606848,1.554994416,,,1.554994416,1.554994416,,55.915358914,,55.915358914,9.308131483,0.283296801,0.833485,0.002479,0,4.551169104,5.622115581,,15.709372601,0,,,1.005586976,1.005586976,,0,0,,,,42.040666542,10.962012145,31.078654397
2019-08-01,2019,"Q3","2019/20","Q1","August",1369.925031546,1272.421199758,1272.421199758,392.753440129,255.017984859,11.875782794,0,113.025067889,2.806313731,5.182634832,4.845656024,715.426444567628,420.450773073268,226.917956332268,110.77146492459,110.08135181641,-27.32,285.096953920361,16.1164399613608,162.666011808,106.314502151,2.123133088,,2.123133088,14.281582737,,4.1768,7.755584486,,154.606871243371,113.117251386371,15.306666226,,18.484484937,6.009958854,1.68850984,9.634443818,,9.634443818,,97.503831788,0.959930105,,,0.959930105,0.959930105,,45.228957847,,45.228957847,8.856061452,0.26917395,0.827833065,0.0169905,0,3.849920356,3.487168487,,9.4634273,0,,,0.944253652,0.944253652,,0,0,,,,50.370690184,3.384257517,46.986432667
2019-09-01,2019,"Q3","2019/20","Q1","September",1381.468494678,1299.610537047,1299.610537047,407.467192014,239.983183585,31.400806655,0,119.496637639,7.007667394,5.123790539,4.455106202,731.964165021004,424.650461389065,213.595465337065,124.625804204247,109.410422873753,-22.981231026,298.753291389939,15.1485278149391,173.117580624,110.487182951,2.437303001,,2.437303001,8.34009907,,3.987572,6.123109241,,151.536893397996,107.960927630995,14.547582786,,17.918510281,7.405398233,3.704474467,8.642286614,,8.642286614,,81.857957631,1.360887694,,,1.360887694,1.360887694,,33.969277415,,33.969277415,8.578702612,0.2288589,0.5246423,0.1308515,0,3.432720832,2.495370903,,6.250459298,0,,,0.941406339,0.941406339,,0,0,,,,45.586386183,2.981708481,42.604677702
2019-10-01,2019,"Q4","2019/20","Q2","October",1447.407472373,1325.077760063,1325.077760063,377.606551485,245.695269383,14.549443731,0,102.358508092,5.173576713,6.961912444,2.867841122,764.721448200943,436.423760078855,237.784917866855,127.629654669168,95.8658340908317,-24.856646548,320.576445766088,19.4157402020882,192.22891972,108.931785844,1.891489043,,1.891489043,11.741730121,,3.875363,5.829753313,,173.442910697057,123.578140762057,16.165960621,,21.164624383,8.822622576,3.711562355,9.30684968,,9.30684968,,122.32971231,0.880047016,,,0.880047016,0.880047016,,45.476882644,,45.476882644,10.7372875,0.2743436,0.584462875,0.0060433,0,4.32771711,3.053328675,,10.876606463,0,,,0.843900199,0.843900199,,0,0,,,,75.128882451,3.45441341800001,71.674469033
2019-11-01,2019,"Q4","2019/20","Q2","November",1428.110828231,1293.343392927,1293.343392927,368.15221193,236.011094249,18.254063747,0,98.015657379,5.693316241,6.717417344,3.46066297,748.919602481988,423.359229884909,226.620148170909,117.383816891421,110.396743760579,-31.041478938,318.310505157078,22.6533916810783,183.1651608,112.491952676,1.665736431,,1.665736431,14.61523775,,4.027243,5.584131009,,168.596641562012,119.770018390012,16.584102354,,22.133008939,8.291141437,1.818370442,7.674936953,,7.674936953,,134.767435304,0.713491398,,,0.713491398,0.713491398,,58.340204708,,58.340204708,9.684017128,0.39552485,0.897343553,0.00636,0,4.369509726,3.922921944,,20.422046757,0,,,1.060664169,1.060664169,,0,0,,,,74.653075029,3.79261957299999,70.860455456
2019-12-01,2019,"Q4","2019/20","Q2","December",2199.531742523,2125.89912021,2125.89912021,1207.931838142,277.159654525,769.239570989,0,109.683064008,32.037079005,6.96813318,12.844336435,739.555547330973,413.128919519652,221.282602133652,122.761583271769,93.0757111292309,-23.990977015,317.726452224322,14.640845644322,200.18389528,102.9017113,2.329835817,,2.329835817,15.521301702,,3.6340479,6.37033977,,169.396793369026,121.211337966026,16.188429401,,22.803452218,7.907239748,1.286334036,9.014941368,,9.014941368,,73.632622313,0.969817696,,,0.969817696,0.969817696,,44.933477707,,44.933477707,9.4777487,0.22682334,0.759345515,0.016364126,0,3.393283584,3.585520986,,8.319041854,0,,,0.727190119,0.727190119,,0,0,,,,27.002136791,4.374567307,22.627569484
2020-01-01,2020,"Q1","2019/20","Q3","January",1532.846922473,1449.580298391,1449.580298391,467.227514877,269.658095661,20.398245891,0,157.990399419,4.966987587,9.72766644,4.486119879,811.509740833167,465.902354747331,243.439682383331,141.714346090588,120.407229517411,-39.658903244,336.258939184836,16.9639410368365,191.941921684,127.353076464,2.298971621,,2.298971621,13.070845808,,4.092394,7.04947528,,163.914101835833,118.822037759833,16.797942937,,20.116740661,7.675301267,0.502079211,6.928940845,,6.928940845,,83.266624082,0.544657585,,,0.544657585,0.544657585,,44.961488674,,44.961488674,8.746443101,0.2119019,0.712717,0.0291573,0,6.045193962,2.55778441,,9.495051193,0,,,0.777674211,0.777674211,,0,0,,,,36.982803612,3.065846214,33.916957398
2020-02-01,2020,"Q1","2019/20","Q3","February",1413.463326414,1329.810961652,1329.810961652,380.128877244,255.791127349,12.071189287,0,98.143952263,3.012407351,5.411039959,5.699161035,785.417132876013,476.814201436678,236.183913083678,146.436055078356,110.628181729644,-16.433948455,299.595324881334,17.1818107071344,168.5041067072,113.909407467,2.314033507,,2.314033507,13.423331192,,3.858048,6.693573051,,155.927593761987,114.323793571987,15.125730521,,18.928834181,7.214821657,0.334413831,8.33735777,,8.33735777,,83.652364762,0.887435909,,,0.887435909,0.887435909,,41.269060743,,41.269060743,8.333519945,0.2465414,0.54759,0.0199698,0,6.205721223,3.52402461,,5.110314573,0,,,0.913920144,0.913920144,,0,0,,,,40.581947966,4.221540173,36.360407793
2020-03-01,2020,"Q1","2019/20","Q3","March",1393.253524895,1295.552059694,1295.552059694,417.400596996,268.197663358,27.529637372,0,102.491369613,8.177888125,6.642082729,4.361955799,740.006496453173,427.447373865316,214.846915780316,139.673848330035,98.5520957089651,-25.625485954,304.530064355856,16.1484345708564,175.812224928,112.569404857,1.403989903,,1.403989903,10.672381689,,3.248176,6.625068329,,128.390674761828,92.9667233458275,10.918190423,,17.561544124,6.650689472,0.293527397,9.754291483,,9.754291483,,97.701465201,1.53959266,,,1.53959266,1.53959266,,40.257360696,,40.257360696,9.004266,0.25545315,0.45333,0.019376,0,3.518481946,3.326716738,,9.759179173,0,,,0.730781342,0.730781342,,0,0,,,,55.173730503,6.053917371,49.119813132
2020-04-01,2020,"Q2","2019/20","Q4","April",1152.573665679,931.419157625,931.419157625,356.976075851,242.057795438,24.064679257,0,81.972656788,0.677017446,7.344941605,0.858985317,510.24480524391,278.361135823768,126.725385649768,116.08491337206,69.6250461329402,-34.074209331,226.557494809142,8.81006910014221,101.13868216,116.608743549,0.216125995,,0.216125995,0.46750899,,0.046076,5.110048616,,64.5103403060897,50.4324821070897,7.26165265,,2.791679272,3.80190956,0.222616717,-0.312063776,,-0.312063776,,221.154508054,0.435788896,,,0.435788896,0.435788896,,217.548734204,,217.548734204,1.340538973,0.000715,0.00186,-0.0005785,0,0.06277,0.694738018,,214.935105723,0,,,0.06128058,0.06128058,,0,0,,,,3.108704374,-2.69936782,5.808072194
2020-05-01,2020,"Q2","2019/20","Q4","May",887.616309936,872.07322962,872.07322962,333.099139521,244.595394703,8.296465471,0,68.70446999,3.805048649,7.096197676,0.601563032,454.482845275178,266.28677763684,162.39664444284,93.2880667348732,73.1823863251268,-62.580319866,183.352455108338,12.652040114338,98.50530096,72.195114034,0.141672825,,0.141672825,0.603410025,,0.2762716,4.701939705,,82.114276934822,61.296577625822,9.004252913,,7.116926814,4.416662021,0.279857561,2.376967889,,2.376967889,,15.543080316,0.075724651,,,0.075724651,0.075724651,,10.277273811,,10.277273811,2.945753,0.00863215,0.012756278,0.0004215,0,0.0123222,0.736734908,,5.68097215,0,,,0.196218344,0.196218344,,0,0,,,,4.99386351,0.605902503,4.387961007
2020-06-01,2020,"Q2","2019/20","Q4","June",1794.14345868375,1532.41528441375,1532.41528441375,794.443005977,322.992012666,338.857389987,0,91.239315087,26.23467124,7.440518368,7.679098629,625.560756986834,328.060096450355,173.641826920602,106.821210334,74.0321628817533,-26.435103686,291.460642417479,11.4674029138791,195.2202300136,84.77300949,0.287654721,,0.287654721,5.051756761,,3.3314547,5.752363398,,106.912050820919,73.8723048429193,9.561229853,,17.378305178,5.725525909,0.374685038,5.499470629,,5.499470629,,261.72817427,3.414726585,,,3.414726585,3.414726585,,239.579838071,,239.579838071,6.811800688,0.18038885,1.14384,0.0053595,0,0.368948844,4.481988147,,218.204300581,0,,,0.305303825,0.305303825,,0,0,,,,18.428305789,1.893864291,16.534441498
2020-07-01,2020,"Q3","2020/21","Q1","July",1224.62831547032,1153.63005597932,1153.910687306,351.407356842315,177.178590673,29.7869235,-0.280631326684812,127.23344988,5.142402783,8.8218881,3.524733233,651.672523249823,388.515738814046,196.976094414046,131.353759083024,91.1304918569755,-30.94460654,255.695882725777,10.7891191165769,142.6086255592,102.29813805,0.72700804,,0.72700804,13.210853273,,4.586806,6.73389367,,142.969450067177,95.1714912071767,18.783548025,,21.79887617,6.951353982,0.264180683,7.58072582,,7.58072582,,70.998259491,1.222658127,,,1.222658127,1.222658127,,31.461777405,,31.461777405,9.101866308,0,0.7197211,0.008772,0,1.033328002,2.800430722,,0,0,,,0.787943825,0.787943825,,0,0,,,,37.525880134,37.525880134,0
2020-08-01,2020,"Q3","2020/21","Q1","August",1400.8583374321,1323.6537705781,1320.710810311,373.8192790951,217.445854746,10.571365469,2.94296026710001,127.06396887,3.427440967,6.324058242,6.043630534,775.859175811002,449.688139464924,238.531522850924,145.764016889621,101.084046265379,-35.691446541,318.336877654078,14.5140142744779,186.8097662256,117.013097154,0.553668698,,0.553668698,14.721980361,,4.436333,7.280489994,,166.006021811998,116.128412007998,19.202812951,,21.856478803,8.527092868,0.291225182,7.96929386,,7.96929386,,77.204566854,1.250272087,,,1.250272087,1.250272087,,36.676031164,,36.676031164,11.3777935,0,0.78415,0.140915672,0,1.877620612,3.337238019,,0,0,,,0.979938393,0.979938393,,0,0,,,,38.29832521,38.29832521,0
2020-09-01,2020,"Q3","2020/21","Q1","September",1493.81465142776,1422.56710838276,1421.949356051,477.222879421757,252.58208145,57.438439236,0.617752331757004,146.443899838,9.775943852,5.711330795,4.653431919,766.684765899128,443.101790008585,229.428167586585,151.634741398832,95.6126041601676,-33.573723137,316.416501984544,17.5030431773435,177.7160466312,121.197412176,0.581041279,,0.581041279,12.06159062,,4.019429,6.585432627,,169.594581665872,120.564485140872,16.814078173,,22.9541544,8.978800439,0.283063513,9.064881396,,9.064881396,,71.247543045,1.355504923,,,1.355504923,1.355504923,,32.183321776,,32.183321776,10.126643026,0,0.61542982,0.0167866,0,2.60705865,2.73638406,,0,0,,,1.13471902,1.13471902,,0,0,,,,36.573997326,36.573997326,0
2020-10-01,2020,"Q4","2020/21","Q2","October",1460.5250412096,1388.1266391306,1345.568261498,421.1214899796,251.486719001,13.749282166,42.5583776326,94.708947943,5.939483447,7.856182551,4.822497239,781.848784117984,439.605082830821,247.706458544821,140.967573516698,84.4016192503023,-33.470568481,334.539178043163,21.2757335669625,191.0756530672,122.187791409,0.773747332,,0.773747332,11.890374704,,3.847652,6.930775912,,176.566784955016,127.116831169016,17.605390907,,23.242906478,8.274318937,0.327337464,8.589580078,,8.589580078,,72.398402079,0.617759154,,,0.617759154,0.617759154,,34.815799644,,34.815799644,9.1206955,0,0.64139,0.029658,0,3.513355162,5.772674278,,0,0,,,0.838343623,0.838343623,,0,0,,,,36.126499658,36.126499658,0
2020-11-01,2020,"Q4","2020/21","Q2","November",1550.10575149187,1449.66115693987,1362.7408373566,500.621220437273,232.755974781,66.147410618,86.920319583273,100.497539451,3.796533585,7.252000755,3.251441664,776.541271859778,448.014394455086,244.185622516087,139.826457525835,87.5057420451645,-23.503427632,320.444306133692,19.329687373692,182.752100438,118.362518322,1.036331619,,1.036331619,11.502295644,,3.671405,7.046239652,,164.281660277821,119.735124075821,15.3275882,,20.521413388,8.40174702,0.295787594,8.217004365,,8.217004365,,100.444594552,0.520529601,,,0.520529601,0.520529601,,32.664887572,,32.664887572,9.721407788,0,0.6337,0.026892104,0,3.434633633,3.674553403,,0,0,,,0.740888173,0.740888173,,0,0,,,,66.518289206,66.518289206,0
2020-12-01,2020,"Q4","2020/21","Q2","December",2774.64676084342,2448.44613583842,2450.068836887,1317.10061033942,290.411687921,702.511908683,-1.62270104857802,268.618721044,35.067070308,8.628537356,13.485386076,892.497944532642,501.804054492949,256.854882350949,176.253563577625,97.9472630673753,-29.251654503,382.773937881693,15.3703766701933,232.6806611475,134.722900064,0.82347685,,0.82347685,13.015857551,,2.842189,7.096475308,,199.194031966358,142.927279917358,17.256234863,,29.691902772,8.869272094,0.44934232,39.653549,,39.653549,,326.200625005,0.940190151,,,0.940190151,0.940190151,,35.664473319,,35.664473319,11.089255728,0,0.802349,0.0142325,0,4.221310448,3.679279092,,0,0,,,0.769986256,0.769986256,,0,0,,,,288.825975279,288.825975279,0
2021-01-01,2021,"Q1","2020/21","Q3","January",1449.38578527062,1393.50911085562,1390.805210232,467.111750284623,249.32483615,34.179774965,2.70390062362301,164.390448638,4.296989524,8.704446051,3.511354333,787.253472852973,415.147585319973,203.219818925973,147.208217514605,84.9960093063947,-20.276460427,363.717776849,13.3002361849998,210.45081316,139.966727504,1.828308372,,1.828308372,8.614341208,,2.361638,6.559802312,,132.553456554027,100.659815260027,10.968732624,,15.539726992,5.114848115,0.270333563,6.590431164,,6.590431164,,55.876674415,0.20859994,,,0.20859994,0.20859994,,24.351181775,,24.351181775,7.003750886,0,0.56868,0.1125989,0,3.618541578,2.071631203,,0,0,,,0.424533427,0.424533427,,0,0,,,,30.892359273,30.892359273,0
2021-02-01,2021,"Q1","2020/21","Q3","February",1429.36679499562,1341.57250983862,1338.848595567,378.523997189622,255.523833048,6.416173084,2.72391427162202,101.199427084,3.020495138,6.771755127,2.868399437,801.338815356149,457.404342712858,230.409167732858,149.931903242857,101.082688990143,-24.019417253,335.84577911929,12.4634966662902,207.188539839,116.193742614,1.782670112,,1.782670112,11.714912221,,3.675877,6.306023412,,155.470780151851,112.099937451851,13.784252712,,22.018541892,7.407694112,0.160353984,6.238917141,,6.238917141,,87.794285157,2.087653862,,,2.087653862,2.087653862,,35.437662026,,35.437662026,9.216402767,0,0.60248,0.0214636,0,7.009874883,3.196651555,,0,0,,,0.695053134,0.695053134,,0,0,,,,49.573916135,49.573916135,0
2021-03-01,2021,"Q1","2020/21","Q3","March",1665.37485758254,1520.93546798454,1520.377336599,474.455189821544,274.894885433,54.590605531,0.558131385543987,123.616201135,9.715201366,5.973860219,5.106304752,857.876352060897,488.187644660162,276.074361595162,139.697573742869,102.917759515131,-30.502050193,360.866620627735,18.2986760127353,222.863647486,119.704297129,1.334314951,,1.334314951,17.136686893,,5.051665,7.487771822,,180.074561052103,128.387102941103,14.673079011,,27.8270775,9.020635145,0.166666455,8.52936505,,8.52936505,,144.439389598,1.585487998,,,1.585487998,1.585487998,,47.318377032,,47.318377032,11.417354965,0,0.71623,0.023796,0,9.517323478,3.455320696,,0,0,,,1.229338908,1.229338908,,0,0,,,,94.30618566,94.30618566,0
2021-04-01,2021,"Q2","2020/21","Q4","April",1620.12438977966,1520.43015572366,1521.147173671,441.067989062663,276.274045981,34.305693953,-0.717017947337013,116.218109645,4.618626029,7.616787608,2.751743794,913.237265927601,515.452998492927,247.371804210927,175.68093545829,119.33485940571,-26.934600582,389.892391193674,15.6375725246742,238.073101832,136.181716837,1.185880151,,1.185880151,15.6264070355,,5.01378,6.70599609,,157.494276445399,115.165151394399,13.567892375,,21.021051049,7.619438347,0.12074328,8.630624288,,8.630624288,,99.694234056,0.288649887,,,0.288649887,0.288649887,,42.082229215,,42.082229215,9.715979413,0,0.30534,0.059557021,0,8.0277692935,3.333396452,,0,0,,,1.042663568,1.042663568,,0,0,,,,56.280691386,56.280691386,0
2021-05-01,2021,"Q2","2020/21","Q4","May",1566.05731561623,1413.45053166823,1409.555292999,422.536628881227,266.336006276,20.115784933,3.89523866922701,116.774062397,5.220366331,6.061713827,4.133456448,829.263297072114,454.553418295814,227.408265254814,166.941590117077,94.3853625229226,-34.181799599,366.0622563943,14.3865815663,224.54693715,127.128737678,1.527964902,,1.527964902,13.7684154935,,5.552868,7.11965748,,153.006617783886,111.181637300886,13.666352755,,20.39477603,7.639657805,0.124193893,8.643987931,,8.643987931,,152.606783948,2.180384047,,,2.180384047,2.180384047,,39.956050793,,39.956050793,10.055730487,0,0.22653,0.0035803,0,6.4137314565,3.935195056,,0,0,,,0.793815112,0.793815112,,0,0,,,,109.676533996,109.676533996,0
2021-06-01,2021,"Q2","2020/21","Q4","June",2203.887441633,2101.79337985983,2101.095273449,1122.09991346383,364.927336274,537.832177429,0.698106410828984,114.804580837,27.222124624,8.195653176,68.419934713,818.791272519302,437.047612917107,234.304433678107,154.648484870786,112.615976549214,-64.521282181,374.113605919196,12.4755314175955,236.6160679636,125.022006538,1.152454573,,1.152454573,11.0406521495833,,3.4776,6.47759911,,155.124330772698,113.982421536698,14.38722626,,18.467401685,8.040956488,0.246324803,5.777863104,,5.777863104,,102.094061773167,0.697118062,,,0.697118062,0.697118062,,29.5647114141667,,29.5647114141667,8.496172075,0,0.3773,0.002231,0,2.76083890758333,3.409917282,,0,0,,,0.483753892,0.483753892,,0,0,,,,71.348478405,71.348478405,0
2021-07-01,2021,"Q3","2021/22","Q1","July",1386.606853633,1344.385830434,1344.385830434,438.766630247,224.151287348,36.657883069,0,161.689302301,8.591629135,9.482939333,-1.806410939,753.672235772256,458.233743888159,241.566670572159,134.079962169912,103.292809900088,-20.705698754,278.293090355097,15.8856550837971,150.4919034893,111.915531782,10.778927365,,10.778927365,1.842400941,,1.434646,6.366474164,,146.299677446744,106.816640229744,13.960018606,,17.533004846,7.445850865,0.5441629,5.647286968,,5.647286968,,42.221023199,2.208581588,,,2.208581588,2.208581588,,31.683113948,,31.683113948,7.470600425,0,9.177626425,0.0192901,0,9.3742584,2.364291657,,0,0,,,0.351386787,0.351386787,,0,0,,,,7.977940876,7.977940876,0
2021-08-01,2021,"Q3","2021/22","Q1","August",1540.861372761,1460.757592274,1460.757592274,439.394775889,264.827768279,13.933868631,0,149.819077233,3.833969018,4.289199372,2.690893356,854.32768971922,475.930580890751,240.79137317375,145.266938093551,109.722410583449,-19.85014096,370.71092505747,21.0456171439699,217.5986086455,132.066699268,1.337330674,,1.337330674,22.799753151,,0,6.348853097,,158.78125420878,110.26141100078,15.254264919,,23.902415716,8.135566547,1.227596026,8.253872457,,8.253872457,,80.103780487,0.531465287,,,0.531465287,0.531465287,,71.577102608,,71.577102608,12.607721151,8.318892,8.120752265,0.0037375,0,14.798472984,4.927773557,,0,0,,,0.669063498,0.669063498,,0,0,,,,7.32614909400002,7.32614909400002,0
2021-09-01,2021,"Q3","2021/22","Q1","September",1567.550775836,1450.385690744,1450.385690744,455.058030797,277.077453354,27.987032245,0,123.09464469991,10.261652397,6.95483897409,9.682409127,819.035730654414,450.913948878443,251.944685754443,123.838109658925,96.5129121570746,-21.381758692,360.402551108971,18.811641646971,219.30242463,122.288484832,1.635804586,,1.635804586,20.334204407,,0,6.083426081,,164.864423792586,120.170954699586,13.330230173,,21.097576209,9.240885208,1.024777503,11.4275055,,11.4275055,,117.165085092,0.593175508,,,0.593175508,0.593175508,,67.869292583,,67.869292583,11.759996407,7.157817,8.93689814,0.0041129,0,15.025958542,4.650305187,,0,0,,,1.408835105,1.408835105,,0,0,,,,47.293781896,47.293781896,0
2021-10-01,2021,"Q4","2021/22","Q2","October",1554.405888999,1468.280910564,1468.280910564,421.395815269,260.284563326,15.781141529,0,126.08887389941,6.112481589,9.92625764259,3.202497283,874.858583100846,481.995690101008,248.576816997008,143.603668145415,105.941651367585,-16.126446409,386.105456528838,22.7030190017385,225.8957416431,137.506695884,0.738167247,,0.738167247,18.241086503,,0,6.019269224,,162.915011625154,120.337277789154,11.281819829,,21.706029575,8.689921895,0.899962537,9.111500569,,9.111500569,,86.124978435,0.317893724,,,0.317893724,0.317893724,,64.246643001,,64.246643001,10.727944503,6.046862,9.947716466,0.0039974,0,16.284472195,2.994563934,,0,0,,,1.172347588,1.172347588,,0,0,,,,20.388094122,20.388094122,0
2021-11-01,2021,"Q4","2021/22","Q2","November",1733.567007643,1579.815156117,1579.815156117,465.494864553,302.14341736,21.573620549,0,124.61965088404,5.601209344,8.98236905296,2.574597363,918.485580616081,505.430628161279,287.095281158279,136.862810851065,110.553692765935,-29.081156614,402.010559422802,27.3569215727025,237.8507320301,136.80290582,4.602282757,,4.602282757,18.422651955,,0,6.442110275,,187.349939758919,139.405621537919,14.66265172,,21.73764169,10.407955786,1.136069025,8.484771189,,8.484771189,,153.751851526,1.473763436,,,1.473763436,1.473763436,,70.55868319,,70.55868319,11.239614955,6.024193,10.564608509,0.049622,0,18.763878714,5.494114057,,0,0,,,1.296668624,1.296668624,,0,0,,,,80.422736276,80.422736276,0
2021-12-01,2021,"Q4","2021/22","Q2","December",2469.518538464,2354.895484258,2354.895484258,1131.790459199,312.383688915,622.450475504,0,140.91801669477,36.923288795,7.38135961223,11.733629678,999.322420695729,575.30743601827,301.83517082627,176.783640881121,132.249226540879,-35.56060223,411.943090795459,26.0188597990589,248.8325229954,137.091708001,5.749077211,,5.749077211,18.163692224,,0,6.322816671,,214.778949191271,161.887758612271,15.325543148,,25.558140557,10.928602142,1.078904732,9.003655172,,9.003655172,,114.623054206,0.833474129,,,0.833474129,0.833474129,,74.574296472,,74.574296472,11.437908224,5.52334,8.36448444,0.0252145,0,17.232212654,13.82744443,,0,0,,,1.092221028,1.092221028,,0,0,,,,38.123062577,38.123062577,0
2022-01-01,2022,"Q1","2021/22","Q3","January",1831.800384683,1688.352816809,1688.352816809,521.756838379,293.506908112,41.045800431,0,165.22944191513,7.78788223,10.68963735487,3.497168336,999.585152166853,563.589615714315,268.931153752315,197.762474275549,118.329044543451,-21.433056857,425.441859286538,21.2208015505381,245.18915894,159.031898796,4.321731321,,4.321731321,17.261955486,,0,6.231945845,,152.096789670147,113.469117626147,9.959976485,,19.716706062,8.308532821,0.642456676,14.914036593,,14.914036593,,143.447567874,1.47347502,,,1.47347502,1.47347502,,63.713367814,,63.713367814,10.306642446,5.658892,10.680409692,0.0284745,0,15.094181505,4.682812185,,0,0,,,0.734372738,0.734372738,,0,0,,,,77.526352302,77.526352302,0
2022-02-01,2022,"Q1","2021/22","Q3","February",1659.483541375,1548.520802679,1548.520802679,421.975841915,291.451405664,15.46061514,0,96.9509191292,6.192005258,7.9234727968,3.997423927,933.552534690374,538.045921743157,277.548399773157,163.009464842705,119.157359175295,-21.669302048,384.087689970217,24.1811048249174,218.2170072593,141.689577886,4.495847238,,4.495847238,16.554912777,,0,6.923075739,,184.154204509626,139.984096411626,13.313868181,,20.978226518,8.924540377,0.953473022,8.838221564,,8.838221564,,110.962738696,0.684272449,,,0.684272449,0.684272449,,62.23609006,,62.23609006,9.934681777,5.368976,11.466606724,0.0255723,0,16.139470313,2.745870169,,0,0,,,1.037365163,1.037365163,,0,0,,,,47.005011024,47.005011024,0
2022-03-01,2022,"Q1","2021/22","Q3","March",1846.933605638,1681.893936908,1681.893936908,572.697309707,316.958849817,88.598095499,0,137.02005179927,11.999476028,7.47172714973,10.649109414,906.324466490875,486.22139389477,297.15254998877,153.406927593461,123.722145476539,-88.060229164,407.157813646105,25.7043955389953,251.08156486011,130.371853247,5.653685171,,5.653685171,20.097526875,,0,7.291573779,,193.834020338125,145.164559083125,15.262008417,,22.258782731,10.294493824,0.854176283,9.038140372,,9.038140372,,165.03966873,0.524427617,,,0.524427617,0.524427617,,75.008551367,,75.008551367,12.533598875,6.329268,14.041164184,0.0189649,0,18.314697634,3.673330899,,0,0,,,1.261785605,1.261785605,,0,0,,,,88.244904141,88.244904141,0
2022-04-01,2022,"Q2","2021/22","Q4","April",1796.50638776396,1670.97823218196,1670.97823218196,513.111403242,313.34127102,35.120240997,0,142.09545006989,8.025651403,9.78568380111,4.743105951,973.049094125294,540.679823687476,270.253160547476,170.141585177012,114.360429517988,-14.075351555,421.069838820819,22.2966143756601,253.4006299342,145.372594510958,5.023869368,,5.023869368,16.921249933,,0,6.275562249,,176.761499239664,130.030146498664,15.260027823,,20.52442578,9.853012658,1.09388648,8.056235575,,8.056235575,,125.528155582,0.503743434,,,0.503743434,0.503743434,,62.926978489,,62.926978489,10.717074933,5.307395,11.270995458,0.0060916,0,15.595729998,3.108441567,,0,0,,,0.926554385,0.926554385,,0,0,,,,61.170879274,61.170879274,0
2022-05-01,2022,"Q2","2021/22","Q4","May",1760.59095135085,1649.16617885785,1649.16617885785,541.789057164,343.619620893,33.069715378,0,145.65751469762,7.895369037,7.84772596838,3.69911119,912.898820122921,549.65178312597,301.07159136897,163.574138068527,119.918554202473,-34.912500514,350.79979761995,21.1626789751006,183.321011909,146.31610673585,5.717534323,,5.717534323,18.946580805,,0,6.729705054,,185.622155856929,136.479250462929,14.340171349,,21.764571602,11.668793767,1.369368676,8.856145714,,8.856145714,,111.424772493,1.780996605,,,1.780996605,1.780996605,,67.577623229,,67.577623229,11.814862805,6.057098,9.850274066,0.027979857,0,17.123176786,3.75765091,,0,0,,,1.315743829,1.315743829,,0,0,,,,40.75040883,40.75040883,0
2022-06-01,2022,"Q2","2021/22","Q4","June",2682.50788974713,2527.52994542113,2527.52994542113,1398.7551579,434.549315405,684.177289953,0,215.57264670069,42.87863504,6.16912307531,15.408147726,935.467258086361,521.824388900371,304.868947107371,196.329612977569,137.483468560431,-116.857639745,402.24674467699,22.3009482345648,235.0916442443,144.854152198125,3.627424481,,3.627424481,19.465616104,,0,7.768700028,,181.682521367764,133.426977910764,15.8299757,,20.429311945,10.414126901,1.582128911,11.625008067,,11.625008067,,154.977944326,0.466340441,,,0.466340441,0.466340441,,72.248634689,,72.248634689,10.921715104,6.82604,11.066534442,0.01401345,0,19.128162785,4.826552804,,0,0,,,1.212405845,1.212405845,,0,0,,,,81.050563351,81.050563351,0
2022-07-01,2022,"Q3","2022/23","Q1","July",1765.9574243643,1625.344638727,1625.344638727,469.410852955,231.715346847,47.685093171,0,166.73265020518,8.019216292,9.66845176382,5.590094676,955.61125017889,535.782387540601,290.1516494186,164.418579789249,118.777482264751,-37.565323932,408.363615062289,24.0847842314892,242.1764951268,142.102335704,3.49681687,,3.49681687,21.626817899,,6.858248,7.968430706,,191.64593517111,138.27317741711,18.074074842,,24.23183299,10.099845027,0.967004895,8.676600422,,8.676600422,,140.612785637301,1.144562536,,,1.144562536,1.144562536,,55.672750096,,55.672750096,11.638408767,0.512592451,0.34048,0.0041395,0,10.576275279,4.1157882,,0,0,,,1.163547489,1.163547489,,0,0,,,,82.6319255163015,82.6319255163015,0
2022-08-01,2022,"Q3","2022/23","Q1","August",1879.8707086433,1701.192764704,1701.192764704,519.536447501,342.772090132,19.001146019,0,136.89681803009,6.693925228,9.55917461791,4.613293474,979.952698766435,538.565275011875,303.154719804875,154.7468600652,125.9973733408,-45.333678199,425.59868948956,19.6342700419604,256.4041112146,149.560308233,7.922057808,,7.922057808,25.149983827,,7.495506,7.866676457,,191.755810068565,139.028178443565,17.726102123,,24.248858073,9.629367167,1.123304262,9.947808368,,9.947808368,,178.677943939302,0.892762391,,,0.892762391,0.892762391,,62.521539306,,62.521539306,11.434169358,0.582208844,0.7881141,0.0149995,0,9.903301395,7.153256282,,0,0,,,1.402134195,1.402134195,,0,0,,,,113.861508047302,113.861508047302,0
2022-09-01,2022,"Q3","2022/23","Q1","September",1848.8483637653,1701.41723261,1701.41723261,552.062174048,326.595382422,48.241264993,0,147.61636385689,12.22583853,7.46251285111,9.920811395,949.268758845084,555.127299300799,298.796659465799,182.764151787957,126.606352080043,-53.039864033,370.993363309285,24.4581017772854,186.464510091,160.070751441,14.995112792,,14.995112792,20.94273958,,6.6181385,8.152983443,,189.519568766916,137.904641142916,17.525179077,,22.337704748,10.425218443,1.326825356,10.56673095,,10.56673095,,147.431131155302,0.362064316,,,0.362064316,0.362064316,,49.71578645,,49.71578645,10.8766982,0.414266606,0.54804,0.0112581,0,7.192401153,3.112244311,,0,0,,,1.70579001,1.70579001,,0,0,,,,95.6474903793015,95.6474903793015,0
2022-10-01,2022,"Q4","2022/23","Q2","October",1805.3006274563,1650.914282786,1650.914282786,518.679157291,323.036869222,23.057694456,0,148.29925721193,8.964339482,10.66042428107,4.660572638,943.421442408326,534.285891913662,276.432837899663,172.891404832647,128.124591903353,-43.162942722,393.441692801663,20.4779861614632,220.3441846532,152.619521987,7.079870894,,7.079870894,22.540890412,,6.212039,8.613986799,,181.579759197674,134.267231316674,16.016620703,,20.093780069,9.708701855,1.493425254,7.233923889,,7.233923889,,154.386344670302,0.5759337,,,0.5759337,0.5759337,,51.498555021,,51.498555021,10.068011777,0.45205395,0.73818748,0.0150923,0,7.368822063,4.103458039,,0,0,,,1.538399181,1.538399181,,0,0,,,,100.773456768302,100.773456768302,0
2022-11-01,2022,"Q4","2022/23","Q2","November",1890.8331702283,1751.662232874,1751.662232874,577.904932262,365.770050715,32.91023041,0,157.2741747565,7.353333148,10.2279655405,4.369177692,972.21617004379,565.960476801722,299.835240682722,165.127750488283,131.916395764717,-30.918910134,390.316168187068,21.4686892197981,211.51497635127,157.332502616,7.505808318,,7.505808318,20.84960505,,6.839179,8.433716737,,192.50338360021,145.31388694521,16.134497683,,19.590653249,10.007468398,1.456877325,9.037746968,,9.037746968,,139.170937354302,0.271272777,,,0.271272777,0.271272777,,49.058473251,,49.058473251,9.827038872,0.414773961,0.5436,0.0182778,0,7.214973082,3.351025486,,0,0,,,1.313610787,1.313610787,,0,0,,,,88.5275805393015,88.5275805393015,0
2022-12-01,2022,"Q4","2022/23","Q2","December",2635.7477635083,2489.009337449,2489.009337449,1306.107877135,382.126973353,689.854644023,0,153.30514118007,53.913203111,11.12845650993,15.779458958,973.96874452602,534.178559762161,293.138788720161,188.448049750348,124.747049386652,-72.155328095,407.260998003859,21.2467087589588,228.2500423679,157.764246877,4.654803809,,4.654803809,20.495022019,,6.4045345,27.874382951,,199.86101957398,144.97274506698,17.53457433,,25.576201929,10.417138982,1.360359266,9.071696214,,9.071696214,,146.738426059302,1.065233492,,,1.065233492,1.065233492,,63.121988955,,63.121988955,11.954976811,0.30903082,0.7391,0.023729545,0,6.141845426,17.053749834,,0,0,,,1.122545063,1.122545063,,0,0,,,,81.4286585493015,81.4286585493015,0
2023-01-01,2023,"Q1","2022/23","Q3","January",2130.8248195843,1953.109323085,1953.109323085,647.461549209,382.428265764,51.266044581,0,183.94952781667,10.672875993,13.10307576933,6.041759285,1116.3186299923,649.677079345836,315.545093791836,221.591767624694,140.697392549306,-28.15717462,451.252839448464,25.9225369904641,242.862670117,182.467632341,6.137720846,,6.137720846,17.445515928,,7.792592,9.250990352,,182.0363929257,144.6598712197,13.800630289,,13.473636758,9.148809683,0.953444976,7.292750958,,7.292750958,,177.715496499302,1.710841569,,,1.710841569,1.710841569,,46.756420093,,46.756420093,8.780081251,0.339522519,0.76832,0.0664952,0,8.24928928,3.314603915,,0,0,,,1.060339262,1.060339262,,0,0,,,,128.187895575302,128.187895575302,0
2023-02-01,2023,"Q1","2022/23","Q3","February",1895.4934177363,1769.631916709,1769.631916709,557.174240465,378.691403858,23.392224696,0,127.75615955382,8.415113594,14.09450297618,4.824835787,1027.08265883082,555.421959916128,268.511765300128,193.336781358202,139.317153786798,-45.743740529,457.996138773693,19.7429086506931,284.20007536,154.053154763,5.015908074,,5.015908074,18.382759801,,6.360994,8.648652067,,175.691473831179,128.803051081179,16.018370378,,20.187378967,9.070212593,1.612460812,9.683543582,,9.683543582,,125.861501027302,0.317015612,,,0.317015612,0.317015612,,48.246738664,,48.246738664,11.108039633,0.350126251,0.63308466,0.0229778,0,7.719000779,3.66975574,,0,0,,,1.070681095,1.070681095,,0,0,,,,76.2270656563015,76.2270656563015,0
2023-03-01,2023,"Q1","2022/23","Q3","March",1952.4843636913,1796.305032314,1796.305032314,607.258731621,367.69281926,51.742099558,0,153.94325190272,15.203672561,8.83039596128,9.846492378,1004.29047683206,566.071485130816,284.241984176816,186.639111404171,131.637800571829,-36.447411022,425.281452897247,23.008016242837,241.56724001541,160.706196639,4.285188499,,4.285188499,20.850966572,,7.203077,8.652350305,,176.127815106937,128.013273171937,14.650192852,,21.291672053,8.369619452,3.803057578,8.628008754,,8.628008754,,156.179331377302,1.618045662,,,1.618045662,1.618045662,,54.553145076,,54.553145076,11.879010539,0.40693557,0.64155,0.0319913,0,8.145095498,5.394518597,,0,0,,,1.981474027,1.981474027,,0,0,,,,98.0266666123015,98.0266666123015,0
2023-04-01,2023,"Q2","2022/23","Q4","April",1876.1493225103,1748.344288092,1748.344288092,537.737704574,340.51825861,38.364769515,0,133.49228451575,7.376600446,13.92002194225,4.065769545,1031.24083301742,563.509980972557,261.470369134557,216.668304696177,135.249998051823,-49.87869091,454.46145430886,18.2087492998595,265.60577098,170.646934029,4.711993046,,4.711993046,17.327965526,,4.497778,8.55740469,,171.108597421583,125.269896496583,15.003061117,,18.768984425,9.14194153,2.924713853,8.257153079,,8.257153079,,127.805034418302,1.371516488,,,1.371516488,1.371516488,,42.021677506,,42.021677506,9.656147931,0.30899363,0.471595,0.0089593,0,6.683194605,3.067043514,,0,0,,,1.099228811,1.099228811,,0,0,,,,83.3126116133015,83.3126116133015,0
2023-05-01,2023,"Q2","2022/23","Q4","May",2057.88102980231,1881.456733172,1881.456733172,642.331202723,440.99513324,28.131000789,0,150.28015400522,10.618480408,6.99440514978,5.312029131,1016.61649683965,595.658570736534,322.484668462534,192.541042510083,130.952344433917,-50.31948467,405.040917914113,26.8153743119733,213.33854887314,164.886994729,6.069293347,,6.069293347,22.887020554,,4.993192,9.847714842,,209.724037496353,150.998039372353,22.316537301,,24.115828802,10.340559267,1.953072754,12.784996113,,12.784996113,,176.424296630312,0.198764535,,,0.198764535,0.198764535,,48.853057536,,48.853057536,10.704068863,0.13188945,0.655687,0.037252947,0,8.031774964,1.412171758,,0,0,,,0.414580705,0.414580705,,0,0,,,,126.957893854312,126.957893854312,0
2023-06-01,2023,"Q2","2022/23","Q4","June",3827.7541094953,3664.291965748,3664.291965748,1946.012288549,571.856139055,1023.384724528,0,257.81372617584,65.645707271,9.83925283716,17.472738682,1186.69339200266,749.505870491932,313.354567105932,207.348094009368,279.080256510632,-50.277047134,423.698871327733,23.1189314278333,232.4387492539,168.141190646,3.872960124,,3.872960124,20.190449764,,5.761846,9.615690059,,521.134419090335,465.269603999335,20.376031322,,22.198547606,11.59811446,1.692121703,10.451866106,,10.451866106,,163.462143747302,1.445068853,,,1.445068853,1.445068853,,55.409712408,,55.409712408,13.514553,0.3958742,1.159763,0.0083953,0,7.088074304,7.29075684,,0,0,,,1.483974695,1.483974695,,0,0,,,,105.123387791302,105.123387791302,0
2023-07-01,2023,"Q3","2023/24","Q1","July",1890.5059364485,1734.658682646,1734.658682646,532.905365487,288.866162378,30.256626313,0,178.90177729207,8.948684027,20.80881874593,5.123296731,1015.88016007606,544.973061734699,255.194731374698,203.142737532591,139.73309289141,-53.097500064,456.733216939358,18.6818006633578,274.29493769,163.756478586,4.476679647,,4.476679647,15.796321922,,7.528186,9.697201755,,175.765665488945,125.396613656945,19.563833712,,20.757007056,9.156868387,0.891342677,10.107491594,,10.107491594,,155.8472538025,0.965222113,,,0.965222113,0.965222113,,103.2694976405,,103.2694976405,10.921927264,0.41189546,0.666421,0.0036143,0,13.932143765,3.913064371,,50.0959235585,0,,,1.678767465,1.678767465,,0,0,,,,49.933766584,49.933766584,0
2023-08-01,2023,"Q3","2023/24","Q1","August",2163.78797429818,1990.894497823,1990.894497823,648.407384163,401.777227944,19.979299519,0,204.4887910544,7.917913658,9.3911415526,4.853010435,1125.11593183595,627.148285694723,323.058427245723,205.636601473755,151.535094088245,-53.081837113,482.245237984222,22.1476063472223,279.86135308,180.236278557,5.83342472,,5.83342472,17.197934093,,8.138537,9.888983437,,207.365592420055,148.212756437055,19.33401242,,27.897356898,10.564168777,1.357297888,10.005589404,,10.005589404,,172.89347647518,1.129857671,,,1.129857671,1.129857671,,95.87683181218,,95.87683181218,12.787023145,0.4363527,1.353847,0.0039035,0,12.952586086,4.970473367,,38.03617492118,0,,,1.509620285,1.509620285,,0,0,,,,74.377166707,74.377166707,0
2023-09-01,2023,"Q3","2023/24","Q1","September",2074.01021461704,1896.23929169,1896.23929169,618.057472944,355.839084267,47.50907666,0,176.21475958427,17.658346628,10.67524450273,10.160961302,1071.6451515013,600.48086142865,289.11858659365,211.877642377521,152.630384740479,-53.145752283,456.789027735652,23.1199475678616,248.96918463879,184.699895529,4.97157731,,4.97157731,17.174023152,,6.312448,9.403685027,,195.787059992699,142.401026029699,18.410865558,,23.036135876,10.186656474,1.752376055,10.749607252,,10.749607252,,177.77092292704,1.427591551,,,1.427591551,1.427591551,,100.22377656804,,100.22377656804,12.725735127,0.369201718,0.79862,0.0028185,0,11.346564326,7.24555158,,44.24881416504,0,,,1.34774086,1.34774086,,0,0,,,,74.771813948,74.771813948,0
2023-10-01,2023,"Q4","2023/24","Q2","October",2054.60776609533,1865.355411786,1865.355411786,625.005202777,404.090393076,27.956600005,0,162.50676101522,10.908749718,14.11449408678,5.428204876,1035.16131316972,592.940213424382,291.504208399382,215.764859255709,138.767407147291,-53.096261378,426.576637705335,22.0526046816851,225.66321984765,178.860813176,6.056235255,,6.056235255,17.138382558,,5.956978,9.588226785,,195.816908386283,144.717976824283,17.453385858,,22.462743201,9.859388202,1.323414301,9.371987453,,9.371987453,,189.25235430933,1.87134266,,,1.87134266,1.87134266,,115.08473023133,,115.08473023133,10.702518532,0.368853276,1.168535,0.0247771,0,11.891666322,4.58348512,,63.24953432333,0,,,1.421273274,1.421273274,,0,0,,,,70.875008144,70.875008144,0
2023-11-01,2023,"Q4","2023/24","Q2","November",2150.95065256862,1938.456598578,1938.456598578,655.977168242,362.338050639,30.305407865,0,230.15713238261,13.667055237,13.39064329139,6.118878827,1042.77698300713,561.678091218697,268.359833754698,193.082544453684,153.339737320315,-53.10402431,464.902535944438,19.8611834634577,270.79650867898,174.244843802,7.547532673,,7.547532673,15.796179562,,5.716399,8.648823171,,230.252024620865,177.818575161865,18.201645343,,23.55670297,9.494689854,1.180411292,9.450422708,,9.450422708,,212.49405399062,4.117121691,,,4.117121691,4.117121691,,120.49011827262,,120.49011827262,12.70642264,0.400849193,1.989864,0.057203765,0,12.068485056,5.913939974,,65.84077508262,0,,,1.699842715,1.699842715,,0,0,,,,86.186971312,86.186971312,0
2023-12-01,2023,"Q4","2023/24","Q2","December",3052.56111763687,2902.821113648,2902.821113648,1630.433268878,460.879493322,903.004844077,0,150.63755203938,76.526885174,16.29055822362,23.093936042,1044.92883409064,593.776388660393,270.435792696393,223.670127016273,152.804159709727,-53.133690762,433.496547094249,19.9295262827691,242.88145742448,170.685563387,8.255862884,,8.255862884,14.60421016,,5.291426,9.400035452,,218.850638894358,165.060421750358,17.024616104,,25.493978659,10.104635267,1.166987114,8.608371785,,8.608371785,,149.74000398887,1.510283519,,,1.510283519,1.510283519,,84.86365928187,,84.86365928187,13.413491137,0.4188403,1.63983,0.028738,0,10.866054546,5.889213728,,32.71185541087,0,,,1.082852018,1.082852018,,0,0,,,,62.28320917,62.28320917,0
2024-01-01,2024,"Q1","2023/24","Q3","January",2273.72810234456,2122.517745388,2122.517745388,730.322463701,402.93717789,57.458202246,0,237.39816075985,11.194228808,16.20898182315,5.125712174,1124.57849882351,600.683943546608,240.487792523608,252.637713818265,160.523303744735,-52.96486654,504.648515283904,15.558638651384,286.39822798752,202.691648645,9.25486497,,9.25486497,11.952606678,,5.284728,9.991175023,,258.728430452488,218.176987956488,12.31156097,,18.240443513,8.773289976,1.226148037,8.888352411,,8.888352411,,151.21035695656,3.036430589,,,3.036430589,3.036430589,,91.72622644556,,91.72622644556,10.071638493,0.410631203,1.795466,0.0408908,0,14.210730705,4.68043694,,43.27909762656,0,,,1.000377079,1.000377079,,0,0,,,,55.447322843,55.447322843,0
2024-02-01,2024,"Q1","2023/24","Q3","February",2132.63969111588,1981.870075576,1981.870075576,638.85910114,403.021519416,27.1929192,0,171.76226290199,9.122350676,23.39441197601,4.36563697,1121.3672303214,630.191704931865,297.769684285864,213.042481185136,172.630552525865,-53.251013065,471.037778595533,18.7541023245335,277.6523487,174.631327571,10.007202522,,10.007202522,14.476494271,,5.048709,10.130544272,,212.165746984602,160.513500211602,16.548842171,,23.618647896,10.444381629,1.040375077,9.47799713,,9.47799713,,150.76961553988,12.073474777,,,12.073474777,12.073474777,,85.12934914588,,85.12934914588,12.7292043,0.40113405,2.170513268,0.0451921,0,11.659492224,4.880702599,,33.71790733388,0,,,1.324294609,1.324294609,,0,0,,,,52.242497008,52.242497008,0
2024-03-01,2024,"Q1","2023/24","Q3","March",2123.70982917221,1922.009743789,1922.009743789,662.130755828,406.018075967,65.504621475,0,152.20094041339,20.335348598,10.82452476961,7.247244605,1049.95112057203,584.184270591184,291.075839949184,203.78522018566,142.40212022334,-53.078909767,447.326404571846,18.0916431635758,248.90330100127,180.331460407,8.608471907,,8.608471907,16.991050081,,5.158882,9.831973502,,199.19801052597,150.71853024297,16.023504992,,21.287528975,10.175367494,0.993078822,10.729856863,,10.729856863,,201.70008538321,1.76502957,,,1.76502957,1.76502957,,127.76328716521,,127.76328716521,11.527543327,0.4177339,1.079078,0.0247445,0,11.66398597,5.075194593,,75.82507479421,0,,,1.707764077,1.707764077,,0,0,,,,70.464004571,70.464004571,0
2024-04-01,2024,"Q2","2023/24","Q4","April",2211.06384776613,1994.054600439,1994.054600439,669.067840273,433.492453965,53.500446421,0,145.84730536712,16.54903976,14.38565887488,5.292935885,1098.61140131537,608.116250658742,283.001707358742,228.889866698708,149.321721288292,-53.097044687,469.460267413626,21.4182571186356,261.25923839399,186.782771901,11.507604553,,11.507604553,15.489028397,,4.799502,9.52727869,,215.756994520632,168.047457448632,14.663962216,,21.706685214,10.046541844,1.292347798,10.61836433,,10.61836433,,217.00924732713,4.36137114,,,4.36137114,4.36137114,,124.74029536613,,124.74029536613,11.331467856,0.39213184,1.52053022,0.043594211,0,12.093796516,5.557971353,,73.51227297313,0,,,1.269038079,1.269038079,,0,0,,,,86.638542742,86.638542742,0
2024-05-01,2024,"Q2","2023/24","Q4","May",2291.8979795164,2143.977058314,2143.977058314,798.251861083,480.45263421,47.964625871,0,238.20879889539,11.890219721,12.69410972461,7.041472661,1097.41282953042,596.637378062406,278.315698749406,203.645646933441,167.775325901559,-53.099293522,480.565869951016,20.5523078022657,278.04121814375,181.972344005,9.911519192,,9.911519192,16.306238014,,4.693744,10.298062325,,237.300689875579,185.874335152579,17.721777144,,22.822611618,9.923518196,0.958447765,11.011677825,,11.011677825,,147.9209212024,1.374213285,,,1.374213285,1.374213285,,83.0136281574,,83.0136281574,12.06437536,0.4298361,1.704524,0.0299532,0,12.940303755,5.889496812,,28.9551569164,0,,,1.684540584,1.684540584,,0,0,,,,61.848539176,61.848539176,0
2024-06-01,2024,"Q2","2023/24","Q4","June",3386.47775590234,3226.383377121,3226.383377121,1769.820750656,560.030263239,936.654255324,0,170.60525934309,70.966589869,11.85082968991,19.713553191,1214.1368615504,668.798059939243,325.052026893243,223.391074421217,173.474055432783,-53.119096808,523.489514089156,21.1333674508856,310.43331012027,191.922836518,11.876157765,,11.876157765,0,,0,9.973129757,,230.431067184602,174.366194447602,18.7530808,,21.295114685,11.541049029,4.475628223,11.99469773,,11.99469773,,160.09437878134,1.739384729,,,1.739384729,1.739384729,,69.87557691034,,69.87557691034,0,0.44667545,0,0.123013946,0,28.927403954,6.977164266,,33.40131929434,0,,,1.597693065,1.597693065,,0,0,,,,86.881724077,86.881724077,0
2024-07-01,2024,"Q3","2024/25","Q1","July",2284.97347172749,2102.711820457,2102.711820457,673.095429641,327.256391702,48.63318293,0,259.47017226573,15.159340738,14.54914191827,8.027200087,1144.92021000221,664.678322208712,305.102840194712,166.224833865,193.412947089,-0.06229894,456.370094877498,24.2047559014979,247.75096946,184.414369516,13.613930071,,13.613930071,24.203029257,,4.822492,10.257862845,,274.76294144979,207.85269721379,21.278971198,,30.336832842,11.359705811,3.934734385,9.933239364,,9.933239364,,182.26165127049,4.478016625,,,4.478016625,4.478016625,,119.84000952549,,119.84000952549,14.132850279,0.4320728,1.698451,0.0274357,0,6.543326051,8.659219525,,59.32113291349,0,,,2.095026863,2.095026863,,0,0,,,,55.8485982569999,55.8485982569999,0
2024-08-01,2024,"Q3","2024/25","Q1","August",2368.49587704128,2195.007842019,2195.007842019,747.249422812,429.842072786,65.200667317,0,209.82006819758,10.309511861,26.31645663442,5.760646016,1185.1730918693,629.097932276507,316.779152734507,208.525019487126,179.744344656874,-75.950584602,537.031201701791,22.4227603341914,326.3294295246,188.279011843,8.664646676,,8.664646676,16.554570822,,5.429379,10.379311215,,252.601055052702,195.330511144702,17.304074872,,24.6807734,11.121412646,4.16428299,9.984272285,,9.984272285,,173.48803502228,2.283165615,,,2.283165615,2.283165615,,94.03722593128,,94.03722593128,14.460026945,0.41109593,1.7494418,0.029292,0,11.888085688,5.01679085,,38.49854289628,0,,,1.9966764,1.9966764,,0,0,,,,75.170967076,75.170967076,0
2024-09-01,2024,"Q3","2024/25","Q1","September",2296.63291996434,2105.003721886,2105.003721886,680.829919205,396.35865288,71.2245494229997,0,161.54614128751,23.009394068,11.94790528149,16.743276265,1199.42521464266,625.905593074643,302.713942872643,210.424058663211,169.493390682789,-56.725799144,553.773052128012,21.9853977843021,326.72041697171,205.067237372,10.238545357,,10.238545357,18.358113199,,4.811404,9.508024083,,212.535649363344,159.171421115344,16.691251876,,22.377358276,10.818465023,3.477153073,12.212938675,,12.212938675,,191.62919807834,4.182088638,,,4.182088638,4.182088638,,98.73361458634,,98.73361458634,13.339142498,0.378671145,1.826905,0.01726385,0,10.86912101,7.837745507,,41.29524837734,0,,,1.524554228,1.524554228,,0,0,,,,87.188940626,87.188940626,0
2024-10-01,2024,"Q4","2024/25","Q2","October",2257.62016480752,2088.313814263,2088.313814263,682.739227829,437.040856684,53.712968582,0,152.00404163351,16.683363577,17.68975050449,5.608246848,1157.69721232568,615.930194762222,317.085645879222,204.12164180483,167.80714146417,-73.084234386,518.129089013458,30.8435331418585,297.0607854226,190.224770449,13.792735792,,13.792735792,21.854638392,,4.919323226,9.845192758,,237.230999036319,179.530722915319,17.373974183,,24.665638483,11.528292997,4.132370458,10.646375072,,10.646375072,,169.30635054452,1.84322357,,,1.84322357,1.84322357,,89.65920145752,,89.65920145752,15.830301,0.476025365,1.9693488,0.014804,0,6.262205289,5.632297003,,32.70025838252,0,,,1.608777717,1.608777717,,0,0,,,,76.1951478,76.1951478,0
2024-11-01,2024,"Q4","2024/25","Q2","November",2468.12759153027,2219.763347039,2219.763347039,792.965086949,437.069007232,70.984730541,0,249.36800083323,15.266059929,14.22976890077,6.047519513,1172.54258101547,624.607006002669,308.110520933669,152.190544675685,214.349199718315,-50.043259325,526.566267660801,20.8593520028005,310.35265449,195.354261168,11.618125723,,11.618125723,20.452429252,,4.954991,9.751181629,,244.256748865531,190.824363217531,16.618467595,,22.067887269,11.243135044,3.50289574,9.998930209,,9.998930209,,248.36424449127,2.124426501,,,2.124426501,2.124426501,,132.43524058427,,132.43524058427,11.122095684,0.431471,1.7890086,0.0242813,0,11.288505877,4.875284843,,77.49717302827,0,,,1.608164555,1.608164555,,0,0,,,,112.196412851,112.196412851,0
2024-12-01,2024,"Q4","2024/25","Q2","December",3751.98248866045,3625.078378513,3625.078378513,2055.850516245,473.985358134,1257.402312772,0,195.9106615187,82.499214677,17.2191095083,28.833859635,1196.53417890378,677.924697600022,320.694473750022,260.664861078072,187.073432724928,-90.508069953,494.792654252757,20.8801851297569,274.2632879,199.649181223,14.862463306,,14.862463306,16.692639494,,4.616624226,8.954363745,,362.163399024221,292.855583921221,19.502500189,,32.802041259,12.709515798,4.293757857,10.53028434,,10.53028434,,126.90411014745,1.712431446,,,1.712431446,1.712431446,,75.21715217245,,75.21715217245,15.536499644,0.358356992,1.6050735,0.0246463,0,10.686360162,6.071650362,,19.62530149245,0,,,1.16672814,1.16672814,,0,0,,,,48.807798389,48.807798389,0
2025-01-01,2025,"Q1","2024/25","Q3","January",2504.91266707776,2344.497141485,2344.497141485,805.3933294,425.579393322,47.288223235,0,291.67283389082,14.714790687,21.70943468118,4.428653584,1271.03621881416,688.976719170914,307.380680055914,266.632674652586,176.333826873414,-61.370462411,560.228892566245,19.1315246732449,311.96436103,229.133006863,10.697915433,,10.697915433,14.304942419,,5.337592281,11.132691644,,257.797371698841,207.868074991841,14.528588778,,20.369891246,10.882112385,4.148704298,10.270221572,,10.270221572,,160.41552559276,1.253639307,,,1.253639307,1.253639307,,83.81153197676,,83.81153197676,9.704504225,0.407353275,1.7681068,0.0427393,0,12.947203257,4.934010207,,34.36508021276,0,,,1.12002128,1.12002128,,0,0,,,,74.230333029,74.230333029,0
2025-02-01,2025,"Q1","2024/25","Q3","February",2224.06377961393,2081.510273946,2081.510273946,655.12572636,402.606663776,33.450493626,0,185.70073041559,13.924623017,14.19900937741,5.244206148,1195.24249272051,668.058320439514,298.902885034514,220.019184651325,197.472046043675,-48.33579529,506.931037501,18.849883303,286.4259913,201.655162898,10.689201607,,10.689201607,21.036853763,,4.513880217,9.563933173,,220.660240097486,167.058520042486,14.784927623,,24.107888351,10.792984706,3.915919375,10.481814768,,10.481814768,,142.55350566793,1.861327815,,,1.861327815,1.861327815,,82.72053180393,,82.72053180393,10.551458,0.45235143,1.7979526,0.149921974,0,5.292202005,5.056665838,,33.86924597693,0,,,1.223120864,1.223120864,,0,0,,,,56.748525185,56.748525185,0
2025-03-01,2025,"Q1","2024/25","Q3","March",2397.75219425092,2206.427420897,2206.427420897,764.572776097,481.118983325,92.631339028,0,134.92517183571,26.908669842,10.13968228129,18.848929785,1171.72924385546,647.930828316536,305.311523216536,237.554363361537,173.971413527463,-68.906471789,502.312471095929,20.3728547629289,279.44534848,202.494267853,11.343471546,,11.343471546,23.771443276,,5.24073802,10.142472897,,260.671410650535,205.088143421535,15.896407863,,24.292690859,11.331622207,4.0625463,9.453990294,,9.453990294,,191.32477335392,15.118767783,,,15.118767783,15.118767783,,103.78752021892,,103.78752021892,11.587881019,0.4765952,1.76045891,0.03635862,0,5.514088618,4.970760149,,50.42919640692,0,,,1.748795986,1.748795986,,0,0,,,,70.6696893660001,70.6696893660001,0
2025-04-01,2025,"Q2","2024/25","Q4","April",2449.575412474,2180.092395853,2180.092395853,728.184838844,446.997779529,104.204232297,0,147.41960206199,15.61857322,10.03903095901,3.905620777,1177.36174874579,658.291971256744,303.943192204744,257.086158737327,162.821180378673,-65.558560064,495.44711217905,21.7568877820497,263.74043178,209.949792617,14.187770363,,14.187770363,16.219459605,,4.46532,9.434894947,,264.476787170206,210.347084205206,13.81930253,,24.603730818,11.301090889,4.405578728,10.069021093,,10.069021093,,269.483016621,1.794206355,,,1.794206355,1.794206355,,172.943160289,,172.943160289,11.710694308,0.47483361,1.4581936,0.193246016,0,11.712207369,4.030257641,,122.67894814,0,,,1.544648209,1.544648209,,0,0,,,,93.2010017679999,93.2010017679999,0
2025-05-01,2025,"Q2","2024/25","Q4","May",2557.027450027,2376.008952504,2376.008952504,839.626728745,485.267821005,119.357391462,0,195.92551349502,17.901742885,12.59873218198,8.575527716,1334.0223369815,686.136659276177,318.239966093177,238.317209550786,187.187028422214,-57.60754479,625.799923591321,19.8328151553207,402.47405044,203.493057996,11.55275398,,11.55275398,20.249748631,,5.44308102,10.533000134,,191.863858851502,133.253101383502,14.722460342,,27.203379705,11.689836985,4.995080436,10.496027926,,10.496027926,,181.018497523,1.913389107,,,1.913389107,1.913389107,,103.467905013,,103.467905013,13.04393683,0.544323351,1.7333368,0.0319085,0,12.827038288,7.059332202,,42.535199391,0,,,1.296786847,1.296786847,,0,0,,,,74.340416556,74.340416556,0
2025-06-01,2025,"Q2","2024/25","Q4","June",4517.45216659215,4346.353122186,4346.353122186,2315.432705635,642.435357008,1292.665071475,0,260.70223770786,79.393353774,14.22222146214,26.014464208,1607.97743220038,867.683420331651,326.958614854651,294.920270680058,321.094047736942,-75.28951294,717.029957528732,22.5711196967316,474.46609369,219.992744142,12.88123261,,12.88123261,20.035314465,,6.395093604,10.38282173,,410.428692163617,352.672605524617,15.059236643,,25.740861787,12.49830016,4.457688049,12.514292187,,12.514292187,,171.099044406153,1.956437591,,,1.956437591,1.956437591,,110.301329432653,,110.301329432653,13.594611924,0.702482251,1.658362008,0.039362724,0,11.609762638,7.665594517,,48.6007453016526,0,,,1.334490485,1.334490485,,0,0,,,,57.5067868975,57.5067868975,0
2025-07-01,2025,"Q3","2025/26","Q1","July",2507.959173258,2238.573898407,2238.573898407,795.059402238,311.210847843,86.122682003,0,359.26988813365,15.716269624,17.79309864735,4.946615987,1132.99393692121,638.697002579933,287.577562345933,230.522944602337,184.340026500663,-63.743530869,469.402396708275,13.6275984952749,249.83472766,205.940070553,14.088274627,,14.088274627,0,,0,10.806263006,,302.009002808792,212.929932164592,34.156529269,,25.683075201,23.5855362702,5.653929904,8.511556439,,8.511556439,,269.385274851,0,,,0,0,,138.400021836,,138.400021836,0,0,0,0,0,0,0,,138.400021836,0,,,0,0,,0,0,,,,130.985253015,130.985253015,0
2025-08-01,2025,"Q3","2025/26","Q1","August",2589.17542762125,2388.134522046,2388.134522046,788.495749016,435.409746237,33.14825845,0,285.6464154733,13.580261894,16.6066340147,4.104432947,1299.0020889108,716.712180514574,316.921679649574,236.976531526966,226.057740204034,-63.243770866,559.451455105228,14.2311671422276,329.07285308,216.147434883,12.068746798,,12.068746798,0,,0,10.769706493,,292.277930780198,205.334059493403,31.094529568,,27.409635701,23.3521070077954,5.08759901,8.358753339,,8.358753339,,201.04090557525,0,,,0,0,,39.52301345625,,39.52301345625,0,0,0,0,0,0,0,,39.52301345625,0,,,0,0,,0,0,,,,161.517892119,161.517892119,0
2025-09-01,2025,"Q3","2025/26","Q1","September",2558.29801566918,2370.769491526,2370.769491526,769.951888204,480.128266737,75.888213627,0,160.48088621301,26.723134858,12.35394518399,14.377441585,1284.70436585205,694.159696053854,333.751008431854,227.130830314531,201.896330551469,-68.618473244,566.1163759362,15.7208835862,327.93472893,222.46076342,13.845094582,,13.845094582,0,,0,10.58319928,,307.536228900946,218.020249898526,23.934239399,,28.33431037,33.4730188144199,3.774410419,8.577008569,,8.577008569,,187.52852414318,0,,,0,0,,36.84495606118,,36.84495606118,0,0,0,0,0,0,0,,36.84495606118,0,,,0,0,,0,0,,,,150.683568082,150.683568082,0
2025-10-01,2025,"Q4","2025/26","Q2","October",2584.99838709039,2369.769517777,2369.769517777,713.961207562,451.936180597,46.540796034,0,177.47953672534,15.94575275,15.87060110366,6.188340352,1312.7122095884,728.840150990705,345.221046148705,241.787196351051,220.707565724949,-78.875657234,560.872203527695,21.2333917276946,325.37785539,214.26095641,12.540153262,,12.540153262,0,,0,10.459701808,,335.394692721601,245.635442790551,22.242778826,,26.129018144,34.0603771120497,7.327075849,7.701407905,,7.701407905,,215.228869313388,0,,,0,0,,61.6966695443878,,61.6966695443878,0,0,0,0,0,0,0,,61.6966695443878,0,,,0,0,,0,0,,,,153.532199769,153.532199769,0
2025-11-01,2025,"Q4","2025/26","Q2","November",2585.04247884317,2367.469027635,2367.469027635,744.698394822,437.614546641,41.261162784,0,232.05339016168,14.948361892,14.14129537132,4.679637972,1309.3447430485,721.02645689892,310.70978474292,224.12900144255,214.71159193645,-28.523921223,563.650194749583,18.8202878355829,323.84045434,220.989452574,13.886572663,,13.886572663,0,,0,10.781518737,,304.779221144497,220.559173022954,22.368199753,,25.132902825,31.2548905715431,5.464054972,8.64666862,,8.64666862,,217.573451208175,0,,,0,0,,44.5037016651751,,44.5037016651751,0,0,0,0,0,0,0,,44.5037016651751,0,,,0,0,,0,0,,,,173.069749543,173.069749543,0
2025-12-01,2025,"Q4","2025/26","Q2","December",3887.01941330425,3724.425048446,3724.425048446,1985.831613668,498.898393404,1190.531147028,0,186.4006558785,72.263403441,17.1128180175,20.625195899,1396.87990415105,778.396761625936,374.966793189936,232.297302195073,235.295029609927,-64.162363369,589.604791081111,19.6636719441114,348.78104516,221.160073977,17.40796665,,17.40796665,0,,0,11.470384794,,332.881248366952,233.755705485294,24.334958742,,32.687687616,35.5050300236584,6.5978665,8.83228226,,8.83228226,,162.594364858251,0,,,0,0,,26.4834670022507,,26.4834670022507,0,0,0,0,0,0,0,,26.4834670022507,0,,,0,0,,0,0,,,,136.110897856,136.110897856,0
2026-01-01,2026,"Q1","2025/26","Q3","January",3161.88834601133,3040.367740231,3040.367740231,989.103308338,423.205563452,67.652700677,0,462.1698638431,11.891994617,20.4083325629,3.774853186,1612.16872359116,1000.68981453347,296.409986167469,293.794549806763,443.286338901236,-32.801060342,588.752438094696,11.8293330186957,324.20716307,252.715942006,11.587809252,,11.587809252,,,,11.138661711,,432.008073082836,359.367159222327,16.570014157,,18.209347439,31.5763164495089,6.285235815,7.087635219,,7.087635219,,121.520605780329,0,,,0,0,,31.5949599773293,,31.5949599773293,0,0,0,0,0,0,0,,31.5949599773293,0,,,0,0,,0,0,,,,89.925645803,89.925645803,0
2026-02-01,2026,"Q1","2025/26","Q3","February",2599.07410293684,2443.797710706,2443.797710706,778.881223146,502.832471651,44.277495344,0,199.44951297524,12.432104212,14.92319631976,4.966442644,1386.24262628301,775.698229512096,328.705581062096,242.474747931569,251.750930779432,-47.233030261,588.810997516918,15.9889129999178,340.18643081,232.635653707,10.991426343,,10.991426343,,,,10.741972911,,271.035972649986,188.833142401068,20.072997358,,23.623339285,33.1598312269179,5.346662379,7.637888627,,7.637888627,,155.276392230838,0,,,0,0,,27.3183014978378,,27.3183014978378,0,0,0,0,0,0,0,,27.3183014978378,0,,,0,0,,0,0,,,,127.958090733,127.958090733,0
