"Date","Year","Quarter","FY","QFY","Month","OUT_14","OUT_GPS_14","OUT_GPS_DBT_14","OUT_GPS_TRF_14","OUT_DEF_14","OUT_POS_14","OUT_EA_14","OUT_EA_ECL_14","OUT_EA_AGR_14","OUT_EA_EFU_14","OUT_EA_MMC_14","OUT_EA_TRA_14","OUT_EA_COM_14","OUT_EP_14","OUT_HC_14","OUT_HEA_14","OUT_HEA_OP_14","OUT_HEA_HP_14","OUT_HEA_PH_14","OUT_REC_14","OUT_EDU_14","OUT_EDU_PRI_14","OUT_EDU_SEC_14","OUT_EDU_TER_14","OUT_SOC_14"
1997-07-01,1997,"Q3","1997/98","Q1","July",78.8590683333333,,,,,,,,,,,,,,,,,,,,,,,,
1997-08-01,1997,"Q3","1997/98","Q1","August",99.1015283333333,,,,,,,,,,,,,,,,,,,,,,,,
1997-09-01,1997,"Q3","1997/98","Q1","September",104.761778333333,,,,,,,,,,,,,,,,,,,,,,,,
1997-10-01,1997,"Q4","1997/98","Q2","October",98.1840183333334,,,,,,,,,,,,,,,,,,,,,,,,
1997-11-01,1997,"Q4","1997/98","Q2","November",101.146418333333,,,,,,,,,,,,,,,,,,,,,,,,
1997-12-01,1997,"Q4","1997/98","Q2","December",104.870348333333,,,,,,,,,,,,,,,,,,,,,,,,
1998-01-01,1998,"Q1","1997/98","Q3","January",89.3257483333334,,,,,,,,,,,,,,,,,,,,,,,,
1998-02-01,1998,"Q1","1997/98","Q3","February",98.5675583333333,,,,,,,,,,,,,,,,,,,,,,,,
1998-03-01,1998,"Q1","1997/98","Q3","March",106.878388333333,,,,,,,,,,,,,,,,,,,,,,,,
1998-04-01,1998,"Q2","1997/98","Q4","April",114.654168333333,,,,,,,,,,,,,,,,,,,,,,,,
1998-05-01,1998,"Q2","1997/98","Q4","May",106.278998333333,,,,,,,,,,,,,,,,,,,,,,,,
1998-06-01,1998,"Q2","1997/98","Q4","June",150.624408333333,,,,,,,,,,,,,,,,,,,,,,,,
1998-07-01,1998,"Q3","1998/99","Q1","July",85.9651534798244,,,,,,,,,,,,,,,,,,,,,,,,
1998-08-01,1998,"Q3","1998/99","Q1","August",119.564207575824,,,,,,,,,,,,,,,,,,,,,,,,
1998-09-01,1998,"Q3","1998/99","Q1","September",121.071744819824,,,,,,,,,,,,,,,,,,,,,,,,
1998-10-01,1998,"Q4","1998/99","Q2","October",110.094184006491,,,,,,,,,,,,,,,,,,,,,,,,
1998-11-01,1998,"Q4","1998/99","Q2","November",128.620249726491,,,,,,,,,,,,,,,,,,,,,,,,
1998-12-01,1998,"Q4","1998/99","Q2","December",130.114385126491,,,,,,,,,,,,,,,,,,,,,,,,
1999-01-01,1999,"Q1","1998/99","Q3","January",107.681469099824,,,,,,,,,,,,,,,,,,,,,,,,
1999-02-01,1999,"Q1","1998/99","Q3","February",118.217438659824,,,,,,,,,,,,,,,,,,,,,,,,
1999-03-01,1999,"Q1","1998/99","Q3","March",127.601073799824,,,,,,,,,,,,,,,,,,,,,,,,
1999-04-01,1999,"Q2","1998/99","Q4","April",116.570444259824,,,,,,,,,,,,,,,,,,,,,,,,
1999-05-01,1999,"Q2","1998/99","Q4","May",123.841463359824,,,,,,,,,,,,,,,,,,,,,,,,
1999-06-01,1999,"Q2","1998/99","Q4","June",175.759278659824,,,,,,,,,,,,,,,,,,,,,,,,
1999-07-01,1999,"Q3","1999/00","Q1","July",103.497545633333,,,,,,,,,,,,,,,,,,,,,,,,
1999-08-01,1999,"Q3","1999/00","Q1","August",136.135451333333,,,,,,,,,,,,,,,,,,,,,,,,
1999-09-01,1999,"Q3","1999/00","Q1","September",126.487323633333,,,,,,,,,,,,,,,,,,,,,,,,
1999-10-01,1999,"Q4","1999/00","Q2","October",115.491363333333,,,,,,,,,,,,,,,,,,,,,,,,
1999-11-01,1999,"Q4","1999/00","Q2","November",152.014923333333,,,,,,,,,,,,,,,,,,,,,,,,
1999-12-01,1999,"Q4","1999/00","Q2","December",149.550083833333,,,,,,,,,,,,,,,,,,,,,,,,
2000-01-01,2000,"Q1","1999/00","Q3","January",121.514856833333,,,,,,,,,,,,,,,,,,,,,,,,
2000-02-01,2000,"Q1","1999/00","Q3","February",137.894155233333,,,,,,,,,,,,,,,,,,,,,,,,
2000-03-01,2000,"Q1","1999/00","Q3","March",145.143624499333,,,,,,,,,,,,,,,,,,,,,,,,
2000-04-01,2000,"Q2","1999/00","Q4","April",139.989774333333,,,,,,,,,,,,,,,,,,,,,,,,
2000-05-01,2000,"Q2","1999/00","Q4","May",161.159412833333,,,,,,,,,,,,,,,,,,,,,,,,
2000-06-01,2000,"Q2","1999/00","Q4","June",262.528604075333,,,,,,,,,,,,,,,,,,,,,,,,
2000-07-01,2000,"Q3","2000/01","Q1","July",113.6262753135,,,,,,,,,,,,,,,,,,,,,,,,
2000-08-01,2000,"Q3","2000/01","Q1","August",161.9196915135,,,,,,,,,,,,,,,,,,,,,,,,
2000-09-01,2000,"Q3","2000/01","Q1","September",170.9082565135,,,,,,,,,,,,,,,,,,,,,,,,
2000-10-01,2000,"Q4","2000/01","Q2","October",154.4923583135,,,,,,,,,,,,,,,,,,,,,,,,
2000-11-01,2000,"Q4","2000/01","Q2","November",155.3608634135,,,,,,,,,,,,,,,,,,,,,,,,
2000-12-01,2000,"Q4","2000/01","Q2","December",192.6939685135,,,,,,,,,,,,,,,,,,,,,,,,
2001-01-01,2001,"Q1","2000/01","Q3","January",145.8299765135,,,,,,,,,,,,,,,,,,,,,,,,
2001-02-01,2001,"Q1","2000/01","Q3","February",178.6416148075,,,,,,,,,,,,,,,,,,,,,,,,
2001-03-01,2001,"Q1","2000/01","Q3","March",184.1547265135,,,,,,,,,,,,,,,,,,,,,,,,
2001-04-01,2001,"Q2","2000/01","Q4","April",153.1924107535,,,,,,,,,,,,,,,,,,,,,,,,
2001-05-01,2001,"Q2","2000/01","Q4","May",193.757024176833,,,,,,,,,,,,,,,,,,,,,,,,
2001-06-01,2001,"Q2","2000/01","Q4","June",230.653013296833,,,,,,,,,,,,,,,,,,,,,,,,
2001-07-01,2001,"Q3","2001/02","Q1","July",131.458309223333,,,,,,,,,,,,,,,,,,,,,,,,
2001-08-01,2001,"Q3","2001/02","Q1","August",196.706797423333,,,,,,,,,,,,,,,,,,,,,,,,
2001-09-01,2001,"Q3","2001/02","Q1","September",168.391733423333,,,,,,,,,,,,,,,,,,,,,,,,
2001-10-01,2001,"Q4","2001/02","Q2","October",192.454886273333,,,,,,,,,,,,,,,,,,,,,,,,
2001-11-01,2001,"Q4","2001/02","Q2","November",205.186397613333,,,,,,,,,,,,,,,,,,,,,,,,
2001-12-01,2001,"Q4","2001/02","Q2","December",152.550802133333,,,,,,,,,,,,,,,,,,,,,,,,
2002-01-01,2002,"Q1","2001/02","Q3","January",183.052562006667,,,,,,,,,,,,,,,,,,,,,,,,
2002-02-01,2002,"Q1","2001/02","Q3","February",192.273687006667,,,,,,,,,,,,,,,,,,,,,,,,
2002-03-01,2002,"Q1","2001/02","Q3","March",203.555163006667,,,,,,,,,,,,,,,,,,,,,,,,
2002-04-01,2002,"Q2","2001/02","Q4","April",194.92517809,,,,,,,,,,,,,,,,,,,,,,,,
2002-05-01,2002,"Q2","2001/02","Q4","May",231.53091409,,,,,,,,,,,,,,,,,,,,,,,,
2002-06-01,2002,"Q2","2001/02","Q4","June",342.615814156667,,,,,,,,,,,,,,,,,,,,,,,,
2002-07-01,2002,"Q3","2002/03","Q1","July",162.836249716667,,,,,,,,,,,,,,,,,,,,,,,,
2002-08-01,2002,"Q3","2002/03","Q1","August",203.114075386667,,,,,,,,,,,,,,,,,,,,,,,,
2002-09-01,2002,"Q3","2002/03","Q1","September",195.287614026667,,,,,,,,,,,,,,,,,,,,,,,,
2002-10-01,2002,"Q4","2002/03","Q2","October",236.896623957,,,,,,,,,,,,,,,,,,,,,,,,
2002-11-01,2002,"Q4","2002/03","Q2","November",220.57388502,,,,,,,,,,,,,,,,,,,,,,,,
2002-12-01,2002,"Q4","2002/03","Q2","December",195.9130296,,,,,,,,,,,,,,,,,,,,,,,,
2003-01-01,2003,"Q1","2002/03","Q3","January",178.698417893333,,,,,,,,,,,,,,,,,,,,,,,,
2003-02-01,2003,"Q1","2002/03","Q3","February",245.275299168333,,,,,,,,,,,,,,,,,,,,,,,,
2003-03-01,2003,"Q1","2002/03","Q3","March",212.195029853333,,,,,,,,,,,,,,,,,,,,,,,,
2003-04-01,2003,"Q2","2002/03","Q4","April",207.961383576667,,,,,,,,,,,,,,,,,,,,,,,,
2003-05-01,2003,"Q2","2002/03","Q4","May",268.169322846667,,,,,,,,,,,,,,,,,,,,,,,,
2003-06-01,2003,"Q2","2002/03","Q4","June",289.634062056667,,,,,,,,,,,,,,,,,,,,,,,,
2003-07-01,2003,"Q3","2003/04","Q1","July",161.680905759708,,,,,,,,,,,,,,,,,,,,,,,,
2003-08-01,2003,"Q3","2003/04","Q1","August",221.264538959709,,,,,,,,,,,,,,,,,,,,,,,,
2003-09-01,2003,"Q3","2003/04","Q1","September",236.816339659709,,,,,,,,,,,,,,,,,,,,,,,,
2003-10-01,2003,"Q4","2003/04","Q2","October",253.619102959708,,,,,,,,,,,,,,,,,,,,,,,,
2003-11-01,2003,"Q4","2003/04","Q2","November",255.714886159709,,,,,,,,,,,,,,,,,,,,,,,,
2003-12-01,2003,"Q4","2003/04","Q2","December",243.903127159709,,,,,,,,,,,,,,,,,,,,,,,,
2004-01-01,2004,"Q1","2003/04","Q3","January",234.027669359709,,,,,,,,,,,,,,,,,,,,,,,,
2004-02-01,2004,"Q1","2003/04","Q3","February",252.780339959709,,,,,,,,,,,,,,,,,,,,,,,,
2004-03-01,2004,"Q1","2003/04","Q3","March",226.088004159709,,,,,,,,,,,,,,,,,,,,,,,,
2004-04-01,2004,"Q2","2003/04","Q4","April",262.105755959709,,,,,,,,,,,,,,,,,,,,,,,,
2004-05-01,2004,"Q2","2003/04","Q4","May",273.001673259709,,,,,,,,,,,,,,,,,,,,,,,,
2004-06-01,2004,"Q2","2003/04","Q4","June",393.397656643207,,,,,,,,,,,,,,,,,,,,,,,,
2004-07-01,2004,"Q3","2004/05","Q1","July",191.9585576088,,,,,,,,,,,,,,,,,,,,,,,,
2004-08-01,2004,"Q3","2004/05","Q1","August",237.334721992494,,,,,,,,,,,,,,,,,,,,,,,,
2004-09-01,2004,"Q3","2004/05","Q1","September",217.557085911792,,,,,,,,,,,,,,,,,,,,,,,,
2004-10-01,2004,"Q4","2004/05","Q2","October",256.790309322781,,,,,,,,,,,,,,,,,,,,,,,,
2004-11-01,2004,"Q4","2004/05","Q2","November",304.501470154701,,,,,,,,,,,,,,,,,,,,,,,,
2004-12-01,2004,"Q4","2004/05","Q2","December",247.660571898435,,,,,,,,,,,,,,,,,,,,,,,,
2005-01-01,2005,"Q1","2004/05","Q3","January",285.274424511821,,,,,,,,,,,,,,,,,,,,,,,,
2005-02-01,2005,"Q1","2004/05","Q3","February",288.293276201924,,,,,,,,,,,,,,,,,,,,,,,,
2005-03-01,2005,"Q1","2004/05","Q3","March",248.203282579018,,,,,,,,,,,,,,,,,,,,,,,,
2005-04-01,2005,"Q2","2004/05","Q4","April",225.153678497136,,,,,,,,,,,,,,,,,,,,,,,,
2005-05-01,2005,"Q2","2004/05","Q4","May",374.977802245122,,,,,,,,,,,,,,,,,,,,,,,,
2005-06-01,2005,"Q2","2004/05","Q4","June",338.211377955172,,,,,,,,,,,,,,,,,,,,,,,,
2005-07-01,2005,"Q3","2005/06","Q1","July",200.710517653172,,,,,,,,,,,,,,,,,,,,,,,,
2005-08-01,2005,"Q3","2005/06","Q1","August",296.459134062636,,,,,,,,,,,,,,,,,,,,,,,,
2005-09-01,2005,"Q3","2005/06","Q1","September",246.283985013338,,,,,,,,,,,,,,,,,,,,,,,,
2005-10-01,2005,"Q4","2005/06","Q2","October",289.170893162966,,,,,,,,,,,,,,,,,,,,,,,,
2005-11-01,2005,"Q4","2005/06","Q2","November",322.768048804416,,,,,,,,,,,,,,,,,,,,,,,,
2005-12-01,2005,"Q4","2005/06","Q2","December",262.921359806267,,,,,,,,,,,,,,,,,,,,,,,,
2006-01-01,2006,"Q1","2005/06","Q3","January",299.9286808891,,,,,,,,,,,,,,,,,,,,,,,,
2006-02-01,2006,"Q1","2005/06","Q3","February",326.678137123465,,,,,,,,,,,,,,,,,,,,,,,,
2006-03-01,2006,"Q1","2005/06","Q3","March",265.518095258318,,,,,,,,,,,,,,,,,,,,,,,,
2006-04-01,2006,"Q2","2005/06","Q4","April",285.675966694912,,,,,,,,,,,,,,,,,,,,,,,,
2006-05-01,2006,"Q2","2005/06","Q4","May",338.540099362657,,,,,,,,,,,,,,,,,,,,,,,,
2006-06-01,2006,"Q2","2005/06","Q4","June",353.145082168754,,,,,,,,,,,,,,,,,,,,,,,,
2006-07-01,2006,"Q3","2006/07","Q1","July",189.855090878412,,,,,,,,,,,,,,,,,,,,,,,,
2006-08-01,2006,"Q3","2006/07","Q1","August",341.170420981089,,,,,,,,,,,,,,,,,,,,,,,,
2006-09-01,2006,"Q3","2006/07","Q1","September",262.651805535533,,,,,,,,,,,,,,,,,,,,,,,,
2006-10-01,2006,"Q4","2006/07","Q2","October",367.497266903126,,,,,,,,,,,,,,,,,,,,,,,,
2006-11-01,2006,"Q4","2006/07","Q2","November",392.470488514625,,,,,,,,,,,,,,,,,,,,,,,,
2006-12-01,2006,"Q4","2006/07","Q2","December",252.282652142414,,,,,,,,,,,,,,,,,,,,,,,,
2007-01-01,2007,"Q1","2006/07","Q3","January",314.245402391055,,,,,,,,,,,,,,,,,,,,,,,,
2007-02-01,2007,"Q1","2006/07","Q3","February",303.044213086941,,,,,,,,,,,,,,,,,,,,,,,,
2007-03-01,2007,"Q1","2006/07","Q3","March",265.615315525769,,,,,,,,,,,,,,,,,,,,,,,,
2007-04-01,2007,"Q2","2006/07","Q4","April",421.634329573677,,,,,,,,,,,,,,,,,,,,,,,,
2007-05-01,2007,"Q2","2006/07","Q4","May",365.059278275107,,,,,,,,,,,,,,,,,,,,,,,,
2007-06-01,2007,"Q2","2006/07","Q4","June",480.688987261918,,,,,,,,,,,,,,,,,,,,,,,,
2007-07-01,2007,"Q3","2007/08","Q1","July",187.25066402366,53.3932316640294,20.5524305367856,11.5755675650833,16.394867019,5.0100001054632,29.0355447961913,0.208107096,11.9113618527204,8.06156486624176,0.599896882675016,6.85172518840264,0.033826735,0.325133323790201,11.552268913472,15.283831508302,0,5.693649488,9.1392180421192,0.01930196,48.1906570101848,30.69834066,8.66518865087617,8.43529823784229,8.04582772322745
2007-08-01,2007,"Q3","2007/08","Q1","August",303.554748862608,60.59626301403,25.7139759647753,11.0343876650833,44.600255196,23.9788098460997,71.1875566846171,2.52295674,13.4967825445767,15.9928771108666,1.17735061368941,34.2540450457837,0.189243562,0.498060045548973,5.23899960134061,20.508193562123,0.032302909,7.005778892,10.6477735821218,0.229011598,66.7168711373261,36.964239509,14.9568691751475,9.86833060028028,10.0007281775224
2007-09-01,2007,"Q3","2007/08","Q1","September",448.071298702081,211.320911314939,25.5196588447438,11.0343876650833,25.805516007,18.2172808155611,93.1674930999004,0.866182365,12.7188483895393,51.9942137950092,1.62411325382666,21.3413874439186,0.0494061,0.781243082299378,7.69856294056656,23.4021284358266,0.178232369,8.282343683,12.6540915532592,0.02054766,54.5534486426854,31.46719889,12.6598123408384,8.24882738681172,13.1041667033028
2007-10-01,2007,"Q4","2007/08","Q2","October",411.164654455718,143.935276671384,26.626989570975,11.5332843100833,39.209902682,20.6366315453073,78.2081131734824,2.144528262,10.7872447669394,12.6082554820006,0.936158374235321,48.7782677891691,0.121081814,0.938754854562278,18.9284500839921,19.8613311236876,0.126735374,7.903027668,10.5445652120038,0.213838741,69.7822023839163,38.804604388,14.905614988795,11.6633585138963,19.4501531963854
2007-11-01,2007,"Q4","2007/08","Q2","November",323.599726489994,82.8201965665918,26.0841481146169,11.3528023480833,47.051024463,19.3797415745863,51.9520022265543,0.624441281,7.93008155042323,6.87237770414521,0.473290184865159,32.8480579729567,0.197921898,0.727574372173271,8.83670447233686,26.3908591555193,0.223296681,9.77487939866667,14.8999105120238,0.195065624,63.6803689540046,38.138762966,11.4903301487169,11.0878670931089,22.5661890812278
2007-12-01,2007,"Q4","2007/08","Q2","December",241.503679352386,67.1201662323957,25.4234085262264,11.6354586220833,28.408076783,14.5358652779414,42.3209341662955,0.513958769,9.60955565601309,15.6883035097415,1.1828686342925,11.0443889333657,0.184502176,0.844405394466191,6.72723422152612,15.5374042425624,0,4.85210765066667,9.30845406355348,0.09379798,53.081636626158,29.989064332,11.5077219848855,9.79961815080815,12.8341584280405
2008-01-01,2008,"Q1","2007/08","Q3","January",375.827378770988,88.9688065748401,33.7684265392763,11.5219536450833,45.757389087,22.8463788647492,90.3265349281548,2.673552112,17.7556882313092,32.4746535659564,1.10565813783497,33.6486239131318,0.20305913,0.867520211040434,16.706990583157,27.304780390244,0.085267675,10.087433533,15.3840027688363,0.038475323,66.9660099005121,33.270387282,18.270088842027,13.0264508750688,16.0444929082905
2008-02-01,2008,"Q1","2007/08","Q3","February",316.769084320662,77.225355737799,27.4428854423631,11.5356273260833,29.977044305,21.0110448835009,70.049210958486,3.647033829,19.8508604661024,24.7869212660138,1.83844205867377,14.9461627497208,0.106876957,1.41198133076736,9.70135194722157,24.0706010830335,0.010572041,10.502673567,1.22824235544818,0.046716171,68.0404334079129,39.659432678,12.5940257807634,11.4495506485818,15.2353444959407
2008-03-01,2008,"Q1","2007/08","Q3","March",367.718258080835,90.1665875715088,28.2730027228233,11.2764947320833,34.154213714,17.1969056344253,119.152149634596,3.351547244,31.3363109124213,67.2574340518378,2.35294266355435,11.2081161590161,0.055963766,1.45243684104637,11.1587822575459,22.4899564400744,0.242237893,5.304359887,10.9632800207001,0.035905012,55.9293448982881,31.330402466,12.301424099741,10.415531281724,15.9819760773503
2008-04-01,2008,"Q2","2007/08","Q4","April",453.009959394176,129.679928501357,28.6291145331866,24.2482798950833,40.044606826,23.3958068116587,108.689035321927,3.850787964,33.2541625012631,30.7035233195385,2.29823182294751,34.2857816536578,0.127678125,1.42387223571981,25.9725184640534,31.3385946810097,0.074083844,8.879539429,20.0072318891763,0.01927023,75.5288758103803,40.303471771,19.8412741857217,11.2395930135763,16.9174505120706
2008-05-01,2008,"Q2","2007/08","Q4","May",381.527424006003,89.6841712397038,30.7853709036085,13.4955473768334,54.508971352,26.7948392425387,84.463120822188,0.880879918,18.4127196354938,28.2718825967988,1.96031810067686,30.1422433983223,0.336670839,1.68864551638126,13.2512613648591,22.5115605905396,0.214379393,6.197310555,13.6298113199005,0.337904263,73.0669377655888,32.915273781,24.3591266665123,12.2079103133275,15.2200118492041
2008-06-01,2008,"Q2","2007/08","Q4","June",507.997549327319,137.315927820337,27.4601353314785,9.05209916433333,43.403312617,60.3977180929784,98.7481510327523,4.258599588,29.3363032982179,36.3670645593124,2.7395655854557,11.7116407984961,1.668291028,3.20338169131846,31.2150033101708,45.603837198942,0.363480031,9.294155603,28.8986186476518,0.950193714,68.0996479389256,33.35050947,17.6339047831506,12.8155691192709,19.060375910894
2008-07-01,2008,"Q3","2008/09","Q1","July",329.228008850343,128.782809781081,29.8845736960134,12.476363805995,43.49737012,16.3816326080644,50.1533661732959,0.630100484,11.8186132272344,6.68719792376284,0.828861451003586,27.6975758180055,0.844824503723477,0.458713043212164,7.18358597488527,18.9792334251273,0.014332767,7.00055946883333,11.2096705585059,0.186191961,57.7870989954108,34.534394058,9.37453895340125,10.8412166739287,5.81800676826585
2008-08-01,2008,"Q3","2008/09","Q1","August",391.025610044563,66.8388690566171,27.6932648831496,12.326850574995,29.096691112,14.7321488252078,150.32968865461,1.974263767,25.2018039571441,42.1897180981773,1.68078796163033,72.9280525759814,1.84198664465972,1.37613513568453,14.2896072271683,36.3210726800925,0.092122944,6.26693643183333,28.1425946688789,0.21885554,68.2009093713443,36.880870698,13.7495284645628,11.4585977748371,9.6216324418377
2008-09-01,2008,"Q3","2008/09","Q1","September",302.558844276293,74.6632332329298,29.6804634923506,12.180900335995,24.42800426,17.8093685604464,67.1614209626587,0.668849484,12.9145744998754,17.2475404523428,2.2214114497604,28.1330418216082,2.25120361608736,1.74168099257548,8.13591512425533,24.9764462620773,0.012817937,10.8724311218333,12.3876866452385,0.306069358,70.660151202004,32.990113936,21.5771195656583,9.33673765960002,12.6765543213455
2008-10-01,2008,"Q4","2008/09","Q2","October",437.001602114242,142.655208776538,35.3641174661405,24.616890203995,66.528643142,32.6517213928292,83.5887525804982,0.694331711,38.14267984056,13.3758114183294,1.71713521535294,24.0542486044877,1.84943199722334,1.56564514520476,8.87034567104447,28.0243189521096,0.348972382,9.66066170483333,15.7631006668393,0.09509299,62.7749478572875,34.762690693,10.6294062529302,11.5020946021957,10.2469256067304
2008-11-01,2008,"Q4","2008/09","Q2","November",399.435842859598,110.806004935414,27.1427772063934,11.895003486995,31.183198664,17.5037881749416,86.0968079385724,0.949412716,8.59326130208206,21.434829439771,0.899845787628756,48.679316493486,0.966353322825266,1.1508088016275,20.2056557805065,38.5605736834342,0.130512631,12.1173437738333,24.5065614234216,0.392071646,82.8609090524109,41.259353251,22.1302570097581,13.5773428476994,10.6760241826909
2008-12-01,2008,"Q4","2008/09","Q2","December",359.777744954083,85.1540320247545,28.5808705009382,10.997187022995,35.036619052,32.6656361516643,89.3790852954241,4.34911704,13.2932681131088,18.8444303260299,2.10317688813037,43.2999775430721,2.36031483978942,1.98034610963597,11.4760598267769,29.4640089304795,0.286848334,9.19970897883333,15.1116325409718,0.834948091,58.805946650327,30.649009743,13.1416492714102,8.23958000441611,14.981062822021
2009-01-01,2009,"Q1","2008/09","Q3","January",373.096817086839,84.7863718521009,28.9516934663307,16.447581611995,34.749271592,20.6449734089936,127.85742629104,0.758073715,30.2975526980743,27.0055977808243,0.895099413517358,64.8088337455576,1.02799097599428,0.730640882645329,9.12266671369547,24.0970608091742,0,10.0649244198333,12.9358128954154,0.210663788,61.8792544282602,35.493811135,10.2902724302839,11.7761592570746,9.0184873209295
2009-02-01,2009,"Q1","2008/09","Q3","February",378.618358154883,84.117363337879,28.1439936224969,14.819618368995,59.187547331,19.2868901792481,91.8619566103878,5.921654636,33.1464172553225,13.7926898811297,1.54374392364575,30.8092639956196,1.56768244456208,1.61997858750199,5.44554568036946,30.8342453774702,0.138271595,10.5760892278333,1.52890153758902,0.262024164,75.8621343687271,39.608664678,21.3532615587382,9.71669154116807,10.1406725182992
2009-03-01,2009,"Q1","2008/09","Q3","March",601.470862734582,145.185014736609,31.5409589382943,14.669992095995,28.160645467,28.5370781388362,254.515584491296,0.609762599,15.1244898040055,16.4965334070409,1.97957599940733,214.946237393557,2.03564996465376,1.44245506317166,13.8703429965182,52.7128376261327,0.242457304,11.8964815558333,38.910117090045,0.133407576,61.8288013357163,34.705809251,11.4225074448344,8.45257976975634,15.084695303303
2009-04-01,2009,"Q2","2008/09","Q4","April",360.343555378516,111.846369840562,35.2346025294562,14.202959006995,39.6172053,25.9399437109242,57.3060227383549,2.426110972,4.88823030612721,13.7855580844171,0.203783818410532,32.4251833669578,1.73489427091432,0.404781756692447,16.3095359117972,31.8249223146492,0.122097139,14.1807105648333,16.3766741964418,0.083024475,66.8513103780678,41.335160203,11.5546504728207,12.509016971721,10.1604389524686
2009-05-01,2009,"Q2","2008/09","Q4","May",420.761632280708,123.629356429491,27.8507950436663,18.6605937796617,70.577064542,25.5482006606828,60.5322492392475,4.636183826,23.04475444398,6.81892428220383,0.150657237150849,19.0130947718081,0.479203790263057,1.43490148696404,9.61066518179319,51.3108383618668,0.185064606,10.8407063148333,35.0799139592144,0.41596782,67.0920696693783,35.54662906,18.3326827541529,7.53845350745015,10.6103188892845
2009-06-01,2009,"Q2","2008/09","Q4","June",595.645678084628,124.199517985133,27.7995550265292,7.39835937732836,117.165949508,50.5226232055013,145.989831349447,18.063605881,11.3962684588122,35.379959448621,0.252509747679921,70.8828639267404,2.2341254511731,2.01866224940689,20.6781338688893,36.4931165985191,1.105222864,13.7207209208333,14.6093784245255,1.088596126,73.929981048657,32.215765065,25.9125856652932,9.24104935924803,23.5592661450753
2009-07-01,2009,"Q3","2009/10","Q1","July",516.411200065773,121.821271199052,31.2757620426989,33.021658,61.1839107462213,7.35002453741031,178.741630491588,0.545570444,59.6036508155895,27.6956856987885,1.52102408273286,87.2435337072769,0.823606887212309,0.359360940237392,15.1298170047947,48.3764284338181,0,10.802647513,24.0498822810963,0.126227855,74.0095006926511,49.3162580108816,9.849632927,15.0160977547695,9.313028165
2009-08-01,2009,"Q3","2009/10","Q1","August",391.986067783641,90.3290172465837,31.3518547377561,7.657462,28.5912125434874,22.463794262,112.181249155663,1.30508193885448,12.4904377279735,34.2847889073727,0.01666498,58.1688560552764,0.16674143,1.35631414428854,4.208516863,29.9299594636092,0.517428783,3.850183352,22.2878780018372,0.218470108,84.8171650437306,34.740441571802,34.6173960653318,10.9217905195968,17.8903689532792
2009-09-01,2009,"Q3","2009/10","Q1","September",402.446902660347,109.34044361617,35.1772019611009,7.657462,28.737323959,15.3095884769409,137.137777265227,4.18230102196809,18.1726422251139,52.1503469998276,0.808610347255825,55.6149335350613,0.200796175,0.597803675,6.6040738184349,36.4259359951244,0.716789603,16.908606510898,18.5015855592469,0.10111535,52.3229252055961,31.7579697760301,11.125112027,6.03032848456599,15.8699152988533
2009-10-01,2009,"Q4","2009/10","Q2","October",574.03975259911,144.173293434635,38.4184197651762,34.553517,56.9255444816613,29.738689017,178.388512927839,0.429856203615899,37.1303307791502,38.9557868195849,5.29150652568866,94.4367885177995,0.218852439,0.880502097349544,18.220645576,41.2403654162782,0.161088563,18.655773087,14.7455436148544,0.647573745,61.9536201365643,41.0283193948608,12.0859795987035,7.723502148,41.8710057667822
2009-11-01,2009,"Q4","2009/10","Q2","November",493.873061650213,117.530811325164,28.8403737455731,7.64225,40.8568444868533,64.0677818738442,83.4259267994472,3.24769720270405,28.1792077160741,14.5454944444319,0.443428021002094,29.8378101785765,0.168325801,1.08759493034674,6.302608286,35.397302880558,1.256299339,11.911813094,20.42510941,0.228816085,97.358293497,49.838844726,24.263754531,16.741607336,47.617081486
2009-12-01,2009,"Q4","2009/10","Q2","December",424.480025948221,111.290802919365,33.2299453892221,7.64225,29.8199811914584,31.2116823170176,135.821055455686,0.532127793,24.5434830356672,40.5978963966356,1.83944102268598,62.1610376306976,0.138563145,2.44703481792655,9.529126403,38.7229446642655,0.948005956,4.85181360118332,11.093107589,0.290728362,60.8939146145011,34.556077373,14.6136729557802,9.59698802299364,4.452755203
2010-01-01,2010,"Q1","2009/10","Q3","January",467.718959718043,120.877173130445,25.7286195437232,34.086833,75.0036764395722,17.890527837,109.440541701394,0.468006188839301,61.7674718260191,5.09512872305443,3.40338548660369,36.8528913791951,0.320707751,1.05381521610736,6.365077596,31.9397268850249,0.135061673,8.856405857,11.715051472,0.428333682,81.0134015603862,30.487408772,35.7236534723862,14.418904001,23.706685670114
2010-02-01,2010,"Q1","2009/10","Q3","February",403.863084886304,105.186778357489,28.6505524270849,7.64225,38.724843498462,35.369817648,71.8509442846416,2.61154799730836,7.52853595626927,25.6401401109033,0.220715782,28.9511387511607,0.230504246,0.988301876611434,4.47910086964411,44.1728748024887,1.145262003,4.780259656,0,0.355852722,78.367108868968,38.455291679,13.860375723968,16.010843611,24.367461958
2010-03-01,2010,"Q1","2009/10","Q3","March",593.793047346764,96.1560017631061,34.1024691367587,8.536389,140.47275041323,44.1599168290324,147.422059885559,3.58348622248653,13.6158820799848,22.4949004558662,0.664659884619023,83.1244075326026,0.340568064,1.50423375834353,19.833587335,38.9919641422126,1.727823336,9.57727258961745,20.853007682,0.380571457,78.4880936786423,41.084729953,26.4387589186423,7.653051273,26.383868084638
2010-04-01,2010,"Q2","2009/10","Q4","April",661.711798931859,182.05727945471,36.9973490916352,33.449538,197.176579620567,36.640718363,74.640839336754,1.35830267648038,4.60267806140743,1.43219829117615,1.82928118573414,62.8840810839559,0.484537967,0.500495234,18.153307382,45.0376021502503,1.005591898,13.035286577,24.684844626,0.356456856,96.2002574105777,59.196032681,11.4507389915777,23.885081562,10.948263124
2010-05-01,2010,"Q2","2009/10","Q4","May",802.473860498811,109.738088955629,28.1517787362054,7.64225,183.623364288,32.582579187103,199.068019595555,5.3539090001282,41.8737723722603,69.7663462031322,0.345925597845979,64.583692670188,0.567242598,10.0347998253823,10.805464601,121.604009304765,1.203858551,5.33399492,18.1580443441951,0.663573505,89.6309562633762,35.071221237,35.8557466903762,12.184146792,44.723004973
2010-06-01,2010,"Q2","2009/10","Q4","June",1052.68959397886,218.413069007805,33.1990555160101,7.64225,154.391043081,109.777062965,265.850879474005,5.76186538571262,13.8325934284823,46.6512453840118,4.896751585919,157.556197402527,3.627964396,2.61224451091345,18.86964405,74.0631171616224,1.932872843,16.496156273,16.3816834118575,2.229014988,73.4143347683399,39.7514139903399,16.634967168,6.697478875,133.069183972175
2010-07-01,2010,"Q3","2010/11","Q1","July",478.174860028601,129.359276064288,25.9052171203296,37.298688689,56.5179985077023,19.0013529704553,115.78475872974,0.72554887975823,3.76423550846317,20.6931162085019,0.036298296,87.8553392249707,1.43782573047115,0.808376727672954,14.1487140719055,41.6043659727344,0.063927424,15.568352697,25.7251658927344,0.038594447,93.9624141901199,52.7022653101198,10.519562921,29.491809603,6.94900834698359
2010-08-01,2010,"Q3","2010/11","Q1","August",428.689131530989,96.8453182497643,27.8200415380222,8.362875176,52.7184061633169,31.9574623197357,90.6296099290595,5.21835280734235,8.98321202464362,6.71988240140626,0.327746865,61.3096861379849,0.866009721287148,1.12287772089508,7.43272465536912,28.9007021365455,0.316620063,6.977682016,12.3121336935455,0.786434729,95.0482262792524,42.7691153192524,35.136454919,9.167414319,23.24736934805
2010-09-01,2010,"Q3","2010/11","Q1","September",672.162172716347,94.100917369646,32.6387794347407,8.94053946,228.338844041626,65.5470192041274,146.323884198398,1.61864305914564,4.69019442057832,116.4027133754,0.0577677,18.8979001178738,1.4858878252433,1.04444895347379,6.92612170851463,26.3146962239321,0.670175749,5.038708302,13.5577353009321,0.321684988,73.4184974787086,45.4646034867086,14.191794972,9.835510245,29.8260585499202
2010-10-01,2010,"Q4","2010/11","Q2","October",995.484858260574,181.119894088445,37.525006884787,32.035772434,260.898938804699,40.233673874497,217.005321693409,1.04330567374142,70.6551622359298,57.6018046682007,0.360936574,78.967231311683,0.370087486,0.846773132,10.1779608677788,57.789638927465,0.152727006,16.660594816,37.228237730465,0.481740243,124.56995410173,67.9367845822551,12.136538347,42.4401996724747,102.36096252755
2010-11-01,2010,"Q4","2010/11","Q2","November",1030.02094787042,218.650551701804,31.642017168579,19.221100929,143.677179290688,131.319470259414,288.230265656981,8.84946976843977,19.4323324137728,102.684524641557,0.329109696,144.27976203586,0.815554712,2.085240222,20.6924572546481,54.6564745872282,0.456924697,11.396521519,24.8862912752282,0.784203106,117.799037314269,55.6506449212911,44.474199614,10.8162111499781,52.1260684773883
2010-12-01,2010,"Q4","2010/11","Q2","December",520.027338448729,167.477932171613,34.7622724829808,14.052243397,58.679058188685,38.9949564004543,116.229175332354,2.0418499951225,14.1506247687001,42.3599015617621,0.042149592,48.6927278830255,0.430338961,1.585318645,7.49395776813302,40.492781446781,0.695373505,5.682670445,21.571974044781,0.288520031,83.9110247647207,52.3586561226589,16.996610881,10.6146924190617,4.87461369998763
2011-01-01,2011,"Q1","2010/11","Q3","January",704.782668647464,200.13402786138,33.8783663856613,34.372812193,133.645507478867,46.4685483692807,129.32307727345,1.72091288964421,80.6360111510041,15.145341896712,0.117323224,27.4042801248141,1.07522826638217,0.436911607478766,18.329611789953,70.9587817132772,0.213055616,13.540857439,28.6260567922772,0.158000957,94.0475171307778,58.689937362798,18.701860845,15.1713195539798,11.280684466
2011-02-01,2011,"Q1","2010/11","Q3","February",886.281351123541,225.438911123616,37.7105744482781,8.983324537,188.43847984912,91.0977889469186,187.641409089019,2.72686386795559,16.1240554636762,45.3254873822086,0.371342276,112.691295308404,0.886253482106187,0.793088794010719,7.58030926777997,56.9985215819606,0.195989117,14.002188859,10.9905491899606,0.475700389,114.181764639116,48.549192386816,28.66476628,29.0268366062998,13.635377443
2011-03-01,2011,"Q1","2010/11","Q3","March",736.639175276984,137.290802285438,45.3444101708991,8.90763243,208.111671924737,156.306460373139,60.4716609504078,1.57593614716824,11.3189806071655,13.3209935067182,0.016707658,24.7932086073991,0.77725438788584,0.541277304901673,3.43227382335074,57.5312169676512,0.756285375,5.584309295,20.8101301006512,1.152278276,78.9835981903588,48.9809095730216,15.950154056,10.1137595823372,32.817935181
2011-04-01,2011,"Q2","2010/11","Q4","April",835.841585520002,198.576490937821,38.4893887950648,33.37792918,233.412390431792,55.2787566726292,143.543957488348,1.95174771545132,20.3896916210524,37.4270943199406,0.041231164,77.3179324725836,1.361630035,2.05692156683367,16.0327414362282,58.0557797245946,0.405124374,13.254326649,37.4290078985946,0.352588926,104.800904276206,54.3137450790741,16.268258186,29.7866147121314,23.7310540595508
2011-05-01,2011,"Q2","2010/11","Q4","May",821.418357518029,148.0409377734,36.2706660258204,11.636532445,156.675343756124,49.8814626075851,285.04244313291,4.5692541105997,23.3862929907491,108.489541750021,0.084207069,129.373746993561,1.080396788,1.21133067496844,7.58525070745296,57.3004160357183,0.171760319,10.077852668,29.3211119797183,0.551874936,84.8930881301834,52.3823462331736,18.650477102,10.4689047390098,30.2362097636883
2011-06-01,2011,"Q2","2010/11","Q4","June",699.728512696707,172.966087153065,41.5583660937115,11.048108769,86.7920235940901,73.5137135558155,133.430192215045,5.33279239865061,49.4876519439455,22.481181591088,1.380478623,38.7504122379551,7.639075484,0.75269698421591,6.08963719754907,114.107770468323,0.43026082,13.127558813,34.6170748933228,0.111568825,85.7576469525581,47.4448874754911,23.882496227,10.567430390067,26.2071757510461
2011-07-01,2011,"Q3","2011/12","Q1","July",713.22862320873,167.018034417127,33.1895987100156,30.923923693,49.4635058252627,26.5784535857693,189.215668688484,7.13304186698089,54.5468589076721,4.96544056934695,0.531421901383492,119.628534556101,0.817926184,0.511781391,25.7569902396023,46.8233093123294,5.033363006,13.643336071,27.354512219,0.175667387,132.538501803028,70.774436973,35.157677025,23.167139283,75.146710559127
2011-08-01,2011,"Q3","2011/12","Q1","August",862.913090934719,148.054576632632,39.7294270187931,8.718313583,173.673688623379,77.2873985834507,250.636729089239,4.84170678670065,7.72318730156927,18.129193674006,4.73466467875215,203.306267464211,0.342843045,6.05113268524373,39.9709760910289,46.9953203402872,0.811770714,9.945888645,16.615044017,1.0186823,97.790243199,54.195160331,17.076627113,11.970005662,21.4343433904581
2011-09-01,2011,"Q3","2011/12","Q1","September",530.589032421628,107.175698585757,48.1162359497484,9.292651243,95.7033100047586,34.47922245847,123.349329666217,4.024981395,9.81791943243278,16.2727343598756,2.35786292280519,82.652001706103,1.526709927,1.93825154138531,15.8014880488861,59.6537374834638,0.361842934,8.309579285,14.5686571,0.069508418,70.9284488576908,41.121234201,13.86356584,9.072324676,21.490037357
2011-10-01,2011,"Q4","2011/12","Q2","October",709.713773284771,210.970179025765,51.6979303519467,33.029778529,101.431698309499,39.13678843,70.7895828314494,2.65785982208917,26.7117194740801,14.677179624796,0.0591202694108992,23.0143699490732,0.747228584,1.56901429549029,21.8626899857604,62.1741698974308,3.559938287,15.404901082,28.839536997,0.859251563,168.789737485377,81.179206241,53.99946819,24.278658502,32.130661461
2011-11-01,2011,"Q4","2011/12","Q2","November",759.094770059243,161.54724809508,43.0247132710537,9.441368042,57.1714467237133,77.40551226,261.982900948526,11.3496287110598,13.997808130029,79.3459130323852,0.166330097,146.365938797052,0.902235785,2.76191976842661,8.15275062359054,80.9951745767287,0.437169208,13.134123346,13.800261497,0.139596844,80.9657164988159,43.970810573,13.2338172859896,6.925609452,27.9725037203617
2011-12-01,2011,"Q4","2011/12","Q2","December",571.162247111734,132.932421551533,49.2039210852524,9.67610729,99.0126952965517,52.97007992,107.85332704577,9.90658521402296,12.1779334676423,21.3624748132047,0.560742428299412,53.9500648352164,2.82828668271435,9.06346180243018,13.2273087470956,61.3025051498723,1.2489739,7.647699311,19.4544668035277,0.313764525,68.6947351775453,42.952588815,12.017841978,7.567634856,25.7919478959359
2012-01-01,2012,"Q1","2011/12","Q3","January",1223.46580447174,193.840736095361,42.98430035247,31.99832181,130.357997178323,49.245762868,569.515154594729,22.8328809427716,98.5710502686509,129.488751057211,5.46022050707394,306.477325216022,0.704031258,1.50001498121648,17.5990278821587,86.7293170999413,4.781786762,17.065863354,23.075053817,0.904051686,120.984663741702,57.843318592,35.525250125,20.685804475,52.7890783443043
2012-02-01,2012,"Q1","2011/12","Q3","February",732.441195046736,152.939719035743,51.6235983311582,9.438505196,101.892279601832,77.834672662,226.218826333775,7.0932964769323,9.71824651147903,17.7724122849057,0.448546218438237,180.42213052502,1.088548354,0.968690415,21.6165562740458,34.9977364685924,0.176109751,10.146790778,0,0.083250142,84.9815694870133,44.9287919486,18.327230868,8.650931988,30.9078946267343
2012-03-01,2012,"Q1","2011/12","Q3","March",507.481797261747,137.935063748465,61.0702648555056,9.689120126,72.0319853186982,28.907608673,105.748184119128,7.05251091111572,7.94555811968514,28.3397316707365,3.45159647909789,52.7886222947283,0.224933448,0.440249286,5.97329089959214,55.62498001055,0.945345988,7.348607967,12.846729116,0.140150995,67.9093910523133,42.386192707,13.522988026,7.593080783,32.770893159
2012-04-01,2012,"Q2","2011/12","Q4","April",877.104313823592,239.921470029101,66.2808044877823,39.475042967,67.265830528,66.99297975,170.073384362155,11.102627900289,18.5056963240637,9.65257178664491,1.39330634637832,107.644153688638,0.659503244,14.9574163591632,38.1961441230376,76.404152177,3.873042368,17.908669259,24.495128458,0.607981229,124.465263085895,64.4964823,22.017128649,15.397443802,78.2196921802401
2012-05-01,2012,"Q2","2011/12","Q4","May",740.931325302119,133.723333544555,59.9569017743301,13.442689371,148.555315915335,44.2350135864534,185.930830717717,11.7472014216159,16.8274699964652,64.8367464191369,0.97401822380378,80.690223321718,3.748995665,3.78299928806872,15.7219455272986,45.8184516567509,0.213927367,15.971320344,19.191520586,0.220069035,116.679323623993,52.235319044,18.366020789,9.508207934,46.2640424069475
2012-06-01,2012,"Q2","2011/12","Q4","June",795.693071837715,200.46697689763,56.4245349112377,9.941251974,75.0339628878354,52.1261773143635,265.247650757399,3.3353474384027,34.2971313912638,67.7976592009531,2.305466083,151.034140241048,0.531739831,6.71674333220159,10.1972717513089,60.5904051718349,1.266865884,22.264857787,30.8950507353969,0.96357817,94.8882580789347,44.489421779,13.102163221,10.027013023,29.462047476206
2012-07-01,2012,"Q3","2012/13","Q1","July",788.896891892589,223.146076724503,65.1716546368023,28.57036718,62.2561262276053,43.6542353997686,200.275649360522,2.023373975,53.1790766896894,6.94313148268793,0.345203246,133.846731812145,0.977824092,2.87753613880691,36.7078814238155,81.1083475726875,0.516021778,20.1347508741577,18.4156232902931,0.409800268,96.9537226890065,40.930856897,12.4153603976899,25.4483342363333,41.5075160878741
2012-08-01,2012,"Q3","2012/13","Q1","August",945.56713594542,198.681521958175,78.7590261636486,12.382128694,113.802272785225,69.3367443499827,244.894067659621,4.788874241,78.8444567981778,12.4001317867538,4.70189588640834,129.702230735281,1.271767002,1.549271609,31.2437498336142,46.6292012368229,0.895275231,9.36491359904734,24.8676415737756,0.801363467,183.48078707798,83.334143901,53.422879272,31.9051353043333,55.148155968
2012-09-01,2012,"Q3","2012/13","Q1","September",564.499102666524,184.226952541138,77.5383221839625,9.426991699,37.284488263,27.9908743223844,114.167252407391,2.005419471,15.055503947275,57.3747555746347,1.21103262623676,32.712711860245,0.251615181,1.71211919805101,23.3283150728524,85.7101107096399,0.18633692,7.49093485117351,14.4287577733594,0.2963281,82.8464079050672,47.386696275,12.7846474544336,11.7752252050125,6.936254147
2012-10-01,2012,"Q4","2012/13","Q2","October",398.691115014707,162.012288677691,79.454211825525,0.079660395,46.5051517422618,32.6668221720296,50.0743790158865,0.520962442,19.1246915182829,5.67832199256595,0.0758549944800348,22.2017262575575,0.453166414,26.9615682694959,4.52468182483597,7.06821112819638,0.284033079,3.34350125419638,1.098971238,0.130307355,49.9944216213099,1.216592348,27.19444673379,8.383437015,18.753283208
2012-11-01,2012,"Q4","2012/13","Q2","November",1524.42175382501,238.465823974024,76.8118026596488,28.09181668766,108.569412794812,75.925753135,572.836021583277,6.970000367,53.7162837356062,30.6826215697045,4.06070079317767,464.109853571789,1.878171419,2.91579667986553,28.2312055589428,280.117096416244,1.356950648,18.4808969782803,27.468070037,0.868273162,206.600052816792,83.493946221,58.843252201,42.3045549262181,9.89231770405172
2012-12-01,2012,"Q4","2012/13","Q2","December",988.379784709897,202.358222118359,70.0131412674495,19.565445415,72.1264376334688,34.0159058045168,247.133202633654,3.756112421,37.9216166022339,18.8305593247158,0.162634947,178.359157802704,0.763039089,1.179770561,14.2167891477834,222.220310970732,0.38731659,10.3321841425232,28.754150600305,0.205179095,158.506030148383,99.061102374,28.127695928,21.320774569,36.417936597
2013-01-01,2013,"Q1","2012/13","Q3","January",395.212666508595,168.107123922377,75.2350156465602,0.51086947,83.9125394935848,37.488784709,53.887507018177,1.043901644,9.38958588928522,10.9782832439916,0.452544218886609,28.8174395320136,0.49656895,5.50435826066881,6.25497563445929,7.09704410780153,0.106175374,5.25466496680153,0.955177321,0.136127582,12.6880490095272,0.275416057,3.449684937,2.419099514,20.136156771
2013-02-01,2013,"Q1","2012/13","Q3","February",1226.88311301052,259.912203853983,69.6747934550601,34.613412071,118.524148270303,63.1809863534179,374.742535638249,4.382836201,73.6193687648178,20.0982753993571,0.260366217,264.776775236074,0.564632654,3.09961236941826,15.7117547542347,143.217836847368,1.042826246,14.177184168,0,0.928927086,221.045636595585,77.989438833858,54.4598546621856,45.8717278553333,26.5194712419623
2013-03-01,2013,"Q1","2012/13","Q3","March",728.872516095943,186.192382563523,76.6742392604088,20.888418894,64.6299942899791,43.353773914,135.560067719632,2.950097397,11.7949524549602,38.3872638150979,1.561280135,64.4531616535741,4.34122242,1.048314924,43.5061551314896,42.134467696466,0.655987714,8.434755517,30.07490689,0.138611106,153.186560362725,99.645443001,28.4857057968295,18.1772720436667,59.1221883881276
2013-04-01,2013,"Q2","2012/13","Q4","April",640.226715013477,206.346044307459,78.6092636634018,10.486897785,92.706781665758,44.413189248,131.841626357808,1.377191082,27.1956460016919,49.1746012224354,0.217711693,42.6108922536807,1.315058212,2.53045363483776,9.57227537805217,29.6382096827928,0.408280615,6.317090211,18.091613957,0.664491569,100.785981515028,49.70804672,16.992868074,22.6247031066285,21.7276616547409
2013-05-01,2013,"Q2","2012/13","Q4","May",664.392122466934,230.334486692149,73.5755980892959,32.0856706713022,82.9468352299103,60.3986624308769,140.260561151009,2.510875476,36.1476583268316,6.67403994917298,0.097631367,84.963266366004,0.806494374,3.77343748818683,13.88020170343,55.3449243816136,1.414059157,13.2949431650219,8.61064579306645,1.196184008,25.4193546330596,5.07178428067797,3.201872467,5.325983376,50.8374747486994
2013-06-01,2013,"Q2","2012/13","Q4","June",1183.20089280887,252.395349208535,68.1839813951066,20.4315064196975,96.2783233690063,85.332393708,347.663872876319,18.124361385,49.9334581525552,8.87619821300712,0.260840166,249.05421540519,0.680145463,9.367449088,29.659464349436,74.9044943027822,0.61997699,14.31419057,44.698259431,1.384020072,162.494994436728,86.4788056507123,24.3667625466954,40.6094484362448,123.720531398066
2013-07-01,2013,"Q3","2013/14","Q1","July",1169.52997535709,212.317905558228,68.8633380849949,10.581978584,212.35892621756,44.292243646,477.828028782601,1.947563124,63.9146379440964,33.4713659497503,17.1116845290533,358.909293939701,0.328758659,0.301888289,11.070438185601,50.0088930912779,0.084609925,17.3030897014129,17.397298875,0.040804769,144.983762767821,66.527191439,46.2260228024546,25.3467932470833,16.32708405
2013-08-01,2013,"Q3","2013/14","Q1","August",971.312806357115,238.885135635853,74.1214618229785,33.56159921,47.0578101438131,57.745735397,229.58257656813,4.436613609,79.5573845154741,26.4976693869438,1.495952436,104.971558940712,0.870166708,8.52245627489616,40.6816024068039,104.153377947675,0.502746041,14.6744826928599,29.2117422758153,1.318392108,204.938212466946,81.1855050245,76.224263417363,32.8888982760833,38.4275074079967
2013-09-01,2013,"Q3","2013/14","Q1","September",786.829040381851,193.526027913253,77.3468293486268,10.796181868,37.5209283292045,59.5165773949824,333.849398320597,3.12036909,17.7074456894779,54.6301644085309,0.604672603,197.230439744438,36.1488322520393,1.273905237,6.36639579634647,42.4658089333223,1.230215162,8.695078533,18.626514215,0.304766927,85.667846855026,49.962019668,24.8144998304427,6.83003239058333,26.3373846751193
2013-10-01,2013,"Q4","2013/14","Q2","October",892.430997679426,263.393755804031,85.7994221289842,34.607407772,128.151656557721,41.049328661,125.691958882974,2.225808132,43.2482072872705,9.09788721915555,0.249947167,66.0312806085481,0.560693468,3.773564068,32.4321198611395,56.5362878465524,0.1287674,25.4165051555073,29.2707891378153,0.09158455,197.907859289535,81.2110366365,66.1577827916727,41.5922200862827,43.4028821584731
2013-11-01,2013,"Q4","2013/14","Q2","November",1163.51840757843,235.590369869134,72.1806348438978,11.408282373,94.7749661294524,75.812485855,465.44792029302,5.773665289,24.3302453048943,42.3787206913754,1.768106169,366.245523870751,1.80402008,4.27099909677843,36.1062102031016,91.196785815536,0.152883381,10.165555833,17.515442157,0.823455558,118.464869597416,56.635538256,40.0591505100693,10.4493033343467,41.0303451609871
2013-12-01,2013,"Q4","2013/14","Q2","December",860.824400970858,209.135913231381,76.2821688895092,12.906701047,66.8720172951138,54.341040133,263.957608720724,5.29839614037192,34.3033400156217,34.5045107991477,0.678387057,161.665709261936,1.79556981,2.82302128561789,78.0153283016578,58.3442761269805,2.002468533,11.637355032,18.250300078,0.544917632,97.1907673493833,50.948419127,20.450837021517,18.5581527378663,29.599510895
2014-01-01,2014,"Q1","2013/14","Q3","January",1085.38438781256,277.679027505853,80.8861123998752,34.710806943,70.4293327520191,34.297566284,294.27928521164,2.418707262,76.5549820432747,2.48023037573343,0.414949559,207.318441564632,0.620764362,15.9800147430422,129.518079742069,48.660084205,0.302913529,15.989818654,30.93047696,0.300498645,187.669946422935,88.00384166,59.9856866631511,34.8094640510833,26.570552301
2014-02-01,2014,"Q1","2013/14","Q3","February",864.481828971679,190.266450080991,76.7330721010722,12.342581472,128.067229056733,99.80495114,201.589795861352,4.732210016,21.9454721934632,24.3597150514922,2.466347247,123.618650428397,2.46415223,1.369944299,7.55221401018642,86.6457505622055,1.024619291,9.03633508520547,19.462337166,0.320487947,119.146653101147,52.613884773,37.7237343849822,17.5173225358442,29.7183529130639
2014-03-01,2014,"Q1","2013/14","Q3","March",715.412650394284,193.432155681627,83.7461726756374,15.221494574,103.662030152985,56.997022675,93.3736656673073,5.889174689,31.3473559995597,13.8518592046998,0.416575114,33.5732356190478,1.830047352,10.8171209825438,14.4352098204229,75.560078623853,0.375776175,37.946995189853,19.839693575,1.769979627,139.100597677546,61.290914219,41.4344315894219,12.9342777566581,26.264789486
2014-04-01,2014,"Q2","2013/14","Q4","April",1083.38913940186,272.795772742165,97.8159601527487,40.090511822,85.6160840618889,57.761664559,372.081994564894,3.50126233157029,30.0091454939125,8.55661831738524,0.355798812,307.476144070026,0.82240625,4.182182051,21.88318688097,54.1264949079551,0.378355332,20.3830218639551,26.409955019,0.359952047,127.47954210402,64.351338537,25.1454920930353,24.9526286194167,87.102265482965
2014-05-01,2014,"Q2","2013/14","Q4","May",912.767818136737,201.489337248923,89.8666151037293,14.00243532,140.563424122016,135.811811006,202.574915256099,4.301375879,41.9627869094522,37.6925796534065,0.896264004,107.30377582224,1.463289201,30.1531197612226,15.8185975722588,53.5797546933073,1.472661577,12.9243884863073,20.448020972,1.133008281,99.3461652503847,54.709926282,20.8102680752508,11.7122964174167,32.2976849455264
2014-06-01,2014,"Q2","2013/14","Q4","June",1136.96388060189,314.564444715591,86.4957214293503,13.564226957,144.077520084894,133.946151631,188.088758876729,4.477538811,59.5775435429541,27.5432681034502,1.161638411,73.8630421069755,1.341713348,9.03605686583627,23.8760478016798,106.164405621288,0.184295742,16.6998384153058,25.321733982,0.594769782,110.017976318392,49.63120324,42.4448859221177,11.486472320782,106.597748904479
2014-07-01,2014,"Q3","2014/15","Q1","July",1240.30495697773,336.085136901454,93.3443372779464,37.0341851446177,46.4137060478511,52.3501067671724,426.674177790857,12.601892315839,16.9597326538741,89.5097984556776,0.271800568,298.225806536466,1.626866576,4.1062038081169,41.700737108318,81.1446897065847,1.183509547,24.730463320188,32.1081478305403,0.77288649,228.525909950278,93.7649452910645,66.3312534445022,51.9839041135416,22.5314024071005
2014-08-01,2014,"Q3","2014/15","Q1","August",1006.21624145692,247.39387397314,86.4399422432675,13.1966797673208,96.446453551,76.0725305544097,346.432177563232,9.13160189489437,35.0548791047778,32.8671640229807,0.662918976,234.693222347481,1.297663608,8.6792115050047,22.8944731132308,50.2343201112481,0.622125191,8.65573423023806,19.3564753405654,0.218886486,131.274300368259,60.2423178358198,38.577015325485,17.2344416493207,26.5700142313942
2014-09-01,2014,"Q3","2014/15","Q1","September",767.856657239983,197.876616036033,99.1624152565966,12.3093909941208,128.656141485542,55.8124108112171,162.093505194385,2.659451359,70.9152598871967,46.7308145887645,0.837336855,30.5317395585752,0.600607141,2.38748442249692,21.4976031899666,56.6353570348393,0.252592685,7.667873055,18.8658531125711,0.645829158,85.0786369480149,53.8219256050454,16.2815624767526,5.1690401005742,57.1730729594888
2014-10-01,2014,"Q4","2014/15","Q2","October",1108.65739026743,345.792726191257,111.594203492382,36.9160329987237,80.1849316486491,49.0084041838279,215.187441028773,8.590834619,16.8535757335034,42.2927554968843,1.619524186,135.034977812386,1.488199215,17.8061298088198,55.0373979839881,76.2227111373908,0.16054553,28.8130355420746,31.0889210113107,0.684829135,232.442148629891,96.3149673041183,67.7021205913882,56.7289796524958,36.2906705198295
2014-11-01,2014,"Q4","2014/15","Q2","November",956.008419142088,226.759532300855,93.7345503874691,12.9068326981548,119.259377423733,78.039357699,267.752440255949,4.942231459,29.6227624714856,11.5799188359252,1.446707763,193.225306523538,1.053232815,3.20566780854352,17.6921762158744,83.1454602320834,1.493313149,10.3489440801198,23.9422733657665,0.279085205,107.699931339207,61.1668712540681,16.5901715194954,11.9836516684685,52.1753906618431
2014-12-01,2014,"Q4","2014/15","Q2","December",1030.1243188608,243.91203606911,93.5181968202996,13.6787965336581,105.261776916755,65.8577518802995,313.529916628276,4.192756661,25.5449113861677,39.7769145872746,0.696091704,226.390667870505,2.113593293,29.3992952221294,69.9855336309376,51.6443445367245,0.110928769,26.6799265708397,20.6267595428849,0.897397354,101.191226375615,62.310479682374,21.1119838222337,10.1485248842271,48.4450402469569
2015-01-01,2015,"Q1","2014/15","Q3","January",1243.05935345556,331.200798966053,103.383992295545,36.9051509592647,148.916160642076,83.8781061287552,246.512853550187,6.017726376,28.4286991953856,56.3403966525074,0.71371244,140.914360107222,1.060585182,3.87037055504987,34.5897060704142,110.426725808301,0.156676804,22.0120290309554,35.1309367323456,0.695721344,250.511382838442,102.684506840061,53.7607935637036,49.8667231858054,32.4575275522812
2015-02-01,2015,"Q1","2014/15","Q3","February",885.356713083084,216.65362283436,96.1842307463401,11.8448553415277,51.278989109,101.464484424,287.457471365836,5.721935165,77.4220578842827,19.2486223446073,1.324731652,159.782688394946,2.253594343,5.12734502286449,8.923944463,79.6507199672367,2.211384641,14.6745632607417,18.3218390663335,0.320928768,106.388584553956,55.1827929123793,24.5953284966591,15.6170626661427,28.090622574831
2015-03-01,2015,"Q1","2014/15","Q3","March",751.653605744532,218.012610801391,106.452120568192,14.9656387270801,66.8571188879127,62.509098065,161.105764958639,10.9153982959562,21.5439077531943,21.890807733449,0.638161787,94.7348652467235,0.77214612,9.72689112015175,11.0476313229002,44.2578804853089,0.155571342,11.1614600703157,22.4079319701587,0.705447125,114.377957810153,71.9662404436006,22.6020801776092,11.7013804155963,63.0532051680764
2015-04-01,2015,"Q2","2014/15","Q4","April",1204.19000430848,349.321179311408,121.868401995756,44.4404460327191,174.935373574544,76.516984909,189.47362881387,9.77966247,20.6742199589977,12.0705114404504,0.651035075,129.412976594422,0.776836152,8.90391191302659,71.4529452837184,108.934635937254,0.217227756,20.710166462,29.3541283447349,0.434854166,189.202650111822,89.3281826349861,53.0311474440527,42.3808352523025,35.0138402878397
2015-05-01,2015,"Q2","2014/15","Q4","May",1204.93190367853,257.608682430206,102.176806730484,14.7477788018167,147.770660824952,112.897861952,350.544702900075,13.194417912,31.8600468482212,35.1328194254642,1.307251266,254.904990609045,1.064312871,9.75215912461642,70.7199914439966,81.3952283960666,0.544906865,18.6321414666614,20.7853780988216,1.026187449,112.662043712859,67.1302662756905,23.3652997957575,13.9007799014107,60.5543854447574
2015-06-01,2015,"Q2","2014/15","Q4","June",1520.40441313021,373.581406073591,105.092102367026,19.6610583677312,164.133670282511,96.857431214,508.42778783853,17.2480773913555,122.925859050358,17.7865640929361,1.181863219,326.04185392688,1.825706227,39.7365748576706,68.6634093785572,53.3352616571421,1.204679711,19.9923914618057,26.4259163773365,2.271508146,169.378726521531,89.487042726767,25.073994971525,19.2694273945103,44.0186371606778
2015-07-01,2015,"Q3","2015/16","Q1","July",1231.23120988782,433.349263514039,142.405851373147,37.0733612797032,105.931168735921,57.926326629,233.823669368098,8.97135933207862,14.0054537486202,19.8350690969415,0.529457516,180.722345524458,1.066272049,10.4519897191545,67.0549928715273,131.143858546953,0.333969837,15.5967894291123,30.8632300949141,1.823659274,167.898225809631,62.257695086821,32.5287380907605,54.7370286828384,21.8280554194936
2015-08-01,2015,"Q3","2015/16","Q1","August",1023.30460108644,236.595027899048,91.3777899877348,14.5111782144861,155.753813934951,83.10530515,310.4955487625,8.715178933,21.4969885063296,64.5218088331695,2.641289373,182.427131167001,1.437743832,11.8514968892854,29.2068324711125,59.450738459384,0.165788375,9.21958767622552,24.8419906204253,4.749059962,112.378648697678,65.8028530367004,17.13834828974,19.9418247016815,19.7181288604822
2015-09-01,2015,"Q3","2015/16","Q1","September",994.495067715468,311.378476221619,155.610714451675,13.7913015768905,95.9822239249048,66.8394249912937,146.635972262623,2.957675319,29.5957411690212,8.4670762682097,0.345461003,80.8143509020057,13.744392287574,6.09175994177376,82.9827101967036,73.9919478114687,2.655762898,19.2723882592454,21.0461005616184,1.062219515,192.207608441172,127.272651651671,21.6790506364506,17.3567048636406,17.3227244089092
2015-10-01,2015,"Q4","2015/16","Q2","October",1500.84573833531,445.046710178324,90.3002781917664,41.5192555865579,202.524111634783,83.616895319,401.434689018387,6.242723424,84.2724798378713,30.8648038021314,0.173691632,266.055975294385,1.023462401,4.645298977,76.0984269499733,99.0938539092001,0.364043451,13.3890323181649,26.5996929702729,0.542341478,174.148434694212,73.388891412651,23.9003387023614,46.5682985891724,13.6949761764301
2015-11-01,2015,"Q4","2015/16","Q2","November",1181.11997414574,307.272221644872,131.408839047846,23.2270548817596,67.308537826,148.18500893,295.503984097304,41.2507808627065,56.2562464730506,43.4032718743392,2.451453125,141.269800479842,1.20162666,39.5318833792178,69.8529416597166,84.5906023959607,2.751303778,24.3391178136799,28.8644774875277,0.8394498,142.285830262638,74.2678246565637,25.4278563848366,20.1408540393043,25.7495141500262
2015-12-01,2015,"Q4","2015/16","Q2","December",1387.2192713254,371.778370468577,132.2561698181,14.2873506430354,336.735613667224,71.833464652,274.086861918597,8.1213825,52.867987696888,89.7709380586122,0.364006588,116.461830095097,0.703435422,23.132238240284,21.8025575198403,140.014921160884,0.313813729,27.4738875111309,23.3702335424779,0.47003532,122.21927708633,73.3258863306435,18.519482939874,15.0865964647246,25.1459312916659
2016-01-01,2016,"Q1","2015/16","Q3","January",1453.37181580969,529.548488116475,185.357454860389,40.6548902190038,144.830285364,87.72341948,249.78507939489,4.165703076,43.8658869038541,29.7378587545921,0.350234255,160.618423169443,2.080595452,7.663572492,9.478563145,140.540973137618,0.249057413,23.6616089006437,27.2709244369831,1.454700181,256.500754042953,93.0947863950691,68.573050509499,68.6548170854352,25.8459804557553
2016-02-01,2016,"Q1","2015/16","Q3","February",1092.24851119226,335.908647063251,128.296254997419,16.7657083145499,116.190817368,111.920099223,209.428307509301,6.12041789565245,37.2678175581042,35.6611722094689,0.957377736,115.576528260075,0.801465951,17.1428062598403,69.5231779269405,69.8699875891832,2.665928424,14.7616789582979,27.8218119658638,1.071141265,135.571733624944,78.476669160866,20.4606322007796,24.6792546855214,25.6217933628023
2016-03-01,2016,"Q1","2015/16","Q3","March",988.910533046249,324.918609245949,168.221380245969,14.6531692220329,104.34300838317,71.454756343,247.341310207456,8.04979619188414,32.9510904903516,43.1326018889778,0.110015283,153.693753849243,0.776911648,5.17068109391024,14.508667195,76.3680549751568,0.16712853,37.6643225653572,21.9812981886695,2.397383688,115.745280107538,70.5220316961366,18.3375792106088,12.22601203069,26.6627818070699
2016-04-01,2016,"Q2","2015/16","Q4","April",1245.99878944944,372.464613302715,116.067508616034,55.6481962755723,129.946678172197,85.948800766,291.836029452365,16.7976654632429,17.1285903591351,13.6787054128559,4.651115876,218.023876713132,3.192696936,3.53911042202285,25.0789791328862,72.0850655237451,0.295439492,18.3881985454854,28.5758767374281,2.190435218,247.416685417163,95.1575481568352,58.8735097193341,78.3422911669416,15.4923920423405
2016-05-01,2016,"Q2","2015/16","Q4","May",1304.51918267569,323.84639086985,148.647036750876,15.4984744381175,80.4914970686211,132.331413316,384.000327128342,27.7209219140395,95.0392911612042,96.3475084600911,1.412729821,132.180576338623,1.243080744,55.621606380465,22.357168273,66.4981798182785,2.713519015,12.461097355964,29.192837956025,2.425917027,167.497190426314,73.8777136686566,20.1211022505028,21.6978754184095,69.4494923678186
2016-06-01,2016,"Q2","2015/16","Q4","June",1693.50648778285,455.898536673392,191.764729980353,19.911729554512,189.162474581963,186.71639477,493.715992561648,9.944522778,116.335322999703,50.1585479901519,3.483474286,289.013389567793,2.503761012,21.6637422425982,33.96713951,94.7667949994948,7.200085878,38.7685134227462,35.8726032480824,2.100090054,161.786862055254,94.2144988505744,22.9471262467401,25.81943478994,53.7284603344961
2016-07-01,2016,"Q3","2016/17","Q1","July",1533.30917005483,326.679984551246,191.470331643581,17.6464754305444,157.40659813075,64.504116202,622.918638936031,7.525467174,39.3739990523855,130.648528241904,2.454804163,432.647838981741,2.292232182,15.9253547289467,99.4590633662101,99.2963997102806,0.117458515,10.9349897420246,25.3379210648915,1.092406852,135.718337278361,98.2531744710533,0.11754,19.7627108624621,10.308270299
2016-08-01,2016,"Q3","2016/17","Q1","August",1703.45744037349,485.48689372934,190.203527501417,45.0185012952947,78.0959974540756,170.137640206,370.680097281503,6.440525175,107.779675331022,14.1658377831581,0.963546704,219.130434032138,4.02057785718532,16.972235695,60.1883520639754,170.939339288,0.145966106,18.1376432208971,41.4276526761414,1.600556021,278.814853010657,185.456506960471,1.515695381,68.828026863474,70.5414756239434
2016-09-01,2016,"Q3","2016/17","Q1","September",1070.10263402986,397.655155726957,265.41803268883,18.3891888425444,66.1618946600093,73.136029794,188.050477791089,15.7956818325011,29.3146612045323,66.0388042994724,0.834409615,67.7286800705831,1.050062099,10.9952781699458,63.3273189277402,127.838862211194,0.319973584,13.1936999647256,26.2137254208915,0.281730589,124.462012173924,97.5450018370533,0.166675074,14.507393403049,18.193873986
2016-10-01,2016,"Q4","2016/17","Q2","October",1385.84913106924,453.49591834878,111.571874848292,47.9487219127503,140.233443844241,109.157042812,231.336099752947,10.381635659,42.1426555778803,41.9520258961386,4.195443841,110.886852504944,7.53722275849629,1.37335724729983,92.9666334002749,87.7632146751684,0.378821816,16.4678488672664,43.5974697687514,0.776239449,218.674389012462,118.616471120831,0.311351039,66.5121035910247,50.0727925270638
2016-11-01,2016,"Q4","2016/17","Q2","November",1362.16325794512,357.465747582801,164.58263166968,20.375087333,259.237465200015,86.788269079,338.134794974773,3.942513245,74.2771512951987,54.7484540323169,2.583748184,182.905506637257,4.96423145,5.71148719970439,60.6265233521384,79.4754108757922,0.338785645,21.9647142720138,31.3969048591682,4.856171646,154.400690397896,96.9939655072478,0.678581276,22.5394694424712,15.466697637
2016-12-01,2016,"Q4","2016/17","Q2","December",1183.30513145656,514.659379505581,267.211671099364,20.46695702,63.9929646948904,60.6357196774185,269.155718044315,10.7698847718495,107.52891442697,44.9293704880832,0.581105349,95.4739801474124,1.501619829,8.66561882118828,8.67979878003587,82.9606872567868,0.316471611,21.0073261160901,26.5490517111682,0.196899349,168.051286758348,94.4484924762478,1.513675484,32.1219728253363,6.307058569
2017-01-01,2017,"Q1","2016/17","Q3","January",1660.92932020296,455.022730541244,164.958520455211,45.3937790549694,169.041102069,79.678522135,470.896557290648,16.582929984081,63.9528443020065,72.5029637823349,1.561389871,296.2011337747,2.203453231,24.1522829903271,44.2684972057654,71.9797675282418,0.226786529,15.7694789186451,43.6896257325537,2.790478523,269.570277055636,189.343144185821,0.980356601,57.1518229897528,73.5291048640952
2017-02-01,2017,"Q1","2016/17","Q3","February",978.487733581236,325.070379663005,177.298534194183,18.0427606532191,97.8886805121119,69.327239402,215.649049739675,15.2919292654712,75.9078170091559,11.7946157836512,0.553334959,83.7123305097314,3.283536095,3.0966659376169,14.6109466761976,77.2294326826371,0.305488478,11.179020808,28.8876876356371,1.294580954,148.04858426731,101.661684821987,0.286864009,31.122176611,26.272173746682
2017-03-01,2017,"Q1","2016/17","Q3","March",1063.81272852772,431.618219457106,283.300197420643,18.3221421042191,74.7381539181568,55.160858525,217.745463727922,35.2870057143582,44.0247160029773,42.1215500678897,0.647174819,83.2234356826971,1.245917368,7.37818335882683,32.7386139278532,84.3034287559855,0.322276471,16.8043560065665,27.5902266656371,2.737977751,133.689485522384,98.0609273389866,0.195977616,23.15034375848,23.702343583485
2017-04-01,2017,"Q2","2016/17","Q4","April",1206.09046735992,311.38939565456,105.090808410908,41.2183375220005,182.063180423,77.521966529,160.125183867536,5.997701632,79.7031942129832,30.3999029232146,0.195776986,30.1331851309218,1.186044018,2.28840060329629,73.7147207259142,94.7455334034377,0.502992509,14.8314103819313,39.6502355080661,0.383710072,225.762462238613,171.911227363793,0.057627394,44.7553539660687,78.0959138425635
2017-05-01,2017,"Q2","2016/17","Q4","May",1627.59644634056,336.099588737634,177.508771690063,15.4582268939877,169.302725215274,160.921243103,623.657025448313,6.584682196,86.2769888524744,37.4869885767677,2.639012041,469.69054686971,2.856143462,4.27505918684589,46.7249387338321,81.9734066378093,1.02604942,15.1801214397045,32.5996538454261,8.06429649,171.899793126847,102.227233521592,1.118344351,44.6426101164809,24.678369661
2017-06-01,2017,"Q2","2016/17","Q4","June",1937.3096182551,677.099593410818,261.612082288317,16.4738832859877,82.0766854608344,103.905717783,656.912945167378,13.2035772891486,118.12542226905,39.6474835607702,1.623819052,415.844036257427,53.4304778119818,12.1031790200748,33.0693002941064,108.310306788091,3.551415669,47.5207345058932,37.4945790064261,2.488757655,167.49798031094,101.102494077592,2.597901325,22.4483490035356,93.8451523648599
2017-07-01,2017,"Q3","2017/18","Q1","July",1329.66759505257,503.32571485411,162.809822916762,30.2891666666667,124.314014905276,33.898063633,230.659987598534,2.16689102814743,53.4885095444293,24.72187952592,0.551467177,97.3874002737995,0.052472536,10.9073088637637,117.898236705474,153.744442416731,0.081418025,0.965888148021129,0.05803401,1.144702608,150.116222397261,3.705,0.005,12.5366000966995,3.65890107042012
2017-08-01,2017,"Q3","2017/18","Q1","August",1694.27327579163,588.609299832428,176.036789784381,30.2891666666667,70.147963634,82.591703339,486.720484594664,9.91342842356279,64.9589858005047,38.984843901042,0.212361243,191.290192646957,2.256632856,29.5802679500063,127.499545669552,75.3453512973368,0.200912418,8.84630673731874,0.395038848,0.638078451,218.870157545894,0.181333011,0.52421647,16.2373411013049,14.2704234777509
2017-09-01,2017,"Q3","2017/18","Q1","September",1252.96235045634,641.772818279145,306.760334081019,30.2891666666667,72.8252282105361,30.427251672,268.917016676665,24.741529749169,37.5034582208996,9.91403261795769,0.284872331,172.578359267787,0.269246613,9.51855301450574,34.7273871095704,48.6483403293249,0.509650386,4.52929824438791,0.311823344,0.15363902,137.124740810589,0.0873099,0.03286636,1.16177505360901,8.847375334
2017-10-01,2017,"Q4","2017/18","Q2","October",1775.61851561117,592.421642617869,99.3321696603986,30.2891666666667,271.293379030133,55.187844292,566.923628356869,42.4764750457208,46.4778284067219,39.9810121285583,0.670789197,214.056819225478,3.077747797,6.69945054133328,27.1075552891676,80.7365367777601,0.465021781,17.5584989078315,0.33914929,1.573203793,159.082176633043,1.217884846,0.301897108,27.0597129090991,14.59309828
2017-11-01,2017,"Q4","2017/18","Q2","November",1406.50179857296,616.818398195533,250.056591731699,30.2891666666667,63.346117661,41.706805917,281.393150974292,20.9638123379362,54.4089878396596,17.123072251814,2.009491731,98.5845451301266,4.221995122,6.99102984392682,120.668298617778,97.1260493025662,0.475861196,8.44848991995062,0.986420747,2.092582543,157.661339263898,0.474890021,0.559874172,7.3562306798485,18.6980262539689
2017-12-01,2017,"Q4","2017/18","Q2","December",1280.80742690656,534.839686641949,181.012032201418,30.2891666666667,83.4787159778701,24.957901599,246.797152657363,1.7611486092398,60.9020052181574,31.6872132695697,0.67151936,102.717054716171,3.58536958095095,8.48078630485191,108.293278226525,99.0351203567269,0.350563114,6.11367185015756,0.291498187,0.320213924,133.776840889643,0.534141748,2.312731772,8.41731849809491,40.8277303286331
2018-01-01,2018,"Q1","2017/18","Q3","January",1613.12602214527,600.184931260535,198.516360649348,30.2891666666667,174.748508539968,38.989002522,380.411879052632,28.3016920900049,32.1959675924721,34.9046745617245,0.66478211,113.923694728431,0.175096677,15.8976723527868,26.3883568402006,62.4251820763795,0.420363504,1.45547854751232,0.432420856,2.393456039,225.915316827277,1.832983788,0.16137959,27.6712381818711,85.7717166344916
2018-02-01,2018,"Q1","2017/18","Q3","February",1649.48573457067,538.891605436417,178.87229409723,30.2891666666667,152.931508175203,51.61963054,557.591744873521,7.91404634716343,15.4901434749605,16.2881969589983,0.581190088,407.747592087968,2.046393328,8.74509734744437,48.1410684633059,114.342857519969,0.350532315,12.3879098201725,0.436311396,6.985850243,162.387953367814,0.913273194,0.442323327,8.8352711718469,7.848418604
2018-03-01,2018,"Q1","2017/18","Q3","March",1266.12563558656,565.213563585329,283.950596079142,30.2891666666667,53.8652038055969,30.861978427,347.996777871619,3.14948718796104,32.7284314583093,49.7099058409988,0.401172123,185.537433211146,32.4486800712345,16.4974585223514,11.4041734619742,51.4381144839625,0.457315564,3.03869626819797,0.26908,0.198092167,173.827989307849,0.644258334,0.506926844,4.01558043020083,14.8222839538792
2018-04-01,2018,"Q2","2017/18","Q4","April",1653.478386682,453.467263708547,98.3251882739433,30.2891666666667,149.312293608814,42.597143356,690.004512813778,66.7715458756138,28.5588706647121,36.669168784,0.627450915,141.919592841659,22.1001386612316,2.58779652427357,52.2750627516477,82.8162197503281,0.122730212,6.45707473234603,0.230125207,1.022901139,154.918814336616,1.728907246,0.070235632,23.2786382979106,24.476378693
2018-05-01,2018,"Q2","2017/18","Q4","May",1702.68357483544,598.655147372831,219.147349644935,30.2891666666667,58.8769375081112,71.621851514,684.316805476949,28.6818989626243,38.9305264752962,23.2107992836635,2.838434562,132.661322590546,2.306065745,3.75469757596223,38.1531457002405,64.0508123063368,1.58586445,18.7642300912964,0.493294902,7.136023926,144.605387005585,1.357723192,3.829247328,6.35244723578617,31.5127664494271
2018-06-01,2018,"Q2","2017/18","Q4","June",1875.58327641545,589.505174398417,105.668991084237,30.2891666666667,352.695275409652,116.012461098,348.063063226541,25.768115624,135.976883078545,50.5690570553192,4.48182441,76.8022143376761,13.131396788,52.1815271426667,35.9895210620225,94.3628728446444,0.853268898,26.5735535783051,1.209039949,5.116435332,203.369730933906,0.408061165,2.332531674,11.0954276676078,78.2872149675959
2018-07-01,2018,"Q3","2018/19","Q1","July",1888.90056070415,551.198288694963,226.72693065444,27.7234529259167,222.2289322,4.676590697,520.299041050857,21.127877365886,38.9684131706417,145.833789674029,45.745788036,65.851953951803,0.205199645,29.7820476883618,253.818620630382,90.4801096309763,0,13.0721413824886,0.082157433,1.253277148,206.446825445608,0.9,0.005,43.1097146639349,8.716827518
2018-08-01,2018,"Q3","2018/19","Q1","August",1515.21159849883,540.113542370243,202.22700390272,29.4077674009167,75.062139068,17.275352442,353.600530092737,19.611377004331,44.0253816809904,38.0173162823933,2.591124489,143.241983031032,1.935468364,18.8181363054166,155.150332472079,161.993071990936,0,17.4226387303883,0.536839671,4.468557877,175.014000432414,0.493688912,0.1619209,18.0663409129213,13.715935448
2018-09-01,2018,"Q3","2018/19","Q1","September",1195.47768045216,589.41795166307,298.52461162449,27.7794744989167,90.7782307242035,7.042320209,227.663669646782,13.6229890277196,79.1876320586431,13.1059165335651,0.797182785,93.1206112375948,0.786389766,11.0819236302138,24.0920365736666,68.9475813493306,0,4.09840318448574,0.325543252,0.50709368,163.93134842499,1.728705145,0.19442912,2.93402423944846,12.0155245509039
2018-10-01,2018,"Q4","2018/19","Q2","October",1786.53019582959,528.017529195162,105.709443490007,27.9940291689167,224.248855648752,24.451597932,630.483056919729,54.6867956962337,39.6447935325675,20.2554547529485,1.048059156,170.937922351601,2.225672905,23.1072650544025,25.7523961266666,140.105856964777,0,13.6772460283895,0.258532019,5.476705237,163.531025542725,2.05401846,0.242272019,23.8720228731485,21.3559072083718
2018-11-01,2018,"Q4","2018/19","Q2","November",1540.10893232582,545.293968953628,232.293084544285,28.0253776999167,99.311408023,4.66624544,432.192857420767,36.8791591199607,49.4156392346586,42.2485001512862,1.437017653,241.190193781247,0.839228868,13.8979777048576,31.1441269446666,218.362441724496,0,19.4168542402485,0.666954215,1.189602953,170.299828863694,1.195258666,0.263464688,20.5558716982554,23.7504742977126
2018-12-01,2018,"Q4","2018/19","Q2","December",1352.57828091427,456.996435061011,166.010751147182,27.9894945189167,54.412776942,10.348438255,458.276197201054,45.3980173074512,64.6434087264566,68.0702825343761,1.085970413,103.218333026805,13.0952625375295,15.6476270294247,87.7916828100782,91.6687858095599,0,10.1838019668309,0.402407249,0.169411021,166.909139605955,1.094955324,0.789706764,31.6397510939927,10.3577871791856
2019-01-01,2019,"Q1","2018/19","Q3","January",1728.84939037509,645.863465491853,277.427866848665,28.4685718509167,201.708641844788,6.866912405,424.436277351889,32.7314544562717,44.9042932639988,51.7370327968831,1.019849002,134.492176256717,3.591903741,13.2472006094864,17.1148064936666,124.55224934178,0,11.8490138769747,0.798484135,5.485989423,211.704442187661,1.490099242,0.159822153,25.1823898488497,77.8694052259604
2019-02-01,2019,"Q1","2018/19","Q3","February",1234.94147345437,545.746709080104,200.644950123915,27.9668127969167,74.011224254,23.221052745,201.641415975479,24.3879608300881,36.4971636204168,19.1657536649784,1.925565943,87.5472580709664,0.406387251,9.27089743519474,81.8270088541436,99.3995228979386,0,4.68599843662735,0.524616917,0.17489415,181.204559494024,5.750555097,0.406318248,16.5355481119338,18.4441885684834
2019-03-01,2019,"Q1","2018/19","Q3","March",1281.15795208895,648.020056432783,291.449528040595,27.7406246029167,133.705446416646,5.941183593,184.49547419142,18.817095727989,32.0490288134168,18.1272551049127,0.850210398,87.4447849211572,2.264331217,7.04393917391361,55.0736255938266,75.7925288875383,0,5.052988329,0.382582947,0.115012731,167.007740933819,0.483022593,0.371192278,4.66124158609284,3.962944135
2019-04-01,2019,"Q2","2018/19","Q4","April",2233.73389119211,436.643028576123,128.04715443639,27.9649873849167,291.034481543263,7.039706397,671.652704080782,17.5422209675183,40.1140055476868,50.9014569087772,0.646356622,384.991920378219,20.8308034843188,11.20616403,58.1087982426722,233.284565568275,0,7.31394873305107,0.152472709,1.927931607,470.847953486451,1.451105943,0.034375423,8.49607991405076,51.988557660545
2019-05-01,2019,"Q2","2018/19","Q4","May",1646.97454970375,584.110449556993,195.314624928745,27.8090397059167,480.215656075,17.128504966,434.547236217076,80.7356799082297,39.8532334933329,10.354783062941,4.538840534,174.258092048053,85.1655941063415,11.4191384751053,12.2639150215359,49.1150356115041,0,15.5539113220209,0.997779884,9.359474186,29.6405055254752,3.667235367,0.455570199,11.8198155824752,19.1746340690557
2019-06-01,2019,"Q2","2018/19","Q4","June",1260.31505378914,615.699926087522,201.709269907789,28.0293469089167,72.5433677501554,31.658127264,361.288707806649,21.3658359805952,109.826928149333,55.022224528691,5.188404396,109.406028946321,10.470220631,2.59019063499028,26.6271616118749,67.9744092310282,0,25.183696676,1.147107924,4.681109943,34.0339060253514,0.15478304,0.685217772,9.98074523710778,43.2181474345723
2019-07-01,2019,"Q3","2019/20","Q1","July",2215.03726845792,858.060014017181,445.404443714207,36.5284080664074,450.898484778645,49.829203459,396.689034870748,20.1197630752885,56.2762809994921,43.6671939358436,22.073434701,210.120437480088,0.340880841,22.5189025226813,26.177249829357,194.678589545653,0,16.9333116137584,1.640653311,0.701849061,205.107687156656,0,0,42.0072332157679,10.376253217
2019-08-01,2019,"Q3","2019/20","Q1","August",2673.6265836502,693.644118941123,209.822616423404,36.7582928614074,98.6329798158857,117.180119125,1202.7035827728,56.1920803130156,50.5413827357119,164.630677046969,0.986339697,712.589785251937,1.708762045,23.7186495863222,15.4456235676667,187.657685695937,0,30.2020812051863,1.597406941,6.28089354,296.557174761045,1.558805576,0.27069448,110.361516782363,31.8057558444167
2019-09-01,2019,"Q3","2019/20","Q1","September",2224.92873733181,712.270911245655,333.001168973856,38.4609269794074,249.600311818806,257.62460992661,539.427829665265,37.7635863672864,52.222277987965,42.8258996327769,0.73950104,254.682205679959,8.227461582,9.56347835712102,59.1191097151426,146.773393448685,0,62.8476702580089,6.079879973,0.082382935,227.132466840523,0.990253354,0.14265422,59.0761097448443,23.334243379
2019-10-01,2019,"Q4","2019/20","Q2","October",2949.37716013878,790.61304571827,157.009045776303,36.8971306054074,554.31663415371,120.796227500219,900.287416673221,13.3478615269858,49.4253547503516,99.1501353527636,1.126294399,398.430470405533,7.696013011,11.3590197274801,43.5981000071708,206.57322451948,0,33.9207915907723,2.860105046,0.890357135,235.058540241581,0.022638272,0.049165303,55.0753808412363,85.8845944626462
2019-11-01,2019,"Q4","2019/20","Q2","November",1881.68140293123,764.683074498056,264.563997015628,36.6971749714074,105.109439348048,77.55217053,345.961983491852,22.6914990787503,81.0029904513773,31.1350368458279,1.139822015,140.964589353098,7.569783121,51.3725981528717,70.8970402356874,144.373855780125,0,20.7940520832225,1.418589654,8.342668075,246.563712018056,6.375512869,0.399956194,81.5216513646923,66.8248608015394
2019-12-01,2019,"Q4","2019/20","Q2","December",1710.15181024636,673.447038156333,209.136362674366,36.5683432264074,101.558680842738,96.596531784196,341.455891460632,39.8484373074705,78.158468227086,96.4054755902493,3.533192977,76.8378001619145,3.794589082,18.0933132128488,117.580531382786,111.35945587404,0,38.29235254313,1.602042972,0.360002626,239.984874738789,0.148689008,0.246725807,65.7643021643721,9.715490168
2020-01-01,2020,"Q1","2019/20","Q3","January",3125.30092562244,814.892925232394,293.267299374802,36.7638849534074,1009.53742639293,100.082341245311,647.822706651866,21.8914765755951,50.0455292585816,64.4624702014957,1.00989315,275.674282850459,32.7763596026033,10.5730724276939,117.14053446176,125.215491752654,0,27.8806929445562,2.788930869,7.061484356,285.082983408849,0.550496287,0.144229935,92.6470649766086,7.89195969298015
2020-02-01,2020,"Q1","2019/20","Q3","February",1941.96826833277,520.994638449387,59.4572307823115,37.0720399804074,555.354226812993,122.28627285,258.495733678764,10.0901828813958,34.0042463317604,58.9067577884778,0.882019325,107.608632398787,7.311960031,12.7290172740896,31.6430132697242,158.359376079152,0,68.8720315946296,1.621115551,0.840441676,259.936814082808,0.696933414,0.756081033,78.0242142015677,21.3287341598527
2020-03-01,2020,"Q1","2019/20","Q3","March",1721.81048959802,613.59752217375,257.104349807009,36.7896506324074,76.840006789,98.2062453440675,452.137348014939,41.6543559824782,38.2290634543333,103.9816267218,1.626054574,158.04269968241,22.9907268047564,13.7542484050002,38.5195132600498,99.3916349746753,0,23.6352446696334,7.345978023,0.37689242,320.043643235042,0.490699081,0.332088429,62.5998912559664,8.943434981496
2020-04-01,2020,"Q2","2019/20","Q4","April",2149.86644468339,626.138569312608,234.037707552134,36.5946966084074,800.457218672,77.867596333,243.557211016894,10.2057586671836,32.6596698652543,39.7842366111514,1.067829151,52.5376337818334,11.937893025,2.45226563372358,10.0350696006389,153.310235306808,0,61.3962555038884,2.474116585,0.073250173,214.06924969327,0.023166806,0.07001862,50.2641249219434,21.9057789414476
2020-05-01,2020,"Q2","2019/20","Q4","May",2007.70358609756,759.434879210316,262.660515168114,36.7710270674074,92.951161002,137.001271437819,187.402702265634,10.3063433879006,33.8069939681767,8.13703173477902,0.859321474,55.5055724343329,4.248505093,82.7597560458893,383.274586297977,138.474137023748,0,27.5752883687087,5.217381785,1.162301105,216.752033525181,0.575426604,0.150808086,55.6652326579985,8.490758184
2020-06-01,2020,"Q2","2019/20","Q4","June",2565.59315197601,816.130023896672,206.899716981059,37.7700526934074,110.982349556,198.574553301464,768.573637190893,18.717452186,137.924770072936,29.9111001635901,3.450435175,295.662153777746,15.998976142,8.63924848866668,47.3852484446667,242.067118829259,0,82.1019742838925,19.220678198,6.343288165,309.911182289182,7.151118763,1.990022787,118.377635991,56.9865018142108
2020-07-01,2020,"Q3","2020/21","Q1","July",2922.28308320949,1097.66084558167,605.207064689605,41.4596265558111,614.379972248551,77.962257217,685.366723959651,14.9944313104183,36.4847400746667,17.8469492558668,7.780263313,249.773454518327,11.0495755603515,35.582624239749,64.3289153882506,167.090158038945,0,17.6379263558782,1.9960906,0.023799811,179.136891690667,0,0,34.480892468,0.750895034
2020-08-01,2020,"Q3","2020/21","Q1","August",2715.3153943312,1344.92948704795,225.91728424047,41.4596265558111,266.364891827665,109.044821433,456.781377818324,11.597999674163,39.8216311077385,98.2526221641627,100.912382971,161.483990915403,1.922537278,19.1711727305319,15.666234997634,185.157095456552,0,28.6449880956996,2.910619837,3.98344887,242.718551842667,0.812000488,0.501759965,69.176992685,71.4983123068754
2020-09-01,2020,"Q3","2020/21","Q1","September",2406.45461258105,793.916058080023,412.752845006545,41.4596265558111,148.986941874584,115.076000829,811.629335102665,17.6472259992508,44.5482842526667,52.49215777098,1.149529207,363.504365361439,1.240522533,19.3072607040131,51.7830634066757,203.06754185518,0,60.8128310889638,1.889183652,0.186772058,213.485539108469,0.468799313,0.268975561,58.5038335555244,49.0160995624417
2020-10-01,2020,"Q4","2020/21","Q2","October",3362.19229838926,907.336181997644,210.424591573926,41.4596265558111,806.029921156,103.159114071,905.110339716757,28.5370201502493,60.785475726395,82.1729193160415,1.224378739,483.423296356711,2.025978175,30.5869661674628,41.6285186846667,315.074724701885,0,59.9688846033345,3.257613423,3.100876112,230.020358038,3.077458721,1.11805475,57.257109427,20.1452977438396
2020-11-01,2020,"Q4","2020/21","Q2","November",2577.93482994338,896.039649347279,183.440890556099,41.4596265558111,564.870288766294,146.101044595045,429.994366136605,24.7273642602004,36.0049394182508,54.9123135829371,8.460080451,219.941384585868,7.369024025,17.2305617268745,72.8003531195029,169.447815792361,0,23.4931881781791,2.734197035,6.182239944,259.499328649,0.527472945,2.835336104,76.002479197,15.7691818664189
2020-12-01,2020,"Q4","2020/21","Q2","December",2596.39524565008,736.065081182709,227.023770001706,41.4596265558111,225.566625947861,186.617720494958,529.933815540517,17.2380875961204,63.3852845782196,51.5233781593551,1.559861908,240.311652082958,3.888773085,18.98037548,329.411056150094,187.633243576182,0,22.6592987805945,11.34193982,1.547229052,280.927576442721,1.227478024,0.285913089,69.075914847,99.7125217830402
2021-01-01,2021,"Q1","2020/21","Q3","January",3885.44624635929,1346.79339450842,663.484574885451,41.4596265558111,1079.32494614959,149.914204649756,763.59971599189,67.2032612105107,39.364315499274,21.3807780346127,3.419175639,406.851528330948,1.065523343,31.164812985,75.8028999307074,186.002437976403,0,24.3275212607843,4.540593422,1.069052474,240.742474794524,0.154407144,0.439722578,54.386497364,11.032306899
2021-02-01,2021,"Q1","2020/21","Q3","February",1940.53267170331,749.253546060702,232.270654112247,41.4596265558111,203.350443419122,132.232871431,354.908822925858,13.0809526893635,58.1074731607231,24.1773299416527,1.485612371,197.234038576619,3.309742751,27.3324995091239,13.8566188326667,166.751900941128,0,58.1219912545427,3.273376582,4.660862428,263.271353097524,0.337852834,2.154434941,80.426547591,24.9137530581859
2021-03-01,2021,"Q1","2020/21","Q3","March",2627.19300452004,826.661943817041,424.737032728586,41.4596265558111,203.601319207824,149.101570435,670.409701860456,33.9705480622575,45.1527951483672,73.997916750071,1.168874737,257.602185167651,3.677627759,32.4758583014889,111.671747879169,326.407432961397,0,22.968379405,2.335814725,0.194673392,291.276084178667,6.456617884,0.095496024,80.713660768,15.392672487
2021-04-01,2021,"Q2","2020/21","Q4","April",3002.74366739311,866.634669793062,317.112020587988,41.4596265558111,1042.193092699,104.45112018,443.720473073048,20.3210894670198,41.3530482811997,96.2836441008962,23.804343394,98.6757253188241,4.185154379,20.2881907402097,55.5248977808137,224.480737641031,0,64.0634868298694,4.558490213,1.587834742,236.444872640942,0.269753322,0.096957559,77.3901204702971,7.417778103
2021-05-01,2021,"Q2","2020/21","Q4","May",2680.07411072651,742.180831834352,309.094465399033,41.4596265558111,194.414250061421,223.502886966,1050.70468496194,12.3695988898797,66.4740981893598,27.8657668411677,2.798567123,817.095356539408,8.800436372,24.7591467930492,19.26747128525,148.254928840572,0,37.536664867,5.369732255,5.149168822,261.301578208928,3.097145933,1.258367651,85.1508409282836,10.539162953
2021-06-01,2021,"Q2","2020/21","Q4","June",3054.55457384779,1021.8706154025,244.093181285024,41.4596265558111,67.9800109804745,186.459568600426,852.388467555941,38.7258254366914,237.86922430755,102.753072069425,11.616872489,337.606258286565,45.5099504285793,28.8728757706346,53.3185546385953,504.768480785673,0,156.981956443467,11.315291296,8.599502818,303.986681703555,1.122426479,14.862646999,133.680211837,26.309815592
2021-07-01,2021,"Q3","2021/22","Q1","July",3508.71336316979,1770.563001727,452.504115140763,44.51334306975,615.370552657763,103.702889680522,386.087042612386,8.39634416266232,60.3198339135639,75.8788036025354,2.550386281,54.1676944062839,0.533713962,20.8390851625278,116.86116455175,171.964407136066,0,25.6597321740294,4.977748275,1.27603497098861,262.701127206059,0,0,63.575271064,59.348057464723
2021-08-01,2021,"Q3","2021/22","Q1","August",2970.52204690855,811.680278567208,274.416539631226,44.51334306975,140.533763057894,116.657544178,1319.44360023142,18.2854031690065,54.9686609087273,24.5778680652432,2.924787059,800.752424486779,7.519648618,36.8855226817892,26.316477757486,209.100602427145,0,42.3407324160474,23.3860300162237,0.202054169,246.115101379385,0.222389308,0.168328651,52.447775108,63.5871024592129
2021-09-01,2021,"Q3","2021/22","Q1","September",2057.15416632399,723.125362875293,306.460930578907,44.51334306975,138.835431352343,108.131453798,367.51480508204,31.8254053214074,66.0681148432574,36.6343760509092,0.085091389,109.645743517616,43.0956972812274,16.0007750107892,14.5777936985388,386.957218518012,0,28.1490537448654,9.620845468,0.348061767,278.918471993975,0.381232787,1.447500641,70.4981988754472,22.744792228
2021-10-01,2021,"Q4","2021/22","Q2","October",2691.66694570196,784.785168328774,203.705421948873,44.51334306975,711.617689947,152.780632733,410.473824146558,30.8818073675523,48.0636225537756,30.6641860941422,1.760631552,181.563371382435,3.337263856,27.5061783627893,27.697746312696,293.682358800116,0,117.701291072695,11.5021488079602,1.364295003,271.580969338031,4.15632809,1.603552236,71.41404972,10.17808273
2021-11-01,2021,"Q4","2021/22","Q2","November",2170.85370502592,641.366851404424,197.979849362523,44.51334306975,136.242072728,145.813250158,614.927630127733,54.7310080169562,72.9435893462735,49.5234375113346,11.947787597,310.410228546193,4.493461517,32.4886177167893,83.7346844412141,210.135839923611,0,30.3916959680007,9.163402059,0.339588072,299.380890381144,13.77604272,2.984112598,86.5571197663768,6.424280073
2021-12-01,2021,"Q4","2021/22","Q2","December",2179.99312347641,683.217564742233,227.615099584296,44.51334306975,183.656469291632,139.732479594,424.15505708325,16.8060761580652,64.9800812242805,58.1355816256669,4.078033825,126.600631634191,16.6825576259755,19.1299772523122,238.555008845599,178.820591754733,0,37.7746436814191,9.153577215,4.539985527,244.958088070414,9.995147678,2.407008927,66.9694442856468,63.2279013152339
2022-01-01,2022,"Q1","2021/22","Q3","January",3099.85385897803,907.574978241873,379.263856008435,44.51334306975,719.733159588,163.267592706,701.676652815119,125.926798069182,50.7755666953644,48.1785229309866,39.816702269,334.09378617437,4.282283021,17.6358276324578,44.6616791241954,228.405491114652,0,46.6913466707569,22.703720449,4.211506482,294.452387522731,0.044248203,1.513596479,60.796137738,18.234583751
2022-02-01,2022,"Q1","2021/22","Q3","February",2350.29717418614,743.078550360387,211.439360929322,44.51334306975,91.125338348,126.582535686,671.153249779033,31.068258219668,68.6025286450905,107.499859909201,8.332025243,405.88059872014,3.281344082,69.8796803167577,75.3087451685942,231.435641790639,0,30.176937267,21.9129030347769,0.242256632,335.891089202731,3.640244593,3.363355546,76.595881552,5.600086902
2022-03-01,2022,"Q1","2021/22","Q3","March",2125.68172371522,713.615599687979,259.143762145285,44.51334306975,110.403041493215,141.981378004,408.299583109661,8.94031274686212,42.6871113713222,159.276901861507,0.788443321,115.280987554569,2.69463283,29.6081392523062,56.2177515298242,248.636525138877,0,86.14435939366,10.922151969,0.698745393,303.34902344608,0.500808995,2.876274303,64.9997187963492,112.871936660277
2022-04-01,2022,"Q2","2021/22","Q4","April",3109.43237794647,860.660088888063,268.821876376795,44.51334306975,736.631002493933,186.597248086,442.027583522869,29.1107294728216,44.0841261233513,40.3072519337554,1.370622758,205.270569810399,4.849007318,5.981247954999,7.79469150403304,257.984069029247,0,38.9338725554477,5.83111119809893,0.719210637,576.662383772331,25.419906793,0.064333649,61.1225622231744,34.374852058
2022-05-01,2022,"Q2","2021/22","Q4","May",2137.47049104532,804.17085404041,236.980298129372,44.51334306975,122.564944138,207.871217409,567.446745852468,26.8610372714294,97.8716585459728,168.897842670574,114.664884019,98.4768834000279,4.67405763,18.052365002,39.5286820068861,177.809441476606,0,70.7947560356055,8.487710217,3.533827073,134.65274251317,1.372312514,0.238385145,97.931429018,61.8396715337844
2022-06-01,2022,"Q2","2021/22","Q4","June",3572.28297315216,1137.41769848933,264.406503633076,44.51334306975,360.736609988,217.186685859,1177.15781257487,23.8403679822558,192.938824667389,173.793501318681,4.688590197,500.866517856896,26.114100719,63.6148799802534,91.4696304004867,174.483077351215,0,88.995629928215,22.855387872,3.947499847,278.689648543,4.659605389,5.141909803,145.170419465,67.579430119
2022-07-01,2022,"Q3","2022/23","Q1","July",812.177923818373,531.09200573685,486.105865823516,44.9861399133333,50.5,0.00690866,14.648767376857,0,12.2917799566467,0.10809847,0.080758,0.937761206,0,0.645833333333333,0,66.3480784691667,0,0,-0.256951764,0,148.617996908833,0,0,0,0.318333333333333
2022-08-01,2022,"Q3","2022/23","Q1","August",1214.76878840345,437.939438929929,294.423208375816,44.9861399133333,418.96449137,10.423175805,110.395333419857,0,18.0847026426467,52.109109668,0.181746011,25.704454671,0.0781,0.699227111333333,2.545737337,84.5875029181667,0,7.07770717,10.904765515,0,148.818060477833,0,0,0,0.395821034333333
2022-09-01,2022,"Q3","2022/23","Q1","September",1060.52450219824,635.683439758719,456.779776008606,44.9861399133333,0.672715868,4.104497966,75.646611868857,0,29.2399381196467,14.21769518,0.030641659,3.492641264,2.883850852,0.759743570333333,7.403085291,187.773238127167,0,1.993868358,119.174339536,0,148.085681096833,0,0,-0.561738296,0.395488651333333
2022-10-01,2022,"Q4","2022/23","Q2","October",1734.76600971272,395.977707892103,238.152672250536,44.9861399133333,386.197786067,84.867497879,509.367875650067,0.04956,53.4389715804,129.401025039,0.300358843,267.416565293,0.137915601,12.002914943678,32.208255169,112.118474710003,0,6.072358807,10.602004643,0,201.043741873867,0,0,0,0.981755528
2022-11-01,2022,"Q4","2022/23","Q2","November",1255.50707987152,427.813456672907,236.075047006341,44.9861399133333,3.790814104,18.067474267,416.822333429067,0.06960348,55.6125687364,26.435408805,7.061913316,272.444340667,1.998599553,11.589696511678,17.595904194,153.728346088003,0,16.245852413,42.053382415,0,204.751329681867,0,0,0,1.347724923
2022-12-01,2022,"Q4","2022/23","Q2","December",1412.50585760906,490.895331243442,325.622299807876,44.9861399133333,5.856795521,26.058959498,305.414622465067,0.625410599,66.6898087814,51.079766463,3.59529943,161.983693132,0.60061013,11.918885804678,12.545078814,356.897588243003,0,35.24470686,226.137582124,0,202.519151937867,0,0,1.341277567,0.399444082
2023-01-01,2023,"Q1","2022/23","Q3","January",2072.08144593936,789.63406855401,571.307452287478,44.9861399133333,385.035328756,33.890042818,407.944802569175,0.489596001,48.7950183927536,15.153108571,1.357949452,327.411839185,3.056936116,19.1163150539878,6.8129872,151.12140893074,0,8.471475151,24.112180559,0,276.477234057447,0,0,0.053411999,2.0492580000001
2023-02-01,2023,"Q1","2022/23","Q3","February",1432.64821180772,462.066339427373,272.53268488484,44.9861399133333,13.456041738,27.693798091,453.288837093175,0.095651522,77.9156980137536,62.334445447,2.195545213,177.83586792,10.52660803,20.2766750869878,31.489215392,136.88121397974,0,4.683302297,13.662108462,0,286.887525341447,0,0,0.040358696,0.608565658
2023-03-01,2023,"Q1","2022/23","Q3","March",1556.26325828682,642.738618790474,444.450844724941,44.9861399133333,0.195835733,44.568993198,201.627387084175,0,64.7090709637536,29.397036667,0.296361219,74.925224656,-0.796093477,19.9859757229878,20.481816192,347.18507514074,0,12.450035752,216.197286168,0,279.194164590447,0,0,1.570464036,0.285391835
2023-04-01,2023,"Q2","2022/23","Q4","April",2500.03037692889,554.454505252539,302.634265489517,44.9861399133333,501.469627108,36.656248741,178.755382556489,0.130544895,61.7393360371035,29.349001677,1.016347311,78.77547979,0.296635802,5.6509120210057,13.798911889,368.706244252865,0,17.795074887,7.13815587,0,837.101659054986,0,0,0.900510672,3.4368860530006
2023-05-01,2023,"Q2","2022/23","Q4","May",1377.6318451259,586.472826393412,274.81758346339,44.9861399133333,35.330919692,43.201482639,609.342573699489,1.282275865,83.3759447411035,88.902322084,4.783375134,363.2303971,2.528679089,2.81230699,25.327346605,64.853519519,0,17.671795447,43.645742904,0,9.889174644,0,0,0.4599165,0.401694944
2023-06-01,2023,"Q2","2022/23","Q4","June",1970.12398539419,889.263514918702,358.84673441868,44.9861399133333,200.325736004,65.171035936,566.266729316489,0.743841815,161.449496824104,56.696040107,5.57998676,267.026532732,3.475938022,3.886881795,22.258493964,140.935599858,0,59.531485254,78.541538611,0,62.842910549,0,0,12.502774057,19.173083053
2023-07-01,2023,"Q3","2023/24","Q1","July",1593.55933129807,849.779282760662,644.292358977469,51.355947988,45.2512113217347,0.000255,398.362201703898,0.137684806,11.8657339123967,0.00165,0,103.528491868667,0,0.374605779999967,10.1633412634936,87.0308741593239,0,6.525279257,-0.251862159,0,201.960892642291,0,0,0.00039307,0.6366666666667
2023-08-01,2023,"Q3","2023/24","Q1","August",1584.0894388191,654.278962742063,442.896623932142,51.355947988,32.3711111499713,12.317832516,588.535135591907,0.653554445,20.8344588703967,19.776650959,0,107.277070315667,0,0.526929292999967,1.210748342,91.8367740963239,0,2.217525919,8.861791116,0,202.321961267167,0,0,0,0.6899838206667
2023-09-01,2023,"Q3","2023/24","Q1","September",1617.4875034743,754.657445204954,530.766576394395,51.355947988,47.703579543564,0.458895294,411.549401393136,2.853322188,33.7543953893967,9.608730334,2.018779249,109.805380209667,0.009350872,0.667816128999967,13.9138832503546,188.26863949335,0,4.255519298,38.450368956,0,199.389362632275,0,0,0.041680116,0.8784805336667
2023-10-01,2023,"Q4","2023/24","Q2","October",2610.4515639499,542.634533196912,279.598228355556,51.355947988,802.245839722169,77.995429079,769.158970283265,0.621031928,110.250118143322,44.864212164,3.5693934,389.779278001833,0.049,2.68065513671812,50.5603433730731,150.091943612134,0,4.936246917,18.703661156,0,214.425855879966,0,0,0.784104971,0.6579936666667
2023-11-01,2023,"Q4","2023/24","Q2","November",2472.56719097904,1034.03533022374,761.10473483127,51.355947988,17.2832498769935,45.949397812,897.324082885667,3.668698873,92.9716676903215,121.47277867,2.173616481,339.946891467833,0.0045,4.26905325671812,29.885838384568,235.961444046806,0,30.434970541,51.236896805,0,206.966156995878,0,0,0.399990254,0.8926374966667
2023-12-01,2023,"Q4","2023/24","Q2","December",2275.71084612921,700.256778885222,408.33705285399,51.355947988,313.096947383849,33.215088001,722.669091578856,1.235649201,105.700486441322,18.108993538,1.025878273,206.818379232833,0.538347719,3.86566535971812,35.0402541394619,254.699837505394,0,3.79739542,39.201523698,0,212.323094840706,0,0,0.618818644,0.544088435
2024-01-01,2024,"Q1","2023/24","Q3","January",2020.4874919663,916.500772833431,707.4688093213,51.355947988,28.5540108877723,13.599499693,639.922418330058,1.731876647,64.0570732999744,38.479885993,0.050863,73.7328258369057,0,0.477011141146499,3.897111505,144.207568803042,0,5.958728525,31.073017514,0,271.718892220129,0,0,1.37426603,1.61020655271591
2024-02-01,2024,"Q1","2023/24","Q3","February",1800.86314752565,796.123840158963,438.916328617845,51.355947988,2.17047738070726,6.697059578,423.194907315565,1.809030929,53.2337160749744,14.069430687,2.881475,234.413837785906,0.05631,1.6158949091465,4.033185112,309.470915713986,0,8.095133609,202.752834149,0,257.083998591285,0,0,2.09902539,0.472868766
2024-03-01,2024,"Q1","2023/24","Q3","March",1878.13613080879,782.85048989678,505.852942935404,51.355947988,31.2303057065512,14.381753939,464.434128399383,6.314576968,53.8331740539744,41.290005456,0.004885,106.881994153906,0.104685232,3.3324410381465,15.6093092899134,277.247901611955,0,1.273611133,161.971121742,0,286.353557120056,0,0,1.500946116,2.696243807
2024-04-01,2024,"Q2","2023/24","Q4","April",2261.48127512009,439.524121057978,277.724508938119,51.355947988,605.072533709001,32.23682832,378.158126969109,3.546703307,55.8329496545775,18.190995185,0.23252,163.45569636494,1.729313783,2.09885683064828,22.970206612,233.41887896232,0,4.617615719,15.761998463,0,545.015634464,0,0,1.556914397,2.98608819502959
2024-05-01,2024,"Q2","2023/24","Q4","May",2091.77418920949,928.34907326263,749.682627682833,51.355947988,28.2164458049978,28.472803764,940.077107599282,3.83886326,92.5946944085775,97.039821347,6.53168036,460.47304517094,11.452617981,3.46897279,82.0127041532853,59.7873417905573,0,20.574440632,19.619808127,0,19.1372351187403,0,0,1.330714745,2.252504926
2024-06-01,2024,"Q2","2023/24","Q4","June",1939.21019323827,795.347274887947,475.104394442972,51.355947988,14.834266806,239.879836154,672.261447897598,5.809278619,80.0684436905775,9.607484992,2.173826502,232.89959308694,0.542770896,9.224932519,23.9274422569494,103.967607397275,0,29.117797853,37.850268722,0,76.4048302355028,0,0,7.520270244,3.362555084
2024-07-01,2024,"Q3","2024/25","Q1","July",3786.8066009613,2252.717627345,886.650242106663,51.355947988,41.4249439112294,-0.000107167869720876,444.754016123824,7.221221611,41.3988383504129,0.34811061,0,67.398745850178,0,1.06401333823235,86.1630132791462,299.475663551155,0,0,-0.048831913,0,659.520903214592,0,0,0,1.68652736599521
2024-08-01,2024,"Q3","2024/25","Q1","August",3637.85002523082,1589.90771904168,687.358575565103,51.355947988,25.9618291534937,0.329051175624212,1160.71966499047,24.883332852,65.6917735344129,10.186253984,0,292.057787592178,0.40246254,1.11732075037674,4.26342072050839,306.604579630223,0,0.06125,26.494611554,0,547.501689001096,0,0,0,1.44475076735876
2024-09-01,2024,"Q3","2024/25","Q1","September",2508.65672626557,1067.81803669949,445.845632906188,51.355947988,82.9835569659876,0.209112497238406,604.859082993814,1.486435331,104.732723202413,31.162500965,2.371554,102.717225036178,2.396125364,0.813219947637221,0.589171908964922,263.750499733498,0,0.461125442,14.304762429,0,486.245640783107,0,0,4.9113298,1.38840473583166
2024-10-01,2024,"Q4","2024/25","Q2","October",3535.77698406096,879.474661191835,268.610751914326,51.355947988,676.76146252415,94.5360900095754,1115.80195858931,14.860555023,77.7632150200498,12.223525171,0,173.636181796111,0.196667534,1.67932629620208,9.88784813080601,381.085666120467,0,4.747980144,40.773107656,0,375.278638761265,0,0,0.562342177,1.27133243734406
2024-11-01,2024,"Q4","2024/25","Q2","November",3950.46975155658,2169.59617221644,1251.97890704765,51.355947988,26.6550372835866,33.5158605701946,1047.50163793308,7.283468158,73.7435051730498,26.332475679,3.929082073,180.019671588111,2.963086415,3.49843224287053,23.8677621609848,325.548130124945,0,15.056312059,35.464363032,0,319.308666647567,0,0,1.492728883,0.978052376909043
2024-12-01,2024,"Q4","2024/25","Q2","December",2355.09159434205,811.061463596013,278.777862081846,51.355947988,75.3634763369879,58.6920937282454,837.505727261618,15.200261857,80.0745620840498,13.325258612,-0.15344773,293.618920440111,3.977036556,2.84155386423189,10.5273887146601,214.137772231341,0,0.724354736,20.39313496,0,344.871534853011,0,0,0.0746546,0.0905837559368518
2025-01-01,2025,"Q1","2024/25","Q3","January",4773.35048481497,2406.87640056389,1318.75818413735,51.355947988,905.08302770315,60.3693659031198,656.244432303649,4.704140051,64.510344515544,38.990594607,0.1243195,49.0650362194445,6.730161867,20.230889796465,12.8899534546119,249.499324500497,0,4.64903924,45.517908626,0,458.946931037376,0,0,0.287847484,3.21015955220775
2025-02-01,2025,"Q1","2024/25","Q3","February",2760.41167639452,1381.92778918789,578.337681018046,51.355947988,11.5781739825174,60.4964281659497,433.149042753,12.931316699,63.166257432544,27.76593653,0.864392214,89.2749156354445,1.222493963,24.6104554514309,89.5637030391908,243.960750884807,0,6.485468023,16.806798002,0,514.990368475268,0,0,0.740604492,0.134964454461568
2025-03-01,2025,"Q1","2024/25","Q3","March",3312.15240458961,1010.38228025188,476.221585893875,51.355947988,42.0446016825284,64.7697992723776,1101.34051137833,2.29577916,207.963062751544,10.904681575,0.292724653,132.649209868444,7.753352523,28.8379265139326,5.79601547726963,586.849957406845,0,10.878934597,239.21146389,0,471.97586828516,0,0,3.06532027,0.155444321288155
2025-04-01,2025,"Q2","2024/25","Q4","April",4133.61905743748,1086.04017213129,628.74102810687,51.355947988,710.249725199745,103.895186117704,861.915822084886,12.415578848,35.663664144648,22.515242486,0.080261977,366.045287519667,11.804857251,4.61534231893256,1.09640418505895,433.574978571514,0,5.330787486,39.089339076,0,929.42252093803,0,0,0.369350925,2.8089058903187
2025-05-01,2025,"Q2","2024/25","Q4","May",5909.23294320593,2433.1454890298,1146.5499138669,51.355947988,79.4885699411566,107.193218204077,2772.3277540925,4.553381871,236.010491999648,36.854899226,1.599670481,598.561769980667,2.230138722,5.49743459020451,330.028620361267,92.6871026949033,0,7.529525086,15.4361518,0,88.5938680024366,0,0,3.427503148,0.270886289585368
2025-06-01,2025,"Q2","2024/25","Q4","June",5850.90177575195,1726.62571970049,425.94603134078,51.355947988,1011.38841922409,459.714037723962,2034.76943330105,21.830247785,150.489233607648,33.615788914,2.626344016,572.692214887667,1.906108784,21.3890510408931,17.8381765525615,432.767595732257,0,47.37337899,138.674116584,0,143.782769646437,0,0,5.499195793,2.62657283019934
2025-07-01,2025,"Q3","2025/26","Q1","July",2414.59721846894,1950.69232129027,1760.84355192526,72.5022041758333,0,1.95979259,59.7034601299038,0.268455322,32.3098388048163,7.654235682,0,18.0528265416667,0.289239687,1.14666666666663,0,132.050532096659,0,0,26.022463812,0,268.16413887172,0,0,0,0.880306823720433
2025-08-01,2025,"Q3","2025/26","Q1","August",1572.42234912113,978.205676939458,776.94218901545,72.5022041758333,0,10.703478222,160.278283257904,2.950887861,65.8270079318163,13.730904199,5.408,22.9489008086667,17.502881164,1.44548034766663,1.594199075,140.216947143659,0,2.250434757,31.938444102,0,279.09797731172,0,0,0,0.880306823720433
2025-09-01,2025,"Q3","2025/26","Q1","September",1826.55605837907,1043.3224441824,841.86953378839,72.5022041758333,0,56.650181405,220.664452963904,1.067252367,47.9216351348163,2.36923024,0.113633218,129.420859857667,5.37670726,1.78273091066663,34.025880205,183.356775886659,0,15.960329209,61.368378393,0,285.87328600172,0,0,0,0.880306823720433
2025-10-01,2025,"Q4","2025/26","Q2","October",1048.60552904499,478.26350677793,258.568010525409,72.5022041758333,0,3.798550946,208.726288325587,10.102465511,58.6093849526667,32.241793552,0.198686408,77.4842714278333,5.565041674,0.810411878999967,0.186609742,159.895636497958,0,4.062616537,19.509098015,0,196.924524876517,0,0,0,0
2025-11-01,2025,"Q4","2025/26","Q2","November",2168.50952399006,1382.256602211,1150.25333900948,72.5022041758333,0,21.935574472,385.576496225587,1.898910921,62.7046653096667,14.262625321,5.186590001,238.240586815833,6.967141878,3.21878280299997,13.204757887,158.656616726958,0,9.412695529,12.919999252,0,203.660693664517,0,0,0,0
2025-12-01,2025,"Q4","2025/26","Q2","December",1425.06867568603,551.373735371965,320.289937719444,72.5022041758333,0,15.605168684,482.244193141587,4.479289284,60.5725414426667,13.945355978,1.134382314,355.430182544833,7.328289905,1.39137829099997,4.011400516,169.963784794958,0,6.072792578,27.567070271,0,200.479014886517,0,0,0,0
2026-01-01,2026,"Q1","2025/26","Q3","January",3223.21317036475,2352.57933661595,2123.44741470299,72.5022041758333,0,21.099446202,448.777390691079,57.329468349,96.5956767677417,12.559350257,0.078,265.52225105625,1.104462737,9.689691172308,19.321106977,128.924329072825,0,1.234977654,14.32538175,0,240.180949162427,0,0,0,2.6409204711613
2026-02-01,2026,"Q1","2025/26","Q3","February",1813.37351213043,1128.93838788879,890.191459412828,72.5022041758333,0,4.311269329,303.838751975079,16.640663731,54.9902239927417,15.14594652,3.399999999,161.35315498325,34.647838798,8.937901147308,2.432847528,123.779146273825,0,0.7781331,9.637043505,0,241.135207988427,0,0,0,0
