"Date","Year","Quarter","FY","QFY","Month","REV","REV_TAX_ NOIL","REV_TAX_DOM","REV_TAX_DOM_DI","REV_TAX_DOM_IDI","REV_TAX_DOM_IDI_VAT","REV_TAX_DOM_IDI_EXD","REV_TAX_DOM_IDI_REF","REV_TAX_DOM_IDI_CTL","REV_TAX_INL","REV_TAX_INL_EXD_PET","REV_TAX_INL_EXD_IM","REV_TAX_INL_EXD_OTH","REV_TAX_INL_VAT","REV_TAX_INL_WHT","REV_TAX_INL_TRL","REV_TAX_INL_SUG","REV_TAX_INL_COI","REV_TAX_INL_HAS","REV_TAX_FEE","REV_TAX_ISF","REV_TAX_OIL","REV_TAX_EXP","REV_NTAX","REV_NTAX_MST","REV_NTAX_MST_OWN","REV_NTAX_MST_URA","REV_NTAX_HPT","REV_NTAX_MIS","REV_NTAX_DIV","REV_NTAX_IPD","REV_NTAX_MISC","REV_NTAX_BOU_IMF_MDRI"
1997-07-01,1997,"Q3","1997/98","Q1","July",64.02586,63.983,22.813,9.03,13.783,8.203,7.08,-1.5,0,38.81,17.25,6.95,1.4,11.78,0,0,,1.43,0,2.36,,0,0,0.04286,,,,,,,,,
1997-08-01,1997,"Q3","1997/98","Q1","August",58.20358,57.89,21.03,6.95,14.08,7.63,7.95,-1.5,0,34.82,14.84,6.2,1.38,10.93,0,0,,1.47,0,2.04,,0,0,0.31358,,,,,,,,,
1997-09-01,1997,"Q3","1997/98","Q1","September",66.02668,65.83,24.92,9.4,15.52,8.98,7.84,-1.3,0,38.51,15.69,6.72,1.51,13.09,0,0,,1.5,0,2.4,,0,0,0.19668,,,,,,,,,
1997-10-01,1997,"Q4","1997/98","Q2","October",66.41468,66.31,25,8.26,16.74,9.25,8.29,-0.8,0,38.98,17.16,6.7,1.32,12.3,0,0,,1.5,0,2.33,,0,0,0.10468,,,,,,,,,
1997-11-01,1997,"Q4","1997/98","Q2","November",60.2823,60.06,22.88,7.59,15.29,8.45,7.84,-1,0,35.05,14.67,6.61,1.47,11.3,0,0,,1,0,2.13,,0,0,0.2223,,,,,,,,,
1997-12-01,1997,"Q4","1997/98","Q2","December",72.51012,72.36,31.03,17.09,13.94,7.36,7.58,-1,0,39.26,17.08,6.62,1.37,12.78,0,0,,1.41,0,2.07,,0,0,0.15012,,,,,,,,,
1998-01-01,1998,"Q1","1997/98","Q3","January",61.69135,61.5,24.83,7.33,17.5,8.68,10.02,-1.2,0,34.6,15.48,5.44,1.36,10.94,0,0,,1.38,0,2.07,,0,0,0.19135,,,,,,,,,
1998-02-01,1998,"Q1","1997/98","Q3","February",63.51048,63.23,23.88,9.16,14.72,8.45,7.47,-1.2,0,37.33,15.88,6.5,1.3,12.07,0,0,,1.58,0,2.02,,0,0,0.28048,,,,,,,,,
1998-03-01,1998,"Q1","1997/98","Q3","March",69.92775,69.74,28.91,10.89,18.02,10.78,8.44,-1.2,0,38.47,15.18,6.77,1.46,13.38,0,0,,1.68,0,2.36,,0,0,0.18775,,,,,,,,,
1998-04-01,1998,"Q2","1997/98","Q4","April",64.01775,63.83,26.3,9.55,16.75,9.47,8.48,-1.2,0,35.42,14.14,6.66,1.58,11.61,0,0,,1.43,0,2.11,,0,0,0.18775,,,,,,,,,
1998-05-01,1998,"Q2","1997/98","Q4","May",67.21775,67.03,28.3,10.52,17.78,11,7.98,-1.2,0,36.48,15.99,6.19,1.53,11.34,0,0,,1.43,0,2.25,,0,0,0.18775,,,,,,,,,
1998-06-01,1998,"Q2","1997/98","Q4","June",85.91775,85.73,45.31,19.68,25.63,18.16,8.67,-1.2,0,38.18,14.92,6.68,1.94,13.02,0,0,,1.62,0,2.24,,0,0,0.18775,,,,,,,,,
1998-07-01,1998,"Q3","1998/99","Q1","July",78.829420734,75.955736734,28.975918322,12.647557917,16.328360405,11.530042412,7.558317993,-2.76,0,44.942695348,16.697075897,8.099970801,2.411466221,15.653596246,0,0.295324084,,1.785262099,0,2.037123064,,0,0,2.873684,,,,,,,,,
1998-08-01,1998,"Q3","1998/99","Q1","August",74.190844592,74.125858592,28.460442953,11.514103572,16.946339381,9.881453632,8.724885749,-1.66,0,43.80166519,14.842911589,7.593363051,2.771091936,16.450525032,0,0.246716669,,1.897056913,0,1.863750449,,0,0,0.0649859999999989,,,,,,,,,
1998-09-01,1998,"Q3","1998/99","Q1","September",72.704052808,72.477851808,27.44224427,11.893657068,15.548587202,8.328686657,8.879900545,-1.66,0,43.073459255,16.35842018,7.396945646,2.222303086,14.981321189,0,0.276261324,,1.83820783,0,1.962148283,,0,0,0.226201,,,,,,,,,
1998-10-01,1998,"Q4","1998/99","Q2","October",72.635932439,72.611887439,27.6855662,10.956071874,16.729494326,9.897084783,8.492409543,-1.66,0,43.094282994,16.051619693,7.062701097,2.131280283,15.64308441,0,0.298323915,,1.907273596,0,1.832038245,,0,0,0.024045,,,,,,,,,
1998-11-01,1998,"Q4","1998/99","Q2","November",69.829679058,69.726047058,27.822961823,11.383910812,16.439051011,10.408125046,7.690925965,-1.66,0,40.153477348,15.798976101,6.706452951,1.971821538,13.676292502,0,0.330372544,,1.669561712,0,1.749607887,,0,0,0.103632,,,,,,,,,
1998-12-01,1998,"Q4","1998/99","Q2","December",90.394649673,90.315479673,41.29563327,23.418790433,17.876842837,10.396125567,9.14071727,-1.66,0,47.065380341,17.489971173,9.077806159,2.062197779,16.004235037,0,0.542006982,,1.889163211,0,1.954466062,,0,0,0.0791700000000003,,,,,,,,,
1999-01-01,1999,"Q1","1998/99","Q3","January",81.308840825,81.111114825,35.392944633,12.067857503,23.32508713,12.991990288,11.993096842,-1.66,0,44.25212584,15.091324047,8.294916855,1.584551376,17.103703573,0,0.538609512,,1.639020477,0,1.466044352,,0,0,0.197726,,,,,,,,,
1999-02-01,1999,"Q1","1998/99","Q3","February",74.734492119,74.688006119,30.767712771,12.463987703,18.303725068,13.312631507,8.351093561,-3.36,0,42.265055472,15.452629977,8.548375648,1.740368158,14.361500743,0,0.358555762,,1.803625184,0,1.655237876,,0,0,0.046486,,,,,,,,,
1999-03-01,1999,"Q1","1998/99","Q3","March",82.546050075,82.181594075,35.496527718,13.121582161,22.374945557,14.114035519,9.920910038,-1.66,0,44.800513397,17.577466917,8.688664549,1.8753391,14.530391225,0,0.366436205,,1.762215401,0,1.88455296,,0,0,0.364456,,,,,,,,,
1999-04-01,1999,"Q2","1998/99","Q4","April",81.461309582,77.544326512,33.0802774,13.522934731,19.557342669,12.932794612,8.284548057,-1.66,0,42.85716399,16.737801822,8.499834466,2.14687241,13.496822588,0,0.357748767,,1.618083937,0,1.606885122,,0,0,3.91698307,,,,,,,,,
1999-05-01,1999,"Q2","1998/99","Q4","May",73.399817945,71.160031945,28.242482199,13.107680152,15.134802047,9.837515707,6.95728634,-1.66,0,41.106296044,14.540756166,8.205450308,1.90960235,14.350848057,0,0.36331153,,1.736327633,0,1.811253702,,0,0,2.239786,,,,,,,,,
1999-06-01,1999,"Q2","1998/99","Q4","June",98.623388938,93.660215938,47.558628656,24.188928102,23.369700554,16.384738221,8.644962333,-1.66,0,44.277263652,16.569227987,8.310364549,2.179322126,14.992466624,0,0.537766271,,1.688116095,0,1.82432363,,0,0,4.963173,,,,,,,,,
1999-07-01,1999,"Q3","1999/00","Q1","July",79.730109994,79.421200994,29.688980047,9.862582108,19.826397939,13.581441782,8.744956157,-2.5,0,47.833132253,17,10.23289004,1.783891091,14.763323862,1.870464969,0.450926622,,1.731635669,0,1.899088694,,0,0,0.308909,,,,,,,,,
1999-08-01,1999,"Q3","1999/00","Q1","August",74.409229,71.610331,24.885911,8.928839,15.957072,10.586839,7.870233,-2.5,0,44.860669,16,8.225408,1.824326,14.896459,1.803564,0.348693,,1.762219,0,1.863751,,0,0,2.798898,,,,,,,,,
1999-09-01,1999,"Q3","1999/00","Q1","September",77.1056468,76.9911758,30.1474538,9.9514228,20.196031,13.437963,9.258068,-2.5,0,44.911181,16.4,8.059117,1.849181,14.606393,1.83964,0.381881,,1.774969,0,1.932541,,0,0,0.114471,,,,,,,,,
1999-10-01,1999,"Q4","1999/00","Q2","October",74.213271818,73.747402818,29.824511034,11.186536034,18.637975,12.745006,8.392969,-2.5,0,42.168042784,15.5,7.428322784,1.754,13.589674,1.840402,0.314949,,1.740695,0,1.754849,,0,0,0.465869,,,,,,,,,
1999-11-01,1999,"Q4","1999/00","Q2","November",76.654358225,76.224998225,27.317444225,9.126183,18.191261225,12.707090973,7.984170252,-2.5,0,47.004251,16.5,8.547296,1.94095,15.730671,2.05014,0.288787,,1.946407,0,1.903303,,0,0,0.42936,,,,,,,,,
1999-12-01,1999,"Q4","1999/00","Q2","December",101.003183617,100.797871617,49.275838095,27.804244711,21.471593384,13.64105569,10.330537694,-2.5,0,49.3428,17.8,9.115383,2.461462,15.649603,2.113437,0.27084,,1.932075,0,2.179233522,,0,0,0.205312,,,,,,,,,
2000-01-01,2000,"Q1","1999/00","Q3","January",77.203289997,76.675525997,33.431202547,9.579722794,23.851479753,13.635763284,12.715716469,-2.5,0,41.595454963,15.5,7.511519159,1.844579957,12.84718,1.778081217,0.36181163,,1.752283,0,1.648868487,,0,0,0.527764,,,,,,,,,
2000-02-01,2000,"Q1","1999/00","Q3","February",75.714817197,74.197330197,26.661773997,10.078182471,16.583591526,11.637011526,7.44658,-2.5,0,45.710606,15.7,8.82065,2.121835,14.820288,1.949371,0.457258,,1.841204,0,1.8249502,,0,0,1.517487,,,,,,,,,
2000-03-01,2000,"Q1","1999/00","Q3","March",85.844154,85.485855,33.512801,11.732731,21.78007,15.301654,8.978416,-2.5,0,50.105037,17.6,9.326643,2.129457,16.332946,2.114566,0.506935,,2.09449,0,1.868017,,0,0,0.358299,,,,,,,,,
2000-04-01,2000,"Q2","1999/00","Q4","April",98.853759884,77.577761884,32.149251441,10.986216465,21.163034976,13.849091594,9.813943382,-2.5,0,43.921274563,15.8,8.587337588,1.653648625,13.715108325,1.84188611,0.427619915,,1.895674,0,1.50723588,,0,0,21.275998,,,,,,,,,
2000-05-01,2000,"Q2","1999/00","Q4","May",87.576614567,87.048633567,34.475217694,14.457015398,20.018202296,14.101682463,8.416519833,-2.5,0,50.915838849,17.2,9.67335305,2.302103565,16.825539859,2.193047009,0.462677477,,2.259117889,0,1.657577024,,0,0,0.527981,,,,,,,,,
2000-06-01,2000,"Q2","1999/00","Q4","June",101.950010559,98.226818559,49.455167759,25.100377047,24.354790712,19.034478722,7.82031199,-2.5,0,47.082646393,16.2,9.563324062,1.93836516,15.090452624,1.954221236,0.38794118,,1.948342131,0,1.689004407,,0,0,3.723192,,,,,,,,,
2000-07-01,2000,"Q3","2000/01","Q1","July",84.936583,84.077604,34.204809,13.336624,20.868185,15.147335,8.22085,-2.5,0,48.052896,15.766164,10.814056,1.857459,15.429768,2.020694,0.336726,,1.828029,0,1.819899,,0,0,0.858979,,,,,,,,,
2000-08-01,2000,"Q3","2000/01","Q1","August",91.997138,87.306681,33.734959,13.765365,19.969594,14.334405,8.135189,-2.5,0,51.5814,16.758954,12.336535,2.115081,16.134419,2.189226,0.344051,,1.703134,0,1.990322,,0,0,4.690457,,,,,,,,,
2000-09-01,2000,"Q3","2000/01","Q1","September",81.452781591,80.648285591,29.580398591,11.023134,18.557264591,13.471647591,7.585617,-2.5,0,49.260712,16.7086065,10.6490515,1.981306,15.981921,1.928374,0.343026,,1.668427,0,1.807175,,0,0,0.804496,,,,,,,,,
2000-10-01,2000,"Q4","2000/01","Q2","October",88.627886,88.02493,35.080833,13.438415,21.642418,15.572138,8.57028,-2.5,0,50.949738,15.081609,12.063511,1.92644,17.616647,2.173742,0.349026,,1.738763,0,1.994359,,0,0,0.602956,,,,,,,,,
2000-11-01,2000,"Q4","2000/01","Q2","November",87.979413,87.745858,31.04624,12.033113,19.013127,13.73353,7.779597,-2.5,0,54.511843,17.312115,12.709733,2.414359,17.906182,2.193606,0.404974,,1.570874,0,2.187775,,0,0,0.233555,,,,,,,,,
2000-12-01,2000,"Q4","2000/01","Q2","December",93.60732036,93.3739643,43.5817763,25.41497,18.1668063,11.9341543,8.732652,-2.5,0,47.815365,14.357622,11.232698,2.617163,15.525714,1.96354,0.394473,,1.724155,0,1.976823,,0,0,0.23335606,,,,,,,,,
2001-01-01,2001,"Q1","2000/01","Q3","January",97.484968,97.393055,42.896601,14.597344,28.299257,19.66839,11.130867,-2.5,0,52.36628,17.550227,11.881902,2.397772,17.006351,1.880814,0.441066,,1.208148,0,2.130174,,0,0,0.091913,,,,,,,,,
2001-02-01,2001,"Q1","2000/01","Q3","February",81.184712,80.963508,30.400708,12.107843,18.292865,13.522219,7.270646,-2.5,0,48.963268,16.691371,11.249821,1.928448,15.469886,1.853365,0.498792,,1.271585,0,1.599532,,0,0,0.221204,,,,,,,,,
2001-03-01,2001,"Q1","2000/01","Q3","March",82.987423,82.959882,32.177684,15.302046,16.875638,12.903954,7.721684,-3.75,0,49.01082,17.033205,11.001354,1.680822,15.962211,1.760487,0.469429,,1.103312,0,1.771378,,0,0,0.027541,,,,,,,,,
2001-04-01,2001,"Q2","2000/01","Q4","April",85.514526,85.345055,35.135742,15.517373,19.618369,14.11907,9.249299,-3.75,0,48.399944,16.068311,10.992435,1.688072,16.170189,1.87902,0.519894,,1.082023,0,1.809369,,0,0,0.169471,,,,,,,,,
2001-05-01,2001,"Q2","2000/01","Q4","May",97.79347,97.659004,36.30742,16.201338,20.106082,15.163495,8.692587,-3.75,0,59.423356,19.278682,13.919342,2.048067,19.700602,2.459708,0.547075,,1.46988,0,1.928228,,0,0,0.134466,,,,,,,,,
2001-06-01,2001,"Q2","2000/01","Q4","June",109.905165,109.657766,56.995216,37.379863,19.615353,15.18135,8.184003,-3.75,0,50.732746,16.691596,12.164325,1.641308,16.543111,2.056041,0.477081,,1.159284,0,1.929804,,0,0,0.247399,,,,,,,,,
2001-07-01,2001,"Q3","2001/02","Q1","July",96.414235551,95.383809551,41.435285054,16.969050692,24.466234362,19.573868523,7.942365839,-3.05,0,51.421815147,18.25738,10.83810671,1.881317891,16.650093057,2.06983234,0.452073318,,1.273011831,0,2.52670935,,0,0,1.030426,,,,,,,,,
2001-08-01,2001,"Q3","2001/02","Q1","August",93.801951805,92.497366805,35.395804632,16.170614409,19.225190223,14.489372418,7.785817805,-3.05,0,54.508998367,17.403792411,12.765546362,1.804237717,18.272614573,2.287676616,0.504079901,,1.471050787,0,2.592563806,,0,0,1.304585,,,,,,,,,
2001-09-01,2001,"Q3","2001/02","Q1","September",100.143523893,90.693161893,40.000383176,16.195894926,23.80448825,16.715790556,10.138697694,-3.05,0,48.508330063,17.124118,9.646786762,1.758721258,15.848472128,1.851595242,0.439558884,,1.839077789,0,2.184448654,,0,0,9.450362,,,,,,,,,
2001-10-01,2001,"Q4","2001/02","Q2","October",112.836612106,96.446521106,40.073028214,18.230008589,21.843019625,15.766166522,9.126853103,-3.05,0,53.854851331,17.58749752,10.508497334,2.089013258,18.34853531,2.215463084,0.486666236,,2.619178589,0,2.518641561,,0,0,16.390091,,,,,,,,,
2001-11-01,2001,"Q4","2001/02","Q2","November",100.720079797,98.488662797,39.987395227,15.728269403,24.259125824,19.486295755,10.005926612,-5.233096543,0,56.106649043,18.150019848,9.785984854,2.097156107,21.413496616,2.325762716,0.429014025,,1.905214877,0,2.394618527,,0,0,2.231417,,,,,,,,,
2001-12-01,2001,"Q4","2001/02","Q2","December",118.622662255,116.169915555,59.579879396,38.411136632,21.168742764,14.146815835,10.071926929,-3.05,0,54.219466929,19.665076559,9.071062961,1.95459051,19.099337912,2.29212789,0.414389499,,1.722881598,0,2.37056923,,0,0,2.4527467,,,,,,,,,
2002-01-01,2002,"Q1","2001/02","Q3","January",100.338789302,98.426202302,46.6799106,17.584692392,29.095218208,18.741554132,13.403664076,-3.05,0,49.367313262,18.501388,8.713275256,1.619341358,16.415621411,1.861988961,0.579677932,,1.676020344,0,2.37897844,,0,0,1.912587,,,,,,,,,
2002-02-01,2002,"Q1","2001/02","Q3","February",91.458600876,89.845976876,38.521335296,16.593623217,21.927712079,16.401903391,8.575808688,-3.05,0,49.305949986,18.025280358,8.472584399,1.773010152,16.822856117,1.876841409,0.600709206,,1.734668345,0,2.018691594,,0,0,1.612624,,,,,,,,,
2002-03-01,2002,"Q1","2001/02","Q3","March",101.732216532,100.221085532,42.206239911,17.053121581,25.15311833,18.172378577,10.030739753,-3.05,0,55.659695989,19.216671,10.110314748,1.735691597,20.221350415,1.929995243,0.771545917,,1.674127069,0,2.355149632,,0,0,1.511131,,,,,,,,,
2002-04-01,2002,"Q2","2001/02","Q4","April",102.932254099,102.116520099,49.888895237,21.133879891,28.755015346,21.754843461,10.050171885,-3.05,0,49.773892033,19.245340214,7.896921076,1.87615587,16.724057477,1.872807075,0.542634249,,1.615976072,0,2.453732829,,0,0,0.815734,,,,,,,,,
2002-05-01,2002,"Q2","2001/02","Q4","May",104.163793658,102.613502658,45.848508163,21.863411207,23.985096956,18.101453859,8.933643097,-3.05,0,54.141950993,18.423173,10.166432454,1.965638238,19.036411439,2.029089465,0.491085054,,2.030121343,0,2.623043502,,0,0,1.550291,,,,,,,,,
2002-06-01,2002,"Q2","2001/02","Q4","June",130.5844933,129.446488,70.427442,43.544829,26.882613,19.745144,10.187469,-3.05,0,56.599396,19.136263,10.675798,2.457027,19.738624,2.128226,0.471463,,1.991995,0,2.41965,,0,0,1.13800529999999,,,,,,,,,
2002-07-01,2002,"Q3","2002/03","Q1","July",110.177888,108.982882,45.684196,19.089412,26.594784,21.896093,8.365358,-3.666667,0,60.081763,20.371007,10.798134,2.241777,21.393172,2.819833,0.528657,,1.929183,0,3.216923,,0,0,1.195006,,,,,,,,,
2002-08-01,2002,"Q3","2002/03","Q1","August",101.270805,98.419458,41.752314,18.701052,23.051262,16.690559,10.02737,-3.666667,0,53.423159,18.707446,9.356443,2.608458,18.107506,2.2852,0.50256,,1.855546,0,3.243985,,0,0,2.851347,,,,,,,,,
2002-09-01,2002,"Q3","2002/03","Q1","September",103.869698,102.377688,44.47669,19.3455,25.13119,18.873092,9.924765,-3.666667,0,55.055101,19.790361,10.058111,2.6516,17.908413,2.245969,0.465395,,1.935252,0,2.845897,,0,0,1.49201,,,,,,,,,
2002-10-01,2002,"Q4","2002/03","Q2","October",116.133227,114.219846,48.70573,19.054031,29.651699,24.002854,9.315512,-3.666667,0,62.154484,20.229855,10.908374,3.110878,22.603065,2.726995,0.461595,,2.113722,0,3.359632,,0,0,1.913381,,,,,,,,,
2002-11-01,2002,"Q4","2002/03","Q2","November",109.857208,108.606099,44.447153,21.122392,23.324761,16.874393,10.117035,-3.666667,0,60.586384,19.614438,11.201668,2.943148,21.461644,2.678877,0.480184,,2.159013,0.047412,3.572562,,0,0,1.251109,,,,,,,,,
2002-12-01,2002,"Q4","2002/03","Q2","December",138.543795,136.562107,72.187781,46.035694,26.152087,19.386329,10.432425,-3.666667,0,61.017684,20.518131,11.932203,3.252597,20.225897,2.486221,0.44593,,2.058158,0.098547,3.356642,,0,0,1.981688,,,,,,,,,
2003-01-01,2003,"Q1","2002/03","Q3","January",116.807488218333,113.295157118333,48.8616521293333,19.561849755,29.2998023743333,21.164811779,11.801657262,-3.66666666666667,0,61.244243711,20.296416966,11.710744279,2.891473935,20.910712727,2.350989983,0.694041833,,2.29658406,0.093279928,3.189261278,,0,0,3.5123311,,,,,,,,,
2003-02-01,2003,"Q1","2002/03","Q3","February",113.4817149,111.555684,47.186452,20.472374,26.714078,21.267708,9.113037,-3.666667,0,61.6152,20.34986,10.985762,2.797907,21.914067,2.581344,0.761388,,2.163268,0.061604,2.754032,,0,0,1.9260309,,,,,,,,,
2003-03-01,2003,"Q1","2002/03","Q3","March",117.141092216333,115.371497916333,50.0102074383333,26.683317795,23.3268896433333,18.661347125,8.332209185,-3.66666666666667,0,62.15146267,21.533530157,10.739219736,2.857640227,21.464276649,2.442470217,0.646171131,,2.422233047,0.045921506,3.209827808,,0,0,1.7695943,,,,,,,,,
2003-04-01,2003,"Q2","2002/03","Q4","April",109.7832368,107.732333,45.630333,24.338,21.292333,16.167,8.792,-3.666667,0,58.894,18.663,11.177,3.126,20.853,2.474,0.61,,1.95,0.041,3.208,,0,0,2.0509038,,,,,,,,,
2003-05-01,2003,"Q2","2002/03","Q4","May",126.6843007,125.052403,58.266653,29.071653,29.195,20.681,8.514,0,0,63.48875,20.051,12.79,3.058,22.154,2.532,0.567,,2.219,0.11775,3.297,,0,0,1.6318977,,,,,,,,,
2003-06-01,2003,"Q2","2002/03","Q4","June",162.17555369,159.085958,92.588683,55.401158,37.187525,28.695499,8.492026,0,0,62.685012,20.179669,11.898169,3.286467,22.013556,2.478383,0.616308,,2.125871,0.086589,3.812263,,0,0,3.08959569,,,,,,,,,
2003-07-01,2003,"Q3","2003/04","Q1","July",122.064426308,120.102723308,45.251371791,22.639347502,22.612024289,17.62325987,7.835680227,-2.846915808,0,70.722936386,24.19892327,9.333306422,4.340573588,26.32342846,3.15117656,0.657521553,,2.574292229,0.143714304,4.128415131,,0,0,1.961703,,,,,,,,,
2003-08-01,2003,"Q3","2003/04","Q1","August",115.789516432,114.598273432,45.325903291,19.007717394,26.318185897,19.473601332,9.284230235,-2.43964567,0,65.205978354,20.926225316,9.346598244,3.728653115,25.209057627,2.798591139,0.658472933,,2.403825101,0.134554879,4.066391787,,0,0,1.191243,,,,,,,,,
2003-09-01,2003,"Q3","2003/04","Q1","September",133.008468395,130.586912595,57.226866554,31.640275628,25.586590926,18.318942639,10.846560388,-3.578912101,0,69.160192177,22.73922888,8.939407021,4.094452256,27.552314467,2.822257421,0.673822945,,2.200065591,0.138643596,4.199853864,,0,0,2.4215558,,,,,,,,,
2003-10-01,2003,"Q4","2003/04","Q2","October",127.516933103,125.711734103,47.028838305,24.684922791,22.343915514,16.538240684,11.036877994,-5.231203164,0,74.386009697,21.68290384,11.735878152,4.567567172,29.295973852,3.211798339,0.689169269,,3.074838343,0.12788073,4.296886101,,0,0,1.805199,,,,,,,,,
2003-11-01,2003,"Q4","2003/04","Q2","November",126.653392992,124.349456992,51.358275008,24.278310081,27.079964927,17.658307971,11.05401574,-1.632358784,0,69.038249967,18.83455938,10.41246455,4.312687001,29.241234296,2.778239067,0.622229052,,2.726564547,0.110272074,3.952932017,,0,0,2.303936,,,,,,,,,
2003-12-01,2003,"Q4","2003/04","Q2","December",181.730141715,179.877491715,98.765910084,71.811028693,26.954881391,19.286345288,9.865890472,-2.197354369,0,76.825807329,24.830457573,9.918113979,4.787657251,30.7245761,3.189763813,0.67029237,,2.627512199,0.077434044,4.285774302,,0,0,1.85265,,,,,,,,,
2004-01-01,2004,"Q1","2003/04","Q3","January",134.353371962,132.531058962,58.750139689,24.272049613,34.478090076,21.319619661,15.440729274,-2.282258859,0,69.566051501,22.74647548,11.025979241,3.691582753,25.696878021,2.716035105,1.082474326,,2.505174468,0.101452107,4.214867772,,0,0,1.822313,,,,,,,,,
2004-02-01,2004,"Q1","2003/04","Q3","February",122.822464721,119.544985821,48.103974534,26.583903557,21.520070977,17.1535161,10.074971676,-5.708416799,0,67.481186836,22.359520594,11.153356781,3.705333825,24.091762249,2.55931489,1.100887795,,2.391794123,0.119216579,3.959824451,,0,0,3.2774789,,,,,,,,,
2004-03-01,2004,"Q1","2003/04","Q3","March",137.359419895,135.671153895,57.584618013,31.767009758,25.817608255,22.206162031,9.634832817,-6.023386593,0,73.534052024,23.369262714,13.095975499,3.995211304,26.739912328,2.675986393,0.977907433,,2.591135547,0.088660806,4.552483858,,0,0,1.688266,,,,,,,,,
2004-04-01,2004,"Q2","2003/04","Q4","April",137.727283244,135.765093244,58.488007684,29.721340593,28.766667091,20.553859446,11.816811949,-3.604004304,0,72.950751888,23.170909295,12.852863387,3.384907879,27.088746904,2.841281315,0.747835832,,2.714396648,0.149810628,4.326333672,,0,0,1.96219,,,,,,,,,
2004-05-01,2004,"Q2","2003/04","Q4","May",142.149843447,137.600378447,58.340059022,30.552071353,27.787987669,20.690631058,10.561066634,-3.463710023,0,75.007309561,22.12070573,13.270414081,3.754076819,29.523727549,2.751004917,0.775282455,,2.713156858,0.098941152,4.253009864,,0,0,4.549465,,,,,,,,,
2004-06-01,2004,"Q2","2003/04","Q4","June",188.069409335,185.728813335,103.262859455,65.537232553,37.725626902,30.108410779,11.115888269,-3.498672146,0,77.433907337,22.83345384,12.861067221,4.475560609,31.102223645,2.936577158,0.724968673,,2.40058396,0.099472231,5.032046543,,0,0,2.340596,,,,,,,,,
2004-07-01,2004,"Q3","2004/05","Q1","July",145.671050988,144.110118233,57.992493521,25.495267599,32.497225922,22.24262524,14.242758682,-3.988158,0,80.85898936,32.767659,9.344475472,4.126637953,26.612032,4.184399882,1.660922414,,2.073514517,0.089348122,5.258635352,,0,0,1.560932755,1.381603588,0.469288369,0.912315219,0.150000214,0,0,0.022349375,0.006979578,0
2004-08-01,2004,"Q3","2004/05","Q1","August",134.873144534,132.927572,53.935371,30.314963,23.620408,18.480222,9.096264,-3.956078,0,73.822927,24.989334,9.122999,4.160279,28.907653,3.866435,0.800591,,1.886359,0.089277,5.169274,,0,0,1.945572534,1.494549023,0.636446023,0.858103,0.181733244,0,0,0.262649133,0.006641134,0
2004-09-01,2004,"Q3","2004/05","Q1","September",144.836285612,142.811690994,66.295909994,42.028346,24.267563994,18.028661994,10.258946,-4.020044,0,71.660446,22.976995,9.546348,4.728897,27.262788,3.697201,0.766485,,2.581199,0.100533,4.855335,,0,0,2.024594618,1.419744968,0.534938968,0.884806,0.109473981,0,0,0.006022615,0.489353054,0
2004-10-01,2004,"Q4","2004/05","Q2","October",140.677503278,139.375820439,58.762886491,25.827964164,32.934922327,26.063857151,10.776806255,-3.905741079,0,75.432775824,25.612504,9.101028,5.289250003,28.304283,3.742578128,0.780281872,,2.539931196,0.062919625,5.180158124,,0,0,1.301682839,1.047817529,0.39333328,0.654484249,0.102446865,0,0,0.135383095,0.01603535,0
2004-11-01,2004,"Q4","2004/05","Q2","November",150.623153088,148.865096641,63.211096019,30.573404744,32.637691275,25.66450439,10.883049542,-3.909862657,0,80.270223617,21.653142,14.983616,5.800645586,30.178259,4.144219932,0.754536977,,2.666127971,0.089676151,5.383777005,,0,0,1.758056447,1.308637779,0.388152237,0.920485542,0.0317117,0.155603351,0,0.260912503,0.001191114,0
2004-12-01,2004,"Q4","2004/05","Q2","December",211.134027963,208.952013992,112.160801371,83.345785,28.815016371,21.451571483,11.287566,-3.924121112,0,91.169342621,27.691508,17.043282,6.44145855,31.790373,4.467800912,0.720445581,,2.920950578,0.093524,5.62187,,0,0,2.182013971,1.757306837,0.435734837,1.321572,0.081886318,0.155603351,0,0.177189923,0.010027542,0
2005-01-01,2005,"Q1","2004/05","Q3","January",147.25232112,142.440596974,64.354335565,27.04892,37.305415565,24.521757339,15.50862664,-2.724968414,0,73.598042176,23.397364,9.609803,5.761271941,26.936472,3.614366733,1.420545708,,2.696384672,0.161834122,4.488219233,,0,0,4.811724146,3.97702016,3.13010516,0.846915,0.757822696,0.051326251,0,0.016004709,0.00955033,0
2005-02-01,2005,"Q1","2004/05","Q3","February",140.437651141,137.677037,62.341657,33.282668,29.058989,21.579508,10.057731,-2.57825,0,70.275677,23.162009,12.269963,3.573411,26.099599,3.327987,1.12748,,0.620517,0.094711,5.059703,,0,0,2.760614141,2.543341663,0.419957332,2.123384331,0.0045,0,0,0.199563448,0.01320903,0
2005-03-01,2005,"Q1","2004/05","Q3","March",162.709108715,160.895585675,76.755873346,48.178888753,28.576984593,23.330178685,10.921748708,-5.6749428,0,78.543784846,28.32551,15.622392,2.111316862,27.154576,4.042177752,0.932986441,,0.273610837,0.081214954,5.595927483,,0,0,1.81352304,1.632958313,0.338448772,1.294509541,0.096068,0,0,0.060666202,0.023830525,0
2005-04-01,2005,"Q2","2004/05","Q4","April",161.85698154,160.274054249,78.172940311,41.204989065,36.967951246,27.081045696,11.937200673,-2.050295123,0,76.737417908,29.759454,14.266948,2.435327436,25.496502,3.735425388,0.820234108,,0.117245229,0.106281747,5.36369603,,0,0,1.582927291,1.372645761,0.299526897,1.073118864,0.154215419,0,0,0.036540236,0.019525875,0
2005-05-01,2005,"Q2","2004/05","Q4","May",159.650627747,156.179309402,70.314773263,39.453390864,30.861382399,27.266364459,10.085642615,-6.490624675,0,80.650817617,27.676134,15.365623,2.036195752,29.917581,4.431811749,0.864240191,,0.288326595,0.07090533,5.213718522,,0,0,3.471318345,1.279917331,0,1.279917331,0.057907408,0.271105741,1.815,0.022727156,0.024660709,0
2005-06-01,2005,"Q2","2004/05","Q4","June",216.211474761,213.16602586,126.467507364,86.291779617,40.175727747,33.506175964,10.84188755,-4.172335767,0,80.660872474,30.366172,18.353857,1.731036838,24.862756,4.076121624,0.941836447,,0.230273142,0.098819423,6.037646022,,0,0,3.045448901,1.662289188,0.349792919,1.312496269,0.127848859,0.438944597,0.800603699,0.001690215,0.014072343,0
2005-07-01,2005,"Q3","2005/06","Q1","July",161.553173667,159.393991,67.137165,34.588186,32.548979,23.77033,12.704748,-3.926099,0,88.447946,33.850737,17.216834,1.550434,30.586271,4.207376,0.877231,,0.078761,0.080302,5.404101,,0,-1.595221,2.159182667,1.863555156,0.199496156,1.664059,0.00533582,0,0.2,0.067476292,0.022815399,0
2005-08-01,2005,"Q3","2005/06","Q1","August",159.794065273,157.292211966,67.721214353,34.61490061,33.106313743,26.42232408,11.029695663,-4.345706,0,83.04909969,23.532241,17.326139,1.408877,35.636399,4.217097,0.791568,,0.014838,0.12194069,6.558808923,,0,-0.036911,2.501853307,2.07191849,0.2933757,1.77854279,0.311708946,0,0,0.101726188,0.016499683,0
2005-09-01,2005,"Q3","2005/06","Q1","September",190.74744774,186.794632,85.511733,50.498935,35.012798,27.113922,13.250277,-5.351401,0,95.598358,30.092269,20.09256,1.845631,38.042037,4.418485,0.952568,,0.005272,0.149536,5.815591,,0,-0.13105,3.95281574,3.909056223,2.56685242,1.342203803,0.02337353,0,0,0,0.020385987,0
2005-10-01,2005,"Q4","2005/06","Q2","October",170.717856535,167.724064666,73.415590369,36.034801,37.380789369,28.814968128,13.086573622,-4.520752381,0,90.264301969,24.81713983,20.615737705,1.474358676,38.01530556,4.17398042,0.993852117,,0.012965571,0.16096209,5.971054328,,0,-1.926882,2.993791869,2.779906654,1.627143735,1.152762919,0.097902587,0.106521648,0,0.002629823,0.006831157,0
2005-11-01,2005,"Q4","2005/06","Q2","November",166.639190993,164.992111007,76.091522502,32.873859267,43.217663235,36.896283398,12.311931126,-5.990551289,0,92.796840767,30.51485177,20.863810782,2.23219464,34.241411981,3.887655784,0.8585838,,0.028930598,0.169401412,7.058046738,,0,-10.954299,1.647079986,1.492971379,0.306453379,1.186518,0.118347736,0,0,0.020724815,0.015036056,0
2005-12-01,2005,"Q4","2005/06","Q2","December",241.446550032,240.121067312,140.128549731,101.142448,38.986101731,30.005875885,13.296392517,-4.316166671,0,96.593523581,32.00787609,20.882164708,1.536368883,36.828279887,4.31539667,0.861759803,,0.005452178,0.156225362,5.95261,,0,-2.553616,1.32548272,1.207780499,0,1.207780499,0,0,0,0,0.117702221,0
2006-01-01,2006,"Q1","2005/06","Q3","January",170.64393995,168.440417768,74.612879889,33.858862,40.754017889,31.16197595,16.727009939,-7.134968,0,88.911457879,32.05590418,17.381038933,1.360233245,32.556196249,3.523741907,1.76791072,,0.013556645,0.252876,5.594951,,0,-0.678871,2.203522182,1.412504472,0.433515472,0.978989,0.132642593,0.375654148,0.28,0,0.002720969,0
2006-02-01,2006,"Q1","2005/06","Q3","February",162.301821577,157.288739794,67.823891845,32.966750378,34.857141467,28.353369392,12.954607929,-6.450835854,0,84.581334557,30.65897991,15.890739663,1.453634068,31.809304461,3.395509351,1.227407794,,0.000883967,0.144875343,5.061074392,,0,-0.177561,5.01308178299998,1.431271486,0.359464656,1.07180683,0.11373035,0.201021086,2,0.104642679,0.001123245,1.16129293699998
2006-03-01,2006,"Q1","2005/06","Q3","March",207.315484685,190.647487335,79.135521539,42.871161478,36.264360061,27.476398347,13.838348813,-5.050387099,0,104.650545638,37.58042197,18.817397021,3.893240101,38.600134025,4.058317341,1.554933529,,0,0.146101651,6.943239158,,0,-0.081819,16.66799735,1.650929474,0.056206317,1.594723157,0.05537187,0,0,0.103468977,0.004338681,14.853888348
2006-04-01,2006,"Q2","2005/06","Q4","April",187.06975502,175.268384551,80.14349259,39.282870409,40.860622181,31.230525965,13.943466466,-4.31337025,0,88.893082259,34.19213572,14.634879835,1.684257479,33.4078273,3.504150005,1.228498167,,0.000600477,0.240733276,6.254150289,,0,-0.022340587,11.801370469,1.298936322,0.1138271,1.185109222,0.035343671,0.108133889,0,0,0.026593696,10.332362891
2006-05-01,2006,"Q2","2005/06","Q4","May",208.941555646,185.541151697,78.951602135,43.298278041,35.653324094,29.329607232,13.410788743,-7.087071881,0,100.085641277,37.92697416,18.28670421,1.822573633,36.988321969,3.780808482,1.085260037,,0.000986253,0.194012533,6.548924285,,0,-0.045016,23.400403949,2.290433651,0.755565322,1.534868329,0.2037134,0.156116672,0,0.000668797,6.054597942,14.694873487
2006-06-01,2006,"Q2","2005/06","Q4","June",286.842117815,277.504697296,160.071746323,122.584010418,37.487735905,32.158639653,12.728072623,-7.398976371,0,111.407480752,35.65240651,22.98689814,4.34719952,42.627388056,4.455380661,1.111871697,,0.006234163,0.220102005,8.183408235,,0,-2.157938014,9.33742051899999,2.144446588,0.461407046,1.683039542,0.432407662,0.142425355,0,0,0.007287352,6.61085356199999
2006-07-01,2006,"Q3","2006/07","Q1","July",178.927659554,176.448335567,70.54705689,36.177731198,34.369325692,29.418318014,11.947405621,-6.996397943,0,99.646616883,31.5066597,19.110387872,4.152588795,38.541591197,4.778567599,1.365120939,,0.000540005,0.191160776,6.837701965,,0,-0.583040171,2.479323987,2.456626688,0,2.456626688,0.022697299,0,0,0,0,0
2006-08-01,2006,"Q3","2006/07","Q1","August",204.592227081,194.035570025,77.462791961,40.70479366,36.757998301,30.907170743,12.853700068,-7.00287251,0,109.084455731,35.50284793,21.077247319,5.364876733,40.59208146,4.873816261,1.444112343,,0,0.229473685,7.531813248,,0,-0.043490915,10.556657056,4.064223943,2.409614406,1.654609537,0,0,3.082716,0.227798437,0.839009672,2.34290900400001
2006-09-01,2006,"Q3","2006/07","Q1","September",204.959782719,196.189731773,86.207837113,46.600495266,39.607341847,32.041045214,14.564504772,-6.998208139,0,102.424103739,34.68231775,18.795750498,4.455032819,38.273939159,4.522288941,1.496047474,,0.000179663,0.198547435,7.557990921,,0,-2e-04,8.77005094599998,2.010019077,0.521819153,1.488199924,0.024303741,0,0,0,0.00016,6.73556812799998
2006-10-01,2006,"Q4","2006/07","Q2","October",197.694491174,193.414671636,82.359290169,44.78803936,37.571250809,30.124253606,14.456697701,-7.009700498,0,103.952062093,31.33271207,20.874307412,4.910154637,40.804309694,4.669723851,1.190060661,,0.000178602,0.170615166,7.103319374,,0,0,4.279819538,1.696678503,0.207042251,1.489636252,0.015533184,0.367044583,2.2,0,0.000563268,0
2006-11-01,2006,"Q4","2006/07","Q2","November",221.574413855,203.625720562,80.220753023,41.261190291,38.959562732,30.986141972,14.887319004,-6.913898244,0,115.289077438,31.91212896,24.89253038,5.359645131,46.606141774,4.974852217,1.264308204,,0.003900639,0.275570133,8.202645684,,0,-0.086755583,17.948693293,2.890736909,0.366131494,2.524605415,0.044961601,0,0,0,1e-04,15.012894783
2006-12-01,2006,"Q4","2006/07","Q2","December",285.654684735,275.669023454,161.887954122,125.786296565,36.101657557,27.714037984,15.420475184,-7.032855611,0,106.097820233,29.279682397,23.113177078,5.612828305,42.397190146,4.341378391,1.224176963,,8.03e-07,0.12938615,7.683249099,,0,0,9.98566128100001,2.979784058,0.302863729,2.676920329,0.025029832,0.243861006,0,0.015435818,0,6.72155056700001
2007-01-01,2007,"Q1","2006/07","Q3","January",210.837452531,208.0820175,88.827716745,43.913523162,44.914193583,32.637211455,19.276753805,-6.999771677,0,112.018619874,36.50579576,21.961141139,4.608754088,42.324164068,4.164891955,2.131845729,,0.000325709,0.321701426,7.235680881,,0,0,2.755435031,2.576818677,0,2.576818677,0,0.161388116,0,0.016818238,0.00041,0
2007-02-01,2007,"Q1","2006/07","Q3","February",189.990957234,186.544181094,77.609952674,40.851631,36.758321674,39.115958221,16.635901,-18.993537547,0,102.07109842,27.79936842,19.682593,6.981144,41.100985,4.54711,1.798577,,0,0.161321,6.86313,,0,0,3.44677614,3.219075052,0.751525052,2.46755,0.026876482,0.152287952,0,0.022152544,0.02638411,0
2007-03-01,2007,"Q1","2006/07","Q3","March",237.485314205,225.273393661,98.211844395,55.285594155,42.92625024,34.43024016,15.502785838,-7.006775758,0,119.811156886,35.582626644,24.959920183,5.728353149,46.635610142,4.977015843,1.740083363,,0,0.187547562,7.25039238,,0,0,12.211920544,2.806966706,0,2.806966706,0,0,0,0.318608135,0.007999797,9.07834590600001
2007-04-01,2007,"Q2","2006/07","Q4","April",213.973185454,212.222841257,105.116003923,43.798155437,61.317848486,51.438728485,16.878182441,-6.99906244,0,100.704235924,30.635953289,19.415246606,6.146751251,38.635190204,4.085731346,1.618185805,,4.3992e-05,0.167133431,6.40260141,,0,0,1.750344197,1.307778366,0.22525613,1.082522236,0.018681339,0.423884492,0,0,0,0
2007-05-01,2007,"Q2","2006/07","Q4","May",245.448829852,228.31461244,101.031466891,52.681620178,48.349846713,38.872391663,16.476031028,-6.998575978,0,122.01392585,36.85754641,22.987499155,5.53218131,50.701778472,4.300231655,1.476706988,,0.002867068,0.155114792,6.378227758,,0,-1.109008059,17.134217412,2.113956614,0,2.113956614,0,0,0,0,0.025243758,14.99501704
2007-06-01,2007,"Q2","2006/07","Q4","June",331.347769153,326.001699833,200.02406418,155.542818063,44.481246117,35.045649542,16.436351554,-7.000754979,0,121.124755094,41.43018045,22.116179483,5.908099536,45.795680519,4.309156692,1.320959187,,0,0.244499227,4.868965079,,0,-0.01608452,5.34606932,2.923792209,1.069813579,1.85397863,0.0519391,0.407699219,1.96,0,0.002638792,0
2007-07-01,2007,"Q3","2007/08","Q1","July",220.624645887,218.735478171,89.203007425,47.817228,41.385779425,32.123579478,16.331967947,-7.069768,0,125.411796983,44.82257269,21.999976952,6.168585896,45.985629629,4.888088922,1.369315894,,0,0.177627,4.120673763,,0,0,1.889167716,1.887224,0,1.887224,0,0,0,0,0.001943716,0
2007-08-01,2007,"Q3","2007/08","Q1","August",227.564390187,224.635160223,88.978436493,45.515816,43.462620493,36.463128156,15.739545337,-8.740053,0,130.630415,42.947917,24.212194,5.539982,51.138301,5.045832,1.368423,,0,0.377766,5.02630873,,0,0,2.929229964,2.623151768,0,2.623151768,0,0.304621524,0,0,0.001456672,0
2007-09-01,2007,"Q3","2007/08","Q1","September",238.608126855,225.84392,95.287222,46.196209,49.091013,40.768466,15.770831,-7.448284,0,125.925527,39.80654,22.832042,6.402156,50.171445,4.996086,1.32794,,0,0.389318,4.631171,,0,0,12.764206855,3.672059853,1.518849853,2.15321,0.013686416,0,0,0,0.00011468,9.07834590600001
2007-10-01,2007,"Q4","2007/08","Q2","October",249.473703701,245.664953411,96.601397041,54.454220936,42.147176105,34.308639437,16.965448508,-9.12691184,0,142.862167248,42.966673112,28.012891957,6.545399231,58.359526442,5.17023591,1.464671931,,0,0.342768665,6.201389122,,0,0,3.80875029,3.16190874,0.56754874,2.59436,0.093569233,0.553272317,0,0,0,0
2007-11-01,2007,"Q4","2007/08","Q2","November",246.310165249,240.977459698,91.20628551,39.234005226,51.972280284,39.110330401,17.852574043,-4.99062416,0,144.610996225,44.72326098,30.750270027,7.251029737,54.69164552,5.605745474,1.376571586,,0,0.212472901,5.160177963,,0,0,5.332705551,5.086591791,2.483608791,2.602983,0.148030109,0.086617705,0,0,0.011465946,0
2007-12-01,2007,"Q4","2007/08","Q2","December",358.497269357,343.050066692,216.359538341,168.196809112,48.162729229,47.012662624,15.00025227,-13.850185665,0,122.41674846,31.81324152,25.470528496,6.464782506,51.942724372,5.185297668,1.138520991,,0.000135174,0.401517733,4.273779891,,0,0,15.447202665,2.634777535,0.351259436,2.283518099,0.006235777,0.125962698,0,0,0,12.680226655
2008-01-01,2008,"Q1","2007/08","Q3","January",247.142828396,244.68823456,119.381084174,60.416248065,58.964836109,46.939061894,26.070032215,-14.044258,0,120.743810386,41.613102923,21.386350802,6.402596676,45.520997532,3.420362481,1.981246972,,0,0.419153,4.56334,,0,0,2.454593836,2.261746163,0.373245163,1.888501,0.009182,0.181962227,0,0,0.001703446,0
2008-02-01,2008,"Q1","2007/08","Q3","February",256.607955894,252.825441,110.18706,57.164967,53.022093,40.381789,18.36295,-5.722646,0,137.302594,51.459968,20.168494,6.527662,52.17897,4.597755,1.928128,,0,0.441617,5.335787,,0,0,3.782514894,3.601385408,0.209038408,3.392347,0.016399,0.158010486,0,0,0.00672,0
2008-03-01,2008,"Q1","2007/08","Q3","March",265.507103984,253.746878526,112.015939236,57.596448842,54.419490394,41.207628242,18.792995896,-5.581133744,0,136.612803401,42.212755967,24.316485885,7.263221689,55.579712193,4.609910592,2.161977014,,0,0.468740061,5.118135889,,0,0,11.760225458,2.278138329,0,2.278138329,0,0,0,0,0.009931997,9.47215513200001
2008-04-01,2008,"Q2","2007/08","Q4","April",269.083311485,263.460865919,113.346037955,55.800084,57.545953955,45.633626132,19.009177135,-7.096849312,0,143.891559212,38.98161348,28.116104552,7.262221878,62.409997879,4.87004872,1.87551374,,0,0.376058963,6.223268752,,0,0,5.622445566,4.986129286,1.658341391,3.327787895,0.02351294,0.50653382,0,0,0.10626952,0
2008-05-01,2008,"Q2","2007/08","Q4","May",253.4323975619,273.844476344,117.749225915,68.82018995,48.929035965,38.313500936,17.277771179,-6.66223615,0,150.120737164,44.52806887,27.782283249,7.157723138,63.643405807,5.119281081,1.651246469,,0,0.23872855,5.974513265,,0,0,-20.4120787821,2.980178945,0.384655429,2.595523516,0.013083006,0.185306104,0,0,0.1511043,-23.7417511371
2008-06-01,2008,"Q2","2007/08","Q4","June",413.9764964851,373.628026905,214.607014054,160.9517323,53.655281754,39.067813635,19.782673131,-5.195205012,0,153.141674528,47.760435387,29.167586085,7.303490816,62.185829927,4.958926451,1.538532951,,0,0.226872911,5.879338323,,0,0,40.3484695801,3.096741915,0,3.096741915,0,0,0,0,0,37.2517276651
2008-07-01,2008,"Q3","2008/09","Q1","July",255.905261631,252.594668171,102.528735953,55.188789429,47.339946524,35.231099871,18.884558677,-6.775712024,0,142.906252731,46.59835488,26.0931351,7.217427173,56.322934408,5.13682081,1.429754354,,0,0.107826006,7.463119204,,0,-0.303439717,3.31059346,3.31059346,0,3.31059346,0,0,0,0,0,0
2008-08-01,2008,"Q3","2008/09","Q1","August",250.053861052,246.082640174,96.299880739,48.560476977,47.739403762,37.861431319,18.196113123,-8.31814068,0,143.697401765,43.01359115,27.008175937,7.917372467,59.131520477,5.001242764,1.524719347,,0,0.100779623,6.128831002,,0,-0.043473332,3.971220878,2.594599291,0,2.594599291,0,0,1.376621587,0,0,0
2008-09-01,2008,"Q3","2008/09","Q1","September",276.555701567,261.949267893,111.062876601,57.413810084,53.649066517,39.15972153,19.065052987,-4.575708,0,145.008963458,43.65437917,25.618862312,8.485323679,60.501886965,5.065726779,1.528615371,,0,0.154169182,5.877643834,,0,-0.000216,14.606433674,3.424998297,0.390721141,3.034277156,0,0.531313032,1.177967213,0,0,9.472155132
2008-10-01,2008,"Q4","2008/09","Q2","October",292.819484142,289.634933428,130.453670738,71.327002962,59.126667776,45.274801465,18.777849011,-4.9259827,0,154.292103316,40.89440693,32.502554679,10.079919834,63.987566651,5.324059472,1.359067954,,0,0.144527796,6.791974066,,0,-1.902814692,3.184550714,2.726617178,0.309975142,2.416642036,0,0.457933536,0,0,0,0
2008-11-01,2008,"Q4","2008/09","Q2","November",286.530442888,279.171441872,120.033856345,58.862298468,61.171557877,50.221337449,20.317442428,-9.367222,0,153.462126912,45.39213478,29.90266039,8.91512033,61.683802065,5.575435954,1.80145024,,0,0.191523153,5.675458615,,0,0,7.359001016,2.535383739,0,2.535383739,0,0,0.98,0.072754469,0.00185,3.769012808
2008-12-01,2008,"Q4","2008/09","Q2","December",437.164549565,390.449506507,214.267941403,162.429674976,51.838266427,42.978015908,18.966501519,-10.106251,0,171.47570725,42.48133573,37.124451948,10.411921394,73.36137457,6.307858196,1.759567431,,0,0.029197981,5.460528752,,0,-0.754670898,46.715043058,4.16149018,1.297736617,2.863753563,0,0.210643874,40,0,0,2.34290900400001
2009-01-01,2009,"Q1","2008/09","Q3","January",295.665380924,292.638740308,126.597298364,65.197039735,61.400258629,42.352230525,25.08849927,-6.040471166,0,159.829019239,52.01669378,27.382506197,8.991029015,63.142421564,5.071925411,3.103387154,,0,0.121056118,6.212422705,,0,0,3.026640616,2.80903431,0.158088829,2.650945481,0,0.217186306,0,0,0.00042,0
2009-02-01,2009,"Q1","2008/09","Q3","February",317.130856289,310.101446915,131.908022675,78.20674438,53.701278295,45.108985783,19.303932503,-10.711639991,0,171.906770467,45.81625967,32.146245978,9.36321917,75.8426677,5.668192009,2.981873136,,0,0.088312804,6.286653773,,0,0,7.029409374,2.929554149,0,2.929554149,0,0,0,0,0,4.099855225
2009-03-01,2009,"Q1","2008/09","Q3","March",329.173600147,323.146083083,145.033266716,87.131746832,57.901519884,44.603054703,21.893014068,-8.594548887,0,170.867252408,57.45474684,30.710093994,10.578253066,64.577778486,5.259782998,2.186554808,,0,0.100042216,7.245803632,,0,-0.000239673,6.027517064,2.530426631,0,2.530426631,0,0,0,0,0,3.497090433
2009-04-01,2009,"Q2","2008/09","Q4","April",299.656991083,293.040652938,133.302215125,80.999124799,52.303090326,42.971238995,22.128590306,-12.796738975,0,152.747330499,45.44800085,29.655225284,9.619851223,60.996092219,5.122168802,1.86563687,,0,0.040355251,6.997744666,,0,-0.006637352,6.616338145,3.526603259,0,3.526603259,0,0.780566401,0.4488,0,0.00405,1.856318485
2009-05-01,2009,"Q2","2008/09","Q4","May",314.248848454,305.755766432,142.51769278,83.94325794,58.57443484,47.033256754,19.560280099,-8.019102013,0,156.64716833,53.85755541,29.037588741,10.216406351,56.090416619,5.326203041,2.078058592,,0,0.040939576,6.590905322,,0,0,8.49308202200001,4.715483122,2.036265027,2.679218095,0,0.304943303,3.349122129,0,0,0.123533468000005
2009-06-01,2009,"Q2","2008/09","Q4","June",448.951872758,417.753179721,241.571749082,179.662695406,61.909053676,53.154676159,20.432854124,-11.678476607,0,168.89186453,49.58215434,32.889382941,10.724065892,67.996855816,5.746654616,1.934950702,,0,0.017800223,7.537260691,,0,-0.247694582,31.198693037,8.059520089,4.491561488,3.567958601,0,1.135345837,1.47,0,0,20.533827111
2009-07-01,2009,"Q3","2009/10","Q1","July",331.60037203,327.061445641,140.52720088,82.370547292,58.156653588,45.269838356,21.610758903,-8.723943671,0,177.91926682,55.50913609,31.176676236,11.399039508,71.183682093,6.637908558,1.989868209,,0,0.022956126,8.614977941,,0,0,4.53892638900001,4.014022389,0,4.014022389,0,0,0,0,0,0.524904000000006
2009-08-01,2009,"Q3","2009/10","Q1","August",328.711779503,324.842331682,154.378320056,83.752158113,70.626161943,55.559436012,21.749866241,-6.68314031,0,161.202309958,50.77426413,26.766709929,10.518810919,65.37423683,5.850942924,1.897792715,,0,0.019552511,9.268898524,,0,-0.007196856,3.869447821,3.860560421,0,3.860560421,0,0,0,0,0.0088874,0
2009-09-01,2009,"Q3","2009/10","Q1","September",334.979367845,324.290799691,159.386257789,81.790146762,77.596111027,62.14155949,23.15868875,-7.704137213,0,157.461923249,49.60633047,29.491256801,9.917792829,60.725476012,5.810997388,1.899859234,,0,0.010210515,7.479585323,,0,-0.03696667,10.688568154,3.953000026,0,3.953000026,0,0,0,0,0,6.735568128
2009-10-01,2009,"Q4","2009/10","Q2","October",309.192689811,305.738492223,138.432136977,73.068777107,65.36335987,51.464992223,21.585227138,-7.686859491,0,158.811712155,50.52590971,29.522217844,9.120779522,61.882782423,5.84425001,1.905352123,,0,0.010420523,8.500229184,,0,-0.005586093,3.454197588,3.454197588,0,3.454197588,0,0,0,0,0,0
2009-11-01,2009,"Q4","2009/10","Q2","November",310.616192854,304.563714207,146.085871129,80.357820985,65.728050144,51.205758926,22.226442588,-7.70415137,0,149.661618112,48.73146664,27.056398326,9.485569167,57.144777489,5.497853375,1.740776911,,0,0.004776204,8.816224966,,0,0,6.052478647,3.762343924,0,3.762343924,0,0,0,0,0,2.290134723
2009-12-01,2009,"Q4","2009/10","Q2","December",493.452347645,486.601772641,302.174012677,233.271309166,68.902703511,54.321955537,22.303447611,-7.722699637,0,175.324444939,55.44301791,33.605480617,10.175883783,68.033556956,6.332499757,1.723168094,,0,0.010837822,9.139900482,,0,-0.036585457,6.850575004,4.578536635,0.595774635,3.982762,0,1.690160088,0,0,0,0.581878280999998
2010-01-01,2010,"Q1","2009/10","Q3","January",356.490087701,349.263016514,191.787399086,92.707120019,99.080279067,78.305409123,28.4790251,-7.704155156,0,149.952603712,56.28875838,24.572369194,7.676532996,53.348899404,4.889912938,3.166462069,,0,0.009668731,7.523714044,,0,-0.000700328,7.227071187,2.909964499,0,2.909964499,0.0042,0,0,0,0,4.312906688
2010-02-01,2010,"Q1","2009/10","Q3","February",318.770744783,310.615286077,147.347346838,85.365849671,61.981497167,49.90740783,19.778226666,-7.704137329,0,155.718433739,49.60580909,35.631972223,3.766930853,59.23932742,5.202052856,2.266355641,,0,0.005985656,7.669065825,,0,-0.119560325,8.155458706,4.031035156,0,4.031035156,0,0,0,0,0,4.12442355
2010-03-01,2010,"Q1","2009/10","Q3","March",353.467127211,338.00323974,164.686716246,92.81449247,71.872223776,58.077812544,21.49858539,-7.704174158,0,164.182507434,53.52371468,25.312624675,11.367434647,66.070907727,5.739586408,2.164043791,,0,0.004195506,9.359657077,,0,-0.225641017,15.463887471,4.195133723,0,4.195133723,0,0,3.43,0,0,7.838753748
2010-04-01,2010,"Q2","2009/10","Q4","April",354.889415634,351.196177366,171.008005663,97.895631224,73.112374439,57.459664333,23.356895384,-7.704185278,0,172.120588923,59.30574773,28.207906524,9.675560729,67.687879037,5.176265088,2.054604513,,0,0.012625302,8.374664944,,0,-0.307082164,3.693238268,3.693238268,0,3.693238268,0,0,0,0,0,0
2010-05-01,2010,"Q2","2009/10","Q4","May",352.466346921,346.645602882,169.261015178,99.809212161,69.451803017,56.381127094,22.761615687,-9.690939764,0,168.371163739,57.132213,28.820878881,10.233400822,64.448508372,5.656975358,2.0751316,,0,0.004055706,9.046207003,,0,-0.032783038,5.820744039,3.860744039,0,3.860744039,0,0,1.96,0,0,0
2010-06-01,2010,"Q2","2009/10","Q4","June",474.901322315,436.863420936,257.940628638,199.868828903,58.071799735,51.316039794,25.616414158,-18.860654217,0,169.984695935,51.78921505,32.017355188,9.420164306,68.258448466,5.942166832,2.550858338,,0,0.006487755,8.931910025,,0,0.006186338,38.037901379,12.382758083,8.202130413,4.18062767,0,0.266184609,5.832437102,0.00020316,0.0203938,19.535924625
2010-07-01,2010,"Q3","2010/11","Q1","July",438.154627073444,429.211987780444,234.734334085,153.235017611,81.499316474,66.075722579,24.482193101,-9.058599206,0,185.186454709444,51.59972268,36.662794374,10.991631491423,76.364172851021,7.125765948,2.430200309,,0,0.012167056,9.30751026,,0,-0.016311274,8.942639293,7.591818518,2.497766131,5.094052387,0,1.350820775,0,0,0,0
2010-08-01,2010,"Q3","2010/11","Q1","August",642.856562918,363.589636147,172.370616806,94.5949207910001,77.775696015,62.994589477,23.837466439,-9.056359901,0,182.743456081,56.51276746,33.782914607,10.493238335,72.970809654,6.442407797,2.480122282,,0,0.061195946,8.476123802,,273.862,-0.000560542,5.404926771,5.278721645,0.616943135,4.66177851,0,0.126205126,0,0,0,0
2010-09-01,2010,"Q3","2010/11","Q1","September",393.825986463,386.917781494,186.693608628,116.148285996,70.545322632,54.306834784,25.294238832,-9.055750984,0,192.210132765,57.13526273,36.592199784,11.987306161,77.634945203,6.289194248,2.530652674,,0,0.040571965,8.023826037,,0,-0.009785936,6.908204969,6.094504497,0.870169236,5.224335261,0,0.813700472,0,0,0,0
2010-10-01,2010,"Q4","2010/11","Q2","October",373.438924743,357.474284868,167.594798138,90.795497725,76.799300413,60.202759163,25.652758897,-9.056217647,0,181.238166367,66.649365346,29.02690753,10.649459974,64.584693187,6.23997292,3.979834972,,0,0.107932438,8.6453053,,0,-0.003984937,15.964639875,6.238150061,0.868520184,5.369629877,0,0.062682413,3.92,0.462633999,0,5.281173402
2010-11-01,2010,"Q4","2010/11","Q2","November",385.552003502,380.423237083,168.103605773,96.754595444,71.349010329,56.861164365,23.545383797,-9.057537833,0,202.354823016,64.183468443,38.802794133,12.419164778,77.607705001,6.4858819,2.535622623,,0,0.320186138,9.975035088,,0,-0.010226794,5.128766419,4.751529285,0.795886683,3.955642602,0,0.329581275,0,0.047655859,0,0
2010-12-01,2010,"Q4","2010/11","Q2","December",551.295326445,545.154938024,314.548933768,255.118424582,59.430509186,63.490901111,26.12347826,-30.183870185,0,220.880392806,66.067013948,44.018089726,13.065156715,85.459962922,7.558173064,3.512451507,,0,1.199544924,9.728018499,,0,-0.002407049,6.140388421,5.329635404,1.050106618,4.279528786,0,0.285849017,0,0,0,0.524904
2011-01-01,2011,"Q1","2010/11","Q3","January",453.281570675,447.822765102,219.984324902,139.364964978,80.619359924,61.399754373,33.048514509,-13.828908958,0,218.779967292,65.869429162,35.819054781,10.500082103,92.475909003,6.765892871,5.829744889,,0,1.519854483,9.142297765,,0,-0.083824857,5.458805573,4.591443105,0.632714082,3.958729023,0,0.342458468,0,0,0,0.524904
2011-02-01,2011,"Q1","2010/11","Q3","February",376.352962917,371.752084446,159.636403804,91.459749846,68.176653958,56.293867731,25.453951838,-13.571165611,0,203.684400187,55.375485514,36.174617958,12.572258662,84.783470287,6.497578974,7.03377143,,0,1.247217362,8.434784254,,0,-0.003503799,4.600878471,3.838942651,0.261677014,3.577265637,0,0.228899463,0,0.008132357,0,0.524904
2011-03-01,2011,"Q1","2010/11","Q3","March",423.076889492,412.347025918,197.621559327,125.515769829,72.105789498,58.791868668,26.845125525,-13.531204695,0,205.054938136,67.770131677,34.878377468,10.318712656,80.067148108,7.838735097,2.900688382,,0,1.281144748,9.672045964,,0,-0.001517509,10.729863574,3.865905118,0.444714088,3.42119103,0,1.555502678,2.572,0,0,2.736455778
2011-04-01,2011,"Q2","2010/11","Q4","April",1342.088143049,418.600644095,204.036285026,125.631818766,78.40446626,60.966257718,26.49596477,-9.057756228,0,206.174344603,56.152853733,41.364580798,11.779305662,87.023567791,6.286193441,2.741904922,,0,0.825938256,8.394592359,,918.848,-0.004577893,4.639498954,4.303720856,0.713646112,3.590074744,0,0.335778098,0,0,0,0
2011-05-01,2011,"Q2","2010/11","Q4","May",431.389864454,425.209601374,196.738761791,113.427948076,83.310813715,64.156541972,28.211561743,-9.05729,0,218.138482299,63.206075717,39.544705472,12.642186142,87.623024773,8.27541709,5.999988111,,0,0.847084994,10.332357284,,0,0,6.18026308,4.763489413,0.41463619,4.348853223,0,0.616640335,0.738196,0,0.061937332,0
2011-06-01,2011,"Q2","2010/11","Q4","June",590.658302929,575.695356569,339.293593055,263.073589222,76.220003833,58.700936024,26.574789697,-9.055721888,0,225.278680289,58.361824806,40.753166994,13.641521353,99.925626737,8.96080625,3.169165687,,0,0.466568462,11.131057232,,0,-0.007974007,14.96294636,9.636046268,1.426870735,8.209175533,0,2.361061115,2.42352459,0.006857437,0.01055295,0.524904
2011-07-01,2011,"Q3","2011/12","Q1","July",407.608598264,402.145892862,165.068013955,93.134491344,71.933522611,61.334681777,27.892143074,-17.29330224,0,227.617299221,60.419392479,41.733330994,13.220608795,97.99393354,10.985225051,3.124100042,,0,0.14070832,9.465579686,,0,-0.005,5.462705402,4.347994418,0.970249211,3.377745207,0,0.589806984,0,0,0,0.524903999999999
2011-08-01,2011,"Q3","2011/12","Q1","August",491.462729179,485.320682134,229.414298761,143.118060071,86.29623869,62.96771902,28.403550764,-5.075031094,0,245.729713811,70.760029224,43.108804721,13.047756464,104.954068193,10.615519266,3.243535943,,0,0,10.176669562,,0,0,6.142047045,5.510726052,1.028356972,4.48236908,0,0.106416993,0,0,0,0.524903999999999
2011-09-01,2011,"Q3","2011/12","Q1","September",470.86845183,466.374990233,213.08074,126.334974501,86.745765499,67.578169027,30.351763133,-11.184166661,0,243.175716398,68.062034765,43.076297092,15.625450234,102.146382995,10.653023364,3.484937761,,0,0.127590187,10.118533835,,0,0,4.493461597,4.364833416,0.932437348,3.432396068,0,0.128628181,0,0,0,0
2011-10-01,2011,"Q4","2011/12","Q2","October",464.23504146,450.314210761,217.073673815,112.857816067,104.215857748,89.733638793,29.940429492,-15.458210537,0,224.43278478,59.801011316,40.695908995,12.730810096,93.735757074,10.572873087,6.872706431,,0,0.023717781,8.807818708,,0,-6.6542e-05,13.920830699,4.418657188,0.421634236,3.997022952,0,0.502939955,3.92,0,0,5.079233556
2011-11-01,2011,"Q4","2011/12","Q2","November",468.018462136,462.383425592,201.081181968,115.931161208,85.15002076,68.16417737,29.435345977,-12.449502587,0,253.124494258,91.19374239,38.77613017,13.319097661,95.176358802,11.465454219,3.057076187,,0,0.136634829,8.183781966,,0,-0.0060326,5.635036544,4.860611478,0.12948845,4.731123028,0,0.774425066,0,0,0,0
2011-12-01,2011,"Q4","2011/12","Q2","December",669.251343645,660.964252328,414.033778239,331.178028932,82.855749307,70.668635469,29.326239603,-17.139125765,0,238.261785311,99.876941242,32.480304958,15.864524011,76.809634264,10.160197463,3.070183373,,0,0,8.668812337,,0,-0.000123559,8.287091317,7.360459066,1.723146788,5.637312278,0,0.533351815,0.393280436,0,0,0
2012-01-01,2012,"Q1","2011/12","Q3","January",518.889887057,510.259603921,245.647961408,137.394226232,108.253735176,80.040113417,37.288422789,-9.07480103,0,256.915008072,108.17219521,35.449611819,13.986417407,86.096203414,9.588325574,3.479738208,,0,0.14251644,7.696634441,,0,0,8.630283136,7.189771257,1.148050574,6.041720683,0,0.240511879,1.2,0.023435694,0,0
2012-02-01,2012,"Q1","2011/12","Q3","February",806.908583885,474.435764205,224.824463088,129.013985844,95.810477244,82.812317659,33.976286706,-20.978127121,0,241.199017043,94.57353663,32.859722444,14.839279195,86.467961661,9.403649996,3.054867117,,0,0,8.412284074,,319.500195244,0,12.972624436,11.841692001,5.050697991,6.79099401,0,1.130932435,0,0,0,0
2012-03-01,2012,"Q1","2011/12","Q3","March",569.085069368,487.470552235,232.703844842,142.809605188,89.894239654,76.338705067,30.731447546,-17.175912959,0,246.152866085,79.066041205,39.290881212,18.920902458,96.960562543,8.758766913,3.14106823,,0,0.014643524,8.613841308,,72.839307162,0,8.775209971,8.095342158,1.622048173,6.473293985,0.004655399,0.675212414,0,0,0,0
2012-04-01,2012,"Q2","2011/12","Q4","April",494.326827689,483.83845026,241.692121046,137.678299985,104.013821061,96.011894145,22.933561564,-14.931634648,0,231.63156357,58.350104626,46.224437584,14.898938376,101.207645198,8.005707017,2.944730769,,0,0,10.514765644,,0,0,10.488377429,8.538473542,1.303004302,7.23546924,0.000399999,0.299503888,1.65,0.009506704,0,0
2012-05-01,2012,"Q2","2011/12","Q4","May",508.90854045,499.635643723,239.478798742,131.370847259,108.107951483,89.157021474,32.679085692,-13.728155683,0,250.334107994,58.961072567,53.963655611,16.734307734,107.394902761,9.951547206,3.328622115,,0,0,10.321380207,,,-0.49864322,9.272896727,6.767219979,0.796668693,5.970551286,0,1.980772748,0,0,0,0.524903999999999
2012-06-01,2012,"Q2","2011/12","Q4","June",764.550314445,752.791917273,495.824359539,391.078424403,104.745935136,89.464888825,29.279361585,-13.998315274,0,246.731671884,53.789459664,54.753217014,17.520612859,106.627896509,10.316680889,3.723680645,,0,0.000124304,10.23588585,,,0,11.758397172,8.529543357,1.24823872,7.281304637,0,0.299810731,2.929043084,0.013140283,0.02590201,0
2012-07-01,2012,"Q3","2012/13","Q1","July",536.29970263,523.858411641,260.032880863,161.486206934,98.546673929,84.209751939,29.39492199,-15.058,0,251.242293691,61.36212852,47.661775844,13.677325366,106.672252407,18.05779887,3.811012684,,,0,12.583237087,,,0,12.441290989,10.343280073,1.827828747,8.515451326,0,1.573106916,0,0,0,0.524904
2012-08-01,2012,"Q3","2012/13","Q1","August",540.54366439671,516.15184313571,255.752859446,143.242079851,112.510779595,97.769218035,29.586295848,-14.844734288,0,251.60732506071,69.74952474,44.7213059769137,17.6725104861797,107.273892322633,8.854426333,3.33566520198355,,,0,8.791658629,,,0,24.391821261,9.560116624,0.971997549,8.588119075,0,0.620720888,0,0,0,0
2012-09-01,2012,"Q3","2012/13","Q1","September",523.403793789,515.367143185,274.223957566,152.857970642,121.365986924,100.495268355,36.141984281,-15.271265712,0,232.301236915,62.9203506568884,40.1410973332778,17.1030190122871,90.0506856215468,17.928397083,4.157687208,,,0,8.841948704,,,0,8.036650604,7.692901669,0.878805428,6.814096241,0,0.155748935,0.188,0,0,0
2012-10-01,2012,"Q4","2012/13","Q2","October",549.983705402,500.588655517,266.26487195,145.188274069,121.076597881,99.876398669,36.258199212,-15.058,0,226.616580831,57.2771864193976,42.9000235965104,15.893831154104,87.207818263988,19.378809054,3.958912343,,,0,7.707202736,,,0,49.395049885,8.578106288,1.21037585,7.367730438,0,0.62344963,0.05,0.001678687,0,28.715792806
2012-11-01,2012,"Q4","2012/13","Q2","November",569.400758376,557.458802424,274.846872497,155.076927435,119.769945062,104.252940641,36.327157042,-20.810152621,0,273.90768673,60.15208471,62.662627729071,21.9875208385588,111.63110442537,13.186904062,4.287444965,,,0,8.704243197,,,0,11.941955952,7.303606466,0.08934706,7.214259406,0,0.118854218,3.6,0.000913268,0,0.918582
2012-12-01,2012,"Q4","2012/13","Q2","December",778.807886163,763.02842261,516.173698157,384.328514263,131.845183894,104.0557926,37.095238673,-9.305847379,0,239.071871117,65.89274845,45.4686289166792,20.5231355288338,85.251504718487,18.615799014,3.320054489,,,0,7.782853336,,,0,15.779463553,7.955661439,1.012203251,6.943458188,0,0.252551851,0,0,0,0
2013-01-01,2013,"Q1","2012/13","Q3","January",634.91481125,620.539651288,342.950480896,193.297916517,149.652564379,117.079697591,47.630866788,-15.058,0,269.308296076,72.44005615,50.9782373642894,21.047099092361,111.09479860335,8.66386918,5.084235686,,,0,8.280874316,,,0,14.375159962,13.022674052,7.46422511,5.558448942,0,0.30267791,0,0,0,1.049808
2013-02-01,2013,"Q1","2012/13","Q3","February",586.584005057,576.710936414,319.225996762,160.780836961,158.445159801,124.477072324,40.690949276,-6.722861799,0,249.082483465,64.67242579,47.9417853719431,15.3889398026467,106.59118881741,10.058422406,4.428692349,,,0.001028928,8.402456187,,,0,9.873068643,7.743998241,1.530639367,6.213358874,0,0.291702683,0,0,0,0.524904
2013-03-01,2013,"Q1","2012/13","Q3","March",577.329326824,570.302087776,304.909215154,177.609741044,127.29947411,104.314596745,38.042877365,-15.058,0,257.98797009,75.52330166,51.4138042537114,14.0956927201185,103.41790271017,9.261499009,4.275769737,,,0,7.404902532,,,0,7.027239048,6.750917302,1.08572716,5.665190142,0,0.276321746,0,0,0,0
2013-04-01,2013,"Q2","2012/13","Q4","April",590.536402630999,582.528476918999,315.796558211,175.392931274,140.403626937,112.559996466,42.526168981,-14.68253851,0,256.639617207999,61.51428665,53.4292841475577,17.6391767180198,110.504207367422,9.577095523,3.975566802,,,0,10.0923015,,,0,8.007925712,7.757923748,0.588306208,7.16961754,0,0.250001964,0,0,0,0
2013-05-01,2013,"Q2","2012/13","Q4","May",617.590684108,601.411362247,314.59945901,187.115082814,127.484376196,104.59368699,38.389120174,-15.498430968,0,276.618946995,71.10217431,56.9071138681898,18.3729320457866,115.826047409024,10.28285946,4.127819902,,,0,10.192956242,,,0,16.179321861,15.684227031,2.028580643,13.655646388,0,0.49509483,0,0,0,0
2013-06-01,2013,"Q2","2012/13","Q4","June",831.94310599395,821.53284984195,538.988428979,397.123252236,141.865176743,125.48616921,39.711176256,-23.332168723,0,286.129928083,72.2298273,54.5092310612247,26.2017869584324,119.009724452343,10.145976868,4.033381443,,,0,11.47302241,,,-15.0585296300498,10.410256152,7.639704762,1.102045036,6.537659726,0,2.77055139,0,0,0,0
2013-07-01,2013,"Q3","2013/14","Q1","July",612.260431339002,599.450400719002,300.450486645002,165.995227907,134.455258738002,113.203983082,37.135275656002,-15.884,0,285.838562181,79.579437777,63.6012629747377,17.2334545586505,110.595044435612,10.447688961,4.069057172,,,0.312616302,13.161351893,,0,0,12.81003062,11.091665865,1.437758495,9.65390737,0,0.668556755,0,0,0,1.049808
2013-08-01,2013,"Q3","2013/14","Q1","August",644.143369469,633.931989133,328.029474611,181.169516251,146.85995836,116.466551707,46.247258466,-15.853851813,0,293.261158853,77.50614934,61.2523561751043,15.3360521540846,124.771096005811,10.221496386,3.834772547,,0,0.339236245,12.641355669,,0,0,10.211380336,9.259869714,1.474236946,7.785632768,0,0.426606622,0,0,0,0.524904
2013-09-01,2013,"Q3","2013/14","Q1","September",605.412134569,593.307544461,301.378291092,160.798448365,140.579842727,107.104949274,49.229013028,-15.754119575,0,281.823316369,76.49362182,59.2250163250586,29.4429232090749,101.592153977867,11.127605839,3.571659747,,0,0.370335451,10.105937,,0,0,12.104590108,11.883505536,0.603130165,11.280375371,0,0.221084572,0,0,0,0
2013-10-01,2013,"Q4","2013/14","Q2","October",632.22224441,623.481968805,312.878800311,174.450629183,138.428171128,108.855783968,45.616471773,-16.044084613,0,298.265370158,76.74871836,71.8132089954806,15.4210510767451,118.694794560774,11.406485372,3.773571303,,0,0.40754049,12.337798336,,0,0,8.740275605,7.003530041,1.383691723,5.619838318,0,1.736745564,0,0,0,0
2013-11-01,2013,"Q4","2013/14","Q2","November",612.130317357,603.417285818,300.619417411,167.660040575,132.959376836,109.06950948,39.839062533,-15.949195177,0,289.183264111,76.34951862,68.016419698617,15.6634549500078,114.229396533375,10.734782719,3.737687865,,0,0.452003725,13.614604296,,0,0,8.713031539,8.259306847,0.155451362,8.103855485,0,0.453724692,0,0,0,0
2013-12-01,2013,"Q4","2013/14","Q2","December",820.250727324,810.031953091,516.463206198,388.454745768,128.00846043,98.757495769,45.134964661,-15.884,0,282.215893752,74.59759216,59.1637927296016,21.3145092034262,113.904836314972,8.957425412,4.06776195,,0,0.209975982,11.352853141,,0,0,10.218774233,8.948594195,1.263742251,7.684851944,0,0.745276038,0,0,0,0.524904
2014-01-01,2014,"Q1","2013/14","Q3","January",685.560831555,673.141148473,374.266581157,220.223345981,154.043235176,119.153329871,50.773905305,-15.884,0,288.195020757,81.338431,60.5372437487838,14.1007314576255,114.179586905591,11.870453749,6.076021771,,0,0.092552125,10.679546559,,0,0,12.419683082,12.367007269,2.403426387,9.963580882,0,0.052675813,0,0,0,0
2014-02-01,2014,"Q1","2013/14","Q3","February",655.81498265495,644.95998561995,337.99286333495,174.606157821,163.38670551395,132.26045458,47.01025093395,-15.884,0,296.120596953,97.36021464,53.979123485403,17.8568422549456,111.429607106651,10.672511457,4.627670879,,0,0.19462713,10.846525332,,0,0,10.854997035,9.887355388,1.561694873,8.325660515,0,0.442737647,0,0,0,0.524904
2014-03-01,2014,"Q1","2013/14","Q3","March",657.80091954845,645.39362438245,333.62791724945,196.169608817,137.45830843245,108.747766199,44.59454223345,-15.884,0,299.604148298,82.50016812,57.3432041850565,22.3644717946109,120.143812635333,12.346820848,4.687061347,,0,0.218609368,12.161558835,,0,0,12.407295166,11.87452283,3.065649421,8.808873409,0,0.532772336,0,0,0,0
2014-04-01,2014,"Q2","2013/14","Q4","April",660.47181250374,649.07433647074,343.12262359774,188.844243595,154.27838000274,122.85894013,47.30343987274,-15.884,0,294.654280497,87.23594552,57.3851628092296,18.8742643462241,116.918470703546,10.055309596,4.017072485,,0,0.168055037,11.297432376,,0,0,11.397476033,11.167804994,2.785388689,8.382416305,0.037796356,0.191874683,0,0,0,0
2014-05-01,2014,"Q2","2013/14","Q4","May",692.4098002306,680.0330508016,339.0697153186,198.851875411,140.2178399076,105.310892403,48.2909475046,-13.384,0,327.819953497,87.8994788,68.0799485793739,26.156039703125,129.454293420501,11.869769321,4.171230891,,0,0.189192782,13.143381986,,0,0,12.376749429,11.996783416,1.470669386,10.52611403,0,0.379966013,0,0,0,0
2014-06-01,2014,"Q2","2013/14","Q4","June",889.44769464397,874.80947514097,548.57533598697,407.229285221,141.34605076597,112.10454642,45.12750434397,-15.885999998,0,311.014485016,86.635241225,67.0851521104963,13.1370340528017,128.547573006702,11.583748008,3.854171477,,0,0.171565136,15.219654138,,0,0,14.638219503,12.257995959,2.330089409,9.92790655,0,2.380223544,0,0,0,0
2014-07-01,2014,"Q3","2014/15","Q1","July",687.31607859324,668.00960969224,328.76391142024,189.398517421,139.36539399924,111.448863821,45.77419988024,-17.857669702,,325.024100633,75.293029935,64.5293151979756,19.668598560248,143.947797591776,14.06804222,7.188321057,,0,0.328996071,11.251109839,2.9704878,0,0,19.306468901,17.196251493,3.199872592,13.996378901,0,2.110217408,0,0,0.06,0
2014-08-01,2014,"Q3","2014/15","Q1","August",696.15445029551,682.39584539351,342.97551738351,195.846314047,147.12920333651,114.690606558,50.53089407651,-18.092297298,,322.929828359,83.07578052,62.4924760882379,17.8281915690171,142.272061707745,12.445137282,4.330390354,,0,0.485790838,11.824822981,4.66567667,0,0,13.758604902,13.133700902,1.186690012,11.94701089,0,0,0.1,0,0,0
2014-09-01,2014,"Q3","2014/15","Q1","September",772.64371460568,750.70518481868,363.06081761568,223.042259681,140.01855793468,104.57785508,53.41573585468,-17.975033,,370.097849934,106.30124026,68.4240046286509,22.6837725169643,153.975324036385,13.656810609,4.135326708,,0,0.921371175,12.325194393,5.221322876,0,0,21.938529787,14.588479187,1.426909983,13.161569204,0,0,7.35,0,0.1,0
2014-10-01,2014,"Q4","2014/15","Q2","October",777.72582069949,754.96512855949,362.48754912449,213.257473203,149.23007592149,113.658123601,53.54695232049,-17.975,,368.827964232,103.61690013,70.0356198276968,29.4349521540382,144.720415557265,13.39489905,4.077192843,,0,3.54798467,18.843815615,4.805799588,0,0,22.76069214,18.357195318,1.295573483,17.061621835,0,1.640147663,2.763349159,0,0.25,0
2014-11-01,2014,"Q4","2014/15","Q2","November",736.88272280231,723.10392514731,365.05862234831,201.533854746,163.52476760231,123.292786439,52.60077482931,-12.368793666,,340.152326718,83.67028116,70.8760966413009,26.9884681571278,139.142375708571,12.64903645,3.874900232,,0,2.951168369,12.934543447,4.958432634,0,0,13.778797655,13.778797655,1.226795704,12.552001951,0,0,0,0,0,0
2014-12-01,2014,"Q4","2014/15","Q2","December",1040.30072318932,1018.79564770832,639.60745976232,470.452448979,169.15501078332,129.070207012,53.23173233132,-13.14692856,,362.262522156,94.39119328,78.387594443,21.908698419,148.47548661,13.876377256,4.321582104,,0,0.901590044,11.799515957,5.126149833,0,0,21.505075481,15.482734777,1.773004125,13.709730652,0,0.622340704,5.4,0,0,0
2015-01-01,2015,"Q1","2014/15","Q3","January",817.67347266326,803.56381624526,429.26023150126,236.720864256,192.53936724526,139.528661027,66.32744354926,-13.316737331,,359.060594719,114.6614772514,65.8944635530526,23.6947699417584,134.783171185789,12.21987851,6.628592604,,0,1.178241673,10.836385437,4.406604588,0,0,14.109656418,14.106512547,1.084225243,13.022287304,0,0.003143871,0,0,0.25,0
2015-02-01,2015,"Q1","2014/15","Q3","February",783.59579938998,768.46157896598,390.62167920198,203.035570406,187.58610879598,146.222740907,54.65012508198,-13.286757193,,360.54390975,99.70542192,69.5075238684335,21.3365617122404,152.471715060326,10.748081797,5.473483982,,0,1.30112141,12.536334231,4.759655783,0,0,15.134220424,15.134220424,1.516690131,13.617530293,0,0,0,0,0,0
2015-03-01,2015,"Q1","2014/15","Q3","March",814.333315042,794.517294971,420.713640823,246.724887448,173.988753375,133.016147034,46.165926799,-5.193320458,,356.779452228,94.55662553,69.329814297,23.40719163,151.261908248,12.36806283,5.284983482,,0,0.570866211,12.067964352,4.956237568,0,0,19.816020071,19.403423685,2.56296923,16.840454455,0,0.412596386,0,0,0,0
2015-04-01,2015,"Q2","2014/15","Q4","April",804.2655312218,786.9006955048,404.6819160258,236.676032881,168.0058831448,134.419538309,53.1473280468,-19.560983211,,365.994218928,110.42278279,66.6604035429653,23.3211805241096,149.888997766925,10.331771172,5.050212047,,0,0.318871085,11.465635317,4.758925234,0,0,17.364835717,15.336679028,2.002677515,13.334001513,0,0.698156689,0,0,0,0
2015-05-01,2015,"Q2","2014/15","Q4","May",797.554133238,781.701293038,381.623901378,220.661736448,160.96216493,129.156830423,48.588417626,-16.783083119,,382.467321139,111.2386167,67.2040350328063,33.8099795984501,152.582652423744,12.001522306,5.307788459,,0,0.322726619,12.729475171,4.88059535,0,0,15.8528402,15.8528402,1.732615493,14.120224707,0,0,0,0,0,0
2015-06-01,2015,"Q2","2014/15","Q4","June",1385.53657292708,1239.745936131,792.14403615,611.622833516,180.521202634,131.09254541,60.477821894,-11.04916467,,424.094024212,120.81550173,85.069475532,27.944981563,169.995972912,15.02759115,4.883540265,,0,0.35696106,17.749358174,5.758517595,119.62342224708,0,26.167214549,21.300932556,3.033568075,18.267364481,0,4.866281993,0,0,0,0
2015-07-01,2015,"Q3","2015/16","Q1","July",809.81420836984,785.82860650584,402.59782605184,237.75491992353,164.84290612831,132.325803582,46.96577666631,-14.44867412,,364.508869252,92.09186932,72.457285104224,16.183143367344,159.418588178432,15.258054083,0.148389905,8.573051587,0,0.378487707,13.728732409,4.993178793,0,0,23.985601864,23.072790177,3.517059963,19.555730214,0,0.912811687,0,0,0,0
2015-08-01,2015,"Q3","2015/16","Q1","August",829.96454182435,807.28766047835,378.39025074435,202.529129632,175.86112111235,135.65916116,52.40525365835,-12.203293706,,404.799790012,110.16631652,71.4236128823393,20.5221946036639,172.124559075997,13.553478786,5.608438046,10.51635893,0,0.884831168,19.252314723,4.845304999,0,0,22.676881346,22.553148922,2.563867221,19.989281701,0,0.123732424,0,0,0,0
2015-09-01,2015,"Q3","2015/16","Q1","September",863.76665514876,829.24859956376,415.49748883776,243.502229861,171.99525897676,129.051666372,53.61449875976,-10.670906155,,397.610010744,88.20557256,79.8354372763531,21.840671061145,173.880696391502,16.267926696,5.3622583,10.722355802,0,1.495092657,10.704084693,5.437015289,0,0,34.518055585,22.978635054,5.380458753,17.598176301,0,3.774604814,0,0,0,0
2015-10-01,2015,"Q4","2015/16","Q2","October",920.29854945881,896.81221392781,463.88911900181,263.203270673,200.68584832881,151.57147206,57.73055348881,-8.61617722,,415.130393413,123.43132896,78.7796065175986,19.6765511030985,162.395362766303,13.992211028,5.216241651,9.411465879,0,2.227625508,12.102814578,5.689886935,0,0,23.486335531,21.388681462,3.1290271,18.259654362,0,1.891394832,0,0,0,0
2015-11-01,2015,"Q4","2015/16","Q2","November",878.78426665316,850.33030318916,413.61492072116,221.464549601,192.15037112016,151.840782845,56.45356337416,-16.143975099,,420.828026409,111.21720772,85.3195529207142,13.9443640531878,175.658826854098,15.531019147,4.902761488,12.246453602,0,2.007840624,10.412651346,5.474704713,0,0,28.453963464,25.274692704,2.588322127,22.686370577,0,1.05255489,0,0,0,0
2015-12-01,2015,"Q4","2015/16","Q2","December",1283.09768515693,1255.55414599193,781.59201605493,598.936289222,182.65572683293,138.39695715,55.34798438893,-11.089214706,,456.023046728,136.96622356,89.2238909777057,22.9744792347951,169.376316996499,15.284813142,4.94774815,14.233026518,0,3.016548149,12.169197345,5.769885864,0,0,27.543539165,27.543539165,6.732038629,20.811500536,0,0,0,0,0,0
2016-01-01,2016,"Q1","2015/16","Q3","January",886.53844019642,863.87360632342,451.35472419042,253.147687332,198.20703685842,153.063420786,67.96401393242,-22.82039786,,398.205332992,114.37305756,81.2941593454912,22.4817769947649,146.140466843744,13.401708556,6.683676544,11.09855521,0,2.731931938,9.585880798,4.727668343,0,0,22.664833873,21.493997432,4.962802866,16.531194566,0,0.788177794,0,0,0,0
2016-02-01,2016,"Q1","2015/16","Q3","February",821.8806260567,795.293435138,432.395374112,235.555539524,196.839834588,148.207917526,54.472233004,-5.840315942,,350.928373359,105.12201348,64.1009344184215,16.9821540476879,139.839294594891,10.123563681,5.121602102,8.593009523,0,1.045801512,7.950904098,4.018783569,0,0,26.5871909187,16.6792528807,3.029651881,13.6496009997,0,1.584540263,7.8,0,0,0
2016-03-01,2016,"Q1","2015/16","Q3","March",958.19023895062,932.40815757262,493.65412531012,302.386927421,191.26719788912,144.439445687,55.96754130612,-9.139789104,,421.0492672435,120.12365532,72.2863758838306,26.1425933404122,171.555285300257,12.548470897,5.43623157,12.425069667,0,0.531585265,12.018516512,5.686248507,0,0,25.782081378,22.653366684,2.670707721,19.982658963,0,3.033628556,0,0,0.0451865,0
2016-04-01,2016,"Q2","2015/16","Q4","April",915.712677347,893.001215371,480.333708877,258.248634698,222.085074179,173.288992083,63.948849755,-15.152767659,,396.662954696,105.8001976,74.7137361807316,27.8165410654033,160.077227171865,11.744482018,4.78784678,11.239332397,0,0.483591483,10.929637462,5.074914336,0,0,22.711461976,22.711461976,2.167728722,20.543733254,0,0,0,0,0,0
2016-05-01,2016,"Q2","2015/16","Q4","May",893.587587428,866.016286346,448.946573509,314.579173452,134.367400057,146.244101538,53.747872943,-65.624574424,,398.290328844,113.76463812,79.3381693513834,21.9255078619068,151.84362429171,13.207012718,4.989789099,12.656723246,0,0.564864156,13.500546471,5.278837522,0,0,27.571301082,26.054263203,3.794627768,22.259635435,0,0.867037879,0.65,0,0,0
2016-06-01,2016,"Q2","2015/16","Q4","June",1315.59657147,1283.457807615,785.009222726,575.648344315,209.360878411,168.04684129,52.521840273,-11.207803152,,473.13948368,161.68946268,91.2932012411688,15.2506402097547,170.510888400076,14.232092393,5.08881012,14.564958046,0,0.50943059,19.369610277,5.939490932,121.4447646309,0,32.138763855,26.915368179,4.085187553,22.830180626,0,5.223395676,0,0,0,0
2016-07-01,2016,"Q3","2016/17","Q1","July",876.120922511,842.987484578,457.797630648,254.98422318,202.813407468,151.835349869,59.953963642,-8.975906043,,368.89078378,98.1004987,72.0676721198428,13.2878081256681,149.466244447489,16.743540878,4.771532553,13.579626354,0,0.873860602,11.076533474,5.222536676,0,0,33.133437933,31.063695607,9.795453267,21.26824234,0,1.661779566,0,0,0,0
2016-08-01,2016,"Q3","2016/17","Q1","August",952.893772653,928.605096491,483.314212681,264.124303208,219.189909473,169.010438345,67.080720799,-16.901249671,,425.551760091,131.07463892,83.7216219172631,15.3016981857471,163.55259985899,12.825348818,4.693689929,13.661315341,0,0.720847121,14.045136386,5.693987333,0,0,24.288676162,23.859664459,2.923702453,20.935962006,0,0.29025149,0,0,0,0
2016-09-01,2016,"Q3","2016/17","Q1","September",1007.356588468,980.881630277,503.858462157,282.831961484,221.026500673,173.032278246,64.706144117,-16.71192169,,457.749536628,158.04235468,85.4561098675601,19.0667199737461,161.732108500694,12.271439272,4.702932463,13.556917899,0,2.920953972,13.485882909,5.787748583,0,0,26.474958191,22.198102144,1.317571854,20.88053029,0,3.380090869,0,0,0,0
2016-10-01,2016,"Q4","2016/17","Q2","October",915.621216511,888.838374242,452.756822979,248.109873641,204.646949338,155.82147299,63.334270057,-14.508793709,,416.983939199,129.31759018,84.7638647374885,19.706418713631,153.072271843881,11.126194939,4.539123903,12.145426637,0,2.313048245,13.588632552,5.508979512,0,0,26.782842269,20.66657884,1.389366901,19.277211939,0,1.37368479,0,0,0,0
2016-11-01,2016,"Q4","2016/17","Q2","November",990.148021609,963.332359868,490.111300423,276.2913927303,213.8199076927,165.960629246,62.8503528937,-14.991074447,,449.083337904,121.4182412,96.491203597625,23.1740858809022,171.526326788473,14.017133351,4.517486523,13.935803744,0,4.003056819,18.064148406,6.073573135,0,0,26.815661741,24.469244221,1.309670337,23.159573884,0,0.144056048,0,0,0,0
2016-12-01,2016,"Q4","2016/17","Q2","December",1385.91675679199,1363.22787558499,876.75696225599,667.91619384199,208.840768414,160.499977395,62.138624578,-13.797833559,,439.363306161,120.32769706,95.4377191713747,22.6705030845754,175.99862101205,9.548729368,4.453025507,9.705679105,0,1.221331853,42.821495308,4.28611186,0,0,22.688881207,20.903984575,1.567949986,19.336034589,0,1.505983411,0.2,0,0,0
2017-01-01,2017,"Q1","2016/17","Q3","January",1086.031496469,1062.83466856,578.058444985,314.214026655,263.84441833,198.953235773,83.347410102,-18.456227545,,466.349184457,148.82093866,90.6576149417241,16.2029954384338,177.601969478842,14.086526679,6.555972611,12.064536024,0,0.358630624,12.731095728,5.69594339,0,0,23.196827909,22.729298339,2.631517488,20.097780851,0,0.299897024,0,0,0,0
2017-02-01,2017,"Q1","2016/17","Q3","February",994.96460865,972.968711883,524.176253757,269.602618006,254.573635751,185.849659457,76.151702101,-7.427725807,,429.549640721,127.61607058,81.8931304594523,17.7892547112223,170.512391426325,11.972140541,5.398851249,14.106481396,0,0.261320358,13.548371574,5.694445831,0,0,21.995896767,21.827989076,1.983764515,19.844224561,0,0.045315401,0.1,0,0,0
2017-03-01,2017,"Q1","2016/17","Q3","March",1208.80509805585,1042.930921811,558.886725238,347.440371623,211.446353615,156.858384812,70.015314267,-15.427345464,,462.046763674,148.18427094,84.1764792277955,18.3819353837449,178.78588883446,11.905371419,5.643604737,14.627300785,0,0.341912347,16.409576916,5.587855983,129.775125995853,0,36.099050249,31.799902955,4.300325267,27.499577688,0,1.841411161,2.404115902,0,0,0
2017-04-01,2017,"Q2","2016/17","Q4","April",991.939802677701,941.237021687001,487.864761031001,264.170735289,223.694025742001,166.249628064001,74.812559165,-17.368161487,,435.173284239,143.6782937,75.6439793701305,17.304485195951,168.424709081918,10.655475508,5.722593371,13.422978289,0,0.320769723,13.029215035,5.169761382,0,0,50.7027809907,49.8556988127,31.953612973,17.9020858397,0,0.847082178,0,0,0,0
2017-05-01,2017,"Q2","2016/17","Q4","May",1075.29480719351,1041.050693872,540.823215644,328.097490063,212.725725581,160.352537098,68.52379485,-16.150606367,,476.225911614,129.29313534,94.0416532760291,31.3085140920878,180.710979343883,16.058190077,5.935062922,18.553056017,0,0.325320546,16.62257643,7.378990184,0,0,34.24411332151,27.16713304951,4.399690545,22.76744250451,0,0.484100974,6.5,0,0,0
2017-06-01,2017,"Q2","2016/17","Q4","June",1470.35174904,1434.385486482,892.395374606,662.269551014,230.125823592,177.861092827,66.870061954,-14.605331189,,518.48237854,153.72853514,99.3005281564188,25.1964288896041,205.723102611977,13.743261795,5.229973639,15.253301159,0,0.307247149,16.500390198,7.007343138,0,0,35.966262558,28.230713675,5.013031407,23.217682268,0,5.091368719,2.644180164,0,0,0
2017-07-01,2017,"Q3","2017/18","Q1","July",945.891671786,919.775106325,459.278630875,240.83560778,218.443023095,181.384377602,77.569849031,-40.511203538,,442.387716872,153.00927866,76.9860335187991,16.183282135774,166.514587767427,11.982507823,5.934054626,11.505127993,,0.272844348,13.235346034,4.873412544,0,,26.116565461,25.791740105,4.72093805,21.070802055,,0.324825356,,,,
2017-08-01,2017,"Q3","2017/18","Q1","August",1071.1011305991,1034.274463755,553.122034107,303.300647957,249.82138615,190.451712619,72.435141838,-13.065468307,,453.429771654,143.6835475,89.9356998250465,12.046748925908,159.760419368046,16.089853823,5.056692705,25.525233252,,1.331576255,19.942431519,7.780226475,0,,36.8266668441,36.5038900471,9.225033698,27.2788563491,,0.322776797,,,,
2017-09-01,2017,"Q3","2017/18","Q1","September",1145.975508339,1114.167018079,587.194195838,330.705224307,256.488971531,189.265938738,74.869473774,-7.646440981,,504.525170913,153.29240326,102.518274130688,17.5535672366262,192.925279002686,13.3098222,6.055662709,16.361018357,,2.509144017,14.796911687,7.650739641,0,,31.80849026,30.573344439,0.11646878,30.456875659,,1.235145821,,,,
2017-10-01,2017,"Q4","2017/18","Q2","October",1080.940712869,1046.077691646,508.862263577,281.619789571,227.242474006,169.84958351,72.777918989,-15.385028493,,512.963519765,141.10289354,113.771385679119,18.5079257099791,202.204266164902,13.413655479,5.53088945,16.261951424,,2.170552318,16.153747895,8.098160409,0,,34.863021223,34.456681251,0.564551313,33.892129938,,0.406339972,,,,
2017-11-01,2017,"Q4","2017/18","Q2","November",1148.7066564389,1101.066853458,551.742985983,315.383821189,236.359164794,175.543170362,75.56114543,-14.745150998,,525.695191148,161.19655892,101.04021331649,18.1705622193361,206.955724782173,13.393641458,5.892066574,16.992087999,,2.054335879,15.571332331,8.057343996,0,,47.6398029809,47.5400306479,12.400572471,35.1394581769,,0.099772333,,,,
2017-12-01,2017,"Q4","2017/18","Q2","December",1516.926282819,1487.838248541,965.677145933,717.690701266,247.986444667,182.494335312,77.800967233,-12.308857878,,496.343749888,132.63121912,104.354728839026,14.886220835079,203.974690890895,14.433383761,6.279113781,18.172022759,,1.612369902,17.99295732,7.8243954,0,,29.088034278,29.088034278,1.708771658,27.37926262,,0,,,,
2018-01-01,2018,"Q1","2017/18","Q3","January",1179.3504471265,1141.0087718505,611.7642980735,352.4533316625,259.310966411,186.980862833,93.192409958,-20.86230638,,505.878124586,129.06826084,104.324632053329,17.2524642396709,214.860409671,18.076944095,7.822696575,14.14650296,,0.326214152,16.631524739,6.734824452,0,,38.341675276,38.262987425,2.796045185,35.46694224,,0.078687851,,,,
2018-02-01,2018,"Q1","2017/18","Q3","February",1161.379114834,1125.197515004,582.630769958,305.593950892,277.036819066,203.440633027,84.934102604,-11.337916565,,520.027875434,144.99722432,109.822359645487,22.393541532694,205.410211488819,15.661653826,6.04050472,15.40828548,,0.294094421,15.476250209,7.062619403,0,,36.18159983,35.488186083,0.175912396,35.312273687,,0.693413747,,,,
2018-03-01,2018,"Q1","2017/18","Q3","March",1199.431514214,1163.419844078,590.650137919,359.272006617,231.378131302,171.135723925,76.520319603,-16.277912226,,548.201818946,156.21104552,108.261494728743,12.6983145585089,228.996748500748,17.171470938,5.874326709,18.428131695,,0.560286296,16.976213153,7.59167406,0,,36.011670136,35.982319002,2.85190546,33.130413542,,0.029351134,,,,
2018-04-01,2018,"Q2","2017/18","Q4","April",1078.801385721,1046.941520745,552.810986631,291.634657393,261.176329238,191.629674405,87.42335176,-17.876696927,,472.314164943,154.1430296,82.4412456665502,12.4342964123456,188.410938809104,12.955730795,5.466216568,16.060397594,,0.402309498,15.638021472,6.178347699,0,,31.859864976,31.832346078,1.166071991,30.666274087,,0.027518898,,,,
2018-05-01,2018,"Q2","2017/18","Q4","May",1205.612489572,1167.578720901,592.396071784,357.150601135,235.245470649,182.766108485,70.812308382,-18.332946218,,545.206437192,162.02438804,105.506846646692,18.1064214838228,218.110286016485,15.130671358,6.308101496,19.552998859,,0.466723292,22.424103357,7.552108568,0,,38.033768671,36.74940681,1.683447653,35.065959157,,1.284361861,,,,
2018-06-01,2018,"Q2","2017/18","Q4","June",1772.812448129,1728.73253659,1099.637398429,815.039117242,284.598281187,209.872971315,90.017035546,-15.291725674,,596.195064323,180.45720346,124.789624131852,16.6245593843001,228.444790073848,18.023882433,6.045163677,21.368287596,,0.441553567,24.634688763,8.265385075,0,,44.079911539,35.595030056,0.417736367,35.177293689,,8.484881483,,,,
2018-07-01,2018,"Q3","2018/19","Q1","July",1159.535017424,1109.502541595,566.237166092,312.322183528,253.914982564,202.8018845694,73.1213741286,-22.008276134,,520.452792143,128.37001368,114.812531149856,14.4738730886331,219.743234118511,17.588384596,6.606909923,18.330774272,,0.527071315,15.384274833,7.428308527,0,,50.032475829,50.032475829,0,50.032475829,,0,,,,
2018-08-01,2018,"Q3","2018/19","Q1","August",1294.249489543,1260.876654086,631.308131467,347.467606195,283.840525272,205.617024153,107.113125908,-28.889624789,,601.811675644,166.317727472,120.058035769902,15.7722755590276,253.35861638707,16.971639783,6.321770489,20.066875792,,2.944734392,19.404602827,8.352244148,0,,33.372835457,33.372835457,0,33.372835457,,0,,,,
2018-09-01,2018,"Q3","2018/19","Q1","September",1254.06217021072,1222.64288726672,676.92935820672,363.69119008872,313.238168118,220.117750361,114.997773698,-21.877355941,,519.640551766,185.5308364896,89.4392779999276,11.9633364943989,182.057197480074,16.653905673,5.88011977,22.338071657,,5.777806202,18.831873379,7.241103915,0,,31.419282944,31.419282944,0,31.419282944,,0,,,,
2018-10-01,2018,"Q4","2018/19","Q2","October",1349.838501071,1311.826812018,682.373460187,344.083842549,338.289617638,252.750929873,111.437662813,-25.898975048,,600.720963959,156.64062212,120.348769835601,27.2217643848669,247.425534918532,18.135465896,6.294857286,21.416869906,,3.237079612,20.095663728,8.636724144,0,,38.011689053,38.011689053,0,38.011689053,,0,,,,
2018-11-01,2018,"Q4","2018/19","Q2","November",1303.271915892,1264.601746535,673.755343056,392.414316724,281.341026332,183.700137843,120.904512108,-23.263623619,,563.519508986,163.64595784,114.276198351632,18.7259276454986,221.302850757869,17.228275285,6.078304957,20.088884723,,2.173109426,19.228997907,8.097896586,0,,38.670169357,38.670169357,0,38.670169357,,0,,,,
2018-12-01,2018,"Q4","2018/19","Q2","December",1774.006644496,1743.05988817,1129.337656076,821.962829033,307.374827043,212.294242393,120.828510644,-25.747925994,,587.409840129,189.27313896,114.143794370895,21.2706568186637,216.674234929441,17.378687231,6.314902954,21.239762352,,1.114662513,18.640461221,7.671930744,0,,30.946756326,30.946756326,0,30.946756326,,0,,,,
2019-01-01,2019,"Q1","2018/19","Q3","January",1408.597293016,1367.283787507,756.366881153,412.220447962,344.146433191,233.859526387716,132.282946494284,-21.996039691,,586.403541683,171.47201748,113.387397400229,20.3359539830012,238.29364765077,17.456991329,7.250950811,16.941230926,,1.265352103,17.533378264,6.979986407,0,,41.313505509,41.313505509,0,41.313505509,,0,,,,
2019-02-01,2019,"Q1","2018/19","Q3","February",1295.6804327053,1257.4903149283,676.461293139301,367.139074645,309.322218494301,224.648080759,106.685761979301,-22.011624244,,550.434143902,185.96936362,102.497922825844,17.5744025053888,205.868556161767,14.422864413,6.307145651,16.756230529,,1.037658196,23.551227023,7.043650864,0,,38.190117777,38.190117777,0,38.190117777,,0,,,,
2019-03-01,2019,"Q1","2018/19","Q3","March",1330.613305595,1293.227249075,723.739558349,435.776703935,287.962854414,198.229555294,111.74749989,-22.01420077,,543.551940335,165.63112668,106.958688046868,18.0964015344789,214.330672986653,13.784795809,6.347168458,17.790846589,,0.612240231,18.61500076,7.320749631,0,,37.38605652,37.38605652,0,37.38605652,,0,,,,
2019-04-01,2019,"Q2","2018/19","Q4","April",1293.705473781,1253.238285113,657.884249335,394.361174453,263.523074882,200.002016511,115.811391667,-52.290333296,,568.886215737,191.134134468,106.442809030029,14.1262588208668,217.605606427104,13.328936158,5.958650478,19.723925568,,0.565894787,19.213135053,7.254684988,0,,40.467188668,40.467188668,0,40.467188668,,0,,,,
2019-05-01,2019,"Q2","2018/19","Q4","May",1298.868742587,1256.37361608,637.949311972,383.261944238,254.687367734,192.001772468,99.8307149199999,-37.145119654,,586.072183018,171.39032636,124.107331902428,19.7812120256115,229.51240292996,15.786858212,6.135185337,18.733499352,,0.625366899,23.98474682,8.36737427,0,,42.495126507,42.495126507,0,42.495126507,,0,,,,
2019-06-01,2019,"Q2","2018/19","Q4","June",1855.217462388,1822.882301079,1230.361785591,936.975380568,293.386405023,228.428171951,102.272349106,-37.314116034,,562.51190897,163.28255452,123.985445613859,17.2189123648669,218.639615563274,15.432676977,5.872045019,17.357349195,,0.723309717,21.834450597,8.174155921,0,,32.335161309,32.335161309,0,32.335161309,,0,,,,
2019-07-01,2019,"Q3","2019/20","Q1","July",1285.520855054,1185.004248206,612.240494383,358.330117554,253.910376829,196.135240161,97.548975932,-39.773839264,,554.920253538,170.05484272,111.421406133479,12.6088866691807,214.95039483934,18.950979474,5.960598862,20.251985359,,0.721159481,10.230020586,7.613479699,0,,100.516606848,69.437952451,15.709372601,53.72857985,,0,,,31.078654397,
2019-08-01,2019,"Q3","2019/20","Q1","August",1369.925031546,1272.421199758,694.723892109,394.876573217,299.847318892,220.852816741,106.314502151,-27.32,,562.052904977,162.666011808,113.117251386371,16.1164399613608,226.917956332268,15.306666226,7.755584486,18.484484937,,1.68850984,9.634443818,6.009958854,0,,97.503831788,50.517399121,9.4634273,41.053971821,,0,,,46.986432667,
2019-09-01,2019,"Q3","2019/20","Q1","September",1381.468494678,1299.610537047,731.446674018,409.904495015,321.542179003,234.036227078,110.487182951,-22.981231026,,552.116178182,173.117580624,107.960927630995,15.1485278149391,213.595465337065,14.547582786,6.123109241,17.918510281,,3.704474467,8.642286614,7.405398233,0,,81.857957631,39.253279929,6.250459298,33.002820631,,0,,,42.604677702,
2019-10-01,2019,"Q4","2019/20","Q2","October",1447.407472373,1325.077760063,687.068668584,379.498040528,307.570628056,223.49548876,108.931785844,-24.856646548,,619.879619223,192.22891972,123.578140762057,19.4157402020882,237.784917866855,16.165960621,5.829753313,21.164624383,,3.711562355,9.30684968,8.822622576,0,,122.32971231,50.655243277,10.876606463,39.778636814,,0,,,71.674469033,
2019-11-01,2019,"Q4","2019/20","Q2","November",1428.110828231,1293.343392927,679.048982751,369.817948361,309.23103439,227.780560652,112.491952676,-31.041478938,,598.328331786,183.1651608,119.770018390012,22.6533916810783,226.620148170909,16.584102354,5.584131009,22.133008939,,1.818370442,7.674936953,8.291141437,0,,134.767435304,63.906979848,20.422046757,43.484933091,,0,,,70.860455456,
2019-12-01,2019,"Q4","2019/20","Q2","December",2199.531742523,2125.89912021,1505.009702645,1210.261673959,294.748028686,215.837294401,102.9017113,-23.990977015,,603.967236449,200.18389528,121.211337966026,14.640845644322,221.282602133652,16.188429401,6.37033977,22.803452218,,1.286334036,9.014941368,7.907239748,0,,73.632622313,51.005052829,8.319041854,42.686010975,,0,,,22.627569484,
2020-01-01,2020,"Q1","2019/20","Q3","January",1532.846922473,1449.580298391,819.342235326,469.526486498,349.815748828,262.121575608,127.353076464,-39.658903244,,615.633820953,191.941921684,118.822037759833,16.9639410368365,243.439682383331,16.797942937,7.04947528,20.116740661,,0.502079211,6.928940845,7.675301267,0,,83.266624082,49.349666684,9.495051193,39.854615491,,0,,,33.916957398,
2020-02-01,2020,"Q1","2019/20","Q3","February",1413.463326414,1329.810961652,736.982606571,382.442910751,354.53969582,257.064236808,113.909407467,-16.433948455,,577.276175654,168.5041067072,114.323793571987,17.1818107071344,236.183913083678,15.125730521,6.693573051,18.928834181,,0.334413831,8.33735777,7.214821657,0,,83.652364762,47.291956969,5.110314573,42.181642396,,0,,,36.360407793,
2020-03-01,2020,"Q1","2019/20","Q3","March",1393.253524895,1295.552059694,743.974449841,418.804586899,325.169862942,238.225944039,112.569404857,-25.625485954,,535.172628898,175.812224928,92.9667233458275,16.1484345708564,214.846915780316,10.918190423,6.625068329,17.561544124,,0.293527397,9.754291483,6.650689472,0,,97.701465201,48.581652069,9.759179173,38.822472896,,0,,,49.119813132,
2020-04-01,2020,"Q2","2019/20","Q4","April",1152.573665679,931.419157625,625.436695569,357.192201846,268.244493723,185.709959505,116.608743549,-34.074209331,,302.492616272,101.13868216,50.4324821070897,8.81006910014221,126.725385649768,7.26165265,5.110048616,2.791679272,,0.222616717,-0.312063776,3.80190956,0,,221.154508054,215.34643586,214.935105723,0.411330137,,0,,,5.808072194,
2020-05-01,2020,"Q2","2019/20","Q4","May",887.616309936,872.07322962,509.326059574,333.240812346,176.085247228,166.47045306,72.195114034,-62.580319866,,355.953540136,98.50530096,61.296577625822,12.652040114338,162.39664444284,9.004252913,4.701939705,7.116926814,,0.279857561,2.376967889,4.416662021,0,,15.543080316,11.155119309,5.68097215,5.474147159,,0,,,4.387961007,
2020-06-01,2020,"Q2","2019/20","Q4","June",1794.14345868375,1532.41528441375,1033.92193971775,794.730660698,239.191279019753,180.853373215753,84.77300949,-26.435103686,,487.268348158,195.2202300136,73.8723048429193,11.4674029138791,173.641826920602,9.561229853,5.752363398,17.378305178,,0.374685038,5.499470629,5.725525909,0,,261.72817427,245.193732772,218.204300581,26.989432191,,0,,,16.534441498,
2020-07-01,2020,"Q3","2020/21","Q1","July",1224.62831547031,1153.910687306,646.252778659,352.414996209,293.83778245,222.48425094,102.29813805,-30.94460654,,493.125828845,142.6086255592,95.1714912071767,10.7891191165769,196.976094414046,18.783548025,6.73389367,21.79887617,,0.264180683,7.58072582,6.951353982,-0.280631326684812,,70.998259491,70.998259491,0,70.998259491,,0,,,0,
2020-08-01,2020,"Q3","2020/21","Q1","August",1400.8583374321,1320.710810311,699.599701294,371.429987526,328.169713768,246.848063155,117.013097154,-35.691446541,,604.614722289,186.8097662256,116.128412007998,14.5140142744779,238.531522850924,19.202812951,7.280489994,21.856478803,,0.291225182,7.96929386,8.527092868,2.94296026710001,,77.204566854,77.204566854,0,77.204566854,,0,,,0,
2020-09-01,2020,"Q3","2020/21","Q1","September",1493.81465142776,1421.949356051,812.057202967,477.186168369,334.871034598,247.247345559,121.197412176,-33.573723137,,591.848471249,177.7160466312,120.564485140872,17.5030431773435,229.428167586585,16.814078173,6.585432627,22.9541544,,0.283063513,9.064881396,8.978800439,0.617752331757004,,71.247543045,71.247543045,0,71.247543045,,0,,,0,
2020-10-01,2020,"Q4","2020/21","Q2","October",1460.5250412096,1345.568261498,693.423275374,379.336859679,314.086415695,225.369192767,122.187791409,-33.470568481,,635.281087109,191.0756530672,127.116831169016,21.2757335669625,247.706458544821,17.605390907,6.930775912,23.242906478,,0.327337464,8.589580078,8.274318937,42.5583776326,,72.398402079,72.398402079,0,72.398402079,,0,,,0,
2020-11-01,2020,"Q4","2020/21","Q2","November",1550.10575149187,1362.7408373566,736.928522734,414.737232473,322.191290261,227.332199571,118.362518322,-23.503427632,,609.1935632376,182.752100438,119.735124075821,19.329687373692,244.185622516087,15.3275882,7.046239652,20.521413388,,0.295787594,8.217004365,8.40174702,86.920319583273,,100.444594552,100.444594552,0,100.444594552,,0,,,0,
2020-12-01,2020,"Q4","2020/21","Q2","December",2774.64676084342,2450.068836887,1699.218860444,1319.546788238,379.672072206,274.200826645,134.722900064,-29.251654503,,702.327155349,232.6806611475,142.927279917358,15.3703766701933,256.854882350949,17.256234863,7.096475308,29.691902772,,0.44934232,39.653549,8.869272094,-1.62270104857802,,326.200625005,326.200625005,0,326.200625005,,0,,,0,
2021-01-01,2021,"Q1","2020/21","Q3","January",1449.38578527062,1390.805210232,818.130651931,466.236158033,351.894493898,232.204226821,139.966727504,-20.276460427,,560.969279022,210.45081316,100.659815260027,13.3002361849998,203.219818925973,10.968732624,6.559802312,15.539726992,,0.270333563,6.590431164,5.114848115,2.70390062362301,,55.876674415,55.876674415,0,55.876674415,,0,,,0,
2021-02-01,2021,"Q1","2020/21","Q3","February",1429.36679499562,1338.848595567,720.771670624,377.58275303,343.188917594,251.014592233,116.193742614,-24.019417253,,604.43031369,207.188539839,112.099937451851,12.4634966662902,230.409167732858,13.784252712,6.306023412,22.018541892,,0.160353984,6.238917141,7.407694112,2.72391427162202,,87.794285157,87.794285157,0,87.794285157,,0,,,0,
2021-03-01,2021,"Q1","2020/21","Q3","March",1665.37485758254,1520.377336599,807.048953581,475.231373387,331.817580194,242.615333258,119.704297129,-30.502050193,,695.778382823,222.863647486,128.387102941103,18.2986760127353,276.074361595162,14.673079011,7.487771822,27.8270775,,0.166666455,8.52936505,9.020635145,0.558131385543987,,144.439389598,144.439389598,0,144.439389598,,0,,,0,
2021-04-01,2021,"Q2","2020/21","Q4","April",1620.12438977966,1521.147173671,847.23379828,442.970887161,404.262911119,295.015794864,136.181716837,-26.934600582,,657.663312756,238.073101832,115.165151394399,15.6375725246742,247.371804210927,13.567892375,6.70599609,21.021051049,,0.12074328,8.630624288,7.619438347,-0.717017947337013,,99.694234056,99.694234056,0,99.694234056,,0,,,0,
2021-05-01,2021,"Q2","2020/21","Q4","May",1566.05731561623,1409.555292999,774.443245833,420.169355114,354.273890719,261.32695264,127.128737678,-34.181799599,,618.82840143,224.54693715,111.181637300886,14.3865815663,227.408265254814,13.666352755,7.11965748,20.39477603,,0.124193893,8.643987931,7.639657805,3.89523866922701,,152.606783948,152.606783948,0,152.606783948,,0,,,0,
2021-06-01,2021,"Q2","2020/21","Q4","June",2203.887441633,2101.095273449,1450.319447403,1122.554261626,327.765185777,267.26446142,125.022006538,-64.521282181,,636.957006454,236.6160679636,113.982421536698,12.4755314175955,234.304433678107,14.38722626,6.47759911,18.467401685,,0.246324803,5.777863104,8.040956488,0.698106410828984,,102.094061773167,102.094061773167,0,102.094061773167,,0,,,0,
2021-07-01,2021,"Q3","2021/22","Q1","July",1386.606853633,1344.385830434,778.12816271,449.545557612,328.582605098,237.37277207,111.915531782,-20.705698754,,553.164529891,150.4919034893,106.816640229744,15.8856550837971,241.566670572159,13.960018606,6.366474164,17.533004846,,0.5441629,5.647286968,7.445850865,0,,42.221023199,42.221023199,0,42.221023199,,0,,,0,
2021-08-01,2021,"Q3","2021/22","Q1","August",1540.861372761,1460.757592274,807.938013548,440.732106563,367.205906985,254.989348677,132.066699268,-19.85014096,,636.430139722,217.5986086455,110.26141100078,21.0456171439699,240.79137317375,15.254264919,6.348853097,23.902415716,,1.227596026,8.253872457,8.135566547,0,,80.103780487,80.103780487,0,80.103780487,,0,,,0,
2021-09-01,2021,"Q3","2021/22","Q1","September",1567.550775836,1450.385690744,777.951583339,456.693835383,321.257747956,220.351021816,122.288484832,-21.381758692,,651.765716697,219.30242463,120.170954699586,18.811641646971,251.944685754443,13.330230173,6.083426081,21.097576209,,1.024777503,11.4275055,9.240885208,0,,117.165085092,117.165085092,0,117.165085092,,0,,,0,
2021-10-01,2021,"Q4","2021/22","Q2","October",1554.405888999,1468.280910564,793.059551504,422.133982516,370.925568988,249.545319513,137.506695884,-16.126446409,,657.419936596,225.8957416431,120.337277789154,22.7030190017385,248.576816997008,11.281819829,6.019269224,21.706029575,,0.899962537,9.111500569,8.689921895,0,,86.124978435,86.124978435,0,86.124978435,,0,,,0,
2021-11-01,2021,"Q4","2021/22","Q2","November",1733.567007643,1579.815156117,825.235400133,470.09714731,355.138252823,247.416503617,136.80290582,-29.081156614,,735.687029009,237.8507320301,139.405621537919,27.3569215727025,287.095281158279,14.66265172,6.442110275,21.73764169,,1.136069025,8.484771189,10.407955786,0,,153.751851526,153.751851526,0,153.751851526,,0,,,0,
2021-12-01,2021,"Q4","2021/22","Q2","December",2469.518538464,2354.895484258,1548.103509603,1137.53953641,410.563973193,309.032867422,137.091708001,-35.56060223,,786.859717341,248.8325229954,161.887758612271,26.0188597990589,301.83517082627,15.325543148,6.322816671,25.558140557,,1.078904732,9.003655172,10.928602142,0,,114.623054206,114.623054206,0,114.623054206,,0,,,0,
2022-01-01,2022,"Q1","2021/22","Q3","January",1831.800384683,1688.352816809,979.768930458,526.0785697,453.690360758,316.091518819,159.031898796,-21.433056857,,685.361316937,245.18915894,113.469117626147,21.2208015505381,268.931153752315,9.959976485,6.231945845,19.716706062,,0.642456676,14.914036593,8.308532821,0,,143.447567874,143.447567874,0,143.447567874,,0,,,0,
2022-02-01,2022,"Q1","2021/22","Q3","February",1659.483541375,1548.520802679,828.658789009,426.471689153,402.187099856,282.166824018,141.689577886,-21.669302048,,702.099251729,218.2170072593,139.984096411626,24.1811048249174,277.548399773157,13.313868181,6.923075739,20.978226518,,0.953473022,8.838221564,8.924540377,0,,110.962738696,110.962738696,0,110.962738696,,0,,,0,
2022-03-01,2022,"Q1","2021/22","Q3","March",1846.933605638,1681.893936908,897.791692031,578.350994878,319.440697153,277.12907307,130.371853247,-88.060229164,,764.769610681,251.08156486011,145.164559083125,25.7043955389953,297.15254998877,15.262008417,7.291573779,22.258782731,,0.854176283,9.038140372,10.294493824,0,,165.03966873,165.03966873,0,165.03966873,,0,,,0,
2022-04-01,2022,"Q2","2021/22","Q4","April",1796.50638776396,1670.97823218196,933.934530260958,518.13527261,415.799257650958,284.502014695,145.372594510958,-14.075351555,,719.134453688,253.4006299342,130.030146498664,22.2966143756601,270.253160547476,15.260027823,6.275562249,20.52442578,,1.09388648,8.056235575,9.853012658,0,,125.528155582,125.528155582,0,125.528155582,,0,,,0,
2022-05-01,2022,"Q2","2021/22","Q4","May",1760.59095135085,1649.16617885785,942.40288997985,547.506591487,394.89629849285,283.492692271,146.31610673585,-34.912500514,,686.238349397,183.321011909,136.479250462929,21.1626789751006,301.07159136897,14.340171349,6.729705054,21.764571602,,1.369368676,8.856145714,11.668793767,0,,111.424772493,111.424772493,0,111.424772493,,0,,,0,
2022-06-01,2022,"Q2","2021/22","Q4","June",2682.50788974713,2527.52994542113,1764.19217637212,1402.382582381,361.809593991125,333.813081538,144.854152198125,-116.857639745,,741.298634081,235.0916442443,133.426977910764,22.3009482345648,304.868947107371,15.8299757,7.768700028,20.429311945,,1.582128911,11.625008067,10.414126901,0,,154.977944326,154.977944326,0,154.977944326,,0,,,0,
2022-07-01,2022,"Q3","2022/23","Q1","July",1765.9574243643,1625.344638727,860.640743651,472.907669825,387.733073826,283.196062054,142.102335704,-37.565323932,,745.927449627,242.1764951268,138.27317741711,24.0847842314892,290.1516494186,18.074074842,7.968430706,24.23183299,,0.967004895,8.676600422,10.099845027,0,,140.612785637302,140.612785637302,0,140.612785637302,,0,,,0,
2022-08-01,2022,"Q3","2022/23","Q1","August",1879.8707086433,1701.192764704,912.429368749,527.458505309,384.97086344,280.744233406,149.560308233,-45.333678199,,769.18622042,256.4041112146,139.028178443565,19.6342700419604,303.154719804875,17.726102123,7.866676457,24.248858073,,1.123304262,9.947808368,9.629367167,0,,178.677943939302,178.677943939302,0,178.677943939302,,0,,,0,
2022-09-01,2022,"Q3","2022/23","Q1","September",1848.8483637653,1701.41723261,983.458678116,567.05728684,416.401391276,309.370503868,160.070751441,-53.039864033,,696.966605101,186.464510091,137.904641142916,24.4581017772854,298.796659465799,17.525179077,8.152983443,22.337704748,,1.326825356,10.56673095,10.425218443,0,,147.431131155302,147.431131155302,0,147.431131155302,,0,,,0,
2022-10-01,2022,"Q4","2022/23","Q2","October",1805.3006274563,1650.914282786,936.231604186,525.759028185,410.472576001,301.015996736,152.619521987,-43.162942722,,697.740052856,220.3441846532,134.267231316674,20.4779861614632,276.432837899663,16.016620703,8.613986799,20.093780069,,1.493425254,7.233923889,9.708701855,0,,154.386344670302,154.386344670302,0,154.386344670302,,0,,,0,
2022-11-01,2022,"Q4","2022/23","Q2","November",1890.8331702283,1751.662232874,1008.868479315,585.41074058,423.457738735,297.044146253,157.332502616,-30.918910134,,723.748538193,211.51497635127,145.31388694521,21.4686892197981,299.835240682722,16.134497683,8.433716737,19.590653249,,1.456877325,9.037746968,10.007468398,0,,139.170937354302,139.170937354302,0,139.170937354302,,0,,,0,
2022-12-01,2022,"Q4","2022/23","Q2","December",2635.7477635083,2489.009337449,1709.566698863,1310.762680944,398.804017919,313.195099137,157.764246877,-72.155328095,,759.95380339,228.2500423679,144.97274506698,21.2467087589588,293.138788720161,17.53457433,27.874382951,25.576201929,,1.360359266,9.071696214,10.417138982,0,,146.738426059302,146.738426059302,0,146.738426059302,,0,,,0,
2023-01-01,2023,"Q1","2022/23","Q3","January",2130.8248195843,1953.109323085,1170.19888795,653.599270055,516.599617895,362.289160174,182.467632341,-28.15717462,,766.468874494,242.862670117,144.6598712197,25.9225369904641,315.545093791836,13.800630289,9.250990352,13.473636758,,0.953444976,7.292750958,9.148809683,0,,177.715496499302,177.715496499302,0,177.715496499302,,0,,,0,
2023-02-01,2023,"Q1","2022/23","Q3","February",1895.4934177363,1769.631916709,1003.153497918,562.190148539,440.963349379,332.653935145,154.053154763,-45.743740529,,747.724662616,284.20007536,128.803051081179,19.7429086506931,268.511765300128,16.018370378,8.648652067,20.187378967,,1.612460812,9.683543582,9.070212593,0,,125.861501027302,125.861501027302,0,125.861501027302,,0,,,0,
2023-03-01,2023,"Q1","2022/23","Q3","March",1952.4843636913,1796.305032314,1054.079617713,611.54392012,442.535697593,318.276911976,160.706196639,-36.447411022,,725.227786395,241.56724001541,128.013273171937,23.008016242837,284.241984176816,14.650192852,8.652350305,21.291672053,,3.803057578,8.628008754,8.369619452,0,,156.179331377302,156.179331377302,0,156.179331377302,,0,,,0,
2023-04-01,2023,"Q2","2022/23","Q4","April",1876.1493225103,1748.344288092,1015.136243487,542.44969762,472.686545867,351.918302748,170.646934029,-49.87869091,,715.808949996,265.60577098,125.269896496583,18.2087492998595,261.470369134557,15.003061117,8.55740469,18.768984425,,2.924713853,8.257153079,9.14194153,0,,127.805034418302,127.805034418302,0,127.805034418302,,0,,,0,
2023-05-01,2023,"Q2","2022/23","Q4","May",2057.88102980231,1881.456733172,1086.461393073,648.40049607,438.060897003,323.493386944,164.886994729,-50.31948467,,771.869784719,213.33854887314,150.998039372353,26.8153743119733,322.484668462534,22.316537301,9.847714842,24.115828802,,1.953072754,12.784996113,10.340559267,0,,176.424296630312,176.424296630312,0,176.424296630312,,0,,,0,
2023-06-01,2023,"Q2","2022/23","Q4","June",3827.7541094953,3664.291965748,2554.177742705,1949.885248673,604.292494031999,486.42835052,168.141190646,-50.277047134,,1088.064242477,232.4387492539,465.269603999335,23.1189314278333,313.354567105932,20.376031322,9.615690059,22.198547606,,1.692121703,10.451866106,11.59811446,0,,163.462143747302,163.462143747302,0,163.462143747302,,0,,,0,
2023-07-01,2023,"Q3","2023/24","Q1","July",1890.5059364485,1734.658682646,990.916854080001,537.382045134,453.534808946001,342.875830424001,163.756478586,-53.097500064,,724.477468585001,274.29493769,125.396613656945,18.6818006633578,255.194731374698,19.563833712,9.697201755,20.757007056,,0.891342677,10.107491594,9.156868387,0,,155.8472538025,155.8472538025,50.0959235585,105.751330244,,0,,,0,
2023-08-01,2023,"Q3","2023/24","Q1","August",2163.78797429818,1990.894497823,1138.566945889,654.240808883,484.326137006,357.171695562,180.236278557,-53.081837113,,831.757793753,279.86135308,148.212756437055,22.1476063472223,323.058427245723,19.33401242,9.888983437,27.897356898,,1.357297888,10.005589404,10.564168777,0,,172.89347647518,172.89347647518,38.03617492118,134.857301554,,0,,,0,
2023-09-01,2023,"Q3","2023/24","Q1","September",2074.01021461704,1896.23929169,1119.091220618,623.029050254,496.062170364,364.508027118,184.699895529,-53.145752283,,756.211807346001,248.96918463879,142.401026029699,23.1199475678616,289.11858659365,18.410865558,9.403685027,23.036135876,,1.752376055,10.749607252,10.186656474,0,,177.77092292704,177.77092292704,44.24881416504,133.522108762,,0,,,0,
2023-10-01,2023,"Q4","2023/24","Q2","October",2054.60776609533,1865.355411786,1111.358256233,631.061438032,480.296818201,354.532266403,178.860813176,-53.096261378,,734.765779898,225.66321984765,144.717976824283,22.0526046816851,291.504208399382,17.453385858,9.588226785,22.462743201,,1.323414301,9.371987453,9.859388202,0,,189.25235430933,189.25235430933,63.24953432333,126.002819986,,0,,,0,
2023-11-01,2023,"Q4","2023/24","Q2","November",2150.95065256862,1938.456598578,1131.087802181,663.524700915,467.563101265999,346.422281773999,174.244843802,-53.10402431,,788.423683835001,270.79650867898,177.818575161865,19.8611834634577,268.359833754698,18.201645343,8.648823171,23.55670297,,1.180411292,9.450422708,9.494689854,0,,212.49405399062,212.49405399062,65.84077508262,146.653278908,,0,,,0,
2023-12-01,2023,"Q4","2023/24","Q2","December",3052.56111763687,2902.821113648,2132.715291113,1638.689131762,494.026159351,376.474286726,170.685563387,-53.133690762,,751.392815483,242.88145742448,165.060421750358,19.9295262827691,270.435792696393,17.024616104,9.400035452,25.493978659,,1.166987114,8.608371785,10.104635267,0,,149.74000398887,149.74000398887,32.71185541087,117.028148578,,0,,,0,
2024-01-01,2024,"Q1","2023/24","Q3","January",2273.72810234456,2122.517745388,1302.465128339,739.577328671,562.887799668,413.161017563,202.691648645,-52.96486654,,802.390974662,286.39822798752,218.176987956488,15.558638651384,240.487792523608,12.31156097,9.991175023,18.240443513,,1.226148037,8.888352411,8.773289976,0,,151.21035695656,151.21035695656,43.27909762656,107.93125933,,0,,,0,
2024-02-01,2024,"Q1","2023/24","Q3","February",2132.63969111588,1981.870075576,1155.919651879,648.866303662,507.053348217001,385.673033711001,174.631327571,-53.251013065,,806.028044937999,277.6523487,160.513500211602,18.7541023245335,297.769684285864,16.548842171,10.130544272,23.618647896,,1.040375077,9.47799713,10.444381629,0,,150.76961553988,150.76961553988,33.71790733388,117.051708206,,0,,,0,
2024-03-01,2024,"Q1","2023/24","Q3","March",2123.70982917221,1922.009743789,1144.179118784,670.739227735,473.439891049,346.187340409,180.331460407,-53.078909767,,756.925400648,248.90330100127,150.71853024297,18.0916431635758,291.075839949184,16.023504992,9.831973502,21.287528975,,0.993078822,10.729856863,10.175367494,0,,201.70008538321,201.70008538321,75.82507479421,125.875010589,,0,,,0,
2024-04-01,2024,"Q2","2023/24","Q4","April",2211.06384776613,1994.054600439,1192.472760027,680.575444826,511.897315201,378.211587987,186.782771901,-53.097044687,,780.916934238,261.25923839399,168.047457448632,21.4182571186356,283.001707358742,14.663962216,9.52727869,21.706685214,,1.292347798,10.61836433,10.046541844,0,,217.00924732713,217.00924732713,73.51227297313,143.496974354,,0,,,0,
2024-05-01,2024,"Q2","2023/24","Q4","May",2291.8979795164,2143.977058314,1308.457403593,808.163380275,500.294023318,371.420972835,181.972344005,-53.099293522,,814.584458700001,278.04121814375,185.874335152579,20.5523078022657,278.315698749406,17.721777144,10.298062325,22.822611618,,0.958447765,11.011677825,9.923518196,0,,147.9209212024,147.9209212024,28.9551569164,118.965764286,,0,,,0,
2024-06-01,2024,"Q2","2023/24","Q4","June",3386.47775590234,3226.383377121,2317.365777985,1781.696908421,535.668869564,396.865129854,191.922836518,-53.119096808,,885.481852377001,310.43331012027,174.366194447602,21.1333674508856,325.052026893243,18.7530808,9.973129757,21.295114685,,4.475628223,11.99469773,11.541049029,0,,160.09437878134,160.09437878134,33.40131929434,126.693059487,,0,,,0,
2024-07-01,2024,"Q3","2024/25","Q1","July",2284.97347172749,2102.711820457,1230.699211242,686.709359712,543.98985153,359.637780954,184.414369516,-0.06229894,,850.71966404,247.75096946,207.85269721379,24.2047559014979,305.102840194712,21.278971198,10.257862845,30.336832842,,3.934734385,9.933239364,11.359705811,0,,182.26165127049,182.26165127049,59.32113291349,122.940518357,,0,,,0,
2024-08-01,2024,"Q3","2024/25","Q1","August",2368.49587704128,2195.007842019,1256.511860873,755.914069488,500.597791385,388.269364144,188.279011843,-75.950584602,,917.390296215,326.3294295246,195.330511144702,22.4227603341914,316.779152734507,17.304074872,10.379311215,24.6807734,,4.16428299,9.984272285,11.121412646,0,,173.48803502228,173.48803502228,38.49854289628,134.989492126,,0,,,0,
2024-09-01,2024,"Q3","2024/25","Q1","September",2296.63291996434,2105.003721886,1219.327352136,691.068464562,528.258887574,379.917449346,205.067237372,-56.725799144,,862.644966052,326.72041697171,159.171421115344,21.9853977843021,302.713942872643,16.691251876,9.508024083,22.377358276,,3.477153073,12.212938675,10.818465023,0,,191.62919807834,191.62919807834,41.29524837734,150.333949701,,0,,,0,
2024-10-01,2024,"Q4","2024/25","Q2","October",2257.62016480752,2088.313814263,1185.601282953,696.531963621,489.069319332,371.928783269,190.224770449,-73.084234386,,880.537863241,297.0607854226,179.530722915319,30.8435331418585,317.085645879222,17.373974183,9.845192758,24.665638483,,4.132370458,10.646375072,11.528292997,0,,169.30635054452,169.30635054452,32.70025838252,136.606092162,,0,,,0,
2024-11-01,2024,"Q4","2024/25","Q2","November",2468.12759153027,2219.763347039,1316.433958909,804.583212672,511.850746237,366.539744394,195.354261168,-50.043259325,,882.087322877,310.35265449,190.824363217531,20.8593520028005,308.110520933669,16.618467595,9.751181629,22.067887269,,3.50289574,9.998930209,11.243135044,0,,248.36424449127,248.36424449127,77.49717302827,170.867071463,,0,,,0,
2024-12-01,2024,"Q4","2024/25","Q2","December",3751.98248866045,3625.078378513,2627.592384624,2070.712979551,556.879405073,447.738293803,199.649181223,-90.508069953,,974.246193751,274.2632879,292.855583921221,20.8801851297569,320.694473750022,19.502500189,8.954363745,32.802041259,,4.293757857,10.53028434,12.709515798,0,,126.90411014745,126.90411014745,19.62530149245,107.278808655,,0,,,0,
2025-01-01,2025,"Q1","2024/25","Q3","January",2504.91266707776,2344.497141485,1426.820290811,816.091244833,610.729045978,442.966501526,229.133006863,-61.370462411,,896.524516717,311.96436103,207.868074991841,19.1315246732449,307.380680055914,14.528588778,11.132691644,20.369891246,,4.148704298,10.270221572,10.882112385,0,,160.41552559276,160.41552559276,34.36508021276,126.05044538,,0,,,0,
2025-02-01,2025,"Q1","2024/25","Q3","February",2224.06377961393,2081.510273946,1236.62552627,665.814927967,570.810598303,417.491230695,201.655162898,-48.33579529,,823.609948202,286.4259913,167.058520042486,18.849883303,298.902885034514,14.784927623,9.563933173,24.107888351,,3.915919375,10.481814768,10.792984706,0,,142.55350566793,142.55350566793,33.86924597693,108.684259691,,0,,,0,
2025-03-01,2025,"Q1","2024/25","Q3","March",2397.75219425092,2206.427420897,1321.029820596,775.916247643,545.113572953,411.525776889,202.494267853,-68.906471789,,864.6119878,279.44534848,205.088143421535,20.3728547629289,305.311523216536,15.896407863,10.142472897,24.292690859,,4.0625463,9.453990294,11.331622207,0,,191.32477335392,191.32477335392,50.42919640692,140.895576947,,0,,,0,
2025-04-01,2025,"Q2","2024/25","Q4","April",2449.575412474,2180.092395853,1306.671180876,742.372609207,564.298571669,419.907339116,209.949792617,-65.558560064,,852.051102995,263.74043178,210.347084205206,21.7568877820497,303.943192204744,13.81930253,9.434894947,24.603730818,,4.405578728,10.069021093,11.301090889,0,,269.483016621,269.483016621,122.67894814,146.804068481,,0,,,0,
2025-05-01,2025,"Q2","2024/25","Q4","May",2557.027450027,2376.008952504,1422.569233904,851.179482725,571.389751179,425.504237973,203.493057996,-57.60754479,,931.253853689,402.47405044,133.253101383502,19.8328151553207,318.239966093177,14.722460342,10.533000134,27.203379705,,4.995080436,10.496027926,11.689836985,0,,181.018497523,181.018497523,42.535199391,138.483298132,,0,,,0,
2025-06-01,2025,"Q2","2024/25","Q4","June",4517.45216659215,4346.353122186,3089.031487864,2328.313938245,760.717549619,616.014318417,219.992744142,-75.28951294,,1232.309041975,474.46609369,352.672605524617,22.5711196967316,326.958614854651,15.059236643,10.38282173,25.740861787,,4.457688049,12.514292187,12.49830016,0,,171.099044406153,171.099044406153,48.6007453016526,122.4982991045,,0,,,0,
2025-07-01,2025,"Q3","2025/26","Q1","July",2507.959173258,2238.573898407,1366.207187652,809.147676865,557.059510787,414.862971103,205.940070553,-63.743530869,,840.2696180458,249.83472766,212.929932164592,13.6275984952749,287.577562345933,34.156529269,10.806263006,25.683075201,,5.653929904,8.511556439,23.5855362702,0,,269.385274851,269.385274851,138.400021836,130.985253015,,0,,,0,
2025-08-01,2025,"Q3","2025/26","Q1","August",2589.17542762125,2388.134522046,1416.502431562,800.564495814,615.937935748,463.034271731,216.147434883,-63.243770866,,939.921230137204,329.07285308,205.334059493403,14.2311671422276,316.921679649574,31.094529568,10.769706493,27.409635701,,5.08759901,8.358753339,23.3521070077954,0,,201.04090557525,201.04090557525,39.52301345625,161.517892119,,0,,,0,
2025-09-01,2025,"Q3","2025/26","Q1","September",2558.29801566918,2370.769491526,1366.666433828,783.796982786,582.869451042,429.027160866,222.46076342,-68.618473244,,962.05303031458,327.93472893,218.020249898526,15.7208835862,333.751008431854,23.934239399,10.58319928,28.33431037,,3.774410419,8.577008569,33.4730188144199,0,,187.52852414318,187.52852414318,36.84495606118,150.683568082,,0,,,0,
2025-10-01,2025,"Q4","2025/26","Q2","October",2584.99838709039,2369.769517777,1324.381422076,726.501360824,597.880061252,462.494762076,214.26095641,-78.875657234,,1003.62631068395,325.37785539,245.635442790551,21.2333917276946,345.221046148705,22.242778826,10.459701808,26.129018144,,7.327075849,7.701407905,34.0603771120497,0,,215.228869313388,215.228869313388,61.6966695443878,153.532199769,,0,,,0,
2025-11-01,2025,"Q4","2025/26","Q2","November",2585.04247884318,2367.469027635,1389.891092215,758.584967485,631.30612473,438.840593379,220.989452574,-28.523921223,,937.676376228457,323.84045434,220.559173022954,18.8202878355829,310.70978474292,22.368199753,10.781518737,25.132902825,,5.464054972,8.64666862,31.2548905715431,0,,217.573451208175,217.573451208175,44.5037016651751,173.069749543,,0,,,0,
2025-12-01,2025,"Q4","2025/26","Q2","December",3887.01941330425,3724.425048446,2627.829622731,2003.239580318,624.590042413,467.592331805,221.160073977,-64.162363369,,1052.25811343134,348.78104516,233.755705485294,19.6636719441114,374.966793189936,24.334958742,11.470384794,32.687687616,,6.5978665,8.83228226,35.5050300236584,0,,162.594364858251,162.594364858251,26.4834670022507,136.110897856,,0,,,0,
2026-01-01,2026,"Q1","2025/26","Q3","January",3161.88834601133,3040.367740231,1957.686887962,1000.69111759,956.995770372,737.080888708,252.715942006,-32.801060342,,1044.01690060049,324.20716307,359.367159222327,11.8293330186957,296.409986167469,16.570014157,11.138661711,18.209347439,,6.285235815,7.087635219,31.5763164495089,0,,121.520605780329,121.520605780329,31.5949599773293,89.925645803,,0,,,0,
2026-02-01,2026,"Q1","2025/26","Q3","February",2599.07410293684,2443.797710706,1469.500951646,789.872649489,679.628302157,494.225678711,232.635653707,-47.233030261,,933.499039206082,340.18643081,188.833142401068,15.9889129999178,328.705581062096,20.072997358,10.741972911,23.623339285,,5.346662379,7.637888627,33.1598312269179,0,,155.276392230838,155.276392230838,27.3183014978378,127.958090733,,0,,,0,
