"Date","Year","Quarter","FY","QFY","Month","CORENS","CORESA","CPTOTNSXN","CPTOTSAXN","CPTOTSAXNZGY","DMGSRMRCHNSCD","DMGSRMRCHNSKD","DMGSRMRCHNSXD","DMGSRMRCHSACD","DMGSRMRCHSAKD","DMGSRMRCHSAXD","DPANUSLCU","DPANUSSPB","DPANUSSPF","DSTKMKTXD","DSTKMKTXN","DXGSRMRCHNSCD","DXGSRMRCHNSKD","DXGSRMRCHNSXD","DXGSRMRCHSACD","DXGSRMRCHSAKD","DXGSRMRCHSAXD","IMPCOV","IPTOTNSKD","IPTOTSAKD","NEER","REER","TOT","TOTRESV"
1987-01-01,1987,"Q1","1986/87","Q3","January",,,,,,,,,,,,13.98552235445,13.98552235445,13.98552235445,,,,,,,,,,,,4099.23,775.88607777751,,
1987-02-01,1987,"Q1","1986/87","Q3","February",,,,,,,,,,,,13.98552235445,13.98552235445,13.98552235445,,,,,,,,,,,,4127.74,828.78649216431,,
1987-03-01,1987,"Q1","1986/87","Q3","March",,,,,,,,,,,,13.98552235445,13.98552235445,13.98552235445,,,,,,,,,,,,4163.21,856.84671196948,,
1987-04-01,1987,"Q2","1986/87","Q4","April",,,,,,,,,,,,13.98552235445,13.98552235445,13.98552235445,,,,,,,,,,,,4165.96,985.45771942291,,
1987-05-01,1987,"Q2","1986/87","Q4","May",,,,,,,,,,,,38.06060012176,38.06060012176,38.06060012176,,,,,,,,,,,,1554.2,448.60351406273,,
1987-06-01,1987,"Q2","1986/87","Q4","June",,,,,,,,,,,,59.93795294765,59.93795294765,59.93795294765,,,,,,,,,,,,1023.22,245.79192537111,,
1987-07-01,1987,"Q3","1987/88","Q1","July",,,,,,,,,,,,59.93795294765,59.93795294765,59.93795294765,,,,,,,,,,,,1047.42,275.95216162642,,
1987-08-01,1987,"Q3","1987/88","Q1","August",,,,,,,,,,,,59.93795294765,59.93795294765,59.93795294765,,,,,,,,,,,,1057.11,281.84220776514,,
1987-09-01,1987,"Q3","1987/88","Q1","September",,,,,,,,,,,,59.93795294765,59.93795294765,59.93795294765,,,,,,,,,,,,1047.2,350.09274239461,,
1987-10-01,1987,"Q4","1987/88","Q2","October",,,,,,,,,,,,59.93795294765,59.93795294765,59.93795294765,,,,,,,,,,,,1052.05,352.13275837474,,
1987-11-01,1987,"Q4","1987/88","Q2","November",,,,,,,,,,,,59.93795294765,59.93795294765,59.93795294765,,,,,,,,,,,,1022.23,371.71291175269,,
1987-12-01,1987,"Q4","1987/88","Q2","December",,,,,,,,,,,,59.93795294765,59.93795294765,59.93795294765,,,,,,,,,,,,1017.27,422.233307496,,
1988-01-01,1988,"Q1","1987/88","Q3","January",,,,,,,,,,,,59.93795294765,59.93795294765,59.93795294765,,,,,,,,,,,,1039.12,452.56354508299,,
1988-02-01,1988,"Q1","1987/88","Q3","February",,,,,,,,,,,,59.93795294765,59.93795294765,59.93795294765,,,,,,,,,,,,1073.29,494.19387118738,,
1988-03-01,1988,"Q1","1987/88","Q3","March",,,,,,,,,,,,59.93795294765,59.93795294765,59.93795294765,,,,,,,,,,,,1077.12,495.59388215414,,
1988-04-01,1988,"Q2","1987/88","Q4","April",,,,,,,,,,,,59.93795294765,59.93795294765,59.93795294765,,,,,,,,,,,,1087.17,530.66415687144,,
1988-05-01,1988,"Q2","1987/88","Q4","May",,,,,,,,,,,,59.93795294765,59.93795294765,59.93795294765,,,,,,,,,,,,1111.96,637.67499512345,,
1988-06-01,1988,"Q2","1987/88","Q4","June",,,,,,,,,,,,59.93795294765,59.93795294765,59.93795294765,,,,,,,,,,,,1161.69,777.97609414931,,
1988-07-01,1988,"Q3","1988/89","Q1","July",,,,,,,,,,,,149.84488236913,149.84488236913,149.84488236913,,,,,,,,,,,,488.1,393.91308565415,,
1988-08-01,1988,"Q3","1988/89","Q1","August",,,,,,,,,,,,149.84488236913,149.84488236913,149.84488236913,,,,,,,,,,,,503.68,398.47312137444,,
1988-09-01,1988,"Q3","1988/89","Q1","September",,,,,,,,,,,,149.84488236913,149.84488236913,149.84488236913,,,,,,,,,,,,512.02,387.82303794875,,
1988-10-01,1988,"Q4","1988/89","Q2","October",,,,,,,,,,,,149.84488236913,149.84488236913,149.84488236913,,,,,,,,,,,,514.09,380.49298052993,,
1988-11-01,1988,"Q4","1988/89","Q2","November",,,,,,,,,,,,149.84488236913,149.84488236913,149.84488236913,,,,,,,,,,,,512.28,362.92284289712,,
1988-12-01,1988,"Q4","1988/89","Q2","December",,,,,,,,,,,,163.46078734707,163.46078734707,163.46078734707,,,,,,,,,,,,480.14,336.90263907208,,
1989-01-01,1989,"Q1","1988/89","Q3","January",,,,,,,,,,,,164.81938094722,164.81938094722,164.81938094722,,,,,,,,,,,,501.71,341.83267769073,,
1989-02-01,1989,"Q1","1988/89","Q3","February",,,,,,,,,,,,164.82937060604,164.82937060604,164.82937060604,,,,,,,,,,,,510.93,376.77295138969,,
1989-03-01,1989,"Q1","1988/89","Q3","March",,,,,,,,,,,,191.46180103245,191.46180103245,191.46180103245,,,,,,,,,,,,444.14,390.1930565139,,
1989-04-01,1989,"Q2","1988/89","Q4","April",,,,,,,,,,,,199.79317649217,199.79317649217,199.79317649217,,,,,,,,,,,,428.7,390.28305721891,,
1989-05-01,1989,"Q2","1988/89","Q4","May",,,,,,,,,,,,199.79317649217,199.79317649217,199.79317649217,,,,,,,,,,,,445.12,415.48325462056,,
1989-06-01,1989,"Q2","1988/89","Q4","June",,,,,,,,,,,,199.79317649217,199.79317649217,199.79317649217,,,,,,,,,,,,461.88,440.88345358889,,
1989-07-01,1989,"Q3","1989/90","Q1","July",,,,,,,,,,,,199.79317649217,199.79317649217,199.79317649217,,,,,,,,,,,,464.21,458.49359153504,,
1989-08-01,1989,"Q3","1989/90","Q1","August",,,,,,,,,,,,199.79317649217,199.79317649217,199.79317649217,,,,,,,,,,,,480.15,475.74372666118,,
1989-09-01,1989,"Q3","1989/90","Q1","September",,,14.3268501291,14.18451069612,,,,,,,,199.79317649217,199.79317649217,199.79317649217,,,,,,,,,,,,497.95,333.13260954016,,
1989-10-01,1989,"Q4","1989/90","Q2","October",,,14.89015742509,14.7233160577,,,,,,,,239.75181179061,239.75181179061,239.75181179061,,,,,,,,,,,,419.08,425.48333295455,,
1989-11-01,1989,"Q4","1989/90","Q2","November",,,15.44820585919,15.36425333874,,,,,,,,345.09276409611,345.09276409611,345.09276409611,,,,,,,,,,,,299.1,291.67228476745,,
1989-12-01,1989,"Q4","1989/90","Q2","December",,,16.00719058448,15.97434341486,,,,,,,,369.61737651052,369.61737651052,369.61737651052,,,,,,,,,,,,283.06,268.85210600928,,
1990-01-01,1990,"Q1","1989/90","Q3","January",,,16.56438579917,16.69851616866,,50.51212746672,,,10.8698451082,,,373.90294014628,373.90294014628,373.90294014628,,,15.76069378548,,,13.31888557742,,,,,,286.6,275.38186230907,,36.1445617
1990-02-01,1990,"Q1","1989/90","Q3","February",,,17.12133275391,17.24070049995,,42.18588309289,,,15.29789938269,,,377.8088967467,377.8088967467,377.8088967467,,,17.06981512582,,,14.10744482975,,,,,,287.37,275.61186219407,,30.9450179
1990-03-01,1990,"Q1","1989/90","Q3","March",,,17.6822120112,17.74463099678,,47.45899340905,,,24.54828153601,,,378.60806945267,378.60806945267,378.60806945267,,,14.70428112348,,,11.19019270729,,,,,,297.33,277.22186138907,,24.9546068
1990-04-01,1990,"Q2","1989/90","Q4","April",,,18.23796474025,18.11418332537,,43.4831849199,,,13.67672437897,,,378.60806945267,378.60806945267,378.60806945267,,,11.62177764385,,,13.51421694597,,,,,,299.71,275.04186247907,,34.1010529
1990-05-01,1990,"Q2","1989/90","Q4","May",,,18.7985527551,18.59516220365,,42.59623914972,,,13.35638699433,,,382.46407775897,382.46407775897,382.46407775897,,,15.63037157672,,,17.30758685738,,,,,,294.08,266.03186698407,,21
1990-06-01,1990,"Q2","1989/90","Q4","June",,,19.35109798597,19.15992357926,,43.64440367176,,,13.75296545268,,,386.1702411829,386.1702411829,386.1702411829,,,16.57260744238,,,18.61794548038,,,,,,293.39,260.44186977907,,23.932388
1990-07-01,1990,"Q3","1990/91","Q1","July",,,19.90551561649,19.68673129686,,47.19667160606,,,12.28031147375,,,439.54498828278,439.54498828278,439.54498828278,,,14.5282624199,,,15.10725344019,,,,,,253.53,221.50188924906,,19.3
1990-08-01,1990,"Q3","1990/91","Q1","August",,,20.46803056826,20.31795040876,,45.91379507438,,,9.25102389535,,,441.71274424772,441.71274424772,441.71274424772,,,10.42032415142,,,9.93584546013,,,,,,247.18,225.58188720906,,19.3
1990-09-01,1990,"Q3","1990/91","Q1","September",,,21.02035727823,20.82874994148,46.84151175673,47.55604913834,,,10.90491046922,,,464.5191353443,464.5191353443,464.5191353443,,,10.00151630113,,,10.51186231119,,,,,,235.4,220.52188973906,,37.484068
1990-10-01,1990,"Q4","1990/91","Q2","October",,,21.58614464164,21.34971139582,45.006133891,50.88574470414,,,25.28030489704,,,479.50362358122,479.50362358122,479.50362358122,,,13.88188752025,,,15.05827837838,,,,,,225.17,217.89189105406,,63.725509
1990-11-01,1990,"Q4","1990/91","Q2","November",,,22.1442145312,22.02819796765,43.37304574452,50.9146312439,,,38.55261056402,,,508.1140064549,508.1140064549,508.1140064549,,,11.98466475242,,,13.66240069139,,,,,,212.45,201.61189919405,,53.6565848
1990-12-01,1990,"Q4","1990/91","Q2","December",,,22.70361090243,22.64989196355,41.78918892205,70.68454882712,,,33.13871972324,,,529.98136962196,529.98136962196,529.98136962196,,,11.98524385725,,,13.4299562473,,,,,,208.21,195.26190236905,,43.9860882
1991-01-01,1991,"Q1","1990/91","Q3","January",,,23.26046662685,23.42527465887,40.28357024221,20.33,49.40147121148,0.79829014374,24.80908381647,31.06949984059,0.79829014374,562.59760568431,562.59760568431,562.59760568431,,,17.05691125087,,,14.88356919517,,,1.34199031904,,,200.90291246713,193.68778057499,,33.284682
1991-02-01,1991,"Q1","1990/91","Q3","February",,,23.81699913143,23.97004362712,39.03172685584,20.56,41.05232991435,0.79862815063,21.69902911191,27.1688047259,0.79862815063,584.39504123961,584.39504123961,584.39504123961,,,16.85912977799,,,14.26370128618,,,1.39436294293,,,191.20272755858,187.377254779,,30.2545696
1991-03-01,1991,"Q1","1990/91","Q3","March",,,24.37897937647,24.47214231872,37.91294010657,23.5,47.97807052461,0.79909423145,20.0407362777,25.07632374173,0.79909423145,607.37125653621,607.37125653621,607.37125653621,,,26.21329655172,,,20.58995462684,,,1.41882083987,,,193.88825171855,192.90602655131,,28.4308224
1991-04-01,1991,"Q2","1990/91","Q4","April",,,24.93388356082,24.74909929583,36.62829204762,17.21,47.42665225174,0.7987611416,13.58851596261,17.0095144601,0.7987611416,634.67299410386,634.67299410386,634.67299410386,,,16.32954326052,,,17.82655777728,,,6.12320644374,,,193.2096625793,197.8484427982,,83.1931843
1991-05-01,1991,"Q2","1990/91","Q4","May",,,25.49539594648,25.19819430959,35.50940848826,18.34,46.85197538168,0.79778136769,12.69218591826,15.91265163474,0.79778136769,664.47214637767,664.47214637767,664.47214637767,,,17.80478997789,,,19.8325804705,,,5.42482435835,,,187.16547153807,193.28431549966,,68.8671524
1991-06-01,1991,"Q2","1990/91","Q4","June",,,26.04602967173,25.7851774841,34.57870735985,22.73,35.29895349747,0.79756146751,17.58808300521,22.05492009949,0.79756146751,687.28852713308,687.28852713308,687.28852713308,,,17.57277762203,,,20.23158751888,,,3.2836707033,,,186.77242727166,194.02180040532,,57.7602748
1991-07-01,1991,"Q3","1991/92","Q1","July",,,26.59927257302,26.33752926677,33.78315002948,16.83,38.09726397587,0.79694978476,14.81105876193,18.58417591652,0.79694978476,729.89442202003,729.89442202003,729.89442202003,,,25.8668077913,,,26.29117559806,,,3.54961343784,,,177.99780733251,185.94637689412,,52.5721
1991-08-01,1991,"Q3","1991/92","Q1","August",,,27.16332555359,27.01253802333,32.94912862707,16.08,30.85809163665,0.79693184255,16.77040105534,21.04667960395,0.79693184255,799.17270596869,799.17270596869,799.17270596869,,,18.99375061077,,,17.98064805899,,,2.63926014736,,,161.37208574649,172.66826628609,,44.2677012
1991-09-01,1991,"Q3","1991/92","Q1","September",,,27.71386442736,27.50122847024,32.03494471584,12.49,37.43958891266,0.79730491766,16.25161856483,20.38036231428,0.79730491766,845.79444370314,845.79444370314,845.79444370314,,,14.37559928751,,,14.86589993147,,,2.1298114755,,,150.90535012186,161.33712775822,,34.60808
1991-10-01,1991,"Q4","1991/92","Q2","October",,,28.28213185818,28.00089390717,31.15350080399,10.27,39.11596323236,0.79777826342,16.64837140566,20.86602192241,0.79777826342,855.24466095122,855.24466095122,855.24466095122,,,18.50883203937,,,20.87115133427,,,2.25915203929,,,150.52061364099,159.94578792774,,37.6068812
1991-11-01,1991,"Q4","1991/92","Q2","November",,,28.8402232032,28.67972319822,30.1955032379,8.95,47.64860789202,0.7972553974,12.85620383519,16.13282370332,0.7972553974,914.05378245169,914.05378245169,914.05378245169,,,15.74529089196,,,18.09055979529,,,5.35993573768,,,139.04695003714,148.89051586348,,68.9393904
1991-12-01,1991,"Q4","1991/92","Q2","December",,,29.40003122038,29.28636017345,29.30022015369,8.74,42.27069992905,0.79789841691,9.95597731835,12.47595483303,0.79789841691,914.05378245169,914.05378245169,914.05378245169,,,20.0441324924,,,21.5762644111,,,5.91824162767,,,137.87720005774,150.87832801527,,58.9134003
1992-01-01,1992,"Q1","1991/92","Q3","January",,,29.95654745454,30.1171021606,28.56669814627,17.75,34.99052466503,0.81142489881,21.07417510351,25.97579781518,0.81142489881,965.4505771043,965.4505771043,965.4505771043,,,23.21502795248,,,19.97427097366,,,2.71260803419,,,131.92468988921,149.60614450007,,57.1747493
1992-02-01,1992,"Q1","1991/92","Q3","February",,,30.51266550894,30.67701420598,27.98063567676,17.86,35.9406743335,0.81154616474,18.35841640176,22.62526561159,0.81154616474,981.22424838836,981.22424838836,981.22424838836,,,13.843273718,,,11.64302356944,,,2.99775896213,,,133.07520594735,160.14204835923,,55.0431939
1992-03-01,1992,"Q1","1991/92","Q3","March",,,31.07446857289,31.18244269957,27.42015918942,39.64,40.65767326329,0.80997473853,34.13304452678,42.14591712147,0.80997473853,1030.26348355836,1030.26348355836,1030.26348355836,,,23.82659208174,,,18.96155770358,,,1.34554950057,,,130.88126357024,114.08299033947,,45.9331958
1992-04-01,1992,"Q2","1991/92","Q4","April",,,34.35645126075,34.05774379684,37.61205363373,36.47,40.50945518146,0.80908440799,29.30012855411,36.2149247526,0.80908440799,1154.35502547765,1154.35502547765,1154.35502547765,,,11.85359758307,,,12.83676865511,,,1.50563106909,,,117.47029721692,111.35762568503,,44.116392
1992-05-01,1992,"Q2","1991/92","Q4","May",,,36.01535913336,35.56715912188,41.14963431462,45.46,39.86626996897,0.80794296051,32.40961204816,40.11162191283,0.80794296051,1163.40565637275,1163.40565637275,1163.40565637275,,,12.43038115123,,,13.88470435517,,,2.52763574125,,,116.31654749405,114.74944062905,,81.9153728
1992-06-01,1992,"Q2","1991/92","Q4","June",,,36.47470285196,36.10368569071,40.01720838636,41.66,45.35272858793,0.80821569496,32.94893628329,40.76737853343,0.80821569496,1164.96404314939,1164.96404314939,1164.96404314939,,,11.3731710432,,,13.18133972167,,,2.22047408399,,,115.33244518546,113.35320951283,,73.1620346
1992-07-01,1992,"Q3","1992/93","Q1","July",,,37.11307754257,36.83363048744,39.85226220104,49.66,43.67491873124,0.80684123875,44.12264587712,54.68837389793,0.80684123875,1176.66193363301,1176.66193363301,1176.66193363301,,,14.1075506042,,,14.29893678524,,,1.75769269642,,,112.1774254142,111.13035581999,,77.5579008
1992-08-01,1992,"Q3","1992/93","Q1","August",,,36.73005675016,36.65395096622,35.69236231918,42.88,46.9321249128,0.80556527351,44.26257206088,54.94423915756,0.80556527351,1184.06427082204,1184.06427082204,1184.06427082204,,,6.14003794912,,,5.92586985817,,,1.68129847128,,,111.33757756873,108.99046274161,,74.4162392
1992-09-01,1992,"Q3","1992/93","Q1","September",,,36.7225484431,36.50818565625,32.75110853959,42.69,34.15866972523,0.80573939355,53.93456001941,66.93939711349,0.80573939355,1183.9244155985,1183.9244155985,1183.9244155985,,,9.00179841533,,,9.29577262185,,,1.21031067791,,,113.63088739215,109.24727495455,,65.2789648
1992-10-01,1992,"Q4","1992/93","Q2","October",,,37.31429498656,37.00601711353,32.16012758813,34.18,48.73795978947,0.80544839314,52.48116752063,65.16288797077,0.80544839314,1179.84863479805,1179.84863479805,1179.84863479805,,,12.98065323915,,,14.7324467776,,,1.28283687645,,,119.07601991869,113.53129686143,,67.330134
1992-11-01,1992,"Q4","1992/93","Q2","November",,,37.20340002218,36.95512840566,28.85455047889,42.99,39.56292669551,0.80678699784,59.14763431021,73.32528064286,0.80678699784,1195.10284382323,1195.10284382323,1195.10284382323,,,12.40302533591,,,14.10790472463,,,0.98852869273,,,123.92418945136,115.42782922032,,58.4792648
1992-12-01,1992,"Q4","1992/93","Q2","December",,,36.8350503959,36.61465306859,25.0228872818,27.94,42.34092467932,0.80703588166,31.48511375495,39.00862986999,0.80703588166,1212.67465369572,1212.67465369572,1212.67465369572,,,9.27026328502,,,9.85121396946,,,2.99923472032,,,123.32868483986,111.62970808176,,94.42
1993-01-01,1993,"Q1","1992/93","Q3","January",,,36.19390770459,36.31066373816,20.5649319929,73.455,43.22718186373,0.83368563486,84.18157588226,100.96751785974,0.83368563486,1215.86135486077,1215.86135486077,1215.86135486077,,,14.72230607966,,,12.34663839632,,,1.19590056843,,,125.7773512539,110.10560423552,,100.6651328
1993-02-01,1993,"Q1","1992/93","Q3","February",,,35.55181906736,35.68031419658,16.30960548181,118.97,44.84437731414,0.83324143559,119.18182074149,143.02679912459,0.83324143559,1215.8313858843,1215.8313858843,1215.8313858843,,,13.240102506,,,11.0437461993,,,0.86004924966,,,129.06047890668,110.04317566853,,102.497105
1993-03-01,1993,"Q1","1992/93","Q3","March",,,35.10210474141,35.18750113846,12.84395349484,164.485,57.97479609512,0.83345426043,146.46389883739,175.73440923247,0.83345426043,1216.26094121375,1216.26094121375,1216.26094121375,,,27.62913818646,,,22.55442116186,,,0.73506917151,,,133.33906114534,111.65728446004,,107.6630765
1993-04-01,1993,"Q2","1992/93","Q4","April",,,35.47442680474,35.10628160155,3.07870600873,210,46.36538047855,0.83326179627,172.95734580747,207.57095400423,0.83326179627,1216.83035176676,1216.83035176676,1216.83035176676,,,15.76792270023,,,17.01459647321,,,0.71369486808,,,135.03467112193,111.04797590086,,123.4413395
1993-05-01,1993,"Q2","1992/93","Q4","May",,,35.68572647919,35.21022796554,-1.00354137116,255.515,43.04902157008,0.83583493274,191.08016655489,228.60941156515,0.83583493274,1212.02532587212,1212.02532587212,1212.02532587212,,,18.17847075521,,,20.46897931516,,,0.67406264138,,,140.25091000181,114.3504255018,,128.7997089
1993-06-01,1993,"Q2","1992/93","Q4","June",,,35.61478949263,35.2751721881,-2.29481696054,301.03,47.68347460866,0.83507600062,251.82185452547,301.56388124841,0.83507600062,1196.98381818182,1196.98381818182,1196.98381818182,,,19.50925147183,,,22.74040275109,,,0.48357849256,,,145.66719359903,116.6091973225,,121.778972
1993-07-01,1993,"Q3","1993/94","Q1","July",,,36.46824907694,36.33733494869,-1.34739783231,55.79,48.90294235642,0.83636567494,50.03010470182,59.81920524229,0.83636567494,1197.76236363636,1197.76236363636,1197.76236363636,,,20.13839506173,,,20.04217983825,,,2.43096282984,,,150.65877423177,121.75739012567,,121.6228448
1993-08-01,1993,"Q3","1993/94","Q1","August",,,35.98484504568,36.07834825499,-1.57037016764,45.79,41.68901522283,0.83690170165,46.59575546334,55.67089145489,0.83690170165,1195.27472727273,1195.27472727273,1195.27472727273,,,16.10432098765,,,15.94799047193,,,2.79957525946,,,152.62549559492,120.97631334703,,130.4351895
1993-09-01,1993,"Q3","1993/94","Q1","September",,,36.9947783792,36.87162604165,0.99550382708,44.5,40.99305794241,0.83662156193,53.67134546185,64.14807991984,0.83662156193,1173.90856060606,1173.90856060606,1173.90856060606,,,13.70728395062,,,14.34141658515,,,2.67838272739,,,153.54706317938,121.56426709433,,143.742552
1993-10-01,1993,"Q4","1993/94","Q2","October",,,37.42893504268,37.15071809587,0.39102014654,50.67,43.02699481184,0.83684977459,70.13015246225,83.80084099708,0.83684977459,1165.61984126984,1165.61984126984,1165.61984126984,,,12.94728395062,,,14.73245042076,,,1.88575731687,,,158.96341229397,123.95436069964,,132.2457376
1993-11-01,1993,"Q4","1993/94","Q2","November",,,37.77664792896,37.45418401172,1.35043667167,55.98,41.61998482883,0.83750053203,71.86330482128,85.81516294906,0.83750053203,1150.00240909091,1150.00240909091,1150.00240909091,,,13.82432098765,,,15.40219334964,,,1.87892429354,,,164.27323651512,126.16212916802,,135.03874892
1993-12-01,1993,"Q4","1993/94","Q2","December",,,38.35431673639,38.01888406667,3.83516128215,63.38,52.03416651673,0.83833804226,69.87912438622,83.35494552564,0.83833804226,1146.96747826087,1146.96747826087,1146.96747826087,,,16.33839506173,,,17.12677501633,,,2.09440623625,,,168.89425807482,129.13611730858,,146.35631596
1994-01-01,1994,"Q1","1993/94","Q3","January",,,38.98797323226,39.00440661028,7.41859992299,57.28,42.98304926439,0.81438739917,63.14298277492,77.53497566034,0.81438739917,1033.29023809524,1033.29023809524,1033.29023809524,,,23.98925925926,,,19.83189571292,,,2.95183085106,,,179.70864612853,136.61180948369,,186.38895247
1994-02-01,1994,"Q1","1993/94","Q3","February",,,39.11990039829,39.1603114092,9.75326952964,66.47,47.28760366549,0.81325801898,65.17670453709,80.13572197118,0.81325801898,923.9525,923.9525,923.9525,,,27.15259259259,,,22.13173684784,,,3.06804666075,,,192.3128695167,145.06567212746,,199.947725
1994-03-01,1994,"Q1","1993/94","Q3","March",,,39.38774394377,39.41865991757,12.0246071537,57.71,58.50740948174,0.81260603555,53.95466801625,66.3935297074,0.81260603555,1001.26152173913,1001.26152173913,1001.26152173913,,,29.32814814815,,,24.76627085962,,,3.93809555222,,,185.79815932201,139.64630639067,,212.467276
1994-04-01,1994,"Q2","1993/94","Q4","April",,,40.69167625743,40.19723215296,14.50153738637,66.63,53.27567207638,0.81244153143,57.28899082633,70.51671184868,0.81244153143,986.09047619048,986.09047619048,986.09047619048,,,26.9662962963,,,29.19226307749,,,3.86268543843,,,200.28729048489,151.20710226549,,221.2959728
1994-05-01,1994,"Q2","1993/94","Q4","May",,,41.47570585265,40.92564137356,16.23225334869,74.36,58.96526365269,0.81205268567,59.63110137892,73.43014500053,0.81205268567,937.23568181818,937.23568181818,937.23568181818,,,29.82851851852,,,33.68628901791,,,3.86621956332,,,206.94268341474,156.64249674225,,230.5393723
1994-06-01,1994,"Q2","1993/94","Q4","June",,,41.33322593419,41.02051787611,16.28722223488,72.51,70.94946803943,0.81213032281,64.48865015909,79.40350644361,0.81213032281,940.38068181818,940.38068181818,940.38068181818,,,34.36518518519,,,38.99164285831,,,3.40684757199,,,207.47907021038,155.21917859504,,219.69395664
1994-07-01,1994,"Q3","1994/95","Q1","July",,,40.16522730974,40.20509774152,10.64404640101,76.76,58.18819213524,0.81285065878,69.58034409195,85.60361782596,0.81285065878,950.75595238095,950.75595238095,950.75595238095,,,45.70913580247,,,45.76570787984,,,3.11416154135,,,203.58862463228,148.5609109069,,216.69256944
1994-08-01,1994,"Q3","1994/95","Q1","August",,,39.25229236355,39.54194635262,9.60021249631,80.58,85.15937076147,0.8144311105,80.59632577069,98.96084705782,0.8144311105,895.04347826087,895.04347826087,895.04347826087,,,49.7450617284,,,49.77394957932,,,2.95671299955,,,213.32694046704,153.59791853066,,238.3015852315
1994-09-01,1994,"Q3","1994/95","Q1","September",,,38.98636058476,38.94103440983,5.61246842177,81.41,64.76838753461,0.81647278574,93.72585935842,114.79762625882,0.81647278574,900.22727272727,900.22727272727,900.22727272727,,,51.60580246914,,,54.28817091531,,,3.02167736187,,,209.5262444165,148.44522107668,,283.2192153411
1994-10-01,1994,"Q4","1994/95","Q2","October",,,39.60702554892,39.32718712002,5.85848440003,74.06,68.76484104297,0.81690968686,90.59603918371,110.90544991771,0.81690968686,912.02380952381,912.02380952381,912.02380952381,,,45.92839506173,,,52.18205084562,,,3.31537973431,,,201.25399843898,142.4389219973,,300.372531654
1994-11-01,1994,"Q4","1994/95","Q2","November",,,40.45654963385,40.02822411003,6.87250347655,77.08,77.56510783009,0.81692791219,90.69003415328,111.01701619636,0.81692791219,911.25909090909,911.25909090909,911.25909090909,,,47.46098765432,,,52.76625408254,,,3.17367906596,,,203.38534911144,145.54571991008,,287.83015570092
1994-12-01,1994,"Q4","1994/95","Q2","December",,,40.99153758486,40.51591755751,6.56787686472,84.98,77.24724934256,0.81749674805,90.82404369525,111.09419729904,0.81749674805,916.27761363636,916.27761363636,916.27761363636,,,50.84061728395,,,53.18024649072,,,3.5385449976,,,205.22976397873,148.38727978337,,321.3676295202
1995-01-01,1995,"Q1","1994/95","Q3","January",,,40.95098244181,40.82313089848,4.6628687532,85.89,59.27545150808,0.89097870459,91.57524647733,102.78254622235,0.89097870459,913.47897727273,913.47897727273,913.47897727273,,,64.84703703704,,,53.73905359416,,,3.37424191863,,,203.8809795891,146.46832975895,,309.0031580538
1995-02-01,1995,"Q1","1994/95","Q3","February",,,41.91417755817,41.81700724091,6.78415399703,89.6,66.81278329169,0.89153604538,87.34299610664,97.96755307741,0.89153604538,918.8,918.8,918.8,,,65.33592592593,,,53.13178272153,,,3.96888803306,,,202.52429264515,148.78285222796,,346.6490436768
1995-03-01,1995,"Q1","1994/95","Q3","March",,,42.08239300471,42.05213638194,6.68078638361,108.45,83.88737288483,0.89354524651,107.65386843077,120.48431614104,0.89354524651,920.39130434783,920.39130434783,920.39130434783,,,61.08703703704,,,51.35756477018,,,3.20110669924,,,197.84404563529,146.43687092759,,344.625341506
1995-04-01,1995,"Q2","1994/95","Q4","April",,,42.5119872218,41.96016435741,4.38570545787,71.65,89.79574677097,0.8962583313,65.04730168989,72.5784113072,0.8962583313,923,923,923,,,40.72851851852,,,43.6608183007,,,5.31421388272,,,194.86761873384,143.78780412386,,345.6843268383
1995-05-01,1995,"Q2","1994/95","Q4","May",,,42.67956015525,42.15394192186,3.00129822543,71.18,76.77617465399,0.89785424029,62.25736970597,69.34410480471,0.89785424029,927.69565217391,927.69565217391,927.69565217391,,,35.53296296296,,,39.75469546397,,,5.80726065853,,,198.33256588519,145.84763205823,,361.56526693774
1995-06-01,1995,"Q2","1994/95","Q4","June",,,42.73774940748,42.52605307263,3.67020036429,80.01,70.28537081666,0.90003689673,75.33400689259,83.70186890966,0.90003689673,949.11363636364,949.11363636364,949.11363636364,,,34.12851851852,,,38.48635340628,,,5.23545287914,,,193.57391326302,143.07546272638,,394.41164327088
1995-07-01,1995,"Q3","1995/96","Q1","July",,,41.7127974835,41.96811170918,4.38505081866,88.52,125.4772536607,0.90163562102,79.9718839867,88.6970785856,0.90163562102,956.54761904762,956.54761904762,956.54761904762,,,43.07419753086,,,43.73540453525,,,4.77323030505,,,192.47591043048,140.7494101269,,381.72690488952
1995-08-01,1995,"Q3","1995/96","Q1","August",,,41.94649835784,42.40110510747,7.23069807781,97.67,80.74956270587,0.89991771689,96.21768027526,106.91655072393,0.89991771689,957.39130434783,957.39130434783,957.39130434783,,,44.33271604938,,,45.25229465276,,,3.97455277641,,,197.32457931303,145.9632142021,,382.4159655479
1995-09-01,1995,"Q3","1995/96","Q1","September",,,42.72595933,42.74041266237,9.7567471181,91.74,75.5247796861,0.89957545488,100.0535558207,111.22291445446,0.89957545488,961.71428571429,961.71428571429,961.71428571429,,,44.46308641975,,,47.10799914502,,,3.82935241045,,,198.08457159623,146.88656596607,,383.1397491672
1995-10-01,1995,"Q4","1995/96","Q2","October",,,43.49035286994,43.15800932241,9.74090059049,91.65,86.01481948792,0.90027609195,99.88099800855,110.94325483977,0.90027609195,1028.54545454546,1028.54545454546,1028.54545454546,,,38.35320987654,,,43.44844123414,,,3.76128527281,,,183.96997324056,137.17948408531,,375.67552186245
1995-11-01,1995,"Q4","1995/96","Q2","November",,,44.62688178293,44.08558256859,10.13624398475,96.62,83.54265809379,0.89931912391,106.20383641954,118.09315142058,0.89931912391,1022.8347107438,1022.8347107438,1022.8347107438,,,40.06135802469,,,44.31421399472,,,3.56674920835,,,186.5452550586,140.85116496306,,378.8009991212
1995-12-01,1995,"Q4","1995/96","Q2","December",,,44.54604694286,43.88278385208,8.30998406934,85.4,73.08394997037,0.89947089101,89.21812775796,99.19163354059,0.89947089101,1010.88744588745,1010.88744588745,1010.88744588745,,,44.47543209877,,,46.28763220025,,,5.14290906814,,,189.77993612368,142.50501384363,,458.85028011835
1996-01-01,1996,"Q1","1995/96","Q3","January",,,44.53312626232,44.26007531895,8.41911030543,94.76,72.02810080896,0.88334336837,99.44013227397,112.57001083207,0.88334336837,1015.4347826087,1015.4347826087,1015.4347826087,,,60.50111111111,,,50.4883305002,,,4.47033969439,,,191.26134535585,143.44127898802,,444.52153314635
1996-02-01,1996,"Q1","1995/96","Q3","February",,,44.98071653525,44.7335740095,6.9745946949,118.36,77.07776422013,0.88295075865,116.09761281661,131.49386674135,0.88295075865,1005.61904761905,1005.61904761905,1005.61904761905,,,63.64777777778,,,51.72368388171,,,3.87231763326,,,193.72963557516,146.38170276621,,449.5861183134
1996-03-01,1996,"Q1","1995/96","Q3","March",,,44.70537511638,44.59503703746,6.04701894911,85.43,85.75540493843,0.88146964127,88.37431605387,100.26168767728,0.88146964127,999.8,999.8,999.8,,,62.82111111111,,,52.44359113154,,,5.29411137186,,,194.86912854808,146.62757266623,,467.88103028855
1996-04-01,1996,"Q2","1995/96","Q4","April",,,45.23527494314,44.64675962321,6.40272817552,90.87,82.46615662734,0.88374745948,86.85535284354,98.28239557582,0.88374745948,1001.46363636364,1001.46363636364,1001.46363636364,,,50.51296296296,,,53.30303503801,,,5.30702400937,,,197.33398008495,148.08079303147,,460.95121328548
1996-05-01,1996,"Q2","1995/96","Q4","May",,,45.31657098141,44.88444329853,6.47745205357,87.5,82.08118420403,0.88409627743,83.33241814749,94.25811598953,0.88409627743,1012.28458498024,1012.28458498024,1012.28458498024,,,47.37074074074,,,52.20324212666,,,5.76071692598,,,198.07930476127,148.2503952854,,480.05926260799
1996-06-01,1996,"Q2","1995/96","Q4","June",,,45.05952051848,44.99374653469,5.80278037523,95.2,74.39321350646,0.88158894014,91.99225397212,104.34883100995,0.88158894014,1030.50272727273,1030.50272727273,1030.50272727273,,,45.8862962963,,,51.28063673006,,,5.22899169451,,,193.36224131486,144.2563366536,,481.02946336068
1996-07-01,1996,"Q3","1996/97","Q1","July",,,45.00855717935,45.48678454248,8.38415809052,110.89,80.16209879884,0.87878379513,100.28987967302,114.12416405398,0.87878379513,1048.27826086957,1048.27826086957,1048.27826086957,,,47.46358024691,,,49.06058230447,,,4.75521300514,,,189.93023731207,143.09133259663,,476.90257884508
1996-08-01,1996,"Q3","1996/97","Q1","August",,,45.07062526391,45.62051225131,7.59274348081,102.88,71.1372836988,0.87885927852,100.4248238605,114.26466160025,0.87885927852,1058,1058,1058,,,48.24172839506,,,50.4977463181,,,4.74883381398,,,187.30695441274,142.06602598325,,476.89004910672
1996-09-01,1996,"Q3","1996/97","Q1","September",,,46.70913381998,46.7365809769,9.34985898731,92.23,77.71580580212,0.87621992428,95.99545886181,109.55567181927,0.87621992428,1066.38095238095,1066.38095238095,1066.38095238095,,,49.62469135802,,,53.09026927468,,,4.90938340327,,,186.37914256484,144.03018356166,,471.27559347104
1996-10-01,1996,"Q4","1996/97","Q2","October",,,47.58861643616,47.15400851313,9.25899793214,110.24,76.50635671776,0.87570709244,111.15400762098,126.92906383688,0.87570709244,1087.6347826087,1087.6347826087,1087.6347826087,,,51.48703703704,,,58.10697603934,,,4.16837913353,,,181.73327595037,140.84805131413,,463.32652248416
1996-11-01,1996,"Q4","1996/97","Q2","November",,,47.34977909704,46.6988974098,5.92782195211,95.88,87.06724221062,0.87498139588,100.55482934657,114.92145559262,0.87498139588,1069.04761904762,1069.04761904762,1069.04761904762,,,54.1737037037,,,59.50360673615,,,4.87530070623,,,184.52354227313,140.71098540999,,490.2316456488
1996-12-01,1996,"Q4","1996/97","Q2","December",,,47.18325770914,46.33507194297,5.58826919266,103.51,86.29790974118,0.87438668031,106.9834290115,122.3479430527,0.87438668031,1020.71515151515,1020.71515151515,1020.71515151515,,,57.55925925926,,,59.51217870394,,,4.93898975431,,,194.93375950308,147.21430452269,,528.3702089198
1997-01-01,1997,"Q1","1996/97","Q3","January",,,47.02629521665,46.62944488064,5.35328858935,107.91,76.3292605886,0.83565622109,113.52645889714,135.84634554477,0.83565622109,1032.25362318841,1032.25362318841,1032.25362318841,,,65.66691358025,,,55.23473603184,,,4.65202036246,,,194.03257635016,146.18851112976,,528.1012957036
1997-02-01,1997,"Q1","1996/97","Q3","February",,,46.41367452902,46.05923309376,2.963454438,102.34,85.16953440398,0.83521826354,102.90868491347,123.21431226595,0.83521826354,1022.19166666667,1022.19166666667,1022.19166666667,,,67.43283950617,,,54.95525974214,,,5.13360629169,,,199.23584510415,147.56241610959,,528.3035963637
1997-03-01,1997,"Q1","1996/97","Q3","March",,,47.70102939724,47.54913972932,6.62428576834,92.84,74.24026250353,0.83670329002,97.65820158958,116.71995171951,0.83670329002,1011.59956709957,1011.59956709957,1011.59956709957,,,66.88024691358,,,55.72371567731,,,5.5128399303,,,201.8140698595,153.60693336594,,538.38377120095
1997-04-01,1997,"Q2","1996/97","Q4","April",,,49.76453634339,49.16661162694,10.12358352963,116.52,81.90911744306,0.83760804499,114.25111697537,136.39363277843,0.83760804499,1018.9867768595,1018.9867768595,1018.9867768595,,,62.29950617284,,,64.3661138176,,,4.94901063173,,,197.80073162542,154.58936691861,,565.39674787429
1997-05-01,1997,"Q2","1996/97","Q4","May",,,50.66227163093,50.36443567361,12.20911294059,111.02,87.70087584506,0.83683634309,110.40507877327,131.93573413099,0.83683634309,1050.95454545455,1050.95454545455,1050.95454545455,,,58.39209876543,,,63.18972542992,,,5.61142259539,,,192.78764610641,153.07786591938,,619.54944924925
1997-06-01,1997,"Q2","1996/97","Q4","June",,,49.76038693722,49.86384931632,10.82395478642,112.17,83.56701891823,0.83402480092,109.51946959234,131.31395730826,0.83402480092,1057.91428571429,1057.91428571429,1057.91428571429,,,53.44839506173,,,59.0752843856,,,5.69290254581,,,192.65961114335,151.80129798026,,623.4815842497
1997-07-01,1997,"Q3","1997/98","Q1","July",,,49.57969065232,50.25941422594,10.50780693387,124.21,85.80489702172,0.83250770485,111.50311873537,133.93706600933,0.83250770485,1060.1652173913,1060.1652173913,1060.1652173913,,,44.56320987654,,,47.04208097306,,,5.38929328198,,,196.41379231489,156.32753025113,,600.9259575501
1997-08-01,1997,"Q3","1997/98","Q1","August",,,48.87357094822,49.43933054393,8.36432444573,107.89,81.89263238002,0.83399635716,106.10523358679,127.22798995735,0.83399635716,1079.84814814815,1079.84814814815,1079.84814814815,,,39.72580246914,,,42.63278176236,,,5.50255328423,,,199.473295126,157.28465833089,,583.86317204802
1997-09-01,1997,"Q3","1997/98","Q1","September",,,49.22663080027,49.18828451883,5.29418893109,103.72,75.58138984558,0.83319669553,104.83731762001,125.82438106327,0.83319669553,1104.94949494949,1104.94949494949,1104.94949494949,,,36.03098765432,,,39.00870292326,,,5.47421903251,,,193.92746163989,151.11337710552,,573.89774619899
1997-10-01,1997,"Q4","1997/98","Q2","October",,,50.01681237391,49.38912133891,4.77500739125,113.48,84.89162828391,0.83170576612,110.53131273357,132.89442289806,0.83170576612,1131.50724637681,1131.50724637681,1131.50724637681,,,32.00666666667,,,35.73205081606,,,5.10935631667,,,188.30932311393,146.80198075896,,564.73234184878
1997-11-01,1997,"Q4","1997/98","Q2","November",,,50.95830531271,50.20920502092,7.52975084995,101.67,79.725187667,0.83064491113,104.56408473831,125.88936351506,0.83064491113,1136.49166666667,1136.49166666667,1136.49166666667,,,31.70111111111,,,34.37411986887,,,5.95306248552,,,188.03099555767,147.68539520611,,622.50791205456
1997-12-01,1997,"Q4","1997/98","Q2","December",,,51.49630127774,50.42677824268,8.83854055722,106.88,75.3025754383,0.82916276002,111.48282202984,134.44039878497,0.82916276002,1134.41304347826,1134.41304347826,1134.41304347826,,,33.64222222222,,,34.41124926979,,,5.68275613083,,,191.73432772101,150.64465563713,,633.4736822615
1998-01-01,1998,"Q1","1997/98","Q3","January",,,51.59717552118,51.09623430962,9.62393463953,70.37,83.45076314073,0.79399415054,74.96228400926,94.40670833183,0.79399415054,1144.125,1144.125,1144.125,,,44.13567901235,,,37.65606902161,,,8.45807121167,,,192.08410705547,151.20578691345,,634.00325916848
1998-02-01,1998,"Q1","1997/98","Q3","February",,,50.73974445192,50.32635983264,9.26785504661,73.98,89.33318676913,0.79471084085,76.26486529205,95.96970547963,0.79471084085,1151.025,1151.025,1151.025,,,45.84086419753,,,37.7864196307,,,8.68175597986,,,189.96298930015,146.80435730869,,662.14128363712
1998-03-01,1998,"Q1","1997/98","Q3","March",,,49.84868863484,49.70711297071,4.55090509962,75.51,96.30177834138,0.79265638838,78.35800240946,98.85247498103,0.79265638838,1149.61363636364,1149.61363636364,1149.61363636364,,,45.06345679012,,,37.80257494639,,,8.79118784615,,,190.17035402456,145.56907233153,,688.84273091016
1998-04-01,1998,"Q2","1997/98","Q4","April",,,49.73100201748,49.18828451883,0.04839919355,75.52,86.19652071288,0.79127127755,73.27523641568,92.60908643319,0.79127127755,1168.79545454546,1168.79545454546,1168.79545454546,,,36.01580246914,,,36.43594899898,,,9.66074480735,,,186.36322915246,140.69192693723,,707.92880401408
1998-05-01,1998,"Q2","1997/98","Q4","May",,,49.64694014795,49.53974895397,-1.6188958237,79.93,79.18788517915,0.78999490155,78.83507418653,99.79099973631,0.78999490155,1214.45238095238,1214.45238095238,1214.45238095238,,,34.61395061728,,,36.67442832184,,,8.63845747649,,,180.49332849027,136.29633775804,,681.00753916064
1998-06-01,1998,"Q2","1997/98","Q4","June",,,49.0753194351,49.32217573222,-1.08338492104,86.26,96.87205990341,0.78952965872,84.6721272665,107.24519705133,0.78952965872,1230.13636363636,1230.13636363636,1230.13636363636,,,35.07024691358,,,38.19066450068,,,8.92041989536,,,180.94332144243,135.84163411393,,755.3211534819
1998-07-01,1998,"Q3","1998/99","Q1","July",,,48.15063887021,48.78661087866,-2.9304029304,103.36,87.99861885909,0.78829420845,93.6601656012,118.80984232197,0.78829420845,1230.89130434783,1230.89130434783,1230.89130434783,,,40.08049382716,,,42.85555826659,,,7.94120514429,,,181.89153394042,134.95017932104,,743.7506150146
1998-08-01,1998,"Q3","1998/99","Q1","August",,,47.99932750504,48.50209205021,-1.89573459716,86.18,87.716972891,0.78683977685,86.34648309336,109.73878111651,0.78683977685,1230.29904761905,1230.29904761905,1230.29904761905,,,42.2312345679,,,46.03926173243,,,8.58500955934,,,181.32869853516,134.38300340108,,741.2884506668
1998-09-01,1998,"Q3","1998/99","Q1","September",,,48.48688634835,48.45188284519,-1.49710785982,86.71,95.80271091943,0.78562224925,87.42781892704,111.28626119858,0.78562224925,1274.27272727273,1274.27272727273,1274.27272727273,,,44.21827160494,,,48.33345931188,,,8.25535587468,,,171.78802962789,126.66203967864,,721.7572259354
1998-10-01,1998,"Q4","1998/99","Q2","October",,,49.19300605245,48.5690376569,-1.66045408336,88.88,89.87215576871,0.78698540723,86.43273165925,109.83235712434,0.78698540723,1311.54545454546,1311.54545454546,1311.54545454546,,,45.46234567901,,,50.28255018677,,,8.08138119735,,,163.99747079326,120.91306758154,,698.52602686025
1998-11-01,1998,"Q4","1998/99","Q2","November",,,49.19300605245,48.46861924686,-3.46666666667,80.85,88.72403466905,0.78694700163,81.89508006663,104.06225462676,0.78694700163,1354.83333333333,1354.83333333333,1354.83333333333,,,47.55641975309,,,51.02518309664,,,8.55386205697,,,160.1648912108,117.846502868,,700.48842788316
1998-12-01,1998,"Q4","1998/99","Q2","December",,,50.26899798252,49.23849372385,-2.35645536011,81.38,103.12661405027,0.78502193652,85.80227100775,109.29464245813,0.78502193652,1364.60869565217,1364.60869565217,1364.60869565217,,,49.9212345679,,,50.68326984297,,,8.45449196915,,,158.95859406759,118.662072903,,725.38433608608
1999-01-01,1999,"Q1","1998/99","Q3","January",,,50.38668459987,49.92468619247,-2.29282672781,81.21,78.59305943901,0.77018594633,87.12710651987,113.12255233565,0.77018594633,1369.86904761905,1369.86904761905,1369.86904761905,,,56.73851851852,,,49.04080043357,,,8.13670492996,,,159.03948327578,120.00895966712,,708.91316301957
1999-02-01,1999,"Q1","1998/99","Q3","February",,,51.22730329523,50.84518828452,1.03092783505,112.18,84.28497007423,0.76789882547,116.7371024625,152.02527840464,0.76789882547,1376.85,1376.85,1376.85,,,56.50851851852,,,47.29745182714,,,6.07487371525,,,160.59757674424,122.88878807884,,709.18062763024
1999-03-01,1999,"Q1","1998/99","Q3","March",,,51.31136516476,51.19665271967,2.99663299663,100.5,90.42389037754,0.76791885237,101.67395411009,132.40007968884,0.76791885237,1373.76260869565,1373.76260869565,1373.76260869565,,,53.41296296296,,,45.47662348564,,,7.47498203188,,,162.84597049267,125.20256026496,,760.00029521936
1999-04-01,1999,"Q2","1998/99","Q4","April",,,52.20242098184,51.64853556485,5.00170125893,121,96.08723559358,0.7678748388,116.78344218343,152.09009777912,0.7678748388,1434.27272727273,1434.27272727273,1434.27272727273,,,41.56444444444,,,41.35212934465,,,6.13358695333,,,156.38610588041,120.91488958319,,716.31804567902
1999-05-01,1999,"Q2","1998/99","Q4","May",,,51.8661735037,51.7489539749,4.45945945946,111.58,86.81612955287,0.76858821792,107.20002406582,139.47753577286,0.76858821792,1507.78571428571,1507.78571428571,1507.78571428571,,,37.15333333333,,,38.72603173669,,,6.46051210124,,,151.03707503409,116.55405741001,,692.57227079024
1999-06-01,1999,"Q2","1998/99","Q4","June",,,51.66442501681,51.89958158996,5.22565320665,109.01,92.86481505707,0.76895669711,107.22923346007,139.45108809469,0.76895669711,1453.68181818182,1453.68181818182,1453.68181818182,,,34.29222222222,,,36.81935274157,,,6.90177392908,,,161.23590800519,124.75890825629,,740.09031047801
1999-07-01,1999,"Q3","1999/00","Q1","July",,,51.59717552118,52.21757322176,7.03259005146,100.15,85.29607053106,0.76839110563,91.68262613083,119.31936154973,0.76839110563,1457.65909090909,1457.65909090909,1457.65909090909,,,34.28382716049,,,36.84220184834,,,8.21650629451,,,160.6852275557,125.17488105107,,753.3222061151
1999-08-01,1999,"Q3","1999/00","Q1","August",,,52.16879623403,52.65271966527,8.55762594893,108.22,85.12907750829,0.77038045928,110.98952205388,144.07278146627,0.77038045928,1468.45454545455,1468.45454545455,1468.45454545455,,,33.54567901235,,,36.66555478853,,,6.66860477065,,,159.32247026351,124.93519082964,,740.15432586676
1999-09-01,1999,"Q3","1999/00","Q1","September",,,53.2784129119,53.2050209205,9.81001727116,128.34,79.32200941458,0.77137272281,130.38923220352,169.0350986654,0.77137272281,1499.09090909091,1499.09090909091,1499.09090909091,,,33.38049382716,,,36.54249899546,,,5.64091475053,,,155.27682187428,122.6853932863,,735.51361422973
1999-10-01,1999,"Q4","1999/00","Q2","October",,,53.90047074647,53.17154811715,9.47622329428,121.65,101.86457316155,0.77117895025,119.68750154258,155.202508133,0.77117895025,1513.33333333333,1513.33333333333,1513.33333333333,,,33.6450617284,,,36.85145448395,,,6.03683702285,,,153.08740103871,120.42641676383,,722.54212364704
1999-11-01,1999,"Q4","1999/00","Q2","November",,,53.98453261601,53.2050209205,9.77209944751,121.45,90.4802899713,0.77148938266,121.93930426355,158.05530708491,0.77148938266,1508.85227272727,1508.85227272727,1508.85227272727,,,34.73320987654,,,36.94788424267,,,6.05716240433,,,154.0596795656,120.94901649878,,738.59765987432
1999-12-01,1999,"Q4","1999/00","Q2","December",,,54.52252858104,53.48953974895,8.63358259687,126.8,83.95260509633,0.77054985636,136.26854608587,176.83822443031,0.77054985636,1509.11956521739,1509.11956521739,1509.11956521739,,,36.50172839506,,,36.90520042774,,,5.6003324655,,,154.5746785064,121.58823607713,,763.11569612698
2000-01-01,2000,"Q1","1999/00","Q3","January",,,53.39609952925,52.98744769874,6.13476366074,119.63,111.23919624757,0.76011265536,126.45876974548,166.37186141359,0.76011265536,1540,1540,1540,,,41.69925925926,,,36.58269225859,,,5.82639220753,,,145.07165156161,118.69956293699,1.16420664632,736.79839061862
2000-02-01,2000,"Q1","1999/00","Q3","February",,,52.32010759919,52.03347280335,2.3370638578,120.42,111.89935301335,0.76185999319,124.03704145623,162.81490029376,0.76185999319,1522.61904761905,1522.61904761905,1522.61904761905,,,42.76703703704,,,36.4617441093,,,5.72682437935,,,148.9054822713,119.34548567968,1.25253802096,710.33835295378
2000-03-01,2000,"Q1","1999/00","Q3","March",,,52.92535305985,52.85355648536,3.23635174894,156.27,122.1841283221,0.76235097838,154.44961687623,202.59554357297,0.76235097838,1518.91304347826,1518.91304347826,1518.91304347826,,,42.4537037037,,,36.72551003862,,,4.66567455679,,,150.70884144289,122.72775435434,1.31066483928,720.61164776554
2000-04-01,2000,"Q2","1999/00","Q4","April",,,53.46334902488,52.8870292887,2.39792611795,116.12,115.68332216906,0.76329745565,111.93164767352,146.63834116259,0.76329745565,1527.65,1527.65,1527.65,,,38.91135802469,,,38.40962215989,,,6.86448905568,,,150.23388993028,121.90751014072,1.20261459956,768.35357043917
2000-05-01,2000,"Q2","1999/00","Q4","May",,,52.99260255548,52.85355648536,2.13454075032,150.87,122.93672177789,0.76449826297,142.78780727629,186.77362343802,0.76449826297,1576.31086956522,1576.31086956522,1576.31086956522,,,37.22172839506,,,38.37478229777,,,5.06708859891,,,149.08073540527,120.29814640756,1.16215127142,723.51847031352
2000-06-01,2000,"Q2","1999/00","Q4","June",,,52.65635507734,52.83682008368,1.80586907449,139.47,119.30232796705,0.7648399451,138.0037454317,180.42885047075,0.7648399451,1568.90909090909,1568.90909090909,1568.90909090909,,,35.53691358025,,,37.71369213649,,,5.25958231834,,,149.02761733748,119.14893165401,1.12980163584,725.84205933766
2000-07-01,2000,"Q3","2000/01","Q1","July",,,52.89172831204,53.40585774059,2.27564102564,69.54,90.28124070612,0.7652748213,65.26778603865,85.29114375886,0.7652748213,1604.5,1604.5,1604.5,,,32.66185185185,,,34.91154211099,,,10.74052686411,,,146.47593107666,118.3920598377,1.07195873955,701.01040930896
2000-08-01,2000,"Q3","2000/01","Q1","August",,,53.69872225958,54.07531380753,2.70184361093,82.45,88.8500247043,0.76531836057,85.717310676,112.00240821548,0.76531836057,1689.32608695652,1689.32608695652,1689.32608695652,,,31.88296296296,,,34.49247083746,,,8.02881484853,,,141.46844971592,115.4501943202,1.00237352199,688.20841673169
2000-09-01,2000,"Q3","2000/01","Q1","September",,,54.79152656355,54.69456066946,2.79962252281,78.7,99.62321293641,0.76601583739,80.26563056511,104.78771534646,0.76601583739,1776.30952380952,1776.30952380952,1776.30952380952,,,32.00518518519,,,34.69103650024,,,8.95229596082,,,136.42537133099,112.01523038178,0.84343396275,718.56168030101
2000-10-01,2000,"Q4","2000/01","Q2","October",,,56.17014122394,55.39748953975,4.18633931382,73.95,81.98562197574,0.76724839704,73.35146924461,95.60149436303,0.76724839704,1835.61363636364,1835.61363636364,1835.61363636364,,,33.70308641975,,,36.82164186461,,,9.65916332957,,,133.86157804629,111.03780392259,0.91675176463,708.5138218975
2000-11-01,2000,"Q4","2000/01","Q2","November",,,57.26294552791,56.45188284519,6.10254797106,83.9,91.30045988077,0.76637490458,82.99653213173,108.29806012012,0.76637490458,1849.5,1849.5,1849.5,,,35.12160493827,,,37.32541329767,,,8.34938449372,,,132.7357268067,111.9200441589,,692.96995841303
2000-12-01,2000,"Q4","2000/01","Q2","December",,,56.82582380632,55.84937238494,4.41176470588,65.28,85.3130115947,0.76468442418,70.72264179127,92.48870818395,0.76468442418,1768.09523809524,1768.09523809524,1768.09523809524,,,36.93530864198,,,37.45356867668,,,11.42551194833,,,136.03107743433,113.04220815381,,808.04238880333
2001-01-01,2001,"Q1","2000/01","Q3","January",,,55.8507061197,55.53138075314,4.8010107391,77.46,103.74143344648,0.73733639989,79.84297822506,108.28204937466,0.73733639989,1823.35869565217,1823.35869565217,1823.35869565217,,,40.91802469136,,,36.33794511117,,,9.83847238871,,,131.57679489319,108.48519560929,,785.53293669958
2001-02-01,2001,"Q1","2000/01","Q3","February",,,55.56489576328,55.38075313808,6.43293663557,73.8,96.15341069381,0.73672587244,75.3729795177,102.30762937567,0.73672587244,1742.625,1742.625,1742.625,,,42.19172839506,,,36.59825189596,,,10.15528828335,,,138.88819040615,114.33911431517,,765.43433577741
2001-03-01,2001,"Q1","2000/01","Q3","March",,,55.32952252858,55.29707112971,4.62317922736,88.11,113.33409840396,0.73656062615,86.13573856752,116.9465708636,0.73656062615,1747.61363636364,1747.61363636364,1747.61363636364,,,42.53024691358,,,37.34467759932,,,8.90504793082,,,139.23166579385,114.5608681138,,767.04288050038
2001-04-01,2001,"Q2","2000/01","Q4","April",,,56.10289172831,55.48117154812,4.90506329114,86.25,109.22617573156,0.73570999323,85.00809195541,115.55085605291,0.73570999323,1768.80952380952,1768.80952380952,1768.80952380952,,,40.75827160494,,,40.09068833629,,,8.90947759463,,,139.07178553367,114.19728863365,,757.37769063909
2001-05-01,2001,"Q2","2000/01","Q4","May",,,55.71620712845,55.48117154812,4.97150094997,84.15,108.5757367711,0.73519078685,79.35480614642,107.93490635312,0.73519078685,1787.91304347826,1787.91304347826,1787.91304347826,,,40.10790123457,,,41.0345662789,,,9.78871843881,,,139.17131685217,114.16374030022,,776.78185413361
2001-06-01,2001,"Q2","2000/01","Q4","June",,,55.74983187626,55.89958158996,5.79664238201,77.7,104.12259444569,0.73421431886,77.14680128369,105.07650114414,0.73421431886,1774.28571428571,1774.28571428571,1774.28571428571,,,39.40382716049,,,41.39695669492,,,9.60375890761,,,141.63183876548,116.32023178397,,740.89928002167
2001-07-01,2001,"Q3","2001/02","Q1","July",,,55.43039677202,55.84937238494,4.57536822313,86.39,118.54301380506,0.73354771311,82.22299806126,112.08773858125,0.73354771311,1730.63636363636,1730.63636363636,1730.63636363636,,,38.51271604938,70.76950224368,0.54419933486,40.83245610402,74.16412336577,0.55056884988,9.13122846179,,,145.22631032211,119.2421560409,1.06042529594,750.79698011069
2001-08-01,2001,"Q3","2001/02","Q1","August",,,54.77471418964,55.0460251046,1.7951098731,84.57,121.67242165858,0.73288188775,88.11630247247,120.23411887689,0.73288188775,1745.19565217391,1745.19565217391,1745.19565217391,,,37.8012345679,74.6822620995,0.5061608139,40.33832936509,81.83869163506,0.49290046748,8.78476802606,,,141.17980838948,114.03136381851,1.00961817178,774.08127653457
2001-09-01,2001,"Q3","2001/02","Q1","September",,,54.38802958978,54.25941422594,-0.79559363525,75.68,122.14724627138,0.73246533149,77.4555094637,105.74327879091,0.73246533149,1762.7875,1762.7875,1762.7875,,,37.13604938272,86.14953626196,0.43106499459,39.76275527007,92.9344121999,0.42785825324,9.80976622345,,,140.71487766547,111.98931097049,0.89526379905,759.82044055737
2001-10-01,2001,"Q4","2001/02","Q2","October",,,54.45527908541,53.70711297071,-3.05135951662,85.35,121.79807143747,0.7318565511,84.82281166415,115.90609594017,0.7318565511,1742.21739130435,1742.21739130435,1742.21739130435,,,35.33,78.19263942781,0.45183281008,38.40382563704,81.9103321829,0.46885203141,8.9622050946,,,143.30401548202,112.72043902113,0.98772169018,760.19943483473
2001-11-01,2001,"Q4","2001/02","Q2","November",,,54.2030934768,53.47280334728,-5.27720130448,83.46,134.8924923552,0.73228799292,81.50317058359,111.30877940476,0.73228799292,1738.34090909091,1738.34090909091,1738.34090909091,,,35.64777777778,79.39354565471,0.44900095447,37.7993853838,84.68304350759,0.44636309488,9.0455274161,,,144.88047486131,113.30795465977,0.97397060931,737.23916401276
2001-12-01,2001,"Q4","2001/02","Q2","December",,,54.30396772024,53.45606694561,-4.2852861852,72.51,107.07567392786,0.73203484882,78.35084497701,107.03410115273,0.73203484882,1720.22619047619,1720.22619047619,1720.22619047619,,,36.90222222222,82.52007828593,0.44719082905,37.48019488826,83.48956138897,0.4489207305,12.55069322184,,,148.72748018518,116.27163131176,0.96505608893,983.35741897863
2002-01-01,2002,"Q1","2001/02","Q3","January",,,53.90047074647,53.72384937238,-3.25497287523,97.85,131.14252188668,0.72420001062,97.76600760789,134.99625557363,0.72420001062,1739.97826086957,1739.97826086957,1739.97826086957,,,41.63654320988,95.7919854761,0.43465581179,37.55625812706,90.36446196603,0.4156087173,9.43248617808,,,147.57637173017,115.78175219032,0.93404575256,922.17651544791
2002-02-01,2002,"Q1","2001/02","Q3","February",,,53.9677202421,53.9079497908,-2.65941372016,84.29,111.99885342705,0.72366875038,86.09184763779,118.9645516452,0.72366875038,1746.7,1746.7,1746.7,,,42.85691358025,100.72543408048,0.42548254045,37.91470701687,91.63900127988,0.41373985407,10.80466399572,,,148.00969081227,116.34631196127,0.90539204959,930.1934864968
2002-03-01,2002,"Q1","2001/02","Q3","March",,,54.05178211163,54.09205020921,-2.17917675545,80.72,119.69603104458,0.72368531072,79.24354505122,109.50199310869,0.72368531072,1778.7380952381,1778.7380952381,1778.7380952381,,,43.10654320988,86.42569682518,0.49876998154,38.50766988359,80.79982935982,0.4765810793,11.6400100412,,,145.00884927826,114.17210835316,1.03864435305,922.39566009615
2002-04-01,2002,"Q2","2001/02","Q4","April",,,54.38802958978,53.77405857741,-3.07692307692,79.63,107.90484662554,0.72469397506,80.12238630792,110.55348389473,0.72469397506,1802.77272727273,1802.77272727273,1802.77272727273,,,41.16864197531,92.59524392804,0.44460860222,40.39988885003,92.72372906927,0.43570172658,11.3012766732,,,142.4608544034,111.30164803006,0.93143667404,905.48525538266
2002-05-01,2002,"Q2","2001/02","Q4","May",,,54.38802958978,54.02510460251,-2.62443438914,91.66,124.41550974454,0.72432071576,87.57414829841,120.90367178085,0.72432071576,1811.71739130435,1811.71739130435,1811.71739130435,,,40.38938271605,96.01637124595,0.42065100141,40.97875523106,99.81362335578,0.41055272671,10.26659869075,,,139.44735934103,109.21752926774,0.87916137878,899.0886362639
2002-06-01,2002,"Q2","2001/02","Q4","June",,,54.33759246806,54.44351464435,-2.60479041916,82.15,119.50674451799,0.72564183893,82.17791445876,113.24969165239,0.72564183893,1816.4,1816.4,1816.4,,,39.55197530864,92.5868907284,0.42718763961,41.10292716712,97.29203301803,0.4224696092,10.55363714795,,,137.47154986609,107.75903319214,0.87812656023,867.27589077302
2002-07-01,2002,"Q3","2002/03","Q1","July",,,54.03496973773,54.27615062762,-2.81690140845,88.62,121.11542384782,0.72741598966,85.48434105118,117.51912289323,0.72741598966,1810.78260869565,1810.78260869565,1810.78260869565,,,38.0149382716,74.26913926416,0.51185376118,39.9736721498,77.3139408455,0.51703058611,10.6510235429,,,134.65333535642,105.21694889718,1.00524588159,910.49572908547
2002-08-01,2002,"Q3","2002/03","Q1","August",,,54.47209145931,54.64435146444,-0.72970507753,77.29,112.26072761079,0.73009082939,79.21970667276,108.50980756877,0.73009082939,1813.52272727273,1813.52272727273,1813.52272727273,,,37.54234567901,72.97996576187,0.51441988616,39.61059596095,78.94165066672,0.50177055618,10.77753205164,,,135.15815016629,106.01229780459,1.00894423517,853.79292778709
2002-09-01,2002,"Q3","2002/03","Q1","September",,,55.11096166779,54.96234309623,1.29549660703,85.24,119.95487999998,0.73267372743,86.93126638315,118.6621880773,0.73267372743,1817.61904761905,1817.61904761905,1817.61904761905,,,37.49271604938,73.27138548248,0.51169656207,39.70541758588,78.06244631205,0.50863660392,10.14443897486,,,135.07667146302,106.48462003524,0.97784576376,881.86892683124
2002-10-01,2002,"Q4","2002/03","Q2","October",,,56.59045057162,55.89958158996,4.08226861951,94.53,128.50655917895,0.73307957769,93.28627977908,127.25891312082,0.73307957769,1820.78260869565,1820.78260869565,1820.78260869565,,,37.12481481481,73.91634863163,0.50225444712,40.05611604963,76.95171141127,0.52053574008,9.76811792959,,,134.23627478301,107.13890125564,0.96173741251,911.23138209503
2002-11-01,2002,"Q4","2002/03","Q2","November",,,57.22932078009,56.50209205021,5.66510172144,93.54,130.85285435348,0.73211012097,90.36163927953,123.42161497102,0.73211012097,1836.38095238095,1836.38095238095,1836.38095238095,,,38.47703703704,67.5509093765,0.56960057817,40.55684827933,71.44462519572,0.56766829091,10.06346798513,,,132.82394499612,106.76143815198,1.11967398808,909.35146397345
2002-12-01,2002,"Q4","2002/03","Q2","December",,,57.41425689307,56.61924686192,5.91734502192,84.95,136.86030487619,0.73077710943,90.03062802662,123.19623207876,0.73077710943,1848.90909090909,1848.90909090909,1848.90909090909,,,40.80814814815,74.48205237315,0.54789236934,41.39458305232,75.17303212373,0.55065735521,10.37435366619,,,130.10460856476,104.4616040074,1.07534963954,934.00957593753
2003-01-01,2003,"Q1","2002/03","Q3","January",,,57.58238063215,57.50627615063,7.04049844237,98.92,144.43830605148,0.76522976502,97.53035926094,127.45261394836,0.76522976502,1871.51086956522,1871.51086956522,1871.51086956522,,,47.66086419753,77.74224111701,0.61306264796,43.60676503728,73.92285910376,0.589895542,9.42285455576,,,125.85715245588,102.21346766977,1.19374692944,919.01439008725
2003-02-01,2003,"Q1","2002/03","Q3","February",,,58.05312710155,58.05857740586,7.6994722136,95.26,143.26131858556,0.76813104951,97.92613560234,127.48747212498,0.76813104951,1884.9475,1884.9475,1884.9475,,,49.29271604938,81.60546013839,0.60403698436,44.47657220039,75.84838505229,0.58638786007,9.03718870646,,,123.77427003559,101.28005983976,1.17565464883,884.97696673229
2003-03-01,2003,"Q1","2002/03","Q3","March",,,58.65837256221,58.74476987448,8.60148514851,89.38,134.5685993525,0.76710610422,88.53759089948,115.41021430891,0.76710610422,1946.35714285714,1946.35714285714,1946.35714285714,,,49.24641975309,89.26239257751,0.55170400805,44.79760846458,85.31453904188,0.52508762243,9.32812729078,,,119.60685867549,98.3310509029,1.13579234039,825.88991792946
2003-04-01,2003,"Q2","2002/03","Q4","April",,,60.30598520511,59.63179916318,10.89324618736,89.29,145.63600604742,0.76629601449,92.92873053049,121.2710230817,0.76629601449,1976.11363636364,1976.11363636364,1976.11363636364,,,43.44938271605,83.12588148251,0.52269379814,42.62775076444,83.63541780417,0.50968539267,8.94154908874,,,117.09926232444,97.30213762146,1.11790941253,830.92680579264
2003-05-01,2003,"Q2","2002/03","Q4","May",,,60.20511096167,59.59832635983,10.31598513011,96.9,144.28739911465,0.7672286955,94.23439379345,122.82829106739,0.7672286955,1997.52272727273,1997.52272727273,1997.52272727273,,,43.1012345679,80.9509043034,0.53243672741,43.51656670121,84.10051770443,0.5174351822,8.64546408723,,,112.20272571872,92.77018817928,1.14406740071,814.70006732302
2003-06-01,2003,"Q2","2002/03","Q4","June",,,59.88567585743,59.94979079498,10.113741162,101.51,145.75757578395,0.76613220547,101.81852112862,132.89191107847,0.76613220547,1999.15476190476,1999.15476190476,1999.15476190476,,,44.12938271605,85.12602246048,0.51840061876,45.51106785006,88.92155237942,0.5118114409,9.48097634926,,,112.4788627812,93.42417202882,1.11878524828,965.3389907367
2003-07-01,2003,"Q3","2003/04","Q1","July",,,60.0537995965,60.18410041841,10.88498304039,102.84,154.44532460282,0.76725215415,99.52445202119,129.71705390801,0.76725215415,1995.33043478261,1995.33043478261,1995.33043478261,,,49.89728395062,97.73503280427,0.51053631967,52.20098474501,101.01042070609,0.51678811335,9.93397102627,,,113.52479346338,94.97310665608,1.10429106644,988.67302278416
2003-08-01,2003,"Q3","2003/04","Q1","August",,,60.08742434432,60.20083682008,10.1684532925,99.32,148.07003331115,0.76909326373,99.35746779032,129.18601376137,0.76909326373,1999.51761904762,1999.51761904762,1999.51761904762,,,51.15543209877,97.82227745737,0.52294255898,53.59435363412,104.702492666,0.51187275746,9.77365371222,,,114.29681668444,95.93260304478,1.11272527239,971.08548390541
2003-09-01,2003,"Q3","2003/04","Q1","September",,,60.32279757902,60.15062761506,9.43970767357,103.77,159.3855462376,0.76904390406,104.5565945084,135.96975231429,0.76904390406,1991.77181818182,1991.77181818182,1991.77181818182,,,51.26728395062,96.13370573746,0.53329145649,53.81433583144,101.40249724729,0.5307003012,9.40728632804,,,114.19355637179,95.5902320693,1.11248288597,983.59382202541
2003-10-01,2003,"Q4","2003/04","Q2","October",,,60.70948217888,60.08368200837,7.48502994012,106.95,162.59287170859,0.76929419774,104.91219528687,136.38992751352,0.76929419774,1990.75434782609,1990.75434782609,1990.75434782609,,,45.35925925926,90.35267804754,0.50202451371,48.2204168369,92.64016398494,0.52051307729,9.25606532762,,,111.69836767155,93.08408285316,1.00078082359,971.07413323968
2003-11-01,2003,"Q4","2003/04","Q2","November",,,60.65904505716,59.98326359833,6.16113744076,110.46,156.68440194071,0.77102992202,106.08459520383,137.58168958317,0.77102992202,1973.2165,1973.2165,1973.2165,,,46.8337037037,90.45425091008,0.5177612244,48.71372093591,94.19557236245,0.51715510309,9.06567781014,,,112.03337109824,92.93849058459,1.0083999518,961.72876073706
2003-12-01,2003,"Q4","2003/04","Q2","December",,,60.81035642233,60.03347280335,6.03015075377,102.81,150.71166525683,0.77213303119,107.20843469843,138.84764191558,0.77213303119,1940.57739130435,1940.57739130435,1940.57739130435,,,50.81703703704,96.52416327501,0.52646959386,51.22227204211,96.66862104564,0.52987485999,10.07622798688,,,111.59351939117,92.40041569312,0.99256465917,1080.25663013831
2004-01-01,2004,"Q1","2003/04","Q3","January",,,59.86886348352,59.84937238494,4.07450523865,104.4,152.70820873546,0.82315221121,102.616735239,124.66367239134,0.82315221121,1934.94363636364,1934.94363636364,1934.94363636364,,,64.8875308642,113.00803588651,0.57418510423,60.17619314803,107.99770335236,0.55719882257,10.41850217384,,,111.21509173399,91.44093479206,1.03472879965,1069.11267916023
2004-02-01,2004,"Q1","2003/04","Q3","February",,,59.73436449227,59.76569037657,2.94032862496,95.4,134.38842236818,0.82703674611,98.83820468577,119.50615627995,0.82703674611,1876.19,1876.19,1876.19,50.69134796525,49.89601359904,68.2049382716,120.68328112089,0.56515647932,62.76167722721,114.64936441937,0.54742280993,10.69772080542,,,115.38012460858,94.55525334787,0.96162605366,1057.34351863722
2004-03-01,2004,"Q1","2003/04","Q3","March",,,59.68392737054,59.78242677824,1.76638176638,108.26,154.83896958117,0.83935147413,108.49823976819,129.26473591726,0.83935147413,1931.81304347826,1931.81304347826,1931.81304347826,51.93299354282,51.90559159395,68.3475308642,112.70997655607,0.60640178405,63.28826742616,109.82994770157,0.57623871039,9.76667124362,,,112.77740136106,91.98282026469,1.03017392341,1059.66663832711
2004-04-01,2004,"Q2","2003/04","Q4","April",,,60.59179556153,59.89958158996,0.44905978108,101.45,144.59199332609,0.84538993224,108.03237760023,127.78247918276,0.84538993224,1921.28227272727,1921.28227272727,1921.28227272727,47.10283040113,46.81368385539,59.16617283951,94.81653039125,0.6240069384,58.25420515413,96.3921069578,0.60434621664,9.94956510581,,,113.73387583501,92.61102905344,1.05561145065,1074.87517446904
2004-05-01,2004,"Q2","2003/04","Q4","May",,,61.12979152656,60.35146443515,1.26368997473,114.14,175.38222678411,0.84493400487,112.95783263027,133.6817435799,0.84493400487,1851.76190476191,1851.76190476191,1851.76190476191,,,57.57098765432,93.88717009942,0.61319334253,58.07505120807,97.98721312456,0.59267989523,10.33125171398,,,118.97208897021,97.10685246939,0.99142567009,1166.99580196898
2004-06-01,2004,"Q2","2003/04","Q4","June",,,60.39004707465,60.40167364017,0.75376884422,119.91,195.00939565203,0.84353145232,120.4678385185,142.80618053434,0.84353145232,1818.46818181818,1818.46818181818,1818.46818181818,47.00983760667,43.45333942034,57.41283950617,94.88952728807,0.60504927305,59.00411291263,99.19953086905,0.59480233823,9.42206502531,,,120.3804459882,98.17728664184,0.97495129357,1135.05580797973
2004-07-01,2004,"Q3","2004/05","Q1","July",,,61.14660390047,61.17154811715,1.64071190211,126.61,183.18749585802,0.84298165989,123.58064455249,146.59440400549,0.84298165989,1746.94545454546,1746.94545454546,1746.94545454546,46.68767442933,42.24444589935,60.57320987654,117.29721740783,0.51640790136,63.2984956601,120.82111612432,0.52390258997,9.30648075444,,,124.55422667504,102.68522190693,0.79707002569,1150.10089014849
2004-08-01,2004,"Q3","2004/05","Q1","August",,,62.87827841291,62.97907949791,4.61495690853,132.18,187.9288563085,0.84090084213,128.48348261704,152.78370662628,0.84090084213,1730.76363636364,1730.76363636364,1730.76363636364,49.81704527678,44.6397949606,61.87802469136,97.66609200351,0.6335671206,64.62494294967,103.82365596073,0.62244911674,9.03806861938,,,126.60261595603,106.35896802223,0.97602755479,1161.24253234985
2004-09-01,2004,"Q3","2004/05","Q1","September",,,63.34902488231,63.16317991632,5.00834724541,131.05,190.65568193064,0.84182427214,130.27346428384,154.77738121758,0.84182427214,1723.25,1723.25,1723.25,52.26549120831,46.55998148207,63.2087654321,102.16620961212,0.6186856268,65.95396576658,107.06135298639,0.61603897136,8.95193146721,,,127.78519174395,106.90664337313,0.95438698017,1166.19912426521
2004-10-01,2004,"Q4","2004/05","Q2","October",,,64.15601882986,63.63179916318,5.90529247911,127.24,174.54765490806,0.84202469422,123.98918368896,147.26630767405,0.84202469422,1735.38095238095,1735.38095238095,1735.38095238095,50.4049300085,45.27973698459,63.89481481481,104.25591575848,0.61286512473,66.51805132772,105.09565776621,0.63292863608,9.57744829895,,,125.255824189,104.88876602556,0.94024679989,1187.49999640992
2004-11-01,2004,"Q4","2004/05","Q2","November",,,65.08069939475,64.46861924686,7.47767857143,130.48,180.2609600273,0.843036546,124.34455474216,147.48388996811,0.843036546,1731.53181818182,1731.53181818182,1731.53181818182,53.09019417199,47.65129637953,65.78037037037,105.16352117988,0.62550559008,67.0890487395,106.84804976038,0.62789212241,9.61750569694,,,123.2639356735,104.42474579726,0.9713134884,1195.88446361587
2004-12-01,2004,"Q4","2004/05","Q2","December",,,65.68594485541,64.92050209205,8.14050738779,136.08,181.01284609301,0.84308318329,140.1981828121,166.28522169448,0.84308318329,1735.83913043478,1735.83913043478,1735.83913043478,55.71130331605,50.10233488694,68.19481481481,108.81044950423,0.62673038413,67.9106993199,107.85452355877,0.62965091383,9.33037482526,,,120.41547766136,102.52770090411,0.98193972764,1308.10159545735
2005-01-01,2005,"Q1","2004/05","Q3","January",,,64.97982515131,64.9539748954,8.52908277405,138.25,191.16376336743,0.86742819271,142.09390216406,158.65638664499,0.86742819271,1728.96666666667,1728.96666666667,1728.96666666667,57.5484596179,51.36806871781,70.88135802469,108.54285443643,0.65302647874,66.57411963382,103.66023566336,0.64223392131,9.18128036327,408641702.256986,402335179.277955,121.80602212621,103.67522534145,1.02940398955,1304.60395367978
2005-02-01,2005,"Q1","2004/05","Q3","February",,,65.13113651648,65.15481171548,9.01708204985,127.74,162.98653571466,0.86907539852,135.49758736868,153.5600569968,0.86907539852,1711.54,1711.54,1711.54,59.39210934032,52.54574988764,74.54617283951,110.92782483495,0.67202411073,69.97027813963,107.30850292306,0.65204784554,9.63347193209,409262843.165669,415442201.574555,123.68385525757,105.54726953322,1.00155954884,1305.31220478219
2005-03-01,2005,"Q1","2004/05","Q3","March",,,66.00537995965,66.10878661088,10.58230683091,119.38,172.52458854466,0.87054400475,120.67665442544,138.09459462688,0.87054400475,1714.17391304348,1714.17391304348,1714.17391304348,61.53016335379,54.59656330417,78.9324691358,110.14353716647,0.71663277907,74.52481346369,109.28983228304,0.68190070299,10.93196828673,449982080.512675,435701868.485468,122.75954356148,105.52083869339,1.01429388997,1319.2333591273
2005-04-01,2005,"Q2","2004/05","Q4","April",,,68.20780094149,67.46443514644,12.62922604079,137.34,184.7190053387,0.87131131572,150.76652034261,171.651484457,0.87131131572,1778.71428571429,1778.71428571429,1778.71428571429,63.53212659106,58.5611369427,88.64419753086,127.55697710793,0.69493805467,87.73229271001,131.68647184631,0.6662209981,9.57716749984,430243602.747855,455166332.930386,119.53460683206,104.04055967866,1.05592634537,1443.91621868918
2005-05-01,2005,"Q2","2004/05","Q4","May",,,68.29186281103,67.29707112971,11.50859678314,139.03,192.35445141201,0.8715112451,137.98320149275,158.60646357677,0.8715112451,1772.40909090909,1772.40909090909,1772.40909090909,70.87922963151,64.96467660537,91.02049382716,128.00350951055,0.71107811165,91.9340058205,134.34618017718,0.68430680872,9.9373022045,428725258.304407,450438596.845715,120.67526802382,104.49890096482,1.06575884352,1371.1807723784
2005-06-01,2005,"Q2","2004/05","Q4","June",,,66.86281102892,66.82845188285,10.64006650042,139.67,203.29079446057,0.87185875947,142.25297814698,161.1120786065,0.87185875947,1739.40909090909,1739.40909090909,1739.40909090909,84.9370132291,76.58801920947,90.66530864198,123.97503577565,0.73131907625,93.07176313423,129.72222077903,0.71746970238,9.32306038565,430416141.889156,445065417.677778,125.02340893202,107.99716725702,1.08137449486,1326.23310530214
2005-07-01,2005,"Q3","2005/06","Q1","July",70.86160108548,70.64904253516,67.83792871553,67.81589958159,10.86183310534,146,188.80107210202,0.86974378404,143.75271737369,164.37053212372,0.86974378404,1752.57142857143,1752.57142857143,1752.57142857143,97.12685258496,88.0500658162,80.78358024691,113.23511965333,0.71341453512,84.42463068673,116.21962012957,0.72642322004,9.06159234042,411091758.063458,419861357.132093,124.97720965051,108.04430588741,1.03727370415,1302.62852266734
2005-08-01,2005,"Q3","2005/06","Q1","August",70.55630936228,70.61514997458,67.60255548083,67.6820083682,7.46744618655,157.63,210.61115460676,0.87029379903,145.12852611501,171.79078017872,0.87029379903,1812.02173913044,1812.02173913044,1812.02173913044,97.86238613443,91.78860672903,80.06172839506,115.86974730072,0.69096317426,83.53410350991,123.17788232068,0.67815830193,8.98490848098,456780122.679929,451467589.098447,119.04718315957,102.36606772604,1.03171719849,1303.96652512331
2005-09-01,2005,"Q3","2005/06","Q1","September",70.60719131615,70.73377393662,68.17417619368,68,7.65765765766,166.67,231.3750496181,0.87118703453,164.6922316775,188.66742337527,0.87118703453,1851.75,1851.75,1851.75,97.87081211088,93.78117150803,81.70469135802,123.61002891165,0.66098755965,84.83405914148,129.18884154049,0.65666707844,7.65704613979,431589408.050002,441639415.506902,116.6355738252,101.39529026144,1.06694909158,1261.05601681969
2005-10-01,2005,"Q4","2005/06","Q2","October",70.69199457259,70.86934417895,68.10692669805,67.64853556485,6.31246712257,153.74,212.05466778711,0.87228418818,147.82830299101,171.5385288554,0.87228418818,1855.66666666667,1855.66666666667,1855.66666666667,98.64347802568,94.59782389434,92.32481481481,136.28432184508,0.6774426696,94.05673024561,135.56566019059,0.69380940655,8.71271338568,421927216.137153,440253365.295204,117.46064278566,101.23382872877,0.98145468278,1287.98563425145
2005-11-01,2005,"Q4","2005/06","Q2","November",70.87856173677,71.10659210303,68.32548755884,67.76569037657,5.11422637591,163.27,201.75860224871,0.87178667938,150.47784436913,177.78055995687,0.87178667938,1836.18181818182,1836.18181818182,1836.18181818182,94.14555372514,89.41400153591,93.73814814815,135.24227865618,0.69311275349,93.75234511384,134.20487907096,0.69857627951,8.2338645143,442700928.749778,454805051.751406,120.34057209174,103.44255165897,1.03959129145,1239.01418293946
2005-12-01,2005,"Q4","2005/06","Q2","December",70.84464043419,70.98796814099,68.07330195024,67.34728033473,3.73807682392,156.96,206.9298538734,0.87265158183,163.84071700371,184.2483414126,0.87265158183,1815.04545454546,1815.04545454546,1815.04545454546,95.8459179039,89.93865636526,92.55703703704,130.05595464066,0.71167089037,91.05455081248,127.92326736194,0.71179037786,8.204316859,489251989.072753,450177596.117968,120.45917757318,102.30327546658,0.95030242623,1344.20115670341
2006-01-01,2006,"Q1","2005/06","Q3","January",71.302578019,71.22521606507,68.9139206456,68.83682008368,5.97784076269,159.33,189.0437211909,0.89385630941,165.12923663381,180.48963997718,0.89385630941,1818.39772727273,1818.39772727273,1818.39772727273,98.98337114028,93.13876812895,82.2437037037,115.32524814493,0.71314569036,78.17645169816,109.63260866702,0.71307663522,8.58042795842,457056185.30601,450918520.027829,118.54819920819,102.54815109288,0.96217536119,1416.87951876491
2006-02-01,2006,"Q1","2005/06","Q3","February",71.98100407056,71.80138959498,69.72091459314,69.70711297071,6.98689956332,164.51,210.79914154428,0.89561074237,173.24564356796,192.43497672581,0.89561074237,1815.5875,1815.5875,1815.5875,100.15176506755,94.03264166915,80.77703703704,102.87652730397,0.78518432877,77.14704876441,101.31921302127,0.76142566117,8.16818011429,439215638.0955,444548187.693332,119.242730811,103.60409283113,1.03837388255,1415.10162067895
2006-03-01,2006,"Q1","2005/06","Q3","March",72.35413839891,72.32672428402,70.88096839274,71.01255230126,7.41772151899,177.17,222.7399623453,0.89484882125,178.93202733615,199.08928295814,0.89484882125,1820.54391304348,1820.54391304348,1820.54391304348,99.36946336317,93.55518770047,81.61925925926,99.98526000844,0.81631291705,78.52645070229,100.54777795904,0.78098643547,8.02563200625,459195670.658141,443832022.98001,119.19696405446,105.64028604948,1.07037396669,1436.04260553155
2006-04-01,2006,"Q2","2005/06","Q4","April",72.57462686567,72.39450940519,71.21721587088,70.46025104603,4.44058546266,149.35,198.92572647136,0.89556907299,164.07000019747,183.17642299152,0.89556907299,1825.875,1825.875,1825.875,103.84208747906,98.14453873803,87.62469135802,106.19904379993,0.82509868472,87.0667087445,110.13782196143,0.79052506391,8.8242292034,425930124.215333,451886953.119939,117.74079842889,103.1965343827,1.01689391896,1447.79128714423
2006-05-01,2006,"Q2","2005/06","Q4","May",73.94843962008,73.46212506355,72.49495628783,71.41422594142,6.1178811241,167.86,231.45442141998,0.89291390975,166.28661607433,186.83455231774,0.89291390975,1834.72304347826,1834.72304347826,1834.72304347826,113.97215059839,108.20938786108,90.94395061728,111.38657542804,0.81647137698,91.90433088139,117.18068410132,0.78429590667,8.69680080502,416336947.959005,437897814.775957,115.94724375615,102.47876676366,0.94372642393,1446.16157653952
2006-06-01,2006,"Q2","2005/06","Q4","June",74.03324287653,73.73326554821,71.80564895763,71.69874476987,7.28775356875,206.6,253.51150006859,0.89370828952,210.45662916455,233.66837110675,0.89370828952,1859.20454545455,1859.20454545455,1859.20454545455,109.39515655609,105.23308433483,94.43135802469,124.99807440484,0.75546250192,96.70070277672,131.02559569915,0.73802910233,6.68549756528,439457192.893321,452719955.818241,116.42729241223,103.13724854373,0.90858152059,1407.00728187576
2006-07-01,2006,"Q3","2006/07","Q1","July",74.5420624152,74.32638535841,72.09145931406,72.01673640167,6.19447186575,177.31,252.04304802094,0.89651428827,174.13568860002,193.69247362623,0.89651428827,1857.70428571429,1857.70428571429,1857.70428571429,107.38829997712,103.22831972695,97.64296296296,136.19184075919,0.71695163542,102.26848554673,139.95018861082,0.73074917985,9.05365433345,425067428.508829,431839058.713568,116.82654683115,103.75985585879,0.84101737653,1576.56433170181
2006-08-01,2006,"Q3","2006/07","Q1","August",74.66078697422,74.69920352483,72.46133154001,72.50209205021,7.12166172107,200.72,264.78742152789,0.8948639602,185.56783151005,209.41963440706,0.8948639602,1848.92652173913,1848.92652173913,1848.92652173913,109.72311247607,104.97638250683,101.79962962963,130.09136491257,0.78252411064,106.34271508832,138.02015131926,0.77048687508,8.58474373923,455020223.43866,452588878.615882,116.97926370145,104.34235345574,0.9141827883,1593.05227975879
2006-09-01,2006,"Q3","2006/07","Q1","September",75.16960651289,75.29232333503,72.86482851379,72.66945606695,6.86684715727,193.13,264.67795043767,0.89505073886,190.5966508908,213.00373051099,0.89505073886,1855.16857142857,1855.16857142857,1855.16857142857,115.1490045669,110.49041708987,106.45740740741,132.20012980351,0.80527460575,110.36461692058,138.81163977702,0.79506745326,8.35224083099,450223635.310496,461119054.276122,117.43227262564,104.72606530384,0.97871577904,1591.90912982099
2006-10-01,2006,"Q4","2006/07","Q2","October",75.28833107191,75.46178613794,73.369199731,72.92050209205,7.79317169718,196.38,266.62362531156,0.89565160605,189.0299985073,212.73834694206,0.89565160605,1841.77272727273,1841.77272727273,1841.77272727273,121.9648157046,116.18851403453,111.27604938272,142.56463959101,0.78053049972,111.1975567618,141.12841814095,0.78791754507,8.53644861815,446324250.717096,466654829.201829,118.27387752433,105.0966124503,0.92909711474,1613.64486954576
2006-11-01,2006,"Q4","2006/07","Q2","November",75.79715061058,76.03795966785,74.54606590451,74.00836820084,9.21215114843,231.88,260.06305544185,0.89476392287,216.13043333708,246.4839888443,0.89476392287,1819.15454545455,1819.15454545455,1819.15454545455,121.09765731321,113.9522854005,117.1912345679,138.36579500476,0.84696679959,115.22244516075,134.47791685527,0.85681313226,7.40893286841,454295559.045196,469067459.503389,118.47454122943,106.46155038422,0.98211201462,1601.29587141566
2006-12-01,2006,"Q4","2006/07","Q2","December",76.86567164179,77.03779020505,75.50437121722,74.82845188285,11.1083499006,191.34,243.29211506169,0.89387277929,197.76861097448,218.55839696839,0.89387277929,1770.59571428571,1770.59571428571,1770.59571428571,121.30541396913,111.67610094054,123.86271604938,140.65782341936,0.88059599557,120.42342197449,137.84223022004,0.87363228078,9.15655662765,496705679.976951,455813110.03341,119.49760723671,107.66139932536,0.97277851116,1810.87948555993
2007-01-01,2007,"Q1","2006/07","Q3","January",77.12008141113,77.05473648534,75.26899798252,75.1129707113,9.117432531,206.59,254.52709867504,0.94255591333,216.76747739543,227.09381422185,0.94255591333,1788.99913043478,1788.99913043478,1788.99913043478,127.55311034354,118.23966571904,137.09395061728,159.42442948421,0.85993063335,131.69870926862,151.15838481967,0.8712630095,8.40001403676,502848073.407262,496502625.17442,119.34243874976,107.61053274267,0.98252265854,1820.84985283418
2007-02-01,2007,"Q1","2006/07","Q3","February",77.52713704206,77.30893068971,75,74.89539748954,7.44297719088,195.36,248.76093938633,0.94321686073,203.36434233475,215.13999673646,0.94321686073,1752.3685,1752.3685,1752.3685,133.2858514639,120.8770247267,140.92543209877,158.26124071121,0.89046080686,136.52334669344,158.01680754798,0.86397990702,9.20095072356,477760882.262115,481137690.524802,121.9521089082,109.72513962013,0.96835158704,1871.14529275094
2007-03-01,2007,"Q1","2006/07","Q3","March",77.64586160109,77.61396373496,75.16812373907,75.26359832636,5.98633042658,211.92,263.80791848869,0.94326644183,212.56511629791,224.1996903097,0.94326644183,1750.855,1750.855,1750.855,121.24297245015,109.79612255964,141.16061728395,156.5532029512,0.90167824499,137.97578915417,158.61934948151,0.86985471574,8.92030935734,500329001.944269,481877332.905129,121.48351866959,109.30742390478,0.95722811935,1896.14659595619
2007-04-01,2007,"Q2","2006/07","Q4","April",78.00203527815,77.85121165904,76.3954270343,75.66527196653,7.38717339667,201.62,262.38924524754,0.94324384906,222.22743451893,236.07016380516,0.94324384906,1729.90761904762,1729.90761904762,1729.90761904762,128.98722755603,115.4708480098,130.20444444445,139.36860349833,0.9342451684,129.89803782188,145.02821495541,0.89567425112,8.7363623269,454537113.843018,483642160.247625,121.36996606497,109.44366188932,0.93759522868,1941.4593869358
2007-05-01,2007,"Q2","2006/07","Q4","May",78.32428765265,77.88510421962,76.58036314728,75.51464435146,5.74173892665,247.45,317.79589590067,0.94310408793,243.58030303108,258.50665680375,0.94310408793,1696.50608695652,1696.50608695652,1696.50608695652,128.17626897249,112.35547356406,128.94333333333,136.49160616339,0.94469789724,130.43042420586,143.82975457035,0.90683895412,7.98840755915,491909091.848787,518758846.621037,122.89333972105,110.29667967437,0.92056417639,1945.8187339942
2007-06-01,2007,"Q2","2006/07","Q4","June",78.49389416554,78.19013726487,76.05917955615,75.88284518828,5.83566760037,241.47,297.20218663343,0.945622289,245.08841295942,258.55529021948,0.945622289,1640.66952380952,1640.66952380952,1640.66952380952,127.75218728075,108.52705199635,129.78222222222,134.74936421081,0.96313791892,132.65894296322,140.4186453419,0.94473880331,8.53111716576,479865859.785986,490962640.48456,126.82136166338,113.80803044457,0.90432933017,2090.87796692796
2007-07-01,2007,"Q3","2007/08","Q1","July",78.64654002714,78.41043890866,75.97511768662,75.91631799163,5.41482686498,259.56,329.08976583301,0.94688695636,256.0654484266,270.0971542724,0.94688695636,1655.25090909091,1655.25090909091,1655.25090909091,125.27959410726,107.12449668846,130.60012345679,132.28220017894,0.98728417943,136.42102968073,134.83280727835,1.01177919851,8.19680977538,495256351.190024,499753083.733491,124.85460506247,111.64369834205,0.92752316364,2098.91977079896
2007-08-01,2007,"Q3","2007/08","Q1","August",78.93487109905,78.90188103711,75.6893073302,75.63179916318,4.31671283472,279.7,336.54845384494,0.94865058645,260.25207910401,274.70189598468,0.94865058645,1738.65217391304,1738.65217391304,1738.65217391304,124.00926371583,111.5865777644,137.22975308642,142.36146228163,0.96395296091,142.9985469856,150.58603446447,0.94961360457,8.47762113632,521068206.728634,523872550.771487,119.2492886897,105.93074746307,0.99213957589,2206.31852658231
2007-09-01,2007,"Q3","2007/08","Q1","September",79.42672998643,79.46110828673,76.58036314728,76.3179916318,5.02072777522,253.56,306.78394181524,0.95638145766,250.04297999702,261.4741183697,0.95638145766,1762.275,1762.275,1762.275,134.56155826242,122.74278337523,147.55012345679,157.97850429446,0.93398860887,152.44665642543,167.10684896901,0.91227054646,8.65254438494,507817200.676727,520980341.423737,116.37964681052,103.98997591808,0.94510630708,2163.50798256808
2007-10-01,2007,"Q4","2007/08","Q2","October",80.44436906377,80.61345534655,77.87491593813,77.42259414226,6.17397291714,296.19,380.04043006769,0.96056701453,286.75246409272,299.78743478834,0.96056701453,1748.02434782609,1748.02434782609,1748.02434782609,128.35023858607,116.17807129788,172.78049382716,177.38226426304,0.97405732498,171.11863725653,175.69584462677,0.97394811824,7.55087405185,499293767.096464,523068831.413283,115.70222645287,103.9372142873,0.95672122622,2165.23174042103
2007-11-01,2007,"Q4","2007/08","Q2","November",80.95318860244,81.22352143704,78.64828513786,78.10878661088,5.54047942108,306.93,364.47861108343,0.95992250881,288.19746111569,305.00390498878,0.95992250881,1711.37045454546,1711.37045454546,1711.37045454546,132.94713938052,117.65693534713,182.06790123457,189.5185008794,0.96068668964,177.92499346337,182.82974627656,0.97317311371,7.58221082889,506989012.798483,526872407.62292,116.53231667109,104.8878657678,0.91129962474,2185.17391053046
2007-12-01,2007,"Q4","2007/08","Q2","December",82.00474898236,82.17251313337,79.42165433759,78.84518828452,5.36792663834,257.83,315.43846717159,0.96431540971,263.56275175821,271.63986736969,0.96431540971,1709.55238095238,1709.55238095238,1709.55238095238,148.40631095232,131.49764010442,186.63160493827,183.15740248024,1.01896839773,181.02785748578,180.93884364255,1.00049195541,9.71225997129,574555340.531904,526188338.177943,116.42127376923,105.09224516786,0.96613271184,2559.78996382403
2008-01-01,2008,"Q1","2007/08","Q3","January",82.85278154681,82.78257922386,80.21183591123,80.01673640167,6.52852049911,243.46,268.33375623346,1.03615372334,257.79514017213,246.96123085983,1.03615372334,1710.87826086957,1710.87826086957,1710.87826086957,136.8623193599,121.10345909613,178.56296296296,176.11210770483,1.01391644953,172.51170513269,167.49980790937,1.02992180878,10.15321129634,528487389.804572,523422841.061859,117.09978044501,106.08716274393,0.91490397101,2617.44852933765
2008-02-01,2008,"Q1","2007/08","Q3","February",83.68385345997,83.44348415523,80.81708137189,80.6359832636,7.66480446927,293.13,322.12284162626,1.05115831877,303.11106421662,287.34926893967,1.05115831877,1707.57380952381,1707.57380952381,1707.57380952381,125.95640340504,111.32547369944,179.61074074074,164.923245066,1.08905655275,174.90534988175,165.90544505758,1.05424719376,8.61931440486,523587278.191627,525332150.08356,118.27988628403,107.48383926636,0.92210088432,2612.60956207376
2008-03-01,2008,"Q1","2007/08","Q3","March",84.61668928087,84.59583121505,81.59045057162,81.60669456067,8.42784078274,300.94,343.60162372458,1.05774174805,299.88185544189,282.72402137801,1.05774174805,1684.45333333333,1684.45333333333,1684.45333333333,145.54401563451,126.98415647545,181.8662962963,162.66828147372,1.11801941134,178.7383148199,163.5256752658,1.09302905815,8.85998385271,540427098.382592,516923609.12752,117.24242552265,107.1135558994,0.89363708632,2656.9483969363
2008-04-01,2008,"Q2","2007/08","Q4","April",86.19402985075,86.05321132012,83.55749831876,82.76150627615,9.37845609378,333.3,375.25724770017,1.05298124466,368.1308204175,350.17922569433,1.05298124466,1686.49090909091,1686.49090909091,1686.49090909091,151.20358719966,131.92594393328,188.1775308642,154.83880447873,1.21531247608,188.66408952411,160.97798738798,1.17198688209,7.18352963515,478347515.342538,507904296.144164,116.09340634702,106.59229652245,0.96750206869,2644.47865808061
2008-05-01,2008,"Q2","2007/08","Q4","May",87.55088195387,87.25639722081,85.17148621385,84.16736401674,11.45833333333,353.99,368.8380207512,1.05472133596,346.23090115417,328.0859873195,1.05472133596,1648.535,1648.535,1648.535,163.59504911786,139.3359674982,190.71271604938,156.48834208014,1.21870238712,193.24525920695,165.78765906606,1.16561908344,7.58358759421,496153554.724788,523189035.738582,119.59483833047,110.54212588371,0.93689278421,2625.67236672511
2008-06-01,2008,"Q2","2007/08","Q4","June",88.00881953867,87.71394678868,85.59179556153,85.35564853556,12.48345831495,331.77,358.86671951404,1.0750707298,331.60553012583,308.35743345538,1.0750707298,1602.09285714286,1602.09285714286,1602.09285714286,172.63604544918,142.90539065975,192.31975308642,155.91267195451,1.23350944266,196.36576569027,161.87495664519,1.21307069209,8.09546818729,524726036.524212,533503955.284036,124.018287699,115.02744731219,0.89927177819,2684.50201986176
2008-07-01,2008,"Q3","2008/09","Q1","July",88.92469470828,88.69683104559,86.56691324815,86.59414225941,14.06525573192,366.85,400.65860919265,1.07781808498,364.95029975317,338.5590927604,1.07781808498,1633.52173913044,1633.52173913044,1633.52173913044,162.01264681914,136.84231970208,194.93938271605,159.80734200436,1.21983996649,202.54187496493,161.32501708221,1.25548956156,7.2970966508,562201538.014762,563951641.05344,121.12389424783,113.11161666042,0.90394730691,2663.07761003786
2008-08-01,2008,"Q3","2008/09","Q1","August",89.68792401628,89.57803762074,87.67652992603,87.51464435146,15.7114405842,388.53,376.68948580679,1.08037068236,364.28270096734,337.03344461693,1.08037068236,1623.42857142857,1623.42857142857,1623.42857142857,154.42723498118,129.66654948781,193.23456790124,152.67699907387,1.2656429526,200.37302934731,159.49744911257,1.25627732896,7.03138969278,545603272.621618,555239224.106029,124.13106477455,116.59938373612,1.01231621436,2561.41362884091
2008-09-01,2008,"Q3","2008/09","Q1","September",90.17978290366,90.0525334689,88.24815063887,87.79916317992,15.04385964912,366.99,375.20452994266,1.07584634365,363.15332974324,337.71244825187,1.07584634365,1646.27272727273,1646.27272727273,1646.27272727273,144.45455282735,122.90314735319,189.14604938272,156.462539909,1.20889031645,194.79058159388,166.3359820421,1.1710670127,6.99842587627,537114346.869615,552587123.654879,126.19880679992,118.78452123,1.0523886506,2541.50165992758
2008-10-01,2008,"Q4","2008/09","Q2","October",90.72252374491,90.79816980173,88.98789509079,88.40167364017,14.18071768266,366.42,372.0262315876,1.06864723854,357.6000274622,335.11557850773,1.06864723854,1805.97608695652,1805.97608695652,1805.97608695652,113.45131940941,106.1653377877,174.4012345679,158.55603125492,1.09993440923,172.33040559079,157.385267373,1.09495894036,6.57453425226,567377712.253788,597820770.31951,118.88918729365,112.18734240705,1.26720325942,2351.05362916081
2008-11-01,2008,"Q4","2008/09","Q2","November",91.35006784261,91.59464497543,90.16476126429,89.53974895397,14.63466895222,341.3,335.55749337851,1.05932211181,324.41725266105,308.7306355748,1.05932211181,1909.69,1909.69,1909.69,104.51193052932,104.00308649621,171.74975308642,179.15809334279,0.95864914547,168.18864470532,172.76933234508,0.97348668553,6.97735235598,534319212.780541,558694444.292647,117.25166796968,112.00279721078,1.30215946227,2263.57348217589
2008-12-01,2008,"Q4","2008/09","Q2","December",92.40162822252,92.52669039146,90.71956960323,90.20920502092,14.41307578009,356.08,362.72121360137,1.04831839259,360.1338036745,343.0997160673,1.04831839259,1954.30652173913,1954.30652173913,1954.30652173913,97.34014627288,98.52503282384,172.91901234568,204.91468443159,0.84385856887,168.18729739167,204.73960655805,0.821469281,6.38801295902,638739901.095829,582971699.521279,113.11808865555,108.95244598705,1.28202790966,2300.53940485552
2009-01-01,2009,"Q1","2008/09","Q3","January",93.9789687924,93.96712421623,91.84599865501,91.69874476987,14.59945618072,307.95,269.06287890834,0.99314929157,327.80426792369,328.63965938354,0.99314929157,1975.30681818182,1975.30681818182,1975.30681818182,95.30637868205,97.46096430331,185.6137037037,236.48287362216,0.78489279524,180.13621800325,227.53419796357,0.79168854447,7.14617335352,586218986.483843,582914406.797742,113.3100021084,110.22494667999,1.13530501906,2342.54612460746
2009-02-01,2009,"Q1","2008/09","Q3","February",95.01356852103,94.74665310964,92.85474108944,92.5690376569,14.79867164799,340.05,203.9622584821,0.99164175156,349.37255196966,351.71600539927,0.99164175156,1964.651,1964.651,1964.651,84.6512836936,85.93724993817,188.64592592593,217.75017150118,0.86634111296,183.98352958691,219.84381082351,0.83688291655,6.56654104323,610754052.376827,612933214.863982,116.03891595054,113.59009671144,1.27483816635,2294.16920188514
2009-03-01,2009,"Q1","2008/09","Q3","March",95.2170963365,95.2211489578,93.07330195024,92.98744769874,13.94585726005,333,249.89754874942,0.98312416372,329.52339597593,334.69356507037,0.98312416372,2054.71727272727,2054.71727272727,2054.71727272727,72.94055774834,77.49310787808,189.72037037037,219.36063583117,0.86487883139,186.51852150356,218.39210972524,0.85405338928,7.34974282254,644088614.476156,611014060.190138,112.58846468153,110.34723659851,1.3382392855,2421.91221443312
2009-04-01,2009,"Q2","2008/09","Q4","April",96.25169606513,96.17014065413,94.75453934095,93.82426778243,13.36703741153,285.49,236.83762755576,0.97146029838,315.13172853712,324.82176180847,0.97146029838,2173.79590909091,2173.79590909091,2173.79590909091,78.14930087158,88.01671908913,185.68197530864,245.37721307666,0.75672053236,186.55478249224,255.90836337106,0.72899056535,7.17763800741,571794714.27109,603175927.094315,104.1874874751,102.7404063213,1.17967415683,2261.90147208979
2009-05-01,2009,"Q2","2008/09","Q4","May",97.23541383989,97.15302491103,95.74646940148,94.81171548117,12.64664943329,311.23,239.13524513304,0.97298804471,302.215833643,310.36136513686,0.97298804471,2245.60238095238,2245.60238095238,2245.60238095238,80.88710016392,93.87370872247,185.20716049383,255.58062197844,0.72465259322,187.67914631731,271.72068330964,0.69070614732,8.19770904955,536148127.67833,564190651.027267,98.07933248133,97.62069085892,1.0902590851,2477.47747437281
2009-06-01,2009,"Q2","2008/09","Q4","June",98.33785617368,98.08507032706,96.11634162744,95.89958158996,12.35294117647,305.55,249.623202221,0.97283106609,298.45653720916,306.70930497761,0.97283106609,2137.86363636364,2137.86363636364,2137.86363636364,87.98282292608,97.19160039967,185.14086419753,231.46976107109,0.79984903143,188.8010507133,238.73148016501,0.79085108752,8.18218826267,628594599.587337,635327644.041739,101.7275847905,101.9254223221,1.08428405243,2442.02757566891
2009-07-01,2009,"Q3","2009/10","Q1","July",98.64314789688,98.47483477377,96.68796234028,96.8870292887,11.88635485118,316.1,280.8775082432,0.96913931382,319.82809069956,329.96718423077,0.96913931382,2111.89260869565,2111.89260869565,2111.89260869565,96.64112455427,105.7382127043,181.81790123457,231.86074307102,0.7841685437,187.09316363496,230.91578154634,0.81022250789,8.05766066577,626731176.861288,624424468.306533,102.6778642911,103.22918899892,1.04966034084,2577.06622623836
2009-08-01,2009,"Q3","2009/10","Q1","August",99.16892808684,98.96627690222,98.67182246133,98.37656903766,12.41155096577,311.18,244.79935766992,0.96862903367,293.11986040525,302.48931455734,0.96862903367,2070.64285714286,2070.64285714286,2070.64285714286,96.21223189878,102.99604607579,185.3175308642,230.64047266149,0.80349094296,190.57862116806,237.97428572068,0.8008370341,9.76527116028,573727152.65366,590505307.51745,104.09908665483,105.66776325579,0.99311992414,2862.39491932019
2009-09-01,2009,"Q3","2009/10","Q1","September",99.50814111262,99.16963226572,101.07599193006,100.33472803347,14.27754479604,318.06,293.60286184754,0.9672345086,315.28313824417,325.84708089925,0.9672345086,1959.27272727273,1959.27272727273,1959.27272727273,95.36088272881,96.76438457373,191.97456790124,201.93726948738,0.95066437408,196.63285286355,213.88805549946,0.919326011,9.55194058866,598158695.061864,619287317.540051,108.74571120731,112.3388478207,1.15341153489,3011.56580511397
2009-10-01,2009,"Q4","2009/10","Q2","October",99.67774762551,99.62718183359,100.89105581708,100.16736401674,13.30935251799,327.58,285.73743164824,0.9678662393,324.85329125144,336.01036136741,0.9678662393,1898.31818181818,1898.31818181818,1898.31818181818,93.20852884218,91.57740550958,213.3262962963,217.69035366056,0.97995291343,212.16370336429,216.31915583372,0.98079017804,9.24893144879,543153216.815146,575104355.292673,111.29595371699,114.05719919805,1.12190127237,3004.54582169992
2009-11-01,2009,"Q4","2009/10","Q2","November",99.93215739484,100.11862396204,100.90786819099,100.13389121339,11.83177570093,321.39,262.9396177726,0.96789487216,307.9620027939,319.66597684828,0.96789487216,1875.21428571429,1875.21428571429,1875.21428571429,94.26351292787,91.42271445205,217.64518518519,224.67896400059,0.96869409272,215.47743458931,218.45491743524,0.98637026403,9.71895786049,567688282.70813,596013657.707029,112.37651641826,114.68332554076,1.04582814658,2993.06972778639
2009-12-01,2009,"Q4","2009/10","Q2","December",99.8473541384,99.88137603796,100.63887020847,100.20083682008,11.07606679035,352.76,264.73812505165,0.96749147546,354.89479961797,366.60232541658,0.96749147546,1897.76347826087,1897.76347826087,1897.76347826087,94.33444380234,92.64585860108,216.46851851852,213.95217796317,1.01176122898,212.68406168319,217.13336110093,0.9795089092,8.43759747566,691605893.990416,631588301.038972,111.86398239262,113.82462564806,1.07622502675,2994.45946538175
2010-01-01,2010,"Q1","2009/10","Q3","January",100,100,100,100,9.05274685162,322.01,228.74419199835,1,341.95382068687,341.08677191366,1,1934.05,1934.05,1934.05,100,100,202.66592592593,202.66592592593,1,197.32224654233,197.32224654233,1,8.68879472206,613307631.66808,613307631.66808,110.17558667668,111.27491555022,1.05576622725,2971.16655237081
2010-02-01,2010,"Q1","2009/10","Q3","February",101.5434192673,101.23707846128,100.40349697377,100.08368200837,8.11788103417,341.35,268.92553845442,0.99977892699,350.11398039491,349.88023177173,0.99977892699,1995.8,1995.8,1995.8,101.7364078781,104.83230054724,195.84592592593,202.61679596418,0.96658287875,190.75308874541,204.8016096534,0.93140424564,8.43329259003,605336323.33998,609675329.918095,108.28320912279,109.33398659125,1.07168836069,2952.6136365305
2010-03-01,2010,"Q1","2009/10","Q3","March",101.59430122117,101.60989662769,100.11768661735,99.91631799163,7.45140388769,374.92,285.14982677994,1.001262579,371.44828613656,371.0041484242,1.001262579,2083.82608695652,2083.82608695652,2083.82608695652,103.64982655523,111.92627090886,188.87814814815,206.05986865984,0.91661782266,185.08837669262,204.03961377271,0.90711981497,7.7832865873,643881567.506595,606873759.103198,103.35393957235,104.1366940644,1.01937250571,2891.08846336115
2010-04-01,2010,"Q2","2009/10","Q4","April",101.74694708277,101.74546687002,100.42030934768,99.34728033473,5.88655012487,329.16,235.4108691997,1.00509635188,359.61609988234,358.0234110257,1.00509635188,2081.34090909091,2081.34090909091,2081.34090909091,112.39149717234,121.21527052783,179.33987654321,195.95313973137,0.91521818323,179.47880896757,204.43408167789,0.87792997867,8.10827429131,585735876.888201,608953614.77774,103.43870458583,103.91424596822,0.95676089693,2915.8659774155
2010-05-01,2010,"Q2","2009/10","Q4","May",101.71302578019,101.89798339265,99.86550100874,99.02928870293,4.44836716681,453.49,292.52373350493,1.00812093561,438.79414812214,434.90558465057,1.00812093561,2177.52380952381,2177.52380952381,2177.52380952381,114.09685771096,128.09296136519,173.89358024691,196.7276109242,0.88393072752,175.34794850833,209.49210320956,0.83701459779,6.22721419523,564375531.195153,589723847.706228,101.24042695086,100.94403296888,1.02353955254,2732.46514797064
2010-06-01,2010,"Q2","2009/10","Q4","June",102.83242876527,102.71140484664,100.16812373907,100.05020920502,4.32809773124,364.18,293.38542410994,1.00461483896,346.55718788781,344.90068321386,1.00461483896,2261.02272727273,2261.02272727273,2261.02272727273,114.06203751817,133.61989460981,170.11654320988,209.88883134072,0.81050783943,172.53517744808,214.88948014749,0.80290192582,7.4939029966,609511770.559461,612700961.91172,98.6973244022,98.93572766667,1.01056898171,2597.065948807
2010-07-01,2010,"Q3","2010/11","Q1","July",103.18860244233,103.13506185392,99.84868863484,100.26778242678,3.48937640352,321.27,291.37811473683,1.00510184474,328.20268106966,326.47385648886,1.00510184474,2256.82045454546,2256.82045454546,2256.82045454546,113.1716964937,132.35651193946,167.10209876543,213.14674337447,0.78397678576,170.99428457112,211.34151255798,0.8090899062,8.15308142967,616620383.181057,613019885.325894,97.57898124296,97.49950733892,0.96335417086,2675.86318419678
2010-08-01,2010,"Q3","2010/11","Q1","August",103.17164179105,102.96559905101,100.35305985205,99.96652719665,1.61619598503,325.94,273.35885515414,1.00965781032,308.83906909659,305.77581912536,1.00965781032,2229.09090909091,2229.09090909091,2229.09090909091,118.76815012721,137.1020714873,167.34358024691,191.29497034409,0.87479341431,171.43398775778,194.29593043464,0.88233442345,8.64331378336,600746782.181377,624862781.12388,97.96578388015,97.7258486623,1.00490704191,2669.39298276279
2010-09-01,2010,"Q3","2010/11","Q1","September",103.64654002714,103.10116929334,101.42905178211,100.41841004184,0.0834028357,387.72,325.66433070491,1.01485997172,386.35170687449,380.61666405037,1.01485997172,2250.70363636364,2250.70363636364,2250.70363636364,120.4484886154,140.18136573132,169.93432098765,185.90054492162,0.91411416281,173.87506054924,195.05709033308,0.8914059994,6.89479528255,615654163.989772,642226475.733066,96.96889801071,96.50490777331,1.0357482067,2663.81592596163
2010-10-01,2010,"Q4","2010/11","Q2","October",102.22184531886,101.9827147941,101.05917955615,100.20083682008,0.03341687552,361.54,286.72708172416,1.0153975485,364.40852933081,359.1214095815,1.0153975485,2264.38095238095,2264.38095238095,2264.38095238095,128.97807567668,151.25984567781,176.99975308642,205.31522711011,0.86208780312,177.18888300116,203.72101371486,0.86976242544,7.54638256084,626938223.830849,666897539.872578,94.4009205682,93.34376099579,0.93146555412,2749.96617076345
2010-11-01,2010,"Q4","2010/11","Q2","November",102.84938941655,102.88086764955,102.32010759919,101.48953974895,1.35383586829,435.58,314.1554574749,1.01612582388,422.664697513,416.29752472145,1.01612582388,2290.17045454546,2290.17045454546,2290.17045454546,132.22307378487,156.68619536631,182.69493827161,208.60295848837,0.87580223979,182.78628579092,204.74942286098,0.89273162892,6.57904306994,662377763.454048,697773175.48175,93.92140636969,92.93647659205,0.93198627035,2780.72924908057
2010-12-01,2010,"Q4","2010/11","Q2","December",104.64721845319,104.5754956787,103.76597175521,103.39748953975,3.19024553199,395.23,342.37569248383,1.01973036541,396.83283513983,389.24443053946,1.01973036541,2304.39130434783,2304.39130434783,2304.39130434783,129.58911657215,154.28795300473,189.14530864198,188.76417484313,1.00201910028,187.52608325801,193.51506089858,0.96905162,6.81900480684,745058519.965426,680498948.758281,93.97481861756,93.449895828,1.01401911747,2706.00501033156
2011-01-01,2011,"Q1","2010/11","Q3","January",105.5630936228,105.59227249619,104.99327505044,105.17154811716,5.17154811715,382.93,348.11174696081,1.1052520854,404.97323274506,366.31536489685,1.1052520854,2332.14285714286,2332.14285714286,2332.14285714286,134.83091748914,162.97116810407,199.71283950617,185.77072001131,1.07505014511,195.15131618132,183.18235075128,1.06533907541,6.51572289881,678734474.049371,680153585.690393,92.71367459892,93.05913828341,1.03710092394,2638.69336600108
2011-02-01,2011,"Q1","2010/11","Q3","February",107.63229308005,107.32079308592,106.80901143241,106.51046025105,6.42140468227,378.24,334.59992568315,1.10892068106,385.57560887075,347.82169061972,1.10892068106,2345.075,2345.075,2345.075,128.74029220928,156.0963280945,205.15209876543,196.74773335162,1.04271645356,199.83632001625,199.45689208234,1.00190230546,6.79923908522,630009420.546005,638565436.961707,92.2184569712,93.10302619977,1.02407829657,2621.62075014034
2011-03-01,2011,"Q1","2010/11","Q3","March",109.53188602442,109.52380952381,111.28110289173,110.94560669456,11.03852596315,524.84,351.64240008362,1.11191939594,521.06490843055,469.59322593391,1.11191939594,2395.60869565217,2395.60869565217,2395.60869565217,117.88904623205,146.27054709548,208.8250617284,205.68787101526,1.01525219109,204.05592269085,204.42620656452,0.9981886673,4.67120385655,745990231.328451,700930496.382607,89.89614995189,92.30558176518,0.98103858014,2434.0004097747
2011-04-01,2011,"Q2","2010/11","Q4","April",111.51628222524,111.62514827995,114.55951580363,113.22175732218,13.96563342318,366.48,313.83764266561,1.11600753041,394.28783596222,353.56390660495,1.11600753041,2366.85714285714,2366.85714285714,2366.85714285714,127.14234767211,155.66869461413,208.33024691358,187.66041935345,1.11014484371,206.99942889064,196.72248609177,1.05224081397,6.21509831414,679114060.160233,694006320.716747,89.92307021458,93.341270906,1.02973845494,2450.53766457552
2011-05-01,2011,"Q2","2010/11","Q4","May",113.19538670285,113.60786307406,115.83725622058,114.96234309623,16.08923440933,420.13,365.69071257694,1.11708282535,405.52902497778,361.54247076714,1.11708282535,2388.59090909091,2388.59090909091,2388.59090909091,126.55053453527,156.39631692505,210.27172839506,180.32512302277,1.16607006761,210.47576010481,191.18887425137,1.100878704,5.89147235898,645779498.060904,669785979.899216,89.49351861357,93.28056744219,1.13407606616,2389.16304142129
2011-06-01,2011,"Q2","2010/11","Q4","June",115.31546811398,115.33638366379,115.92131809011,115.89958158996,15.84141853463,481.92,371.49519271953,1.11504633717,450.70398493438,404.20711444437,1.11504633717,2458.59090909091,2458.59090909091,2458.59090909091,113.12310620571,144.17220746518,212.24802469136,200.60950322335,1.05801580324,213.91793956184,202.91318996663,1.05423378144,5.04256975056,654786041.23681,656842982.195706,87.1369875777,91.93635171933,1.14754026283,2272.70628088496
2011-07-01,2011,"Q3","2011/12","Q1","July",119.25033921303,119.31875953228,118.61129791527,119.28033472803,18.96177599733,404.05,398.67007112313,1.11372174327,417.07687701953,374.41604528808,1.11372174327,2584.32142857143,2584.32142857143,2584.32142857143,102.94696787805,137.61018168508,216.35098765432,221.6970690888,0.97588564677,220.551523324,218.46666581755,1.00954313785,6.46139155837,649023233.917361,647651382.920894,82.9209158532,90.59032129718,1.08497660557,2694.89701236715
2011-08-01,2011,"Q3","2011/12","Q1","August",123.77883310719,123.57227588544,121.78883658373,121.25523012552,21.29583124058,458.65,364.40475726048,1.11583510494,436.60954753099,391.7538631121,1.11583510494,2757.17391304348,2757.17391304348,2757.17391304348,91.63735496691,130.50216643251,216.82802469136,244.15426556357,0.88807797067,221.76727519565,246.47541042415,0.89975415728,5.96197047407,627179778.62867,655335005.078254,78.31846694207,85.20066571144,1.09045796973,2603.05323107666
2011-09-01,2011,"Q3","2011/12","Q1","September",132.24219810041,131.40145738011,130.17821116342,128.66945606695,28.13333333333,414.07,341.17754949558,1.11466393481,412.82441320317,370.21764599407,1.11466393481,2815.77272727273,2815.77272727273,2815.77272727273,84.1083175982,122.85362159331,215.77098765432,255.33240423085,0.84505916241,220.87386846519,265.27125935184,0.83263399512,6.00414302152,612893537.728958,645100893.337207,78.52431355146,88.94838144676,1.14130418847,2478.65681964538
2011-10-01,2011,"Q4","2011/12","Q2","October",133.73473541384,133.28249449246,131.84263618023,130.59414225941,30.33238683815,363.49,334.51816619868,1.11163765393,372.2268713816,334.88723903465,1.11163765393,2797.99523809524,2797.99523809524,2797.99523809524,73.89424143277,107.09925655172,207.24160493827,227.02811764459,0.91284554129,209.13395605621,224.36619431946,0.93210992276,6.82993237446,579075866.033987,616272614.864505,79.93573779785,91.01939338775,1.10725070515,2542.28435949175
2011-11-01,2011,"Q4","2011/12","Q2","November",134.37924016282,134.28232502966,132.02757229321,130.96234309623,29.04023746702,423.21,293.16682777505,1.10813194485,412.55649111532,371.27403991961,1.10813194485,2583.38636363636,2583.38636363636,2583.38636363636,80.67258764353,107.77139023833,207.57012345679,220.14194174478,0.94289221677,209.71157813181,218.51166601815,0.95972714846,6.21815112186,541910934.997779,569559633.003751,86.58902266831,98.895518621,1.18476081082,2565.33860806066
2011-12-01,2011,"Q4","2011/12","Q2","December",135.21031207598,134.92628368073,131.79219905851,131.33054393305,27.01521528003,439.76,314.631213489,1.10583882794,443.12056306948,401.22151475252,1.10583882794,2446.69318181818,2446.69318181818,2446.69318181818,80.89365681784,102.36015772221,210.81827160494,185.63645849695,1.13565122558,210.96458318634,191.84209865696,1.09967824926,5.90685849689,688293142.477439,630057935.972976,91.41995963656,105.07579310762,1.28685768826,2617.45046311354
2012-01-01,2012,"Q1","2011/12","Q3","January",135.21031207598,135.21437044569,131.87626092804,132.23430962343,25.73201782304,441.52,323.15690759766,1.09253758705,463.55342337532,424.98866707407,1.09253758705,2409.46363636364,2409.46363636364,2409.46363636364,84.48860893346,104.87838507464,222.11049382716,228.10700634583,0.97371184421,217.42666219482,227.465297451,0.95586739881,5.92889431676,671211767.488653,672086777.872079,92.51114459946,106.71193687151,1.06529950549,2748.35925736478
2012-02-01,2012,"Q1","2011/12","Q3","February",136.4145183175,136.06168446026,134.29724277068,134.05857740586,25.86423632935,446.33,299.71719124969,1.09200963427,453.72804531434,416.31539919096,1.09200963427,2329.29380952381,2329.29380952381,2329.29380952381,91.69174202916,110.39246461336,227.35456790124,222.4540236424,1.02202947008,221.16279370779,225.37427978462,0.98131336867,6.11993099076,617621110.200602,630873425.621745,94.30959786346,110.41261752413,1.05000793296,2776.78432589399
2012-03-01,2012,"Q1","2011/12","Q3","March",135.36295793759,135.28215556685,134.8184263618,134.24267782427,20.99864232916,460.48,379.6249362115,1.09275353975,461.19283387119,423.80416526897,1.09275353975,2480.58545454545,2480.58545454545,2480.58545454545,97.45152364377,125.10435574466,231.67493827161,235.92927608006,0.98196774101,225.28769824858,234.75316746623,0.95967905643,5.94262236016,697886318.733768,656418165.511267,88.88530917844,102.91578492612,1.05797591948,2740.69484690806
2012-04-01,2012,"Q2","2011/12","Q4","April",136.95725915875,137.14624639892,137.49159381305,135.69874476988,19.85218033999,414.69,365.21042321885,1.09048803977,438.99489124301,402.8326758339,1.09048803977,2502.57142857143,2502.57142857143,2502.57142857143,102.03661138877,132.20231164778,234.97234567901,235.09762544308,0.999467116,231.76825519002,247.27834797632,0.9372767858,6.29602192278,643709028.365294,648844791.778681,88.54262969076,102.39344343939,1.09111893789,2763.92145925625
2012-05-01,2012,"Q2","2011/12","Q4","May",137.22862957938,137.87493645145,137.3907195696,136.40167364017,18.64900276605,476.07,393.26476162633,1.09000000755,459.87427981311,418.55536696384,1.09000000755,2481.71739130435,2481.71739130435,2481.71739130435,103.07367801552,132.28261651726,237.51975308642,244.18485099104,0.97270470352,235.94251790671,257.2200494896,0.9172788761,6.06239532558,685843086.670967,705812081.826535,90.90488848475,104.95394682874,1.10646013243,2787.9396842922
2012-06-01,2012,"Q2","2011/12","Q4","June",137.89009497965,138.11218437553,136.78547410894,136.92050209205,18.13718411552,504.94,396.98331135201,1.09078110984,466.2737292724,427.40555258504,1.09078110984,2483.5,2483.5,2483.5,104.38249376062,134.10390618457,239.21790123457,256.20818308081,0.93368563938,239.74934291736,257.66834543516,0.93045710567,6.13089223682,677181621.777663,678709258.986954,91.96505000463,105.48253128004,1.10826531473,2858.67398702789
2012-07-01,2012,"Q3","2012/13","Q1","July",137.60176390773,137.82409761058,135.59179556153,136.48535564854,14.42402132735,407.69,340.25261171444,1.09772891223,419.98674842151,382.0658618134,1.09772891223,2473.31954545454,2473.31954545454,2473.31954545454,108.65825964022,139.04344307644,240.35222222222,275.67586773077,0.87186529674,245.10921179504,272.49626898791,0.89949566174,7.23985066783,699232124.035915,703710377.030362,93.00823901036,106.27415145714,1.00008797965,3040.64134104001
2012-08-01,2012,"Q3","2012/13","Q1","August",137.92401628223,137.75631248941,136.28110289173,135.71548117155,11.92546583851,460.49,357.71676307353,1.09747351522,440.19742894941,402.54426344398,1.09747351522,2491.9347826087,2491.9347826087,2491.9347826087,109.12731557243,140.69836783741,240.13777777778,275.68575523917,0.8710561689,246.30936836462,276.71395913296,0.89012267085,6.88932628424,656442416.993298,686014161.059802,92.10311944881,104.42839752552,1.01129893421,3032.66371751463
2012-09-01,2012,"Q3","2012/13","Q1","September",138.67028493894,137.75631248941,137.35709482179,135.71548117155,5.47606659729,422.03,358.91986737906,1.09759180092,423.89392765244,385.24653354341,1.09759180092,2512.6,2512.6,2512.6,112.28591979813,145.96517428781,238.86,292.90432741474,0.81548812238,245.30071855881,300.76515389733,0.8155888918,7.30794255267,638325807.156707,675838919.296235,90.50458396222,102.27363639208,0.95624477971,3097.792471709
2012-10-01,2012,"Q4","2012/13","Q2","October",139.02645861601,138.43416370107,137.71015467384,136.25104602511,4.33166730745,403.91,337.50408904226,1.09806325785,414.63159018761,378.64548262154,1.09806325785,2579.47608695652,2579.47608695652,2579.47608695652,112.22244066407,149.01865519909,231.08728395062,295.17068386306,0.78289375126,234.33065990873,290.96382294863,0.80536012187,7.52480709038,644330169.273977,684247191.456118,88.16165194941,99.8822320578,0.94055727792,3120.02272973899
2012-11-01,2012,"Q4","2012/13","Q2","November",139.55223880597,139.28147771564,138.48352387357,137.37238493724,4.8945686901,448.85,334.64410932342,1.09794048265,442.91203175669,400.05969175098,1.09794048265,2622.86363636364,2622.86363636364,2622.86363636364,114.55430703866,155.29146134635,231.75654320988,286.63696252883,0.80853683756,235.29016547791,287.88840577735,0.81729642721,6.93638483671,653440235.934663,686215899.820458,87.46755212937,99.70275518393,0.94224276263,3072.20830107258
2012-12-01,2012,"Q4","2012/13","Q2","December",141.48575305292,141.04389086596,138.70208473436,138.19246861925,5.22492672359,368.15,307.13676839052,1.09672728324,372.44288483055,340.71539160371,1.09672728324,2668.59666666667,2668.59666666667,2668.59666666667,111.73694738914,154.48055017831,235.43617283951,287.19310049287,0.81978352696,236.69787225224,297.33328975795,0.79606919375,8.5037416182,723974236.89846,661797970.239209,85.71893752395,97.7144236041,1.06247735507,3167.15806013695
2013-01-01,2013,"Q1","2012/13","Q3","January",142.75780189959,142.72157261481,138.34902488231,138.76150627615,4.93608403999,378.66,326.46419598534,1.08177141159,394.48661318365,367.29663330457,1.08177141159,2679.84869565217,2679.84869565217,2679.84869565217,122.85291218177,170.35267183231,250.22493827161,307.66717845158,0.81329747141,245.35210443204,309.79319140322,0.79198675517,8.20103508784,680770435.916721,678468882.744408,85.60571390441,97.3001732118,1.01311739437,3235.1985564039
2013-02-01,2013,"Q1","2012/13","Q3","February",144.04681139756,143.80613455347,138.97108271688,138.87866108787,3.59550561798,383.53,289.03516330537,1.08003323608,388.67317354043,359.76984922074,1.08003323608,2654.979,2654.979,2654.979,129.97243172107,178.52205354497,253.8512345679,317.2717712566,0.80010658863,246.88440714587,321.72631066855,0.7673740038,8.38616652133,668175078.601758,688878993.286584,86.80708015817,98.52813764278,0.99771063466,3259.47795568308
2013-03-01,2013,"Q1","2012/13","Q3","March",144.53867028494,144.39925436367,140.19838601211,139.46443514644,3.88978930308,362.24,388.58826923503,1.0792768339,363.97798917053,341.02726602566,1.0792768339,2632.74238095238,2632.74238095238,2632.74238095238,139.78641284512,190.53148080646,254.41382716049,309.08930846982,0.82310782091,246.64878487766,308.43891424745,0.79966817896,8.81690677053,699370155.348955,658630331.740096,88.08078323101,100.2723317604,1.04764855079,3209.15999704134
2013-04-01,2013,"Q2","2012/13","Q4","April",144.86092265943,145.07710557533,142.16543375925,140.25104602511,3.35471139615,407.18,312.91761197701,1.07892812626,425.0365851021,394.21840322908,1.07892812626,2574.20727272727,2574.20727272727,2574.20727272727,149.45162453315,199.21492019405,249.55320987654,282.03047784153,0.88484482878,244.24470412011,296.27115633898,0.82439582421,7.58021796816,705029439.183624,706698561.775246,89.8939387577,102.77327435882,1.08386909698,3221.86995951663
2013-05-01,2013,"Q2","2012/13","Q4","May",144.94572591588,145.58549398407,142.43443174176,141.42259414226,3.68098159509,435.79,394.25443683585,1.07977396519,421.82641843697,384.8287399022,1.07977396519,2586.47,2586.47,2586.47,160.60136110461,214.74999757048,245.75802469136,236.0309716532,1.04121091808,242.26085390051,244.39770052309,0.99125668278,7.58521795341,743747222.49154,761149812.116961,90.04590647993,103.65925455408,1.05472508058,3199.64532235107
2013-06-01,2013,"Q2","2012/13","Q4","June",145.81071913162,146.11082867311,141.72831203766,141.9079497908,3.64258648087,443.89,359.64487996761,1.07870984192,410.464651822,379.22227736445,1.07870984192,2593.385,2593.385,2593.385,154.01510913226,206.52068855552,240.6687654321,298.48935261985,0.80628928074,239.9836493965,298.40727887346,0.80421513276,7.65083293601,698058857.875069,701981523.827983,90.60139131292,104.8301778701,0.97266426822,3140.39647722926
2013-07-01,2013,"Q3","2013/14","Q1","July",146.42130257802,146.70394848331,142.56893073302,143.41422594142,5.0766400981,434.82,393.49569318261,1.07765835524,446.50211676554,412.95054071372,1.07765835524,2587.12913043478,2587.12913043478,2587.12913043478,149.54826720444,200.2185896778,230.84987654321,277.56523338202,0.83169593587,236.40782718947,276.86746563102,0.85386640373,7.12446506203,675283691.223354,685269871.462691,91.53513514661,106.06189148738,1.0131264671,3181.08873101979
2013-08-01,2013,"Q3","2013/14","Q1","August",147.065807327,146.9242501271,146.2508406187,145.74058577406,7.38685411271,431.89,363.92797536355,1.07757041743,414.60071662462,387.04006962774,1.07757041743,2578.97409090909,2578.97409090909,2578.97409090909,149.47560342863,199.49638406902,225.74913580247,273.02322556217,0.82684956687,233.09930088329,275.45772316861,0.84622532344,7.54876781669,640982909.93274,667014730.657249,92.46936524218,107.50935504923,1.0092349739,3129.72454643279
2013-09-01,2013,"Q3","2013/14","Q1","September",148.82971506106,147.92408066429,148.8399462004,147.19665271967,8.4597360957,404.55,401.22890891302,1.07761845588,405.93183213146,376.2182011765,1.07761845588,2569.46428571429,2569.46428571429,2569.46428571429,145.86314077715,194.1697044463,221.93098765432,268.72413326889,0.82586921001,229.47680596961,275.36170817866,0.83336498559,7.82736349641,639637104.630593,680592428.305978,92.85415416472,107.57032518458,1.02367547308,3177.37600485676
2013-10-01,2013,"Q4","2013/14","Q2","October",149.08412483039,148.46636163362,148.8399462004,147.23012552301,8.05797813536,402.25,332.38851561703,1.07946826834,411.14536802094,383.70606481108,1.07946826834,2534.90086956522,2534.90086956522,2534.90086956522,159.82320049416,209.39908551921,217.87444444444,257.42974649791,0.846345255,221.25867772428,253.731039766,0.87202053769,7.79436906829,663482013.958374,701278222.00177,92.98387878515,107.26764064563,1.03032250784,3204.61873907249
2013-11-01,2013,"Q4","2013/14","Q2","November",149.30461329715,149.02558888324,147.86482851379,146.7280334728,6.8104288499,409.42,343.50532339564,1.07739623681,409.26611838657,373.64609549829,1.07739623681,2522.00619047619,2522.00619047619,2522.00619047619,159.48686787757,208.04444371699,217.76222222222,263.92523134434,0.82509058006,220.58284526435,267.27185678457,0.82531265326,7.96670057655,647711936.443474,677590067.142293,94.1559922752,108.14344791109,1.00374343957,3260.50062131448
2013-12-01,2013,"Q4","2013/14","Q2","December",149.52510176391,148.95780376207,148.04976462677,147.44769874477,6.69734770498,422.01,324.82075032598,1.07594276421,428.80747175582,400.04050353573,1.07594276421,2512.65227272727,2512.65227272727,2512.65227272727,153.60437193793,199.81697685639,220.07333333333,282.39274161727,0.77931653651,221.42290554417,291.00839978875,0.76088149244,7.78330505693,779359301.25604,711908265.085398,94.49274866866,108.55623864194,0.9271119813,3337.53936336545
2014-01-01,2014,"Q1","2013/14","Q3","January",149.32157394844,149.19505168616,147.94889038332,148.28451882845,6.8628633458,391.16,351.17265810876,1.07279541483,403.34676197441,382.8151988408,1.07279541483,2499.61086956522,2499.61086956522,2499.61086956522,153.34079567088,197.93959053138,231.35543209877,271.24025627155,0.85295389143,227.45787814996,275.1665928829,0.82661879761,8.56417364001,726044706.59407,718670183.015511,95.48744731841,109.834791052,1.02117289116,3454.33170668364
2014-02-01,2014,"Q1","2013/14","Q3","February",149.64382632293,149.5000847314,148.47007397445,148.43514644352,6.88117618703,448.18,330.67187730359,1.07493506236,453.47123879437,420.38950945187,1.07493506236,2471.205,2471.205,2471.205,144.99040078663,185.44028960354,233.6024691358,246.108662688,0.94918426107,227.48155780841,250.01865360447,0.90985834268,7.70083389639,713414841.450846,739764678.834507,96.64377358127,110.96413762644,1.11116543186,3492.10668674453
2014-03-01,2014,"Q1","2013/14","Q3","March",149.8473541384,149.65260125403,150.20174848689,149.28870292887,7.04428177127,422.04,340.89371563196,1.07814094789,424.24466460306,401.53773403653,1.07814094789,2531.32666666667,2531.32666666667,2531.32666666667,147.54804162626,193.23579738664,233.36209876543,251.74395727676,0.92698192755,225.68856732283,251.52687565235,0.89727416499,8.35165416929,787123562.614579,741872501.410826,93.83744836907,108.02263065587,1.09818117865,3543.14472193173
2014-04-01,2014,"Q2","2013/14","Q4","April",149.83039348711,150.05931198102,151.73167451244,149.75732217573,6.77804295943,424.3,351.43345539543,1.07814366721,438.19692099632,406.1830573837,1.07814366721,2525.95545454545,2525.95545454545,2525.95545454545,151.35263935217,197.94494638674,227.48765432099,238.49193558996,0.95385889572,221.20222434564,248.21121210679,0.89118546446,8.23070994636,779117746.458218,783068710.066874,93.81581008927,107.56141309281,1.1165072518,3606.67175610961
2014-05-01,2014,"Q2","2013/14","Q4","May",149.74559023067,150.24572106423,150.15131136517,149.05439330544,5.39644970414,491.01,405.23691018255,1.07888403412,478.93242181237,433.94123463674,1.07888403412,2527.26363636364,2527.26363636364,2527.26363636364,158.45884644969,207.16121759725,224.6324691358,247.23802223226,0.90856765116,219.38907452016,250.38753221988,0.87619807814,7.48455834126,734844202.800415,751968844.255399,93.6117673569,107.09541387981,1.07907410092,3584.5976525764
2014-06-01,2014,"Q2","2013/14","Q4","June",149.98303934871,150.24572106423,148.77269670478,148.9539748954,4.96520816134,410.79,374.84386729462,1.07604670826,383.06132937173,352.70808519394,1.07604670826,2575.28666666667,2575.28666666667,2575.28666666667,160.31001004987,213.49542943494,221.64987654321,252.74021977515,0.87698695815,219.5249585449,251.12710089924,0.87415877362,9.41193425037,729046887.652705,733753978.20839,92.2579157993,105.38942647276,1.07899639956,3605.34804590542
2014-07-01,2014,"Q3","2014/15","Q1","July",150.81411126187,151.10998135909,148.68863483524,149.45606694561,4.21286031042,419.29,402.16453171684,1.07363807444,426.8025310433,394.69121796249,1.07363807444,2632.30434782609,2632.30434782609,2632.30434782609,165.96145928999,226.30163071744,213.96950617284,255.91065401849,0.83611019242,220.80049811758,259.42050359655,0.85112971048,8.34910517145,735396328.052577,753613765.771355,90.63446135171,103.45118147283,1.05880982852,3563.41921912037
2014-08-01,2014,"Q3","2014/15","Q1","August",151.62822252375,151.4997458058,150.38668459987,149.95815899582,2.89389067524,380.48,355.61219119069,1.07204821457,368.62486264358,345.26268020828,1.07204821457,2609.47619047619,2609.47619047619,2609.47619047619,169.10885280139,228.32272825398,214.15987654321,242.96080242063,0.88145854973,223.90566579311,247.10439056214,0.9061177152,9.11860175426,759862378.289041,787979054.586897,91.85972575414,104.90736475748,1.13106982017,3361.34331916708
2014-09-01,2014,"Q3","2014/15","Q1","September",151.83175033921,151.04219623793,150.87424344317,149.38912133891,1.4894826606,453.43,393.30762279012,1.06978014659,454.14356543799,425.4109015178,1.06978014659,2616.79545454546,2616.79545454546,2616.79545454546,174.72925536474,236.83369764946,217.65061728395,237.05378833852,0.91814865651,227.92132560257,245.28441027698,0.92921244096,6.89395738076,726596831.846233,773361431.391969,92.64078632078,105.51268856882,1.22899590904,3130.84638487654
2014-10-01,2014,"Q4","2014/15","Q2","October",152.61194029851,152.05897305541,151.47948890383,149.85774058577,1.78469932932,436.89,375.70201060422,1.07038229497,440.80156728968,419.27752984972,1.07038229497,2678.30652173913,2678.30652173913,2678.30652173913,172.14845557475,238.34567840067,232.39283950617,268.60816895921,0.86517413229,235.79842581396,266.10219331362,0.88611981314,7.58989909174,734706171.487374,771570738.727146,91.21175507471,103.59589671185,1.21928603626,3345.63941520935
2014-11-01,2014,"Q4","2014/15","Q2","November",152.71370420624,152.44873750212,150.90786819099,149.82426778243,2.11018592449,394.43,367.87748537861,1.07106568271,400.49734151584,363.7852941113,1.07106568271,2731.941,2731.941,2731.941,170.94345556428,241.62266561442,236.52098765432,270.8927198086,0.87311681104,238.02187850318,275.412796837,0.86423681556,8.36020470981,798304098.970875,833790582.372133,90.44613846912,103.1318085056,1.26152464943,3348.23976080532
2014-12-01,2014,"Q4","2014/15","Q2","December",153.52781546811,152.94017963057,150.7061197041,150.02510460251,1.74801362089,445.62,363.0186231403,1.07188240019,452.47631280374,424.97419409081,1.07188240019,2764.91956521739,2764.91956521739,2764.91956521739,172.88976944702,247.31873046656,237.98617283951,282.59698266551,0.84213982257,238.40009579719,288.58899502039,0.82608865865,7.32936448042,873462148.921535,796948232.367694,90.30091248741,102.76762438337,1.29845434773,3316.3638152963
2015-01-01,2015,"Q1","2014/15","Q3","January",153.42605156038,153.2791052364,149.83187626093,149.99163179916,1.15124153499,418.48,358.45168317343,1.0678227979,427.49369350424,412.42711767226,1.0678227979,2854.00909090909,2854.00909090909,2854.00909090909,172.6556028138,255.29281343672,233.02938271605,271.06583794162,0.85967816707,228.78577559808,275.79490423756,0.82955040896,7.15384396626,781533294.436431,765134214.074539,88.43539838217,106.63842836472,1.44381838093,3058.22317989162
2015-02-01,2015,"Q1","2014/15","Q3","February",153.57869742198,153.53329944077,150.87424344317,150.81171548117,1.60108242192,420.65,356.44413848193,1.06627293619,424.85177522457,394.55628424732,1.06627293619,2872.135,2872.135,2872.135,178.74318926411,265.61153794884,231.98790123457,288.70029523729,0.80355962589,225.55417569538,292.71912356951,0.77054813825,7.32363065145,724250299.524541,753973397.75879,88.77132597973,107.10613380131,1.36215887439,3111.45748335622
2015-03-01,2015,"Q1","2014/15","Q3","March",154.86770691995,154.65175394001,153.22797579018,152.23430962343,1.9730941704,415.77,339.9841387757,1.06509010499,412.84453295454,401.73530048781,1.06509010499,2948.31818181818,2948.31818181818,2948.31818181818,173.66601367923,264.88096712661,231.10271604938,312.62211992798,0.73923980844,222.74977783309,312.10011621412,0.71371257574,6.98833356488,795474457.053541,748610718.769528,87.4720488764,105.98719737632,1.31868652727,2885.09530672537
2015-04-01,2015,"Q2","2014/15","Q4","April",155.54613297151,155.78715471954,154.99327505044,153.2050209205,2.30219043362,395.41,376.57616867187,1.06408325664,407.00693166,378.17375708555,1.06408325664,2993.05909090909,2993.05909090909,2993.05909090909,171.84140993552,266.17133042431,232.45679012346,320.09699621019,0.72620734613,225.62328053929,330.52313107839,0.68262478273,7.22835007645,744885980.824125,756381962.711909,86.3014718379,106.89679263683,1.31809192279,2941.98858557889
2015-05-01,2015,"Q2","2014/15","Q4","May",155.47829036635,155.82104728012,154.84196368527,153.69037656904,3.11026274422,401.11,335.50240155889,1.06324657271,395.84735808831,358.48039551714,1.06324657271,3006.93476190476,3006.93476190476,3006.93476190476,161.68441321318,251.55645169852,230.32197530864,341.64903129683,0.67414789509,223.97641489553,338.96298418239,0.66076953929,7.6467422661,740952088.402465,759948313.024701,86.34745993165,107.07727025018,1.2065873764,3026.94272401815
2015-06-01,2015,"Q2","2014/15","Q4","June",155.42740841248,155.56685307575,153.37928715535,153.43933054393,3.01123595506,434.28,398.62162614108,1.06255030206,412.23667761954,377.83291018549,1.06255030206,3187.86363636364,3187.86363636364,3187.86363636364,155.11224379573,256.1119212429,226.7812345679,349.70826659199,0.6484869139,223.96240105255,345.81454177244,0.64763731422,7.18675323621,790194759.329734,799178981.032123,81.88531442913,95.35079918858,1.24797379216,2962.64327696868
2015-07-01,2015,"Q3","2015/16","Q1","July",157.29308005427,157.49872902898,154.74108944183,155.26359832636,3.88577827548,381.76,372.51146030223,1.061555705,388.5218007991,363.32679641083,1.061555705,3362.47826086957,3362.47826086957,3362.47826086957,143.1476518441,249.12263317396,218.18518518519,361.67157336311,0.60326882524,226.93698132213,371.49607575408,0.61087315892,7.16370241631,755065790.160877,781587830.047331,78.73598028576,97.19756203782,1.27110181769,2783.25456317275
2015-08-01,2015,"Q3","2015/16","Q1","August",158.97218453189,158.78664633113,156.11970410222,155.78242677824,3.88392857143,466.84,368.38327185799,1.05941490486,455.98094726203,359.71515233905,1.05941490486,3550.20346320346,3550.20346320346,3550.20346320346,134.62042825619,247.21195502916,214.56962962963,399.22855629644,0.53746062561,227.11003787992,411.96159416617,0.55128934613,6.28206371758,742021831.078531,763558845.374011,75.57894289527,93.38357317552,1.25716854417,2864.50136470188
2015-09-01,2015,"Q3","2015/16","Q1","September",160.44776119403,159.76953058804,158.38937457969,157.05439330544,5.13107775039,366.72,,1.05863696876,365.16484214533,,1.05863696876,3653.85123966942,3653.85123966942,3653.85123966942,131.39769980205,248.38716454534,212.28518518519,412.08831693934,0.51514487662,225.11741027288,432.66848695085,0.52029999194,7.61294332866,782844591.910317,831717495.806429,73.92689987867,92.72408428816,1.255184714,2779.97924887265
2015-10-01,2015,"Q4","2015/16","Q2","October",160.3459972863,159.92204711066,159.83523873571,158.29288702929,5.62876926513,326.35,,1.05924296839,323.1393863398,,1.05924296839,3634.40909090909,3634.40909090909,3634.40909090909,127.15426295761,238.935869969,209.56839506173,399.94886416748,0.52398797406,212.46911815963,397.91537363238,0.53395553989,8.68562668954,747198005.317557,780213033.840702,74.09830594885,94.10128548599,1.27654021456,2806.66807843412
2015-11-01,2015,"Q4","2015/16","Q2","November",160.77001356852,160.59989832232,160.13786146604,159.09623430962,6.18856121537,367.89,,1.05955419683,375.18507733353,,1.05955419683,3422.76190476191,3422.76190476191,3422.76190476191,128.78115834892,228.00411665149,211.2687654321,373.12733456301,0.56621090406,211.10723540401,379.93208569826,0.55564466217,7.45017795492,722593923.768053,747973288.886711,79.47611220363,100.98685746448,1.35510144662,2795.19559216477
2015-12-01,2015,"Q4","2015/16","Q2","December",161.68588873813,161.07439417048,160.42367182246,159.63179916318,6.40339134315,373.89,,1.05919988885,379.35048403221,,1.05919988885,3360.91304347826,3360.91304347826,3360.91304347826,131.10949190173,227.98088310724,215.62283950617,367.35256738867,0.58696429166,214.78263281543,372.4539452809,0.57666896951,7.66804550334,849651747.422015,779133876.753595,81.46130052468,103.43085735114,1.4000020921,2908.87677327382
2016-01-01,2016,"Q1","2015/16","Q3","January",162.48303934871,162.32841891205,160.08742434432,160.0669456067,6.7172506137,383.98,,1.07665721827,388.39238678455,,1.07665721827,3440.90476190476,3440.90476190476,3440.90476190476,130.12828059339,231.65036189784,228.92444444444,395.53011365295,0.57877879975,223.39549767556,401.54047842031,0.55634614611,7.33552223306,789297555.79497,763245199.321452,80.23459411112,95.72309930178,1.42134258515,2849.06098840797
2016-02-01,2016,"Q1","2015/16","Q3","February",162.68656716418,162.73512963904,160.23873570948,160.08368200837,6.14804128288,358.72,,,364.5228295731,,,3426.61904761905,3426.61904761905,3426.61904761905,130.90519910796,232.19045093203,233.86555555556,404.9531386634,0.57751263844,225.87981935123,407.07429656362,0.55488597845,7.93003150469,712759192.713903,743580778.366515,80.18285389836,95.67547593459,1.41813679673,2890.677522695
2016-03-01,2016,"Q1","2015/16","Q3","March",164.41655359566,164.19250974411,161.70141223941,160.61924686193,5.50791556728,412.94,,,404.86228777133,,,3359.29565217391,3359.29565217391,3359.29565217391,134.24738263414,233.13226460508,236.74,411.1728408558,0.57576760057,226.78515738564,407.75676731783,0.55617754397,7.31304800433,840507172.933069,791057380.802959,81.2983640317,97.04202466429,1.29789362135,2960.77734561448
2016-04-01,2016,"Q2","2015/16","Q4","April",164.36567164179,164.6161667514,161.86953597848,160.25104602511,4.59908236836,380.76,,,393.51276414864,,,3342.03238095238,3342.03238095238,3342.03238095238,133.41545064864,230.68963012658,236.61740740741,393.67847644836,0.60104227577,230.77423247745,403.93767734711,0.57131148051,7.6690547364,800443584.323006,825445598.074679,81.05142239228,96.52966491779,1.32769186019,3017.87092772751
2016-05-01,2016,"Q2","2015/16","Q4","May",165.11194029851,165.36180308422,162.10490921318,160.83682008368,4.64989654797,403.77,,,402.60353948772,,,3343.77272727273,3343.77272727273,3343.77272727273,133.18327542092,230.46656338525,236.0562962963,413.7757019148,0.57049337408,230.16956170409,408.4494807548,0.56352027007,7.58057229689,778048003.782153,801176919.987883,81.29755976885,96.74107109654,1.22169643397,3051.96523806852
2016-06-01,2016,"Q2","2015/16","Q4","June",166.06173677069,166.07354685647,162.3907195696,162.29288702929,5.77006980803,420.72,,,404.90802346233,,,3369,3369,3369,130.27561823898,227.13839215672,234.1262962963,415.23766030968,0.56383685459,231.90176089962,413.00843690834,0.56149400394,7.47867288924,775390901.006119,786411574.137859,80.99309692004,96.55099671933,1.2142627402,3028.17465770287
2016-07-01,2016,"Q3","2016/17","Q1","July",166.24830393487,166.36163362142,162.71015467384,163.02928870293,5.00161690202,401.26,,,407.6391560942,,,3379.66571428571,3379.66571428571,3379.66571428571,123.11020762754,215.10707882628,219.60024691358,381.25640801491,0.57599096644,229.27973972717,395.90657656673,0.57912586781,7.4220460627,772423227.775745,803554081.378645,81.04083430837,96.44937770784,,3025.51659349096
2016-08-01,2016,"Q3","2016/17","Q1","August",166.92672998643,166.64972038638,163.68527236046,163.39748953975,4.88826815642,422.87,,,416.50519991508,,,3373.73913043478,3373.73913043478,3373.73913043478,119.89433299762,209.27585161834,223.35283950617,392.29715262142,0.56934606334,238.06882024712,407.38237085362,0.58438665313,7.07323696347,811106503.2554,828566072.483913,80.76161932456,96.4320788135,,2946.03997551535
2016-09-01,2016,"Q3","2016/17","Q1","September",167.09633649932,166.44636502288,165.14794889038,163.89958158996,4.35848252344,428.93,,,428.3670420505,,,3383.02272727273,3383.02272727273,3383.02272727273,108.54850534481,189.98744718268,234.15691358025,391.90341418331,0.59748628133,250.04676675618,412.84293735647,0.60567044784,7.10841207016,834192240.361457,881444231.787735,80.79427830903,96.21903702062,,3045.00945217105
2016-10-01,2016,"Q4","2016/17","Q2","October",168.5210312076,168.1918318929,166.44250168124,165.02092050209,4.25037005709,411.62,,,400.11942463803,,,3436.20995670996,3436.20995670996,3436.20995670996,113.87216524292,202.43244984636,272.26234567901,459.11002477541,0.59302200123,276.77537694964,458.05846569813,0.60423591676,7.31349721213,755065790.160877,784499136.847813,80.22215564636,95.51582551892,,2926.27229660852
2016-11-01,2016,"Q4","2016/17","Q2","November",168.94504748982,168.80189798339,167.43443174176,166.44351464435,4.61813591416,397.29,,,404.47712285202,,,3563.99276859504,3563.99276859504,3563.99276859504,112.58549840484,207.37637504693,281.98197530864,457.03445600838,0.61698187435,281.37838376036,467.96604480913,0.60127948786,7.37048649258,848823559.543771,872066473.063097,78.83267313774,94.33922500028,,2981.19317053888
2016-12-01,2016,"Q4","2016/17","Q2","December",171.01424694708,170.44568717167,169.48554135844,168.66945606695,5.66156426924,399.36,,,402.29342253006,,,3601.09848484849,3601.09848484849,3601.09848484849,105.13325636286,195.8543753915,283.56567901235,479.78499015795,0.59102657405,281.45686948622,486.20788589182,0.57888174514,7.7004691012,943375008.976649,873622627.693553,79.11514178749,95.43587502209,,3097.84806980846
2017-01-01,2017,"Q1","2016/17","Q3","January",170.98032564451,170.85239789866,169.55279085407,169.37238493724,5.81346716855,436.39,,,438.89225534741,,,3607.89287878788,3607.89287878788,3607.89287878788,98.98470351769,184.81715970259,253.30333333333,416.56935898267,0.60807000772,243.9914718138,417.77967982589,0.58401948107,7.075614196,924533734.746593,883652895.537046,78.98926085796,95.49088946266,,3105.43227245057
2017-02-01,2017,"Q1","2016/17","Q3","February",171.93012211669,172.07253007965,170.98184263618,170.67782426778,6.61787767904,421.7,,,428.86876302774,,,3588.10325,3588.10325,3588.10325,97.12447585798,180.29380696658,256.39777777778,413.8661302082,0.61951862949,244.48791183278,409.92370971351,0.59642295881,7.46730458133,862454151.70654,901604492.057656,79.11216309225,96.18678403562,,3202.49367894602
2017-03-01,2017,"Q1","2016/17","Q3","March",172.23541383989,172.05558379936,172.10827168796,171.02928870293,6.48119203918,437.34,,,424.83992659957,,,3600.78434782609,3600.78434782609,3600.78434782609,101.72791289638,189.55845158267,269.13888888889,436.35584579556,0.61678763212,255.63328783189,431.4405907144,0.59251098143,7.73710930996,959283117.804589,901715042.691775,78.63632879343,95.43265360455,,3287.03295133527
2017-04-01,2017,"Q2","2016/17","Q4","April",172.45590230665,172.71648873072,172.88164088769,171.4309623431,6.97650130548,420.38,,,438.75124324214,,,3621.752,3621.752,3621.752,108.08358472926,202.42381064448,323.9,533.51280621189,0.60710820102,320.09533328041,548.36273334299,0.5837291884,7.51472250363,820492632.542168,860497592.994393,78.04995051671,94.66348638005,,3297.09384108739
2017-05-01,2017,"Q2","2016/17","Q4","May",173.6092265943,173.80105066938,173.85675857431,172.45188284519,7.22164412071,490.68,,,496.27182494035,,,3625.26456521739,3625.26456521739,3625.26456521739,110.83007099393,207.80717865961,331.65444444444,560.3274910388,0.59189393658,327.44000899317,559.22401401717,0.58552565839,6.7760423945,823977923.196445,851344762.102951,77.65413497709,94.36186028038,,3362.75892499197
2017-06-01,2017,"Q2","2016/17","Q4","June",174.28765264586,174.1569225555,172.78076664425,172.45188284519,6.25966793854,474.94,,,463.46604758681,,,3589.04931818182,3589.04931818182,3589.04931818182,116.97367118994,217.2047203866,324.77555555556,525.13594946165,0.61845995478,324.94069708686,528.79308123536,0.61449498607,7.44604932517,843578369.648224,859913289.894449,78.00684002803,94.49076144176,,3450.9910508733
2017-07-01,2017,"Q3","2017/18","Q1","July",173.79579375848,173.7671581088,171.9569603228,172.03347280335,5.5230469151,417.59,,,423.20230551329,,,3601.66785714286,3601.66785714286,3601.66785714286,117.34170194365,218.65780556366,268.39814814815,434.56031948932,0.61763151422,279.37389416365,450.93416407303,0.61954475048,8.21761619184,803687320.179463,834002469.818143,77.71583077384,93.50412030734,,3477.71411821056
2017-08-01,2017,"Q3","2017/18","Q1","August",174.28765264586,173.90272835113,172.39408204439,172.08368200837,5.31598893783,472.35,,,464.83895578364,,,3604.68804347826,3604.68804347826,3604.68804347826,124.92685468495,232.98102230872,258.40148148148,418.35375056961,0.61766263869,274.33686743788,433.66125440873,0.63260635957,7.40227875664,841645931.265654,853612475.19952,76.95229362336,92.18422314561,,3440.8675276565
2017-09-01,2017,"Q3","2017/18","Q1","September",174.77951153324,174.1569225555,173.52051109617,172.3179916318,5.13632186255,501.6,,,501.67356563083,,,3600.7030952381,3600.7030952381,3600.7030952381,120.46043159925,224.43084697897,259.92037037037,416.64698690862,0.62383835366,276.47955278918,435.15121683105,0.63536431037,7.22073113916,804584523.714227,844738646.459349,76.77026470588,91.87839559391,,3622.44993704229
2017-10-01,2017,"Q4","2017/18","Q2","October",175.16960651289,174.86866632774,174.02488231338,172.71966527197,4.66531440162,531.98,,,512.68913316499,,,3632.82954545455,3632.82954545455,3632.82954545455,116.13606272617,218.32079558936,291.0837037037,454.46035016869,0.64050406949,297.27983126186,454.20781647092,0.65450179517,6.75274022498,827670260.820284,857540477.635309,76.6693397241,91.64059179004,,3462.05653243088
2017-11-01,2017,"Q4","2017/18","Q2","November",175.72930800543,175.66514150144,174.14256893073,173.18828451883,4.0522875817,513.76,,,517.15378785867,,,3637.41,3637.41,3637.41,120.38862788419,226.55811500908,302.03703703704,498.83885048336,0.60548018011,302.2761665671,513.29532092402,0.58889328277,6.84183246133,841473392.124354,856756710.330673,76.83128222148,91.67205195832,,3538.27957326956
2017-12-01,2017,"Q4","2017/18","Q2","December",176.42469470828,175.9362819861,174.57969065232,173.80753138075,3.0462393332,497.19,,,495.18941371755,,,3622.30585034014,3622.30585034014,3622.30585034014,128.47673097687,240.7841140245,310.90925925926,512.65445701463,0.60646943571,308.7243572138,520.81726192336,0.59276905699,7.51402113642,930089495.096481,873994823.613155,76.6473827554,91.71979036208,,3720.86372120488
2018-01-01,2018,"Q1","2017/18","Q3","January",175.84803256445,175.76681918319,174.32750504371,174.02510460251,2.74703557312,508.83,,,514.89481607078,,,3624.37035403727,3624.37035403727,3624.37035403727,139.1030004086,260.8465851886,322.37740740741,513.04710441842,0.62835830206,308.03397061507,510.11614644125,0.60385065786,7.1402016673,940855937.513656,891476477.487037,75.09876576978,89.66665776462,,3676.45282419523
2018-02-01,2018,"Q1","2017/18","Q3","February",175.9328358209,176.10574478902,174.89912575656,174.46025104603,2.216120808,519.19,,,528.18688860726,,,3635.3067,3635.3067,3635.3067,142.59708003223,268.23508966883,323.57962962963,534.28908554234,0.60562650143,305.83112345753,522.42592314657,0.58540571956,6.79605732372,852791959.793691,890461219.59761,74.6198268648,89.0644754851,,3589.58837261085
2018-03-01,2018,"Q1","2017/18","Q3","March",176.15332428765,176.05490594814,175.40349697377,174.44351464435,1.99628143654,556.22,,,543.43973370189,,,3661.89666666667,3661.89666666667,3661.89666666667,146.13549630012,276.78305711761,319.19296296296,525.23953408586,0.60770932546,301.73656623229,522.78786140804,0.57716827131,6.74952216334,950173051.143903,894010869.502051,74.26050972337,88.6844631164,,3667.95852706078
2018-04-01,2018,"Q2","2017/18","Q4","April",176.47557666214,176.7497034401,176.26092804304,175.02928870293,2.09899443522,497.45,,,520.00316129022,,,3696.9553968254,3696.9553968254,3696.9553968254,151.41609282611,289.63213704735,297.47469135803,480.80925158615,0.61869585574,296.9099885577,493.84759383812,0.60121784992,6.64403884711,841749454.750435,895071144.77529,73.80537953638,87.85765237102,,3454.92120423366
2018-05-01,2018,"Q2","2017/18","Q4","May",177.0013568521,177.15641416709,177.37054472092,175.93305439331,2.01863354037,510.96,,,519.35690892879,,,3725.84543478261,3725.84543478261,3725.84543478261,144.37890248799,278.36721099783,290.71728395062,500.75346384523,0.5805597064,289.56152217561,509.31345386391,0.56853303202,6.52338156635,913387706.218557,947775091.187938,74.48250418923,88.50198316037,,3387.9632860644
2018-06-01,2018,"Q2","2017/18","Q4","June",177.06919945726,176.80054228097,176.630800269,176.08368200837,2.10597826087,536.24,,,527.05195295586,,,3843.35857142857,3843.35857142857,3843.35857142857,137.39883089269,273.1899524246,287.17802469136,497.02436664555,0.5777946595,289.18914243613,503.50115862592,0.57435645873,6.23486592578,922290725.909682,941401553.152185,72.92298017672,86.76150241385,,3286.09826260148
2018-07-01,2018,"Q3","2018/19","Q1","July",178.91791044776,178.74936451449,177.23604572966,177.08786610879,2.93802899115,544.77,,,546.87530600381,,,3758.40659090909,3758.40659090909,3758.40659090909,137.80478813984,267.72420861723,288.50135802469,495.53160826913,0.58220576288,297.8831840726,510.25888938274,0.58378832838,6.25466087491,910282001.675141,938641419.0236,75.20968077402,89.9383626187,,3420.51957991658
2018-08-01,2018,"Q3","2018/19","Q1","August",179.88466757124,179.44416200644,177.90854068595,177.48953974895,3.14141217662,665.53,,,656.11471864907,,,3733.03847826087,3733.03847826087,3733.03847826087,137.79712408535,266.0787276736,290.1650617284,522.90730710995,0.55490726135,305.92752244188,537.56535624378,0.56909828524,4.868715512,960318352.652394,970429674.990862,76.66663743625,91.98790815301,,3194.43590833798
2018-09-01,2018,"Q3","2018/19","Q1","September",180.34260515604,179.69835621081,179.10221923336,177.8410041841,3.20512820513,546.2,,,550.8260194418,,,3800.272,3800.272,3800.272,122.92975091328,241.66347570564,293.81358024691,554.5022154618,0.52986908267,310.61067248383,573.40675732287,0.54169342882,6.09367469282,921497045.859698,961779324.251685,75.77778190841,90.86665880067,,3356.55457481823
2018-10-01,2018,"Q4","2018/19","Q2","October",180.25780189959,179.95255041518,178.93409549428,177.65690376569,2.85852713178,650.86,,,630.91686983126,,,3780.2302173913,3780.2302173913,3780.2302173913,118.44127859271,231.63504607134,290.62567901235,538.42176415044,0.53977327508,298.26491029673,539.49173593036,0.55286279739,5.36618642851,936059349.385491,967365974.24269,76.6741546907,91.73886408186,,3385.61754440949
2018-11-01,2018,"Q4","2018/19","Q2","November",180.42740841248,180.34231486189,178.91728312038,178.04184100418,2.802473908,596.24,,,589.98344676474,,,3738.76363636364,3738.76363636364,3738.76363636364,114.62857649172,221.73705065547,304.85975308642,537.59328801671,0.56708251364,307.52545053617,555.48852701102,0.55361260509,5.78180662974,959628196.087191,973033927.945686,77.38632403984,92.66774264292,,3411.17020394275
2018-12-01,2018,"Q4","2018/19","Q2","December",180.91926729986,180.54567022539,178.63147276395,177.89121338912,2.34954260953,599.78,,,586.86480666455,,,3710.44880952381,3710.44880952381,3710.44880952381,113.94759804391,218.82861959566,327.69456790124,574.52240507241,0.57037735171,326.72359880105,586.43773113825,0.55713263566,5.72280806714,974466562.239066,926708185.942631,77.69666593186,92.83166582137,,3358.51464990299
2019-01-01,2019,"Q1","2018/19","Q3","January",181.39416553596,181.37603795967,178.81640887693,178.4769874477,2.55818426621,606.03,,,624.54623606381,,,3702.31065217391,3702.31065217391,3702.31065217391,111.9187563892,214.34746911374,396.69012345679,723.76092610244,0.54809552319,377.63610932136,714.78807909161,0.52831898064,,1026469859.42715,967775233.286459,,,,
2019-02-01,2019,"Q1","2018/19","Q3","February",180.90230664858,181.104897475,178.53059852051,178.07531380753,2.07214121259,584.21,,,588.35385240493,,,3670.78175,3670.78175,3670.78175,123.6205557118,234.77481016436,408.55641975309,739.10807089343,0.55276952836,384.5436492573,714.78739326712,0.53798325611,,909246766.827336,947965466.231498,,,,
2019-03-01,2019,"Q1","2018/19","Q3","March",182.20827679783,182.24029825453,179.94283792872,179.12970711297,2.68636668905,881.76,,,871.1028848836,,,3708.23380952381,3708.23380952381,3708.23380952381,119.06682653185,228.41991985438,400.85345679012,717.57924363953,0.55861907983,378.88647627311,723.18265392189,0.52391532653,,980401908.699816,922955621.687675,,,,
2019-04-01,2019,"Q2","2018/19","Q4","April",181.76729986432,182.01999661074,180.54808338938,179.46443514644,2.53394530503,620.01,,,647.06251173758,,,3738.37545454545,3738.37545454545,3738.37545454545,120.10186715692,232.2870815034,336.37827160494,636.60620135664,0.52839301736,337.89368996549,655.92692361718,0.51513922939,,890060414.314679,954881037.895269,,,,
2019-05-01,2019,"Q2","2018/19","Q4","May",181.86906377205,182.03694289104,181.10289172831,179.69874476988,2.1404109589,675.4,,,693.22857977923,,,3764.64869565217,3764.64869565217,3764.64869565217,112.69662252739,219.5630683715,317.43901234568,577.62553712373,0.54955848027,318.3692258404,601.67597446829,0.52913734194,,927950009.744351,965995178.170081,,,,
2019-06-01,2019,"Q2","2018/19","Q4","June",182.24219810041,181.9013726487,180.43039677202,179.7489539749,2.08155118335,627.81,,,618.54541324694,,,3733.5045,3733.5045,3733.5045,111.77131725703,215.69830928218,306.83271604938,574.29212612972,0.53427985878,310.31683410541,585.13097013591,0.53033739444,,855138492.115383,874819233.347777,,,,
2019-07-01,2019,"Q3","2019/20","Q1","July",182.53052917232,182.17251313337,180.34633490249,179.96652719665,1.62555524053,652.09,,,649.13415499334,,,3696.32673913043,3696.32673913043,3696.32673913043,110.8347355642,211.95808477919,312.26358024691,599.01364250982,0.52129627455,317.60995283858,605.34124533616,0.52467918762,,952139997.354733,975809191.650482,,,,
2019-08-01,2019,"Q3","2019/20","Q1","August",183.42944369064,182.96898830707,181.22057834566,180.65271966527,1.78217821782,595.73,,,580.00241958604,,,3693.21,3693.21,3693.21,108.94719949148,208.17540730465,312.5450617284,612.16303864426,0.51055853098,324.18478272096,615.72866470116,0.52650591292,,946377190.035284,953225435.452927,,,,
2019-09-01,2019,"Q3","2019/20","Q1","September",183.81953867029,183.17234367056,182.34700739744,181.00418410042,1.77865612648,595.96,,,605.17294462042,,,3674.75642857143,3674.75642857143,3674.75642857143,105.87012794334,201.28554076439,315.38135802469,637.22888060506,0.49492634063,328.13667576144,647.58851623913,0.50670551984,,923187929.444446,959265679.799279,,,,
2019-10-01,2019,"Q4","2019/20","Q2","October",183.48032564451,183.1045585494,182.4646940148,181.13807531381,1.95949128592,619.31,,,607.92107222674,,,3695.39673913044,3695.39673913044,3695.39673913044,106.66273925242,203.95390152494,323.93345679012,636.09530675674,0.50925302128,335.27712989075,639.28262746029,0.52445837801,,922049171.111861,952668300.095368,,,,
2019-11-01,2019,"Q4","2019/20","Q2","November",183.63297150611,183.52821555669,182.43106926698,181.589958159,1.99285579996,608.71,,,596.9318622932,,,3696.87023809524,3696.87023809524,3696.87023809524,119.62388426173,228.80375839653,329.50864197531,589.88545739425,0.55859766984,337.26311052423,616.53188150131,0.54703271744,,946342682.207024,956731558.256829,,,,
2019-12-01,2019,"Q4","2019/20","Q2","December",184.22659430122,183.95187256397,182.86819098857,182.14225941423,2.38968858783,646.87,,,622.57645174816,,,3674.21613636364,3674.21613636364,3674.21613636364,121.29190626207,230.64222072013,335.26790123457,600.68816704354,0.55813967984,338.37622870326,622.18562242345,0.5438509289,,958385914.269825,917380506.029384,,,,
2020-01-01,2020,"Q1","2019/20","Q3","January",184.98982360923,185.05338078292,183.45662407532,183.17991631799,2.63503375844,685.15,,,717.37593828047,,,3680.3797826087,3680.3797826087,3680.3797826087,124.45058616549,237.00954457141,354.28135802469,640.91767143591,0.55277202333,339.1412003664,632.73408415759,0.5359932535,,1000519972.5755,941149291.789518,,,,
2020-02-01,2020,"Q1","2019/20","Q3","February",185.32903663501,185.57871547195,183.82649630128,183.39748953975,2.98872180451,661.67,,,665.59868131824,,,3676.2995,3676.2995,3676.2995,122.45116438894,232.89306918546,350.60617283951,646.20731829646,0.54255989202,331.62389022181,623.727954658,0.53168033875,,1016669636.20126,1059173190.96509,,,,
2020-03-01,2020,"Q1","2019/20","Q3","March",185.56648575305,185.66344687341,183.60793544048,182.91213389121,2.11155750724,553.68,,,557.42071247725,,,3780.70022727273,3780.70022727273,3780.70022727273,101.84339157841,198.78478059046,337.3124691358,578.78532956163,0.58279374391,320.53298024716,591.04238597304,0.54231809402,,1028229758.66842,970504606.096633,,,,
2020-04-01,2020,"Q2","2019/20","Q4","April",186.90637720489,187.13777325877,185.25554808339,184.21757322176,2.64851254313,406.22,,,423.28000806059,,,3789.44613636364,3789.44613636364,3789.44613636364,86.89209419041,170.33537025681,267.95037037037,517.82279380817,0.51745572728,268.17396269329,528.32513341834,0.50759266544,,732808240.933064,790018106.462572,,,,
2020-05-01,2020,"Q2","2019/20","Q4","May",187.22862957938,187.37502118285,185.91123066577,184.58577405858,2.71956784949,507.58,,,519.35146761886,,,3792.33928571429,3792.33928571429,3792.33928571429,92.76211330908,181.97660866314,270.25703703704,498.27582671648,0.54238440347,270.06227767876,527.09378083684,0.51236096402,,882089105.986579,918742748.597943,,,,
2020-06-01,2020,"Q2","2019/20","Q4","June",188.92469470828,188.52736824267,186.53328850034,185.72384937239,3.32402234637,649.42,,,632.18247148081,,,3737.74136363636,3737.74136363636,3737.74136363636,91.5857823113,177.04786559507,297.78259259259,627.4180498166,0.47461591626,299.62285764471,640.37635489909,0.46788557284,,964217737.245794,985707576.110518,,,,
2020-07-01,2020,"Q3","2020/21","Q1","July",189.72184531886,189.2560582952,186.18022864829,185.65690376569,3.16190830466,707.08,,,699.6782515365,,,3703.91239130435,3703.91239130435,3703.91239130435,89.01885164096,170.63142099806,409.48456790124,810.25199187999,0.50537927954,409.4527702506,805.28899820495,0.50845444451,,1009319468.78184,1030493336.92956,,,,
2020-08-01,2020,"Q3","2020/21","Q1","August",189.99321573948,189.54414506016,186.61735036987,185.92468619247,2.91828793774,811.43,,,778.91859758946,,,3677.73142857143,3677.73142857143,3677.73142857143,85.74865611521,163.16343467057,443.22975308642,848.14413585489,0.52258777058,452.17224422093,834.1404805786,0.54208164542,,1013909009.94044,1020397551.09399,,,,
2020-09-01,2020,"Q3","2020/21","Q1","September",190.56987788331,189.90001694628,187.18897108272,185.74058577406,2.61673601479,791.19,,,809.86594572248,,,3694.55159090909,3694.55159090909,3694.55159090909,92.12655498599,176.09781445712,457.97567901235,847.18997825165,0.54058203091,469.91556200793,850.48446259187,0.55252692163,,1016980206.6556,1054358964.55575,,,,
2020-10-01,2020,"Q4","2020/21","Q2","October",191.02781546811,190.59481443823,187.97915265636,186.54393305439,2.98438510579,765.93,,,764.36513316916,,,3719.26363636364,3719.26363636364,3719.26363636364,90.36610276226,173.91908266597,424.37320987654,788.96280192898,0.53788747561,442.17658529452,793.31558647043,0.55737791219,,,,,,,
2020-11-01,2020,"Q4","2020/21","Q2","November",190.75644504749,190.59481443823,187.02084734365,186.12552301255,2.49769585253,848.58,,,827.23503461722,,,3710.21023809524,3710.21023809524,3710.21023809524,88.61213516299,170.08863743184,423.1324691358,749.10484128938,0.56485080033,439.6344817126,790.97521248965,0.55581322243,,,,,,,
2020-12-01,2020,"Q4","2020/21","Q2","December",191.36702849389,191.17098796814,187.35709482179,186.62761506276,2.46255628044,915.48,,,874.44865640473,,,3665.19760869565,3665.19760869565,3665.19760869565,87.55561792632,166.06569250932,424.90432098765,809.8897731069,0.52464463078,434.99872437476,850.56519602836,0.51142314123,,,,,,,
2021-01-01,2021,"Q1","2020/21","Q3","January",191.18046132972,191.35739705135,187.138533961,186.94560669456,2.05573321151,659.24,,,700.83264155621,,,3690.90071428571,3690.90071428571,3690.90071428571,89.22179423561,170.40783090279,432.63740740741,664.75716218471,0.65082022732,420.2342458966,663.60683707964,0.63325786055,,,,,,,
2021-02-01,2021,"Q1","2020/21","Q3","February",191.62143826323,191.86578546009,188.04640215198,187.6820083682,2.3361927359,814.2,,,818.5442648714,,,3668.2975,3668.2975,3668.2975,92.46874105547,175.51439850152,438.22296296296,680.56154892817,0.6439137851,420.17895801415,661.16565724208,0.63551237638,,,,,,,
2021-03-01,2021,"Q1","2020/21","Q3","March",191.92672998643,192.06914082359,188.58439811701,187.94979079498,2.75414036051,814.23,,,831.84537878407,,,3662.52956521739,3662.52956521739,3662.52956521739,95.38977967445,180.76735239888,444.60962962963,617.90712748837,0.71954118969,427.1177425574,636.21651064596,0.67134023624,,,,,,,
2021-04-01,2021,"Q2","2020/21","Q4","April",192.26594301221,192.42501270971,189.12239408204,188.10041841004,2.10774961388,850.64,,,886.97888656694,,,3626.74522727273,3626.74522727273,3626.74522727273,96.45251737692,180.81232076649,480.52679012346,663.78951619064,0.72391440118,477.20576683326,669.67309918462,0.71259509664,,,,,,,
2021-05-01,2021,"Q2","2020/21","Q4","May",192.96132971506,193.0520250805,189.42501681237,188.20083682008,1.95847311633,850.44,,,869.57281370511,,,3551.72238095238,3551.72238095238,3551.72238095238,99.93143280519,183.67600697187,466.96864197531,637.81213222724,0.7321413601,462.44236706462,676.46559700745,0.68361549961,,,,,,,
2021-06-01,2021,"Q2","2020/21","Q4","June",194.09769335143,193.6451448907,190.21519838601,189.32217573222,1.93746057493,1097.17,,,1055.92872196162,,,3540.92409090909,3540.92409090909,3540.92409090909,105.17036926339,192.68782852169,432.66456790123,682.75176951798,0.63370698872,430.28569188552,696.02665689946,0.61820289154,,,,,,,
2021-07-01,2021,"Q3","2021/22","Q1","July",194.47082767978,193.93323165565,190.14794889038,189.53974895398,2.09140899666,627.31,,,615.84942184898,,,3554.26636363636,3554.26636363636,3554.26636363636,107.94308330951,198.47798939065,324.06444444445,578.82411898285,0.55986686425,317.89930648517,567.29518719021,0.56037723158,,,,,,,
2021-08-01,2021,"Q3","2021/22","Q1","August",194.14857530529,193.76376885274,190.08069939476,189.35564853557,1.84535061662,655.38,,,616.90833355981,,,3541.50204545455,3541.50204545455,3541.50204545455,109.76292073673,201.11465400191,288.43111111111,461.52784307971,0.62494845205,288.1891280284,445.45582371952,0.64695332889,,,,,,,
2021-09-01,2021,"Q3","2021/22","Q1","September",194.79308005427,194.15353329944,191.22394082044,189.74058577406,2.15354117859,632.96,,,647.05997031893,,,3535.48954545454,3535.48954545454,3535.48954545454,108.16902907289,197.86146628493,272.21444444445,397.78654844062,0.68432290009,274.67166364101,395.62614681292,0.69427075499,,,,,,,
2021-10-01,2021,"Q4","2021/22","Q2","October",195.01356852103,194.56024402644,191.54337592468,190.04184100418,1.87511214786,638.1,,,642.82043570881,,,3580.26404761905,3580.26404761905,3580.26404761905,104.35777806891,193.22235159082,299.26185185185,438.65861339177,0.68222039353,314.18437663271,443.56149543069,0.70832202495,,,,,,,
2021-11-01,2021,"Q4","2021/22","Q2","November",195.64111261873,195.50923572276,191.87962340283,190.94560669456,2.5896951713,759.39,,,742.00720559328,,,3552.72477272727,3552.72477272727,3552.72477272727,102.84644167577,189.03618821126,303.99296296296,431.2760667596,0.70486861292,320.5349935747,456.8390850673,0.70163653692,,,,,,,
2021-12-01,2021,"Q4","2021/22","Q2","December",196.84531886024,196.69547534316,192.753866846,192,2.87866559053,769.95,,,739.45142449396,,,3557.02717391304,3557.02717391304,3557.02717391304,98.16825790202,180.65547258151,310.25518518519,441.73986630237,0.70234816654,323.02247391409,470.45247656548,0.68662083846,,,,,,,
2022-01-01,2022,"Q1","2021/22","Q3","January",195.55630936228,195.81426876801,192.16543375925,192.01673640167,2.71262309758,701.46,,,752.69458924887,,,3531.08666666667,3531.08666666667,3531.08666666667,99.20135406869,181.25500320276,320.0450617284,452.3554961499,0.70750784384,318.27190229811,458.70607337252,0.69384715131,,,,,,,
2022-02-01,2022,"Q1","2021/22","Q3","February",197.62550881954,197.78003728182,194.04841963685,193.65690376569,3.18352059925,801.83,,,817.51111895276,,,3514.2925,3514.2925,3514.2925,98.59926406451,179.26902250796,327.87209876543,473.87403643997,0.69189715737,321.1603613306,468.23083534753,0.68590177555,,,,,,,
2022-03-01,2022,"Q1","2021/22","Q3","March",198.7618724559,198.91543806135,195.66240753194,194.99581589958,3.74888691006,789.44,,,817.76777873104,,,3591.61326086956,3591.61326086956,3591.61326086956,94.08186451124,174.78462487628,335.73283950617,453.81251804708,0.73980515335,327.22482187876,469.75331894633,0.69658863212,,,,,,,
2022-04-01,2022,"Q2","2021/22","Q4","April",200.57666214383,200.64395865108,198.3523873571,197.25523012552,4.86698104814,779.17,,,810.0784973719,,,3539.64142857143,3539.64142857143,3539.64142857143,91.7144374443,167.99743307534,341.06481481482,466.38914671511,0.73128806109,333.71826400692,461.68572103957,0.72282561231,,,,,,,
2022-05-01,2022,"Q2","2021/22","Q4","May",202.76458616011,202.72835112693,201.27774041695,200.01673640167,6.27834593153,755.65,,,761.1083721061,,,3629.18568181818,3629.18568181818,3629.18568181818,84.90127848159,159.51688046752,350.91481481482,463.65969585985,0.75683700341,341.11277524196,486.85696454035,0.70064269403,,,,,,,
2022-06-01,2022,"Q2","2021/22","Q4","June",204.79986431479,204.27046263345,203.22797579018,202.20920502092,6.80693069307,863.28,,,819.01688093142,,,3737.91159090909,3737.91159090909,3737.91159090909,80.56022780295,155.84575802724,362.72037037037,509.59924452022,0.71177572234,352.90583210952,513.66398325253,0.68703635765,,,,,,,
2022-07-01,2022,"Q3","2022/23","Q1","July",206.81818181818,206.27012370785,205.17821116342,204.53556485356,7.91169977925,808.38,,,788.15267035903,,,3790.94880952381,3790.94880952381,3790.94880952381,82.10626345041,161.04238509633,391.12938271605,616.73023724798,0.63419848597,378.60680407599,602.08579358108,0.62882534036,,,,,,,
2022-08-01,2022,"Q3","2022/23","Q1","August",208.15807327001,207.86307405525,207.19569603228,206.44351464435,9.02421778328,999.93,,,934.19986038005,,,3833.96391304348,3833.96391304348,3833.96391304348,85.95429446815,170.47656078462,395.86012345679,701.04513530822,0.56467137923,391.32921184708,672.89662690133,0.5815591819,,,,,,,
2022-09-01,2022,"Q3","2022/23","Q1","September",210.66824966079,210.11692933401,210.32279757902,208.75313807531,10.02028755403,807.66,,,824.89024784992,,,3828.02340909091,3828.02340909091,3828.02340909091,82.94534287333,164.26707577028,391.56049382716,728.27967580164,0.53765127167,393.25443617321,730.10664353614,0.53862602081,,,,,,,
2022-10-01,2022,"Q4","2022/23","Q2","October",212.33039348711,211.9301813252,212.05447209146,210.44351464435,10.73535887274,814.68,,,822.18567520326,,,3821.87857142857,3821.87857142857,3821.87857142857,81.64860097902,161.44378164805,340.29469135803,638.62373716844,0.53285631515,358.29340639855,649.47522606496,0.55166600976,,,,,,,
2022-11-01,2022,"Q4","2022/23","Q2","November",212.8052917232,212.7266564989,212.18897108272,211.14644351464,10.57936716627,799.05,,,781.3467080258,,,3759.37477272727,3759.37477272727,3759.37477272727,81.61283675079,158.73686309067,346.38617283951,571.23156363853,0.60638486192,368.66049528642,601.80249582887,0.61259382911,,,,,,,
2022-12-01,2022,"Q4","2022/23","Q2","December",213.31411126187,213.18420606677,212.47478143914,211.61506276151,10.21617852162,842.88,,,821.82394361848,,,3686.68068181818,3686.68068181818,3686.68068181818,82.00116328363,156.49855882932,371.89913580247,607.40688905382,0.61227348999,391.68222202577,650.0916576518,0.60250307386,,,,,,,
2023-01-01,2023,"Q1","2022/23","Q3","January",213.09362279512,213.42145399085,212.1553463349,211.96652719665,10.38961038961,865.78,,,935.49026914629,,,3693.03863636364,3693.03863636364,3693.03863636364,83.47089095465,159.51545926667,451.18765432099,809.05678540187,0.55767118262,458.56472732683,832.8776271413,0.55057875537,,,,,,,
2023-02-01,2023,"Q1","2022/23","Q3","February",213.04274084125,213.03168954415,211.9031607263,211.4309623431,9.17811770806,794.15,,,819.37396046358,,,3685.786875,3685.786875,3685.786875,82.46351711009,157.28183887767,489.77802469136,853.08347081888,0.57412673138,488.74904627656,855.01126652575,0.57162877895,,,,,,,
2023-03-01,2023,"Q1","2022/23","Q3","March",213.95861601086,214.08235892222,213.29858776059,212.51882845188,8.98635310274,766.69,,,796.70588838516,,,3741.8772826087,3741.8772826087,3741.8772826087,76.88466548478,148.8771474106,522.02432098765,856.17639039343,0.60971585627,514.80016306495,882.02682171038,0.58365590523,,,,,,,
2023-04-01,2023,"Q2","2022/23","Q4","April",214.14518317503,214.08235892222,214.30733019502,213.03765690377,8.00101815714,798.43,,,828.65709794318,,,3744.329,3744.329,3744.329,75.5478334233,146.3901824014,543.00012345679,1010.81285910916,0.53719154695,525.85107555214,991.09679979835,0.53057489002,,,,,,,
2023-05-01,2023,"Q2","2022/23","Q4","May",214.11126187246,213.89594983901,213.73570948218,212.35146443515,6.16684796251,1083,,,1081.57029564939,,,3729.01456521739,3729.01456521739,3729.01456521739,70.99094026613,136.94979515328,566.25308641975,897.75330692276,0.63074464004,543.15653543543,932.92425509495,0.58220861176,,,,,,,
2023-06-01,2023,"Q2","2022/23","Q4","June",214.62008141113,214.04846636163,213.16408876933,212.0669456067,4.87502069194,1087.6,,,1025.26507578971,,,3706.78613636364,3706.78613636364,3706.78613636364,69.58614819351,133.49143041169,586.85679012346,915.968239493,0.64069556653,561.03093721841,919.15160528316,0.61037910829,,,,,,,
2023-07-01,2023,"Q3","2023/24","Q1","July",214.63704206242,214.1162514828,213.11365164761,212.48535564854,3.88675231159,999.36,,,967.82136088414,,,3661.43357142857,3661.43357142857,3661.43357142857,70.87945159272,134.2630065296,609.0137037037,958.67813413922,0.63526399739,583.29663462037,936.31568121579,0.62297005841,,,,,,,
2023-08-01,2023,"Q3","2023/24","Q1","August",215.1289009498,214.9127266565,214.37457969065,213.69037656904,3.51033644102,1169.16,,,1084.88700162813,,,3686.89173913043,3686.89173913043,3686.89173913043,66.89147352224,127.56737471997,621.16703703704,981.21896759699,0.63305649152,607.64038682585,938.56695021343,0.64741293808,,,,,,,
2023-09-01,2023,"Q3","2023/24","Q1","September",215.80732700136,215.38722250466,215.97175521184,214.46025104603,2.73390523531,1047.87,,,1068.51026831208,,,3738.86357142857,3738.86357142857,3738.86357142857,63.53385534173,122.89630396217,627.51925925926,978.5902008792,0.6412482556,626.18554080538,982.50148826254,0.63733800741,,,,,,,
2023-10-01,2023,"Q4","2023/24","Q2","October",216.5196743555,216.25148279953,217.21587088097,215.71548117155,2.50516939717,1074.16,,,1073.28774662396,,,3755.60727272727,3755.60727272727,3755.60727272727,62.03434974033,120.54792404406,620.62395061728,1028.14212582965,0.60363634076,657.59032364273,1054.53898488017,0.62358085673,,,,,,,
2023-11-01,2023,"Q4","2023/24","Q2","November",217.1302578019,217.18352821556,217.72024209818,216.70292887029,2.63157894737,1091.84,,,1073.99172991289,,,3782.12136363636,3782.12136363636,3782.12136363636,59.98423312225,117.37593295797,620.9587654321,1046.22644013129,0.59352234049,667.33928832806,1100.29221024847,0.60651096328,,,,,,,
2023-12-01,2023,"Q4","2023/24","Q2","December",218.2157394844,218.13251991188,218.00605245461,217.15481171548,2.61784245492,1041.76,,,1033.45448047892,,,3778.8,3778.8,3778.8,58.64725463878,114.67635633539,621.07728395062,1009.16780589055,0.61543509447,661.16861294493,1090.20279870862,0.60646387418,,,,,,,
2024-01-01,2024,"Q1","2023/24","Q3","January",218.26662143826,218.59006947975,218.07330195024,217.79079497908,2.74772996447,898.09,,,967.03908212998,,,3805.43826086957,3805.43826086957,3805.43826086957,57.80208011277,113.82329597597,602.13209876543,880.38062938146,0.68394519219,619.8836644579,908.35185721794,0.6824268146,,,,,,,
2024-02-01,2024,"Q1","2023/24","Q3","February",220.26797829037,220.0813421454,219.18291862811,218.57740585774,3.38003641257,1056.84,,,1110.60328501901,,,3875.05761904762,3875.05761904762,3875.05761904762,57.80065945124,115.89923169208,615.95358024691,922.27694321989,0.66786184429,620.82341519715,932.0619497205,0.66607527041,,,,,,,
2024-03-01,2024,"Q1","2023/24","Q3","March",221.13297150611,221.13201152347,220.29253530599,219.38075313808,3.22885493779,1147.02,,,1195.56271453926,,,3893.8,3893.8,3893.8,62.53085565228,125.9560388076,643.69432098765,969.91118332342,0.66366316015,637.85739387889,990.88100423351,0.64372754261,,,,,,,
2024-04-01,2024,"Q2","2023/24","Q4","April",221.59090909091,221.38620572784,221.13315400135,219.6820083682,3.1188624401,1126.01,,,1168.67216524231,,,3822.465,3822.465,3822.465,68.9074249426,136.21960771823,717.25160493827,1000.32830509825,0.71701620486,690.99043499649,973.51270895125,0.70979087242,,,,,,,
2024-05-01,2024,"Q2","2023/24","Q4","May",222.09972862958,221.70818505338,221.46940147949,219.93305439331,3.57030264817,1205.43,,,1187.43937429461,,,3790.73739130435,3790.73739130435,3790.73739130435,69.94880730095,137.18221485669,748.90790123457,1020.43900463154,0.73390756119,712.95980480509,1054.40855458804,0.67617035323,,,,,,,
2024-06-01,2024,"Q2","2023/24","Q4","June",222.79511533243,222.18268090154,221.53665097512,220.40167364017,3.9302343935,1148.42,,,1076.66484273087,,,3750.1705,3750.1705,3750.1705,71.02807889279,137.69395123054,770.56049382716,942.56142292595,0.81751753794,727.77567965177,943.65087080703,0.77123404658,,,,,,,
2024-07-01,2024,"Q3","2024/25","Q1","July",223.18521031208,222.70801559058,221.55346334903,220.98744769875,4.00126023945,1286.52,,,1244.09801795604,,,3705.7652173913,3705.7652173913,3705.7652173913,69.97935297884,134.16660935092,779.6375308642,910.93670416739,0.85586356033,743.13345131889,892.80606374799,0.83235708346,,,,,,,
2024-08-01,2024,"Q3","2024/25","Q1","August",223.52442333786,223.33502796136,221.9569603228,221.30543933054,3.56359649123,1174.03,,,1085.47083131789,,,3722.35386363636,3722.35386363636,3722.35386363636,68.99526773171,132.87427141689,783.21160493827,900.98646799551,0.8692823175,762.71671371382,863.16263892012,0.8836303604,,,,,,,
2024-09-01,2024,"Q3","2024/25","Q1","September",223.86363636364,223.57227588544,222.49495628783,221.07112970711,3.0825659435,1172.18,,,1195.47623518278,,,3711.62023809524,3711.62023809524,3711.62023809524,71.95628217938,138.17198855827,778.71086419753,886.21866125227,0.87868931026,775.55514127639,892.86235838148,0.8686166843,,,,,,,
2024-10-01,2024,"Q4","2024/25","Q2","October",224.94911804613,224.8601931876,223.62138533961,222.25941422594,3.03359453798,1279.34,,,1269.79670920183,,,3667.99260869565,3667.99260869565,3667.99260869565,77.96195589714,147.93896947884,731.92049382716,824.86553926069,0.88732097413,778.51893465196,847.83037952073,0.9182484533,,,,,,,
2024-11-01,2024,"Q4","2024/25","Q2","November",225.4579375848,225.69056092188,224.12575655683,223.16317991632,2.98115539079,1234.07,,,1220.89586174257,,,3678.17904761905,3678.17904761905,3678.17904761905,79.89992952362,152.04581299907,736.9312345679,916.52553757208,0.80404877372,796.06409058271,965.50153893034,0.82450836015,,,,,,,
2024-12-01,2024,"Q4","2024/25","Q2","December",226.76390773406,226.72428401966,225.13449899126,224.30125523013,3.29094412331,1225.78,,,1228.61438912472,,,3661.58431818182,3661.58431818182,3661.58431818182,79.27850740102,150.17250653823,759.52827160494,827.03419564148,0.9183758974,812.78939743617,897.99196638659,0.90511878487,,,,,,,
2025-01-01,2025,"Q1","2024/25","Q3","January",227.4762550882,227.75800711744,225.84061869536,225.43933054393,3.51187274264,1214.38,,,1300.43868687964,,,3687.91956521739,3687.91956521739,3687.91956521739,86.65193066941,165.34026497363,797.29234567901,959.61301528469,0.83084778237,823.90460356368,988.34048089307,0.83362426157,,,,,,,
2025-02-01,2025,"Q1","2024/25","Q3","February",228.90094979647,228.55448229114,227.28648285138,226.56066945607,3.65237366003,1199.42,,,1267.14070065935,,,3677.9295,3677.9295,3677.9295,88.70259149139,168.78910991652,856.87641975309,914.64195374992,0.93684355527,865.32700155326,925.55830810949,0.93492435211,,,,,,,
2025-03-01,2025,"Q1","2024/25","Q3","March",229.1723202171,229.06287069988,227.68997982515,226.62761506276,3.303326213,1316.26,,,1373.89651054582,,,3667.73690476191,3667.73690476191,3667.73690476191,90.10716083168,170.98899906285,935.8612345679,976.36028024967,0.95852038791,926.67196056885,989.27952635239,0.93671397809,,,,,,,
2025-04-01,2025,"Q2","2024/25","Q4","April",230.18995929444,229.84239959329,228.79959650303,227.16317991632,3.40545482249,1437.25,,,1496.01970444075,,,3668.39,3668.39,3668.39,87.68795125686,166.43594425904,1034.24679012346,1096.15193179281,0.94352503529,996.4652681944,1063.04345336551,0.93737021289,,,,,,,
2025-05-01,2025,"Q2","2024/25","Q4","May",231.37720488467,230.87612269107,229.94283792872,228.23430962343,3.77444638916,1553.01,,,1523.09390301561,,,3653.88681818182,3653.88681818182,3653.88681818182,88.07076872199,166.46612006046,1152.03308641975,1141.9452756662,1.00883388282,1095.40368357924,1175.17324112145,0.93212102288,,,,,,,
2025-06-01,2025,"Q2","2024/25","Q4","June",232.03867028494,231.38451109981,230.16139878951,228.98744769875,3.89551218771,1681.55,,,1573.89349997612,,,3609.3990952381,3609.3990952381,3609.3990952381,88.55163068833,165.22831591576,1289.22012345679,1407.91189088633,0.91569659423,1212.72752144562,1411.97735966069,0.85888595391,,,,,,,
2025-07-01,2025,"Q3","2025/26","Q1","July",232.4118046133,231.94373834943,229.87558843309,229.33891213389,3.77915783096,,,,,,,3586.27321739131,3586.27321739131,3586.27321739131,92.78482584149,172.15731481463,,,0.73497893493,,,0.71176845437,,,,,,,
2025-08-01,2025,"Q3","2025/26","Q1","August",232.59837177748,232.41823419759,230.27908540686,229.65690376569,3.77372759586,,,,,,,3562.94238095238,3562.94238095238,3562.94238095238,97.92680222487,180.50807874037,,,0.72046957787,,,0.72687842215,,,,,,,
2025-09-01,2025,"Q3","2025/26","Q1","September",232.73405698779,232.51991187934,231.35507733692,229.99163179916,4.03512756454,,,,,,,3507.79272727273,3507.79272727273,3507.79272727273,103.08095319056,187.0702966945,,,0.85712791431,,,0.84485740523,,,,,,,
2025-10-01,2025,"Q4","2025/26","Q2","October",232.70013568521,232.74021352313,231.32145258911,230.04184100418,3.5015060241,,,,,,,3463.20173913043,3463.20173913043,3463.20173913043,106.492087369,190.87992667278,,,,,,,,,,,,,
2025-11-01,2025,"Q4","2025/26","Q2","November",232.75101763908,233.14692425013,231.10289172831,230.20920502092,3.15734213289,,,,,,,3570.165,3570.165,3570.165,110.85347112804,204.7158098258,,,,,,,,,,,,,
2025-12-01,2025,"Q4","2025/26","Q2","December",233.88738127544,233.89256058295,232.19569603228,231.38075313808,3.15624533652,,,,,,,3576.39369565217,3576.39369565217,3576.39369565217,109.03299082354,201.60166526541,,,,,,,,,,,,,
2026-01-01,2026,"Q1","2025/26","Q3","January",235.00678426052,235.24826300627,232.98587760592,232.48535564854,3.12546399406,,,,,,,3562.15613636364,3562.15613636364,3562.15613636364,115.84216040787,213.52011301599,,,,,,,,,,,,,
2026-02-01,2026,"Q1","2025/26","Q3","February",235.75305291723,235.29910184715,233.79287155346,232.97071129707,2.82928270666,,,,,,,3565.73275,3565.73275,3565.73275,128.68596922899,237.43168335286,,,,,,,,,,,,,
2026-03-01,2026,"Q1","2025/26","Q3","March",,,,,,,,,,,,3726.2825,3726.2825,3726.2825,135.2411108128,260.6690477613,,,,,,,,,,,,,
