date,var,value,source_file
2008-07-01,activity_indicator,2008.0,UBOS_GDP_KP.csv
2008-10-01,activity_indicator,2008.0,UBOS_GDP_KP.csv
2009-01-01,activity_indicator,2009.0,UBOS_GDP_KP.csv
2009-04-01,activity_indicator,2009.0,UBOS_GDP_KP.csv
2009-07-01,activity_indicator,2009.0,UBOS_GDP_KP.csv
2009-10-01,activity_indicator,2009.0,UBOS_GDP_KP.csv
2010-01-01,activity_indicator,2010.0,UBOS_GDP_KP.csv
2010-04-01,activity_indicator,2010.0,UBOS_GDP_KP.csv
2010-07-01,activity_indicator,2010.0,UBOS_GDP_KP.csv
2010-10-01,activity_indicator,2010.0,UBOS_GDP_KP.csv
2011-01-01,activity_indicator,2011.0,UBOS_GDP_KP.csv
2011-04-01,activity_indicator,2011.0,UBOS_GDP_KP.csv
2011-07-01,activity_indicator,2011.0,UBOS_GDP_KP.csv
2011-10-01,activity_indicator,2011.0,UBOS_GDP_KP.csv
2012-01-01,activity_indicator,2012.0,UBOS_GDP_KP.csv
2012-04-01,activity_indicator,2012.0,UBOS_GDP_KP.csv
2012-07-01,activity_indicator,2012.0,UBOS_GDP_KP.csv
2012-10-01,activity_indicator,2012.0,UBOS_GDP_KP.csv
2013-01-01,activity_indicator,2013.0,UBOS_GDP_KP.csv
2013-04-01,activity_indicator,2013.0,UBOS_GDP_KP.csv
2013-07-01,activity_indicator,2013.0,UBOS_GDP_KP.csv
2013-10-01,activity_indicator,2013.0,UBOS_GDP_KP.csv
2014-01-01,activity_indicator,2014.0,UBOS_GDP_KP.csv
2014-04-01,activity_indicator,2014.0,UBOS_GDP_KP.csv
2014-07-01,activity_indicator,2014.0,UBOS_GDP_KP.csv
2014-10-01,activity_indicator,2014.0,UBOS_GDP_KP.csv
2015-01-01,activity_indicator,2015.0,UBOS_GDP_KP.csv
2015-04-01,activity_indicator,2015.0,UBOS_GDP_KP.csv
2015-07-01,activity_indicator,2015.0,UBOS_GDP_KP.csv
2015-10-01,activity_indicator,2015.0,UBOS_GDP_KP.csv
2016-01-01,activity_indicator,2016.0,UBOS_GDP_KP.csv
2016-04-01,activity_indicator,2016.0,UBOS_GDP_KP.csv
2016-07-01,activity_indicator,2016.0,UBOS_GDP_KP.csv
2016-10-01,activity_indicator,2016.0,UBOS_GDP_KP.csv
2017-01-01,activity_indicator,2017.0,UBOS_GDP_KP.csv
2017-04-01,activity_indicator,2017.0,UBOS_GDP_KP.csv
2017-07-01,activity_indicator,2017.0,UBOS_GDP_KP.csv
2017-10-01,activity_indicator,2017.0,UBOS_GDP_KP.csv
2018-01-01,activity_indicator,2018.0,UBOS_GDP_KP.csv
2018-04-01,activity_indicator,2018.0,UBOS_GDP_KP.csv
2018-07-01,activity_indicator,2018.0,UBOS_GDP_KP.csv
2018-10-01,activity_indicator,2018.0,UBOS_GDP_KP.csv
2019-01-01,activity_indicator,2019.0,UBOS_GDP_KP.csv
2019-04-01,activity_indicator,2019.0,UBOS_GDP_KP.csv
2019-07-01,activity_indicator,2019.0,UBOS_GDP_KP.csv
2019-10-01,activity_indicator,2019.0,UBOS_GDP_KP.csv
2020-01-01,activity_indicator,2020.0,UBOS_GDP_KP.csv
2020-04-01,activity_indicator,2020.0,UBOS_GDP_KP.csv
2020-07-01,activity_indicator,2020.0,UBOS_GDP_KP.csv
2020-10-01,activity_indicator,2020.0,UBOS_GDP_KP.csv
2021-01-01,activity_indicator,2021.0,UBOS_GDP_KP.csv
2021-04-01,activity_indicator,2021.0,UBOS_GDP_KP.csv
2021-07-01,activity_indicator,2021.0,UBOS_GDP_KP.csv
2021-10-01,activity_indicator,2021.0,UBOS_GDP_KP.csv
2022-01-01,activity_indicator,2022.0,UBOS_GDP_KP.csv
2022-04-01,activity_indicator,2022.0,UBOS_GDP_KP.csv
2022-07-01,activity_indicator,2022.0,UBOS_GDP_KP.csv
2022-10-01,activity_indicator,2022.0,UBOS_GDP_KP.csv
2023-01-01,activity_indicator,2023.0,UBOS_GDP_KP.csv
2023-04-01,activity_indicator,2023.0,UBOS_GDP_KP.csv
2023-07-01,activity_indicator,2023.0,UBOS_GDP_KP.csv
2023-10-01,activity_indicator,2023.0,UBOS_GDP_KP.csv
2024-01-01,activity_indicator,2024.0,UBOS_GDP_KP.csv
2024-04-01,activity_indicator,2024.0,UBOS_GDP_KP.csv
2024-07-01,activity_indicator,2024.0,UBOS_GDP_KP.csv
2024-10-01,activity_indicator,2024.0,UBOS_GDP_KP.csv
2025-01-01,activity_indicator,2025.0,UBOS_GDP_KP.csv
2025-04-01,activity_indicator,2025.0,UBOS_GDP_KP.csv
2025-07-01,activity_indicator,2025.0,UBOS_GDP_KP.csv
2025-10-01,activity_indicator,2025.0,UBOS_GDP_KP.csv
2026-01-01,activity_indicator,2026.0,UBOS_GDP_KP.csv
1985-07-01,central_bank_rate,1985.0,BOU_MMI_FY.csv
1986-01-01,central_bank_rate,1986.0,BOU_MMI_CY.csv
1986-07-01,central_bank_rate,1986.0,BOU_MMI_FY.csv
1987-01-01,central_bank_rate,1987.0,BOU_MMI_CY.csv
1987-07-01,central_bank_rate,1987.0,BOU_MMI_FY.csv
1988-01-01,central_bank_rate,1988.0,BOU_MMI_CY.csv
1988-07-01,central_bank_rate,1988.0,BOU_MMI_FY.csv
1989-01-01,central_bank_rate,1989.0,BOU_MMI_CY.csv
1989-07-01,central_bank_rate,1989.0,BOU_MMI_FY.csv
1990-01-01,central_bank_rate,1990.0,BOU_MMI_CY.csv
1990-07-01,central_bank_rate,1990.0,BOU_MMI_FY.csv
1991-01-01,central_bank_rate,1991.0,BOU_MMI_CY.csv
1991-07-01,central_bank_rate,1991.0,BOU_MMI_FY.csv
1992-01-01,central_bank_rate,1992.0,BOU_MMI_CY.csv
1992-07-01,central_bank_rate,1992.0,BOU_MMI_FY.csv
1993-01-01,central_bank_rate,1993.0,BOU_MMI_CY.csv
1993-07-01,central_bank_rate,1993.0,BOU_MMI_FY.csv
1994-01-01,central_bank_rate,1994.0,BOU_MMI_CY.csv
1994-07-01,central_bank_rate,1994.0,BOU_MMI_FY.csv
1995-01-01,central_bank_rate,1995.0,BOU_MMI_CY.csv
1995-07-01,central_bank_rate,1995.0,BOU_MMI_FY.csv
1996-01-01,central_bank_rate,1996.0,BOU_MMI_CY.csv
1996-07-01,central_bank_rate,1996.0,BOU_MMI_FY.csv
1997-01-01,central_bank_rate,1997.0,BOU_MMI_CY.csv
1997-07-01,central_bank_rate,1997.0,BOU_MMI_FY.csv
1998-01-01,central_bank_rate,1998.0,BOU_MMI_CY.csv
1998-07-01,central_bank_rate,1998.0,BOU_MMI_FY.csv
1999-01-01,central_bank_rate,1999.0,BOU_MMI_CY.csv
1999-07-01,central_bank_rate,1999.0,BOU_MMI_FY.csv
2000-01-01,central_bank_rate,2000.0,BOU_MMI_CY.csv
2000-07-01,central_bank_rate,2000.0,BOU_MMI_FY.csv
2001-01-01,central_bank_rate,2001.0,BOU_MMI_CY.csv
2001-07-01,central_bank_rate,2001.0,BOU_MMI_FY.csv
2002-01-01,central_bank_rate,2002.0,BOU_MMI_CY.csv
2002-07-01,central_bank_rate,2002.0,BOU_MMI_FY.csv
2003-01-01,central_bank_rate,2003.0,BOU_MMI_CY.csv
2003-07-01,central_bank_rate,2003.0,BOU_MMI_FY.csv
2004-01-01,central_bank_rate,2004.0,BOU_MMI_CY.csv
2004-07-01,central_bank_rate,2004.0,BOU_MMI_FY.csv
2005-01-01,central_bank_rate,2005.0,BOU_MMI_CY.csv
2005-07-01,central_bank_rate,2005.0,BOU_MMI_FY.csv
2006-01-01,central_bank_rate,2006.0,BOU_MMI_CY.csv
2006-07-01,central_bank_rate,2006.0,BOU_MMI_FY.csv
2007-01-01,central_bank_rate,2007.0,BOU_MMI_CY.csv
2007-07-01,central_bank_rate,2007.0,BOU_MMI_FY.csv
2008-01-01,central_bank_rate,2008.0,BOU_MMI_CY.csv
2008-07-01,central_bank_rate,2008.0,BOU_MMI_FY.csv
2009-01-01,central_bank_rate,2009.0,BOU_MMI_CY.csv
2009-07-01,central_bank_rate,2009.0,BOU_MMI_FY.csv
2010-01-01,central_bank_rate,2010.0,BOU_MMI_CY.csv
2010-07-01,central_bank_rate,2010.0,BOU_MMI_FY.csv
2011-01-01,central_bank_rate,2011.0,BOU_MMI_CY.csv
2011-07-01,central_bank_rate,2011.0,BOU_MMI_FY.csv
2011-08-01,central_bank_rate,14.0,BOU_MMI.csv
2011-09-01,central_bank_rate,16.0,BOU_MMI.csv
2011-10-01,central_bank_rate,20.0,BOU_MMI.csv
2011-11-01,central_bank_rate,23.0,BOU_MMI.csv
2011-12-01,central_bank_rate,23.0,BOU_MMI.csv
2012-01-01,central_bank_rate,2012.0,BOU_MMI_CY.csv
2012-02-01,central_bank_rate,22.0,BOU_MMI.csv
2012-03-01,central_bank_rate,21.0,BOU_MMI.csv
2012-04-01,central_bank_rate,21.0,BOU_MMI.csv
2012-05-01,central_bank_rate,21.0,BOU_MMI.csv
2012-06-01,central_bank_rate,20.0,BOU_MMI.csv
2012-07-01,central_bank_rate,2012.0,BOU_MMI_FY.csv
2012-08-01,central_bank_rate,17.0,BOU_MMI.csv
2012-09-01,central_bank_rate,15.0,BOU_MMI.csv
2012-10-01,central_bank_rate,13.0,BOU_MMI.csv
2012-11-01,central_bank_rate,12.5,BOU_MMI.csv
2012-12-01,central_bank_rate,12.0,BOU_MMI.csv
2013-01-01,central_bank_rate,2013.0,BOU_MMI_CY.csv
2013-02-01,central_bank_rate,12.0,BOU_MMI.csv
2013-03-01,central_bank_rate,12.0,BOU_MMI.csv
2013-04-01,central_bank_rate,12.0,BOU_MMI.csv
2013-05-01,central_bank_rate,12.0,BOU_MMI.csv
2013-06-01,central_bank_rate,11.0,BOU_MMI.csv
2013-07-01,central_bank_rate,2013.0,BOU_MMI_FY.csv
2013-08-01,central_bank_rate,11.0,BOU_MMI.csv
2013-09-01,central_bank_rate,12.0,BOU_MMI.csv
2013-10-01,central_bank_rate,12.0,BOU_MMI.csv
2013-11-01,central_bank_rate,12.0,BOU_MMI.csv
2013-12-01,central_bank_rate,11.5,BOU_MMI.csv
2014-01-01,central_bank_rate,2014.0,BOU_MMI_CY.csv
2014-02-01,central_bank_rate,11.5,BOU_MMI.csv
2014-03-01,central_bank_rate,11.5,BOU_MMI.csv
2014-04-01,central_bank_rate,11.5,BOU_MMI.csv
2014-05-01,central_bank_rate,11.5,BOU_MMI.csv
2014-06-01,central_bank_rate,11.0,BOU_MMI.csv
2014-07-01,central_bank_rate,2014.0,BOU_MMI_FY.csv
2014-08-01,central_bank_rate,11.0,BOU_MMI.csv
2014-09-01,central_bank_rate,11.0,BOU_MMI.csv
2014-10-01,central_bank_rate,11.0,BOU_MMI.csv
2014-11-01,central_bank_rate,11.0,BOU_MMI.csv
2014-12-01,central_bank_rate,11.0,BOU_MMI.csv
2015-01-01,central_bank_rate,2015.0,BOU_MMI_CY.csv
2015-02-01,central_bank_rate,11.0,BOU_MMI.csv
2015-03-01,central_bank_rate,11.0,BOU_MMI.csv
2015-04-01,central_bank_rate,12.0,BOU_MMI.csv
2015-05-01,central_bank_rate,12.0,BOU_MMI.csv
2015-06-01,central_bank_rate,13.0,BOU_MMI.csv
2015-07-01,central_bank_rate,2015.0,BOU_MMI_FY.csv
2015-08-01,central_bank_rate,16.0,BOU_MMI.csv
2015-09-01,central_bank_rate,16.0,BOU_MMI.csv
2015-10-01,central_bank_rate,17.0,BOU_MMI.csv
2015-11-01,central_bank_rate,17.0,BOU_MMI.csv
2015-12-01,central_bank_rate,17.0,BOU_MMI.csv
2016-01-01,central_bank_rate,2016.0,BOU_MMI_CY.csv
2016-02-01,central_bank_rate,17.0,BOU_MMI.csv
2016-03-01,central_bank_rate,17.0,BOU_MMI.csv
2016-04-01,central_bank_rate,16.0,BOU_MMI.csv
2016-05-01,central_bank_rate,16.0,BOU_MMI.csv
2016-06-01,central_bank_rate,15.0,BOU_MMI.csv
2016-07-01,central_bank_rate,2016.0,BOU_MMI_FY.csv
2016-08-01,central_bank_rate,14.0,BOU_MMI.csv
2016-09-01,central_bank_rate,14.0,BOU_MMI.csv
2016-10-01,central_bank_rate,13.0,BOU_MMI.csv
2016-11-01,central_bank_rate,13.0,BOU_MMI.csv
2016-12-01,central_bank_rate,12.0,BOU_MMI.csv
2017-01-01,central_bank_rate,2017.0,BOU_MMI_CY.csv
2017-02-01,central_bank_rate,11.5,BOU_MMI.csv
2017-03-01,central_bank_rate,11.5,BOU_MMI.csv
2017-04-01,central_bank_rate,11.0,BOU_MMI.csv
2017-05-01,central_bank_rate,11.0,BOU_MMI.csv
2017-06-01,central_bank_rate,10.0,BOU_MMI.csv
2017-07-01,central_bank_rate,2017.0,BOU_MMI_FY.csv
2017-08-01,central_bank_rate,10.0,BOU_MMI.csv
2017-09-01,central_bank_rate,10.0,BOU_MMI.csv
2017-10-01,central_bank_rate,9.5,BOU_MMI.csv
2017-11-01,central_bank_rate,9.5,BOU_MMI.csv
2017-12-01,central_bank_rate,9.5,BOU_MMI.csv
2018-01-01,central_bank_rate,2018.0,BOU_MMI_CY.csv
2018-02-01,central_bank_rate,9.0,BOU_MMI.csv
2018-03-01,central_bank_rate,9.0,BOU_MMI.csv
2018-04-01,central_bank_rate,9.0,BOU_MMI.csv
2018-05-01,central_bank_rate,9.0,BOU_MMI.csv
2018-06-01,central_bank_rate,9.0,BOU_MMI.csv
2018-07-01,central_bank_rate,2018.0,BOU_MMI_FY.csv
2018-08-01,central_bank_rate,9.0,BOU_MMI.csv
2018-09-01,central_bank_rate,9.0,BOU_MMI.csv
2018-10-01,central_bank_rate,10.0,BOU_MMI.csv
2018-11-01,central_bank_rate,10.0,BOU_MMI.csv
2018-12-01,central_bank_rate,10.0,BOU_MMI.csv
2019-01-01,central_bank_rate,2019.0,BOU_MMI_CY.csv
2019-02-01,central_bank_rate,10.0,BOU_MMI.csv
2019-03-01,central_bank_rate,10.0,BOU_MMI.csv
2019-04-01,central_bank_rate,10.0,BOU_MMI.csv
2019-05-01,central_bank_rate,10.0,BOU_MMI.csv
2019-06-01,central_bank_rate,10.0,BOU_MMI.csv
2019-07-01,central_bank_rate,2019.0,BOU_MMI_FY.csv
2019-08-01,central_bank_rate,10.0,BOU_MMI.csv
2019-09-01,central_bank_rate,10.0,BOU_MMI.csv
2019-10-01,central_bank_rate,9.0,BOU_MMI.csv
2019-11-01,central_bank_rate,9.0,BOU_MMI.csv
2019-12-01,central_bank_rate,9.0,BOU_MMI.csv
2020-01-01,central_bank_rate,2020.0,BOU_MMI_CY.csv
2020-02-01,central_bank_rate,9.0,BOU_MMI.csv
2020-03-01,central_bank_rate,9.0,BOU_MMI.csv
2020-04-01,central_bank_rate,8.0,BOU_MMI.csv
2020-05-01,central_bank_rate,8.0,BOU_MMI.csv
2020-06-01,central_bank_rate,7.0,BOU_MMI.csv
2020-07-01,central_bank_rate,2020.0,BOU_MMI_FY.csv
2020-08-01,central_bank_rate,7.0,BOU_MMI.csv
2020-09-01,central_bank_rate,7.0,BOU_MMI.csv
2020-10-01,central_bank_rate,7.0,BOU_MMI.csv
2020-11-01,central_bank_rate,7.0,BOU_MMI.csv
2020-12-01,central_bank_rate,7.0,BOU_MMI.csv
2021-01-01,central_bank_rate,2021.0,BOU_MMI_CY.csv
2021-02-01,central_bank_rate,7.0,BOU_MMI.csv
2021-03-01,central_bank_rate,7.0,BOU_MMI.csv
2021-04-01,central_bank_rate,7.0,BOU_MMI.csv
2021-05-01,central_bank_rate,7.0,BOU_MMI.csv
2021-06-01,central_bank_rate,6.5,BOU_MMI.csv
2021-07-01,central_bank_rate,2021.0,BOU_MMI_FY.csv
2021-08-01,central_bank_rate,6.5,BOU_MMI.csv
2021-09-01,central_bank_rate,6.5,BOU_MMI.csv
2021-10-01,central_bank_rate,6.5,BOU_MMI.csv
2021-11-01,central_bank_rate,6.5,BOU_MMI.csv
2021-12-01,central_bank_rate,6.5,BOU_MMI.csv
2022-01-01,central_bank_rate,2022.0,BOU_MMI_CY.csv
2022-02-01,central_bank_rate,6.5,BOU_MMI.csv
2022-03-01,central_bank_rate,6.5,BOU_MMI.csv
2022-04-01,central_bank_rate,6.5,BOU_MMI.csv
2022-05-01,central_bank_rate,6.5,BOU_MMI.csv
2022-06-01,central_bank_rate,7.5,BOU_MMI.csv
2022-07-01,central_bank_rate,2022.0,BOU_MMI_FY.csv
2022-08-01,central_bank_rate,9.0,BOU_MMI.csv
2022-09-01,central_bank_rate,9.0,BOU_MMI.csv
2022-10-01,central_bank_rate,10.0,BOU_MMI.csv
2022-11-01,central_bank_rate,10.0,BOU_MMI.csv
2022-12-01,central_bank_rate,10.0,BOU_MMI.csv
2023-01-01,central_bank_rate,2023.0,BOU_MMI_CY.csv
2023-02-01,central_bank_rate,10.0,BOU_MMI.csv
2023-03-01,central_bank_rate,10.0,BOU_MMI.csv
2023-04-01,central_bank_rate,10.0,BOU_MMI.csv
2023-05-01,central_bank_rate,10.0,BOU_MMI.csv
2023-06-01,central_bank_rate,10.0,BOU_MMI.csv
2023-07-01,central_bank_rate,2023.0,BOU_MMI_FY.csv
2023-08-01,central_bank_rate,9.5,BOU_MMI.csv
2023-09-01,central_bank_rate,9.5,BOU_MMI.csv
2023-10-01,central_bank_rate,9.5,BOU_MMI.csv
2023-11-01,central_bank_rate,9.5,BOU_MMI.csv
2023-12-01,central_bank_rate,9.5,BOU_MMI.csv
2024-01-01,central_bank_rate,2024.0,BOU_MMI_CY.csv
2024-02-01,central_bank_rate,9.5,BOU_MMI.csv
2024-03-01,central_bank_rate,10.0,BOU_MMI.csv
2024-04-01,central_bank_rate,10.25,BOU_MMI.csv
2024-05-01,central_bank_rate,10.25,BOU_MMI.csv
2024-06-01,central_bank_rate,10.25,BOU_MMI.csv
2024-07-01,central_bank_rate,2024.0,BOU_MMI_FY.csv
2024-08-01,central_bank_rate,10.0,BOU_MMI.csv
2024-09-01,central_bank_rate,10.0,BOU_MMI.csv
2024-10-01,central_bank_rate,9.75,BOU_MMI.csv
2024-11-01,central_bank_rate,9.75,BOU_MMI.csv
2024-12-01,central_bank_rate,9.75,BOU_MMI.csv
2025-01-01,central_bank_rate,2025.0,BOU_MMI_CY.csv
2025-02-01,central_bank_rate,9.75,BOU_MMI.csv
2025-03-01,central_bank_rate,9.75,BOU_MMI.csv
2025-04-01,central_bank_rate,9.75,BOU_MMI.csv
2025-05-01,central_bank_rate,9.75,BOU_MMI.csv
2025-06-01,central_bank_rate,9.75,BOU_MMI.csv
2025-07-01,central_bank_rate,2025.0,BOU_MMI_FY.csv
2025-08-01,central_bank_rate,9.75,BOU_MMI.csv
2025-09-01,central_bank_rate,9.75,BOU_MMI.csv
2025-10-01,central_bank_rate,9.75,BOU_MMI.csv
2025-11-01,central_bank_rate,9.75,BOU_MMI.csv
2025-12-01,central_bank_rate,9.75,BOU_MMI.csv
2026-01-01,central_bank_rate,9.75,BOU_MMI.csv
2026-02-01,central_bank_rate,9.75,BOU_MMI.csv
2026-03-01,central_bank_rate,9.75,BOU_MMI.csv
2026-04-01,central_bank_rate,9.75,BOU_MMI.csv
2026-05-01,central_bank_rate,9.75,BOU_MMI.csv
2026-06-01,central_bank_rate,9.75,BOU_MMI.csv
2010-01-01,cpi,2010.0,IMF_CPI.csv
2010-02-01,cpi,2010.0,IMF_CPI.csv
2010-03-01,cpi,2010.0,IMF_CPI.csv
2010-04-01,cpi,2010.0,IMF_CPI.csv
2010-05-01,cpi,2010.0,IMF_CPI.csv
2010-06-01,cpi,2010.0,IMF_CPI.csv
2010-07-01,cpi,2010.0,IMF_CPI.csv
2010-08-01,cpi,2010.0,IMF_CPI.csv
2010-09-01,cpi,2010.0,IMF_CPI.csv
2010-10-01,cpi,2010.0,IMF_CPI.csv
2010-11-01,cpi,2010.0,IMF_CPI.csv
2010-12-01,cpi,2010.0,IMF_CPI.csv
2011-01-01,cpi,2011.0,IMF_CPI.csv
2011-02-01,cpi,2011.0,IMF_CPI.csv
2011-03-01,cpi,2011.0,IMF_CPI.csv
2011-04-01,cpi,2011.0,IMF_CPI.csv
2011-05-01,cpi,2011.0,IMF_CPI.csv
2011-06-01,cpi,2011.0,IMF_CPI.csv
2011-07-01,cpi,2011.0,IMF_CPI.csv
2011-08-01,cpi,2011.0,IMF_CPI.csv
2011-09-01,cpi,2011.0,IMF_CPI.csv
2011-10-01,cpi,2011.0,IMF_CPI.csv
2011-11-01,cpi,2011.0,IMF_CPI.csv
2011-12-01,cpi,2011.0,IMF_CPI.csv
2012-01-01,cpi,2012.0,IMF_CPI.csv
2012-02-01,cpi,2012.0,IMF_CPI.csv
2012-03-01,cpi,2012.0,IMF_CPI.csv
2012-04-01,cpi,2012.0,IMF_CPI.csv
2012-05-01,cpi,2012.0,IMF_CPI.csv
2012-06-01,cpi,2012.0,IMF_CPI.csv
2012-07-01,cpi,2012.0,IMF_CPI.csv
2012-08-01,cpi,2012.0,IMF_CPI.csv
2012-09-01,cpi,2012.0,IMF_CPI.csv
2012-10-01,cpi,2012.0,IMF_CPI.csv
2012-11-01,cpi,2012.0,IMF_CPI.csv
2012-12-01,cpi,2012.0,IMF_CPI.csv
2013-01-01,cpi,2013.0,IMF_CPI.csv
2013-02-01,cpi,2013.0,IMF_CPI.csv
2013-03-01,cpi,2013.0,IMF_CPI.csv
2013-04-01,cpi,2013.0,IMF_CPI.csv
2013-05-01,cpi,2013.0,IMF_CPI.csv
2013-06-01,cpi,2013.0,IMF_CPI.csv
2013-07-01,cpi,2013.0,IMF_CPI.csv
2013-08-01,cpi,2013.0,IMF_CPI.csv
2013-09-01,cpi,2013.0,IMF_CPI.csv
2013-10-01,cpi,2013.0,IMF_CPI.csv
2013-11-01,cpi,2013.0,IMF_CPI.csv
2013-12-01,cpi,2013.0,IMF_CPI.csv
2014-01-01,cpi,2014.0,IMF_CPI.csv
2014-02-01,cpi,2014.0,IMF_CPI.csv
2014-03-01,cpi,2014.0,IMF_CPI.csv
2014-04-01,cpi,2014.0,IMF_CPI.csv
2014-05-01,cpi,2014.0,IMF_CPI.csv
2014-06-01,cpi,2014.0,IMF_CPI.csv
2014-07-01,cpi,2014.0,IMF_CPI.csv
2014-08-01,cpi,2014.0,IMF_CPI.csv
2014-09-01,cpi,2014.0,IMF_CPI.csv
2014-10-01,cpi,2014.0,IMF_CPI.csv
2014-11-01,cpi,2014.0,IMF_CPI.csv
2014-12-01,cpi,2014.0,IMF_CPI.csv
2015-01-01,cpi,2015.0,IMF_CPI.csv
2015-02-01,cpi,2015.0,IMF_CPI.csv
2015-03-01,cpi,2015.0,IMF_CPI.csv
2015-04-01,cpi,2015.0,IMF_CPI.csv
2015-05-01,cpi,2015.0,IMF_CPI.csv
2015-06-01,cpi,2015.0,IMF_CPI.csv
2015-07-01,cpi,2015.0,IMF_CPI.csv
2015-08-01,cpi,2015.0,IMF_CPI.csv
2015-09-01,cpi,2015.0,IMF_CPI.csv
2015-10-01,cpi,2015.0,IMF_CPI.csv
2015-11-01,cpi,2015.0,IMF_CPI.csv
2015-12-01,cpi,2015.0,IMF_CPI.csv
2016-01-01,cpi,2016.0,IMF_CPI.csv
2016-02-01,cpi,2016.0,IMF_CPI.csv
2016-03-01,cpi,2016.0,IMF_CPI.csv
2016-04-01,cpi,2016.0,IMF_CPI.csv
2016-05-01,cpi,2016.0,IMF_CPI.csv
2016-06-01,cpi,2016.0,IMF_CPI.csv
2016-07-01,cpi,2016.0,IMF_CPI.csv
2016-08-01,cpi,2016.0,IMF_CPI.csv
2016-09-01,cpi,2016.0,IMF_CPI.csv
2016-10-01,cpi,2016.0,IMF_CPI.csv
2016-11-01,cpi,2016.0,IMF_CPI.csv
2016-12-01,cpi,2016.0,IMF_CPI.csv
2017-01-01,cpi,2017.0,IMF_CPI.csv
2017-02-01,cpi,2017.0,IMF_CPI.csv
2017-03-01,cpi,2017.0,IMF_CPI.csv
2017-04-01,cpi,2017.0,IMF_CPI.csv
2017-05-01,cpi,2017.0,IMF_CPI.csv
2017-06-01,cpi,2017.0,IMF_CPI.csv
2017-07-01,cpi,2017.0,IMF_CPI.csv
2017-08-01,cpi,2017.0,IMF_CPI.csv
2017-09-01,cpi,2017.0,IMF_CPI.csv
2017-10-01,cpi,2017.0,IMF_CPI.csv
2017-11-01,cpi,2017.0,IMF_CPI.csv
2017-12-01,cpi,2017.0,IMF_CPI.csv
2018-01-01,cpi,2018.0,IMF_CPI.csv
2018-02-01,cpi,2018.0,IMF_CPI.csv
2018-03-01,cpi,2018.0,IMF_CPI.csv
2018-04-01,cpi,2018.0,IMF_CPI.csv
2018-05-01,cpi,2018.0,IMF_CPI.csv
2018-06-01,cpi,2018.0,IMF_CPI.csv
2018-07-01,cpi,2018.0,IMF_CPI.csv
2018-08-01,cpi,2018.0,IMF_CPI.csv
2018-09-01,cpi,2018.0,IMF_CPI.csv
2018-10-01,cpi,2018.0,IMF_CPI.csv
2018-11-01,cpi,2018.0,IMF_CPI.csv
2018-12-01,cpi,2018.0,IMF_CPI.csv
2019-01-01,cpi,2019.0,IMF_CPI.csv
2019-02-01,cpi,2019.0,IMF_CPI.csv
2019-03-01,cpi,2019.0,IMF_CPI.csv
2019-04-01,cpi,2019.0,IMF_CPI.csv
2019-05-01,cpi,2019.0,IMF_CPI.csv
2019-06-01,cpi,2019.0,IMF_CPI.csv
2019-07-01,cpi,2019.0,IMF_CPI.csv
2019-08-01,cpi,2019.0,IMF_CPI.csv
2019-09-01,cpi,2019.0,IMF_CPI.csv
2019-10-01,cpi,2019.0,IMF_CPI.csv
2019-11-01,cpi,2019.0,IMF_CPI.csv
2019-12-01,cpi,2019.0,IMF_CPI.csv
2020-01-01,cpi,2020.0,IMF_CPI.csv
2020-02-01,cpi,2020.0,IMF_CPI.csv
2020-03-01,cpi,2020.0,IMF_CPI.csv
2020-04-01,cpi,2020.0,IMF_CPI.csv
2020-05-01,cpi,2020.0,IMF_CPI.csv
2020-06-01,cpi,2020.0,IMF_CPI.csv
2020-07-01,cpi,2020.0,IMF_CPI.csv
2020-08-01,cpi,2020.0,IMF_CPI.csv
2020-09-01,cpi,2020.0,IMF_CPI.csv
2020-10-01,cpi,2020.0,IMF_CPI.csv
2020-11-01,cpi,2020.0,IMF_CPI.csv
2020-12-01,cpi,2020.0,IMF_CPI.csv
2021-01-01,cpi,2021.0,IMF_CPI.csv
2021-02-01,cpi,2021.0,IMF_CPI.csv
2021-03-01,cpi,2021.0,IMF_CPI.csv
2021-04-01,cpi,2021.0,IMF_CPI.csv
2021-05-01,cpi,2021.0,IMF_CPI.csv
2021-06-01,cpi,2021.0,IMF_CPI.csv
2021-07-01,cpi,2021.0,IMF_CPI.csv
2021-08-01,cpi,2021.0,IMF_CPI.csv
2021-09-01,cpi,2021.0,IMF_CPI.csv
2021-10-01,cpi,2021.0,IMF_CPI.csv
2021-11-01,cpi,2021.0,IMF_CPI.csv
2021-12-01,cpi,2021.0,IMF_CPI.csv
2022-01-01,cpi,2022.0,IMF_CPI.csv
2022-02-01,cpi,2022.0,IMF_CPI.csv
2022-03-01,cpi,2022.0,IMF_CPI.csv
2022-04-01,cpi,2022.0,IMF_CPI.csv
2022-05-01,cpi,2022.0,IMF_CPI.csv
2022-06-01,cpi,2022.0,IMF_CPI.csv
2022-07-01,cpi,2022.0,IMF_CPI.csv
2022-08-01,cpi,2022.0,IMF_CPI.csv
2022-09-01,cpi,2022.0,IMF_CPI.csv
2022-10-01,cpi,2022.0,IMF_CPI.csv
2022-11-01,cpi,2022.0,IMF_CPI.csv
2022-12-01,cpi,2022.0,IMF_CPI.csv
2023-01-01,cpi,2023.0,IMF_CPI.csv
2023-02-01,cpi,2023.0,IMF_CPI.csv
2023-03-01,cpi,2023.0,IMF_CPI.csv
2023-04-01,cpi,2023.0,IMF_CPI.csv
2023-05-01,cpi,2023.0,IMF_CPI.csv
2023-06-01,cpi,2023.0,IMF_CPI.csv
2023-07-01,cpi,2023.0,IMF_CPI.csv
2023-08-01,cpi,2023.0,IMF_CPI.csv
2023-09-01,cpi,2023.0,IMF_CPI.csv
2023-10-01,cpi,2023.0,IMF_CPI.csv
2023-11-01,cpi,2023.0,IMF_CPI.csv
2023-12-01,cpi,2023.0,IMF_CPI.csv
2024-01-01,cpi,2024.0,IMF_CPI.csv
2024-02-01,cpi,2024.0,IMF_CPI.csv
2024-03-01,cpi,2024.0,IMF_CPI.csv
2024-04-01,cpi,2024.0,IMF_CPI.csv
2024-05-01,cpi,2024.0,IMF_CPI.csv
2024-06-01,cpi,2024.0,IMF_CPI.csv
2024-07-01,cpi,2024.0,IMF_CPI.csv
2024-08-01,cpi,2024.0,IMF_CPI.csv
2024-09-01,cpi,2024.0,IMF_CPI.csv
2024-10-01,cpi,2024.0,IMF_CPI.csv
2024-11-01,cpi,2024.0,IMF_CPI.csv
2024-12-01,cpi,2024.0,IMF_CPI.csv
2025-01-01,cpi,2025.0,IMF_CPI.csv
2025-02-01,cpi,2025.0,IMF_CPI.csv
2025-03-01,cpi,2025.0,IMF_CPI.csv
2025-04-01,cpi,2025.0,IMF_CPI.csv
2025-05-01,cpi,2025.0,IMF_CPI.csv
2025-06-01,cpi,2025.0,IMF_CPI.csv
2025-07-01,cpi,136.72506029813,BOU_CPI.csv
2025-08-01,cpi,136.971365537671,BOU_CPI.csv
2025-09-01,cpi,137.610443463243,BOU_CPI.csv
2025-10-01,cpi,137.585530421992,BOU_CPI.csv
2025-11-01,cpi,137.464968427636,BOU_CPI.csv
2025-12-01,cpi,138.109338181398,BOU_CPI.csv
2026-01-01,cpi,138.576773059415,BOU_CPI.csv
2026-02-01,cpi,139.06047410492,BOU_CPI.csv
2026-03-01,cpi,139.234238207232,BOU_CPI.csv
2026-04-01,cpi,140.12864045762,BOU_CPI.csv
2026-05-01,cpi,141.090137618426,BOU_CPI.csv
2026-06-01,cpi,141.968905940982,BOU_CPI.csv
1981-01-01,exchange_rate,1981.0,BOU_E_M.csv
1981-02-01,exchange_rate,1981.0,BOU_E_M.csv
1981-03-01,exchange_rate,1981.0,BOU_E_M.csv
1981-04-01,exchange_rate,1981.0,BOU_E_M.csv
1981-05-01,exchange_rate,1981.0,BOU_E_M.csv
1981-06-01,exchange_rate,1981.0,BOU_E_M.csv
1981-07-01,exchange_rate,1981.0,BOU_E_M.csv
1981-08-01,exchange_rate,1981.0,BOU_E_M.csv
1981-09-01,exchange_rate,1981.0,BOU_E_M.csv
1981-10-01,exchange_rate,1981.0,BOU_E_M.csv
1981-11-01,exchange_rate,1981.0,BOU_E_M.csv
1981-12-01,exchange_rate,1981.0,BOU_E_M.csv
1982-01-01,exchange_rate,1982.0,BOU_E_M.csv
1982-02-01,exchange_rate,1982.0,BOU_E_M.csv
1982-03-01,exchange_rate,1982.0,BOU_E_M.csv
1982-04-01,exchange_rate,1982.0,BOU_E_M.csv
1982-05-01,exchange_rate,1982.0,BOU_E_M.csv
1982-06-01,exchange_rate,1982.0,BOU_E_M.csv
1982-07-01,exchange_rate,1982.0,BOU_E_M.csv
1982-08-01,exchange_rate,1982.0,BOU_E_M.csv
1982-09-01,exchange_rate,1982.0,BOU_E_M.csv
1982-10-01,exchange_rate,1982.0,BOU_E_M.csv
1982-11-01,exchange_rate,1982.0,BOU_E_M.csv
1982-12-01,exchange_rate,1982.0,BOU_E_M.csv
1983-01-01,exchange_rate,1983.0,BOU_E_M.csv
1983-02-01,exchange_rate,1983.0,BOU_E_M.csv
1983-03-01,exchange_rate,1983.0,BOU_E_M.csv
1983-04-01,exchange_rate,1983.0,BOU_E_M.csv
1983-05-01,exchange_rate,1983.0,BOU_E_M.csv
1983-06-01,exchange_rate,1983.0,BOU_E_M.csv
1983-07-01,exchange_rate,1983.0,BOU_E_M.csv
1983-08-01,exchange_rate,1983.0,BOU_E_M.csv
1983-09-01,exchange_rate,1983.0,BOU_E_M.csv
1983-10-01,exchange_rate,1983.0,BOU_E_M.csv
1983-11-01,exchange_rate,1983.0,BOU_E_M.csv
1983-12-01,exchange_rate,1983.0,BOU_E_M.csv
1984-01-01,exchange_rate,1984.0,BOU_E_M.csv
1984-02-01,exchange_rate,1984.0,BOU_E_M.csv
1984-03-01,exchange_rate,1984.0,BOU_E_M.csv
1984-04-01,exchange_rate,1984.0,BOU_E_M.csv
1984-05-01,exchange_rate,1984.0,BOU_E_M.csv
1984-06-01,exchange_rate,1984.0,BOU_E_M.csv
1984-07-01,exchange_rate,1984.0,BOU_E_M.csv
1984-08-01,exchange_rate,1984.0,BOU_E_M.csv
1984-09-01,exchange_rate,1984.0,BOU_E_M.csv
1984-10-01,exchange_rate,1984.0,BOU_E_M.csv
1984-11-01,exchange_rate,1984.0,BOU_E_M.csv
1984-12-01,exchange_rate,1984.0,BOU_E_M.csv
1985-01-01,exchange_rate,1985.0,BOU_E_M.csv
1985-02-01,exchange_rate,1985.0,BOU_E_M.csv
1985-03-01,exchange_rate,1985.0,BOU_E_M.csv
1985-04-01,exchange_rate,1985.0,BOU_E_M.csv
1985-05-01,exchange_rate,1985.0,BOU_E_M.csv
1985-06-01,exchange_rate,1985.0,BOU_E_M.csv
1985-07-01,exchange_rate,1985.0,BOU_E_M.csv
1985-08-01,exchange_rate,1985.0,BOU_E_M.csv
1985-09-01,exchange_rate,1985.0,BOU_E_M.csv
1985-10-01,exchange_rate,1985.0,BOU_E_M.csv
1985-11-01,exchange_rate,1985.0,BOU_E_M.csv
1985-12-01,exchange_rate,1985.0,BOU_E_M.csv
1986-01-01,exchange_rate,1986.0,BOU_E_M.csv
1986-02-01,exchange_rate,1986.0,BOU_E_M.csv
1986-03-01,exchange_rate,1986.0,BOU_E_M.csv
1986-04-01,exchange_rate,1986.0,BOU_E_M.csv
1986-05-01,exchange_rate,1986.0,BOU_E_M.csv
1986-06-01,exchange_rate,1986.0,BOU_E_M.csv
1986-07-01,exchange_rate,1986.0,BOU_E_M.csv
1986-08-01,exchange_rate,1986.0,BOU_E_M.csv
1986-09-01,exchange_rate,1986.0,BOU_E_M.csv
1986-10-01,exchange_rate,1986.0,BOU_E_M.csv
1986-11-01,exchange_rate,1986.0,BOU_E_M.csv
1986-12-01,exchange_rate,1986.0,BOU_E_M.csv
1987-01-01,exchange_rate,1987.0,BOU_E_M.csv
1987-02-01,exchange_rate,1987.0,BOU_E_M.csv
1987-03-01,exchange_rate,1987.0,BOU_E_M.csv
1987-04-01,exchange_rate,1987.0,BOU_E_M.csv
1987-05-01,exchange_rate,1987.0,BOU_E_M.csv
1987-06-01,exchange_rate,1987.0,BOU_E_M.csv
1987-07-01,exchange_rate,1987.0,BOU_E_M.csv
1987-08-01,exchange_rate,1987.0,BOU_E_M.csv
1987-09-01,exchange_rate,1987.0,BOU_E_M.csv
1987-10-01,exchange_rate,1987.0,BOU_E_M.csv
1987-11-01,exchange_rate,1987.0,BOU_E_M.csv
1987-12-01,exchange_rate,1987.0,BOU_E_M.csv
1988-01-01,exchange_rate,1988.0,BOU_E_M.csv
1988-02-01,exchange_rate,1988.0,BOU_E_M.csv
1988-03-01,exchange_rate,1988.0,BOU_E_M.csv
1988-04-01,exchange_rate,1988.0,BOU_E_M.csv
1988-05-01,exchange_rate,1988.0,BOU_E_M.csv
1988-06-01,exchange_rate,1988.0,BOU_E_M.csv
1988-07-01,exchange_rate,1988.0,BOU_E_M.csv
1988-08-01,exchange_rate,1988.0,BOU_E_M.csv
1988-09-01,exchange_rate,1988.0,BOU_E_M.csv
1988-10-01,exchange_rate,1988.0,BOU_E_M.csv
1988-11-01,exchange_rate,1988.0,BOU_E_M.csv
1988-12-01,exchange_rate,1988.0,BOU_E_M.csv
1989-01-01,exchange_rate,1989.0,BOU_E_M.csv
1989-02-01,exchange_rate,1989.0,BOU_E_M.csv
1989-03-01,exchange_rate,1989.0,BOU_E_M.csv
1989-04-01,exchange_rate,1989.0,BOU_E_M.csv
1989-05-01,exchange_rate,1989.0,BOU_E_M.csv
1989-06-01,exchange_rate,1989.0,BOU_E_M.csv
1989-07-01,exchange_rate,1989.0,BOU_E_M.csv
1989-08-01,exchange_rate,1989.0,BOU_E_M.csv
1989-09-01,exchange_rate,1989.0,BOU_E_M.csv
1989-10-01,exchange_rate,1989.0,BOU_E_M.csv
1989-11-01,exchange_rate,1989.0,BOU_E_M.csv
1989-12-01,exchange_rate,1989.0,BOU_E_M.csv
1990-01-01,exchange_rate,1990.0,BOU_E_M.csv
1990-02-01,exchange_rate,1990.0,BOU_E_M.csv
1990-03-01,exchange_rate,1990.0,BOU_E_M.csv
1990-04-01,exchange_rate,1990.0,BOU_E_M.csv
1990-05-01,exchange_rate,1990.0,BOU_E_M.csv
1990-06-01,exchange_rate,1990.0,BOU_E_M.csv
1990-07-01,exchange_rate,1990.0,BOU_E_M.csv
1990-08-01,exchange_rate,1990.0,BOU_E_M.csv
1990-09-01,exchange_rate,1990.0,BOU_E_M.csv
1990-10-01,exchange_rate,1990.0,BOU_E_M.csv
1990-11-01,exchange_rate,1990.0,BOU_E_M.csv
1990-12-01,exchange_rate,1990.0,BOU_E_M.csv
1991-01-01,exchange_rate,1991.0,BOU_E_M.csv
1991-02-01,exchange_rate,1991.0,BOU_E_M.csv
1991-03-01,exchange_rate,1991.0,BOU_E_M.csv
1991-04-01,exchange_rate,1991.0,BOU_E_M.csv
1991-05-01,exchange_rate,1991.0,BOU_E_M.csv
1991-06-01,exchange_rate,1991.0,BOU_E_M.csv
1991-07-01,exchange_rate,1991.0,BOU_E_M.csv
1991-08-01,exchange_rate,1991.0,BOU_E_M.csv
1991-09-01,exchange_rate,1991.0,BOU_E_M.csv
1991-10-01,exchange_rate,1991.0,BOU_E_M.csv
1991-11-01,exchange_rate,1991.0,BOU_E_M.csv
1991-12-01,exchange_rate,1991.0,BOU_E_M.csv
1992-01-01,exchange_rate,1992.0,BOU_E_M.csv
1992-02-01,exchange_rate,1992.0,BOU_E_M.csv
1992-03-01,exchange_rate,1992.0,BOU_E_M.csv
1992-04-01,exchange_rate,1992.0,BOU_E_M.csv
1992-05-01,exchange_rate,1992.0,BOU_E_M.csv
1992-06-01,exchange_rate,1992.0,BOU_E_M.csv
1992-07-01,exchange_rate,1992.0,BOU_E_M.csv
1992-08-01,exchange_rate,1992.0,BOU_E_M.csv
1992-09-01,exchange_rate,1992.0,BOU_E_M.csv
1992-10-01,exchange_rate,1992.0,BOU_E_M.csv
1992-11-01,exchange_rate,1992.0,BOU_E_M.csv
1992-12-01,exchange_rate,1992.0,BOU_E_M.csv
1993-01-01,exchange_rate,1993.0,BOU_E_M.csv
1993-02-01,exchange_rate,1993.0,BOU_E_M.csv
1993-03-01,exchange_rate,1993.0,BOU_E_M.csv
1993-04-01,exchange_rate,1993.0,BOU_E_M.csv
1993-05-01,exchange_rate,1993.0,BOU_E_M.csv
1993-06-01,exchange_rate,1993.0,BOU_E_M.csv
1993-07-01,exchange_rate,1993.0,BOU_E_M.csv
1993-08-01,exchange_rate,1993.0,BOU_E_M.csv
1993-09-01,exchange_rate,1993.0,BOU_E_M.csv
1993-10-01,exchange_rate,1993.0,BOU_E_M.csv
1993-11-01,exchange_rate,1993.0,BOU_E_M.csv
1993-12-01,exchange_rate,1993.0,BOU_E_M.csv
1994-01-01,exchange_rate,1994.0,BOU_E_M.csv
1994-02-01,exchange_rate,1994.0,BOU_E_M.csv
1994-03-01,exchange_rate,1994.0,BOU_E_M.csv
1994-04-01,exchange_rate,1994.0,BOU_E_M.csv
1994-05-01,exchange_rate,1994.0,BOU_E_M.csv
1994-06-01,exchange_rate,1994.0,BOU_E_M.csv
1994-07-01,exchange_rate,1994.0,BOU_E_M.csv
1994-08-01,exchange_rate,1994.0,BOU_E_M.csv
1994-09-01,exchange_rate,1994.0,BOU_E_M.csv
1994-10-01,exchange_rate,1994.0,BOU_E_M.csv
1994-11-01,exchange_rate,1994.0,BOU_E_M.csv
1994-12-01,exchange_rate,1994.0,BOU_E_M.csv
1995-01-01,exchange_rate,1995.0,BOU_E_M.csv
1995-02-01,exchange_rate,1995.0,BOU_E_M.csv
1995-03-01,exchange_rate,1995.0,BOU_E_M.csv
1995-04-01,exchange_rate,1995.0,BOU_E_M.csv
1995-05-01,exchange_rate,1995.0,BOU_E_M.csv
1995-06-01,exchange_rate,1995.0,BOU_E_M.csv
1995-07-01,exchange_rate,1995.0,BOU_E_M.csv
1995-08-01,exchange_rate,1995.0,BOU_E_M.csv
1995-09-01,exchange_rate,1995.0,BOU_E_M.csv
1995-10-01,exchange_rate,1995.0,BOU_E_M.csv
1995-11-01,exchange_rate,1995.0,BOU_E_M.csv
1995-12-01,exchange_rate,1995.0,BOU_E_M.csv
1996-01-01,exchange_rate,1996.0,BOU_E_M.csv
1996-02-01,exchange_rate,1996.0,BOU_E_M.csv
1996-03-01,exchange_rate,1996.0,BOU_E_M.csv
1996-04-01,exchange_rate,1996.0,BOU_E_M.csv
1996-05-01,exchange_rate,1996.0,BOU_E_M.csv
1996-06-01,exchange_rate,1996.0,BOU_E_M.csv
1996-07-01,exchange_rate,1996.0,BOU_E_M.csv
1996-08-01,exchange_rate,1996.0,BOU_E_M.csv
1996-09-01,exchange_rate,1996.0,BOU_E_M.csv
1996-10-01,exchange_rate,1996.0,BOU_E_M.csv
1996-11-01,exchange_rate,1996.0,BOU_E_M.csv
1996-12-01,exchange_rate,1996.0,BOU_E_M.csv
1997-01-01,exchange_rate,1997.0,BOU_E_M.csv
1997-02-01,exchange_rate,1997.0,BOU_E_M.csv
1997-03-01,exchange_rate,1997.0,BOU_E_M.csv
1997-04-01,exchange_rate,1997.0,BOU_E_M.csv
1997-05-01,exchange_rate,1997.0,BOU_E_M.csv
1997-06-01,exchange_rate,1997.0,BOU_E_M.csv
1997-07-01,exchange_rate,1997.0,BOU_E_M.csv
1997-08-01,exchange_rate,1997.0,BOU_E_M.csv
1997-09-01,exchange_rate,1997.0,BOU_E_M.csv
1997-10-01,exchange_rate,1997.0,BOU_E_M.csv
1997-11-01,exchange_rate,1997.0,BOU_E_M.csv
1997-12-01,exchange_rate,1997.0,BOU_E_M.csv
1998-01-01,exchange_rate,1998.0,BOU_E_M.csv
1998-02-01,exchange_rate,1998.0,BOU_E_M.csv
1998-03-01,exchange_rate,1998.0,BOU_E_M.csv
1998-04-01,exchange_rate,1998.0,BOU_E_M.csv
1998-05-01,exchange_rate,1998.0,BOU_E_M.csv
1998-06-01,exchange_rate,1998.0,BOU_E_M.csv
1998-07-01,exchange_rate,1998.0,BOU_E_M.csv
1998-08-01,exchange_rate,1998.0,BOU_E_M.csv
1998-09-01,exchange_rate,1998.0,BOU_E_M.csv
1998-10-01,exchange_rate,1998.0,BOU_E_M.csv
1998-11-01,exchange_rate,1998.0,BOU_E_M.csv
1998-12-01,exchange_rate,1998.0,BOU_E_M.csv
1999-01-01,exchange_rate,1999.0,BOU_E_M.csv
1999-02-01,exchange_rate,1999.0,BOU_E_M.csv
1999-03-01,exchange_rate,1999.0,BOU_E_M.csv
1999-04-01,exchange_rate,1999.0,BOU_E_M.csv
1999-05-01,exchange_rate,1999.0,BOU_E_M.csv
1999-06-01,exchange_rate,1999.0,BOU_E_M.csv
1999-07-01,exchange_rate,1999.0,BOU_E_M.csv
1999-08-01,exchange_rate,1999.0,BOU_E_M.csv
1999-09-01,exchange_rate,1999.0,BOU_E_M.csv
1999-10-01,exchange_rate,1999.0,BOU_E_M.csv
1999-11-01,exchange_rate,1999.0,BOU_E_M.csv
1999-12-01,exchange_rate,1999.0,BOU_E_M.csv
2000-01-01,exchange_rate,2000.0,BOU_E_M.csv
2000-02-01,exchange_rate,2000.0,BOU_E_M.csv
2000-03-01,exchange_rate,2000.0,BOU_E_M.csv
2000-04-01,exchange_rate,2000.0,BOU_E_M.csv
2000-05-01,exchange_rate,2000.0,BOU_E_M.csv
2000-06-01,exchange_rate,2000.0,BOU_E_M.csv
2000-07-01,exchange_rate,2000.0,BOU_E_M.csv
2000-08-01,exchange_rate,2000.0,BOU_E_M.csv
2000-09-01,exchange_rate,2000.0,BOU_E_M.csv
2000-10-01,exchange_rate,2000.0,BOU_E_M.csv
2000-11-01,exchange_rate,2000.0,BOU_E_M.csv
2000-12-01,exchange_rate,2000.0,BOU_E_M.csv
2001-01-01,exchange_rate,2001.0,BOU_E_M.csv
2001-02-01,exchange_rate,2001.0,BOU_E_M.csv
2001-03-01,exchange_rate,2001.0,BOU_E_M.csv
2001-04-01,exchange_rate,2001.0,BOU_E_M.csv
2001-05-01,exchange_rate,2001.0,BOU_E_M.csv
2001-06-01,exchange_rate,2001.0,BOU_E_M.csv
2001-07-01,exchange_rate,2001.0,BOU_E_M.csv
2001-08-01,exchange_rate,2001.0,BOU_E_M.csv
2001-09-01,exchange_rate,2001.0,BOU_E_M.csv
2001-10-01,exchange_rate,2001.0,BOU_E_M.csv
2001-11-01,exchange_rate,2001.0,BOU_E_M.csv
2001-12-01,exchange_rate,2001.0,BOU_E_M.csv
2002-01-01,exchange_rate,2002.0,BOU_E_M.csv
2002-02-01,exchange_rate,2002.0,BOU_E_M.csv
2002-03-01,exchange_rate,2002.0,BOU_E_M.csv
2002-04-01,exchange_rate,2002.0,BOU_E_M.csv
2002-05-01,exchange_rate,2002.0,BOU_E_M.csv
2002-06-01,exchange_rate,2002.0,BOU_E_M.csv
2002-07-01,exchange_rate,2002.0,BOU_E_M.csv
2002-08-01,exchange_rate,2002.0,BOU_E_M.csv
2002-09-01,exchange_rate,2002.0,BOU_E_M.csv
2002-10-01,exchange_rate,2002.0,BOU_E_M.csv
2002-11-01,exchange_rate,2002.0,BOU_E_M.csv
2002-12-01,exchange_rate,2002.0,BOU_E_M.csv
2003-01-01,exchange_rate,2003.0,BOU_E_M.csv
2003-02-01,exchange_rate,2003.0,BOU_E_M.csv
2003-03-01,exchange_rate,2003.0,BOU_E_M.csv
2003-04-01,exchange_rate,2003.0,BOU_E_M.csv
2003-05-01,exchange_rate,2003.0,BOU_E_M.csv
2003-06-01,exchange_rate,2003.0,BOU_E_M.csv
2003-07-01,exchange_rate,2003.0,BOU_E_M.csv
2003-08-01,exchange_rate,2003.0,BOU_E_M.csv
2003-09-01,exchange_rate,2003.0,BOU_E_M.csv
2003-10-01,exchange_rate,2003.0,BOU_E_M.csv
2003-11-01,exchange_rate,2003.0,BOU_E_M.csv
2003-12-01,exchange_rate,2003.0,BOU_E_M.csv
2004-01-01,exchange_rate,2004.0,BOU_E_M.csv
2004-02-01,exchange_rate,2004.0,BOU_E_M.csv
2004-03-01,exchange_rate,2004.0,BOU_E_M.csv
2004-04-01,exchange_rate,2004.0,BOU_E_M.csv
2004-05-01,exchange_rate,2004.0,BOU_E_M.csv
2004-06-01,exchange_rate,2004.0,BOU_E_M.csv
2004-07-01,exchange_rate,2004.0,BOU_E_M.csv
2004-08-01,exchange_rate,2004.0,BOU_E_M.csv
2004-09-01,exchange_rate,2004.0,BOU_E_M.csv
2004-10-01,exchange_rate,2004.0,BOU_E_M.csv
2004-11-01,exchange_rate,2004.0,BOU_E_M.csv
2004-12-01,exchange_rate,2004.0,BOU_E_M.csv
2005-01-01,exchange_rate,2005.0,BOU_E_M.csv
2005-02-01,exchange_rate,2005.0,BOU_E_M.csv
2005-03-01,exchange_rate,2005.0,BOU_E_M.csv
2005-04-01,exchange_rate,2005.0,BOU_E_M.csv
2005-05-01,exchange_rate,2005.0,BOU_E_M.csv
2005-06-01,exchange_rate,2005.0,BOU_E_M.csv
2005-07-01,exchange_rate,2005.0,BOU_E_M.csv
2005-08-01,exchange_rate,2005.0,BOU_E_M.csv
2005-09-01,exchange_rate,2005.0,BOU_E_M.csv
2005-10-01,exchange_rate,2005.0,BOU_E_M.csv
2005-11-01,exchange_rate,2005.0,BOU_E_M.csv
2005-12-01,exchange_rate,2005.0,BOU_E_M.csv
2006-01-01,exchange_rate,2006.0,BOU_E_M.csv
2006-02-01,exchange_rate,2006.0,BOU_E_M.csv
2006-03-01,exchange_rate,2006.0,BOU_E_M.csv
2006-04-01,exchange_rate,2006.0,BOU_E_M.csv
2006-05-01,exchange_rate,2006.0,BOU_E_M.csv
2006-06-01,exchange_rate,2006.0,BOU_E_M.csv
2006-07-01,exchange_rate,2006.0,BOU_E_M.csv
2006-08-01,exchange_rate,2006.0,BOU_E_M.csv
2006-09-01,exchange_rate,2006.0,BOU_E_M.csv
2006-10-01,exchange_rate,2006.0,BOU_E_M.csv
2006-11-01,exchange_rate,2006.0,BOU_E_M.csv
2006-12-01,exchange_rate,2006.0,BOU_E_M.csv
2007-01-01,exchange_rate,2007.0,BOU_E_M.csv
2007-02-01,exchange_rate,2007.0,BOU_E_M.csv
2007-03-01,exchange_rate,2007.0,BOU_E_M.csv
2007-04-01,exchange_rate,2007.0,BOU_E_M.csv
2007-05-01,exchange_rate,2007.0,BOU_E_M.csv
2007-06-01,exchange_rate,2007.0,BOU_E_M.csv
2007-07-01,exchange_rate,2007.0,BOU_E_M.csv
2007-08-01,exchange_rate,2007.0,BOU_E_M.csv
2007-09-01,exchange_rate,2007.0,BOU_E_M.csv
2007-10-01,exchange_rate,2007.0,BOU_E_M.csv
2007-11-01,exchange_rate,2007.0,BOU_E_M.csv
2007-12-01,exchange_rate,2007.0,BOU_E_M.csv
2008-01-01,exchange_rate,2008.0,BOU_E_M.csv
2008-02-01,exchange_rate,2008.0,BOU_E_M.csv
2008-03-01,exchange_rate,2008.0,BOU_E_M.csv
2008-04-01,exchange_rate,2008.0,BOU_E_M.csv
2008-05-01,exchange_rate,2008.0,BOU_E_M.csv
2008-06-01,exchange_rate,2008.0,BOU_E_M.csv
2008-07-01,exchange_rate,2008.0,BOU_E_M.csv
2008-08-01,exchange_rate,2008.0,BOU_E_M.csv
2008-09-01,exchange_rate,2008.0,BOU_E_M.csv
2008-10-01,exchange_rate,2008.0,BOU_E_M.csv
2008-11-01,exchange_rate,2008.0,BOU_E_M.csv
2008-12-01,exchange_rate,2008.0,BOU_E_M.csv
2009-01-01,exchange_rate,2009.0,BOU_E_M.csv
2009-02-01,exchange_rate,2009.0,BOU_E_M.csv
2009-03-01,exchange_rate,2009.0,BOU_E_M.csv
2009-04-01,exchange_rate,2009.0,BOU_E_M.csv
2009-05-01,exchange_rate,2009.0,BOU_E_M.csv
2009-06-01,exchange_rate,2009.0,BOU_E_M.csv
2009-07-01,exchange_rate,2009.0,BOU_E_M.csv
2009-08-01,exchange_rate,2009.0,BOU_E_M.csv
2009-09-01,exchange_rate,2009.0,BOU_E_M.csv
2009-10-01,exchange_rate,2009.0,BOU_E_M.csv
2009-11-01,exchange_rate,2009.0,BOU_E_M.csv
2009-12-01,exchange_rate,2009.0,BOU_E_M.csv
2010-01-01,exchange_rate,2010.0,BOU_E_M.csv
2010-02-01,exchange_rate,2010.0,BOU_E_M.csv
2010-03-01,exchange_rate,2010.0,BOU_E_M.csv
2010-04-01,exchange_rate,2010.0,BOU_E_M.csv
2010-05-01,exchange_rate,2010.0,BOU_E_M.csv
2010-06-01,exchange_rate,2010.0,BOU_E_M.csv
2010-07-01,exchange_rate,2010.0,BOU_E_M.csv
2010-08-01,exchange_rate,2010.0,BOU_E_M.csv
2010-09-01,exchange_rate,2010.0,BOU_E_M.csv
2010-10-01,exchange_rate,2010.0,BOU_E_M.csv
2010-11-01,exchange_rate,2010.0,BOU_E_M.csv
2010-12-01,exchange_rate,2010.0,BOU_E_M.csv
2011-01-01,exchange_rate,2011.0,BOU_E_M.csv
2011-02-01,exchange_rate,2011.0,BOU_E_M.csv
2011-03-01,exchange_rate,2011.0,BOU_E_M.csv
2011-04-01,exchange_rate,2011.0,BOU_E_M.csv
2011-05-01,exchange_rate,2011.0,BOU_E_M.csv
2011-06-01,exchange_rate,2011.0,BOU_E_M.csv
2011-07-01,exchange_rate,2011.0,BOU_E_M.csv
2011-08-01,exchange_rate,2011.0,BOU_E_M.csv
2011-09-01,exchange_rate,2011.0,BOU_E_M.csv
2011-10-01,exchange_rate,2011.0,BOU_E_M.csv
2011-11-01,exchange_rate,2011.0,BOU_E_M.csv
2011-12-01,exchange_rate,2011.0,BOU_E_M.csv
2012-01-01,exchange_rate,2012.0,BOU_E_M.csv
2012-02-01,exchange_rate,2012.0,BOU_E_M.csv
2012-03-01,exchange_rate,2012.0,BOU_E_M.csv
2012-04-01,exchange_rate,2012.0,BOU_E_M.csv
2012-05-01,exchange_rate,2012.0,BOU_E_M.csv
2012-06-01,exchange_rate,2012.0,BOU_E_M.csv
2012-07-01,exchange_rate,2012.0,BOU_E_M.csv
2012-08-01,exchange_rate,2012.0,BOU_E_M.csv
2012-09-01,exchange_rate,2012.0,BOU_E_M.csv
2012-10-01,exchange_rate,2012.0,BOU_E_M.csv
2012-11-01,exchange_rate,2012.0,BOU_E_M.csv
2012-12-01,exchange_rate,2012.0,BOU_E_M.csv
2013-01-01,exchange_rate,2013.0,BOU_E_M.csv
2013-02-01,exchange_rate,2013.0,BOU_E_M.csv
2013-03-01,exchange_rate,2013.0,BOU_E_M.csv
2013-04-01,exchange_rate,2013.0,BOU_E_M.csv
2013-05-01,exchange_rate,2013.0,BOU_E_M.csv
2013-06-01,exchange_rate,2013.0,BOU_E_M.csv
2013-07-01,exchange_rate,2013.0,BOU_E_M.csv
2013-08-01,exchange_rate,2013.0,BOU_E_M.csv
2013-09-01,exchange_rate,2013.0,BOU_E_M.csv
2013-10-01,exchange_rate,2013.0,BOU_E_M.csv
2013-11-01,exchange_rate,2013.0,BOU_E_M.csv
2013-12-01,exchange_rate,2013.0,BOU_E_M.csv
2014-01-01,exchange_rate,2014.0,BOU_E_M.csv
2014-02-01,exchange_rate,2014.0,BOU_E_M.csv
2014-03-01,exchange_rate,2014.0,BOU_E_M.csv
2014-04-01,exchange_rate,2014.0,BOU_E_M.csv
2014-05-01,exchange_rate,2014.0,BOU_E_M.csv
2014-06-01,exchange_rate,2014.0,BOU_E_M.csv
2014-07-01,exchange_rate,2014.0,BOU_E_M.csv
2014-08-01,exchange_rate,2014.0,BOU_E_M.csv
2014-09-01,exchange_rate,2014.0,BOU_E_M.csv
2014-10-01,exchange_rate,2014.0,BOU_E_M.csv
2014-11-01,exchange_rate,2014.0,BOU_E_M.csv
2014-12-01,exchange_rate,2014.0,BOU_E_M.csv
2015-01-01,exchange_rate,2015.0,BOU_E_M.csv
2015-02-01,exchange_rate,2015.0,BOU_E_M.csv
2015-03-01,exchange_rate,2015.0,BOU_E_M.csv
2015-04-01,exchange_rate,2015.0,BOU_E_M.csv
2015-05-01,exchange_rate,2015.0,BOU_E_M.csv
2015-06-01,exchange_rate,2015.0,BOU_E_M.csv
2015-07-01,exchange_rate,2015.0,BOU_E_M.csv
2015-08-01,exchange_rate,2015.0,BOU_E_M.csv
2015-09-01,exchange_rate,2015.0,BOU_E_M.csv
2015-10-01,exchange_rate,2015.0,BOU_E_M.csv
2015-11-01,exchange_rate,2015.0,BOU_E_M.csv
2015-12-01,exchange_rate,2015.0,BOU_E_M.csv
2016-01-01,exchange_rate,2016.0,BOU_E_M.csv
2016-02-01,exchange_rate,2016.0,BOU_E_M.csv
2016-03-01,exchange_rate,2016.0,BOU_E_M.csv
2016-04-01,exchange_rate,2016.0,BOU_E_M.csv
2016-05-01,exchange_rate,2016.0,BOU_E_M.csv
2016-06-01,exchange_rate,2016.0,BOU_E_M.csv
2016-07-01,exchange_rate,2016.0,BOU_E_M.csv
2016-08-01,exchange_rate,2016.0,BOU_E_M.csv
2016-09-01,exchange_rate,2016.0,BOU_E_M.csv
2016-10-01,exchange_rate,2016.0,BOU_E_M.csv
2016-11-01,exchange_rate,2016.0,BOU_E_M.csv
2016-12-01,exchange_rate,2016.0,BOU_E_M.csv
2017-01-01,exchange_rate,2017.0,BOU_E_M.csv
2017-02-01,exchange_rate,2017.0,BOU_E_M.csv
2017-03-01,exchange_rate,2017.0,BOU_E_M.csv
2017-04-01,exchange_rate,2017.0,BOU_E_M.csv
2017-05-01,exchange_rate,2017.0,BOU_E_M.csv
2017-06-01,exchange_rate,2017.0,BOU_E_M.csv
2017-07-01,exchange_rate,2017.0,BOU_E_M.csv
2017-08-01,exchange_rate,2017.0,BOU_E_M.csv
2017-09-01,exchange_rate,2017.0,BOU_E_M.csv
2017-10-01,exchange_rate,2017.0,BOU_E_M.csv
2017-11-01,exchange_rate,2017.0,BOU_E_M.csv
2017-12-01,exchange_rate,2017.0,BOU_E_M.csv
2018-01-01,exchange_rate,2018.0,BOU_E_M.csv
2018-02-01,exchange_rate,2018.0,BOU_E_M.csv
2018-03-01,exchange_rate,2018.0,BOU_E_M.csv
2018-04-01,exchange_rate,2018.0,BOU_E_M.csv
2018-05-01,exchange_rate,2018.0,BOU_E_M.csv
2018-06-01,exchange_rate,2018.0,BOU_E_M.csv
2018-07-01,exchange_rate,2018.0,BOU_E_M.csv
2018-08-01,exchange_rate,2018.0,BOU_E_M.csv
2018-09-01,exchange_rate,2018.0,BOU_E_M.csv
2018-10-01,exchange_rate,2018.0,BOU_E_M.csv
2018-11-01,exchange_rate,2018.0,BOU_E_M.csv
2018-12-01,exchange_rate,2018.0,BOU_E_M.csv
2019-01-01,exchange_rate,2019.0,BOU_E_M.csv
2019-02-01,exchange_rate,2019.0,BOU_E_M.csv
2019-03-01,exchange_rate,2019.0,BOU_E_M.csv
2019-04-01,exchange_rate,2019.0,BOU_E_M.csv
2019-05-01,exchange_rate,2019.0,BOU_E_M.csv
2019-06-01,exchange_rate,2019.0,BOU_E_M.csv
2019-07-01,exchange_rate,2019.0,BOU_E_M.csv
2019-08-01,exchange_rate,2019.0,BOU_E_M.csv
2019-09-01,exchange_rate,2019.0,BOU_E_M.csv
2019-10-01,exchange_rate,2019.0,BOU_E_M.csv
2019-11-01,exchange_rate,2019.0,BOU_E_M.csv
2019-12-01,exchange_rate,2019.0,BOU_E_M.csv
2020-01-01,exchange_rate,2020.0,BOU_E_M.csv
2020-02-01,exchange_rate,2020.0,BOU_E_M.csv
2020-03-01,exchange_rate,2020.0,BOU_E_M.csv
2020-04-01,exchange_rate,2020.0,BOU_E_M.csv
2020-05-01,exchange_rate,2020.0,BOU_E_M.csv
2020-06-01,exchange_rate,2020.0,BOU_E_M.csv
2020-07-01,exchange_rate,2020.0,BOU_E_M.csv
2020-08-01,exchange_rate,2020.0,BOU_E_M.csv
2020-09-01,exchange_rate,2020.0,BOU_E_M.csv
2020-10-01,exchange_rate,2020.0,BOU_E_M.csv
2020-11-01,exchange_rate,2020.0,BOU_E_M.csv
2020-12-01,exchange_rate,2020.0,BOU_E_M.csv
2021-01-01,exchange_rate,2021.0,BOU_E_M.csv
2021-02-01,exchange_rate,2021.0,BOU_E_M.csv
2021-03-01,exchange_rate,2021.0,BOU_E_M.csv
2021-04-01,exchange_rate,2021.0,BOU_E_M.csv
2021-05-01,exchange_rate,2021.0,BOU_E_M.csv
2021-06-01,exchange_rate,2021.0,BOU_E_M.csv
2021-07-01,exchange_rate,2021.0,BOU_E_M.csv
2021-08-01,exchange_rate,2021.0,BOU_E_M.csv
2021-09-01,exchange_rate,2021.0,BOU_E_M.csv
2021-10-01,exchange_rate,2021.0,BOU_E_M.csv
2021-11-01,exchange_rate,2021.0,BOU_E_M.csv
2021-12-01,exchange_rate,2021.0,BOU_E_M.csv
2022-01-01,exchange_rate,2022.0,BOU_E_M.csv
2022-02-01,exchange_rate,2022.0,BOU_E_M.csv
2022-03-01,exchange_rate,2022.0,BOU_E_M.csv
2022-04-01,exchange_rate,2022.0,BOU_E_M.csv
2022-05-01,exchange_rate,2022.0,BOU_E_M.csv
2022-06-01,exchange_rate,2022.0,BOU_E_M.csv
2022-07-01,exchange_rate,2022.0,BOU_E_M.csv
2022-08-01,exchange_rate,2022.0,BOU_E_M.csv
2022-09-01,exchange_rate,2022.0,BOU_E_M.csv
2022-10-01,exchange_rate,2022.0,BOU_E_M.csv
2022-11-01,exchange_rate,2022.0,BOU_E_M.csv
2022-12-01,exchange_rate,2022.0,BOU_E_M.csv
2023-01-01,exchange_rate,2023.0,BOU_E_M.csv
2023-02-01,exchange_rate,2023.0,BOU_E_M.csv
2023-03-01,exchange_rate,2023.0,BOU_E_M.csv
2023-04-01,exchange_rate,2023.0,BOU_E_M.csv
2023-05-01,exchange_rate,2023.0,BOU_E_M.csv
2023-06-01,exchange_rate,2023.0,BOU_E_M.csv
2023-07-01,exchange_rate,2023.0,BOU_E_M.csv
2023-08-01,exchange_rate,2023.0,BOU_E_M.csv
2023-09-01,exchange_rate,2023.0,BOU_E_M.csv
2023-10-01,exchange_rate,2023.0,BOU_E_M.csv
2023-11-01,exchange_rate,2023.0,BOU_E_M.csv
2023-12-01,exchange_rate,2023.0,BOU_E_M.csv
2024-01-01,exchange_rate,2024.0,BOU_E_M.csv
2024-02-01,exchange_rate,2024.0,BOU_E_M.csv
2024-03-01,exchange_rate,2024.0,BOU_E_M.csv
2024-04-01,exchange_rate,2024.0,BOU_E_M.csv
2024-05-01,exchange_rate,2024.0,BOU_E_M.csv
2024-06-01,exchange_rate,2024.0,BOU_E_M.csv
2024-07-01,exchange_rate,2024.0,BOU_E_M.csv
2024-08-01,exchange_rate,2024.0,BOU_E_M.csv
2024-09-01,exchange_rate,2024.0,BOU_E_M.csv
2024-10-01,exchange_rate,2024.0,BOU_E_M.csv
2024-11-01,exchange_rate,2024.0,BOU_E_M.csv
2024-12-01,exchange_rate,2024.0,BOU_E_M.csv
2025-01-01,exchange_rate,2025.0,BOU_E_M.csv
2025-02-01,exchange_rate,2025.0,BOU_E_M.csv
2025-03-01,exchange_rate,2025.0,BOU_E_M.csv
2025-04-01,exchange_rate,2025.0,BOU_E_M.csv
2025-05-01,exchange_rate,2025.0,BOU_E_M.csv
2025-06-01,exchange_rate,2025.0,BOU_E_M.csv
2025-07-01,exchange_rate,2025.0,BOU_E_M.csv
2025-08-01,exchange_rate,2025.0,BOU_E_M.csv
2025-09-01,exchange_rate,2025.0,BOU_E_M.csv
2025-10-01,exchange_rate,2025.0,BOU_E_M.csv
2025-11-01,exchange_rate,2025.0,BOU_E_M.csv
2025-12-01,exchange_rate,2025.0,BOU_E_M.csv
2026-01-01,exchange_rate,2026.0,BOU_E_M.csv
2026-02-01,exchange_rate,2026.0,BOU_E_M.csv
2026-03-01,exchange_rate,2026.0,BOU_E_M.csv
2026-04-01,exchange_rate,2026.0,BOU_E_M.csv
2026-05-01,exchange_rate,2026.0,BOU_E_M.csv
2026-06-01,exchange_rate,2026.0,BOU_E_M.csv
1997-07-01,government_funding,17.0117083333333,MOF_TOT.csv
1997-08-01,government_funding,17.0117083333333,MOF_TOT.csv
1997-09-01,government_funding,17.0117083333333,MOF_TOT.csv
1997-10-01,government_funding,18.7950483333333,MOF_TOT.csv
1997-11-01,government_funding,19.2934383333333,MOF_TOT.csv
1997-12-01,government_funding,18.5437483333333,MOF_TOT.csv
1998-01-01,government_funding,26.5401083333333,MOF_TOT.csv
1998-02-01,government_funding,48.2741483333333,MOF_TOT.csv
1998-03-01,government_funding,57.3846983333333,MOF_TOT.csv
1998-04-01,government_funding,18.1692183333333,MOF_TOT.csv
1998-05-01,government_funding,21.9317083333333,MOF_TOT.csv
1998-06-01,government_funding,117.584408333333,MOF_TOT.csv
1998-07-01,government_funding,32.2277552333333,MOF_TOT.csv
1998-08-01,government_funding,26.4162835253333,MOF_TOT.csv
1998-09-01,government_funding,27.6669825333333,MOF_TOT.csv
1998-10-01,government_funding,25.8609380333333,MOF_TOT.csv
1998-11-01,government_funding,30.7088271333333,MOF_TOT.csv
1998-12-01,government_funding,28.0690053333333,MOF_TOT.csv
1999-01-01,government_funding,32.9889615233333,MOF_TOT.csv
1999-02-01,government_funding,30.6394671933333,MOF_TOT.csv
1999-03-01,government_funding,88.5520952133333,MOF_TOT.csv
1999-04-01,government_funding,35.4380388333333,MOF_TOT.csv
1999-05-01,government_funding,25.5978313333333,MOF_TOT.csv
1999-06-01,government_funding,22.7701053333333,MOF_TOT.csv
1999-07-01,government_funding,38.1242487,MOF_TOT.csv
1999-08-01,government_funding,31.774332,MOF_TOT.csv
1999-09-01,government_funding,34.6315194,MOF_TOT.csv
1999-10-01,government_funding,35.07219,MOF_TOT.csv
1999-11-01,government_funding,64.0948098,MOF_TOT.csv
1999-12-01,government_funding,68.620148,MOF_TOT.csv
2000-01-01,government_funding,30.64931,MOF_TOT.csv
2000-02-01,government_funding,30.7969817,MOF_TOT.csv
2000-03-01,government_funding,42.797481,MOF_TOT.csv
2000-04-01,government_funding,101.1291222,MOF_TOT.csv
2000-05-01,government_funding,47.623484,MOF_TOT.csv
2000-06-01,government_funding,41.29101578488,MOF_TOT.csv
2000-07-01,government_funding,50.4205447554301,MOF_TOT.csv
2000-08-01,government_funding,76.2895917554301,MOF_TOT.csv
2000-09-01,government_funding,71.0536747554301,MOF_TOT.csv
2000-10-01,government_funding,51.4111125554301,MOF_TOT.csv
2000-11-01,government_funding,51.3840821554301,MOF_TOT.csv
2000-12-01,government_funding,239.62923995543,MOF_TOT.csv
2001-01-01,government_funding,43.2088595554301,MOF_TOT.csv
2001-02-01,government_funding,44.6436136554301,MOF_TOT.csv
2001-03-01,government_funding,48.5622967554301,MOF_TOT.csv
2001-04-01,government_funding,34.9352707554301,MOF_TOT.csv
2001-05-01,government_funding,34.9352707554301,MOF_TOT.csv
2001-06-01,government_funding,37.9990499220938,MOF_TOT.csv
2001-07-01,government_funding,54.29758325,MOF_TOT.csv
2001-08-01,government_funding,61.12226325,MOF_TOT.csv
2001-09-01,government_funding,48.15812325,MOF_TOT.csv
2001-10-01,government_funding,56.361755,MOF_TOT.csv
2001-11-01,government_funding,55.477385,MOF_TOT.csv
2001-12-01,government_funding,176.032015,MOF_TOT.csv
2002-01-01,government_funding,38.2103925,MOF_TOT.csv
2002-02-01,government_funding,39.9466325,MOF_TOT.csv
2002-03-01,government_funding,78.4197225,MOF_TOT.csv
2002-04-01,government_funding,39.3126605833333,MOF_TOT.csv
2002-05-01,government_funding,40.373132042043,MOF_TOT.csv
2002-06-01,government_funding,26.8569405833333,MOF_TOT.csv
2002-07-01,government_funding,44.6687825666667,MOF_TOT.csv
2002-08-01,government_funding,109.712391166667,MOF_TOT.csv
2002-09-01,government_funding,37.7270890666667,MOF_TOT.csv
2002-10-01,government_funding,96.3525546666667,MOF_TOT.csv
2002-11-01,government_funding,39.5491178666667,MOF_TOT.csv
2002-12-01,government_funding,105.332486266667,MOF_TOT.csv
2003-01-01,government_funding,51.5971100666667,MOF_TOT.csv
2003-02-01,government_funding,34.8160200666667,MOF_TOT.csv
2003-03-01,government_funding,56.4444961666667,MOF_TOT.csv
2003-04-01,government_funding,32.6130217666667,MOF_TOT.csv
2003-05-01,government_funding,55.2312781666667,MOF_TOT.csv
2003-06-01,government_funding,91.9476177666667,MOF_TOT.csv
2003-07-01,government_funding,49.5485449930418,MOF_TOT.csv
2003-08-01,government_funding,72.0865313930418,MOF_TOT.csv
2003-09-01,government_funding,37.9670979930418,MOF_TOT.csv
2003-10-01,government_funding,52.8797889930418,MOF_TOT.csv
2003-11-01,government_funding,57.2198939930418,MOF_TOT.csv
2003-12-01,government_funding,244.239396393042,MOF_TOT.csv
2004-01-01,government_funding,45.2821961930418,MOF_TOT.csv
2004-02-01,government_funding,35.8197509930418,MOF_TOT.csv
2004-03-01,government_funding,89.6647244930418,MOF_TOT.csv
2004-04-01,government_funding,44.3015009930418,MOF_TOT.csv
2004-05-01,government_funding,329.694723993042,MOF_TOT.csv
2004-06-01,government_funding,88.7373449930418,MOF_TOT.csv
2004-07-01,government_funding,67.8355327255001,MOF_TOT.csv
2004-08-01,government_funding,90.3510574920693,MOF_TOT.csv
2004-09-01,government_funding,53.591907421863,MOF_TOT.csv
2004-10-01,government_funding,42.80267593025,MOF_TOT.csv
2004-11-01,government_funding,54.0638072290146,MOF_TOT.csv
2004-12-01,government_funding,245.011063118722,MOF_TOT.csv
2005-01-01,government_funding,37.3918994690547,MOF_TOT.csv
2005-02-01,government_funding,40.705293781442,MOF_TOT.csv
2005-03-01,government_funding,95.1260531174546,MOF_TOT.csv
2005-04-01,government_funding,338.446328397539,MOF_TOT.csv
2005-05-01,government_funding,63.3290594856043,MOF_TOT.csv
2005-06-01,government_funding,48.464064842663,MOF_TOT.csv
2005-07-01,government_funding,47.6255982681935,MOF_TOT.csv
2005-08-01,government_funding,54.6921242597433,MOF_TOT.csv
2005-09-01,government_funding,66.674858882628,MOF_TOT.csv
2005-10-01,government_funding,61.2959379385239,MOF_TOT.csv
2005-11-01,government_funding,56.2437706044529,MOF_TOT.csv
2005-12-01,government_funding,162.039281457717,MOF_TOT.csv
2006-01-01,government_funding,172.445208064238,MOF_TOT.csv
2006-02-01,government_funding,89.0732537276108,MOF_TOT.csv
2006-03-01,government_funding,84.8562236850998,MOF_TOT.csv
2006-04-01,government_funding,15.2347777586077,MOF_TOT.csv
2006-05-01,government_funding,45.4700208403351,MOF_TOT.csv
2006-06-01,government_funding,41.8635295999323,MOF_TOT.csv
2006-07-01,government_funding,272.068549145059,MOF_TOT.csv
2006-08-01,government_funding,50.8649737127868,MOF_TOT.csv
2006-09-01,government_funding,48.3919767221478,MOF_TOT.csv
2006-10-01,government_funding,50.9655669807513,MOF_TOT.csv
2006-11-01,government_funding,47.8534435876049,MOF_TOT.csv
2006-12-01,government_funding,291.286021923347,MOF_TOT.csv
2007-01-01,government_funding,35.5671029247249,MOF_TOT.csv
2007-02-01,government_funding,48.9964447111281,MOF_TOT.csv
2007-03-01,government_funding,55.4364591134417,MOF_TOT.csv
2007-04-01,government_funding,39.8842956613185,MOF_TOT.csv
2007-05-01,government_funding,70.6602393194417,MOF_TOT.csv
2007-06-01,government_funding,75.8159036098417,MOF_TOT.csv
2007-07-01,government_funding,44.1291212239909,MOF_TOT.csv
2007-08-01,government_funding,32.5119059642615,MOF_TOT.csv
2007-09-01,government_funding,25.9428467564956,MOF_TOT.csv
2007-10-01,government_funding,48.4431933347675,MOF_TOT.csv
2007-11-01,government_funding,23.5221085573192,MOF_TOT.csv
2007-12-01,government_funding,182.655986970397,MOF_TOT.csv
2008-01-01,government_funding,93.846176313481,MOF_TOT.csv
2008-02-01,government_funding,44.7347396432114,MOF_TOT.csv
2008-03-01,government_funding,99.6012374148373,MOF_TOT.csv
2008-04-01,government_funding,33.513944288056,MOF_TOT.csv
2008-05-01,government_funding,14.1268972352278,MOF_TOT.csv
2008-06-01,government_funding,95.5593529122515,MOF_TOT.csv
2008-07-01,government_funding,18.7020062173261,MOF_TOT.csv
2008-08-01,government_funding,38.9503491380741,MOF_TOT.csv
2008-09-01,government_funding,43.4802672382358,MOF_TOT.csv
2008-10-01,government_funding,37.187849665857,MOF_TOT.csv
2008-11-01,government_funding,62.9713828636225,MOF_TOT.csv
2008-12-01,government_funding,172.129496406627,MOF_TOT.csv
2009-01-01,government_funding,18.5184512155926,MOF_TOT.csv
2009-02-01,government_funding,46.6757910625062,MOF_TOT.csv
2009-03-01,government_funding,174.436305717663,MOF_TOT.csv
2009-04-01,government_funding,16.3543835324863,MOF_TOT.csv
2009-05-01,government_funding,49.9950543598685,MOF_TOT.csv
2009-06-01,government_funding,205.407668293616,MOF_TOT.csv
2009-07-01,government_funding,72.8717454974934,MOF_TOT.csv
2009-08-01,government_funding,30.0266341357123,MOF_TOT.csv
2009-09-01,government_funding,90.5391157414899,MOF_TOT.csv
2009-10-01,government_funding,25.1656201967603,MOF_TOT.csv
2009-11-01,government_funding,33.3415652293171,MOF_TOT.csv
2009-12-01,government_funding,129.712873524023,MOF_TOT.csv
2010-01-01,government_funding,23.4363482797132,MOF_TOT.csv
2010-02-01,government_funding,112.533595179862,MOF_TOT.csv
2010-03-01,government_funding,37.9389528487834,MOF_TOT.csv
2010-04-01,government_funding,130.140003842866,MOF_TOT.csv
2010-05-01,government_funding,90.8052367184545,MOF_TOT.csv
2010-06-01,government_funding,87.0964617794412,MOF_TOT.csv
2010-07-01,government_funding,34.7446749760805,MOF_TOT.csv
2010-08-01,government_funding,103.464675259361,MOF_TOT.csv
2010-09-01,government_funding,132.985844995371,MOF_TOT.csv
2010-10-01,government_funding,147.425281146035,MOF_TOT.csv
2010-11-01,government_funding,66.7180715682383,MOF_TOT.csv
2010-12-01,government_funding,139.845908309731,MOF_TOT.csv
2011-01-01,government_funding,12.2035097527945,MOF_TOT.csv
2011-02-01,government_funding,32.2920984000078,MOF_TOT.csv
2011-03-01,government_funding,24.4964300238182,MOF_TOT.csv
2011-04-01,government_funding,46.7788075900892,MOF_TOT.csv
2011-05-01,government_funding,84.5711654907513,MOF_TOT.csv
2011-06-01,government_funding,64.9755969947629,MOF_TOT.csv
2011-07-01,government_funding,89.2626068703668,MOF_TOT.csv
2011-08-01,government_funding,43.5048064805837,MOF_TOT.csv
2011-09-01,government_funding,157.726310555558,MOF_TOT.csv
2011-10-01,government_funding,57.4943059050481,MOF_TOT.csv
2011-11-01,government_funding,194.031426921433,MOF_TOT.csv
2011-12-01,government_funding,232.679388814584,MOF_TOT.csv
2012-01-01,government_funding,28.2348192088833,MOF_TOT.csv
2012-02-01,government_funding,49.4908404934083,MOF_TOT.csv
2012-03-01,government_funding,64.6543782620288,MOF_TOT.csv
2012-04-01,government_funding,33.5634851850193,MOF_TOT.csv
2012-05-01,government_funding,50.1964064234841,MOF_TOT.csv
2012-06-01,government_funding,128.414400493138,MOF_TOT.csv
2012-07-01,government_funding,16.2268347875927,MOF_TOT.csv
2012-08-01,government_funding,102.328157749765,MOF_TOT.csv
2012-09-01,government_funding,58.1844944795559,MOF_TOT.csv
2012-10-01,government_funding,56.7323796843262,MOF_TOT.csv
2012-11-01,government_funding,162.266821445144,MOF_TOT.csv
2012-12-01,government_funding,318.67764771193,MOF_TOT.csv
2013-01-01,government_funding,54.2452039570609,MOF_TOT.csv
2013-02-01,government_funding,43.9969681454333,MOF_TOT.csv
2013-03-01,government_funding,53.3589433214201,MOF_TOT.csv
2013-04-01,government_funding,20.0480256249982,MOF_TOT.csv
2013-05-01,government_funding,23.0594204405769,MOF_TOT.csv
2013-06-01,government_funding,27.0561828328695,MOF_TOT.csv
2013-07-01,government_funding,47.4146962994959,MOF_TOT.csv
2013-08-01,government_funding,40.4575680210991,MOF_TOT.csv
2013-09-01,government_funding,23.8751485628876,MOF_TOT.csv
2013-10-01,government_funding,97.2459089898589,MOF_TOT.csv
2013-11-01,government_funding,91.1240955217633,MOF_TOT.csv
2013-12-01,government_funding,170.972380910451,MOF_TOT.csv
2014-01-01,government_funding,26.5182626965249,MOF_TOT.csv
2014-02-01,government_funding,40.0298075562979,MOF_TOT.csv
2014-03-01,government_funding,22.5379279816168,MOF_TOT.csv
2014-04-01,government_funding,57.2083290592021,MOF_TOT.csv
2014-05-01,government_funding,30.344711986302,MOF_TOT.csv
2014-06-01,government_funding,54.7588065569361,MOF_TOT.csv
2014-07-01,government_funding,45.3239403630288,MOF_TOT.csv
2014-08-01,government_funding,85.8234349287252,MOF_TOT.csv
2014-09-01,government_funding,125.483777057829,MOF_TOT.csv
2014-10-01,government_funding,83.9142263245014,MOF_TOT.csv
2014-11-01,government_funding,123.236752380571,MOF_TOT.csv
2014-12-01,government_funding,133.048918452623,MOF_TOT.csv
2015-01-01,government_funding,44.6123897197259,MOF_TOT.csv
2015-02-01,government_funding,54.0377228877137,MOF_TOT.csv
2015-03-01,government_funding,52.8586541490692,MOF_TOT.csv
2015-04-01,government_funding,60.2132456001366,MOF_TOT.csv
2015-05-01,government_funding,38.399121014833,MOF_TOT.csv
2015-06-01,government_funding,83.8567069966114,MOF_TOT.csv
2015-07-01,government_funding,133.83417914679,MOF_TOT.csv
2015-08-01,government_funding,172.493772113265,MOF_TOT.csv
2015-09-01,government_funding,175.478045932798,MOF_TOT.csv
2015-10-01,government_funding,141.673979259739,MOF_TOT.csv
2015-11-01,government_funding,55.804768562823,MOF_TOT.csv
2015-12-01,government_funding,111.069522230495,MOF_TOT.csv
2016-01-01,government_funding,16.3744024387986,MOF_TOT.csv
2016-02-01,government_funding,71.9373041653743,MOF_TOT.csv
2016-03-01,government_funding,53.5170590803256,MOF_TOT.csv
2016-04-01,government_funding,30.5194193877479,MOF_TOT.csv
2016-05-01,government_funding,60.3575221158182,MOF_TOT.csv
2016-06-01,government_funding,123.384422544514,MOF_TOT.csv
2016-07-01,government_funding,37.761479477933,MOF_TOT.csv
2016-08-01,government_funding,69.0606272923967,MOF_TOT.csv
2016-09-01,government_funding,48.9050820479154,MOF_TOT.csv
2016-10-01,government_funding,55.3623959381894,MOF_TOT.csv
2016-11-01,government_funding,242.276233151543,MOF_TOT.csv
2016-12-01,government_funding,128.641416484466,MOF_TOT.csv
2017-01-01,government_funding,12.2640011053009,MOF_TOT.csv
2017-02-01,government_funding,53.8354046307324,MOF_TOT.csv
2017-03-01,government_funding,64.5066421077376,MOF_TOT.csv
2017-04-01,government_funding,33.543127795442,MOF_TOT.csv
2017-05-01,government_funding,149.028098049585,MOF_TOT.csv
2017-06-01,government_funding,54.5588914624463,MOF_TOT.csv
2017-07-01,government_funding,47.7661558118513,MOF_TOT.csv
2017-08-01,government_funding,28.4542578632767,MOF_TOT.csv
2017-09-01,government_funding,38.0835306465928,MOF_TOT.csv
2017-10-01,government_funding,137.308607664529,MOF_TOT.csv
2017-11-01,government_funding,17.8807458342459,MOF_TOT.csv
2017-12-01,government_funding,154.982558276922,MOF_TOT.csv
2018-01-01,government_funding,79.7113310998522,MOF_TOT.csv
2018-02-01,government_funding,135.667063255616,MOF_TOT.csv
2018-03-01,government_funding,32.0029515591624,MOF_TOT.csv
2018-04-01,government_funding,16.9781491090174,MOF_TOT.csv
2018-05-01,government_funding,21.4226306534134,MOF_TOT.csv
2018-06-01,government_funding,63.9395847032634,MOF_TOT.csv
2018-07-01,government_funding,115.721974447076,MOF_TOT.csv
2018-08-01,government_funding,83.1847757186865,MOF_TOT.csv
2018-09-01,government_funding,111.19233620679,MOF_TOT.csv
2018-10-01,government_funding,60.2117879227091,MOF_TOT.csv
2018-11-01,government_funding,196.574150676533,MOF_TOT.csv
2018-12-01,government_funding,44.1936446327561,MOF_TOT.csv
2019-01-01,government_funding,23.5127022617255,MOF_TOT.csv
2019-02-01,government_funding,138.570386770271,MOF_TOT.csv
2019-03-01,government_funding,94.5167869748842,MOF_TOT.csv
2019-04-01,government_funding,153.567726350546,MOF_TOT.csv
2019-05-01,government_funding,127.275876408565,MOF_TOT.csv
2019-06-01,government_funding,53.0308932795364,MOF_TOT.csv
2019-07-01,government_funding,54.7831962350786,MOF_TOT.csv
2019-08-01,government_funding,160.450074358053,MOF_TOT.csv
2019-09-01,government_funding,92.0628456799656,MOF_TOT.csv
2019-10-01,government_funding,194.786421168096,MOF_TOT.csv
2019-11-01,government_funding,79.3252622641782,MOF_TOT.csv
2019-12-01,government_funding,74.0468168788268,MOF_TOT.csv
2020-01-01,government_funding,108.487155545545,MOF_TOT.csv
2020-02-01,government_funding,139.141727452307,MOF_TOT.csv
2020-03-01,government_funding,71.5224308523764,MOF_TOT.csv
2020-04-01,government_funding,72.5098944885929,MOF_TOT.csv
2020-05-01,government_funding,85.8154551027532,MOF_TOT.csv
2020-06-01,government_funding,23.4544303263817,MOF_TOT.csv
2020-07-01,government_funding,160.270941042243,MOF_TOT.csv
2020-08-01,government_funding,290.208915724837,MOF_TOT.csv
2020-09-01,government_funding,200.993508375356,MOF_TOT.csv
2020-10-01,government_funding,172.806604935258,MOF_TOT.csv
2020-11-01,government_funding,72.2395341220045,MOF_TOT.csv
2020-12-01,government_funding,354.208466418799,MOF_TOT.csv
2021-01-01,government_funding,54.8962573964891,MOF_TOT.csv
2021-02-01,government_funding,150.010510876067,MOF_TOT.csv
2021-03-01,government_funding,191.801356154904,MOF_TOT.csv
2021-04-01,government_funding,121.831432495249,MOF_TOT.csv
2021-05-01,government_funding,31.3962219168251,MOF_TOT.csv
2021-06-01,government_funding,153.11046240284,MOF_TOT.csv
2021-07-01,government_funding,235.400509402362,MOF_TOT.csv
2021-08-01,government_funding,222.336057653739,MOF_TOT.csv
2021-09-01,government_funding,152.590367741011,MOF_TOT.csv
2021-10-01,government_funding,29.180266693548,MOF_TOT.csv
2021-11-01,government_funding,87.1537316787358,MOF_TOT.csv
2021-12-01,government_funding,201.526231661787,MOF_TOT.csv
2022-01-01,government_funding,6.85034791481546,MOF_TOT.csv
2022-02-01,government_funding,30.2088854024921,MOF_TOT.csv
2022-03-01,government_funding,113.02650664734,MOF_TOT.csv
2022-04-01,government_funding,51.4771527179075,MOF_TOT.csv
2022-05-01,government_funding,24.8875445511098,MOF_TOT.csv
2022-06-01,government_funding,7.32689186337181,MOF_TOT.csv
2022-07-01,government_funding,99.0563137801279,MOF_TOT.csv
2022-08-01,government_funding,21.9162443426812,MOF_TOT.csv
2022-09-01,government_funding,284.521168134703,MOF_TOT.csv
2022-10-01,government_funding,155.305343038122,MOF_TOT.csv
2022-11-01,government_funding,76.6133584649347,MOF_TOT.csv
2022-12-01,government_funding,206.760008322472,MOF_TOT.csv
2023-01-01,government_funding,26.9786713450185,MOF_TOT.csv
2023-02-01,government_funding,4.93538499989169,MOF_TOT.csv
2023-03-01,government_funding,32.259791648988,MOF_TOT.csv
2023-04-01,government_funding,26.461924504387,MOF_TOT.csv
2023-05-01,government_funding,22.2800048480923,MOF_TOT.csv
2023-06-01,government_funding,71.1274458353159,MOF_TOT.csv
2023-07-01,government_funding,19.0408661935467,MOF_TOT.csv
2023-08-01,government_funding,39.9580602271025,MOF_TOT.csv
2023-09-01,government_funding,168.382152912,MOF_TOT.csv
2023-10-01,government_funding,6.30581513530184,MOF_TOT.csv
2023-11-01,government_funding,28.0001251192029,MOF_TOT.csv
2023-12-01,government_funding,328.763073154233,MOF_TOT.csv
2024-01-01,government_funding,19.7966923885998,MOF_TOT.csv
2024-02-01,government_funding,48.1934516387251,MOF_TOT.csv
2024-03-01,government_funding,73.2446911092953,MOF_TOT.csv
2024-04-01,government_funding,43.7285246557525,MOF_TOT.csv
2024-05-01,government_funding,81.2827162135818,MOF_TOT.csv
2024-06-01,government_funding,157.884920832591,MOF_TOT.csv
2024-07-01,government_funding,25.8060229005266,MOF_TOT.csv
2024-08-01,government_funding,121.697657648613,MOF_TOT.csv
2024-09-01,government_funding,202.834781768622,MOF_TOT.csv
2024-10-01,government_funding,126.187551665296,MOF_TOT.csv
2024-11-01,government_funding,291.906824791442,MOF_TOT.csv
2024-12-01,government_funding,81.9469251584583,MOF_TOT.csv
2025-01-01,government_funding,66.7635877037217,MOF_TOT.csv
2025-02-01,government_funding,5.83983345579241,MOF_TOT.csv
2025-03-01,government_funding,130.014399600784,MOF_TOT.csv
2025-04-01,government_funding,8.85093000854309,MOF_TOT.csv
2025-05-01,government_funding,172.465380678678,MOF_TOT.csv
2025-06-01,government_funding,121.683788861348,MOF_TOT.csv
2025-07-01,government_funding,214.252448206761,MOF_TOT.csv
2025-08-01,government_funding,0.834909390608089,MOF_TOT.csv
2025-09-01,government_funding,40.2286110664875,MOF_TOT.csv
2025-10-01,government_funding,42.8958165507212,MOF_TOT.csv
2025-11-01,government_funding,31.4120193242067,MOF_TOT.csv
2025-12-01,government_funding,208.367978098024,MOF_TOT.csv
2026-01-01,government_funding,6.20686222107708,MOF_TOT.csv
2026-02-01,government_funding,62.5600981096164,MOF_TOT.csv
1986-01-01,lending_rate,24.0,BOU_MMI.csv
1986-02-01,lending_rate,24.0,BOU_MMI.csv
1986-03-01,lending_rate,24.0,BOU_MMI.csv
1986-04-01,lending_rate,24.0,BOU_MMI.csv
1986-05-01,lending_rate,38.0,BOU_MMI.csv
1986-06-01,lending_rate,38.0,BOU_MMI.csv
1986-07-01,lending_rate,38.0,BOU_MMI.csv
1986-08-01,lending_rate,38.0,BOU_MMI.csv
1986-09-01,lending_rate,38.0,BOU_MMI.csv
1986-10-01,lending_rate,38.0,BOU_MMI.csv
1986-11-01,lending_rate,38.0,BOU_MMI.csv
1986-12-01,lending_rate,38.0,BOU_MMI.csv
1987-01-01,lending_rate,38.0,BOU_MMI.csv
1987-02-01,lending_rate,38.0,BOU_MMI.csv
1987-03-01,lending_rate,38.0,BOU_MMI.csv
1987-04-01,lending_rate,38.0,BOU_MMI.csv
1987-05-01,lending_rate,38.0,BOU_MMI.csv
1987-06-01,lending_rate,38.0,BOU_MMI.csv
1987-07-01,lending_rate,38.0,BOU_MMI.csv
1987-08-01,lending_rate,30.0,BOU_MMI.csv
1987-09-01,lending_rate,30.0,BOU_MMI.csv
1987-10-01,lending_rate,30.0,BOU_MMI.csv
1987-11-01,lending_rate,30.0,BOU_MMI.csv
1987-12-01,lending_rate,30.0,BOU_MMI.csv
1988-01-01,lending_rate,30.0,BOU_MMI.csv
1988-02-01,lending_rate,30.0,BOU_MMI.csv
1988-03-01,lending_rate,30.0,BOU_MMI.csv
1988-04-01,lending_rate,30.0,BOU_MMI.csv
1988-05-01,lending_rate,30.0,BOU_MMI.csv
1988-06-01,lending_rate,30.0,BOU_MMI.csv
1988-07-01,lending_rate,40.0,BOU_MMI.csv
1988-08-01,lending_rate,40.0,BOU_MMI.csv
1988-09-01,lending_rate,40.0,BOU_MMI.csv
1988-10-01,lending_rate,40.0,BOU_MMI.csv
1988-11-01,lending_rate,40.0,BOU_MMI.csv
1988-12-01,lending_rate,40.0,BOU_MMI.csv
1989-01-01,lending_rate,40.0,BOU_MMI.csv
1989-02-01,lending_rate,40.0,BOU_MMI.csv
1989-03-01,lending_rate,40.0,BOU_MMI.csv
1989-04-01,lending_rate,40.0,BOU_MMI.csv
1989-05-01,lending_rate,40.0,BOU_MMI.csv
1989-06-01,lending_rate,40.0,BOU_MMI.csv
1989-07-01,lending_rate,40.0,BOU_MMI.csv
1989-08-01,lending_rate,40.0,BOU_MMI.csv
1989-09-01,lending_rate,40.0,BOU_MMI.csv
1989-10-01,lending_rate,40.0,BOU_MMI.csv
1989-11-01,lending_rate,40.0,BOU_MMI.csv
1989-12-01,lending_rate,40.0,BOU_MMI.csv
1990-01-01,lending_rate,40.0,BOU_MMI.csv
1990-02-01,lending_rate,40.0,BOU_MMI.csv
1990-03-01,lending_rate,40.0,BOU_MMI.csv
1990-04-01,lending_rate,40.0,BOU_MMI.csv
1990-05-01,lending_rate,40.0,BOU_MMI.csv
1990-06-01,lending_rate,40.0,BOU_MMI.csv
1990-07-01,lending_rate,40.0,BOU_MMI.csv
1990-08-01,lending_rate,40.0,BOU_MMI.csv
1990-09-01,lending_rate,36.0,BOU_MMI.csv
1990-10-01,lending_rate,36.0,BOU_MMI.csv
1990-11-01,lending_rate,36.0,BOU_MMI.csv
1990-12-01,lending_rate,36.0,BOU_MMI.csv
1991-01-01,lending_rate,36.0,BOU_MMI.csv
1991-02-01,lending_rate,32.0,BOU_MMI.csv
1991-03-01,lending_rate,32.0,BOU_MMI.csv
1991-04-01,lending_rate,32.0,BOU_MMI.csv
1991-05-01,lending_rate,32.0,BOU_MMI.csv
1991-06-01,lending_rate,32.0,BOU_MMI.csv
1991-07-01,lending_rate,32.0,BOU_MMI.csv
1991-08-01,lending_rate,37.0,BOU_MMI.csv
1991-09-01,lending_rate,37.0,BOU_MMI.csv
1991-10-01,lending_rate,37.0,BOU_MMI.csv
1991-11-01,lending_rate,37.0,BOU_MMI.csv
1991-12-01,lending_rate,37.0,BOU_MMI.csv
1992-01-01,lending_rate,37.0,BOU_MMI.csv
1992-02-01,lending_rate,37.0,BOU_MMI.csv
1992-03-01,lending_rate,38.0,BOU_MMI.csv
1992-04-01,lending_rate,40.0,BOU_MMI.csv
1992-05-01,lending_rate,40.0,BOU_MMI.csv
1992-06-01,lending_rate,40.0,BOU_MMI.csv
1992-07-01,lending_rate,40.0,BOU_MMI.csv
1992-08-01,lending_rate,40.0,BOU_MMI.csv
1992-09-01,lending_rate,40.0,BOU_MMI.csv
1993-01-01,lending_rate,22.13,BOU_MMI.csv
1993-02-01,lending_rate,25.05,BOU_MMI.csv
1993-03-01,lending_rate,25.86,BOU_MMI.csv
1993-04-01,lending_rate,26.01,BOU_MMI.csv
1993-05-01,lending_rate,24.8,BOU_MMI.csv
1993-06-01,lending_rate,26.79,BOU_MMI.csv
1993-07-01,lending_rate,26.25,BOU_MMI.csv
1993-08-01,lending_rate,25.89,BOU_MMI.csv
1993-09-01,lending_rate,25.52,BOU_MMI.csv
1993-10-01,lending_rate,22.46,BOU_MMI.csv
1993-11-01,lending_rate,20.06,BOU_MMI.csv
1993-12-01,lending_rate,20.33,BOU_MMI.csv
1994-01-01,lending_rate,22.24,BOU_MMI.csv
1994-02-01,lending_rate,24.36,BOU_MMI.csv
1994-03-01,lending_rate,25.03,BOU_MMI.csv
1994-04-01,lending_rate,23.05,BOU_MMI.csv
1994-05-01,lending_rate,17.2,BOU_MMI.csv
1994-06-01,lending_rate,14.0,BOU_MMI.csv
1994-07-01,lending_rate,20.49,BOU_MMI.csv
1994-08-01,lending_rate,19.32,BOU_MMI.csv
1994-09-01,lending_rate,19.66,BOU_MMI.csv
1994-10-01,lending_rate,19.22,BOU_MMI.csv
1994-11-01,lending_rate,22.02,BOU_MMI.csv
1994-12-01,lending_rate,22.25,BOU_MMI.csv
1995-01-01,lending_rate,22.01,BOU_MMI.csv
1995-02-01,lending_rate,21.78,BOU_MMI.csv
1995-03-01,lending_rate,21.71,BOU_MMI.csv
1995-04-01,lending_rate,21.7,BOU_MMI.csv
1995-05-01,lending_rate,20.07,BOU_MMI.csv
1995-06-01,lending_rate,19.53,BOU_MMI.csv
1995-07-01,lending_rate,19.54,BOU_MMI.csv
1995-08-01,lending_rate,19.25,BOU_MMI.csv
1995-09-01,lending_rate,19.32,BOU_MMI.csv
1995-10-01,lending_rate,19.12,BOU_MMI.csv
1995-11-01,lending_rate,19.02,BOU_MMI.csv
1995-12-01,lending_rate,18.9,BOU_MMI.csv
1996-01-01,lending_rate,19.3623397709793,BOU_MMI.csv
1996-02-01,lending_rate,19.4313675643355,BOU_MMI.csv
1996-03-01,lending_rate,19.2772744889061,BOU_MMI.csv
1996-04-01,lending_rate,19.9419677024338,BOU_MMI.csv
1996-05-01,lending_rate,20.2628862237741,BOU_MMI.csv
1996-06-01,lending_rate,20.774264198521,BOU_MMI.csv
1996-07-01,lending_rate,20.4638351847319,BOU_MMI.csv
1996-08-01,lending_rate,20.8071197652356,BOU_MMI.csv
1996-09-01,lending_rate,20.6283563125544,BOU_MMI.csv
1996-10-01,lending_rate,20.7711358262619,BOU_MMI.csv
1996-11-01,lending_rate,20.7016274992106,BOU_MMI.csv
1996-12-01,lending_rate,21.1690111519816,BOU_MMI.csv
1997-01-01,lending_rate,21.1570962018343,BOU_MMI.csv
1997-02-01,lending_rate,21.2825480465597,BOU_MMI.csv
1997-03-01,lending_rate,21.3381619210638,BOU_MMI.csv
1997-04-01,lending_rate,21.4268082057798,BOU_MMI.csv
1997-05-01,lending_rate,21.4417501457997,BOU_MMI.csv
1997-06-01,lending_rate,21.703939616709,BOU_MMI.csv
1997-07-01,lending_rate,21.9695540908061,BOU_MMI.csv
1997-08-01,lending_rate,21.9641346939721,BOU_MMI.csv
1997-09-01,lending_rate,21.0762689869592,BOU_MMI.csv
1997-10-01,lending_rate,20.9765685055852,BOU_MMI.csv
1997-11-01,lending_rate,20.9435329959064,BOU_MMI.csv
1997-12-01,lending_rate,21.1660325349715,BOU_MMI.csv
1998-01-01,lending_rate,21.3604318281625,BOU_MMI.csv
1998-02-01,lending_rate,21.3270474704553,BOU_MMI.csv
1998-03-01,lending_rate,21.2547452968576,BOU_MMI.csv
1998-04-01,lending_rate,21.5142558993547,BOU_MMI.csv
1998-05-01,lending_rate,21.4074607143504,BOU_MMI.csv
1998-06-01,lending_rate,21.4775597,BOU_MMI.csv
1998-07-01,lending_rate,21.3123029,BOU_MMI.csv
1998-08-01,lending_rate,20.0165576,BOU_MMI.csv
1998-09-01,lending_rate,19.333,BOU_MMI.csv
1998-10-01,lending_rate,20.36,BOU_MMI.csv
1998-11-01,lending_rate,20.74,BOU_MMI.csv
1998-12-01,lending_rate,20.24,BOU_MMI.csv
1999-01-01,lending_rate,20.72,BOU_MMI.csv
1999-02-01,lending_rate,20.75,BOU_MMI.csv
1999-03-01,lending_rate,24.11,BOU_MMI.csv
1999-04-01,lending_rate,21.0,BOU_MMI.csv
1999-05-01,lending_rate,22.27,BOU_MMI.csv
1999-06-01,lending_rate,22.96,BOU_MMI.csv
1999-07-01,lending_rate,22.87,BOU_MMI.csv
1999-08-01,lending_rate,21.2,BOU_MMI.csv
1999-09-01,lending_rate,20.18,BOU_MMI.csv
1999-10-01,lending_rate,20.38,BOU_MMI.csv
1999-11-01,lending_rate,22.68,BOU_MMI.csv
1999-12-01,lending_rate,19.47,BOU_MMI.csv
2000-01-01,lending_rate,21.51,BOU_MMI.csv
2000-02-01,lending_rate,21.76,BOU_MMI.csv
2000-03-01,lending_rate,20.82,BOU_MMI.csv
2000-04-01,lending_rate,21.2285,BOU_MMI.csv
2000-05-01,lending_rate,23.3029,BOU_MMI.csv
2000-06-01,lending_rate,21.9099,BOU_MMI.csv
2000-07-01,lending_rate,23.96719,BOU_MMI.csv
2000-08-01,lending_rate,24.17,BOU_MMI.csv
2000-09-01,lending_rate,24.03,BOU_MMI.csv
2000-10-01,lending_rate,24.17,BOU_MMI.csv
2000-11-01,lending_rate,23.02,BOU_MMI.csv
2000-12-01,lending_rate,25.1491810068149,BOU_MMI.csv
2001-01-01,lending_rate,25.4946861116676,BOU_MMI.csv
2001-02-01,lending_rate,26.28,BOU_MMI.csv
2001-03-01,lending_rate,25.55,BOU_MMI.csv
2001-04-01,lending_rate,23.22,BOU_MMI.csv
2001-05-01,lending_rate,23.59,BOU_MMI.csv
2001-06-01,lending_rate,21.74,BOU_MMI.csv
2001-07-01,lending_rate,19.1354815251574,BOU_MMI.csv
2001-08-01,lending_rate,21.0514004652557,BOU_MMI.csv
2001-09-01,lending_rate,22.9709208487243,BOU_MMI.csv
2001-10-01,lending_rate,21.39,BOU_MMI.csv
2001-11-01,lending_rate,19.91,BOU_MMI.csv
2001-12-01,lending_rate,21.5277323344924,BOU_MMI.csv
2002-01-01,lending_rate,19.3538401217623,BOU_MMI.csv
2002-02-01,lending_rate,21.4332444871875,BOU_MMI.csv
2002-03-01,lending_rate,20.2673826298313,BOU_MMI.csv
2002-04-01,lending_rate,19.81,BOU_MMI.csv
2002-05-01,lending_rate,18.02,BOU_MMI.csv
2002-06-01,lending_rate,17.57,BOU_MMI.csv
2002-07-01,lending_rate,20.889,BOU_MMI.csv
2002-08-01,lending_rate,18.29971629773,BOU_MMI.csv
2002-09-01,lending_rate,20.1568617248848,BOU_MMI.csv
2002-10-01,lending_rate,17.144,BOU_MMI.csv
2002-11-01,lending_rate,17.756,BOU_MMI.csv
2002-12-01,lending_rate,18.467,BOU_MMI.csv
2003-01-01,lending_rate,17.909,BOU_MMI.csv
2003-02-01,lending_rate,17.6667110632616,BOU_MMI.csv
2003-03-01,lending_rate,17.6047834158409,BOU_MMI.csv
2003-04-01,lending_rate,17.93,BOU_MMI.csv
2003-05-01,lending_rate,19.5535838670665,BOU_MMI.csv
2003-06-01,lending_rate,18.34,BOU_MMI.csv
2003-07-01,lending_rate,19.518,BOU_MMI.csv
2003-08-01,lending_rate,22.4331660769865,BOU_MMI.csv
2003-09-01,lending_rate,18.4186973155597,BOU_MMI.csv
2003-10-01,lending_rate,16.8947186920869,BOU_MMI.csv
2003-11-01,lending_rate,20.5479626822489,BOU_MMI.csv
2003-12-01,lending_rate,21.4327821686555,BOU_MMI.csv
2004-01-01,lending_rate,23.241358051211,BOU_MMI.csv
2004-02-01,lending_rate,23.2637265449913,BOU_MMI.csv
2004-03-01,lending_rate,22.123200869894,BOU_MMI.csv
2004-04-01,lending_rate,19.7662150735204,BOU_MMI.csv
2004-05-01,lending_rate,20.7954418867469,BOU_MMI.csv
2004-06-01,lending_rate,20.8848629654527,BOU_MMI.csv
2004-07-01,lending_rate,19.9202434312787,BOU_MMI.csv
2004-08-01,lending_rate,20.2005608075147,BOU_MMI.csv
2004-09-01,lending_rate,19.55155692147,BOU_MMI.csv
2004-10-01,lending_rate,19.7295374284388,BOU_MMI.csv
2004-11-01,lending_rate,21.3364769262504,BOU_MMI.csv
2004-12-01,lending_rate,18.7966048631899,BOU_MMI.csv
2005-01-01,lending_rate,19.36,BOU_MMI.csv
2005-02-01,lending_rate,20.36,BOU_MMI.csv
2005-03-01,lending_rate,20.63,BOU_MMI.csv
2005-04-01,lending_rate,20.78,BOU_MMI.csv
2005-05-01,lending_rate,19.42,BOU_MMI.csv
2005-06-01,lending_rate,18.07,BOU_MMI.csv
2005-07-01,lending_rate,19.557,BOU_MMI.csv
2005-08-01,lending_rate,20.611,BOU_MMI.csv
2005-09-01,lending_rate,19.176,BOU_MMI.csv
2005-10-01,lending_rate,19.59,BOU_MMI.csv
2005-11-01,lending_rate,18.79,BOU_MMI.csv
2005-12-01,lending_rate,19.37,BOU_MMI.csv
2006-01-01,lending_rate,19.74,BOU_MMI.csv
2006-02-01,lending_rate,19.18,BOU_MMI.csv
2006-03-01,lending_rate,18.86,BOU_MMI.csv
2006-04-01,lending_rate,18.733,BOU_MMI.csv
2006-05-01,lending_rate,18.23,BOU_MMI.csv
2006-06-01,lending_rate,18.5987214813787,BOU_MMI.csv
2006-07-01,lending_rate,18.2100893713232,BOU_MMI.csv
2006-08-01,lending_rate,18.174,BOU_MMI.csv
2006-09-01,lending_rate,19.176,BOU_MMI.csv
2006-10-01,lending_rate,18.671,BOU_MMI.csv
2006-11-01,lending_rate,17.8907142275962,BOU_MMI.csv
2006-12-01,lending_rate,18.9087892923582,BOU_MMI.csv
2007-01-01,lending_rate,18.9253279104779,BOU_MMI.csv
2007-02-01,lending_rate,18.826363578196,BOU_MMI.csv
2007-03-01,lending_rate,19.1662175684321,BOU_MMI.csv
2007-04-01,lending_rate,18.8505278736593,BOU_MMI.csv
2007-05-01,lending_rate,19.6988652551042,BOU_MMI.csv
2007-06-01,lending_rate,19.384,BOU_MMI.csv
2007-07-01,lending_rate,19.411564896307,BOU_MMI.csv
2007-08-01,lending_rate,19.6753840478646,BOU_MMI.csv
2007-09-01,lending_rate,18.9787380609737,BOU_MMI.csv
2007-10-01,lending_rate,19.8593656569218,BOU_MMI.csv
2007-11-01,lending_rate,18.2882546652236,BOU_MMI.csv
2007-12-01,lending_rate,18.204864102881,BOU_MMI.csv
2008-01-01,lending_rate,19.4,BOU_MMI.csv
2008-02-01,lending_rate,19.48,BOU_MMI.csv
2008-03-01,lending_rate,20.084,BOU_MMI.csv
2008-04-01,lending_rate,21.219,BOU_MMI.csv
2008-05-01,lending_rate,19.92,BOU_MMI.csv
2008-06-01,lending_rate,20.1796276413635,BOU_MMI.csv
2008-07-01,lending_rate,22.0077140097903,BOU_MMI.csv
2008-08-01,lending_rate,23.3385473503078,BOU_MMI.csv
2008-09-01,lending_rate,21.2282707375152,BOU_MMI.csv
2008-10-01,lending_rate,20.1636334230794,BOU_MMI.csv
2008-11-01,lending_rate,19.38,BOU_MMI.csv
2008-12-01,lending_rate,19.0,BOU_MMI.csv
2009-01-01,lending_rate,18.9237758794523,BOU_MMI.csv
2009-02-01,lending_rate,20.6979807807587,BOU_MMI.csv
2009-03-01,lending_rate,20.9702774066981,BOU_MMI.csv
2009-04-01,lending_rate,21.4354955734237,BOU_MMI.csv
2009-05-01,lending_rate,22.1968248034371,BOU_MMI.csv
2009-06-01,lending_rate,21.7956698708985,BOU_MMI.csv
2009-07-01,lending_rate,21.0,BOU_MMI.csv
2009-08-01,lending_rate,21.7539071468318,BOU_MMI.csv
2009-09-01,lending_rate,20.69,BOU_MMI.csv
2009-10-01,lending_rate,20.4177052611617,BOU_MMI.csv
2009-11-01,lending_rate,21.5742090591037,BOU_MMI.csv
2009-12-01,lending_rate,20.0061435953712,BOU_MMI.csv
2010-01-01,lending_rate,19.5712138971581,BOU_MMI.csv
2010-02-01,lending_rate,20.1934950746309,BOU_MMI.csv
2010-03-01,lending_rate,21.1287540314364,BOU_MMI.csv
2010-04-01,lending_rate,21.95318720375,BOU_MMI.csv
2010-05-01,lending_rate,20.6124452305987,BOU_MMI.csv
2010-06-01,lending_rate,20.0651767003077,BOU_MMI.csv
2010-07-01,lending_rate,19.5666395661505,BOU_MMI.csv
2010-08-01,lending_rate,20.3203259741641,BOU_MMI.csv
2010-09-01,lending_rate,18.8191232190694,BOU_MMI.csv
2010-10-01,lending_rate,20.0070897163189,BOU_MMI.csv
2010-11-01,lending_rate,20.1436272046866,BOU_MMI.csv
2010-12-01,lending_rate,19.714483692957,BOU_MMI.csv
2011-01-01,lending_rate,20.09,BOU_MMI.csv
2011-02-01,lending_rate,19.5774004426404,BOU_MMI.csv
2011-03-01,lending_rate,19.9651823853528,BOU_MMI.csv
2011-04-01,lending_rate,19.9719371180576,BOU_MMI.csv
2011-05-01,lending_rate,19.8672408086994,BOU_MMI.csv
2011-06-01,lending_rate,19.9368396336293,BOU_MMI.csv
2011-07-01,lending_rate,21.7245804579027,BOU_MMI.csv
2011-08-01,lending_rate,21.3075444993191,BOU_MMI.csv
2011-09-01,lending_rate,23.3359523961013,BOU_MMI.csv
2011-10-01,lending_rate,23.5495918160434,BOU_MMI.csv
2011-11-01,lending_rate,25.9679818584324,BOU_MMI.csv
2011-12-01,lending_rate,26.7055197010198,BOU_MMI.csv
2012-01-01,lending_rate,27.237894705117,BOU_MMI.csv
2012-02-01,lending_rate,26.9199039757476,BOU_MMI.csv
2012-03-01,lending_rate,27.5655091843762,BOU_MMI.csv
2012-04-01,lending_rate,26.1429960237743,BOU_MMI.csv
2012-05-01,lending_rate,26.6569806498912,BOU_MMI.csv
2012-06-01,lending_rate,27.0207042515861,BOU_MMI.csv
2012-07-01,lending_rate,26.8794773447707,BOU_MMI.csv
2012-08-01,lending_rate,26.4277726723914,BOU_MMI.csv
2012-09-01,lending_rate,25.6579667887168,BOU_MMI.csv
2012-10-01,lending_rate,23.5388274362171,BOU_MMI.csv
2012-11-01,lending_rate,23.7792622406711,BOU_MMI.csv
2012-12-01,lending_rate,24.9205447416324,BOU_MMI.csv
2013-01-01,lending_rate,24.0960643515367,BOU_MMI.csv
2013-02-01,lending_rate,24.3229985437882,BOU_MMI.csv
2013-03-01,lending_rate,24.0305179153044,BOU_MMI.csv
2013-04-01,lending_rate,24.6947160963886,BOU_MMI.csv
2013-05-01,lending_rate,23.4519863280217,BOU_MMI.csv
2013-06-01,lending_rate,22.7175118633896,BOU_MMI.csv
2013-07-01,lending_rate,23.145730723566,BOU_MMI.csv
2013-08-01,lending_rate,23.0957847812148,BOU_MMI.csv
2013-09-01,lending_rate,22.5152112149347,BOU_MMI.csv
2013-10-01,lending_rate,22.2232990091955,BOU_MMI.csv
2013-11-01,lending_rate,22.6980714028555,BOU_MMI.csv
2013-12-01,lending_rate,22.4350450453722,BOU_MMI.csv
2014-01-01,lending_rate,21.924662920088,BOU_MMI.csv
2014-02-01,lending_rate,20.8134222612181,BOU_MMI.csv
2014-03-01,lending_rate,21.8703234542479,BOU_MMI.csv
2014-04-01,lending_rate,21.7776609899996,BOU_MMI.csv
2014-05-01,lending_rate,21.8921819047354,BOU_MMI.csv
2014-06-01,lending_rate,21.5481028162378,BOU_MMI.csv
2014-07-01,lending_rate,21.5597927318759,BOU_MMI.csv
2014-08-01,lending_rate,21.7207206683614,BOU_MMI.csv
2014-09-01,lending_rate,21.1779232882472,BOU_MMI.csv
2014-10-01,lending_rate,21.9062402148964,BOU_MMI.csv
2014-11-01,lending_rate,22.1417565781373,BOU_MMI.csv
2014-12-01,lending_rate,20.6779344561068,BOU_MMI.csv
2015-01-01,lending_rate,21.6867684590963,BOU_MMI.csv
2015-02-01,lending_rate,20.82,BOU_MMI.csv
2015-03-01,lending_rate,20.0801326974771,BOU_MMI.csv
2015-04-01,lending_rate,22.1,BOU_MMI.csv
2015-05-01,lending_rate,22.7391753057081,BOU_MMI.csv
2015-06-01,lending_rate,22.34,BOU_MMI.csv
2015-07-01,lending_rate,21.76,BOU_MMI.csv
2015-08-01,lending_rate,23.5,BOU_MMI.csv
2015-09-01,lending_rate,23.25,BOU_MMI.csv
2015-10-01,lending_rate,23.9,BOU_MMI.csv
2015-11-01,lending_rate,24.45,BOU_MMI.csv
2015-12-01,lending_rate,24.59,BOU_MMI.csv
2016-01-01,lending_rate,24.29,BOU_MMI.csv
2016-02-01,lending_rate,25.22,BOU_MMI.csv
2016-03-01,lending_rate,24.37,BOU_MMI.csv
2016-04-01,lending_rate,24.23,BOU_MMI.csv
2016-05-01,lending_rate,24.48,BOU_MMI.csv
2016-06-01,lending_rate,23.54,BOU_MMI.csv
2016-07-01,lending_rate,23.9,BOU_MMI.csv
2016-08-01,lending_rate,24.29,BOU_MMI.csv
2016-09-01,lending_rate,23.7135914959542,BOU_MMI.csv
2016-10-01,lending_rate,22.81,BOU_MMI.csv
2016-11-01,lending_rate,23.07,BOU_MMI.csv
2016-12-01,lending_rate,22.72,BOU_MMI.csv
2017-01-01,lending_rate,22.37,BOU_MMI.csv
2017-02-01,lending_rate,23.1273568441806,BOU_MMI.csv
2017-03-01,lending_rate,22.45,BOU_MMI.csv
2017-04-01,lending_rate,20.52,BOU_MMI.csv
2017-05-01,lending_rate,21.04,BOU_MMI.csv
2017-06-01,lending_rate,21.11,BOU_MMI.csv
2017-07-01,lending_rate,20.88,BOU_MMI.csv
2017-08-01,lending_rate,22.29,BOU_MMI.csv
2017-09-01,lending_rate,20.89,BOU_MMI.csv
2017-10-01,lending_rate,18.97,BOU_MMI.csv
2017-11-01,lending_rate,21.42,BOU_MMI.csv
2017-12-01,lending_rate,20.276701023335,BOU_MMI.csv
2018-01-01,lending_rate,20.2573268024728,BOU_MMI.csv
2018-02-01,lending_rate,21.1035262097449,BOU_MMI.csv
2018-03-01,lending_rate,20.1018827701149,BOU_MMI.csv
2018-04-01,lending_rate,20.034877234095,BOU_MMI.csv
2018-05-01,lending_rate,20.1999073716358,BOU_MMI.csv
2018-06-01,lending_rate,17.683715187874,BOU_MMI.csv
2018-07-01,lending_rate,19.17,BOU_MMI.csv
2018-08-01,lending_rate,19.03,BOU_MMI.csv
2018-09-01,lending_rate,19.56,BOU_MMI.csv
2018-10-01,lending_rate,20.3713441887711,BOU_MMI.csv
2018-11-01,lending_rate,20.5096932845887,BOU_MMI.csv
2018-12-01,lending_rate,20.1477551090464,BOU_MMI.csv
2019-01-01,lending_rate,21.3984700795888,BOU_MMI.csv
2019-02-01,lending_rate,21.1052143002769,BOU_MMI.csv
2019-03-01,lending_rate,19.6053445259492,BOU_MMI.csv
2019-04-01,lending_rate,19.7906989423451,BOU_MMI.csv
2019-05-01,lending_rate,19.6312875341174,BOU_MMI.csv
2019-06-01,lending_rate,19.0216093138992,BOU_MMI.csv
2019-07-01,lending_rate,21.4359983055731,BOU_MMI.csv
2019-08-01,lending_rate,20.227302712304,BOU_MMI.csv
2019-09-01,lending_rate,19.823623988352,BOU_MMI.csv
2019-10-01,lending_rate,19.8048609403963,BOU_MMI.csv
2019-11-01,lending_rate,18.3397265329228,BOU_MMI.csv
2019-12-01,lending_rate,18.8344591980902,BOU_MMI.csv
2020-01-01,lending_rate,19.8834273260785,BOU_MMI.csv
2020-02-01,lending_rate,19.12,BOU_MMI.csv
2020-03-01,lending_rate,17.78,BOU_MMI.csv
2020-04-01,lending_rate,17.73,BOU_MMI.csv
2020-05-01,lending_rate,18.84,BOU_MMI.csv
2020-06-01,lending_rate,19.2971441954946,BOU_MMI.csv
2020-07-01,lending_rate,20.9292024479297,BOU_MMI.csv
2020-08-01,lending_rate,19.8382721634667,BOU_MMI.csv
2020-09-01,lending_rate,19.9062974975883,BOU_MMI.csv
2020-10-01,lending_rate,19.2995093421278,BOU_MMI.csv
2020-11-01,lending_rate,19.6383111146535,BOU_MMI.csv
2020-12-01,lending_rate,17.1101860472377,BOU_MMI.csv
2021-01-01,lending_rate,17.3963201483861,BOU_MMI.csv
2021-02-01,lending_rate,19.8615200132269,BOU_MMI.csv
2021-03-01,lending_rate,18.76,BOU_MMI.csv
2021-04-01,lending_rate,18.1,BOU_MMI.csv
2021-05-01,lending_rate,19.55,BOU_MMI.csv
2021-06-01,lending_rate,17.0,BOU_MMI.csv
2021-07-01,lending_rate,16.276291253495,BOU_MMI.csv
2021-08-01,lending_rate,18.29,BOU_MMI.csv
2021-09-01,lending_rate,19.0474008665586,BOU_MMI.csv
2021-10-01,lending_rate,19.6552944030961,BOU_MMI.csv
2021-11-01,lending_rate,19.8703336625883,BOU_MMI.csv
2021-12-01,lending_rate,18.6034951497352,BOU_MMI.csv
2022-01-01,lending_rate,19.3983031503427,BOU_MMI.csv
2022-02-01,lending_rate,18.8365783640463,BOU_MMI.csv
2022-03-01,lending_rate,19.3501256323033,BOU_MMI.csv
2022-04-01,lending_rate,18.8408377284236,BOU_MMI.csv
2022-05-01,lending_rate,18.3201709512936,BOU_MMI.csv
2022-06-01,lending_rate,16.3293799369815,BOU_MMI.csv
2022-07-01,lending_rate,15.5313039825407,BOU_MMI.csv
2022-08-01,lending_rate,17.2864483883482,BOU_MMI.csv
2022-09-01,lending_rate,18.2353549472688,BOU_MMI.csv
2022-10-01,lending_rate,18.4165387517413,BOU_MMI.csv
2022-11-01,lending_rate,18.9784083347439,BOU_MMI.csv
2022-12-01,lending_rate,18.9064470461976,BOU_MMI.csv
2023-01-01,lending_rate,18.5400974430027,BOU_MMI.csv
2023-02-01,lending_rate,20.2362343638096,BOU_MMI.csv
2023-03-01,lending_rate,18.7584902721643,BOU_MMI.csv
2023-04-01,lending_rate,19.2651590800361,BOU_MMI.csv
2023-05-01,lending_rate,20.1394089070404,BOU_MMI.csv
2023-06-01,lending_rate,18.4082123018226,BOU_MMI.csv
2023-07-01,lending_rate,17.9498651177107,BOU_MMI.csv
2023-08-01,lending_rate,18.3985911813771,BOU_MMI.csv
2023-09-01,lending_rate,18.95,BOU_MMI.csv
2023-10-01,lending_rate,18.9,BOU_MMI.csv
2023-11-01,lending_rate,16.7856863531231,BOU_MMI.csv
2023-12-01,lending_rate,16.7016240400385,BOU_MMI.csv
2024-01-01,lending_rate,17.3248768728134,BOU_MMI.csv
2024-02-01,lending_rate,18.0870873137629,BOU_MMI.csv
2024-03-01,lending_rate,17.3360655545441,BOU_MMI.csv
2024-04-01,lending_rate,17.7356961711199,BOU_MMI.csv
2024-05-01,lending_rate,18.854354306528,BOU_MMI.csv
2024-06-01,lending_rate,17.6381432245516,BOU_MMI.csv
2024-07-01,lending_rate,17.7584983012056,BOU_MMI.csv
2024-08-01,lending_rate,19.0645263774834,BOU_MMI.csv
2024-09-01,lending_rate,18.8391962000317,BOU_MMI.csv
2024-10-01,lending_rate,19.4349578166566,BOU_MMI.csv
2024-11-01,lending_rate,18.0796980535332,BOU_MMI.csv
2024-12-01,lending_rate,17.3709694111586,BOU_MMI.csv
2025-01-01,lending_rate,16.4988057873297,BOU_MMI.csv
2025-02-01,lending_rate,18.7574811601536,BOU_MMI.csv
2025-03-01,lending_rate,17.7392016887777,BOU_MMI.csv
2025-04-01,lending_rate,16.63648067205,BOU_MMI.csv
2025-05-01,lending_rate,18.6391328290903,BOU_MMI.csv
2025-06-01,lending_rate,19.0740826628708,BOU_MMI.csv
2025-07-01,lending_rate,19.6460468113828,BOU_MMI.csv
2025-08-01,lending_rate,18.4642031057101,BOU_MMI.csv
2025-09-01,lending_rate,18.4496128874087,BOU_MMI.csv
2025-10-01,lending_rate,19.7050513710754,BOU_MMI.csv
2025-11-01,lending_rate,18.43,BOU_MMI.csv
2025-12-01,lending_rate,18.0015639290607,BOU_MMI.csv
2026-01-01,lending_rate,18.3328222154981,BOU_MMI.csv
2026-02-01,lending_rate,18.7258984321092,BOU_MMI.csv
2026-03-01,lending_rate,18.8926671383762,BOU_MMI.csv
2026-04-01,lending_rate,18.2593161371183,BOU_MMI.csv
2026-05-01,lending_rate,18.0040780216752,BOU_MMI.csv
2007-06-01,private_credit,1827083.161193,BOU_PSC.csv
2007-07-01,private_credit,1873641.94507468,BOU_PSC.csv
2007-08-01,private_credit,2012262.93300614,BOU_PSC.csv
2007-09-01,private_credit,2062219.69554525,BOU_PSC.csv
2007-10-01,private_credit,2116934.942815,BOU_PSC.csv
2007-11-01,private_credit,2158053.439473,BOU_PSC.csv
2007-12-01,private_credit,2233240.56005785,BOU_PSC.csv
2008-01-01,private_credit,2439527.451907,BOU_PSC.csv
2008-02-01,private_credit,2568803.50329405,BOU_PSC.csv
2008-03-01,private_credit,2600895.515713,BOU_PSC.csv
2008-04-01,private_credit,2720999.07119925,BOU_PSC.csv
2008-05-01,private_credit,2677894.99280543,BOU_PSC.csv
2008-06-01,private_credit,2746200.837036,BOU_PSC.csv
2008-07-01,private_credit,2955645.43942045,BOU_PSC.csv
2008-08-01,private_credit,3038535.17853,BOU_PSC.csv
2008-09-01,private_credit,3098862.81667854,BOU_PSC.csv
2008-10-01,private_credit,3243994.158312,BOU_PSC.csv
2008-11-01,private_credit,3325886.10471,BOU_PSC.csv
2008-12-01,private_credit,3456430.708587,BOU_PSC.csv
2009-01-01,private_credit,3480677.16724991,BOU_PSC.csv
2009-02-01,private_credit,3532854.67635017,BOU_PSC.csv
2009-03-01,private_credit,3644453.54434056,BOU_PSC.csv
2009-04-01,private_credit,3702324.41270508,BOU_PSC.csv
2009-05-01,private_credit,3681582.78801363,BOU_PSC.csv
2009-06-01,private_credit,3621693.21180184,BOU_PSC.csv
2009-07-01,private_credit,3714373.59669012,BOU_PSC.csv
2009-08-01,private_credit,3712958.61313162,BOU_PSC.csv
2009-09-01,private_credit,3738924.35583296,BOU_PSC.csv
2009-10-01,private_credit,3845812.47132107,BOU_PSC.csv
2009-11-01,private_credit,3921640.61721176,BOU_PSC.csv
2009-12-01,private_credit,4034867.49699255,BOU_PSC.csv
2010-01-01,private_credit,4073679.81959723,BOU_PSC.csv
2010-02-01,private_credit,4346575.7013333,BOU_PSC.csv
2010-03-01,private_credit,4418980.13724592,BOU_PSC.csv
2010-04-01,private_credit,4465642.26143239,BOU_PSC.csv
2010-05-01,private_credit,4623724.13960705,BOU_PSC.csv
2010-06-01,private_credit,4706263.6445069,BOU_PSC.csv
2010-07-01,private_credit,4823525.52380065,BOU_PSC.csv
2010-08-01,private_credit,4896738.6107467,BOU_PSC.csv
2010-09-01,private_credit,5006626.58488698,BOU_PSC.csv
2010-10-01,private_credit,5279345.80462754,BOU_PSC.csv
2010-11-01,private_credit,5460117.40463445,BOU_PSC.csv
2010-12-01,private_credit,5662710.72079872,BOU_PSC.csv
2011-01-01,private_credit,5757753.81689557,BOU_PSC.csv
2011-02-01,private_credit,5917115.67339647,BOU_PSC.csv
2011-03-01,private_credit,6041924.58011888,BOU_PSC.csv
2011-04-01,private_credit,6129959.26171737,BOU_PSC.csv
2011-05-01,private_credit,6362405.64723871,BOU_PSC.csv
2011-06-01,private_credit,6743881.61940575,BOU_PSC.csv
2011-07-01,private_credit,6788492.38065984,BOU_PSC.csv
2011-08-01,private_credit,7068420.83413321,BOU_PSC.csv
2011-09-01,private_credit,7313146.47394796,BOU_PSC.csv
2011-10-01,private_credit,7227585.54191648,BOU_PSC.csv
2011-11-01,private_credit,7318027.25852095,BOU_PSC.csv
2011-12-01,private_credit,7260781.99389275,BOU_PSC.csv
2012-01-01,private_credit,7133931.40429677,BOU_PSC.csv
2012-02-01,private_credit,7163288.00033594,BOU_PSC.csv
2012-03-01,private_credit,7379341.63966028,BOU_PSC.csv
2012-04-01,private_credit,7396922.95492386,BOU_PSC.csv
2012-05-01,private_credit,7416694.31582923,BOU_PSC.csv
2012-06-01,private_credit,7502823.77188435,BOU_PSC.csv
2012-07-01,private_credit,7482028.53569867,BOU_PSC.csv
2012-08-01,private_credit,7528273.36618008,BOU_PSC.csv
2012-09-01,private_credit,7628064.89931342,BOU_PSC.csv
2012-10-01,private_credit,7782964.73412995,BOU_PSC.csv
2012-11-01,private_credit,7962047.06509689,BOU_PSC.csv
2012-12-01,private_credit,8099389.52280889,BOU_PSC.csv
2013-01-01,private_credit,8105133.74969371,BOU_PSC.csv
2013-02-01,private_credit,8100504.53220516,BOU_PSC.csv
2013-03-01,private_credit,7976756.68366402,BOU_PSC.csv
2013-04-01,private_credit,7987789.15167214,BOU_PSC.csv
2013-05-01,private_credit,7937823.007844,BOU_PSC.csv
2013-06-01,private_credit,8003591.99357778,BOU_PSC.csv
2013-07-01,private_credit,8147279.64433312,BOU_PSC.csv
2013-08-01,private_credit,8245595.0659666,BOU_PSC.csv
2013-09-01,private_credit,8313471.46322106,BOU_PSC.csv
2013-10-01,private_credit,8467887.5563618,BOU_PSC.csv
2013-11-01,private_credit,8572144.62169683,BOU_PSC.csv
2013-12-01,private_credit,8634569.76986686,BOU_PSC.csv
2014-01-01,private_credit,8584226.65870854,BOU_PSC.csv
2014-02-01,private_credit,8672734.9902902,BOU_PSC.csv
2014-03-01,private_credit,8811298.87317447,BOU_PSC.csv
2014-04-01,private_credit,8836274.60361862,BOU_PSC.csv
2014-05-01,private_credit,9001764.50481188,BOU_PSC.csv
2014-06-01,private_credit,9130407.19423891,BOU_PSC.csv
2014-07-01,private_credit,9209510.36534519,BOU_PSC.csv
2014-08-01,private_credit,9312354.02989921,BOU_PSC.csv
2014-09-01,private_credit,9352927.87119971,BOU_PSC.csv
2014-10-01,private_credit,9511323.82450156,BOU_PSC.csv
2014-11-01,private_credit,9769661.04153243,BOU_PSC.csv
2014-12-01,private_credit,9851499.28552279,BOU_PSC.csv
2015-01-01,private_credit,10041766.4368523,BOU_PSC.csv
2015-02-01,private_credit,10078714.7382315,BOU_PSC.csv
2015-03-01,private_credit,10309155.2172567,BOU_PSC.csv
2015-04-01,private_credit,10332442.5126001,BOU_PSC.csv
2015-05-01,private_credit,10516123.6134342,BOU_PSC.csv
2015-06-01,private_credit,10974676.2757788,BOU_PSC.csv
2015-07-01,private_credit,11337802.4441266,BOU_PSC.csv
2015-08-01,private_credit,11605973.8615961,BOU_PSC.csv
2015-09-01,private_credit,11720260.7913257,BOU_PSC.csv
2015-10-01,private_credit,11543791.7359952,BOU_PSC.csv
2015-11-01,private_credit,11333346.49049,BOU_PSC.csv
2015-12-01,private_credit,11357099.2892838,BOU_PSC.csv
2016-01-01,private_credit,11436829.0610789,BOU_PSC.csv
2016-02-01,private_credit,11207784.0734218,BOU_PSC.csv
2016-03-01,private_credit,11207971.6791478,BOU_PSC.csv
2016-04-01,private_credit,11264518.9784789,BOU_PSC.csv
2016-05-01,private_credit,11314377.4092613,BOU_PSC.csv
2016-06-01,private_credit,11459084.998148,BOU_PSC.csv
2016-07-01,private_credit,11512277.6243088,BOU_PSC.csv
2016-08-01,private_credit,11505616.739328,BOU_PSC.csv
2016-09-01,private_credit,11593513.0751149,BOU_PSC.csv
2016-10-01,private_credit,11763758.6370317,BOU_PSC.csv
2016-11-01,private_credit,12184600.1563216,BOU_PSC.csv
2016-12-01,private_credit,12072675.7142981,BOU_PSC.csv
2017-01-01,private_credit,11961721.7326224,BOU_PSC.csv
2017-02-01,private_credit,11995983.202797,BOU_PSC.csv
2017-03-01,private_credit,11896989.0599049,BOU_PSC.csv
2017-04-01,private_credit,11972039.8674928,BOU_PSC.csv
2017-05-01,private_credit,11962177.817277,BOU_PSC.csv
2017-06-01,private_credit,12118306.4057984,BOU_PSC.csv
2017-07-01,private_credit,12166664.3634193,BOU_PSC.csv
2017-08-01,private_credit,12224328.3045191,BOU_PSC.csv
2017-09-01,private_credit,12350729.7763164,BOU_PSC.csv
2017-10-01,private_credit,12568192.3477558,BOU_PSC.csv
2017-11-01,private_credit,12579007.6008021,BOU_PSC.csv
2017-12-01,private_credit,12825119.8868611,BOU_PSC.csv
2018-01-01,private_credit,12654760.1712683,BOU_PSC.csv
2018-02-01,private_credit,12635712.4327097,BOU_PSC.csv
2018-03-01,private_credit,12827961.5873349,BOU_PSC.csv
2018-04-01,private_credit,12925983.3537793,BOU_PSC.csv
2018-05-01,private_credit,13032342.5963498,BOU_PSC.csv
2018-06-01,private_credit,13404625.2857106,BOU_PSC.csv
2018-07-01,private_credit,13379046.2036214,BOU_PSC.csv
2018-08-01,private_credit,13553529.4487902,BOU_PSC.csv
2018-09-01,private_credit,13891800.8277995,BOU_PSC.csv
2018-10-01,private_credit,13879805.0008377,BOU_PSC.csv
2018-11-01,private_credit,14099536.0693288,BOU_PSC.csv
2018-12-01,private_credit,14223650.7000663,BOU_PSC.csv
2019-01-01,private_credit,14069765.9825823,BOU_PSC.csv
2019-02-01,private_credit,14134956.5214484,BOU_PSC.csv
2019-03-01,private_credit,14535831.5637738,BOU_PSC.csv
2019-04-01,private_credit,14759921.454982,BOU_PSC.csv
2019-05-01,private_credit,14915278.8909739,BOU_PSC.csv
2019-06-01,private_credit,15092198.8265046,BOU_PSC.csv
2019-07-01,private_credit,15226259.1243972,BOU_PSC.csv
2019-08-01,private_credit,15357377.1987977,BOU_PSC.csv
2019-09-01,private_credit,15362938.1847365,BOU_PSC.csv
2019-10-01,private_credit,15498678.2863277,BOU_PSC.csv
2019-11-01,private_credit,15639443.9347934,BOU_PSC.csv
2019-12-01,private_credit,15927932.9627316,BOU_PSC.csv
2020-01-01,private_credit,15794675.4977727,BOU_PSC.csv
2020-02-01,private_credit,15735514.3091059,BOU_PSC.csv
2020-03-01,private_credit,15940636.1976612,BOU_PSC.csv
2020-04-01,private_credit,16230709.7697094,BOU_PSC.csv
2020-05-01,private_credit,16316371.6806885,BOU_PSC.csv
2020-06-01,private_credit,16981813.1979102,BOU_PSC.csv
2020-07-01,private_credit,16996574.400882,BOU_PSC.csv
2020-08-01,private_credit,16971374.3223835,BOU_PSC.csv
2020-09-01,private_credit,17221466.4911589,BOU_PSC.csv
2020-10-01,private_credit,17318604.2083637,BOU_PSC.csv
2020-11-01,private_credit,17460395.8602501,BOU_PSC.csv
2020-12-01,private_credit,17845398.002375,BOU_PSC.csv
2021-01-01,private_credit,17911522.9097398,BOU_PSC.csv
2021-02-01,private_credit,17896920.2541125,BOU_PSC.csv
2021-03-01,private_credit,17985051.1930386,BOU_PSC.csv
2021-04-01,private_credit,17829454.4806131,BOU_PSC.csv
2021-05-01,private_credit,17792173.6401406,BOU_PSC.csv
2021-06-01,private_credit,18187862.3404886,BOU_PSC.csv
2021-07-01,private_credit,18415818.306576,BOU_PSC.csv
2021-08-01,private_credit,18413737.9162818,BOU_PSC.csv
2021-09-01,private_credit,18445951.0154603,BOU_PSC.csv
2021-10-01,private_credit,18586068.0517527,BOU_PSC.csv
2021-11-01,private_credit,18733600.5176683,BOU_PSC.csv
2021-12-01,private_credit,18924093.5359506,BOU_PSC.csv
2022-01-01,private_credit,18936342.1803931,BOU_PSC.csv
2022-02-01,private_credit,19162787.7522499,BOU_PSC.csv
2022-03-01,private_credit,19083651.2385273,BOU_PSC.csv
2022-04-01,private_credit,19113886.8174181,BOU_PSC.csv
2022-05-01,private_credit,19525753.5059467,BOU_PSC.csv
2022-06-01,private_credit,19808713.3591588,BOU_PSC.csv
2022-07-01,private_credit,20041216.1256606,BOU_PSC.csv
2022-08-01,private_credit,20115914.5204316,BOU_PSC.csv
2022-09-01,private_credit,19615036.6873096,BOU_PSC.csv
2022-10-01,private_credit,19827361.7603426,BOU_PSC.csv
2022-11-01,private_credit,19886361.7998627,BOU_PSC.csv
2022-12-01,private_credit,20155565.9061799,BOU_PSC.csv
2023-01-01,private_credit,20144113.7457914,BOU_PSC.csv
2023-02-01,private_credit,20108541.4885156,BOU_PSC.csv
2023-03-01,private_credit,20401590.9552312,BOU_PSC.csv
2023-04-01,private_credit,20469720.950874,BOU_PSC.csv
2023-05-01,private_credit,20530483.2425939,BOU_PSC.csv
2023-06-01,private_credit,20407320.2695962,BOU_PSC.csv
2023-07-01,private_credit,20535401.2786881,BOU_PSC.csv
2023-08-01,private_credit,20841375.2225887,BOU_PSC.csv
2023-09-01,private_credit,21167442.7800147,BOU_PSC.csv
2023-10-01,private_credit,21091719.2010129,BOU_PSC.csv
2023-11-01,private_credit,21426459.0817447,BOU_PSC.csv
2023-12-01,private_credit,21703067.1020507,BOU_PSC.csv
2024-01-01,private_credit,21542676.2248319,BOU_PSC.csv
2024-02-01,private_credit,21741918.6326344,BOU_PSC.csv
2024-03-01,private_credit,21735858.4318734,BOU_PSC.csv
2024-04-01,private_credit,21537437.5449535,BOU_PSC.csv
2024-05-01,private_credit,21634924.0068222,BOU_PSC.csv
2024-06-01,private_credit,21905822.8385907,BOU_PSC.csv
2024-07-01,private_credit,22243072.2591738,BOU_PSC.csv
2024-08-01,private_credit,22284812.5730354,BOU_PSC.csv
2024-09-01,private_credit,22209111.650809,BOU_PSC.csv
2024-10-01,private_credit,22270867.1715564,BOU_PSC.csv
2024-11-01,private_credit,22845100.0214255,BOU_PSC.csv
2024-12-01,private_credit,22818964.5860496,BOU_PSC.csv
2025-01-01,private_credit,22880452.8309946,BOU_PSC.csv
2025-02-01,private_credit,23121377.1531718,BOU_PSC.csv
2025-03-01,private_credit,23305185.7756329,BOU_PSC.csv
2025-04-01,private_credit,23522040.9284511,BOU_PSC.csv
2025-05-01,private_credit,23536102.2720848,BOU_PSC.csv
2025-06-01,private_credit,23901935.152281,BOU_PSC.csv
2025-07-01,private_credit,23785741.685077,BOU_PSC.csv
2025-08-01,private_credit,24048232.9113105,BOU_PSC.csv
2025-09-01,private_credit,24287415.2829261,BOU_PSC.csv
2025-10-01,private_credit,24353162.917562,BOU_PSC.csv
2025-11-01,private_credit,25025454.9110226,BOU_PSC.csv
2025-12-01,private_credit,25346697.3665874,BOU_PSC.csv
2026-01-01,private_credit,25427943.490152,BOU_PSC.csv
2026-02-01,private_credit,25377039.8734541,BOU_PSC.csv
2026-03-01,private_credit,25940328.0652109,BOU_PSC.csv
2026-04-01,private_credit,26434337.1247288,BOU_PSC.csv
2026-05-01,private_credit,26715882.2345481,BOU_PSC.csv
